{
  "model_type": "RandomForestRegressor",
  "n_samples": 15000,
  "n_features": 8,
  "train_r2": 0.9538710637473362,
  "test_r2": 0.8235211707832136,
  "test_mse": 6.722893041190274,
  "test_rmse": 2.59285422675288,
  "test_mae": 1.6538249621326802,
  "cv_scores": [
    0.7828362882650296,
    0.7824105550626023,
    0.7978328542986646,
    0.8128850773325785,
    0.8023695587562177
  ],
  "cv_mean": 0.7956668667430186,
  "cv_std": 0.01171697829365257,
  "feature_importance": {
    "soil_moisture": 0.13687745212211183,
    "temperature": 0.10345656083570853,
    "humidity": 0.04574769553000843,
    "crop_type": 0.14865588595311935,
    "soil_type": 0.09030934830499629,
    "evapotranspiration": 0.2596337891023304,
    "rainfall_forecast": 0.1779209378752894,
    "plant_growth_stage": 0.037398330276435646
  },
  "trained_at": "2026-01-02T21:05:44.222086"
}