record_id,district_code,latitude,longitude,field_id,area_m2,crop_name,crop_type,season,agro_climatic_zone,soil_n,soil_p,soil_k,soil_ph,organic_carbon,soil_texture,soil_moisture_pct,groundwater_depth_m,avg_rainfall_mm,rainfall_mm,rainfall_30d_mm,rainfall_60d_mm,rainfall_effective_mm,avg_temp_c,temperature_avg_c,humidity_pct,et0_mm,kc_value,ndvi_mean,ndvi_max,ndvi_trend,ndvi_t1,ndvi_t2,ndvi_t3,ndvi_t4,ndvi_t5,ndvi_t6,evi_t1,evi_t2,ndwi_t1,ndwi_t2,sowing_day_of_year,growth_stage,irrigation_method,recommended_crop,yield_kg,water_required_m3,season_target,sowing_day_of_year_num
2852,UP021,26.0,83.72,FLD02852,13380,Sugarcane,Commercial,Year-round,Semi-Arid,288,40,212,6.7,0.52,Clay Loam,22,15.1,581,523,196,321,452,29.0,29.0,68,5.8,1.17,0.63,0.71,0.02,0.59,0.57,0.59,0.65,0.71,0.69,0.5,0.49,0.28,0.26,143,Grand growth,Drip,Sugarcane,72187,0,Kharif,143
2854,UP044,30.75,83.27,FLD02854,12288,Sugarcane,Commercial,Year-round,Mountain,307,33,238,7.6,0.93,Sandy,34,12.3,2121,1833,711,1128,1624,22.1,22.1,62,5.7,1.17,0.65,0.7,0.016,0.62,0.61,0.62,0.64,0.7,0.7,0.54,0.5,0.33,0.31,145,Grain filling,Drip,Sugarcane,65555,0,Kharif,145
2857,TN023,13.55,77.04,FLD02857,7281,Sugarcane,Commercial,Year-round,Sub-Humid,200,49,206,5.9,0.74,Sandy Clay,35,12.0,1087,926,286,611,816,28.1,28.1,76,6.6,1.17,0.63,0.69,0.024,0.57,0.59,0.61,0.67,0.66,0.69,0.5,0.49,0.34,0.33,165,Mature,Surface,Sugarcane,36633,0,Kharif,165
2860,PB029,29.35,81.26,FLD02860,15342,Sugarcane,Commercial,Year-round,Mountain,218,34,172,6.7,0.64,Loam,36,8.6,2337,1798,798,1127,1538,16.3,16.3,74,5.8,1.17,0.63,0.71,0.026,0.58,0.6,0.59,0.64,0.69,0.71,0.5,0.5,0.33,0.31,157,Fruiting,Sprinkler,Sugarcane,77468,0,Kharif,157
2862,GJ028,25.4,81.58,FLD02862,9005,Sugarcane,Commercial,Year-round,Mountain,252,28,176,7.4,0.72,Sandy Clay,32,10.0,3207,2447,941,1937,2104,19.6,19.6,82,5.6,1.17,0.64,0.69,0.018,0.6,0.6,0.6,0.66,0.68,0.69,0.5,0.52,0.34,0.29,140,Tillering,Sprinkler,Sugarcane,42004,0,Kharif,140
2864,MH023,13.99,77.37,FLD02864,11998,Sugarcane,Commercial,Year-round,Semi-Arid,232,50,223,7.3,0.89,Sandy Loam,29,16.5,819,694,241,527,647,28.7,28.7,63,7.0,1.17,0.64,0.69,0.022,0.57,0.61,0.65,0.69,0.66,0.68,0.48,0.51,0.3,0.3,149,Reproductive,Drip,Sugarcane,65586,0,Kharif,149
2869,KA026,25.09,71.48,FLD02869,9239,Sugarcane,Commercial,Year-round,Semi-Arid,258,44,205,7.2,0.83,Clay Loam,28,10.5,620,474,161,363,428,30.0,30.0,62,6.4,1.17,0.63,0.68,0.02,0.58,0.57,0.62,0.65,0.67,0.68,0.5,0.49,0.28,0.27,160,Grand growth,Drip,Sugarcane,48933,0,Kharif,160
2872,HR034,19.43,78.97,FLD02872,6128,Sugarcane,Commercial,Year-round,Semi-Arid,303,37,173,6.6,0.55,Sandy Loam,35,17.7,625,562,243,346,520,31.4,31.4,60,6.1,1.17,0.63,0.68,0.018,0.59,0.57,0.62,0.64,0.66,0.68,0.49,0.47,0.29,0.3,158,Nut development,Drip,Sugarcane,33562,0,Kharif,158
2873,MH030,10.66,87.32,FLD02873,7404,Sugarcane,Commercial,Year-round,Humid,184,39,195,6.3,0.58,Laterite,24,9.9,2831,2252,889,1736,2030,28.3,28.3,85,6.3,1.17,0.65,0.71,0.028,0.57,0.62,0.63,0.64,0.7,0.71,0.5,0.52,0.28,0.25,166,Boll formation,Drip,Sugarcane,35897,0,Kharif,166
2878,TN050,28.69,79.87,FLD02878,9946,Sugarcane,Commercial,Year-round,Mountain,196,33,185,7.2,0.7,Clay,38,7.2,1146,965,317,707,823,19.9,19.9,80,6.4,1.17,0.65,0.71,0.012,0.6,0.6,0.64,0.67,0.71,0.66,0.52,0.51,0.27,0.3,169,Rhizome development,Sprinkler,Sugarcane,47888,0,Kharif,169
2880,GJ021,29.44,71.19,FLD02880,19787,Sugarcane,Commercial,Year-round,Semi-Arid,269,50,176,6.7,0.67,Sandy Loam,20,16.7,769,640,214,402,560,29.2,29.2,60,7.1,1.17,0.63,0.69,0.018,0.6,0.59,0.59,0.66,0.67,0.69,0.49,0.49,0.29,0.34,152,Mature,Drip,Sugarcane,97555,0,Kharif,152
2885,UP045,25.7,82.71,FLD02885,8643,Sugarcane,Commercial,Year-round,Humid,319,52,206,7.6,0.83,Loam,27,7.3,1888,1641,554,1075,1530,27.8,27.8,77,7.1,1.17,0.65,0.71,0.02,0.61,0.6,0.65,0.68,0.66,0.71,0.54,0.53,0.31,0.3,144,Grain filling,Sprinkler,Sugarcane,45552,0,Kharif,144
2886,TN030,17.85,86.83,FLD02886,13571,Sugarcane,Commercial,Year-round,Plateau,191,35,195,7.4,0.69,Sandy Clay,35,13.1,1119,1056,344,674,919,27.4,27.4,62,5.7,1.17,0.64,0.7,0.02,0.59,0.62,0.59,0.67,0.7,0.69,0.49,0.52,0.29,0.28,145,Flowering,Surface,Sugarcane,63603,0,Kharif,145
2887,GJ026,19.22,87.79,FLD02887,7635,Sugarcane,Commercial,Year-round,Semi-Arid,186,37,174,6.0,0.77,Laterite,38,17.1,714,656,201,423,593,30.5,30.5,61,6.9,1.17,0.64,0.7,0.012,0.61,0.58,0.64,0.64,0.7,0.67,0.52,0.48,0.27,0.32,151,Tuber bulking,Sprinkler,Sugarcane,35988,0,Kharif,151
2890,MP036,18.23,82.84,FLD02890,9719,Sugarcane,Commercial,Year-round,Sub-Humid,195,39,206,7.3,0.82,Sandy Loam,30,11.5,990,897,312,546,804,27.6,27.6,75,6.4,1.17,0.64,0.7,0.024,0.57,0.61,0.63,0.64,0.7,0.69,0.49,0.52,0.31,0.29,147,Nut development,Drip,Sugarcane,47327,0,Kharif,147
2894,PB032,28.44,76.16,FLD02894,11589,Sugarcane,Commercial,Year-round,Sub-Humid,193,44,199,6.7,0.55,Laterite,24,8.8,1079,996,306,745,867,28.2,28.2,73,6.2,1.17,0.62,0.67,0.018,0.57,0.6,0.59,0.66,0.67,0.66,0.5,0.52,0.33,0.25,158,Grand growth,Sprinkler,Sugarcane,53995,0,Kharif,158
2896,MH019,16.8,85.97,FLD02896,14392,Sugarcane,Commercial,Year-round,Coastal,190,29,204,7.3,0.63,Laterite,37,6.7,2701,2275,1005,1469,2144,28.2,28.2,77,6.8,1.17,0.64,0.71,0.03,0.56,0.59,0.62,0.67,0.7,0.71,0.47,0.52,0.34,0.33,162,Flowering,Drip,Sugarcane,77726,0,Kharif,162
2898,TN022,19.56,80.05,FLD02898,12413,Sugarcane,Commercial,Year-round,Sub-Humid,247,44,219,6.6,0.91,Sandy,29,11.9,1010,918,320,576,853,29.0,29.0,70,6.0,1.17,0.65,0.71,0.014,0.62,0.61,0.65,0.65,0.71,0.69,0.53,0.51,0.32,0.27,161,Mature,Drip,Sugarcane,65242,0,Kharif,161
2899,UP036,11.69,75.61,FLD02899,16348,Sugarcane,Commercial,Year-round,Coastal,233,46,194,6.6,0.52,Loam,26,8.6,1848,1445,608,1032,1335,30.7,30.7,77,6.4,1.17,0.64,0.69,0.024,0.57,0.59,0.64,0.65,0.67,0.69,0.48,0.52,0.34,0.3,140,Tuber development,Sprinkler,Sugarcane,88600,0,Kharif,140
2901,UP037,11.37,71.16,FLD02901,8329,Sugarcane,Commercial,Year-round,Sub-Humid,230,42,216,6.6,0.75,Loam,32,10.7,1029,821,257,614,751,29.1,29.1,73,5.9,1.17,0.64,0.71,0.016,0.61,0.57,0.59,0.69,0.71,0.69,0.51,0.5,0.28,0.26,151,Grand growth,Drip,Sugarcane,46458,0,Kharif,151
2902,AP040,16.24,70.05,FLD02902,7785,Sugarcane,Commercial,Year-round,Sub-Humid,237,51,228,7.5,0.97,Sandy Clay,28,12.5,1188,1086,366,657,991,29.6,29.6,68,7.0,1.17,0.64,0.7,0.026,0.57,0.58,0.64,0.69,0.69,0.7,0.49,0.5,0.26,0.33,152,Tuber bulking,Surface,Sugarcane,46199,0,Kharif,152
2904,MH020,18.16,73.89,FLD02904,13725,Sugarcane,Commercial,Year-round,Semi-Arid,295,41,227,7.5,0.73,Sandy Clay,27,14.9,543,461,186,325,420,31.0,31.0,67,5.6,1.17,0.63,0.7,0.024,0.56,0.6,0.62,0.64,0.7,0.68,0.48,0.52,0.26,0.29,162,Reproductive,Sprinkler,Sugarcane,79351,0,Kharif,162
2905,TN048,12.52,82.79,FLD02905,10823,Sugarcane,Commercial,Year-round,Humid,192,35,198,6.6,0.78,Sandy Loam,25,7.5,2362,2216,793,1663,1907,25.5,25.5,76,6.8,1.17,0.65,0.71,0.022,0.6,0.6,0.63,0.68,0.69,0.71,0.5,0.5,0.34,0.31,156,Pod formation,Sprinkler,Sugarcane,53857,0,Kharif,156
2907,HR015,17.8,81.61,FLD02907,12440,Sugarcane,Commercial,Year-round,Sub-Humid,180,30,197,7.6,0.88,Clay,23,8.3,1085,837,347,597,770,28.8,28.8,69,5.9,1.17,0.65,0.69,0.016,0.61,0.61,0.62,0.68,0.67,0.69,0.51,0.54,0.32,0.27,168,Boll formation,Sprinkler,Sugarcane,65119,0,Kharif,168
2908,MH041,30.24,81.61,FLD02908,16233,Sugarcane,Commercial,Year-round,Mountain,290,52,210,6.8,0.84,Laterite,24,9.3,3174,2599,957,1963,2404,24.1,24.1,79,5.5,1.17,0.64,0.7,0.02,0.57,0.6,0.63,0.64,0.7,0.67,0.47,0.5,0.34,0.26,151,Tuber development,Surface,Sugarcane,92985,0,Kharif,151
2909,RJ031,23.53,74.15,FLD02909,12762,Sugarcane,Commercial,Year-round,Sub-Humid,245,51,230,7.6,0.64,Laterite,33,10.4,971,872,340,649,773,27.0,27.0,68,5.8,1.17,0.65,0.7,0.024,0.57,0.61,0.64,0.68,0.7,0.69,0.47,0.51,0.27,0.32,144,Bulbing,Surface,Sugarcane,66343,0,Kharif,144
2911,HR002,25.89,70.4,FLD02911,6616,Sugarcane,Commercial,Year-round,Sub-Humid,232,45,230,7.4,0.7,Clay,22,11.1,1008,849,375,540,784,29.6,29.6,74,5.7,1.17,0.64,0.67,0.012,0.6,0.62,0.62,0.67,0.67,0.66,0.52,0.54,0.31,0.3,161,Tuber bulking,Sprinkler,Sugarcane,38697,0,Kharif,161
2917,GJ023,10.66,89.6,FLD02917,7384,Sugarcane,Commercial,Year-round,Arid,273,29,174,6.0,0.8,Sandy Clay,25,16.4,461,417,171,284,395,36.0,36.0,57,5.6,1.17,0.65,0.7,0.018,0.6,0.61,0.63,0.69,0.7,0.69,0.49,0.51,0.32,0.3,155,Grain filling,Drip,Sugarcane,37313,0,Kharif,155
2919,MP026,29.71,71.57,FLD02919,11471,Sugarcane,Commercial,Year-round,Sub-Humid,202,33,240,7.4,0.91,Loam,23,9.1,863,745,299,506,704,29.6,29.6,76,6.5,1.17,0.64,0.67,0.008,0.62,0.6,0.64,0.64,0.67,0.66,0.52,0.52,0.32,0.3,150,Flush,Surface,Sugarcane,63058,0,Kharif,150
2920,KA024,17.26,73.31,FLD02920,10536,Sugarcane,Commercial,Year-round,Plateau,301,37,184,7.0,0.57,Laterite,38,8.6,850,772,303,476,696,26.5,26.5,69,6.8,1.17,0.64,0.68,0.016,0.59,0.62,0.61,0.65,0.68,0.67,0.5,0.51,0.26,0.32,166,Boll formation,Drip,Sugarcane,52222,0,Kharif,166
2923,MP048,8.12,79.64,FLD02923,10521,Sugarcane,Commercial,Year-round,Coastal,316,52,236,6.6,0.55,Laterite,31,8.2,1195,971,302,773,870,29.0,29.0,70,6.7,1.17,0.65,0.71,0.02,0.59,0.6,0.62,0.69,0.71,0.69,0.49,0.52,0.28,0.33,145,Tuber development,Sprinkler,Sugarcane,62634,0,Kharif,145
2925,PB029,22.1,70.03,FLD02925,14635,Sugarcane,Commercial,Year-round,Arid,317,40,226,6.1,0.88,Sandy Clay,31,19.5,385,341,142,259,298,30.1,30.1,50,6.9,1.17,0.64,0.71,0.024,0.58,0.58,0.61,0.66,0.71,0.7,0.5,0.48,0.34,0.28,147,Flowering,Sprinkler,Sugarcane,98498,0,Kharif,147
2926,KA016,16.72,74.2,FLD02926,16518,Sugarcane,Commercial,Year-round,Coastal,272,29,191,6.9,0.59,Sandy Clay,27,9.9,927,729,303,521,650,30.1,30.1,79,6.4,1.17,0.65,0.71,0.018,0.62,0.62,0.59,0.63,0.7,0.71,0.52,0.51,0.29,0.3,149,Bulbing,Sprinkler,Sugarcane,89534,0,Kharif,149
2930,KA043,28.65,78.39,FLD02930,10575,Sugarcane,Commercial,Year-round,Mountain,204,50,196,6.7,0.83,Laterite,25,12.9,1755,1515,656,971,1369,23.9,23.9,80,6.0,1.17,0.65,0.71,0.016,0.6,0.62,0.61,0.68,0.71,0.68,0.51,0.51,0.32,0.26,170,Tillering,Drip,Sugarcane,55309,0,Kharif,170
2931,GJ044,28.07,93.85,FLD02931,15134,Sugarcane,Commercial,Year-round,Mountain,309,44,188,6.4,0.94,Laterite,35,9.8,3173,2401,1030,1638,2066,17.7,17.7,64,6.3,1.17,0.65,0.7,0.008,0.62,0.6,0.61,0.68,0.7,0.66,0.52,0.51,0.24,0.34,162,Pod formation,Sprinkler,Sugarcane,77643,0,Kharif,162
2933,GJ009,24.76,79.04,FLD02933,16224,Sugarcane,Commercial,Year-round,Sub-Humid,206,44,227,6.9,0.86,Clay,30,9.5,939,794,259,569,694,29.8,29.8,75,6.0,1.17,0.64,0.68,0.02,0.57,0.6,0.64,0.68,0.67,0.67,0.48,0.52,0.31,0.24,150,Tuber development,Sprinkler,Sugarcane,86923,0,Kharif,150
2937,UP021,18.97,82.12,FLD02937,15068,Sugarcane,Commercial,Year-round,Humid,220,47,239,5.8,0.54,Sandy Clay,33,8.5,1619,1272,465,764,1195,25.5,25.5,85,6.3,1.17,0.65,0.7,0.014,0.61,0.6,0.62,0.69,0.7,0.68,0.51,0.5,0.3,0.3,155,Tuber development,Surface,Sugarcane,80697,0,Kharif,155
2938,UP029,23.48,79.9,FLD02938,13826,Sugarcane,Commercial,Year-round,Semi-Arid,195,51,202,5.9,0.87,Clay,25,13.2,827,654,235,477,576,28.5,28.5,63,6.1,1.17,0.63,0.69,0.016,0.61,0.58,0.59,0.66,0.66,0.69,0.54,0.51,0.24,0.29,165,Boll formation,Sprinkler,Sugarcane,70906,0,Kharif,165
2939,KA019,11.57,72.36,FLD02939,5726,Sugarcane,Commercial,Year-round,Coastal,197,29,214,6.1,0.94,Loam,33,10.3,1214,924,403,596,801,30.5,30.5,77,7.1,1.17,0.65,0.7,0.018,0.61,0.57,0.64,0.66,0.69,0.7,0.5,0.49,0.31,0.26,143,Bearing,Surface,Sugarcane,27584,0,Kharif,143
2941,TN036,18.79,72.43,FLD02941,11788,Sugarcane,Commercial,Year-round,Arid,204,52,212,6.0,0.87,Clay,28,20.9,485,449,189,288,382,32.9,32.9,45,6.6,1.17,0.63,0.69,0.018,0.57,0.61,0.59,0.69,0.68,0.66,0.49,0.52,0.32,0.25,155,Pod formation,Drip,Sugarcane,65007,0,Kharif,155
2943,GJ003,8.34,86.19,FLD02943,16609,Sugarcane,Commercial,Year-round,Coastal,207,30,191,6.7,0.74,Clay,30,7.7,2173,1891,716,1373,1623,29.2,29.2,72,5.6,1.17,0.65,0.71,0.022,0.58,0.62,0.64,0.68,0.71,0.69,0.5,0.53,0.33,0.24,163,Tillering,Sprinkler,Sugarcane,84121,0,Kharif,163
2944,UP004,20.09,78.72,FLD02944,7097,Sugarcane,Commercial,Year-round,Sub-Humid,223,52,234,6.4,0.65,Sandy Clay,22,10.5,972,829,329,541,727,28.7,28.7,69,7.0,1.17,0.63,0.69,0.024,0.56,0.61,0.61,0.64,0.69,0.68,0.48,0.53,0.34,0.33,142,Vegetative,Surface,Sugarcane,39296,0,Kharif,142
2948,PB007,25.94,73.86,FLD02948,13490,Sugarcane,Commercial,Year-round,Plateau,235,46,197,6.7,0.77,Sandy Clay,37,8.8,1152,954,309,600,899,31.5,31.5,70,5.7,1.17,0.64,0.69,0.012,0.61,0.61,0.64,0.64,0.69,0.67,0.5,0.53,0.33,0.33,141,Fruiting,Sprinkler,Sugarcane,72130,0,Kharif,141
2951,KA001,21.7,84.04,FLD02951,15715,Sugarcane,Commercial,Year-round,Plateau,208,29,232,6.1,0.82,Clay Loam,23,13.2,731,692,237,488,624,29.9,29.9,71,6.3,1.17,0.64,0.7,0.022,0.57,0.59,0.63,0.64,0.7,0.68,0.5,0.49,0.34,0.28,161,Bulbing,Surface,Sugarcane,86431,0,Kharif,161
2952,UP044,23.98,87.89,FLD02952,11745,Sugarcane,Commercial,Year-round,Arid,286,29,233,6.4,0.7,Laterite,36,15.8,269,214,73,145,193,33.1,33.1,58,5.6,1.17,0.65,0.71,0.026,0.58,0.58,0.62,0.68,0.71,0.71,0.49,0.51,0.25,0.34,164,Boll formation,Sprinkler,Sugarcane,87527,56,Kharif,164
2953,MH043,27.32,81.18,FLD02953,13734,Sugarcane,Commercial,Year-round,Humid,199,46,197,7.0,0.6,Sandy Clay,27,7.7,2713,2293,715,1720,2127,26.2,26.2,85,6.4,1.17,0.64,0.69,0.018,0.6,0.59,0.61,0.65,0.67,0.69,0.5,0.5,0.31,0.32,150,Tuber bulking,Drip,Sugarcane,76052,0,Kharif,150
2954,RJ049,28.33,85.27,FLD02954,14085,Sugarcane,Commercial,Year-round,Plateau,283,28,188,5.8,0.56,Loam,36,9.7,703,543,211,336,485,30.7,30.7,74,6.2,1.17,0.64,0.7,0.026,0.57,0.61,0.62,0.67,0.67,0.7,0.47,0.5,0.31,0.32,165,Reproductive,Surface,Sugarcane,71097,0,Kharif,165
2955,AP044,16.21,87.84,FLD02955,7298,Sugarcane,Commercial,Year-round,Coastal,183,46,192,7.1,0.83,Sandy Clay,21,6.4,858,743,250,465,695,30.9,30.9,72,5.6,1.17,0.64,0.69,0.012,0.6,0.59,0.63,0.69,0.68,0.66,0.5,0.51,0.33,0.32,143,Flowering,Surface,Sugarcane,36942,0,Kharif,143
2956,UP016,17.27,87.77,FLD02956,18496,Sugarcane,Commercial,Year-round,Semi-Arid,187,35,203,6.6,0.75,Loam,31,16.0,591,540,180,371,482,29.2,29.2,58,5.7,1.17,0.64,0.71,0.024,0.56,0.59,0.63,0.68,0.71,0.68,0.49,0.49,0.35,0.33,141,Tillering,Drip,Sugarcane,90546,0,Kharif,141
2960,HR011,13.38,71.58,FLD02960,5082,Sugarcane,Commercial,Year-round,Coastal,295,29,233,6.8,0.81,Clay,32,9.2,966,732,294,521,679,29.4,29.4,74,6.5,1.17,0.65,0.69,0.014,0.61,0.61,0.6,0.68,0.69,0.68,0.52,0.52,0.25,0.3,145,Flowering,Surface,Sugarcane,29471,0,Kharif,145
2962,GJ040,16.84,76.88,FLD02962,8441,Sugarcane,Commercial,Year-round,Semi-Arid,253,32,222,5.9,0.57,Sandy Clay,23,15.8,801,694,276,536,637,29.4,29.4,55,6.5,1.17,0.64,0.68,0.018,0.59,0.57,0.64,0.65,0.68,0.68,0.51,0.48,0.33,0.3,140,Tuber development,Drip,Sugarcane,47691,0,Kharif,140
2964,KA021,12.67,78.09,FLD02964,5179,Sugarcane,Commercial,Year-round,Arid,235,33,204,7.8,0.64,Loam,38,22.5,469,362,135,219,309,35.7,35.7,50,5.7,1.17,0.64,0.68,0.014,0.61,0.61,0.6,0.65,0.68,0.68,0.54,0.53,0.27,0.29,152,Tillering,Drip,Sugarcane,27752,0,Kharif,152
2965,GJ046,13.22,75.73,FLD02965,6217,Sugarcane,Commercial,Year-round,Arid,285,44,224,6.6,0.81,Laterite,36,22.3,256,220,94,169,203,34.8,34.8,53,6.7,1.17,0.62,0.69,0.026,0.56,0.57,0.63,0.64,0.66,0.69,0.47,0.49,0.35,0.28,153,Grand growth,Drip,Sugarcane,40670,222,Kharif,153
2966,RJ003,28.76,70.19,FLD02966,9498,Sugarcane,Commercial,Year-round,Plateau,236,31,206,7.2,0.55,Loam,28,9.8,849,675,286,479,623,30.6,30.6,69,5.8,1.17,0.64,0.69,0.014,0.62,0.58,0.6,0.66,0.67,0.69,0.53,0.49,0.32,0.3,153,Tillering,Surface,Sugarcane,45622,0,Kharif,153
2968,TN022,19.66,72.08,FLD02968,6712,Sugarcane,Commercial,Year-round,Coastal,310,34,207,6.1,0.97,Sandy Clay,36,6.9,1582,1434,558,888,1266,30.0,30.0,72,6.9,1.17,0.63,0.67,0.01,0.62,0.59,0.62,0.64,0.66,0.67,0.54,0.5,0.25,0.31,160,Nut development,Drip,Sugarcane,37986,0,Kharif,160
2970,MP042,15.25,68.52,FLD02970,8552,Sugarcane,Commercial,Year-round,Coastal,262,31,180,7.7,0.6,Sandy Loam,34,11.5,1342,1168,462,709,1003,30.7,30.7,82,7.1,1.17,0.64,0.7,0.022,0.59,0.61,0.63,0.66,0.66,0.7,0.49,0.51,0.34,0.26,145,Mature,Surface,Sugarcane,45494,0,Kharif,145
2973,RJ049,14.96,70.65,FLD02973,19677,Sugarcane,Commercial,Year-round,Arid,277,51,215,5.9,0.92,Clay Loam,25,22.2,302,281,113,219,239,30.6,30.6,53,6.4,1.17,0.63,0.7,0.018,0.58,0.62,0.59,0.64,0.7,0.67,0.51,0.55,0.26,0.29,160,Fruiting,Drip,Sugarcane,152285,0,Kharif,160
2974,AP018,17.01,72.98,FLD02974,7455,Sugarcane,Commercial,Year-round,Plateau,314,40,194,7.0,0.95,Clay,34,11.3,749,608,212,372,517,31.0,31.0,70,7.0,1.17,0.63,0.68,0.02,0.58,0.59,0.63,0.64,0.68,0.68,0.5,0.49,0.3,0.33,143,Bulbing,Drip,Sugarcane,39561,0,Kharif,143
2976,GJ048,28.31,73.9,FLD02976,18018,Sugarcane,Commercial,Year-round,Sub-Humid,280,33,224,7.3,0.81,Clay Loam,31,11.9,958,848,353,591,804,28.3,28.3,70,5.9,1.17,0.63,0.69,0.022,0.57,0.59,0.63,0.64,0.69,0.68,0.47,0.49,0.32,0.34,152,Grand growth,Drip,Sugarcane,92471,0,Kharif,152
2979,TN024,26.14,80.91,FLD02979,16828,Sugarcane,Commercial,Year-round,Sub-Humid,294,44,237,6.3,0.87,Sandy,31,11.5,992,766,299,459,717,28.1,28.1,69,6.9,1.17,0.64,0.71,0.026,0.58,0.57,0.63,0.67,0.67,0.71,0.51,0.48,0.34,0.29,164,Grand growth,Sprinkler,Sugarcane,98340,0,Kharif,164
2980,UP049,29.26,88.67,FLD02980,19026,Sugarcane,Commercial,Year-round,Mountain,285,33,220,7.4,0.76,Sandy Clay,32,13.5,2251,1865,571,1152,1737,21.6,21.6,77,6.2,1.17,0.64,0.69,0.024,0.56,0.59,0.62,0.68,0.69,0.68,0.48,0.5,0.26,0.31,165,Flowering,Sprinkler,Sugarcane,108254,0,Kharif,165
2981,PB009,22.12,79.4,FLD02981,10301,Sugarcane,Commercial,Year-round,Semi-Arid,244,50,206,7.3,0.78,Sandy Clay,35,17.2,637,550,211,367,504,31.0,31.0,62,6.1,1.17,0.65,0.72,0.028,0.58,0.62,0.64,0.65,0.7,0.72,0.49,0.52,0.31,0.25,152,Fruiting,Sprinkler,Sugarcane,57900,0,Kharif,152
2982,TN018,20.54,77.2,FLD02982,10633,Sugarcane,Commercial,Year-round,Coastal,236,35,221,6.6,0.91,Clay,25,9.3,2288,1958,841,1554,1678,28.1,28.1,79,7.1,1.17,0.64,0.69,0.014,0.62,0.61,0.62,0.64,0.66,0.69,0.52,0.53,0.25,0.32,167,Mature,Drip,Sugarcane,54578,0,Kharif,167
2983,TN049,22.2,73.45,FLD02983,16078,Sugarcane,Commercial,Year-round,Humid,180,50,216,7.6,0.93,Loam,22,9.8,1679,1318,397,920,1172,25.7,25.7,81,6.6,1.17,0.64,0.72,0.03,0.57,0.6,0.61,0.64,0.68,0.72,0.49,0.5,0.26,0.25,149,Pod formation,Drip,Sugarcane,81455,0,Kharif,149
2986,AP035,19.05,71.12,FLD02986,13318,Sugarcane,Commercial,Year-round,Coastal,263,50,212,5.9,0.66,Sandy Loam,31,11.1,2246,1785,536,1217,1530,29.6,29.6,71,5.9,1.17,0.64,0.68,0.022,0.57,0.58,0.62,0.68,0.68,0.68,0.47,0.48,0.3,0.34,149,Flush,Drip,Sugarcane,73773,0,Kharif,149
2989,KA016,18.15,86.87,FLD02989,7388,Sugarcane,Commercial,Year-round,Coastal,311,46,190,7.6,0.53,Clay,25,9.8,2455,2213,728,1439,1895,30.8,30.8,76,6.9,1.17,0.65,0.7,0.018,0.6,0.61,0.62,0.68,0.7,0.69,0.51,0.54,0.29,0.25,153,Grand growth,Drip,Sugarcane,40685,0,Kharif,153
2990,MH002,17.29,82.96,FLD02990,12335,Sugarcane,Commercial,Year-round,Arid,315,52,230,6.8,0.91,Sandy Loam,25,17.8,424,397,169,276,348,34.8,34.8,48,6.2,1.17,0.64,0.71,0.024,0.58,0.6,0.59,0.69,0.71,0.7,0.48,0.51,0.3,0.28,156,Bearing,Drip,Sugarcane,70579,0,Kharif,156
2991,KA012,11.54,77.8,FLD02991,12846,Sugarcane,Commercial,Year-round,Humid,233,44,227,5.9,0.95,Sandy Clay,30,5.7,2903,2200,954,1588,2068,27.8,27.8,76,6.8,1.17,0.65,0.72,0.024,0.6,0.57,0.63,0.69,0.66,0.72,0.51,0.49,0.25,0.31,163,Grand growth,Drip,Sugarcane,71759,0,Kharif,163
2993,MH015,22.27,74.95,FLD02993,6807,Sugarcane,Commercial,Year-round,Humid,203,40,194,7.6,0.8,Sandy Clay,29,8.7,2226,1857,568,1447,1701,27.7,27.7,79,6.5,1.17,0.63,0.69,0.018,0.59,0.58,0.6,0.64,0.69,0.68,0.5,0.48,0.31,0.31,152,Boll formation,Drip,Sugarcane,37051,0,Kharif,152
2994,KA028,11.57,87.1,FLD02994,13343,Sugarcane,Commercial,Year-round,Semi-Arid,233,29,194,6.5,0.96,Loam,20,17.5,555,433,158,329,387,29.6,29.6,64,5.8,1.17,0.65,0.71,0.02,0.61,0.62,0.63,0.66,0.66,0.71,0.51,0.53,0.32,0.25,147,Vegetative,Drip,Sugarcane,64547,0,Kharif,147
2995,MH008,16.62,79.55,FLD02995,10561,Sugarcane,Commercial,Year-round,Sub-Humid,245,49,204,6.0,0.7,Laterite,38,9.1,1080,974,394,616,911,27.5,27.5,68,5.8,1.17,0.64,0.7,0.018,0.61,0.58,0.6,0.66,0.7,0.7,0.53,0.49,0.33,0.29,151,Grain filling,Surface,Sugarcane,52829,0,Kharif,151
2997,TN001,22.24,75.37,FLD02997,8013,Sugarcane,Commercial,Year-round,Sub-Humid,280,43,207,6.6,0.72,Sandy Loam,22,10.0,888,779,346,551,671,29.8,29.8,74,7.0,1.17,0.64,0.7,0.024,0.58,0.6,0.63,0.64,0.69,0.7,0.49,0.52,0.33,0.31,152,Bulbing,Surface,Sugarcane,42154,0,Kharif,152
2999,HR010,18.41,74.16,FLD02999,14157,Sugarcane,Commercial,Year-round,Sub-Humid,281,39,206,7.6,0.67,Sandy Loam,35,12.0,1098,848,335,642,797,27.5,27.5,71,6.6,1.17,0.63,0.7,0.02,0.56,0.58,0.6,0.68,0.7,0.66,0.46,0.48,0.28,0.27,142,Reproductive,Sprinkler,Sugarcane,79719,0,Kharif,142
4651,MP038,21.54,86.76,FLD04651,16588,Banana,Fruit,Year-round,Sub-Humid,218,51,238,7.3,0.66,Laterite,25,8.0,1057,943,393,690,893,27.5,27.5,68,6.0,1.11,0.69,0.73,0.006,0.66,0.67,0.66,0.73,0.73,0.69,0.57,0.56,0.27,0.22,141,Bearing,Surface,Banana,45614,0,Kharif,141
4652,PB028,19.27,78.38,FLD04652,10801,Banana,Fruit,Year-round,Coastal,290,46,195,6.2,0.83,Sandy Clay,22,6.8,1043,792,302,533,707,28.4,28.4,82,5.7,1.11,0.68,0.73,0.006,0.66,0.67,0.67,0.68,0.73,0.69,0.56,0.57,0.27,0.3,159,Bearing,Drip,Banana,30100,0,Kharif,159
4653,MP016,17.95,87.29,FLD04653,5460,Banana,Fruit,Year-round,Arid,252,37,181,5.9,0.57,Sandy,23,16.8,368,316,140,246,282,30.9,30.9,55,5.5,1.11,0.69,0.72,0.012,0.65,0.65,0.67,0.71,0.72,0.71,0.54,0.54,0.32,0.23,145,Pod formation,Drip,Banana,15428,0,Kharif,145
4658,PB043,13.13,75.95,FLD04658,12378,Banana,Fruit,Year-round,Sub-Humid,301,32,227,7.4,0.78,Sandy Clay,28,9.1,1048,868,283,684,816,27.1,27.1,76,5.8,1.11,0.68,0.73,0.022,0.62,0.65,0.66,0.73,0.71,0.73,0.53,0.54,0.29,0.3,145,Flush,Sprinkler,Banana,33364,0,Kharif,145
4659,HR009,14.86,84.6,FLD04659,19734,Banana,Fruit,Year-round,Sub-Humid,270,52,198,6.0,0.84,Sandy Clay,33,8.2,897,829,340,506,776,29.9,29.9,76,5.4,1.11,0.68,0.74,0.016,0.64,0.62,0.64,0.72,0.74,0.72,0.55,0.53,0.24,0.26,162,Vegetative,Drip,Banana,56519,0,Kharif,162
4661,AP049,22.14,71.78,FLD04661,14050,Banana,Fruit,Year-round,Plateau,258,38,202,7.1,0.8,Sandy,26,8.0,1017,802,349,596,708,31.0,31.0,62,6.0,1.11,0.68,0.72,0.014,0.64,0.64,0.67,0.72,0.72,0.71,0.53,0.54,0.32,0.23,143,Vegetative,Drip,Banana,42772,0,Kharif,143
4662,RJ046,12.5,88.81,FLD04662,5704,Banana,Fruit,Year-round,Plateau,297,39,197,6.8,0.5,Sandy Loam,20,12.4,1292,1088,361,672,1003,30.8,30.8,72,5.2,1.11,0.69,0.74,0.016,0.66,0.63,0.65,0.72,0.71,0.74,0.56,0.52,0.31,0.24,165,Grand growth,Surface,Banana,17609,0,Kharif,165
4667,AP023,12.22,84.28,FLD04667,9217,Banana,Fruit,Year-round,Sub-Humid,187,52,205,7.5,0.57,Loam,37,8.3,1007,893,273,568,764,28.8,28.8,74,5.3,1.11,0.67,0.72,0.018,0.63,0.64,0.66,0.67,0.7,0.72,0.53,0.53,0.3,0.23,149,Fruiting,Surface,Banana,24226,0,Kharif,149
4668,UP014,28.2,75.23,FLD04668,8414,Banana,Fruit,Year-round,Semi-Arid,180,39,174,7.2,0.7,Laterite,33,12.1,572,525,184,343,491,31.1,31.1,56,6.4,1.11,0.68,0.71,0.016,0.63,0.67,0.64,0.71,0.71,0.71,0.54,0.55,0.25,0.22,143,Bearing,Drip,Banana,21976,0,Kharif,143
4669,AP025,25.59,87.59,FLD04669,5800,Banana,Fruit,Year-round,Mountain,209,31,234,6.5,0.81,Clay Loam,24,13.4,3112,2848,1262,1712,2570,25.2,25.2,62,5.7,1.11,0.67,0.71,0.02,0.61,0.62,0.66,0.71,0.71,0.71,0.5,0.53,0.25,0.27,148,Vegetative,Surface,Banana,16649,0,Kharif,148
4671,GJ047,14.07,87.87,FLD04671,11267,Banana,Fruit,Year-round,Humid,226,38,185,6.1,0.79,Laterite,34,5.2,2746,2284,735,1426,2030,28.7,28.7,82,5.7,1.11,0.67,0.71,0.014,0.64,0.62,0.66,0.69,0.71,0.71,0.53,0.53,0.3,0.25,141,Bulbing,Drip,Banana,30017,0,Kharif,141
4673,AP036,14.96,79.04,FLD04673,5386,Banana,Fruit,Year-round,Humid,313,28,175,6.4,0.53,Loam,24,7.0,2563,2156,655,1555,2042,27.5,27.5,83,5.4,1.11,0.68,0.72,0.008,0.66,0.62,0.67,0.71,0.72,0.7,0.55,0.52,0.25,0.27,143,Fruiting,Surface,Banana,13684,0,Kharif,143
4674,UP016,14.01,86.67,FLD04674,6822,Banana,Fruit,Year-round,Plateau,316,41,236,6.7,0.57,Clay Loam,25,13.9,725,558,203,421,480,27.2,27.2,70,5.5,1.11,0.67,0.74,0.016,0.63,0.62,0.66,0.68,0.74,0.71,0.55,0.53,0.32,0.31,155,Grain filling,Drip,Banana,19423,0,Kharif,155
4676,MP003,28.9,76.74,FLD04676,15280,Banana,Fruit,Year-round,Humid,243,52,175,6.8,0.61,Clay Loam,27,6.2,3033,2478,748,1752,2185,26.1,26.1,80,5.9,1.11,0.68,0.72,0.008,0.66,0.66,0.64,0.72,0.71,0.7,0.55,0.58,0.22,0.24,170,Vegetative,Drip,Banana,44184,0,Kharif,170
4682,RJ008,15.7,82.48,FLD04682,19613,Banana,Fruit,Year-round,Sub-Humid,262,52,212,7.8,0.94,Sandy Loam,33,9.4,1064,900,399,592,765,28.6,28.6,72,6.0,1.11,0.68,0.72,0.014,0.64,0.62,0.68,0.72,0.72,0.71,0.55,0.53,0.3,0.29,155,Bearing,Drip,Banana,53274,0,Kharif,155
4685,MH015,15.26,82.01,FLD04685,13560,Banana,Fruit,Year-round,Arid,304,36,173,6.9,0.92,Sandy,37,16.7,408,327,130,213,304,31.5,31.5,55,6.0,1.11,0.67,0.72,0.018,0.63,0.66,0.67,0.67,0.7,0.72,0.54,0.57,0.29,0.26,141,Pod formation,Sprinkler,Banana,40462,0,Kharif,141
4688,HR027,10.2,75.33,FLD04688,17240,Banana,Fruit,Year-round,Coastal,309,33,179,7.7,0.9,Clay,27,8.4,1874,1691,516,1212,1586,30.9,30.9,82,6.2,1.11,0.69,0.73,0.012,0.67,0.66,0.67,0.69,0.72,0.73,0.59,0.55,0.24,0.32,163,Grand growth,Sprinkler,Banana,45435,0,Kharif,163
4693,MH031,22.47,80.41,FLD04693,8124,Banana,Fruit,Year-round,Humid,241,32,178,7.1,0.9,Clay,33,7.4,2907,2342,875,1586,2172,26.4,26.4,84,5.3,1.11,0.67,0.73,0.016,0.65,0.63,0.67,0.67,0.7,0.73,0.55,0.53,0.28,0.27,170,Bulbing,Surface,Banana,22541,0,Kharif,170
4696,HR019,19.28,77.89,FLD04696,19849,Banana,Fruit,Year-round,Plateau,295,38,220,6.8,0.96,Sandy Loam,37,12.3,1010,878,291,578,775,27.5,27.5,75,6.4,1.11,0.68,0.73,0.016,0.63,0.62,0.66,0.71,0.73,0.71,0.52,0.53,0.3,0.24,140,Bulbing,Drip,Banana,61234,0,Kharif,140
4699,TN023,29.51,86.32,FLD04699,5833,Banana,Fruit,Year-round,Humid,292,40,212,6.7,0.95,Sandy,34,7.7,2046,1662,580,1022,1519,27.5,27.5,76,5.6,1.11,0.68,0.73,0.014,0.64,0.64,0.66,0.73,0.69,0.71,0.53,0.55,0.27,0.31,150,Vegetative,Sprinkler,Banana,16481,0,Kharif,150
4701,AP001,11.08,84.71,FLD04701,10066,Banana,Fruit,Year-round,Humid,239,35,196,6.8,0.68,Sandy Loam,26,8.3,2916,2484,835,1782,2342,26.0,26.0,82,5.0,1.11,0.68,0.72,0.016,0.64,0.64,0.68,0.69,0.69,0.72,0.54,0.55,0.29,0.26,148,Pod formation,Drip,Banana,29746,0,Kharif,148
4702,UP016,27.17,74.49,FLD04702,8306,Banana,Fruit,Year-round,Humid,301,40,177,6.9,0.5,Clay,33,9.8,2118,1964,648,1181,1735,25.7,25.7,78,5.8,1.11,0.67,0.73,0.014,0.62,0.67,0.64,0.68,0.73,0.69,0.53,0.58,0.28,0.27,164,Grand growth,Sprinkler,Banana,22790,0,Kharif,164
4704,AP010,19.14,72.7,FLD04704,17961,Banana,Fruit,Year-round,Semi-Arid,253,43,203,6.8,0.7,Sandy Loam,30,13.6,795,651,292,429,604,28.7,28.7,56,5.5,1.11,0.69,0.73,0.014,0.66,0.66,0.68,0.7,0.71,0.73,0.55,0.57,0.25,0.29,150,Tuber bulking,Drip,Banana,49361,0,Kharif,150
4705,UP017,32.28,76.92,FLD04705,14066,Banana,Fruit,Year-round,Mountain,251,45,229,6.0,0.63,Sandy,29,10.0,3181,2544,836,2026,2405,22.7,22.7,72,5.8,1.11,0.67,0.74,0.022,0.63,0.67,0.64,0.68,0.69,0.74,0.55,0.56,0.32,0.25,154,Bulbing,Surface,Banana,40531,0,Kharif,154
4706,PB003,14.57,83.69,FLD04706,13135,Banana,Fruit,Year-round,Plateau,194,41,208,7.6,0.98,Sandy,21,11.5,835,788,315,501,674,28.6,28.6,72,5.7,1.11,0.68,0.75,0.02,0.65,0.63,0.67,0.67,0.69,0.75,0.54,0.55,0.25,0.26,161,Pod formation,Drip,Banana,38452,0,Kharif,161
4707,UP026,20.04,83.93,FLD04707,7246,Banana,Fruit,Year-round,Coastal,185,32,209,7.8,0.92,Sandy,36,11.1,1816,1678,519,1124,1527,30.0,30.0,72,6.1,1.11,0.68,0.74,0.014,0.65,0.63,0.68,0.68,0.74,0.72,0.54,0.55,0.32,0.3,158,Flowering,Drip,Banana,18572,0,Kharif,158
4708,MH048,19.73,79.17,FLD04708,8618,Banana,Fruit,Year-round,Coastal,306,44,217,6.1,0.84,Clay,21,8.2,1527,1244,557,816,1069,30.4,30.4,75,6.2,1.11,0.68,0.74,0.008,0.66,0.66,0.65,0.68,0.74,0.7,0.56,0.55,0.3,0.28,170,Flowering,Sprinkler,Banana,27440,0,Kharif,170
4709,KA004,18.73,81.71,FLD04709,19654,Banana,Fruit,Year-round,Semi-Arid,233,40,179,6.9,0.65,Sandy Clay,34,14.2,650,575,203,387,503,29.6,29.6,59,5.7,1.11,0.68,0.74,0.022,0.63,0.62,0.65,0.71,0.74,0.74,0.52,0.52,0.3,0.28,157,Reproductive,Drip,Banana,57530,0,Kharif,157
4710,PB016,14.12,78.63,FLD04710,7007,Banana,Fruit,Year-round,Coastal,242,49,211,6.6,0.71,Clay,22,8.6,2747,2577,1061,1946,2422,28.3,28.3,75,6.1,1.11,0.69,0.73,0.012,0.67,0.66,0.67,0.69,0.69,0.73,0.58,0.57,0.25,0.26,167,Vegetative,Surface,Banana,19066,0,Kharif,167
4712,MP029,33.87,78.03,FLD04712,5415,Banana,Fruit,Year-round,Mountain,222,38,183,7.7,0.58,Loam,22,11.3,2213,1959,843,1248,1846,23.0,23.0,74,6.4,1.11,0.68,0.74,0.022,0.63,0.66,0.63,0.7,0.71,0.74,0.55,0.58,0.31,0.26,154,Grain filling,Sprinkler,Banana,15699,0,Kharif,154
4713,UP019,14.98,76.84,FLD04713,8179,Banana,Fruit,Year-round,Plateau,232,31,230,7.3,0.56,Sandy Clay,30,9.5,926,871,390,553,788,28.6,28.6,63,6.0,1.11,0.66,0.71,0.018,0.62,0.61,0.65,0.7,0.7,0.71,0.54,0.51,0.25,0.33,146,Grand growth,Drip,Banana,20672,0,Kharif,146
4714,TN039,27.69,83.87,FLD04714,5208,Banana,Fruit,Year-round,Sub-Humid,306,35,203,7.5,0.84,Sandy,25,9.5,1161,927,315,671,793,29.1,29.1,75,5.1,1.11,0.67,0.73,0.012,0.64,0.62,0.69,0.67,0.73,0.7,0.55,0.54,0.32,0.25,163,Flush,Surface,Banana,15835,0,Kharif,163
4718,RJ044,28.56,77.68,FLD04718,5593,Banana,Fruit,Year-round,Humid,256,48,215,7.2,0.5,Clay Loam,36,7.1,3009,2346,867,1449,2148,28.4,28.4,80,6.4,1.11,0.68,0.73,0.014,0.66,0.62,0.67,0.68,0.71,0.73,0.57,0.53,0.3,0.25,151,Flush,Sprinkler,Banana,17268,0,Kharif,151
4719,HR032,14.09,82.81,FLD04719,10046,Banana,Fruit,Year-round,Semi-Arid,192,41,173,7.5,0.58,Sandy,28,12.6,702,590,254,364,553,30.1,30.1,61,5.4,1.11,0.67,0.73,0.016,0.65,0.62,0.63,0.7,0.7,0.73,0.55,0.54,0.24,0.32,166,Bearing,Drip,Banana,26074,0,Kharif,166
4722,UP017,28.2,77.01,FLD04722,13512,Banana,Fruit,Year-round,Mountain,237,41,222,6.9,0.64,Clay Loam,28,8.9,3094,2367,1024,1670,2042,23.4,23.4,61,6.2,1.11,0.67,0.74,0.022,0.63,0.61,0.63,0.69,0.71,0.74,0.54,0.51,0.32,0.31,161,Grand growth,Surface,Banana,39249,0,Kharif,161
4726,KA019,16.98,89.5,FLD04726,15523,Banana,Fruit,Year-round,Semi-Arid,245,32,225,6.3,0.6,Clay,38,16.9,567,510,162,399,475,31.3,31.3,60,5.2,1.11,0.67,0.74,0.026,0.61,0.65,0.65,0.68,0.72,0.74,0.52,0.55,0.29,0.3,148,Tuber bulking,Sprinkler,Banana,46318,0,Kharif,148
4729,PB006,20.27,71.39,FLD04729,17847,Banana,Fruit,Year-round,Coastal,230,41,231,6.5,0.54,Clay,29,6.5,2649,2022,610,1222,1766,28.4,28.4,75,6.4,1.11,0.68,0.7,0.008,0.66,0.66,0.66,0.7,0.69,0.7,0.58,0.55,0.27,0.24,152,Flowering,Sprinkler,Banana,51809,0,Kharif,152
4731,TN009,26.15,70.92,FLD04731,15791,Banana,Fruit,Year-round,Arid,224,28,223,6.1,0.85,Sandy Loam,28,24.2,378,313,138,222,277,33.4,33.4,52,6.0,1.11,0.68,0.74,0.012,0.66,0.63,0.65,0.7,0.74,0.72,0.56,0.52,0.23,0.23,141,Grand growth,Drip,Banana,50878,0,Kharif,141
4732,TN040,16.84,80.89,FLD04732,17982,Banana,Fruit,Year-round,Sub-Humid,221,42,234,7.2,0.72,Laterite,38,10.9,899,676,263,466,600,29.2,29.2,72,5.8,1.11,0.68,0.74,0.016,0.66,0.66,0.67,0.67,0.7,0.74,0.57,0.55,0.25,0.25,160,Reproductive,Surface,Banana,49349,0,Kharif,160
4734,MH023,11.5,84.7,FLD04734,15902,Banana,Fruit,Year-round,Humid,271,52,220,7.7,0.72,Sandy Clay,30,7.2,1834,1713,678,1311,1463,28.6,28.6,85,6.3,1.11,0.67,0.75,0.02,0.61,0.65,0.63,0.67,0.75,0.71,0.5,0.55,0.29,0.3,142,Flush,Sprinkler,Banana,48873,0,Kharif,142
4737,PB042,10.25,81.38,FLD04737,7685,Banana,Fruit,Year-round,Sub-Humid,270,43,192,6.0,0.95,Clay Loam,38,9.1,1114,1041,410,642,983,27.3,27.3,73,5.0,1.11,0.68,0.73,0.018,0.64,0.62,0.69,0.71,0.69,0.73,0.55,0.52,0.25,0.33,146,Flush,Sprinkler,Banana,21160,0,Kharif,146
4739,GJ007,17.03,80.0,FLD04739,13917,Banana,Fruit,Year-round,Humid,292,47,191,6.4,0.52,Sandy Clay,36,7.3,2372,2122,808,1550,2008,25.7,25.7,86,5.6,1.11,0.68,0.73,0.016,0.62,0.62,0.69,0.72,0.73,0.7,0.54,0.53,0.28,0.26,149,Fruiting,Drip,Banana,40037,0,Kharif,149
4741,UP003,16.47,88.15,FLD04741,15676,Banana,Fruit,Year-round,Humid,198,29,230,6.3,0.75,Sandy Loam,29,9.2,1237,1136,375,868,967,25.3,25.3,82,5.7,1.11,0.69,0.72,0.01,0.67,0.66,0.67,0.68,0.71,0.72,0.56,0.58,0.3,0.24,166,Grain filling,Drip,Banana,44052,0,Kharif,166
4742,RJ027,16.88,73.4,FLD04742,18911,Banana,Fruit,Year-round,Sub-Humid,250,33,204,7.0,0.75,Loam,26,12.3,1003,773,338,504,660,27.2,27.2,76,5.8,1.11,0.69,0.73,0.018,0.64,0.66,0.66,0.71,0.73,0.73,0.53,0.56,0.29,0.24,168,Fruiting,Sprinkler,Banana,55770,0,Kharif,168
4743,RJ039,19.21,79.93,FLD04743,19411,Banana,Fruit,Year-round,Arid,188,41,230,7.0,0.68,Sandy Loam,22,15.7,276,220,69,138,207,30.5,30.5,45,5.8,1.11,0.68,0.74,0.012,0.65,0.64,0.65,0.7,0.74,0.71,0.54,0.53,0.23,0.27,149,Grain filling,Drip,Banana,78252,0,Kharif,149
4744,PB022,15.36,86.29,FLD04744,5527,Banana,Fruit,Year-round,Humid,227,43,194,6.0,0.72,Sandy,33,5.1,2196,1950,708,1538,1733,26.0,26.0,84,6.0,1.11,0.69,0.71,0.008,0.66,0.67,0.69,0.71,0.7,0.7,0.55,0.59,0.28,0.29,153,Tillering,Drip,Banana,15629,0,Kharif,153
4751,UP021,28.61,71.55,FLD04751,11936,Banana,Fruit,Year-round,Semi-Arid,216,43,207,7.4,0.62,Clay Loam,31,10.1,739,572,202,415,536,30.1,30.1,55,5.4,1.11,0.68,0.74,0.016,0.66,0.66,0.66,0.67,0.69,0.74,0.56,0.55,0.27,0.31,145,Vegetative,Drip,Banana,32539,0,Kharif,145
4752,MH030,25.91,88.99,FLD04752,11031,Banana,Fruit,Year-round,Semi-Arid,195,46,229,6.9,0.76,Sandy,21,16.6,774,658,286,493,608,28.2,28.2,57,6.2,1.11,0.68,0.74,0.008,0.65,0.66,0.66,0.67,0.74,0.69,0.53,0.57,0.25,0.23,160,Bearing,Drip,Banana,32586,0,Kharif,160
4753,MP035,17.35,88.18,FLD04753,11830,Banana,Fruit,Year-round,Coastal,291,32,192,6.0,0.76,Loam,33,7.9,2588,2426,1004,1831,2086,29.9,29.9,74,5.7,1.11,0.67,0.72,0.008,0.66,0.62,0.64,0.7,0.72,0.7,0.57,0.54,0.32,0.3,153,Bearing,Drip,Banana,32970,0,Kharif,153
4756,UP009,28.05,80.52,FLD04756,6741,Banana,Fruit,Year-round,Plateau,241,47,198,7.1,0.53,Sandy,24,9.5,899,768,320,513,664,28.3,28.3,71,5.6,1.11,0.69,0.75,0.018,0.66,0.65,0.64,0.72,0.69,0.75,0.55,0.54,0.23,0.26,158,Tuber bulking,Sprinkler,Banana,20531,0,Kharif,158
4757,HR044,24.29,83.68,FLD04757,19280,Banana,Fruit,Year-round,Semi-Arid,320,34,197,6.9,0.82,Sandy Clay,27,10.6,540,495,192,347,435,28.7,28.7,68,6.5,1.11,0.67,0.72,0.022,0.61,0.64,0.64,0.7,0.71,0.72,0.51,0.54,0.27,0.23,145,Tillering,Drip,Banana,56101,0,Kharif,145
4763,UP030,11.96,70.24,FLD04763,8037,Banana,Fruit,Year-round,Humid,182,41,193,6.0,0.64,Sandy Loam,32,9.3,2444,2149,857,1414,1984,27.1,27.1,80,5.6,1.11,0.68,0.74,0.016,0.66,0.62,0.66,0.71,0.7,0.74,0.55,0.52,0.26,0.28,148,Vegetative,Drip,Banana,21735,0,Kharif,148
4764,AP040,26.93,80.9,FLD04764,6139,Banana,Fruit,Year-round,Mountain,264,28,177,7.2,0.61,Clay Loam,32,11.1,2516,2116,778,1465,1838,25.5,25.5,80,5.4,1.11,0.69,0.73,0.012,0.67,0.63,0.67,0.72,0.72,0.73,0.57,0.55,0.31,0.28,168,Pod formation,Sprinkler,Banana,16167,0,Kharif,168
4765,TN042,21.0,77.12,FLD04765,15870,Banana,Fruit,Year-round,Coastal,254,45,190,6.5,0.61,Sandy,29,10.7,975,844,258,617,746,28.5,28.5,80,6.1,1.11,0.68,0.73,0.01,0.65,0.66,0.66,0.7,0.73,0.7,0.57,0.55,0.27,0.24,152,Tillering,Surface,Banana,48398,0,Kharif,152
4767,RJ030,28.54,84.74,FLD04767,10516,Banana,Fruit,Year-round,Mountain,228,30,178,6.6,0.87,Loam,22,11.0,2747,2265,738,1570,2039,17.3,17.3,61,5.5,1.11,0.69,0.75,0.018,0.66,0.66,0.67,0.72,0.69,0.75,0.56,0.56,0.24,0.31,162,Rhizome development,Sprinkler,Banana,27453,0,Kharif,162
4769,GJ029,27.27,73.93,FLD04769,7523,Banana,Fruit,Year-round,Sub-Humid,232,33,215,6.5,0.65,Sandy Loam,27,12.0,1173,1054,407,724,905,28.9,28.9,76,6.1,1.11,0.68,0.72,0.01,0.67,0.62,0.67,0.69,0.71,0.72,0.58,0.54,0.25,0.3,153,Reproductive,Sprinkler,Banana,20196,0,Kharif,153
4772,AP011,12.75,70.65,FLD04772,17978,Banana,Fruit,Year-round,Arid,200,40,201,6.3,0.64,Sandy Clay,24,19.1,305,229,84,157,212,35.5,35.5,51,5.5,1.11,0.68,0.72,0.016,0.63,0.67,0.64,0.7,0.72,0.71,0.53,0.56,0.27,0.25,166,Vegetative,Sprinkler,Banana,66355,0,Kharif,166
4773,MP034,21.21,76.51,FLD04773,17591,Banana,Fruit,Year-round,Sub-Humid,246,51,221,6.2,0.97,Loam,24,9.2,1031,870,344,614,751,28.6,28.6,76,6.3,1.11,0.69,0.74,0.018,0.65,0.62,0.68,0.7,0.73,0.74,0.54,0.52,0.32,0.26,145,Tuber development,Sprinkler,Banana,52178,0,Kharif,145
4774,AP041,27.85,82.64,FLD04774,9221,Banana,Fruit,Year-round,Mountain,206,34,197,6.7,0.64,Laterite,26,14.5,999,829,287,661,751,25.2,25.2,81,5.6,1.11,0.68,0.75,0.024,0.63,0.66,0.68,0.67,0.71,0.75,0.53,0.56,0.24,0.23,148,Tuber bulking,Drip,Banana,26141,0,Kharif,148
4775,KA047,25.94,85.68,FLD04775,7280,Banana,Fruit,Year-round,Sub-Humid,184,37,235,7.8,0.84,Clay Loam,20,11.1,920,741,332,468,700,28.1,28.1,69,5.7,1.11,0.67,0.72,0.008,0.66,0.63,0.64,0.72,0.7,0.7,0.58,0.52,0.3,0.26,154,Grand growth,Surface,Banana,20167,0,Kharif,154
4778,PB010,32.66,82.66,FLD04778,19276,Banana,Fruit,Year-round,Mountain,262,28,228,6.2,0.59,Clay Loam,22,8.9,2864,2317,917,1694,2179,23.8,23.8,73,5.4,1.11,0.68,0.74,0.018,0.63,0.62,0.66,0.69,0.74,0.72,0.54,0.54,0.31,0.25,151,Fruiting,Sprinkler,Banana,51421,0,Kharif,151
4783,TN037,15.1,83.17,FLD04783,6587,Banana,Fruit,Year-round,Arid,272,45,235,7.3,0.66,Clay Loam,23,16.8,386,336,122,202,295,30.4,30.4,54,5.1,1.11,0.69,0.74,0.018,0.64,0.67,0.64,0.7,0.74,0.73,0.55,0.57,0.29,0.23,159,Mature,Drip,Banana,20025,0,Kharif,159
4784,AP041,25.83,78.04,FLD04784,13806,Banana,Fruit,Year-round,Plateau,229,48,231,6.2,0.91,Sandy Loam,31,11.6,1008,835,336,559,718,27.1,27.1,62,5.4,1.11,0.68,0.75,0.024,0.63,0.62,0.68,0.68,0.73,0.75,0.53,0.51,0.32,0.31,150,Flush,Surface,Banana,43255,0,Kharif,150
4785,RJ020,25.15,78.36,FLD04785,8336,Banana,Fruit,Year-round,Mountain,300,44,235,6.6,0.59,Sandy,32,10.2,3044,2295,802,1587,1951,17.4,17.4,65,5.0,1.11,0.68,0.73,0.016,0.64,0.66,0.65,0.73,0.7,0.72,0.55,0.58,0.25,0.22,150,Grand growth,Sprinkler,Banana,24439,0,Kharif,150
4786,AP015,15.55,87.67,FLD04786,10642,Banana,Fruit,Year-round,Coastal,186,38,211,6.5,0.59,Sandy,32,8.7,1320,1214,469,885,1111,29.6,29.6,78,6.3,1.11,0.67,0.74,0.024,0.62,0.62,0.68,0.67,0.71,0.74,0.51,0.54,0.28,0.28,142,Vegetative,Sprinkler,Banana,28054,0,Kharif,142
4788,GJ012,18.9,81.09,FLD04788,18809,Banana,Fruit,Year-round,Plateau,240,29,196,6.9,0.64,Sandy Clay,23,13.2,923,765,308,463,662,29.6,29.6,67,6.3,1.11,0.68,0.72,0.02,0.62,0.63,0.68,0.72,0.7,0.72,0.51,0.53,0.28,0.24,158,Vegetative,Surface,Banana,53796,0,Kharif,158
4790,UP033,10.0,87.81,FLD04790,11200,Banana,Fruit,Year-round,Semi-Arid,210,47,229,7.4,0.93,Laterite,30,14.6,824,626,234,441,581,31.3,31.3,64,5.6,1.11,0.68,0.73,0.02,0.63,0.64,0.64,0.71,0.72,0.73,0.55,0.54,0.3,0.24,168,Tuber development,Sprinkler,Banana,32807,0,Kharif,168
4791,TN036,22.89,84.55,FLD04791,12652,Banana,Fruit,Year-round,Plateau,268,51,230,6.9,0.6,Laterite,30,14.5,1225,1013,447,683,909,27.4,27.4,63,6.0,1.11,0.68,0.73,0.022,0.61,0.66,0.67,0.69,0.73,0.72,0.53,0.55,0.34,0.29,166,Rhizome development,Surface,Banana,40376,0,Kharif,166
4793,TN016,20.46,73.5,FLD04793,19062,Banana,Fruit,Year-round,Humid,269,28,230,7.6,0.93,Sandy,36,7.3,2356,2166,721,1577,2024,27.9,27.9,75,5.3,1.11,0.68,0.7,0.012,0.64,0.67,0.66,0.7,0.69,0.7,0.56,0.56,0.28,0.26,142,Tuber development,Drip,Banana,55290,0,Kharif,142
4794,GJ011,23.52,85.1,FLD04794,10595,Banana,Fruit,Year-round,Semi-Arid,284,46,233,7.6,0.82,Loam,32,16.6,781,726,221,503,668,30.8,30.8,57,6.1,1.11,0.69,0.73,0.02,0.63,0.67,0.69,0.7,0.7,0.73,0.53,0.57,0.32,0.28,140,Tuber development,Drip,Banana,31552,0,Kharif,140
4795,HR025,21.81,86.28,FLD04795,19600,Banana,Fruit,Year-round,Coastal,317,30,184,6.6,0.66,Sandy Loam,38,7.7,1061,985,305,621,913,30.5,30.5,82,5.5,1.11,0.67,0.73,0.01,0.65,0.62,0.64,0.71,0.73,0.7,0.56,0.53,0.25,0.33,149,Pod formation,Drip,Banana,54191,0,Kharif,149
4797,KA013,19.84,87.19,FLD04797,8093,Banana,Fruit,Year-round,Plateau,253,31,181,6.2,0.88,Sandy Loam,26,13.8,1160,1090,366,785,985,29.7,29.7,67,5.1,1.11,0.68,0.72,0.016,0.64,0.67,0.65,0.71,0.7,0.72,0.54,0.58,0.3,0.22,170,Fruiting,Surface,Banana,21704,0,Kharif,170
4798,RJ043,21.13,72.12,FLD04798,14107,Banana,Fruit,Year-round,Sub-Humid,183,28,199,6.6,0.8,Clay,26,12.2,974,737,301,566,658,28.4,28.4,68,5.5,1.11,0.68,0.74,0.024,0.61,0.66,0.63,0.69,0.74,0.73,0.51,0.55,0.25,0.27,165,Pod formation,Sprinkler,Banana,40257,0,Kharif,165
4803,RJ001,24.25,84.13,FLD04803,14100,Mango,Fruit,Year-round,Sub-Humid,257,42,210,5.9,0.69,Sandy,27,8.5,875,705,302,454,600,29.6,29.6,73,5.3,1.08,0.68,0.74,0.016,0.66,0.65,0.66,0.68,0.71,0.74,0.55,0.54,0.29,0.28,153,Tillering,Sprinkler,Mango,17751,0,Kharif,153
4804,MP021,23.42,82.57,FLD04804,19731,Mango,Fruit,Year-round,Humid,232,31,228,7.8,0.51,Laterite,34,6.2,2901,2528,1019,1957,2350,28.7,28.7,75,5.1,1.08,0.68,0.74,0.026,0.61,0.62,0.67,0.71,0.71,0.74,0.53,0.52,0.26,0.25,151,Flush,Sprinkler,Mango,25935,0,Kharif,151
4814,TN028,33.98,94.71,FLD04814,13799,Mango,Fruit,Year-round,Mountain,186,35,229,6.0,0.63,Loam,24,9.9,2211,1971,611,1340,1680,19.2,19.2,79,5.8,1.08,0.66,0.7,0.016,0.62,0.62,0.65,0.7,0.7,0.7,0.54,0.54,0.32,0.29,160,Rhizome development,Sprinkler,Mango,17157,0,Kharif,160
4815,MH045,26.83,76.28,FLD04815,17283,Mango,Fruit,Year-round,Semi-Arid,320,43,188,6.3,0.58,Loam,30,12.0,638,558,199,410,474,29.2,29.2,61,5.6,1.08,0.67,0.75,0.024,0.63,0.63,0.65,0.68,0.69,0.75,0.55,0.54,0.28,0.27,154,Tillering,Drip,Mango,22566,0,Kharif,154
4816,PB008,16.87,81.32,FLD04816,12023,Mango,Fruit,Year-round,Sub-Humid,196,35,173,6.8,0.9,Laterite,38,8.7,1200,1025,386,803,900,28.7,28.7,70,6.1,1.08,0.68,0.73,0.012,0.65,0.63,0.68,0.67,0.73,0.71,0.57,0.52,0.32,0.28,148,Bearing,Surface,Mango,14377,0,Kharif,148
4817,RJ005,21.48,75.93,FLD04817,5052,Mango,Fruit,Year-round,Coastal,293,36,189,6.9,0.57,Sandy,30,7.7,2575,2049,911,1258,1919,30.8,30.8,78,4.8,1.08,0.66,0.7,0.012,0.64,0.62,0.65,0.67,0.69,0.7,0.55,0.52,0.3,0.26,145,Bearing,Drip,Mango,6160,0,Kharif,145
4819,UP037,21.98,79.94,FLD04819,5107,Mango,Fruit,Year-round,Coastal,296,44,209,6.6,0.54,Sandy Loam,20,6.5,1573,1457,485,894,1317,29.1,29.1,70,5.5,1.08,0.68,0.72,0.01,0.64,0.65,0.64,0.72,0.72,0.69,0.56,0.56,0.26,0.28,140,Bearing,Sprinkler,Mango,7087,0,Kharif,140
4820,MH019,11.2,82.01,FLD04820,8144,Mango,Fruit,Year-round,Sub-Humid,193,35,192,6.3,0.88,Sandy Clay,28,8.3,911,852,365,541,754,29.2,29.2,72,5.8,1.08,0.68,0.71,0.01,0.66,0.64,0.69,0.69,0.71,0.71,0.55,0.56,0.27,0.31,152,Fruiting,Surface,Mango,9680,0,Kharif,152
4822,UP044,27.45,70.08,FLD04822,6380,Mango,Fruit,Year-round,Arid,215,32,224,7.7,0.58,Laterite,24,19.4,283,242,87,164,209,35.6,35.6,50,5.1,1.08,0.69,0.73,0.012,0.67,0.66,0.67,0.7,0.72,0.73,0.59,0.57,0.28,0.26,155,Pod formation,Sprinkler,Mango,10411,0,Kharif,155
4823,TN036,33.94,76.04,FLD04823,16627,Mango,Fruit,Year-round,Mountain,227,49,198,6.8,0.76,Clay,33,10.4,1770,1531,579,1153,1413,16.8,16.8,83,5.4,1.08,0.68,0.71,0.008,0.66,0.66,0.66,0.71,0.7,0.7,0.56,0.56,0.28,0.31,168,Tillering,Surface,Mango,20934,0,Kharif,168
4824,AP002,20.86,75.7,FLD04824,13660,Mango,Fruit,Year-round,Coastal,290,40,202,7.4,0.8,Sandy,24,8.2,925,705,275,496,666,28.1,28.1,72,4.8,1.08,0.67,0.72,0.022,0.61,0.65,0.67,0.68,0.7,0.72,0.52,0.56,0.27,0.24,160,Nut development,Sprinkler,Mango,16414,0,Kharif,160
4825,UP020,25.12,83.66,FLD04825,19085,Mango,Fruit,Year-round,Plateau,290,36,178,6.1,0.86,Clay,34,10.4,834,679,208,528,580,27.7,27.7,67,5.3,1.08,0.69,0.74,0.006,0.67,0.62,0.67,0.72,0.74,0.7,0.57,0.54,0.22,0.32,145,Pod formation,Drip,Mango,23640,0,Kharif,145
4826,MP035,28.67,89.73,FLD04826,13053,Mango,Fruit,Year-round,Mountain,278,35,182,7.4,0.58,Sandy Clay,30,8.6,2891,2200,926,1594,1948,24.5,24.5,64,5.0,1.08,0.68,0.74,0.01,0.65,0.62,0.67,0.68,0.74,0.7,0.57,0.51,0.26,0.23,152,Rhizome development,Drip,Mango,16865,0,Kharif,152
4827,RJ032,23.52,84.61,FLD04827,7161,Mango,Fruit,Year-round,Humid,180,29,224,6.9,0.89,Clay Loam,22,9.6,2054,1910,579,1420,1647,28.0,28.0,79,6.1,1.08,0.68,0.69,0.006,0.66,0.66,0.67,0.69,0.69,0.69,0.55,0.55,0.26,0.31,168,Rhizome development,Drip,Mango,9359,0,Kharif,168
4832,TN048,19.98,86.47,FLD04832,14430,Mango,Fruit,Year-round,Coastal,255,29,173,6.7,0.81,Sandy Loam,35,9.8,1307,1212,503,914,1045,29.8,29.8,82,5.5,1.08,0.68,0.71,0.012,0.65,0.66,0.64,0.69,0.71,0.71,0.55,0.58,0.32,0.24,164,Bulbing,Sprinkler,Mango,18574,0,Kharif,164
4833,RJ045,11.67,89.49,FLD04833,17453,Mango,Fruit,Year-round,Plateau,259,30,184,7.7,0.79,Sandy Clay,32,12.8,1057,850,333,557,747,29.5,29.5,70,5.0,1.08,0.69,0.73,0.018,0.64,0.67,0.67,0.71,0.73,0.73,0.53,0.57,0.33,0.31,141,Reproductive,Surface,Mango,22486,0,Kharif,141
4834,HR026,18.19,82.73,FLD04834,5812,Mango,Fruit,Year-round,Arid,240,33,239,6.3,0.65,Laterite,28,23.1,464,402,168,264,348,31.7,31.7,53,6.1,1.08,0.67,0.73,0.016,0.65,0.64,0.64,0.68,0.7,0.73,0.55,0.55,0.31,0.3,166,Tillering,Drip,Mango,7113,0,Kharif,166
4835,TN009,23.89,87.44,FLD04835,5789,Mango,Fruit,Year-round,Semi-Arid,243,51,239,6.2,0.59,Clay,27,16.0,824,754,244,495,664,30.3,30.3,66,5.9,1.08,0.69,0.75,0.012,0.65,0.66,0.68,0.69,0.75,0.71,0.55,0.56,0.3,0.28,153,Bearing,Sprinkler,Mango,7867,0,Kharif,153
4836,UP027,17.69,70.5,FLD04836,5918,Mango,Fruit,Year-round,Humid,243,50,174,6.8,0.69,Sandy,25,9.1,1790,1345,524,1011,1274,28.7,28.7,77,4.9,1.08,0.68,0.72,0.016,0.64,0.67,0.65,0.68,0.72,0.72,0.53,0.59,0.26,0.27,161,Boll formation,Surface,Mango,7651,0,Kharif,161
4837,AP039,12.17,73.41,FLD04837,12615,Mango,Fruit,Year-round,Coastal,295,47,177,6.7,0.56,Loam,36,6.9,2156,1701,514,1341,1536,28.3,28.3,73,6.0,1.08,0.68,0.73,0.012,0.67,0.66,0.63,0.7,0.69,0.73,0.57,0.56,0.24,0.22,167,Tillering,Drip,Mango,16991,0,Kharif,167
4838,HR026,20.14,83.05,FLD04838,18208,Mango,Fruit,Year-round,Coastal,266,46,233,6.8,0.63,Clay,23,6.5,2334,1755,787,1310,1540,31.0,31.0,76,5.3,1.08,0.68,0.73,0.018,0.61,0.67,0.69,0.68,0.73,0.7,0.5,0.55,0.29,0.27,145,Vegetative,Sprinkler,Mango,25489,0,Kharif,145
4841,RJ018,13.84,79.07,FLD04841,5065,Mango,Fruit,Year-round,Plateau,319,28,184,7.7,0.72,Sandy Clay,31,14.5,1018,831,336,499,751,31.9,31.9,65,5.5,1.08,0.67,0.71,0.006,0.67,0.64,0.64,0.67,0.71,0.7,0.57,0.53,0.24,0.26,146,Tillering,Sprinkler,Mango,6197,0,Kharif,146
4843,HR046,26.65,85.54,FLD04843,5960,Mango,Fruit,Year-round,Mountain,302,43,197,7.8,0.55,Clay Loam,23,13.6,2235,2114,918,1455,1986,18.3,18.3,68,5.0,1.08,0.68,0.74,0.024,0.62,0.62,0.68,0.72,0.7,0.74,0.54,0.51,0.3,0.31,150,Reproductive,Surface,Mango,8125,0,Kharif,150
4844,KA006,21.97,87.64,FLD04844,18607,Mango,Fruit,Year-round,Arid,224,44,177,5.9,0.93,Laterite,25,17.7,347,308,128,240,267,30.7,30.7,45,5.5,1.08,0.68,0.74,0.01,0.64,0.64,0.67,0.71,0.74,0.69,0.54,0.55,0.29,0.29,146,Grain filling,Drip,Mango,24015,0,Kharif,146
4846,MP034,21.28,74.44,FLD04846,14323,Mango,Fruit,Year-round,Sub-Humid,199,40,232,6.4,0.87,Sandy Clay,24,11.3,895,757,237,491,670,29.9,29.9,74,5.6,1.08,0.68,0.73,0.02,0.63,0.63,0.64,0.71,0.72,0.73,0.53,0.52,0.31,0.25,149,Flush,Drip,Mango,18922,0,Kharif,149
4848,AP010,17.45,79.88,FLD04848,5166,Mango,Fruit,Year-round,Arid,226,48,205,7.4,0.63,Loam,29,21.5,443,378,132,281,338,32.7,32.7,51,5.9,1.08,0.67,0.72,0.02,0.61,0.62,0.68,0.72,0.7,0.71,0.52,0.53,0.28,0.33,166,Vegetative,Drip,Mango,6283,0,Kharif,166
4849,MP015,27.41,86.35,FLD04849,17390,Mango,Fruit,Year-round,Sub-Humid,214,51,205,5.9,0.67,Sandy,21,9.4,885,728,269,460,657,29.4,29.4,70,5.8,1.08,0.69,0.74,0.016,0.66,0.65,0.69,0.71,0.72,0.74,0.57,0.57,0.31,0.31,156,Grand growth,Drip,Mango,23442,0,Kharif,156
4852,MP005,29.92,82.17,FLD04852,18420,Mango,Fruit,Year-round,Humid,198,43,234,6.8,0.77,Clay Loam,24,9.2,2407,2241,844,1554,2080,25.3,25.3,79,5.5,1.08,0.69,0.73,0.014,0.66,0.62,0.67,0.72,0.73,0.73,0.55,0.53,0.31,0.25,157,Tuber development,Surface,Mango,22948,0,Kharif,157
4854,UP031,14.02,85.91,FLD04854,11878,Mango,Fruit,Year-round,Plateau,234,34,227,6.0,0.8,Sandy,30,9.1,928,777,308,547,660,26.5,26.5,72,4.8,1.08,0.67,0.74,0.01,0.65,0.61,0.65,0.67,0.74,0.7,0.55,0.51,0.28,0.27,152,Boll formation,Surface,Mango,16161,0,Kharif,152
4855,MH024,11.19,81.51,FLD04855,14227,Mango,Fruit,Year-round,Humid,217,34,192,6.8,0.69,Sandy Loam,23,6.5,1810,1567,641,1053,1468,25.3,25.3,83,5.0,1.08,0.68,0.73,0.02,0.62,0.64,0.66,0.7,0.73,0.72,0.54,0.53,0.3,0.23,140,Flush,Drip,Mango,18214,0,Kharif,140
4857,GJ044,18.99,84.31,FLD04857,18433,Mango,Fruit,Year-round,Sub-Humid,310,45,181,6.9,0.67,Clay Loam,23,10.4,964,766,276,474,686,27.8,27.8,69,5.6,1.08,0.69,0.73,0.018,0.64,0.65,0.67,0.73,0.69,0.73,0.54,0.57,0.32,0.32,157,Boll formation,Drip,Mango,26137,0,Kharif,157
4861,RJ028,18.12,85.42,FLD04861,7074,Mango,Fruit,Year-round,Humid,202,39,172,7.5,0.88,Sandy Clay,25,6.9,1963,1576,480,1048,1449,26.9,26.9,80,6.1,1.08,0.68,0.73,0.008,0.65,0.62,0.68,0.73,0.71,0.69,0.57,0.54,0.23,0.24,164,Bearing,Sprinkler,Mango,9056,0,Kharif,164
4862,GJ043,14.62,74.78,FLD04862,18623,Mango,Fruit,Year-round,Plateau,205,45,231,6.5,0.8,Sandy Clay,26,14.9,768,718,270,491,656,30.5,30.5,67,4.9,1.08,0.68,0.72,0.012,0.64,0.63,0.67,0.7,0.72,0.7,0.54,0.55,0.24,0.29,160,Tillering,Drip,Mango,24487,0,Kharif,160
4863,HR048,28.06,88.0,FLD04863,16595,Mango,Fruit,Year-round,Semi-Arid,320,41,218,6.9,0.68,Clay Loam,36,11.0,734,684,206,456,599,28.3,28.3,59,4.9,1.08,0.68,0.73,0.018,0.64,0.65,0.67,0.69,0.7,0.73,0.55,0.57,0.27,0.3,154,Pod formation,Drip,Mango,20584,0,Kharif,154
4864,UP002,14.94,79.45,FLD04864,18954,Mango,Fruit,Year-round,Humid,196,34,187,7.5,0.82,Loam,38,7.8,2740,2479,917,1588,2165,28.4,28.4,78,5.9,1.08,0.69,0.75,0.02,0.65,0.64,0.64,0.72,0.74,0.75,0.57,0.55,0.3,0.28,146,Fruiting,Drip,Mango,24901,0,Kharif,146
4865,KA011,19.62,88.88,FLD04865,16661,Mango,Fruit,Year-round,Sub-Humid,289,44,222,6.0,0.89,Sandy Clay,33,9.5,1082,1014,390,787,913,27.6,27.6,72,5.6,1.08,0.68,0.74,0.014,0.67,0.62,0.65,0.69,0.71,0.74,0.56,0.54,0.28,0.31,156,Flush,Sprinkler,Mango,21090,0,Kharif,156
4868,MP031,17.08,75.56,FLD04868,10796,Mango,Fruit,Year-round,Semi-Arid,188,50,170,7.1,0.76,Sandy Loam,23,10.7,567,444,194,325,380,31.8,31.8,67,5.8,1.08,0.67,0.72,0.01,0.65,0.64,0.64,0.69,0.72,0.7,0.54,0.53,0.29,0.23,151,Fruiting,Drip,Mango,13440,0,Kharif,151
4869,GJ031,34.24,90.74,FLD04869,15409,Mango,Fruit,Year-round,Mountain,208,42,179,6.0,0.59,Sandy Clay,30,13.4,3132,2576,1016,1961,2344,25.2,25.2,75,5.3,1.08,0.67,0.71,0.016,0.63,0.62,0.64,0.71,0.7,0.71,0.54,0.51,0.25,0.24,167,Rhizome development,Sprinkler,Mango,18097,0,Kharif,167
4870,MH001,12.29,87.35,FLD04870,12734,Mango,Fruit,Year-round,Sub-Humid,214,34,222,7.2,0.75,Sandy Clay,24,10.1,1138,1056,318,723,944,27.3,27.3,74,5.0,1.08,0.67,0.74,0.01,0.64,0.64,0.65,0.67,0.74,0.69,0.53,0.53,0.31,0.25,167,Mature,Sprinkler,Mango,16797,0,Kharif,167
4871,GJ050,15.59,86.9,FLD04871,9189,Mango,Fruit,Year-round,Coastal,268,34,227,7.7,0.65,Clay Loam,33,10.5,1508,1366,525,1080,1277,28.7,28.7,82,5.4,1.08,0.67,0.74,0.014,0.63,0.64,0.64,0.7,0.74,0.7,0.53,0.53,0.27,0.29,164,Grand growth,Sprinkler,Mango,11279,0,Kharif,164
4876,AP035,16.67,88.05,FLD04876,14243,Mango,Fruit,Year-round,Semi-Arid,270,29,205,5.9,0.56,Sandy Clay,38,13.6,564,428,150,332,388,28.5,28.5,55,5.7,1.08,0.67,0.72,0.02,0.62,0.62,0.64,0.72,0.7,0.72,0.51,0.53,0.29,0.3,145,Tuber bulking,Sprinkler,Mango,17421,0,Kharif,145
4877,RJ028,17.22,71.66,FLD04877,11449,Mango,Fruit,Year-round,Arid,291,51,232,7.1,0.89,Clay Loam,25,21.6,471,371,116,295,334,33.9,33.9,46,5.7,1.08,0.68,0.74,0.02,0.63,0.62,0.66,0.69,0.74,0.73,0.54,0.52,0.32,0.25,145,Vegetative,Sprinkler,Mango,16587,0,Kharif,145
4878,TN042,29.23,81.32,FLD04878,11430,Mango,Fruit,Year-round,Semi-Arid,206,38,231,6.7,0.95,Sandy Clay,23,11.6,845,733,246,493,642,29.0,29.0,64,4.9,1.08,0.67,0.73,0.016,0.62,0.65,0.65,0.68,0.73,0.7,0.53,0.54,0.3,0.23,165,Grand growth,Drip,Mango,15468,0,Kharif,165
4882,PB039,12.8,83.21,FLD04882,13920,Mango,Fruit,Year-round,Plateau,199,51,181,6.3,0.92,Clay,34,11.9,1193,915,363,592,814,28.5,28.5,62,5.9,1.08,0.67,0.74,0.022,0.63,0.62,0.64,0.71,0.71,0.74,0.52,0.54,0.24,0.31,166,Bulbing,Sprinkler,Mango,17876,0,Kharif,166
4884,MH023,26.72,82.56,FLD04884,5131,Mango,Fruit,Year-round,Plateau,294,46,171,6.1,0.84,Sandy Loam,26,13.1,1199,992,440,707,881,29.6,29.6,74,5.5,1.08,0.67,0.72,0.014,0.65,0.64,0.64,0.71,0.69,0.72,0.53,0.56,0.26,0.28,149,Flush,Sprinkler,Mango,6273,0,Kharif,149
4885,KA010,23.64,86.57,FLD04885,10878,Mango,Fruit,Year-round,Plateau,272,49,212,7.1,0.61,Sandy Loam,25,14.6,942,808,293,569,710,29.9,29.9,71,6.0,1.08,0.67,0.72,0.012,0.63,0.64,0.65,0.72,0.69,0.69,0.54,0.53,0.24,0.3,144,Tillering,Drip,Mango,13620,0,Kharif,144
4886,KA013,25.74,78.98,FLD04886,17679,Mango,Fruit,Year-round,Humid,269,52,238,6.7,0.6,Sandy,34,5.9,2095,1577,621,1099,1380,28.4,28.4,77,4.9,1.08,0.68,0.72,0.02,0.62,0.66,0.68,0.71,0.71,0.72,0.54,0.56,0.32,0.26,154,Boll formation,Drip,Mango,24382,0,Kharif,154
4887,MH007,17.93,78.75,FLD04887,9821,Mango,Fruit,Year-round,Coastal,243,49,237,6.2,0.82,Clay Loam,22,11.8,1513,1136,359,897,1062,28.7,28.7,77,5.9,1.08,0.69,0.72,0.008,0.67,0.67,0.67,0.7,0.72,0.71,0.57,0.57,0.22,0.23,165,Nut development,Sprinkler,Mango,13646,0,Kharif,165
4888,TN041,31.04,92.93,FLD04888,6951,Mango,Fruit,Year-round,Mountain,248,30,220,6.6,0.67,Sandy Loam,29,7.8,2461,1880,817,1165,1706,23.8,23.8,74,6.0,1.08,0.67,0.73,0.022,0.62,0.62,0.64,0.73,0.71,0.73,0.53,0.52,0.31,0.27,156,Boll formation,Sprinkler,Mango,8088,0,Kharif,156
4889,RJ020,29.11,70.31,FLD04889,19645,Mango,Fruit,Year-round,Humid,270,43,196,6.9,0.79,Laterite,37,6.0,1488,1248,470,797,1073,26.7,26.7,78,6.0,1.08,0.69,0.74,0.014,0.66,0.64,0.68,0.7,0.74,0.73,0.56,0.56,0.25,0.25,169,Reproductive,Drip,Mango,24108,0,Kharif,169
4890,TN039,22.75,72.2,FLD04890,15890,Mango,Fruit,Year-round,Sub-Humid,198,37,218,7.6,0.96,Clay,23,11.8,919,771,262,517,702,27.8,27.8,71,5.8,1.08,0.69,0.73,0.016,0.65,0.67,0.69,0.71,0.71,0.73,0.57,0.57,0.3,0.3,170,Tuber bulking,Drip,Mango,19187,0,Kharif,170
4891,HR038,16.0,84.66,FLD04891,19038,Mango,Fruit,Year-round,Semi-Arid,216,42,198,7.7,0.7,Clay Loam,37,13.3,522,424,185,295,368,28.0,28.0,58,4.9,1.08,0.68,0.73,0.012,0.66,0.63,0.66,0.67,0.73,0.72,0.54,0.55,0.28,0.29,159,Bulbing,Drip,Mango,23188,0,Kharif,159
4893,AP046,23.13,74.85,FLD04893,15908,Mango,Fruit,Year-round,Arid,270,33,240,6.9,0.97,Sandy Loam,20,18.4,392,298,119,234,277,31.4,31.4,48,6.1,1.08,0.68,0.74,0.018,0.65,0.63,0.66,0.69,0.7,0.74,0.54,0.52,0.24,0.25,151,Grand growth,Drip,Mango,20776,0,Kharif,151
4900,UP033,19.15,82.69,FLD04900,9879,Mango,Fruit,Year-round,Coastal,266,45,178,7.0,0.71,Sandy,37,10.5,2300,2025,708,1554,1820,30.6,30.6,71,5.0,1.08,0.69,0.72,0.014,0.65,0.67,0.67,0.7,0.72,0.72,0.56,0.56,0.3,0.22,157,Reproductive,Sprinkler,Mango,13098,0,Kharif,157
4906,KA034,27.84,73.29,FLD04906,13797,Mango,Fruit,Year-round,Plateau,265,51,175,5.9,0.9,Sandy Loam,27,8.5,844,748,236,463,702,26.3,26.3,64,5.6,1.08,0.69,0.75,0.018,0.66,0.65,0.67,0.69,0.73,0.75,0.58,0.57,0.26,0.28,154,Grand growth,Sprinkler,Mango,18714,0,Kharif,154
4907,KA009,16.31,78.97,FLD04907,10831,Mango,Fruit,Year-round,Plateau,229,44,225,7.7,0.79,Clay Loam,36,11.9,1085,870,293,556,801,30.1,30.1,64,4.8,1.08,0.68,0.72,0.014,0.65,0.62,0.66,0.69,0.72,0.72,0.56,0.54,0.24,0.24,154,Pod formation,Sprinkler,Mango,14100,0,Kharif,154
4909,MP035,11.1,87.91,FLD04909,19406,Mango,Fruit,Year-round,Sub-Humid,219,41,214,6.6,0.95,Sandy Loam,26,11.7,874,818,287,514,750,28.9,28.9,75,6.0,1.08,0.68,0.74,0.024,0.62,0.65,0.67,0.67,0.71,0.74,0.54,0.55,0.27,0.23,159,Tuber bulking,Surface,Mango,23731,0,Kharif,159
4910,PB042,29.05,87.91,FLD04910,12838,Mango,Fruit,Year-round,Arid,198,29,189,6.5,0.88,Sandy Clay,36,21.7,413,331,107,256,306,33.1,33.1,56,5.5,1.08,0.68,0.74,0.024,0.62,0.64,0.68,0.7,0.69,0.74,0.52,0.56,0.25,0.29,149,Bearing,Drip,Mango,15917,0,Kharif,149
4911,KA007,26.64,81.53,FLD04911,9166,Mango,Fruit,Year-round,Humid,270,48,180,7.3,0.96,Sandy Loam,26,7.7,3165,2723,1110,1635,2361,27.6,27.6,77,4.8,1.08,0.69,0.73,0.006,0.66,0.66,0.69,0.72,0.73,0.69,0.55,0.57,0.29,0.29,144,Pod formation,Drip,Mango,12580,0,Kharif,144
4912,GJ047,23.83,72.46,FLD04912,6557,Mango,Fruit,Year-round,Sub-Humid,255,51,188,7.7,0.76,Sandy,24,11.5,994,777,287,596,681,27.1,27.1,69,6.1,1.08,0.67,0.73,0.018,0.64,0.61,0.65,0.67,0.71,0.73,0.55,0.51,0.23,0.3,153,Tuber bulking,Surface,Mango,8864,0,Kharif,153
4914,HR006,20.13,82.71,FLD04914,10707,Mango,Fruit,Year-round,Coastal,263,33,239,6.5,0.71,Sandy Clay,31,6.9,1284,1016,441,745,908,28.8,28.8,78,5.9,1.08,0.68,0.71,0.004,0.67,0.66,0.67,0.67,0.71,0.69,0.57,0.55,0.29,0.29,166,Fruiting,Drip,Mango,13602,0,Kharif,166
4916,MP020,25.46,70.27,FLD04916,10441,Mango,Fruit,Year-round,Humid,256,52,210,6.0,0.87,Sandy,26,7.3,2710,2103,906,1481,1875,28.3,28.3,84,5.5,1.08,0.68,0.74,0.022,0.63,0.65,0.66,0.67,0.74,0.74,0.55,0.53,0.28,0.32,142,Tillering,Drip,Mango,13432,0,Kharif,142
4922,UP004,26.96,72.69,FLD04922,10064,Mango,Fruit,Year-round,Humid,238,50,237,6.1,0.69,Loam,36,5.5,1277,1106,466,832,951,27.4,27.4,78,5.9,1.08,0.68,0.75,0.008,0.67,0.62,0.64,0.69,0.75,0.71,0.56,0.53,0.24,0.29,148,Mature,Surface,Mango,12907,0,Kharif,148
4925,HR008,22.77,76.49,FLD04925,9822,Mango,Fruit,Year-round,Sub-Humid,253,33,188,7.0,0.91,Sandy Clay,24,11.6,1173,1005,405,700,894,29.6,29.6,75,4.9,1.08,0.68,0.74,0.01,0.65,0.65,0.65,0.71,0.74,0.7,0.54,0.57,0.26,0.28,165,Flowering,Drip,Mango,11385,0,Kharif,165
4926,RJ036,12.25,86.9,FLD04926,17615,Mango,Fruit,Year-round,Sub-Humid,287,40,216,7.3,0.53,Clay Loam,20,10.3,986,878,277,613,829,27.2,27.2,75,6.2,1.08,0.69,0.75,0.02,0.65,0.64,0.68,0.7,0.74,0.75,0.55,0.54,0.28,0.3,155,Boll formation,Sprinkler,Mango,24441,0,Kharif,155
4928,AP040,11.93,76.48,FLD04928,14807,Mango,Fruit,Year-round,Sub-Humid,219,36,198,7.3,0.84,Sandy Clay,23,12.1,1052,873,280,563,800,28.5,28.5,73,5.4,1.08,0.68,0.72,0.01,0.67,0.65,0.68,0.68,0.7,0.72,0.58,0.57,0.31,0.32,168,Tuber development,Drip,Mango,19439,0,Kharif,168
4930,KA037,29.79,73.77,FLD04930,14875,Mango,Fruit,Year-round,Arid,257,31,234,7.3,0.66,Sandy Loam,20,24.0,430,352,156,273,330,34.8,34.8,47,6.0,1.08,0.69,0.74,0.024,0.62,0.67,0.67,0.72,0.72,0.74,0.54,0.55,0.28,0.29,151,Tillering,Sprinkler,Mango,17959,0,Kharif,151
4932,MH015,28.02,74.26,FLD04932,18226,Mango,Fruit,Year-round,Sub-Humid,287,46,175,6.5,0.54,Laterite,33,11.1,869,810,281,613,763,27.1,27.1,76,5.8,1.08,0.67,0.74,0.014,0.62,0.67,0.64,0.69,0.74,0.69,0.51,0.57,0.31,0.28,141,Flowering,Sprinkler,Mango,24642,0,Kharif,141
4933,RJ050,18.28,71.28,FLD04933,19267,Mango,Fruit,Year-round,Semi-Arid,303,35,233,6.5,0.59,Clay,20,11.0,835,664,223,402,595,29.3,29.3,56,5.9,1.08,0.68,0.74,0.022,0.63,0.64,0.67,0.7,0.71,0.74,0.53,0.56,0.26,0.26,144,Flowering,Sprinkler,Mango,26279,0,Kharif,144
4934,MP044,13.15,70.85,FLD04934,6527,Mango,Fruit,Year-round,Humid,315,36,203,6.0,0.72,Clay Loam,33,5.1,2520,2274,968,1399,2024,25.6,25.6,85,5.5,1.08,0.68,0.73,0.016,0.65,0.63,0.69,0.67,0.69,0.73,0.56,0.55,0.26,0.24,153,Flush,Sprinkler,Mango,8520,0,Kharif,153
4936,MP011,14.58,83.43,FLD04936,6396,Mango,Fruit,Year-round,Coastal,272,31,226,5.9,0.65,Sandy Clay,24,6.3,2668,2095,662,1395,1896,28.2,28.2,71,6.1,1.08,0.69,0.74,0.012,0.66,0.65,0.68,0.68,0.74,0.72,0.57,0.55,0.28,0.25,166,Rhizome development,Surface,Mango,8267,0,Kharif,166
4937,KA020,16.75,87.68,FLD04937,18152,Mango,Fruit,Year-round,Arid,310,46,177,6.0,0.5,Laterite,28,17.6,432,395,130,254,338,35.7,35.7,56,5.7,1.08,0.67,0.71,0.016,0.62,0.66,0.64,0.67,0.71,0.7,0.52,0.55,0.29,0.23,165,Pod formation,Drip,Mango,21634,0,Kharif,165
4944,PB031,19.83,88.18,FLD04944,15014,Mango,Fruit,Year-round,Sub-Humid,220,45,206,6.8,0.89,Sandy Clay,33,8.1,1027,974,426,703,886,28.5,28.5,72,5.7,1.08,0.67,0.74,0.018,0.62,0.62,0.63,0.71,0.74,0.71,0.52,0.54,0.3,0.3,144,Vegetative,Sprinkler,Mango,18100,0,Kharif,144
4947,MP050,13.26,72.22,FLD04947,14217,Mango,Fruit,Year-round,Arid,269,38,212,6.3,0.73,Laterite,27,17.4,286,254,113,176,222,32.0,32.0,56,5.8,1.08,0.68,0.75,0.026,0.62,0.66,0.65,0.68,0.73,0.75,0.51,0.58,0.27,0.31,140,Nut development,Sprinkler,Mango,23224,0,Kharif,140
4948,GJ002,24.42,72.17,FLD04948,7693,Mango,Fruit,Year-round,Plateau,302,48,201,7.2,0.81,Clay,21,10.9,688,521,163,411,465,30.1,30.1,74,5.4,1.08,0.68,0.72,0.018,0.63,0.66,0.67,0.7,0.72,0.72,0.55,0.56,0.26,0.25,162,Reproductive,Drip,Mango,10973,0,Kharif,162
4949,PB002,29.88,73.45,FLD04949,6646,Mango,Fruit,Year-round,Plateau,273,51,209,6.0,0.82,Laterite,20,10.1,958,877,393,600,824,31.2,31.2,75,4.8,1.08,0.68,0.72,0.016,0.63,0.65,0.69,0.7,0.72,0.71,0.53,0.55,0.23,0.24,164,Grain filling,Drip,Mango,9016,0,Kharif,164
4951,HR030,29.78,82.09,FLD04951,7795,Papaya,Fruit,Year-round,Plateau,208,39,239,7.6,0.56,Clay,29,13.2,713,547,205,415,490,31.0,31.0,72,5.6,1.05,0.68,0.72,0.014,0.65,0.63,0.66,0.7,0.72,0.72,0.54,0.54,0.28,0.29,141,Grand growth,Drip,Papaya,35579,0,Kharif,141
4953,UP015,18.72,88.15,FLD04953,17762,Papaya,Fruit,Year-round,Sub-Humid,285,44,202,6.2,0.77,Loam,30,12.7,1045,988,431,781,899,29.3,29.3,68,5.0,1.05,0.68,0.72,0.018,0.61,0.67,0.66,0.7,0.72,0.7,0.53,0.58,0.33,0.27,140,Rhizome development,Sprinkler,Papaya,72026,0,Kharif,140
4954,AP027,24.05,81.84,FLD04954,15466,Papaya,Fruit,Year-round,Plateau,215,46,172,7.6,0.51,Clay,25,14.0,1165,934,382,692,855,30.5,30.5,63,4.9,1.05,0.68,0.75,0.026,0.62,0.64,0.67,0.7,0.72,0.75,0.52,0.55,0.31,0.24,161,Rhizome development,Surface,Papaya,68305,0,Kharif,161
4956,GJ041,14.02,83.16,FLD04956,12627,Papaya,Fruit,Year-round,Coastal,252,42,238,7.5,0.51,Loam,21,6.9,2460,2031,723,1360,1874,30.1,30.1,74,5.8,1.05,0.68,0.74,0.02,0.62,0.65,0.66,0.69,0.74,0.72,0.53,0.56,0.25,0.23,164,Pod formation,Surface,Papaya,56902,0,Kharif,164
4957,KA018,29.22,70.31,FLD04957,6766,Papaya,Fruit,Year-round,Plateau,303,34,237,5.9,0.61,Sandy Clay,28,14.7,1174,995,429,657,890,27.8,27.8,69,5.9,1.05,0.68,0.73,0.016,0.65,0.61,0.68,0.7,0.7,0.73,0.54,0.53,0.28,0.26,141,Flowering,Sprinkler,Papaya,31129,0,Kharif,141
4962,HR006,16.44,85.11,FLD04962,16235,Papaya,Fruit,Year-round,Plateau,234,46,176,6.5,0.88,Loam,23,13.6,859,775,325,544,660,29.8,29.8,68,5.8,1.05,0.69,0.75,0.016,0.67,0.67,0.67,0.71,0.7,0.75,0.59,0.55,0.27,0.31,164,Flush,Drip,Papaya,74659,0,Kharif,164
4974,AP032,18.34,82.72,FLD04974,8432,Papaya,Fruit,Year-round,Arid,184,45,203,7.6,0.92,Sandy,24,18.0,386,321,132,199,304,33.6,33.6,56,5.4,1.05,0.67,0.73,0.018,0.61,0.63,0.66,0.73,0.71,0.7,0.53,0.55,0.28,0.26,151,Grain filling,Drip,Papaya,32812,0,Kharif,151
4981,MH027,29.62,84.36,FLD04981,13600,Papaya,Fruit,Year-round,Mountain,206,32,212,6.6,0.77,Sandy Clay,27,11.6,2677,2326,1023,1659,2144,19.0,19.0,85,4.9,1.05,0.67,0.71,0.016,0.63,0.62,0.68,0.68,0.69,0.71,0.53,0.51,0.24,0.24,164,Reproductive,Surface,Papaya,54977,0,Kharif,164
4983,TN045,14.66,84.58,FLD04983,6104,Papaya,Fruit,Year-round,Sub-Humid,241,43,187,7.2,0.78,Loam,27,10.4,1103,870,363,542,788,28.7,28.7,70,5.5,1.05,0.68,0.71,0.014,0.64,0.65,0.66,0.71,0.69,0.71,0.53,0.54,0.3,0.23,145,Rhizome development,Sprinkler,Papaya,27796,0,Kharif,145
4984,PB019,14.75,81.47,FLD04984,10445,Papaya,Fruit,Year-round,Humid,292,44,222,7.4,0.6,Loam,26,6.8,1835,1459,523,973,1309,27.7,27.7,79,5.5,1.05,0.68,0.72,0.018,0.63,0.67,0.64,0.69,0.72,0.72,0.52,0.58,0.3,0.3,151,Tuber development,Drip,Papaya,44811,0,Kharif,151
4986,AP030,21.23,73.76,FLD04986,14616,Papaya,Fruit,Year-round,Humid,307,46,199,6.0,0.53,Laterite,34,7.5,2973,2634,894,1693,2337,26.9,26.9,86,4.6,1.05,0.67,0.72,0.014,0.65,0.63,0.65,0.68,0.72,0.72,0.55,0.54,0.22,0.32,162,Grain filling,Drip,Papaya,67483,0,Kharif,162
4993,TN025,11.47,79.34,FLD04993,18711,Papaya,Fruit,Year-round,Semi-Arid,185,34,172,6.5,0.79,Sandy Loam,21,12.4,605,532,207,364,490,29.8,29.8,62,4.6,1.05,0.68,0.73,0.018,0.64,0.65,0.69,0.67,0.7,0.73,0.54,0.55,0.32,0.25,141,Boll formation,Drip,Papaya,73413,0,Kharif,141
4994,KA009,25.9,82.66,FLD04994,8732,Papaya,Fruit,Year-round,Mountain,229,50,181,7.3,0.56,Sandy,37,13.8,3143,2834,984,1986,2577,25.8,25.8,62,5.0,1.05,0.68,0.74,0.02,0.64,0.65,0.66,0.7,0.7,0.74,0.56,0.56,0.27,0.31,165,Vegetative,Drip,Papaya,35925,0,Kharif,165
4995,UP026,28.11,93.45,FLD04995,14632,Papaya,Fruit,Year-round,Mountain,197,39,203,6.2,0.9,Sandy Clay,26,8.1,1654,1316,533,896,1198,24.7,24.7,73,4.9,1.05,0.69,0.74,0.016,0.66,0.64,0.64,0.71,0.74,0.74,0.58,0.56,0.27,0.3,169,Reproductive,Sprinkler,Papaya,66364,0,Kharif,169
4996,AP014,23.01,72.84,FLD04996,6879,Papaya,Fruit,Year-round,Arid,239,48,237,6.7,0.88,Sandy,29,22.1,377,324,98,195,292,30.1,30.1,46,5.7,1.05,0.68,0.73,0.01,0.64,0.66,0.67,0.71,0.73,0.69,0.54,0.54,0.3,0.29,170,Vegetative,Drip,Papaya,29891,0,Kharif,170
4997,MH031,10.07,86.87,FLD04997,12925,Papaya,Fruit,Year-round,Coastal,301,52,238,5.8,0.51,Sandy,38,9.6,2731,2406,837,1635,2271,30.6,30.6,72,5.1,1.05,0.67,0.73,0.014,0.62,0.62,0.66,0.73,0.72,0.69,0.53,0.52,0.33,0.33,159,Boll formation,Drip,Papaya,62369,0,Kharif,159
4998,UP047,15.99,72.23,FLD04998,14186,Papaya,Fruit,Year-round,Humid,242,50,209,6.4,0.9,Sandy Loam,36,7.5,1941,1479,562,999,1349,27.7,27.7,81,5.0,1.05,0.69,0.74,0.022,0.63,0.63,0.68,0.72,0.71,0.74,0.55,0.52,0.28,0.23,148,Bulbing,Sprinkler,Papaya,65883,0,Kharif,148
5002,TN036,26.26,73.63,FLD05002,16716,Papaya,Fruit,Year-round,Sub-Humid,243,49,226,6.0,0.52,Sandy Clay,25,10.8,1163,873,390,549,828,28.1,28.1,68,5.2,1.05,0.69,0.72,0.006,0.66,0.66,0.68,0.72,0.71,0.69,0.57,0.57,0.28,0.29,159,Flowering,Sprinkler,Papaya,71331,0,Kharif,159
5004,RJ015,11.0,77.45,FLD05004,8280,Papaya,Fruit,Year-round,Humid,294,43,211,7.2,0.88,Sandy,38,9.8,3200,2988,937,2322,2713,25.8,25.8,81,4.7,1.05,0.67,0.73,0.018,0.64,0.63,0.64,0.67,0.7,0.73,0.54,0.53,0.32,0.26,140,Grain filling,Sprinkler,Papaya,38917,0,Kharif,140
5005,MH038,21.66,80.83,FLD05005,9528,Papaya,Fruit,Year-round,Coastal,238,38,177,7.3,0.53,Sandy,22,9.0,2470,1958,755,1337,1780,29.5,29.5,76,4.7,1.05,0.69,0.72,0.006,0.67,0.64,0.68,0.7,0.72,0.7,0.57,0.53,0.23,0.29,141,Boll formation,Surface,Papaya,39533,0,Kharif,141
5006,TN030,28.56,84.1,FLD05006,12893,Papaya,Fruit,Year-round,Semi-Arid,313,37,177,6.2,0.84,Sandy Loam,23,12.0,606,539,226,361,494,28.9,28.9,68,5.0,1.05,0.69,0.72,0.012,0.66,0.63,0.68,0.7,0.72,0.72,0.56,0.54,0.24,0.24,159,Rhizome development,Sprinkler,Papaya,58523,0,Kharif,159
5008,MP035,27.93,76.22,FLD05008,17792,Papaya,Fruit,Year-round,Sub-Humid,253,36,193,7.6,0.74,Sandy Clay,25,12.1,1191,936,358,621,834,28.7,28.7,69,5.2,1.05,0.66,0.73,0.016,0.61,0.62,0.65,0.69,0.73,0.69,0.51,0.53,0.31,0.33,144,Grand growth,Drip,Papaya,76627,0,Kharif,144
5010,HR039,18.0,89.57,FLD05010,8905,Papaya,Fruit,Year-round,Sub-Humid,311,41,195,7.8,0.9,Sandy Loam,32,9.2,929,870,341,567,826,28.1,28.1,76,4.7,1.05,0.68,0.71,0.01,0.66,0.66,0.65,0.69,0.69,0.71,0.55,0.55,0.31,0.27,168,Tuber development,Surface,Papaya,40840,0,Kharif,168
5011,HR044,33.04,82.94,FLD05011,8904,Papaya,Fruit,Year-round,Mountain,250,36,195,7.5,0.84,Sandy Loam,20,9.7,2529,2088,711,1354,1870,16.7,16.7,77,5.5,1.05,0.67,0.74,0.016,0.65,0.63,0.63,0.67,0.74,0.73,0.56,0.54,0.26,0.29,140,Pod formation,Sprinkler,Papaya,37090,0,Kharif,140
5012,UP009,22.93,78.65,FLD05012,18734,Papaya,Fruit,Year-round,Arid,219,35,211,6.2,0.8,Sandy Clay,26,21.5,301,237,95,159,202,32.7,32.7,51,5.0,1.05,0.68,0.74,0.014,0.64,0.67,0.66,0.68,0.74,0.71,0.55,0.57,0.28,0.22,157,Vegetative,Sprinkler,Papaya,99831,0,Kharif,157
5016,UP036,17.65,80.25,FLD05016,9916,Papaya,Fruit,Year-round,Semi-Arid,234,38,175,5.9,0.56,Loam,29,11.3,685,584,249,421,527,30.3,30.3,61,5.7,1.05,0.67,0.72,0.018,0.62,0.62,0.64,0.72,0.72,0.71,0.51,0.52,0.3,0.24,142,Flowering,Sprinkler,Papaya,40841,0,Kharif,142
5017,MP029,12.7,87.35,FLD05017,9177,Papaya,Fruit,Year-round,Humid,236,52,185,6.5,0.75,Clay Loam,28,9.9,1769,1355,504,933,1285,28.3,28.3,83,5.7,1.05,0.68,0.71,0.008,0.66,0.67,0.67,0.71,0.69,0.7,0.56,0.58,0.24,0.3,162,Tuber bulking,Drip,Papaya,37779,0,Kharif,162
5019,MH018,21.72,78.59,FLD05019,9075,Papaya,Fruit,Year-round,Semi-Arid,184,47,229,5.9,0.8,Laterite,24,12.3,501,474,193,299,437,30.0,30.0,58,5.9,1.05,0.68,0.73,0.014,0.66,0.62,0.64,0.69,0.73,0.73,0.55,0.52,0.25,0.25,151,Flush,Drip,Papaya,37424,0,Kharif,151
5020,GJ040,25.17,87.0,FLD05020,16413,Papaya,Fruit,Year-round,Mountain,316,47,172,7.7,0.84,Clay,37,11.9,2542,2303,857,1643,2036,23.9,23.9,81,5.8,1.05,0.67,0.73,0.01,0.65,0.62,0.64,0.73,0.7,0.7,0.56,0.54,0.3,0.31,146,Tuber development,Sprinkler,Papaya,70353,0,Kharif,146
5023,AP047,29.71,82.15,FLD05023,14597,Papaya,Fruit,Year-round,Sub-Humid,296,35,228,7.3,0.7,Clay Loam,20,8.4,1054,994,330,710,846,29.6,29.6,71,5.6,1.05,0.69,0.75,0.02,0.65,0.62,0.68,0.71,0.73,0.75,0.55,0.53,0.23,0.29,154,Boll formation,Sprinkler,Papaya,60591,0,Kharif,154
5024,UP037,26.26,83.48,FLD05024,16493,Papaya,Fruit,Year-round,Semi-Arid,237,39,182,5.8,0.66,Laterite,26,14.2,815,772,308,593,716,28.7,28.7,56,5.8,1.05,0.67,0.71,0.01,0.66,0.62,0.68,0.67,0.71,0.71,0.58,0.53,0.27,0.29,151,Flush,Drip,Papaya,67082,0,Kharif,151
5025,KA047,21.85,75.72,FLD05025,16965,Papaya,Fruit,Year-round,Arid,180,47,233,6.2,0.63,Clay Loam,27,18.1,287,238,99,180,211,34.2,34.2,48,5.3,1.05,0.69,0.73,0.006,0.67,0.65,0.68,0.73,0.69,0.7,0.57,0.54,0.26,0.31,153,Tuber development,Drip,Papaya,93747,0,Kharif,153
5026,KA027,14.26,85.31,FLD05026,7852,Papaya,Fruit,Year-round,Coastal,286,28,206,7.5,0.85,Clay Loam,26,8.1,1271,1106,461,740,1028,29.1,29.1,79,4.9,1.05,0.67,0.73,0.022,0.62,0.63,0.64,0.69,0.71,0.73,0.53,0.55,0.3,0.32,147,Bulbing,Drip,Papaya,34343,0,Kharif,147
5028,AP021,29.83,82.54,FLD05028,11145,Papaya,Fruit,Year-round,Arid,293,48,184,6.0,0.63,Sandy Clay,23,16.2,317,282,87,214,258,30.8,30.8,51,5.3,1.05,0.67,0.74,0.024,0.62,0.65,0.64,0.67,0.72,0.74,0.54,0.54,0.24,0.31,142,Bulbing,Drip,Papaya,51192,0,Kharif,142
5029,TN006,21.74,74.7,FLD05029,5595,Papaya,Fruit,Year-round,Sub-Humid,237,46,193,6.1,0.66,Sandy Clay,31,12.9,1159,932,337,678,857,29.4,29.4,70,5.6,1.05,0.69,0.73,0.016,0.64,0.64,0.67,0.72,0.73,0.72,0.53,0.53,0.25,0.27,154,Boll formation,Drip,Papaya,23854,0,Kharif,154
5030,AP035,29.54,75.54,FLD05030,14374,Papaya,Fruit,Year-round,Plateau,288,35,177,7.3,0.61,Clay Loam,21,12.2,1041,836,273,611,730,28.0,28.0,76,5.3,1.05,0.68,0.72,0.014,0.64,0.65,0.66,0.69,0.72,0.71,0.56,0.54,0.24,0.27,167,Flowering,Sprinkler,Papaya,56377,0,Kharif,167
5033,RJ030,13.94,70.67,FLD05033,17586,Papaya,Fruit,Year-round,Sub-Humid,223,50,225,7.2,0.82,Sandy Clay,21,11.0,1004,849,296,646,769,28.7,28.7,70,4.7,1.05,0.68,0.74,0.018,0.64,0.64,0.64,0.67,0.74,0.73,0.55,0.55,0.28,0.27,150,Bearing,Drip,Papaya,80240,0,Kharif,150
5035,RJ031,29.15,78.14,FLD05035,6184,Papaya,Fruit,Year-round,Mountain,277,44,219,6.7,0.97,Sandy Clay,24,8.8,1645,1499,581,1187,1278,21.9,21.9,67,4.7,1.05,0.68,0.71,0.006,0.66,0.63,0.68,0.7,0.71,0.69,0.57,0.52,0.26,0.26,155,Tuber bulking,Sprinkler,Papaya,25722,0,Kharif,155
5037,KA049,11.57,82.75,FLD05037,11679,Papaya,Fruit,Year-round,Semi-Arid,269,28,235,7.1,0.58,Sandy Loam,28,14.0,544,477,179,321,415,29.2,29.2,58,5.3,1.05,0.67,0.74,0.018,0.65,0.63,0.63,0.69,0.71,0.74,0.56,0.55,0.32,0.29,151,Grain filling,Drip,Papaya,45557,0,Kharif,151
5038,UP042,23.28,84.04,FLD05038,12693,Papaya,Fruit,Year-round,Humid,293,44,227,6.7,0.7,Sandy,31,8.9,2841,2220,721,1511,1954,27.6,27.6,86,5.5,1.05,0.67,0.72,0.012,0.65,0.62,0.67,0.68,0.72,0.71,0.54,0.51,0.29,0.28,161,Nut development,Surface,Papaya,53684,0,Kharif,161
5039,AP021,21.2,78.53,FLD05039,10722,Papaya,Fruit,Year-round,Sub-Humid,244,30,232,5.9,0.98,Laterite,21,12.9,944,806,248,637,696,28.6,28.6,70,5.1,1.05,0.67,0.73,0.02,0.63,0.67,0.64,0.68,0.7,0.73,0.54,0.56,0.31,0.22,158,Tuber bulking,Drip,Papaya,47298,0,Kharif,158
5045,HR010,26.94,80.26,FLD05045,11965,Papaya,Fruit,Year-round,Arid,202,42,232,7.4,0.57,Sandy Clay,23,18.7,434,326,114,255,301,32.5,32.5,55,5.8,1.05,0.68,0.73,0.02,0.63,0.63,0.66,0.7,0.71,0.73,0.55,0.53,0.25,0.29,168,Grain filling,Drip,Papaya,48808,0,Kharif,168
5046,TN030,23.44,80.0,FLD05046,10218,Papaya,Fruit,Year-round,Humid,225,40,205,6.7,0.79,Sandy Loam,21,6.4,1245,945,319,602,821,28.0,28.0,77,4.7,1.05,0.67,0.72,0.014,0.65,0.64,0.66,0.68,0.7,0.72,0.55,0.53,0.26,0.28,148,Fruiting,Drip,Papaya,40509,0,Kharif,148
5047,AP026,19.56,79.69,FLD05047,17281,Papaya,Fruit,Year-round,Coastal,235,41,207,7.2,0.65,Clay,33,11.6,1883,1447,472,1150,1265,30.0,30.0,76,5.5,1.05,0.67,0.74,0.022,0.63,0.62,0.64,0.67,0.73,0.74,0.52,0.52,0.29,0.31,167,Reproductive,Drip,Papaya,71293,0,Kharif,167
5056,RJ043,29.35,83.57,FLD05056,18061,Papaya,Fruit,Year-round,Mountain,300,41,197,7.4,0.57,Sandy,28,10.9,1129,998,379,618,938,25.7,25.7,67,5.0,1.05,0.69,0.74,0.006,0.66,0.66,0.67,0.72,0.74,0.69,0.55,0.55,0.31,0.3,170,Rhizome development,Surface,Papaya,74530,0,Kharif,170
5057,MH014,14.07,84.25,FLD05057,18042,Papaya,Fruit,Year-round,Humid,288,49,197,6.4,0.92,Clay Loam,32,9.3,3178,2793,863,2143,2422,28.5,28.5,78,5.1,1.05,0.69,0.75,0.016,0.67,0.61,0.69,0.69,0.74,0.75,0.56,0.53,0.24,0.32,169,Bearing,Drip,Papaya,82194,0,Kharif,169
5058,AP003,19.65,75.28,FLD05058,8859,Papaya,Fruit,Year-round,Coastal,196,52,206,5.8,0.85,Loam,28,11.0,1255,1093,451,856,1024,30.7,30.7,73,5.5,1.05,0.69,0.75,0.02,0.65,0.63,0.66,0.72,0.7,0.75,0.54,0.53,0.29,0.29,151,Pod formation,Drip,Papaya,41293,0,Kharif,151
5061,HR005,29.72,85.82,FLD05061,19723,Papaya,Fruit,Year-round,Arid,305,33,226,7.8,0.98,Sandy,28,16.1,313,284,109,217,264,31.0,31.0,52,5.6,1.05,0.67,0.71,0.012,0.64,0.64,0.65,0.71,0.69,0.7,0.53,0.53,0.27,0.25,156,Vegetative,Sprinkler,Papaya,88056,0,Kharif,156
5064,MH026,31.79,81.36,FLD05064,19528,Papaya,Fruit,Year-round,Mountain,277,51,236,6.3,0.6,Loam,31,13.0,2235,1938,663,1433,1692,25.6,25.6,70,5.1,1.05,0.68,0.72,0.01,0.66,0.66,0.64,0.68,0.72,0.71,0.55,0.56,0.26,0.22,159,Rhizome development,Sprinkler,Papaya,88039,0,Kharif,159
5065,MH043,22.36,84.73,FLD05065,6859,Papaya,Fruit,Year-round,Humid,315,35,197,7.5,0.5,Laterite,22,7.0,1747,1521,670,1048,1309,26.4,26.4,79,5.1,1.05,0.68,0.74,0.01,0.66,0.63,0.65,0.69,0.74,0.71,0.57,0.55,0.31,0.24,170,Mature,Sprinkler,Papaya,29955,0,Kharif,170
5071,MH036,21.0,73.39,FLD05071,9420,Papaya,Fruit,Year-round,Coastal,270,30,234,6.8,0.68,Laterite,23,6.5,2382,2077,772,1371,1962,30.7,30.7,81,5.4,1.05,0.69,0.75,0.018,0.66,0.65,0.69,0.69,0.71,0.75,0.54,0.56,0.23,0.32,167,Flowering,Surface,Papaya,40883,0,Kharif,167
5072,GJ029,12.59,75.26,FLD05072,13294,Papaya,Fruit,Year-round,Coastal,223,48,215,5.9,0.7,Loam,22,11.8,858,774,245,610,677,29.9,29.9,76,5.5,1.05,0.7,0.73,0.012,0.67,0.65,0.69,0.72,0.73,0.73,0.58,0.54,0.23,0.25,144,Mature,Drip,Papaya,59206,0,Kharif,144
5074,MH006,28.04,84.74,FLD05074,15023,Papaya,Fruit,Year-round,Semi-Arid,239,47,237,6.5,0.72,Clay,25,11.7,828,733,252,501,657,29.0,29.0,68,5.7,1.05,0.67,0.73,0.016,0.62,0.63,0.65,0.72,0.73,0.7,0.54,0.52,0.25,0.29,140,Pod formation,Drip,Papaya,67858,0,Kharif,140
5076,HR047,14.58,84.8,FLD05076,8926,Papaya,Fruit,Year-round,Semi-Arid,251,32,178,6.9,0.7,Loam,28,14.6,833,776,292,592,726,30.6,30.6,66,4.8,1.05,0.67,0.73,0.016,0.65,0.63,0.64,0.68,0.7,0.73,0.56,0.53,0.23,0.31,151,Nut development,Sprinkler,Papaya,35151,0,Kharif,151
5077,GJ001,14.65,79.32,FLD05077,19453,Papaya,Fruit,Year-round,Humid,196,29,209,6.0,0.62,Laterite,23,6.6,3116,2627,900,1872,2361,26.9,26.9,75,5.7,1.05,0.67,0.71,0.012,0.63,0.66,0.65,0.69,0.71,0.69,0.54,0.55,0.27,0.22,151,Bearing,Sprinkler,Papaya,83144,0,Kharif,151
5078,TN025,11.03,77.43,FLD05078,9868,Papaya,Fruit,Year-round,Sub-Humid,286,43,231,6.7,0.5,Sandy,34,12.7,859,745,309,530,681,28.8,28.8,69,5.4,1.05,0.7,0.73,0.016,0.65,0.66,0.69,0.73,0.72,0.73,0.54,0.56,0.28,0.29,151,Vegetative,Sprinkler,Papaya,47546,0,Kharif,151
5082,MH019,13.6,70.78,FLD05082,14033,Papaya,Fruit,Year-round,Semi-Arid,263,32,229,6.2,0.58,Sandy Clay,31,16.7,681,613,195,463,550,28.0,28.0,59,5.3,1.05,0.69,0.73,0.018,0.62,0.66,0.67,0.73,0.72,0.71,0.53,0.55,0.26,0.22,159,Bearing,Drip,Papaya,61684,0,Kharif,159
5083,HR020,28.42,76.31,FLD05083,11476,Papaya,Fruit,Year-round,Mountain,310,42,231,7.5,0.76,Sandy Clay,26,11.8,3207,2601,1000,1709,2446,23.5,23.5,65,5.0,1.05,0.69,0.75,0.022,0.64,0.67,0.65,0.72,0.71,0.75,0.55,0.57,0.3,0.28,148,Fruiting,Drip,Papaya,53558,0,Kharif,148
5084,HR011,10.5,78.34,FLD05084,8029,Papaya,Fruit,Year-round,Plateau,254,49,235,7.6,0.92,Sandy Clay,38,8.1,1231,1111,353,858,1043,30.1,30.1,75,4.8,1.05,0.68,0.72,0.014,0.65,0.64,0.65,0.7,0.71,0.72,0.55,0.56,0.23,0.29,143,Vegetative,Drip,Papaya,35261,0,Kharif,143
5086,GJ028,9.96,85.57,FLD05086,15627,Papaya,Fruit,Year-round,Coastal,260,38,234,6.7,0.66,Sandy Clay,29,8.6,2586,2039,863,1599,1851,29.6,29.6,71,5.3,1.05,0.68,0.74,0.014,0.67,0.64,0.64,0.69,0.72,0.74,0.57,0.53,0.22,0.23,153,Nut development,Sprinkler,Papaya,64139,0,Kharif,153
5087,KA014,16.3,75.05,FLD05087,12180,Papaya,Fruit,Year-round,Plateau,207,43,193,7.0,0.71,Sandy,22,13.6,1187,1004,314,694,897,30.0,30.0,72,5.3,1.05,0.68,0.74,0.01,0.66,0.62,0.64,0.72,0.74,0.71,0.57,0.52,0.31,0.27,141,Pod formation,Sprinkler,Papaya,49037,0,Kharif,141
5088,GJ002,17.56,77.33,FLD05088,9946,Papaya,Fruit,Year-round,Plateau,263,48,184,7.0,0.54,Clay,31,14.0,1134,870,263,666,751,30.7,30.7,66,4.7,1.05,0.7,0.74,0.012,0.67,0.64,0.68,0.72,0.74,0.73,0.56,0.56,0.22,0.31,152,Pod formation,Surface,Papaya,40910,0,Kharif,152
5091,AP023,10.87,76.79,FLD05091,18530,Papaya,Fruit,Year-round,Humid,268,32,238,6.1,0.86,Laterite,22,8.2,3086,2901,1143,2174,2657,27.1,27.1,86,4.9,1.05,0.67,0.71,0.014,0.62,0.66,0.64,0.68,0.71,0.69,0.52,0.55,0.27,0.23,147,Flush,Drip,Papaya,82325,0,Kharif,147
5092,PB010,33.26,83.91,FLD05092,7591,Papaya,Fruit,Year-round,Mountain,199,51,184,6.6,0.9,Laterite,30,12.9,2293,1860,684,1337,1753,21.0,21.0,77,4.7,1.05,0.67,0.71,0.018,0.61,0.65,0.69,0.67,0.71,0.7,0.53,0.54,0.33,0.27,168,Rhizome development,Drip,Papaya,31001,0,Kharif,168
5094,TN002,12.35,82.01,FLD05094,12589,Papaya,Fruit,Year-round,Coastal,207,28,232,6.1,0.53,Sandy Clay,33,9.9,2532,1930,702,1513,1649,30.6,30.6,76,5.7,1.05,0.68,0.73,0.018,0.62,0.65,0.68,0.69,0.73,0.71,0.52,0.57,0.27,0.27,151,Rhizome development,Sprinkler,Papaya,50016,0,Kharif,151
5095,UP017,26.81,87.29,FLD05095,17659,Papaya,Fruit,Year-round,Arid,309,51,240,7.8,0.76,Clay,21,16.2,341,292,112,229,263,30.9,30.9,46,5.0,1.05,0.69,0.75,0.02,0.65,0.65,0.67,0.7,0.69,0.75,0.54,0.54,0.22,0.25,147,Reproductive,Sprinkler,Papaya,82085,0,Kharif,147
5096,TN006,15.39,73.94,FLD05096,8495,Papaya,Fruit,Year-round,Sub-Humid,193,37,174,6.7,0.74,Sandy Clay,35,12.4,1041,978,424,765,838,27.5,27.5,75,5.1,1.05,0.68,0.72,0.012,0.65,0.63,0.64,0.71,0.72,0.71,0.57,0.52,0.23,0.29,156,Rhizome development,Surface,Papaya,35299,0,Kharif,156
5097,RJ019,18.16,75.32,FLD05097,19544,Papaya,Fruit,Year-round,Plateau,260,45,210,6.1,0.64,Clay Loam,34,11.7,908,841,368,508,792,30.1,30.1,66,5.7,1.05,0.67,0.72,0.012,0.64,0.62,0.66,0.69,0.72,0.7,0.53,0.54,0.32,0.32,158,Grand growth,Sprinkler,Papaya,81770,0,Kharif,158
5099,AP042,29.59,82.36,FLD05099,15860,Papaya,Fruit,Year-round,Sub-Humid,218,37,189,7.1,0.79,Clay,35,11.2,1036,885,370,691,754,27.1,27.1,73,4.9,1.05,0.68,0.71,0.008,0.66,0.66,0.67,0.7,0.71,0.7,0.55,0.54,0.32,0.24,145,Flush,Drip,Papaya,65894,0,Kharif,145
5103,TN040,19.16,83.3,FLD05103,9577,Grapes,Fruit,Year-round,Arid,232,28,211,6.2,0.84,Loam,32,17.1,332,250,75,166,229,31.0,31.0,47,5.6,1.0,0.69,0.72,0.018,0.63,0.65,0.69,0.72,0.72,0.72,0.53,0.53,0.28,0.25,148,Mature,Sprinkler,Grapes,17600,0,Kharif,148
5105,PB047,23.16,84.45,FLD05105,19125,Grapes,Fruit,Year-round,Arid,202,44,203,6.7,0.89,Clay Loam,37,17.7,258,238,71,152,214,31.7,31.7,54,5.4,1.0,0.68,0.72,0.016,0.64,0.66,0.68,0.69,0.7,0.72,0.56,0.56,0.3,0.3,161,Grand growth,Drip,Grapes,38889,0,Kharif,161
5107,RJ019,29.73,84.58,FLD05107,18437,Grapes,Fruit,Year-round,Plateau,266,43,186,7.3,0.6,Loam,33,11.6,1276,1087,441,712,933,26.8,26.8,65,4.4,1.0,0.69,0.75,0.018,0.66,0.65,0.66,0.67,0.72,0.75,0.55,0.56,0.24,0.3,158,Tuber development,Surface,Grapes,30771,0,Kharif,158
5110,KA028,17.63,87.17,FLD05110,17132,Grapes,Fruit,Year-round,Humid,315,43,196,6.0,0.84,Loam,31,6.3,1424,1241,465,783,1177,26.2,26.2,77,5.3,1.0,0.69,0.73,0.022,0.62,0.66,0.68,0.72,0.73,0.73,0.53,0.56,0.32,0.31,150,Flush,Sprinkler,Grapes,29317,0,Kharif,150
5112,MP010,13.02,68.62,FLD05112,6747,Grapes,Fruit,Year-round,Coastal,209,45,226,6.8,0.76,Sandy,34,10.0,933,724,275,482,635,30.1,30.1,81,5.3,1.0,0.67,0.73,0.01,0.64,0.65,0.63,0.69,0.73,0.69,0.55,0.54,0.28,0.23,159,Flush,Surface,Grapes,11726,0,Kharif,159
5115,PB002,14.4,81.09,FLD05115,12491,Grapes,Fruit,Year-round,Arid,196,42,205,7.1,0.78,Clay Loam,31,17.1,357,308,115,202,263,31.5,31.5,50,4.5,1.0,0.67,0.71,0.01,0.66,0.65,0.66,0.67,0.7,0.71,0.58,0.56,0.31,0.26,146,Flush,Drip,Grapes,20730,0,Kharif,146
5116,HR024,9.4,81.58,FLD05116,7900,Grapes,Fruit,Year-round,Coastal,308,37,217,7.7,0.78,Clay Loam,30,6.3,804,650,241,444,567,28.5,28.5,78,5.5,1.0,0.69,0.74,0.008,0.67,0.64,0.68,0.67,0.74,0.71,0.56,0.56,0.31,0.31,168,Tuber bulking,Surface,Grapes,13642,0,Kharif,168
5117,AP042,27.26,80.12,FLD05117,17086,Grapes,Fruit,Year-round,Mountain,295,32,197,7.7,0.95,Sandy,22,14.0,2548,2115,634,1418,1866,17.0,17.0,67,5.6,1.0,0.69,0.74,0.014,0.65,0.67,0.66,0.7,0.74,0.72,0.56,0.56,0.24,0.31,161,Vegetative,Surface,Grapes,30490,0,Kharif,161
5120,MH003,31.78,92.87,FLD05120,17308,Grapes,Fruit,Year-round,Mountain,253,29,206,7.4,0.64,Sandy Loam,37,7.1,2921,2311,790,1759,2053,21.0,21.0,75,4.7,1.0,0.67,0.72,0.014,0.63,0.64,0.63,0.68,0.72,0.7,0.53,0.53,0.26,0.25,170,Reproductive,Surface,Grapes,26875,0,Kharif,170
5121,MH031,34.67,90.99,FLD05121,18412,Grapes,Fruit,Year-round,Mountain,315,49,232,6.2,0.9,Clay,27,9.6,1050,961,350,675,832,20.9,20.9,60,5.4,1.0,0.69,0.73,0.006,0.67,0.62,0.67,0.72,0.73,0.7,0.56,0.54,0.22,0.26,151,Tuber bulking,Drip,Grapes,33726,0,Kharif,151
5122,MP038,33.25,92.81,FLD05122,5982,Grapes,Fruit,Year-round,Mountain,212,29,207,6.9,0.53,Sandy Clay,36,14.1,2717,2377,900,1886,2096,18.4,18.4,60,4.7,1.0,0.68,0.73,0.014,0.62,0.64,0.68,0.73,0.7,0.69,0.51,0.55,0.33,0.25,152,Fruiting,Sprinkler,Grapes,10419,0,Kharif,152
5123,PB011,19.11,76.29,FLD05123,17651,Grapes,Fruit,Year-round,Semi-Arid,224,36,182,7.1,0.78,Laterite,35,15.1,530,441,146,349,394,28.5,28.5,56,4.7,1.0,0.67,0.71,0.016,0.63,0.62,0.68,0.7,0.71,0.71,0.52,0.51,0.32,0.26,158,Boll formation,Drip,Grapes,30197,0,Kharif,158
5128,HR024,32.57,89.59,FLD05128,13772,Grapes,Fruit,Year-round,Mountain,315,34,233,6.8,0.88,Clay Loam,24,11.9,2959,2686,902,2066,2387,18.7,18.7,75,4.5,1.0,0.68,0.73,0.018,0.63,0.63,0.67,0.71,0.73,0.72,0.52,0.55,0.32,0.24,150,Grand growth,Surface,Grapes,25762,0,Kharif,150
5131,TN036,32.17,75.54,FLD05131,19876,Grapes,Fruit,Year-round,Mountain,228,36,172,7.2,0.76,Loam,30,11.9,2273,2009,695,1504,1896,25.9,25.9,72,5.6,1.0,0.68,0.75,0.024,0.63,0.62,0.64,0.72,0.74,0.75,0.53,0.52,0.27,0.3,169,Flowering,Drip,Grapes,31300,0,Kharif,169
5136,MH043,22.41,84.85,FLD05136,16046,Grapes,Fruit,Year-round,Semi-Arid,247,45,218,6.9,0.66,Sandy Clay,32,13.9,682,598,232,477,514,29.6,29.6,57,4.9,1.0,0.68,0.72,0.008,0.66,0.67,0.63,0.72,0.72,0.7,0.57,0.58,0.24,0.23,140,Pod formation,Drip,Grapes,26888,0,Kharif,140
5137,KA003,21.73,79.33,FLD05137,7573,Grapes,Fruit,Year-round,Humid,259,48,206,6.2,0.53,Loam,20,6.2,1569,1249,530,908,1099,26.4,26.4,79,5.2,1.0,0.68,0.73,0.012,0.64,0.67,0.66,0.67,0.73,0.7,0.56,0.57,0.24,0.29,145,Boll formation,Sprinkler,Grapes,12336,0,Kharif,145
5138,RJ044,16.61,79.84,FLD05138,5784,Grapes,Fruit,Year-round,Semi-Arid,191,29,220,6.3,0.81,Sandy Loam,21,12.8,810,610,266,404,546,29.1,29.1,64,4.8,1.0,0.69,0.75,0.018,0.66,0.64,0.68,0.72,0.69,0.75,0.55,0.54,0.3,0.3,153,Grain filling,Drip,Grapes,9495,0,Kharif,153
5139,MH029,30.09,75.08,FLD05139,15232,Grapes,Fruit,Year-round,Mountain,302,40,217,7.2,0.62,Sandy Loam,34,10.3,964,792,286,508,708,23.8,23.8,73,5.0,1.0,0.69,0.74,0.014,0.66,0.67,0.66,0.67,0.74,0.73,0.57,0.57,0.31,0.25,155,Rhizome development,Drip,Grapes,25714,0,Kharif,155
5140,PB013,15.98,77.79,FLD05140,10265,Grapes,Fruit,Year-round,Humid,220,29,194,6.1,0.62,Sandy,26,8.7,1909,1686,581,1127,1484,26.7,26.7,76,5.5,1.0,0.68,0.72,0.01,0.65,0.64,0.66,0.72,0.7,0.7,0.55,0.53,0.25,0.31,144,Reproductive,Surface,Grapes,16390,0,Kharif,144
5143,UP008,27.12,86.93,FLD05143,12730,Grapes,Fruit,Year-round,Sub-Humid,272,45,208,6.9,0.72,Clay,20,11.7,952,747,249,485,709,29.2,29.2,76,4.8,1.0,0.69,0.74,0.012,0.65,0.67,0.68,0.71,0.74,0.71,0.56,0.58,0.31,0.24,166,Vegetative,Sprinkler,Grapes,22193,0,Kharif,166
5144,HR027,10.75,78.53,FLD05144,15902,Grapes,Fruit,Year-round,Coastal,296,34,200,7.2,0.67,Clay Loam,34,9.1,958,756,316,509,684,30.4,30.4,79,5.7,1.0,0.68,0.72,0.02,0.62,0.65,0.68,0.71,0.72,0.72,0.52,0.53,0.27,0.28,141,Mature,Sprinkler,Grapes,26712,0,Kharif,141
5147,PB014,32.3,78.78,FLD05147,13552,Grapes,Fruit,Year-round,Mountain,189,42,210,6.8,0.72,Sandy,23,9.3,3178,2421,1052,1848,2211,23.1,23.1,82,4.5,1.0,0.68,0.73,0.02,0.63,0.63,0.63,0.72,0.73,0.73,0.53,0.53,0.29,0.28,151,Tuber development,Surface,Grapes,21625,0,Kharif,151
5148,UP049,16.5,81.23,FLD05148,7054,Grapes,Fruit,Year-round,Humid,268,31,225,7.7,0.94,Sandy Clay,23,8.9,2037,1706,638,1294,1571,25.1,25.1,80,5.6,1.0,0.67,0.72,0.012,0.64,0.62,0.64,0.69,0.72,0.7,0.53,0.54,0.28,0.24,149,Boll formation,Surface,Grapes,11095,0,Kharif,149
5152,MH028,26.77,75.12,FLD05152,10242,Grapes,Fruit,Year-round,Plateau,311,30,193,6.4,0.97,Sandy,37,11.2,1265,953,398,628,882,27.9,27.9,64,5.1,1.0,0.68,0.73,0.016,0.63,0.65,0.65,0.71,0.73,0.71,0.52,0.54,0.25,0.24,148,Pod formation,Drip,Grapes,18503,0,Kharif,148
5155,MP024,26.94,79.43,FLD05155,13204,Grapes,Fruit,Year-round,Arid,242,49,193,6.5,0.71,Sandy,27,21.0,437,343,148,225,298,31.2,31.2,52,5.5,1.0,0.69,0.73,0.014,0.64,0.66,0.67,0.71,0.73,0.71,0.56,0.57,0.24,0.31,167,Boll formation,Drip,Grapes,22216,0,Kharif,167
5156,MH040,20.7,83.32,FLD05156,5553,Grapes,Fruit,Year-round,Semi-Arid,211,45,217,6.2,0.8,Clay,28,12.8,622,589,187,383,511,29.0,29.0,63,5.3,1.0,0.67,0.74,0.022,0.63,0.62,0.67,0.69,0.69,0.74,0.52,0.54,0.3,0.32,157,Bulbing,Drip,Grapes,9636,0,Kharif,157
5159,GJ009,10.86,82.84,FLD05159,18146,Grapes,Fruit,Year-round,Plateau,271,38,216,7.3,0.84,Clay Loam,22,13.9,1228,1010,313,710,861,28.9,28.9,75,5.5,1.0,0.69,0.75,0.018,0.66,0.63,0.67,0.72,0.72,0.75,0.55,0.54,0.31,0.31,169,Flowering,Sprinkler,Grapes,31646,0,Kharif,169
5160,HR021,16.57,75.73,FLD05160,7935,Grapes,Fruit,Year-round,Semi-Arid,185,28,232,6.8,0.92,Clay Loam,24,14.9,594,483,209,371,426,31.7,31.7,62,5.3,1.0,0.68,0.74,0.008,0.66,0.67,0.63,0.67,0.74,0.7,0.55,0.56,0.3,0.27,147,Fruiting,Drip,Grapes,14050,0,Kharif,147
5161,GJ012,13.12,73.36,FLD05161,14772,Grapes,Fruit,Year-round,Humid,288,33,185,6.2,0.74,Clay,37,9.0,3118,2424,736,1629,2181,28.5,28.5,81,4.4,1.0,0.69,0.75,0.02,0.65,0.66,0.66,0.69,0.74,0.75,0.57,0.58,0.24,0.23,170,Mature,Drip,Grapes,23312,0,Kharif,170
5165,GJ022,16.73,80.35,FLD05165,5924,Grapes,Fruit,Year-round,Semi-Arid,256,31,229,7.4,0.86,Sandy,25,13.3,512,414,184,259,378,29.1,29.1,64,5.5,1.0,0.69,0.73,0.014,0.66,0.62,0.68,0.71,0.71,0.73,0.57,0.51,0.23,0.31,170,Boll formation,Sprinkler,Grapes,10098,0,Kharif,170
5167,KA041,25.6,89.98,FLD05167,13365,Grapes,Fruit,Year-round,Sub-Humid,193,34,173,6.6,0.88,Clay,21,10.3,1166,932,394,672,794,28.3,28.3,71,5.2,1.0,0.68,0.74,0.008,0.65,0.63,0.69,0.69,0.74,0.69,0.54,0.53,0.25,0.31,151,Vegetative,Drip,Grapes,20087,0,Kharif,151
5172,UP039,19.42,70.31,FLD05172,18158,Grapes,Fruit,Year-round,Coastal,193,38,205,6.7,0.63,Sandy,32,11.2,1270,1120,497,751,1001,29.3,29.3,71,4.7,1.0,0.67,0.69,0.016,0.61,0.67,0.68,0.69,0.69,0.69,0.52,0.56,0.33,0.22,143,Grain filling,Drip,Grapes,32269,0,Kharif,143
5175,KA035,11.86,77.94,FLD05175,11975,Grapes,Fruit,Year-round,Arid,307,28,191,7.5,0.79,Sandy Clay,31,22.4,469,365,109,265,342,35.8,35.8,53,4.4,1.0,0.67,0.73,0.022,0.62,0.63,0.65,0.69,0.71,0.73,0.52,0.54,0.29,0.29,154,Pod formation,Drip,Grapes,18570,0,Kharif,154
5177,MH006,28.92,85.46,FLD05177,18944,Grapes,Fruit,Year-round,Sub-Humid,301,31,204,7.0,0.79,Sandy Loam,27,10.8,1076,824,299,580,770,29.3,29.3,73,5.1,1.0,0.66,0.71,0.018,0.62,0.62,0.63,0.67,0.69,0.71,0.54,0.52,0.29,0.25,141,Boll formation,Sprinkler,Grapes,32211,0,Kharif,141
5178,HR002,29.8,89.29,FLD05178,19058,Grapes,Fruit,Year-round,Mountain,300,48,181,5.9,0.94,Clay,31,12.2,1608,1522,507,1104,1349,19.1,19.1,71,5.1,1.0,0.67,0.73,0.014,0.62,0.62,0.64,0.7,0.73,0.69,0.52,0.51,0.3,0.25,150,Mature,Sprinkler,Grapes,31345,0,Kharif,150
5179,KA047,27.49,87.88,FLD05179,13493,Grapes,Fruit,Year-round,Sub-Humid,251,33,178,7.0,0.75,Laterite,38,8.6,851,647,282,464,603,29.5,29.5,71,5.0,1.0,0.67,0.72,0.014,0.65,0.63,0.68,0.67,0.7,0.72,0.57,0.55,0.3,0.3,159,Grain filling,Surface,Grapes,22319,0,Kharif,159
5184,MP032,28.91,86.26,FLD05184,11374,Grapes,Fruit,Year-round,Mountain,289,51,210,7.4,0.57,Laterite,31,7.3,1702,1294,556,835,1218,24.6,24.6,62,4.6,1.0,0.68,0.73,0.02,0.63,0.62,0.66,0.69,0.73,0.73,0.55,0.53,0.31,0.31,168,Bulbing,Surface,Grapes,21221,0,Kharif,168
5187,UP029,10.19,70.65,FLD05187,10569,Grapes,Fruit,Year-round,Arid,189,31,175,6.7,0.58,Sandy Clay,32,23.6,307,243,85,191,210,33.4,33.4,51,5.4,1.0,0.69,0.75,0.022,0.62,0.65,0.67,0.69,0.75,0.73,0.53,0.57,0.24,0.24,168,Rhizome development,Drip,Grapes,22042,0,Kharif,168
5188,UP046,29.63,75.46,FLD05188,15330,Grapes,Fruit,Year-round,Mountain,264,31,232,7.3,0.84,Clay Loam,35,8.2,2436,1893,690,1431,1785,23.3,23.3,82,5.6,1.0,0.68,0.73,0.024,0.61,0.66,0.65,0.73,0.7,0.73,0.51,0.56,0.3,0.27,160,Rhizome development,Sprinkler,Grapes,25295,0,Kharif,160
5195,TN003,24.16,72.43,FLD05195,19280,Grapes,Fruit,Year-round,Plateau,300,31,205,6.1,0.91,Sandy Loam,36,13.3,718,652,201,519,564,28.8,28.8,69,5.0,1.0,0.68,0.72,0.016,0.64,0.63,0.67,0.68,0.72,0.72,0.56,0.53,0.3,0.23,168,Tuber development,Sprinkler,Grapes,33175,0,Kharif,168
5197,AP010,27.74,91.66,FLD05197,12488,Grapes,Fruit,Year-round,Mountain,277,39,197,6.8,0.59,Sandy Clay,36,7.1,1686,1450,560,1025,1328,16.8,16.8,68,5.5,1.0,0.67,0.72,0.016,0.62,0.62,0.67,0.72,0.7,0.7,0.52,0.53,0.25,0.31,157,Rhizome development,Drip,Grapes,20939,0,Kharif,157
5198,AP026,20.59,73.84,FLD05198,8061,Grapes,Fruit,Year-round,Humid,292,32,238,6.9,0.74,Sandy Clay,28,5.1,2848,2519,1002,1620,2289,27.3,27.3,79,5.0,1.0,0.68,0.72,0.02,0.62,0.65,0.66,0.69,0.72,0.72,0.54,0.54,0.32,0.27,155,Nut development,Drip,Grapes,15162,0,Kharif,155
5200,HR018,25.79,78.89,FLD05200,12786,Grapes,Fruit,Year-round,Mountain,248,50,201,6.8,0.75,Sandy Loam,24,11.1,1423,1338,563,857,1270,23.3,23.3,76,5.6,1.0,0.68,0.73,0.018,0.64,0.63,0.64,0.69,0.73,0.73,0.53,0.52,0.26,0.32,153,Fruiting,Surface,Grapes,21736,0,Kharif,153
5201,PB004,10.22,84.88,FLD05201,8988,Grapes,Fruit,Year-round,Semi-Arid,308,50,233,7.7,0.84,Clay,33,17.1,604,502,161,399,463,30.5,30.5,65,4.5,1.0,0.67,0.7,0.01,0.64,0.67,0.66,0.68,0.7,0.69,0.56,0.58,0.24,0.25,156,Reproductive,Drip,Grapes,16448,0,Kharif,156
5203,MP034,23.33,82.81,FLD05203,10620,Grapes,Fruit,Year-round,Humid,320,52,186,7.4,0.95,Laterite,20,9.3,2720,2448,921,1816,2146,25.8,25.8,85,4.7,1.0,0.68,0.72,0.018,0.63,0.67,0.65,0.7,0.7,0.72,0.55,0.58,0.23,0.23,163,Vegetative,Sprinkler,Grapes,18044,0,Kharif,163
5204,GJ041,11.33,86.14,FLD05204,8227,Grapes,Fruit,Year-round,Sub-Humid,242,40,170,7.6,0.94,Sandy Clay,36,12.4,854,760,284,536,691,28.8,28.8,72,4.5,1.0,0.69,0.73,0.016,0.65,0.67,0.65,0.7,0.72,0.73,0.54,0.58,0.26,0.3,163,Boll formation,Sprinkler,Grapes,14178,0,Kharif,163
5205,AP014,14.12,79.49,FLD05205,6258,Grapes,Fruit,Year-round,Humid,288,35,214,7.1,0.91,Sandy Clay,34,6.9,1947,1482,530,1034,1306,26.4,26.4,78,5.7,1.0,0.67,0.74,0.02,0.64,0.62,0.66,0.67,0.72,0.74,0.53,0.51,0.3,0.33,170,Grain filling,Surface,Grapes,9941,0,Kharif,170
5206,RJ048,18.84,76.75,FLD05206,13760,Grapes,Fruit,Year-round,Coastal,230,41,203,7.0,0.62,Clay Loam,36,8.9,2775,2396,1028,1660,2203,30.3,30.3,80,5.0,1.0,0.68,0.75,0.026,0.62,0.63,0.64,0.69,0.74,0.75,0.52,0.52,0.32,0.24,166,Pod formation,Surface,Grapes,24890,0,Kharif,166
5207,RJ039,20.0,84.93,FLD05207,8934,Grapes,Fruit,Year-round,Humid,216,32,222,7.4,0.96,Sandy,26,7.1,2783,2529,934,1525,2236,28.4,28.4,80,4.5,1.0,0.69,0.74,0.02,0.64,0.67,0.68,0.72,0.72,0.74,0.53,0.56,0.27,0.23,163,Tillering,Surface,Grapes,15328,0,Kharif,163
5208,RJ002,27.98,70.47,FLD05208,6256,Grapes,Fruit,Year-round,Humid,297,41,204,6.6,0.84,Clay Loam,25,9.9,1700,1350,598,1069,1161,25.2,25.2,76,5.6,1.0,0.69,0.74,0.004,0.67,0.64,0.64,0.73,0.74,0.69,0.59,0.54,0.25,0.23,144,Mature,Surface,Grapes,10365,0,Kharif,144
5210,KA014,13.47,72.28,FLD05210,16962,Grapes,Fruit,Year-round,Sub-Humid,219,49,225,7.2,0.58,Sandy Loam,26,10.9,912,815,299,494,756,29.6,29.6,68,5.2,1.0,0.69,0.74,0.024,0.62,0.65,0.67,0.71,0.74,0.74,0.54,0.55,0.3,0.25,141,Pod formation,Sprinkler,Grapes,32633,0,Kharif,141
5212,KA022,26.18,82.23,FLD05212,15163,Grapes,Fruit,Year-round,Mountain,259,41,202,7.3,0.91,Clay Loam,34,12.3,3212,2990,1193,1935,2797,19.6,19.6,78,5.3,1.0,0.67,0.71,0.02,0.61,0.65,0.69,0.7,0.69,0.71,0.51,0.55,0.3,0.25,149,Bulbing,Drip,Grapes,27855,0,Kharif,149
5213,PB032,15.89,84.4,FLD05213,17301,Grapes,Fruit,Year-round,Plateau,279,45,210,7.6,0.77,Sandy,29,8.1,779,602,198,475,568,29.2,29.2,67,4.9,1.0,0.68,0.72,0.014,0.63,0.66,0.67,0.72,0.7,0.7,0.54,0.55,0.26,0.27,142,Rhizome development,Drip,Grapes,32054,0,Kharif,142
5214,MH008,14.43,79.71,FLD05214,9620,Grapes,Fruit,Year-round,Humid,244,32,184,7.0,0.5,Sandy Clay,25,9.2,2158,1862,622,1219,1694,27.1,27.1,80,5.2,1.0,0.68,0.72,0.006,0.67,0.63,0.67,0.69,0.72,0.7,0.58,0.52,0.23,0.32,170,Tillering,Drip,Grapes,15341,0,Kharif,170
5215,MH024,11.93,77.58,FLD05215,18331,Grapes,Fruit,Year-round,Coastal,282,30,236,7.5,0.68,Sandy Loam,27,9.6,1954,1488,607,1139,1408,29.6,29.6,73,5.7,1.0,0.67,0.72,0.016,0.64,0.64,0.66,0.68,0.7,0.72,0.56,0.56,0.26,0.27,152,Vegetative,Surface,Grapes,31550,0,Kharif,152
5217,TN020,27.69,70.49,FLD05217,11630,Grapes,Fruit,Year-round,Plateau,252,50,238,6.0,0.56,Laterite,22,14.3,963,751,299,453,678,30.2,30.2,76,5.0,1.0,0.67,0.7,0.012,0.63,0.61,0.68,0.7,0.69,0.69,0.54,0.53,0.24,0.29,159,Flush,Surface,Grapes,21532,0,Kharif,159
5218,HR003,10.93,84.65,FLD05218,17465,Grapes,Fruit,Year-round,Coastal,211,40,172,6.6,0.93,Sandy Loam,30,8.3,2643,2154,770,1666,1959,28.3,28.3,70,5.2,1.0,0.67,0.73,0.024,0.61,0.64,0.64,0.7,0.69,0.73,0.52,0.54,0.27,0.29,150,Reproductive,Sprinkler,Grapes,26905,0,Kharif,150
5220,HR023,10.59,69.24,FLD05220,18029,Grapes,Fruit,Year-round,Coastal,307,34,197,7.2,0.77,Sandy Clay,32,10.2,2790,2641,969,1735,2264,30.2,30.2,80,5.7,1.0,0.69,0.73,0.014,0.64,0.65,0.68,0.73,0.7,0.71,0.56,0.56,0.25,0.26,153,Bearing,Drip,Grapes,33371,0,Kharif,153
5225,AP036,8.15,78.39,FLD05225,7675,Grapes,Fruit,Year-round,Coastal,251,51,200,5.9,0.81,Sandy Clay,27,10.0,1201,1020,309,640,937,29.3,29.3,74,4.9,1.0,0.68,0.72,0.016,0.64,0.66,0.68,0.68,0.71,0.72,0.56,0.56,0.23,0.26,144,Nut development,Drip,Grapes,13445,0,Kharif,144
5226,MP031,11.17,72.91,FLD05226,9796,Grapes,Fruit,Year-round,Humid,221,50,202,6.7,0.78,Sandy Loam,38,5.5,2323,2025,870,1470,1898,28.4,28.4,82,5.1,1.0,0.67,0.71,0.01,0.65,0.64,0.66,0.67,0.71,0.7,0.56,0.55,0.23,0.25,147,Bearing,Drip,Grapes,16309,0,Kharif,147
5231,TN014,20.37,70.43,FLD05231,16996,Grapes,Fruit,Year-round,Humid,249,52,214,7.7,0.88,Clay Loam,38,5.9,1474,1198,400,891,1118,25.9,25.9,82,5.4,1.0,0.68,0.73,0.014,0.66,0.63,0.66,0.7,0.69,0.73,0.55,0.52,0.32,0.33,150,Grand growth,Sprinkler,Grapes,30034,0,Kharif,150
5232,MP038,12.04,83.57,FLD05232,9339,Grapes,Fruit,Year-round,Arid,247,36,194,6.9,0.65,Clay,31,23.1,375,297,108,185,270,32.7,32.7,51,4.5,1.0,0.69,0.73,0.014,0.66,0.67,0.68,0.71,0.72,0.73,0.55,0.57,0.3,0.3,166,Flowering,Sprinkler,Grapes,16641,0,Kharif,166
5234,AP038,25.16,88.14,FLD05234,5082,Grapes,Fruit,Year-round,Mountain,295,35,215,6.8,0.92,Sandy,26,12.0,3259,2685,866,1959,2294,22.1,22.1,61,4.5,1.0,0.68,0.73,0.02,0.63,0.63,0.68,0.7,0.72,0.73,0.53,0.55,0.3,0.26,149,Fruiting,Drip,Grapes,8447,0,Kharif,149
5238,RJ034,16.36,88.44,FLD05238,11792,Grapes,Fruit,Year-round,Arid,254,43,187,7.0,0.98,Sandy,32,20.4,357,317,125,238,299,35.6,35.6,58,5.2,1.0,0.68,0.7,0.006,0.66,0.66,0.68,0.7,0.7,0.69,0.56,0.58,0.23,0.31,155,Bulbing,Drip,Grapes,19912,0,Kharif,155
5239,HR031,14.95,78.13,FLD05239,13763,Grapes,Fruit,Year-round,Humid,232,40,195,7.4,0.69,Loam,21,7.7,2404,1962,763,1544,1751,26.3,26.3,75,5.4,1.0,0.69,0.75,0.02,0.65,0.63,0.68,0.68,0.72,0.75,0.55,0.55,0.27,0.28,167,Nut development,Surface,Grapes,22238,0,Kharif,167
5246,GJ001,26.97,78.22,FLD05246,12542,Grapes,Fruit,Year-round,Mountain,283,31,233,7.8,0.96,Sandy,22,11.7,1979,1543,483,1134,1376,23.0,23.0,69,5.0,1.0,0.67,0.7,0.01,0.64,0.64,0.67,0.7,0.7,0.69,0.53,0.56,0.27,0.25,143,Rhizome development,Drip,Grapes,20406,0,Kharif,143
5250,AP003,10.76,88.65,FLD05250,13563,Grapes,Fruit,Year-round,Humid,230,35,195,7.0,0.51,Sandy,27,8.8,1647,1548,663,1066,1323,25.1,25.1,81,4.9,1.0,0.69,0.74,0.02,0.64,0.64,0.68,0.71,0.74,0.74,0.53,0.56,0.25,0.3,165,Bearing,Drip,Grapes,24739,0,Kharif,165
5251,RJ017,15.15,79.66,FLD05251,17239,Pomegranate,Fruit,Year-round,Coastal,270,34,174,7.2,0.69,Loam,20,11.6,2792,2641,860,2041,2253,28.7,28.7,74,5.8,1.05,0.68,0.7,0.006,0.67,0.63,0.66,0.7,0.7,0.7,0.56,0.52,0.26,0.24,168,Bulbing,Sprinkler,Pomegranate,16969,0,Kharif,168
5254,KA028,25.42,72.81,FLD05254,15139,Pomegranate,Fruit,Year-round,Humid,291,39,202,7.8,0.57,Clay,27,9.6,1804,1523,618,1030,1428,25.9,25.9,83,5.1,1.05,0.67,0.71,0.01,0.66,0.62,0.64,0.69,0.69,0.71,0.57,0.54,0.31,0.29,169,Pod formation,Sprinkler,Pomegranate,14371,0,Kharif,169
5259,MP020,19.34,83.83,FLD05259,13375,Pomegranate,Fruit,Year-round,Humid,298,30,240,6.3,0.53,Clay,37,9.4,2684,2287,780,1403,2163,25.3,25.3,79,5.1,1.05,0.69,0.74,0.012,0.66,0.65,0.67,0.72,0.74,0.72,0.58,0.57,0.28,0.27,140,Rhizome development,Drip,Pomegranate,14892,0,Kharif,140
5261,PB039,12.33,71.82,FLD05261,6117,Pomegranate,Fruit,Year-round,Plateau,218,44,236,6.6,0.92,Sandy Clay,35,8.6,711,642,208,469,560,29.4,29.4,63,5.3,1.05,0.68,0.74,0.018,0.64,0.64,0.67,0.67,0.74,0.73,0.53,0.54,0.29,0.25,140,Flush,Drip,Pomegranate,6654,0,Kharif,140
5263,MH044,29.49,78.72,FLD05263,13841,Pomegranate,Fruit,Year-round,Mountain,203,40,193,7.5,0.5,Clay,35,9.8,2359,1813,662,1395,1657,19.3,19.3,81,4.8,1.05,0.67,0.71,0.01,0.66,0.63,0.69,0.67,0.69,0.71,0.55,0.53,0.27,0.25,157,Tuber bulking,Sprinkler,Pomegranate,13458,0,Kharif,157
5267,MH021,25.14,80.3,FLD05267,19856,Pomegranate,Fruit,Year-round,Mountain,267,41,173,6.8,0.87,Clay Loam,38,7.7,3216,2830,879,2161,2520,16.2,16.2,66,5.8,1.05,0.67,0.74,0.014,0.63,0.63,0.63,0.68,0.74,0.7,0.52,0.53,0.28,0.24,161,Flowering,Surface,Pomegranate,18486,0,Kharif,161
5270,MH012,22.32,88.53,FLD05270,5969,Pomegranate,Fruit,Year-round,Plateau,271,28,197,6.4,0.57,Laterite,31,10.9,1078,872,332,575,791,27.6,27.6,66,5.3,1.05,0.67,0.71,0.02,0.61,0.64,0.66,0.69,0.71,0.71,0.5,0.54,0.32,0.33,153,Grain filling,Surface,Pomegranate,5645,0,Kharif,153
5271,PB014,23.73,79.7,FLD05271,13905,Pomegranate,Fruit,Year-round,Semi-Arid,254,38,206,7.6,0.53,Sandy Clay,33,12.3,826,638,193,458,589,31.9,31.9,64,5.2,1.05,0.67,0.72,0.01,0.67,0.63,0.64,0.67,0.71,0.72,0.59,0.54,0.24,0.29,150,Nut development,Drip,Pomegranate,14277,0,Kharif,150
5276,PB018,10.17,79.6,FLD05276,6955,Pomegranate,Fruit,Year-round,Semi-Arid,283,39,195,7.4,0.9,Clay Loam,21,12.0,844,697,273,484,649,31.8,31.8,66,5.0,1.05,0.68,0.74,0.014,0.66,0.63,0.65,0.69,0.74,0.73,0.55,0.55,0.28,0.26,156,Grain filling,Drip,Pomegranate,7546,0,Kharif,156
5277,UP030,29.43,71.64,FLD05277,18846,Pomegranate,Fruit,Year-round,Plateau,314,44,222,7.6,0.65,Sandy,26,9.5,1035,922,315,590,818,29.9,29.9,76,5.8,1.05,0.67,0.74,0.014,0.62,0.63,0.65,0.68,0.74,0.69,0.52,0.53,0.27,0.23,164,Fruiting,Sprinkler,Pomegranate,21528,0,Kharif,164
5279,TN040,29.04,92.24,FLD05279,15128,Pomegranate,Fruit,Year-round,Mountain,314,30,228,7.4,0.58,Loam,29,12.7,2768,2525,818,1703,2255,25.4,25.4,63,5.0,1.05,0.68,0.72,0.018,0.63,0.65,0.66,0.71,0.71,0.72,0.54,0.55,0.33,0.26,145,Bulbing,Drip,Pomegranate,14624,0,Kharif,145
5280,TN041,20.71,75.33,FLD05280,6536,Pomegranate,Fruit,Year-round,Sub-Humid,293,50,227,5.9,0.56,Clay Loam,23,12.6,1082,934,412,702,866,30.0,30.0,70,4.6,1.05,0.68,0.74,0.01,0.64,0.65,0.64,0.72,0.74,0.69,0.55,0.56,0.25,0.24,162,Flush,Sprinkler,Pomegranate,6813,0,Kharif,162
5281,GJ048,18.67,71.07,FLD05281,19272,Pomegranate,Fruit,Year-round,Coastal,210,28,197,6.1,0.53,Sandy Loam,33,9.3,2520,1993,859,1531,1824,30.9,30.9,74,4.6,1.05,0.68,0.74,0.014,0.64,0.67,0.64,0.67,0.74,0.71,0.55,0.57,0.23,0.24,164,Boll formation,Drip,Pomegranate,19324,0,Kharif,164
5282,PB003,24.97,88.82,FLD05282,11775,Pomegranate,Fruit,Year-round,Sub-Humid,204,40,210,6.5,0.84,Clay Loam,29,8.4,854,758,251,491,678,27.7,27.7,71,5.1,1.05,0.66,0.7,0.018,0.61,0.64,0.63,0.7,0.7,0.7,0.51,0.55,0.29,0.24,144,Mature,Sprinkler,Pomegranate,12099,0,Kharif,144
5284,UP025,28.61,94.52,FLD05284,9849,Pomegranate,Fruit,Year-round,Mountain,261,30,237,6.6,0.57,Clay Loam,32,14.9,2670,2152,800,1350,1966,17.7,17.7,79,4.6,1.05,0.68,0.74,0.022,0.63,0.64,0.67,0.7,0.69,0.74,0.53,0.53,0.28,0.29,150,Pod formation,Sprinkler,Pomegranate,9645,0,Kharif,150
5286,AP022,14.76,82.74,FLD05286,13704,Pomegranate,Fruit,Year-round,Arid,251,37,209,6.0,0.94,Loam,34,23.9,313,244,104,180,211,31.0,31.0,57,4.6,1.05,0.68,0.72,0.02,0.62,0.66,0.68,0.71,0.69,0.72,0.53,0.55,0.28,0.29,158,Bearing,Drip,Pomegranate,16954,0,Kharif,158
5288,RJ009,15.66,85.43,FLD05288,5370,Pomegranate,Fruit,Year-round,Semi-Arid,303,40,211,7.7,0.97,Sandy Loam,22,15.0,728,633,190,387,545,28.1,28.1,67,5.5,1.05,0.69,0.74,0.02,0.64,0.63,0.64,0.73,0.74,0.74,0.54,0.53,0.23,0.23,149,Bearing,Drip,Pomegranate,5956,0,Kharif,149
5289,UP012,12.17,78.99,FLD05289,9341,Pomegranate,Fruit,Year-round,Sub-Humid,273,52,190,7.2,0.53,Clay Loam,27,12.1,900,700,233,447,613,28.9,28.9,69,5.6,1.05,0.69,0.75,0.022,0.64,0.64,0.69,0.71,0.73,0.75,0.55,0.54,0.29,0.23,166,Pod formation,Sprinkler,Pomegranate,10112,0,Kharif,166
5292,MH036,25.67,86.04,FLD05292,14594,Pomegranate,Fruit,Year-round,Humid,185,44,171,7.3,0.64,Sandy Loam,26,6.7,2821,2400,750,1529,2114,25.4,25.4,75,4.9,1.05,0.68,0.74,0.02,0.64,0.63,0.66,0.68,0.73,0.74,0.56,0.55,0.23,0.24,170,Bearing,Drip,Pomegranate,15199,0,Kharif,170
5294,RJ011,28.17,89.38,FLD05294,6327,Pomegranate,Fruit,Year-round,Semi-Arid,318,34,228,6.6,0.69,Sandy,30,16.4,593,552,209,386,474,28.5,28.5,57,5.4,1.05,0.68,0.74,0.02,0.64,0.66,0.65,0.67,0.74,0.74,0.55,0.55,0.32,0.31,163,Flush,Drip,Pomegranate,6596,0,Kharif,163
5296,MP044,34.31,93.02,FLD05296,13842,Pomegranate,Fruit,Year-round,Mountain,242,52,172,6.3,0.91,Loam,36,7.8,2703,2524,957,1831,2147,20.4,20.4,68,5.6,1.05,0.68,0.74,0.014,0.63,0.64,0.68,0.71,0.74,0.7,0.55,0.54,0.24,0.29,167,Fruiting,Sprinkler,Pomegranate,14968,0,Kharif,167
5297,RJ007,11.76,77.67,FLD05297,16941,Pomegranate,Fruit,Year-round,Coastal,245,34,198,6.1,0.57,Laterite,21,7.8,1426,1174,397,804,1096,29.3,29.3,70,5.4,1.05,0.69,0.73,0.014,0.66,0.62,0.69,0.71,0.72,0.73,0.55,0.53,0.32,0.25,147,Bulbing,Drip,Pomegranate,18610,0,Kharif,147
5298,RJ016,13.58,85.68,FLD05298,7738,Pomegranate,Fruit,Year-round,Semi-Arid,305,32,175,6.1,0.91,Clay,25,13.9,710,535,231,370,492,29.5,29.5,61,4.9,1.05,0.69,0.73,0.024,0.61,0.66,0.67,0.73,0.71,0.73,0.53,0.57,0.27,0.24,155,Grain filling,Sprinkler,Pomegranate,8050,0,Kharif,155
5300,HR047,11.08,81.26,FLD05300,18086,Pomegranate,Fruit,Year-round,Coastal,291,37,194,7.1,0.66,Loam,36,11.9,1548,1204,453,765,1035,29.5,29.5,74,5.5,1.05,0.68,0.74,0.02,0.63,0.63,0.66,0.71,0.74,0.73,0.55,0.52,0.31,0.33,144,Rhizome development,Sprinkler,Pomegranate,19666,0,Kharif,144
5303,TN048,27.16,82.28,FLD05303,7432,Pomegranate,Fruit,Year-round,Mountain,270,37,210,6.6,0.59,Loam,32,8.2,1808,1489,500,1071,1291,24.3,24.3,76,5.4,1.05,0.67,0.72,0.022,0.61,0.62,0.65,0.72,0.72,0.72,0.51,0.53,0.27,0.27,141,Bulbing,Surface,Pomegranate,7070,0,Kharif,141
5306,PB026,19.87,77.85,FLD05306,6065,Pomegranate,Fruit,Year-round,Plateau,277,36,201,6.5,0.65,Sandy,29,15.0,1032,948,329,713,813,29.7,29.7,67,5.8,1.05,0.69,0.73,0.018,0.64,0.67,0.67,0.73,0.73,0.73,0.56,0.58,0.27,0.31,168,Grand growth,Drip,Pomegranate,6017,0,Kharif,168
5307,HR033,10.64,77.6,FLD05307,7519,Pomegranate,Fruit,Year-round,Humid,269,45,187,7.6,0.76,Sandy Loam,20,9.7,2473,1886,848,1232,1650,25.7,25.7,75,4.6,1.05,0.69,0.74,0.022,0.63,0.64,0.68,0.72,0.71,0.74,0.55,0.54,0.3,0.31,159,Flowering,Sprinkler,Pomegranate,7337,0,Kharif,159
5308,AP005,19.05,79.27,FLD05308,17509,Pomegranate,Fruit,Year-round,Sub-Humid,216,43,174,7.7,0.84,Clay Loam,33,9.6,1120,887,375,661,820,28.4,28.4,76,4.7,1.05,0.69,0.75,0.024,0.63,0.66,0.65,0.72,0.73,0.75,0.52,0.56,0.27,0.31,168,Flush,Drip,Pomegranate,17158,0,Kharif,168
5311,AP019,11.36,72.97,FLD05311,8817,Pomegranate,Fruit,Year-round,Plateau,250,39,229,7.2,0.84,Laterite,22,12.5,963,892,388,687,821,30.8,30.8,62,5.5,1.05,0.68,0.74,0.018,0.65,0.63,0.64,0.68,0.74,0.74,0.54,0.52,0.3,0.24,159,Nut development,Surface,Pomegranate,8886,0,Kharif,159
5312,HR034,12.28,77.21,FLD05312,11092,Pomegranate,Fruit,Year-round,Arid,275,52,190,7.7,0.67,Loam,30,24.1,276,240,87,144,216,31.8,31.8,55,5.0,1.05,0.68,0.72,0.016,0.62,0.65,0.66,0.72,0.71,0.7,0.54,0.55,0.32,0.32,142,Flush,Drip,Pomegranate,13920,0,Kharif,142
5314,KA045,30.06,79.47,FLD05314,8956,Pomegranate,Fruit,Year-round,Mountain,270,40,197,6.9,0.64,Sandy Clay,23,14.8,1335,1096,470,837,948,16.3,16.3,74,5.4,1.05,0.67,0.71,0.02,0.61,0.67,0.68,0.68,0.7,0.71,0.52,0.57,0.29,0.26,158,Tuber development,Surface,Pomegranate,9446,0,Kharif,158
5316,RJ004,15.58,76.31,FLD05316,11324,Pomegranate,Fruit,Year-round,Plateau,215,34,213,6.0,0.64,Sandy Clay,31,8.7,950,723,321,552,623,30.4,30.4,63,5.6,1.05,0.68,0.74,0.026,0.61,0.62,0.65,0.72,0.72,0.74,0.5,0.51,0.29,0.28,152,Nut development,Surface,Pomegranate,10932,0,Kharif,152
5317,PB033,29.16,85.79,FLD05317,18049,Pomegranate,Fruit,Year-round,Mountain,253,40,189,7.6,0.98,Sandy Loam,29,10.0,3062,2462,952,1700,2318,20.1,20.1,63,5.4,1.05,0.67,0.73,0.02,0.63,0.63,0.66,0.7,0.69,0.73,0.54,0.55,0.27,0.28,144,Flowering,Sprinkler,Pomegranate,18597,0,Kharif,144
5319,HR003,13.34,88.71,FLD05319,15502,Pomegranate,Fruit,Year-round,Semi-Arid,242,47,175,6.7,0.7,Clay Loam,20,11.2,805,640,270,474,567,29.4,29.4,57,5.4,1.05,0.68,0.75,0.024,0.63,0.65,0.66,0.7,0.69,0.75,0.54,0.55,0.32,0.32,167,Flush,Drip,Pomegranate,15425,0,Kharif,167
5324,HR014,22.97,77.3,FLD05324,16791,Pomegranate,Fruit,Year-round,Sub-Humid,304,42,207,6.0,0.92,Clay,38,11.3,1129,951,418,743,829,28.9,28.9,72,4.8,1.05,0.68,0.74,0.022,0.63,0.65,0.65,0.7,0.73,0.74,0.54,0.56,0.29,0.32,162,Vegetative,Surface,Pomegranate,19203,0,Kharif,162
5325,UP015,9.03,78.61,FLD05325,9684,Pomegranate,Fruit,Year-round,Coastal,290,42,174,7.3,0.89,Laterite,22,6.4,864,788,336,476,676,30.0,30.0,73,4.7,1.05,0.68,0.72,0.012,0.66,0.63,0.68,0.71,0.69,0.72,0.57,0.55,0.3,0.27,165,Bearing,Drip,Pomegranate,10525,0,Kharif,165
5328,KA028,25.25,85.52,FLD05328,8628,Pomegranate,Fruit,Year-round,Mountain,201,42,234,7.0,0.53,Clay,25,9.9,1362,1074,396,801,932,16.5,16.5,83,4.6,1.05,0.68,0.72,0.016,0.63,0.64,0.68,0.7,0.72,0.71,0.53,0.55,0.31,0.32,161,Bearing,Surface,Pomegranate,8572,0,Kharif,161
5329,MH029,33.35,81.82,FLD05329,11873,Pomegranate,Fruit,Year-round,Mountain,239,49,218,7.7,0.58,Sandy,35,12.1,3274,3075,1228,2161,2680,20.2,20.2,64,5.0,1.05,0.69,0.73,0.01,0.67,0.66,0.64,0.69,0.73,0.72,0.59,0.55,0.31,0.23,152,Mature,Drip,Pomegranate,12688,0,Kharif,152
5330,KA013,13.13,82.06,FLD05330,10281,Pomegranate,Fruit,Year-round,Plateau,205,29,201,6.5,0.84,Clay,38,8.2,1175,1002,421,734,949,27.1,27.1,64,4.6,1.05,0.67,0.73,0.02,0.62,0.62,0.65,0.7,0.73,0.72,0.53,0.54,0.26,0.29,148,Vegetative,Drip,Pomegranate,9508,0,Kharif,148
5334,MH035,20.1,74.55,FLD05334,16703,Pomegranate,Fruit,Year-round,Plateau,316,49,215,6.5,0.59,Sandy,24,10.5,1103,836,281,502,740,26.6,26.6,71,4.7,1.05,0.69,0.73,0.012,0.67,0.63,0.66,0.7,0.72,0.73,0.58,0.55,0.28,0.24,169,Flush,Sprinkler,Pomegranate,19466,0,Kharif,169
5337,TN029,20.94,81.57,FLD05337,13511,Pomegranate,Fruit,Year-round,Coastal,289,31,192,6.8,0.75,Sandy Loam,22,6.2,935,762,282,577,657,29.1,29.1,76,4.6,1.05,0.67,0.72,0.014,0.65,0.62,0.65,0.69,0.69,0.72,0.54,0.51,0.23,0.29,143,Reproductive,Drip,Pomegranate,13903,0,Kharif,143
5338,HR007,21.58,70.52,FLD05338,9558,Pomegranate,Fruit,Year-round,Semi-Arid,186,41,219,6.8,0.95,Laterite,22,14.1,681,613,271,409,554,28.7,28.7,66,5.0,1.05,0.67,0.72,0.02,0.62,0.64,0.67,0.67,0.69,0.72,0.53,0.53,0.25,0.31,148,Vegetative,Sprinkler,Pomegranate,9614,0,Kharif,148
5339,MP031,14.91,76.92,FLD05339,15504,Pomegranate,Fruit,Year-round,Arid,212,31,194,7.0,0.78,Sandy Clay,30,22.5,367,331,104,202,301,33.0,33.0,58,4.8,1.05,0.67,0.72,0.01,0.65,0.64,0.65,0.68,0.72,0.7,0.54,0.53,0.28,0.25,156,Vegetative,Drip,Pomegranate,15287,0,Kharif,156
5340,MH016,27.91,76.3,FLD05340,5349,Pomegranate,Fruit,Year-round,Plateau,239,37,170,6.9,0.84,Sandy Clay,34,8.7,1000,777,290,497,734,31.9,31.9,72,4.6,1.05,0.68,0.71,0.016,0.62,0.66,0.67,0.71,0.7,0.7,0.51,0.55,0.28,0.24,165,Pod formation,Surface,Pomegranate,5284,0,Kharif,165
5341,HR010,15.93,73.99,FLD05341,18253,Pomegranate,Fruit,Year-round,Sub-Humid,256,40,214,6.5,0.84,Laterite,24,9.1,1055,996,419,717,867,28.3,28.3,70,4.7,1.05,0.69,0.74,0.018,0.65,0.63,0.67,0.7,0.72,0.74,0.55,0.55,0.28,0.31,168,Fruiting,Drip,Pomegranate,19391,0,Kharif,168
5342,HR012,14.37,84.73,FLD05342,18301,Pomegranate,Fruit,Year-round,Coastal,192,49,220,5.9,0.59,Loam,38,8.6,1807,1660,620,1302,1564,29.8,29.8,74,4.6,1.05,0.68,0.74,0.024,0.62,0.64,0.64,0.71,0.74,0.74,0.51,0.53,0.27,0.29,164,Rhizome development,Drip,Pomegranate,18542,0,Kharif,164
5343,UP001,28.29,71.69,FLD05343,18990,Pomegranate,Fruit,Year-round,Arid,184,38,217,6.1,0.96,Sandy Clay,36,16.3,449,358,156,240,317,34.7,34.7,49,5.0,1.05,0.69,0.74,0.006,0.67,0.65,0.66,0.72,0.74,0.7,0.59,0.54,0.28,0.31,159,Pod formation,Drip,Pomegranate,18490,0,Kharif,159
5344,MP020,25.87,82.62,FLD05344,9679,Pomegranate,Fruit,Year-round,Semi-Arid,294,29,188,7.2,0.61,Sandy Loam,38,17.1,829,740,241,459,648,28.5,28.5,63,5.1,1.05,0.69,0.74,0.014,0.67,0.63,0.68,0.71,0.7,0.74,0.58,0.53,0.27,0.3,155,Pod formation,Drip,Pomegranate,9597,0,Kharif,155
5345,KA011,14.56,86.42,FLD05345,12433,Pomegranate,Fruit,Year-round,Humid,228,37,199,5.9,0.61,Clay,33,6.2,3042,2688,944,1675,2544,27.8,27.8,86,4.7,1.05,0.68,0.72,0.012,0.66,0.64,0.65,0.72,0.71,0.72,0.54,0.55,0.26,0.32,144,Tuber bulking,Drip,Pomegranate,13405,0,Kharif,144
5347,KA026,11.54,87.76,FLD05347,12496,Pomegranate,Fruit,Year-round,Coastal,275,40,237,6.9,0.51,Sandy Clay,38,8.1,2302,1770,648,1110,1592,28.2,28.2,75,5.7,1.05,0.68,0.71,0.008,0.67,0.64,0.69,0.68,0.69,0.71,0.57,0.55,0.24,0.27,141,Boll formation,Drip,Pomegranate,13234,0,Kharif,141
5350,AP027,20.83,85.36,FLD05350,14643,Pomegranate,Fruit,Year-round,Semi-Arid,221,37,206,6.7,0.67,Laterite,28,10.5,655,503,190,343,443,28.8,28.8,61,4.9,1.05,0.68,0.72,0.012,0.63,0.63,0.69,0.72,0.71,0.69,0.55,0.53,0.29,0.32,165,Bearing,Sprinkler,Pomegranate,13669,0,Kharif,165
5352,PB008,16.56,87.42,FLD05352,13496,Pomegranate,Fruit,Year-round,Humid,267,38,230,6.4,0.54,Clay,35,6.0,3197,2731,1132,1861,2461,26.3,26.3,81,5.8,1.05,0.68,0.73,0.012,0.65,0.63,0.66,0.7,0.73,0.71,0.56,0.52,0.25,0.25,150,Nut development,Sprinkler,Pomegranate,14451,0,Kharif,150
5361,RJ004,12.72,84.11,FLD05361,16116,Pomegranate,Fruit,Year-round,Humid,241,50,238,5.9,0.53,Loam,32,8.3,1819,1676,521,1241,1524,28.4,28.4,76,4.6,1.05,0.68,0.73,0.016,0.65,0.62,0.67,0.71,0.69,0.73,0.57,0.54,0.25,0.27,140,Nut development,Sprinkler,Pomegranate,16198,0,Kharif,140
5365,AP029,11.23,88.57,FLD05365,9534,Pomegranate,Fruit,Year-round,Sub-Humid,293,42,170,6.6,0.92,Clay Loam,36,8.6,912,788,277,604,740,28.3,28.3,72,5.5,1.05,0.68,0.75,0.026,0.62,0.64,0.63,0.73,0.69,0.75,0.52,0.56,0.29,0.3,143,Flowering,Sprinkler,Pomegranate,9933,0,Kharif,143
5366,KA033,15.28,70.13,FLD05366,8895,Pomegranate,Fruit,Year-round,Humid,299,51,224,7.7,0.95,Sandy Clay,25,5.8,2867,2445,966,1692,2157,26.1,26.1,77,4.9,1.05,0.69,0.75,0.02,0.65,0.62,0.67,0.7,0.72,0.75,0.57,0.51,0.3,0.28,147,Pod formation,Surface,Pomegranate,10463,0,Kharif,147
5369,MP006,19.82,76.58,FLD05369,10360,Pomegranate,Fruit,Year-round,Sub-Humid,206,31,203,7.3,0.6,Sandy Clay,26,10.6,1174,1038,389,711,883,27.0,27.0,74,5.5,1.05,0.68,0.74,0.014,0.65,0.62,0.66,0.7,0.74,0.72,0.57,0.54,0.23,0.32,154,Bearing,Sprinkler,Pomegranate,9785,0,Kharif,154
5370,GJ011,28.16,72.91,FLD05370,10371,Pomegranate,Fruit,Year-round,Sub-Humid,252,42,177,6.4,0.95,Clay,23,11.3,987,932,300,589,852,30.0,30.0,70,4.9,1.05,0.67,0.72,0.02,0.62,0.63,0.66,0.69,0.7,0.72,0.52,0.53,0.25,0.24,141,Bearing,Surface,Pomegranate,9863,0,Kharif,141
5371,MH024,27.82,84.53,FLD05371,9200,Pomegranate,Fruit,Year-round,Arid,304,32,231,6.5,0.97,Sandy,24,23.0,410,360,160,261,312,33.8,33.8,54,5.8,1.05,0.68,0.75,0.02,0.65,0.64,0.65,0.67,0.71,0.75,0.55,0.54,0.29,0.25,149,Nut development,Sprinkler,Pomegranate,10417,0,Kharif,149
5372,RJ040,12.59,70.99,FLD05372,11570,Pomegranate,Fruit,Year-round,Coastal,317,45,181,6.4,0.62,Clay Loam,34,9.9,807,648,200,504,558,29.3,29.3,70,4.6,1.05,0.69,0.74,0.016,0.64,0.65,0.69,0.71,0.74,0.72,0.55,0.55,0.28,0.29,142,Grand growth,Sprinkler,Pomegranate,12394,0,Kharif,142
5374,AP021,13.44,86.2,FLD05374,8916,Pomegranate,Fruit,Year-round,Arid,207,34,187,7.0,0.76,Sandy,33,22.8,347,264,109,195,247,34.4,34.4,47,5.3,1.05,0.67,0.72,0.008,0.65,0.67,0.65,0.67,0.72,0.69,0.55,0.56,0.27,0.27,140,Nut development,Sprinkler,Pomegranate,9271,0,Kharif,140
5375,PB021,17.89,77.62,FLD05375,12129,Pomegranate,Fruit,Year-round,Humid,199,28,187,6.0,0.75,Laterite,20,9.2,2810,2237,846,1598,2107,26.2,26.2,82,5.4,1.05,0.67,0.71,0.012,0.64,0.66,0.66,0.68,0.71,0.7,0.53,0.55,0.28,0.32,157,Tillering,Drip,Pomegranate,12240,0,Kharif,157
5376,AP008,11.49,87.85,FLD05376,9517,Pomegranate,Fruit,Year-round,Arid,314,42,235,6.8,0.93,Sandy Loam,34,18.3,257,239,81,156,217,33.8,33.8,57,5.4,1.05,0.68,0.73,0.01,0.64,0.66,0.65,0.73,0.7,0.69,0.56,0.57,0.31,0.25,169,Grain filling,Sprinkler,Pomegranate,11429,0,Kharif,169
5379,PB008,17.74,71.71,FLD05379,14231,Pomegranate,Fruit,Year-round,Humid,193,52,204,7.0,0.71,Clay Loam,36,7.8,3048,2629,960,1936,2279,26.0,26.0,83,5.0,1.05,0.67,0.74,0.026,0.61,0.66,0.63,0.67,0.71,0.74,0.54,0.56,0.29,0.32,156,Grain filling,Surface,Pomegranate,13803,0,Kharif,156
5381,PB010,25.99,79.28,FLD05381,15232,Pomegranate,Fruit,Year-round,Humid,257,31,215,6.8,0.53,Laterite,35,8.8,1711,1573,704,968,1437,28.2,28.2,85,5.8,1.05,0.68,0.7,0.006,0.67,0.66,0.66,0.69,0.69,0.7,0.57,0.55,0.31,0.23,166,Mature,Surface,Pomegranate,15409,0,Kharif,166
5383,HR014,27.37,87.38,FLD05383,16987,Pomegranate,Fruit,Year-round,Plateau,317,35,223,6.3,0.55,Loam,36,10.1,954,884,350,677,764,27.8,27.8,67,4.9,1.05,0.68,0.73,0.018,0.64,0.62,0.64,0.7,0.73,0.73,0.54,0.54,0.29,0.28,164,Vegetative,Sprinkler,Pomegranate,19360,0,Kharif,164
5384,MH018,19.76,75.86,FLD05384,19056,Pomegranate,Fruit,Year-round,Humid,249,35,226,5.9,0.59,Loam,35,8.4,1632,1545,656,1173,1324,28.5,28.5,86,5.8,1.05,0.67,0.72,0.018,0.61,0.66,0.67,0.72,0.69,0.7,0.51,0.58,0.3,0.31,140,Grand growth,Drip,Pomegranate,18999,0,Kharif,140
5386,PB012,20.9,72.57,FLD05386,17787,Pomegranate,Fruit,Year-round,Coastal,257,41,234,6.1,0.77,Clay Loam,34,8.3,899,735,231,538,644,29.1,29.1,76,5.1,1.05,0.67,0.71,0.016,0.63,0.63,0.68,0.7,0.7,0.71,0.54,0.54,0.31,0.3,169,Mature,Sprinkler,Pomegranate,19402,0,Kharif,169
5387,RJ009,12.79,82.18,FLD05387,17794,Pomegranate,Fruit,Year-round,Humid,227,36,196,7.1,0.76,Laterite,33,9.1,1482,1285,571,834,1182,27.0,27.0,77,4.7,1.05,0.68,0.73,0.014,0.64,0.65,0.64,0.72,0.73,0.71,0.55,0.56,0.23,0.32,147,Tuber development,Drip,Pomegranate,18637,0,Kharif,147
5389,MH035,10.93,80.76,FLD05389,10887,Pomegranate,Fruit,Year-round,Semi-Arid,189,42,236,6.4,0.56,Sandy Clay,38,12.4,764,649,206,459,600,28.5,28.5,57,4.9,1.05,0.68,0.72,0.018,0.62,0.65,0.65,0.72,0.72,0.71,0.54,0.57,0.28,0.23,169,Fruiting,Drip,Pomegranate,12067,0,Kharif,169
5390,UP009,21.46,82.09,FLD05390,10965,Pomegranate,Fruit,Year-round,Humid,198,33,235,7.4,0.74,Sandy Loam,33,7.0,3068,2583,965,2001,2258,27.5,27.5,86,5.5,1.05,0.67,0.72,0.02,0.62,0.64,0.64,0.69,0.72,0.72,0.52,0.54,0.25,0.28,162,Grain filling,Surface,Pomegranate,11668,0,Kharif,162
5393,RJ013,27.26,70.01,FLD05393,5597,Pomegranate,Fruit,Year-round,Humid,252,43,195,7.5,0.64,Laterite,30,8.1,2772,2225,918,1766,2087,28.0,28.0,78,5.7,1.05,0.69,0.75,0.006,0.67,0.65,0.67,0.67,0.75,0.7,0.58,0.55,0.22,0.32,158,Bearing,Drip,Pomegranate,5938,0,Kharif,158
5394,MH029,14.38,82.35,FLD05394,14661,Pomegranate,Fruit,Year-round,Semi-Arid,272,40,223,6.9,0.88,Clay Loam,21,14.8,595,522,174,372,472,28.0,28.0,59,4.9,1.05,0.67,0.74,0.008,0.65,0.64,0.64,0.67,0.74,0.69,0.56,0.56,0.29,0.23,150,Bulbing,Drip,Pomegranate,16188,0,Kharif,150
5395,MH039,34.99,87.49,FLD05395,15278,Pomegranate,Fruit,Year-round,Mountain,184,42,201,5.8,0.95,Sandy Clay,30,11.6,3081,2757,972,1854,2521,19.4,19.4,75,5.8,1.05,0.68,0.74,0.018,0.64,0.62,0.66,0.67,0.74,0.73,0.53,0.54,0.23,0.24,167,Reproductive,Surface,Pomegranate,14762,0,Kharif,167
5396,HR008,27.85,80.01,FLD05396,16137,Pomegranate,Fruit,Year-round,Sub-Humid,256,44,237,6.3,0.73,Clay Loam,24,11.0,1038,885,396,568,789,29.0,29.0,74,5.2,1.05,0.69,0.73,0.01,0.66,0.62,0.68,0.73,0.71,0.71,0.56,0.52,0.27,0.3,158,Bulbing,Sprinkler,Pomegranate,18353,0,Kharif,158
5398,MP033,28.23,71.31,FLD05398,7192,Pomegranate,Fruit,Year-round,Arid,273,35,206,7.0,0.58,Loam,29,15.2,428,343,131,223,303,35.1,35.1,45,5.7,1.05,0.69,0.74,0.016,0.66,0.63,0.69,0.67,0.72,0.74,0.55,0.53,0.29,0.3,154,Flowering,Drip,Pomegranate,7430,0,Kharif,154
5401,MP039,18.68,89.88,FLD05401,13404,Orange,Fruit,Year-round,Plateau,221,28,177,6.4,0.51,Clay Loam,20,11.9,1241,984,351,596,857,28.6,28.6,73,5.5,1.09,0.66,0.72,0.016,0.61,0.63,0.65,0.69,0.72,0.69,0.54,0.53,0.28,0.24,170,Bearing,Sprinkler,Orange,15508,0,Kharif,170
5402,PB006,23.72,70.77,FLD05402,17184,Orange,Fruit,Year-round,Plateau,183,34,197,7.2,0.7,Laterite,34,13.3,1222,930,315,645,849,29.9,29.9,74,4.8,1.09,0.66,0.72,0.02,0.62,0.62,0.63,0.69,0.71,0.72,0.53,0.53,0.33,0.31,142,Grand growth,Drip,Orange,21856,0,Kharif,142
5409,GJ022,21.48,81.08,FLD05409,17879,Orange,Fruit,Year-round,Plateau,238,51,202,7.6,0.95,Sandy Clay,29,10.8,1130,1012,327,736,938,30.9,30.9,75,5.9,1.09,0.69,0.75,0.016,0.64,0.62,0.69,0.73,0.75,0.72,0.56,0.51,0.32,0.27,168,Vegetative,Drip,Orange,24357,0,Kharif,168
5410,AP010,15.48,77.09,FLD05410,8480,Orange,Fruit,Year-round,Humid,232,49,193,7.6,0.54,Clay Loam,36,6.2,1273,1108,468,763,965,28.3,28.3,84,5.2,1.09,0.69,0.73,0.018,0.64,0.65,0.64,0.73,0.73,0.73,0.53,0.57,0.32,0.27,159,Vegetative,Sprinkler,Orange,11444,0,Kharif,159
5411,HR020,25.35,72.77,FLD05411,13970,Orange,Fruit,Year-round,Plateau,199,50,237,7.7,0.88,Clay Loam,37,13.4,922,790,340,550,746,27.4,27.4,66,5.6,1.09,0.67,0.72,0.014,0.65,0.64,0.65,0.67,0.7,0.72,0.54,0.53,0.25,0.27,154,Flowering,Sprinkler,Orange,20624,0,Kharif,154
5414,RJ025,19.1,89.49,FLD05414,6142,Orange,Fruit,Year-round,Sub-Humid,216,30,219,6.2,0.71,Clay,31,11.2,1174,975,391,602,865,29.5,29.5,69,5.9,1.09,0.67,0.7,0.016,0.62,0.64,0.64,0.7,0.7,0.7,0.51,0.54,0.26,0.29,159,Tillering,Surface,Orange,8045,0,Kharif,159
5415,PB034,16.93,71.96,FLD05415,19972,Orange,Fruit,Year-round,Coastal,316,47,182,7.1,0.72,Sandy,21,6.5,1192,1104,374,808,943,28.0,28.0,70,5.5,1.09,0.68,0.71,0.012,0.65,0.64,0.67,0.7,0.69,0.71,0.56,0.54,0.29,0.24,170,Grand growth,Sprinkler,Orange,28696,0,Kharif,170
5419,HR036,27.05,80.23,FLD05419,13859,Orange,Fruit,Year-round,Mountain,241,42,178,6.7,0.73,Sandy,29,12.8,1900,1659,725,1218,1475,16.5,16.5,79,5.9,1.09,0.67,0.73,0.024,0.61,0.67,0.67,0.67,0.7,0.73,0.52,0.57,0.32,0.31,161,Grand growth,Surface,Orange,18993,0,Kharif,161
5422,GJ003,18.37,82.0,FLD05422,6871,Orange,Fruit,Year-round,Arid,264,36,207,7.2,0.85,Sandy Loam,28,18.8,400,366,114,242,312,33.0,33.0,55,5.2,1.09,0.68,0.72,0.012,0.66,0.63,0.65,0.7,0.7,0.72,0.58,0.54,0.28,0.25,169,Mature,Drip,Orange,9285,0,Kharif,169
5426,GJ042,19.99,77.51,FLD05426,13073,Orange,Fruit,Year-round,Coastal,185,40,218,6.3,0.97,Laterite,37,6.0,2172,1986,747,1502,1748,29.6,29.6,80,5.4,1.09,0.67,0.72,0.016,0.62,0.64,0.64,0.72,0.71,0.7,0.51,0.56,0.25,0.23,150,Flush,Sprinkler,Orange,18105,0,Kharif,150
5427,MH006,24.91,85.31,FLD05427,13163,Orange,Fruit,Year-round,Sub-Humid,269,48,178,7.1,0.51,Clay,36,12.2,1091,950,333,653,882,29.8,29.8,72,5.6,1.09,0.68,0.71,0.01,0.66,0.66,0.65,0.69,0.69,0.71,0.56,0.55,0.31,0.23,140,Bulbing,Sprinkler,Orange,17229,0,Kharif,140
5428,TN011,29.77,78.88,FLD05428,18640,Orange,Fruit,Year-round,Sub-Humid,180,51,238,7.4,0.92,Sandy,24,8.5,937,770,254,613,665,29.5,29.5,76,4.8,1.09,0.67,0.72,0.014,0.63,0.64,0.68,0.68,0.72,0.7,0.53,0.56,0.31,0.23,142,Boll formation,Surface,Orange,27609,0,Kharif,142
5429,MP001,10.11,81.39,FLD05429,9979,Orange,Fruit,Year-round,Arid,289,43,221,6.2,0.75,Sandy Loam,35,16.7,406,351,126,225,318,35.1,35.1,56,4.8,1.09,0.67,0.73,0.012,0.64,0.64,0.64,0.69,0.73,0.7,0.53,0.56,0.29,0.27,168,Reproductive,Sprinkler,Orange,14004,0,Kharif,168
5430,HR022,18.87,72.86,FLD05430,7524,Orange,Fruit,Year-round,Semi-Arid,211,32,217,7.5,0.64,Clay,23,17.0,722,649,275,401,555,31.3,31.3,61,6.0,1.09,0.69,0.74,0.012,0.67,0.66,0.67,0.68,0.74,0.73,0.55,0.56,0.25,0.32,153,Tuber development,Sprinkler,Orange,10564,0,Kharif,153
5431,UP025,25.46,82.24,FLD05431,18026,Orange,Fruit,Year-round,Plateau,240,44,215,7.2,0.78,Sandy Clay,34,12.1,865,818,300,501,725,26.4,26.4,75,4.8,1.09,0.67,0.7,0.008,0.65,0.65,0.65,0.68,0.7,0.69,0.57,0.54,0.24,0.26,149,Grain filling,Drip,Orange,23471,0,Kharif,149
5433,MH023,25.86,78.57,FLD05433,16448,Orange,Fruit,Year-round,Arid,181,44,197,6.4,0.87,Clay,35,17.0,342,303,114,200,281,32.1,32.1,52,5.8,1.09,0.68,0.75,0.022,0.64,0.64,0.68,0.68,0.69,0.75,0.53,0.54,0.32,0.26,162,Flush,Drip,Orange,23433,0,Kharif,162
5435,PB036,32.84,86.6,FLD05435,7747,Orange,Fruit,Year-round,Mountain,241,48,175,7.1,0.77,Clay,34,14.6,2248,1875,591,1452,1767,22.3,22.3,85,5.3,1.09,0.69,0.74,0.018,0.65,0.66,0.67,0.68,0.71,0.74,0.55,0.55,0.31,0.22,150,Pod formation,Sprinkler,Orange,11094,0,Kharif,150
5436,PB028,23.13,77.14,FLD05436,5944,Orange,Fruit,Year-round,Arid,293,33,173,6.2,0.75,Loam,35,23.7,420,344,140,265,315,32.5,32.5,54,5.3,1.09,0.68,0.72,0.016,0.64,0.65,0.65,0.68,0.72,0.72,0.54,0.57,0.29,0.31,150,Vegetative,Drip,Orange,8434,0,Kharif,150
5438,UP050,11.56,79.2,FLD05438,11552,Orange,Fruit,Year-round,Coastal,225,38,205,7.6,0.81,Sandy,35,6.9,1186,1009,392,613,863,30.3,30.3,75,5.9,1.09,0.69,0.74,0.018,0.65,0.65,0.66,0.71,0.74,0.74,0.55,0.54,0.24,0.23,161,Fruiting,Surface,Orange,16529,0,Kharif,161
5439,GJ044,23.4,75.46,FLD05439,13261,Orange,Fruit,Year-round,Sub-Humid,206,36,194,7.0,0.87,Clay Loam,20,11.4,883,780,294,579,721,28.4,28.4,69,5.8,1.09,0.68,0.74,0.02,0.64,0.66,0.66,0.67,0.72,0.74,0.53,0.54,0.3,0.22,160,Tuber development,Drip,Orange,16847,0,Kharif,160
5447,MH041,17.29,71.91,FLD05447,13402,Orange,Fruit,Year-round,Coastal,241,47,238,7.2,0.56,Sandy Clay,28,10.1,1749,1433,570,908,1316,30.0,30.0,72,5.4,1.09,0.68,0.75,0.024,0.63,0.63,0.65,0.72,0.69,0.75,0.55,0.53,0.25,0.29,161,Nut development,Sprinkler,Orange,19955,0,Kharif,161
5448,AP049,19.97,86.45,FLD05448,9745,Orange,Fruit,Year-round,Coastal,201,32,202,6.2,0.64,Clay,24,8.3,2557,2250,869,1428,1986,28.9,28.9,75,5.0,1.09,0.69,0.73,0.016,0.65,0.64,0.65,0.71,0.73,0.73,0.54,0.54,0.26,0.23,159,Vegetative,Sprinkler,Orange,12881,0,Kharif,159
5455,MP024,13.93,77.63,FLD05455,18558,Orange,Fruit,Year-round,Arid,283,50,204,7.6,0.51,Sandy Loam,36,24.9,441,333,103,222,308,31.6,31.6,51,5.0,1.09,0.68,0.74,0.012,0.65,0.66,0.64,0.7,0.74,0.71,0.54,0.58,0.26,0.23,162,Vegetative,Drip,Orange,26617,0,Kharif,162
5456,RJ038,26.08,77.41,FLD05456,10028,Orange,Fruit,Year-round,Semi-Arid,205,50,180,7.3,0.8,Clay,29,14.6,803,752,256,576,652,31.9,31.9,57,5.2,1.09,0.68,0.73,0.012,0.67,0.65,0.65,0.69,0.71,0.73,0.55,0.56,0.29,0.3,164,Nut development,Drip,Orange,12876,0,Kharif,164
5459,TN003,23.5,74.31,FLD05459,18183,Orange,Fruit,Year-round,Semi-Arid,273,32,171,7.0,0.72,Laterite,38,17.5,801,716,222,571,621,28.5,28.5,60,5.6,1.09,0.69,0.72,0.01,0.67,0.63,0.68,0.7,0.72,0.72,0.57,0.55,0.24,0.31,169,Rhizome development,Drip,Orange,24537,0,Kharif,169
5460,MH019,14.83,70.37,FLD05460,15140,Orange,Fruit,Year-round,Arid,265,29,198,6.0,0.85,Laterite,38,15.4,297,276,119,170,246,34.0,34.0,45,5.6,1.09,0.68,0.74,0.01,0.66,0.62,0.69,0.68,0.74,0.71,0.57,0.52,0.29,0.32,157,Fruiting,Sprinkler,Orange,23166,0,Kharif,157
5461,HR005,11.72,86.21,FLD05461,11603,Orange,Fruit,Year-round,Plateau,222,28,240,7.6,0.82,Sandy Loam,35,9.1,1203,967,342,702,897,31.0,31.0,68,4.7,1.09,0.68,0.72,0.012,0.63,0.67,0.68,0.67,0.72,0.69,0.52,0.56,0.32,0.3,162,Bulbing,Surface,Orange,14463,0,Kharif,162
5462,MP024,26.63,90.54,FLD05462,13932,Orange,Fruit,Year-round,Mountain,180,40,224,7.0,0.88,Sandy Loam,34,13.8,3114,2714,831,1932,2531,19.9,19.9,83,5.3,1.09,0.69,0.75,0.022,0.64,0.64,0.69,0.7,0.73,0.75,0.55,0.53,0.23,0.28,155,Flush,Sprinkler,Orange,20441,0,Kharif,155
5465,MH016,24.11,80.04,FLD05465,9910,Orange,Fruit,Year-round,Humid,199,45,217,6.4,0.62,Sandy,25,8.0,1270,1066,385,719,1010,27.1,27.1,85,4.9,1.09,0.67,0.74,0.026,0.61,0.64,0.67,0.69,0.7,0.74,0.5,0.54,0.31,0.31,167,Bearing,Drip,Orange,12584,0,Kharif,167
5466,MH038,14.65,71.75,FLD05466,16477,Orange,Fruit,Year-round,Coastal,245,50,229,6.6,0.9,Sandy Clay,27,6.1,1862,1590,679,1091,1423,28.9,28.9,81,6.0,1.09,0.67,0.73,0.014,0.63,0.62,0.68,0.68,0.73,0.7,0.54,0.55,0.25,0.31,153,Pod formation,Surface,Orange,23313,0,Kharif,153
5468,HR007,19.0,87.39,FLD05468,13013,Orange,Fruit,Year-round,Humid,276,51,199,7.8,0.79,Laterite,20,10.0,2783,2338,752,1772,2037,28.8,28.8,81,5.3,1.09,0.68,0.71,0.012,0.64,0.66,0.65,0.71,0.71,0.7,0.55,0.56,0.23,0.24,162,Flush,Surface,Orange,18238,0,Kharif,162
5471,AP050,27.84,83.31,FLD05471,5980,Orange,Fruit,Year-round,Sub-Humid,296,45,214,6.0,0.59,Laterite,29,11.4,906,761,324,585,673,28.1,28.1,69,4.7,1.09,0.67,0.7,0.014,0.63,0.62,0.66,0.69,0.7,0.7,0.53,0.52,0.27,0.23,147,Grain filling,Sprinkler,Orange,8892,0,Kharif,147
5474,AP045,19.3,79.98,FLD05474,16372,Orange,Fruit,Year-round,Coastal,266,43,235,6.4,0.78,Sandy Loam,36,9.9,2161,1764,769,1062,1563,28.0,28.0,77,5.7,1.09,0.69,0.73,0.01,0.66,0.65,0.69,0.68,0.73,0.71,0.55,0.56,0.27,0.26,163,Fruiting,Surface,Orange,22750,0,Kharif,163
5476,RJ040,27.88,86.58,FLD05476,10585,Orange,Fruit,Year-round,Mountain,317,41,189,7.1,0.75,Sandy Clay,24,8.5,1959,1832,748,1126,1732,19.2,19.2,79,5.4,1.09,0.69,0.75,0.022,0.64,0.67,0.64,0.68,0.73,0.75,0.55,0.55,0.25,0.32,156,Tuber development,Surface,Orange,14760,0,Kharif,156
5479,GJ016,29.58,82.8,FLD05479,16621,Orange,Fruit,Year-round,Semi-Arid,301,34,239,7.2,0.77,Clay,27,12.4,529,429,187,341,404,31.2,31.2,67,5.6,1.09,0.68,0.74,0.016,0.66,0.62,0.68,0.69,0.69,0.74,0.56,0.53,0.24,0.24,167,Flush,Drip,Orange,22793,0,Kharif,167
5480,AP014,19.68,89.09,FLD05480,15550,Orange,Fruit,Year-round,Semi-Arid,183,37,228,6.4,0.87,Sandy Clay,28,11.1,608,557,179,372,490,29.9,29.9,62,5.5,1.09,0.68,0.74,0.02,0.63,0.63,0.64,0.7,0.74,0.73,0.53,0.53,0.31,0.29,150,Tuber bulking,Sprinkler,Orange,22233,0,Kharif,150
5482,TN019,19.39,83.55,FLD05482,18014,Orange,Fruit,Year-round,Sub-Humid,237,28,239,7.6,0.92,Loam,25,11.3,995,848,360,598,742,29.6,29.6,72,5.0,1.09,0.68,0.73,0.008,0.66,0.64,0.64,0.71,0.73,0.7,0.56,0.54,0.22,0.25,167,Rhizome development,Drip,Orange,22976,0,Kharif,167
5483,AP041,13.07,82.31,FLD05483,7778,Orange,Fruit,Year-round,Semi-Arid,271,46,239,6.4,0.54,Laterite,30,17.2,649,521,176,414,476,29.1,29.1,63,5.0,1.09,0.69,0.75,0.02,0.65,0.66,0.63,0.72,0.74,0.75,0.56,0.54,0.31,0.28,149,Boll formation,Sprinkler,Orange,10671,0,Kharif,149
5484,UP016,32.33,80.22,FLD05484,12924,Orange,Fruit,Year-round,Mountain,310,50,173,7.0,0.68,Sandy,26,11.7,3100,2458,1014,1642,2302,22.3,22.3,72,4.9,1.09,0.68,0.73,0.012,0.63,0.63,0.68,0.73,0.71,0.69,0.54,0.52,0.27,0.31,162,Vegetative,Sprinkler,Orange,18083,0,Kharif,162
5485,RJ003,15.32,88.04,FLD05485,7496,Orange,Fruit,Year-round,Semi-Arid,254,44,227,6.7,0.8,Sandy Loam,27,17.6,718,591,240,387,543,29.6,29.6,60,5.3,1.09,0.69,0.73,0.016,0.65,0.64,0.68,0.69,0.73,0.73,0.54,0.56,0.32,0.29,170,Fruiting,Drip,Orange,10372,0,Kharif,170
5486,KA036,32.19,92.66,FLD05486,12427,Orange,Fruit,Year-round,Mountain,256,34,191,6.4,0.84,Sandy,22,12.7,2092,1622,706,1114,1434,17.4,17.4,80,4.7,1.09,0.68,0.71,0.014,0.64,0.65,0.66,0.7,0.71,0.71,0.55,0.55,0.32,0.25,145,Grain filling,Sprinkler,Orange,17160,0,Kharif,145
5487,MH045,14.05,71.68,FLD05487,15199,Orange,Fruit,Year-round,Coastal,256,52,206,7.2,0.78,Loam,30,10.3,1663,1325,524,1038,1238,30.5,30.5,72,5.3,1.09,0.69,0.74,0.014,0.67,0.65,0.66,0.7,0.73,0.74,0.57,0.56,0.28,0.25,145,Bulbing,Surface,Orange,21397,0,Kharif,145
5489,UP020,18.69,75.56,FLD05489,7158,Orange,Fruit,Year-round,Plateau,223,38,202,5.9,0.85,Clay Loam,34,12.6,974,811,359,623,705,30.0,30.0,74,5.3,1.09,0.69,0.74,0.016,0.66,0.65,0.65,0.7,0.74,0.74,0.54,0.56,0.28,0.24,158,Fruiting,Surface,Orange,10269,0,Kharif,158
5492,MP006,25.52,84.19,FLD05492,18261,Orange,Fruit,Year-round,Sub-Humid,201,34,236,7.3,0.67,Sandy,31,8.9,991,819,323,580,778,29.1,29.1,73,5.2,1.09,0.68,0.72,0.012,0.66,0.62,0.66,0.7,0.72,0.72,0.55,0.54,0.31,0.24,155,Flush,Sprinkler,Orange,26593,0,Kharif,155
5494,PB032,32.83,88.61,FLD05494,19526,Orange,Fruit,Year-round,Mountain,318,50,176,6.1,0.75,Clay Loam,37,7.6,3187,2848,855,2131,2506,25.1,25.1,73,5.2,1.09,0.67,0.7,0.01,0.65,0.62,0.66,0.69,0.69,0.7,0.56,0.53,0.25,0.31,151,Rhizome development,Sprinkler,Orange,25909,0,Kharif,151
5495,TN048,19.31,72.53,FLD05495,7072,Orange,Fruit,Year-round,Arid,302,30,218,6.0,0.74,Laterite,38,20.2,259,242,96,160,212,35.6,35.6,45,4.9,1.09,0.68,0.73,0.024,0.61,0.64,0.66,0.7,0.72,0.73,0.53,0.54,0.28,0.23,149,Tuber bulking,Drip,Orange,11018,0,Kharif,149
5499,RJ019,23.61,85.96,FLD05499,15522,Orange,Fruit,Year-round,Semi-Arid,215,45,216,6.4,0.77,Clay,20,10.4,516,486,158,344,442,29.5,29.5,55,5.4,1.09,0.67,0.69,0.008,0.65,0.65,0.67,0.68,0.69,0.69,0.55,0.56,0.24,0.27,168,Vegetative,Drip,Orange,19876,0,Kharif,168
5500,PB038,10.69,75.66,FLD05500,9146,Orange,Fruit,Year-round,Arid,228,49,190,7.7,0.83,Sandy Loam,29,21.1,421,327,141,244,286,34.1,34.1,57,5.4,1.09,0.67,0.72,0.018,0.63,0.65,0.64,0.67,0.7,0.72,0.55,0.54,0.3,0.31,143,Flush,Sprinkler,Orange,13329,0,Kharif,143
5502,TN017,23.73,85.26,FLD05502,19728,Orange,Fruit,Year-round,Sub-Humid,239,33,175,6.4,0.9,Sandy Loam,25,8.7,1200,903,294,676,838,29.3,29.3,75,5.9,1.09,0.69,0.75,0.024,0.63,0.67,0.68,0.71,0.71,0.75,0.53,0.58,0.31,0.29,145,Reproductive,Drip,Orange,28291,0,Kharif,145
5503,MH037,18.56,74.33,FLD05503,15631,Orange,Fruit,Year-round,Plateau,235,50,183,6.6,0.89,Loam,35,12.5,1074,978,400,620,887,29.0,29.0,67,5.3,1.09,0.69,0.74,0.024,0.62,0.67,0.66,0.73,0.69,0.74,0.52,0.55,0.33,0.28,168,Mature,Sprinkler,Orange,22392,0,Kharif,168
5506,HR018,24.88,75.76,FLD05506,15755,Orange,Fruit,Year-round,Sub-Humid,204,50,211,6.2,0.62,Sandy,24,11.8,927,781,292,528,703,27.6,27.6,74,5.7,1.09,0.68,0.73,0.016,0.63,0.65,0.65,0.71,0.73,0.71,0.53,0.57,0.28,0.31,164,Pod formation,Surface,Orange,23237,0,Kharif,164
5509,TN010,30.12,80.17,FLD05509,19853,Orange,Fruit,Year-round,Mountain,268,44,175,7.2,0.76,Sandy Clay,33,11.3,2990,2599,856,1583,2389,20.7,20.7,77,5.2,1.09,0.68,0.75,0.024,0.63,0.66,0.68,0.69,0.69,0.75,0.55,0.58,0.29,0.29,142,Flush,Drip,Orange,27250,0,Kharif,142
5511,TN004,11.01,75.76,FLD05511,8280,Orange,Fruit,Year-round,Semi-Arid,308,37,210,6.8,0.76,Clay Loam,29,14.8,658,556,232,405,523,29.6,29.6,64,4.9,1.09,0.67,0.72,0.012,0.66,0.65,0.63,0.68,0.71,0.72,0.56,0.57,0.23,0.3,144,Rhizome development,Drip,Orange,11583,0,Kharif,144
5512,RJ026,29.14,89.47,FLD05512,9798,Orange,Fruit,Year-round,Semi-Arid,215,51,179,6.6,0.69,Sandy Loam,37,16.4,568,442,147,346,415,29.9,29.9,62,6.0,1.09,0.69,0.74,0.018,0.65,0.66,0.66,0.67,0.73,0.74,0.54,0.58,0.24,0.31,144,Grand growth,Sprinkler,Orange,12718,0,Kharif,144
5513,AP012,20.94,81.33,FLD05513,8719,Orange,Fruit,Year-round,Coastal,266,44,200,6.1,0.59,Clay,23,9.9,1523,1343,561,1018,1263,29.2,29.2,70,5.2,1.09,0.69,0.74,0.016,0.63,0.67,0.66,0.73,0.74,0.71,0.52,0.57,0.3,0.23,149,Pod formation,Drip,Orange,12474,0,Kharif,149
5518,MH036,16.01,86.88,FLD05518,18063,Orange,Fruit,Year-round,Semi-Arid,318,41,205,6.0,0.74,Sandy Clay,36,11.3,745,684,288,486,595,30.8,30.8,56,5.4,1.09,0.68,0.74,0.018,0.65,0.65,0.69,0.67,0.7,0.74,0.56,0.54,0.31,0.32,143,Reproductive,Drip,Orange,27047,0,Kharif,143
5520,MH018,11.03,71.95,FLD05520,16742,Orange,Fruit,Year-round,Plateau,267,35,204,7.7,0.74,Laterite,24,14.8,1051,868,360,664,746,26.3,26.3,62,4.8,1.09,0.68,0.71,0.008,0.65,0.65,0.67,0.69,0.71,0.69,0.57,0.57,0.27,0.25,162,Bulbing,Surface,Orange,23143,0,Kharif,162
5521,UP004,25.2,83.53,FLD05521,7378,Orange,Fruit,Year-round,Sub-Humid,244,41,200,7.2,0.55,Laterite,29,12.4,1074,891,382,691,771,28.0,28.0,71,5.7,1.09,0.68,0.74,0.022,0.63,0.64,0.67,0.68,0.72,0.74,0.53,0.54,0.27,0.25,165,Grand growth,Surface,Orange,9756,0,Kharif,165
5523,AP030,18.28,87.73,FLD05523,10038,Orange,Fruit,Year-round,Semi-Arid,319,43,201,6.5,0.6,Clay,22,10.3,560,512,214,322,458,30.3,30.3,60,5.5,1.09,0.68,0.75,0.024,0.63,0.63,0.65,0.7,0.73,0.75,0.55,0.54,0.29,0.28,141,Reproductive,Drip,Orange,13585,0,Kharif,141
5526,HR028,25.11,88.94,FLD05526,7880,Orange,Fruit,Year-round,Plateau,278,44,210,6.4,0.8,Clay Loam,37,10.0,928,790,274,528,712,31.4,31.4,65,4.7,1.09,0.68,0.72,0.012,0.65,0.67,0.68,0.67,0.72,0.71,0.56,0.58,0.31,0.25,168,Tillering,Sprinkler,Orange,10931,0,Kharif,168
5528,RJ022,29.83,92.74,FLD05528,10164,Orange,Fruit,Year-round,Mountain,219,40,233,6.8,0.91,Sandy Clay,29,12.0,2557,2056,789,1472,1814,22.3,22.3,66,5.8,1.09,0.67,0.7,0.008,0.66,0.62,0.63,0.7,0.69,0.7,0.57,0.51,0.25,0.28,149,Reproductive,Drip,Orange,14565,0,Kharif,149
5529,GJ004,9.27,81.08,FLD05529,7481,Orange,Fruit,Year-round,Coastal,269,32,198,6.0,0.78,Laterite,23,11.9,2368,2170,688,1465,2041,28.3,28.3,80,5.3,1.09,0.68,0.74,0.014,0.67,0.66,0.63,0.68,0.7,0.74,0.55,0.57,0.27,0.25,170,Flush,Surface,Orange,9512,0,Kharif,170
5531,UP034,11.47,85.61,FLD05531,8212,Orange,Fruit,Year-round,Coastal,319,29,197,7.6,0.57,Sandy,30,6.9,832,723,217,497,650,29.0,29.0,71,5.9,1.09,0.69,0.73,0.008,0.65,0.67,0.69,0.68,0.73,0.69,0.56,0.57,0.25,0.25,164,Reproductive,Surface,Orange,10694,0,Kharif,164
5535,TN021,11.8,73.55,FLD05535,11057,Orange,Fruit,Year-round,Semi-Arid,273,39,175,7.7,0.64,Sandy Loam,20,17.6,727,650,253,409,586,30.2,30.2,62,5.0,1.09,0.67,0.72,0.01,0.67,0.62,0.63,0.67,0.72,0.72,0.57,0.53,0.27,0.28,159,Vegetative,Drip,Orange,15016,0,Kharif,159
5536,TN005,28.14,78.55,FLD05536,7968,Orange,Fruit,Year-round,Mountain,206,38,207,7.0,0.8,Loam,31,13.6,1933,1643,712,1064,1546,21.7,21.7,70,4.9,1.09,0.69,0.73,0.016,0.64,0.64,0.69,0.7,0.73,0.72,0.53,0.55,0.31,0.27,153,Grand growth,Surface,Orange,11573,0,Kharif,153
5539,MH043,11.74,79.02,FLD05539,17999,Orange,Fruit,Year-round,Coastal,196,39,184,6.1,0.93,Sandy,36,7.6,1724,1508,517,974,1310,30.0,30.0,73,5.1,1.09,0.69,0.71,0.01,0.66,0.67,0.66,0.7,0.71,0.71,0.56,0.56,0.3,0.24,160,Fruiting,Drip,Orange,22465,0,Kharif,160
5541,GJ046,27.09,73.85,FLD05541,9554,Orange,Fruit,Year-round,Plateau,240,49,198,6.2,0.58,Clay,30,8.2,1186,982,338,674,922,32.0,32.0,73,4.9,1.09,0.69,0.73,0.01,0.65,0.66,0.68,0.72,0.73,0.7,0.57,0.54,0.27,0.23,166,Mature,Sprinkler,Orange,13804,0,Kharif,166
5543,TN025,32.15,75.65,FLD05543,17446,Orange,Fruit,Year-round,Mountain,193,43,198,6.1,0.66,Clay Loam,30,11.6,1328,1089,358,814,1032,22.3,22.3,60,5.2,1.09,0.69,0.74,0.018,0.65,0.62,0.67,0.7,0.73,0.74,0.54,0.54,0.28,0.29,144,Flowering,Sprinkler,Orange,25173,0,Kharif,144
5545,HR001,10.72,76.51,FLD05545,5367,Orange,Fruit,Year-round,Coastal,202,46,200,7.1,0.6,Sandy,22,8.3,2128,1603,654,983,1502,30.2,30.2,81,4.8,1.09,0.69,0.73,0.012,0.67,0.65,0.65,0.68,0.73,0.73,0.57,0.54,0.24,0.25,140,Mature,Drip,Orange,7069,0,Kharif,140
5546,RJ008,20.6,72.99,FLD05546,6622,Orange,Fruit,Year-round,Coastal,187,40,170,6.4,0.71,Laterite,27,10.3,2733,2548,951,1538,2390,29.2,29.2,76,5.1,1.09,0.67,0.74,0.018,0.65,0.62,0.64,0.68,0.72,0.74,0.56,0.54,0.3,0.24,168,Pod formation,Sprinkler,Orange,8997,0,Kharif,168
5550,MP027,29.04,78.15,FLD05550,14549,Orange,Fruit,Year-round,Plateau,261,41,231,6.9,0.66,Clay Loam,23,13.3,1066,886,310,601,768,28.7,28.7,71,5.6,1.09,0.68,0.74,0.024,0.62,0.62,0.64,0.73,0.73,0.74,0.51,0.51,0.25,0.23,159,Tuber development,Sprinkler,Orange,19855,0,Kharif,159
5554,TN009,22.91,80.76,FLD05554,6599,Apple,Fruit,Year-round,Humid,302,50,178,7.0,0.88,Sandy,28,9.4,1945,1813,735,1193,1669,27.8,27.8,75,4.7,1.04,0.69,0.75,0.016,0.64,0.65,0.67,0.72,0.75,0.72,0.54,0.55,0.24,0.28,163,Rhizome development,Drip,Apple,10883,0,Kharif,163
5555,HR039,10.44,79.64,FLD05555,16837,Apple,Fruit,Year-round,Sub-Humid,272,34,182,6.5,0.84,Sandy Loam,22,10.5,1134,855,379,524,760,29.9,29.9,71,5.3,1.04,0.68,0.75,0.016,0.67,0.63,0.64,0.7,0.71,0.75,0.56,0.53,0.31,0.25,144,Fruiting,Sprinkler,Apple,24020,0,Kharif,144
5556,MP005,18.64,77.6,FLD05556,17259,Apple,Fruit,Year-round,Plateau,249,30,202,6.0,0.72,Clay,29,13.0,940,873,378,561,743,28.8,28.8,67,4.5,1.04,0.67,0.72,0.02,0.62,0.63,0.67,0.68,0.71,0.72,0.51,0.54,0.25,0.25,157,Flowering,Surface,Apple,25639,0,Kharif,157
5557,MH031,29.7,89.77,FLD05557,9553,Apple,Fruit,Year-round,Sub-Humid,312,51,217,6.2,0.55,Laterite,28,9.0,1122,852,280,603,739,27.6,27.6,68,5.0,1.04,0.69,0.74,0.01,0.66,0.65,0.69,0.72,0.74,0.71,0.57,0.55,0.23,0.32,151,Grand growth,Drip,Apple,15666,0,Kharif,151
5558,KA008,21.09,84.47,FLD05558,14150,Apple,Fruit,Year-round,Sub-Humid,230,36,188,7.1,0.81,Sandy Loam,22,12.8,1142,1029,453,675,975,28.8,28.8,72,4.3,1.04,0.67,0.71,0.016,0.62,0.63,0.65,0.71,0.71,0.7,0.52,0.53,0.27,0.28,157,Bearing,Drip,Apple,22266,0,Kharif,157
5559,GJ033,28.17,78.99,FLD05559,12162,Apple,Fruit,Year-round,Plateau,217,49,211,6.6,0.52,Sandy Clay,33,10.2,1031,864,308,678,810,29.8,29.8,72,4.9,1.04,0.68,0.7,0.008,0.66,0.67,0.65,0.69,0.69,0.7,0.55,0.59,0.28,0.23,163,Reproductive,Sprinkler,Apple,17968,0,Kharif,163
5560,MP018,16.9,76.9,FLD05560,16148,Apple,Fruit,Year-round,Arid,296,43,196,6.0,0.68,Clay,23,17.2,358,269,100,171,239,32.0,32.0,50,5.0,1.04,0.68,0.73,0.012,0.65,0.66,0.65,0.67,0.73,0.71,0.56,0.57,0.32,0.29,153,Grain filling,Drip,Apple,28047,0,Kharif,153
5561,PB049,29.47,85.0,FLD05561,10961,Apple,Fruit,Year-round,Plateau,260,34,178,6.0,0.87,Sandy Loam,30,10.2,671,607,251,386,528,28.2,28.2,63,5.3,1.04,0.67,0.71,0.012,0.65,0.63,0.63,0.69,0.7,0.71,0.56,0.55,0.3,0.29,158,Fruiting,Surface,Apple,16444,0,Kharif,158
5564,KA027,17.46,76.65,FLD05564,8241,Apple,Fruit,Year-round,Coastal,299,36,236,7.3,0.72,Sandy Loam,31,9.4,2721,2532,1109,1684,2331,28.9,28.9,76,4.2,1.04,0.68,0.7,0.008,0.66,0.66,0.67,0.69,0.7,0.7,0.56,0.56,0.25,0.3,153,Flowering,Sprinkler,Apple,13650,0,Kharif,153
5567,RJ010,26.36,79.36,FLD05567,14668,Apple,Fruit,Year-round,Plateau,291,30,222,7.4,0.93,Sandy Clay,34,10.5,669,621,206,407,551,31.9,31.9,63,4.8,1.04,0.68,0.74,0.016,0.63,0.63,0.63,0.72,0.74,0.71,0.52,0.53,0.32,0.23,157,Reproductive,Surface,Apple,24541,0,Kharif,157
5569,KA048,15.11,73.29,FLD05569,8682,Apple,Fruit,Year-round,Humid,222,30,233,7.2,0.61,Laterite,31,6.6,1951,1568,694,1206,1445,25.0,25.0,82,5.2,1.04,0.68,0.73,0.022,0.62,0.65,0.66,0.71,0.71,0.73,0.53,0.55,0.27,0.31,143,Grain filling,Surface,Apple,13761,0,Kharif,143
5573,HR030,13.14,80.48,FLD05573,7375,Apple,Fruit,Year-round,Humid,257,38,239,7.5,0.89,Clay,32,8.3,2473,2257,952,1541,2058,27.9,27.9,75,5.2,1.04,0.69,0.74,0.006,0.67,0.66,0.68,0.69,0.74,0.7,0.59,0.55,0.24,0.3,155,Tillering,Surface,Apple,10905,0,Kharif,155
5574,MH047,24.79,73.26,FLD05574,5331,Apple,Fruit,Year-round,Humid,201,42,225,6.1,0.61,Sandy Clay,26,7.6,1489,1315,578,908,1200,27.1,27.1,75,4.9,1.04,0.66,0.7,0.014,0.62,0.63,0.63,0.7,0.69,0.69,0.54,0.54,0.28,0.31,151,Rhizome development,Sprinkler,Apple,8320,0,Kharif,151
5575,UP012,19.12,77.35,FLD05575,15557,Apple,Fruit,Year-round,Arid,303,37,239,6.7,0.71,Sandy,27,19.3,360,293,120,214,256,33.4,33.4,45,4.9,1.04,0.67,0.72,0.014,0.62,0.64,0.68,0.72,0.7,0.69,0.54,0.55,0.26,0.23,155,Grain filling,Drip,Apple,24916,0,Kharif,155
5576,GJ009,9.11,69.64,FLD05576,14881,Apple,Fruit,Year-round,Coastal,308,33,191,6.1,0.63,Sandy Clay,25,8.9,2439,2079,861,1586,1938,29.0,29.0,75,4.1,1.04,0.69,0.74,0.026,0.61,0.63,0.67,0.73,0.74,0.74,0.52,0.53,0.33,0.31,141,Pod formation,Surface,Apple,24464,0,Kharif,141
5580,AP015,10.55,82.28,FLD05580,6170,Apple,Fruit,Year-round,Plateau,243,44,232,6.5,0.97,Sandy Clay,31,12.0,1031,906,287,610,795,26.9,26.9,67,4.1,1.04,0.69,0.75,0.02,0.65,0.64,0.66,0.7,0.73,0.75,0.56,0.54,0.26,0.26,157,Grand growth,Drip,Apple,9306,0,Kharif,157
5581,RJ030,12.62,70.61,FLD05581,16342,Apple,Fruit,Year-round,Semi-Arid,234,44,229,7.1,0.73,Loam,27,10.2,782,698,269,424,659,31.0,31.0,57,4.5,1.04,0.67,0.72,0.018,0.63,0.62,0.66,0.71,0.69,0.72,0.55,0.54,0.28,0.3,151,Boll formation,Sprinkler,Apple,23791,0,Kharif,151
5583,AP038,21.95,84.57,FLD05583,5971,Apple,Fruit,Year-round,Humid,287,28,192,5.8,0.68,Clay,33,8.5,1314,1206,423,746,1144,26.7,26.7,83,4.8,1.04,0.67,0.72,0.02,0.62,0.62,0.66,0.69,0.72,0.72,0.53,0.54,0.29,0.25,166,Nut development,Sprinkler,Apple,8436,0,Kharif,166
5584,PB020,26.63,80.17,FLD05584,10039,Apple,Fruit,Year-round,Mountain,284,44,228,6.9,0.8,Sandy Clay,21,13.5,2830,2640,1104,1601,2441,22.4,22.4,81,4.7,1.04,0.67,0.72,0.018,0.63,0.63,0.64,0.72,0.7,0.72,0.52,0.53,0.29,0.3,154,Flush,Drip,Apple,16205,0,Kharif,154
5586,MH032,25.39,86.38,FLD05586,14066,Apple,Fruit,Year-round,Sub-Humid,265,50,202,7.3,0.65,Loam,23,8.7,935,835,266,661,714,28.8,28.8,70,5.2,1.04,0.69,0.72,0.006,0.66,0.67,0.67,0.72,0.7,0.69,0.56,0.56,0.31,0.31,150,Rhizome development,Drip,Apple,21559,0,Kharif,150
5587,UP036,13.25,74.03,FLD05587,15667,Apple,Fruit,Year-round,Coastal,196,49,233,6.2,0.68,Sandy,29,9.4,830,676,297,537,577,30.8,30.8,70,5.1,1.04,0.68,0.71,0.008,0.65,0.62,0.69,0.7,0.71,0.69,0.55,0.52,0.24,0.33,167,Mature,Drip,Apple,25542,0,Kharif,167
5589,MP027,19.94,84.18,FLD05589,18825,Apple,Fruit,Year-round,Coastal,243,45,239,7.7,0.73,Loam,23,9.6,1160,971,403,715,851,29.4,29.4,72,4.8,1.04,0.68,0.74,0.02,0.64,0.66,0.64,0.71,0.69,0.74,0.54,0.55,0.27,0.23,146,Tuber bulking,Drip,Apple,31401,0,Kharif,146
5590,TN006,31.55,79.69,FLD05590,8011,Apple,Fruit,Year-round,Mountain,212,36,206,7.4,0.95,Laterite,27,12.1,2340,2076,912,1556,1900,22.1,22.1,72,5.0,1.04,0.68,0.74,0.022,0.62,0.63,0.66,0.72,0.74,0.73,0.52,0.55,0.28,0.25,153,Reproductive,Sprinkler,Apple,11180,0,Kharif,153
5591,TN037,15.82,83.48,FLD05591,18986,Apple,Fruit,Year-round,Humid,183,40,177,6.7,0.5,Sandy Clay,24,8.7,3052,2457,842,1881,2173,28.5,28.5,84,4.8,1.04,0.69,0.73,0.012,0.66,0.66,0.66,0.71,0.73,0.72,0.58,0.57,0.27,0.25,140,Bearing,Drip,Apple,28801,0,Kharif,140
5592,MP027,24.0,82.77,FLD05592,14504,Apple,Fruit,Year-round,Sub-Humid,286,36,196,6.4,0.85,Loam,22,11.7,1006,886,322,614,831,29.1,29.1,76,4.7,1.04,0.69,0.75,0.016,0.67,0.67,0.65,0.7,0.7,0.75,0.56,0.57,0.29,0.29,146,Nut development,Surface,Apple,21139,0,Kharif,146
5597,MH050,15.01,88.48,FLD05597,10305,Apple,Fruit,Year-round,Coastal,245,30,240,7.4,0.57,Laterite,28,9.0,2372,2078,911,1421,1843,28.6,28.6,71,4.7,1.04,0.68,0.73,0.014,0.63,0.66,0.68,0.68,0.73,0.7,0.53,0.55,0.33,0.31,169,Reproductive,Drip,Apple,16486,0,Kharif,169
5599,AP038,20.98,81.05,FLD05599,6231,Apple,Fruit,Year-round,Humid,193,44,225,6.5,0.69,Sandy,29,9.1,3123,2481,945,1796,2162,27.7,27.7,84,5.1,1.04,0.68,0.74,0.026,0.61,0.62,0.67,0.72,0.74,0.74,0.53,0.53,0.25,0.25,162,Pod formation,Surface,Apple,10039,0,Kharif,162
5600,UP029,26.43,71.55,FLD05600,13743,Apple,Fruit,Year-round,Plateau,236,44,199,7.2,0.51,Clay Loam,27,14.6,716,634,267,480,593,27.6,27.6,67,5.0,1.04,0.69,0.74,0.014,0.67,0.62,0.68,0.72,0.72,0.74,0.57,0.51,0.3,0.33,159,Bulbing,Drip,Apple,20526,0,Kharif,159
5603,KA045,12.21,69.51,FLD05603,9550,Apple,Fruit,Year-round,Coastal,194,47,181,5.9,0.83,Sandy Loam,37,11.1,1358,1067,386,778,985,30.7,30.7,82,4.5,1.04,0.68,0.74,0.02,0.62,0.64,0.68,0.69,0.74,0.72,0.51,0.55,0.26,0.24,165,Pod formation,Sprinkler,Apple,13666,0,Kharif,165
5604,GJ025,24.0,79.26,FLD05604,7965,Apple,Fruit,Year-round,Plateau,268,29,213,6.6,0.75,Loam,32,12.1,791,721,281,497,665,26.3,26.3,62,5.2,1.04,0.69,0.74,0.016,0.66,0.65,0.67,0.71,0.74,0.74,0.54,0.56,0.28,0.23,158,Pod formation,Surface,Apple,12524,0,Kharif,158
5605,AP022,25.37,89.48,FLD05605,10569,Apple,Fruit,Year-round,Mountain,269,41,193,6.7,0.54,Laterite,20,14.4,1809,1565,488,1057,1396,18.1,18.1,67,4.5,1.04,0.69,0.72,0.012,0.66,0.66,0.65,0.71,0.71,0.72,0.55,0.57,0.31,0.25,156,Pod formation,Drip,Apple,17134,0,Kharif,156
5608,TN034,11.57,74.98,FLD05608,6301,Apple,Fruit,Year-round,Arid,230,43,173,6.0,0.92,Sandy Loam,37,21.7,409,307,134,206,289,32.7,32.7,58,4.5,1.04,0.69,0.73,0.012,0.67,0.63,0.66,0.72,0.71,0.73,0.55,0.55,0.24,0.27,167,Flush,Drip,Apple,9779,0,Kharif,167
5609,GJ007,26.01,87.29,FLD05609,8033,Apple,Fruit,Year-round,Plateau,191,48,238,7.6,0.67,Laterite,31,12.3,859,800,351,495,749,26.9,26.9,72,4.4,1.04,0.69,0.74,0.01,0.66,0.66,0.67,0.67,0.74,0.71,0.57,0.58,0.23,0.24,165,Tillering,Surface,Apple,13436,0,Kharif,165
5610,PB018,12.41,85.73,FLD05610,12003,Apple,Fruit,Year-round,Coastal,301,33,220,7.3,0.58,Laterite,35,7.7,2204,1695,700,1059,1466,29.3,29.3,82,4.8,1.04,0.67,0.75,0.028,0.61,0.61,0.64,0.72,0.71,0.75,0.52,0.52,0.3,0.27,164,Flowering,Drip,Apple,19065,0,Kharif,164
5614,RJ025,21.08,79.29,FLD05614,16805,Apple,Fruit,Year-round,Plateau,279,49,198,6.3,0.7,Clay Loam,37,13.8,1005,884,339,679,770,28.5,28.5,71,5.2,1.04,0.67,0.71,0.01,0.65,0.64,0.64,0.71,0.69,0.7,0.56,0.56,0.24,0.29,153,Tillering,Drip,Apple,28317,0,Kharif,153
5615,KA017,27.56,87.42,FLD05615,8786,Apple,Fruit,Year-round,Plateau,188,39,229,6.8,0.6,Clay Loam,28,10.7,676,603,197,478,540,30.3,30.3,71,4.2,1.04,0.68,0.73,0.022,0.62,0.66,0.66,0.68,0.72,0.73,0.51,0.58,0.3,0.22,169,Nut development,Surface,Apple,14411,0,Kharif,169
5617,AP022,29.07,89.93,FLD05617,14100,Apple,Fruit,Year-round,Sub-Humid,306,48,236,6.4,0.74,Sandy,23,11.9,883,748,325,529,678,29.2,29.2,72,5.2,1.04,0.68,0.71,0.01,0.66,0.67,0.69,0.67,0.69,0.71,0.55,0.57,0.27,0.22,163,Flowering,Drip,Apple,23236,0,Kharif,163
5618,UP006,10.12,77.94,FLD05618,18571,Apple,Fruit,Year-round,Sub-Humid,263,36,233,6.4,0.94,Sandy Loam,33,9.8,900,812,299,636,691,28.0,28.0,75,5.3,1.04,0.68,0.72,0.014,0.63,0.67,0.66,0.72,0.71,0.7,0.53,0.58,0.33,0.23,152,Grain filling,Sprinkler,Apple,30025,0,Kharif,152
5623,UP003,16.32,86.28,FLD05623,13028,Apple,Fruit,Year-round,Coastal,253,33,198,7.8,0.85,Sandy Loam,23,8.0,1014,808,327,488,757,28.1,28.1,76,5.0,1.04,0.68,0.72,0.018,0.63,0.67,0.66,0.7,0.72,0.72,0.55,0.57,0.28,0.3,168,Tillering,Sprinkler,Apple,21268,0,Kharif,168
5624,MP037,26.83,86.34,FLD05624,7277,Apple,Fruit,Year-round,Semi-Arid,265,43,197,6.7,0.85,Clay Loam,26,14.7,848,640,193,454,577,28.7,28.7,57,4.8,1.04,0.67,0.73,0.022,0.62,0.64,0.66,0.67,0.7,0.73,0.51,0.54,0.28,0.27,144,Rhizome development,Sprinkler,Apple,12010,0,Kharif,144
5625,KA013,16.67,72.08,FLD05625,19243,Apple,Fruit,Year-round,Coastal,235,40,171,6.3,0.62,Laterite,27,9.2,2522,2023,613,1494,1867,28.4,28.4,80,4.1,1.04,0.69,0.74,0.022,0.63,0.67,0.66,0.72,0.7,0.74,0.52,0.58,0.31,0.25,152,Reproductive,Drip,Apple,28670,0,Kharif,152
5626,AP043,24.46,87.58,FLD05626,17630,Apple,Fruit,Year-round,Semi-Arid,278,31,193,7.5,0.71,Loam,31,16.7,836,689,259,507,651,31.6,31.6,61,4.7,1.04,0.69,0.75,0.024,0.63,0.64,0.66,0.71,0.72,0.75,0.54,0.55,0.23,0.28,150,Fruiting,Drip,Apple,27382,0,Kharif,150
5628,GJ023,17.97,76.66,FLD05628,17472,Apple,Fruit,Year-round,Sub-Humid,247,43,235,7.6,0.66,Sandy,21,12.9,1158,1086,445,774,931,29.0,29.0,71,5.1,1.04,0.67,0.74,0.018,0.65,0.62,0.63,0.68,0.71,0.74,0.55,0.53,0.23,0.33,168,Grand growth,Drip,Apple,26085,0,Kharif,168
5629,AP039,29.95,80.42,FLD05629,16885,Apple,Fruit,Year-round,Sub-Humid,185,31,182,7.2,0.92,Clay Loam,20,8.9,941,855,279,551,750,27.4,27.4,69,4.7,1.04,0.68,0.75,0.018,0.62,0.65,0.66,0.69,0.75,0.71,0.51,0.57,0.28,0.26,161,Tuber bulking,Surface,Apple,23151,0,Kharif,161
5630,HR050,28.97,87.79,FLD05630,7467,Apple,Fruit,Year-round,Plateau,304,44,215,7.2,0.8,Sandy,28,12.1,982,882,373,562,805,31.1,31.1,65,4.3,1.04,0.69,0.72,0.014,0.64,0.66,0.69,0.7,0.72,0.71,0.54,0.54,0.28,0.29,149,Rhizome development,Surface,Apple,11505,0,Kharif,149
5631,AP024,15.32,81.41,FLD05631,14968,Apple,Fruit,Year-round,Sub-Humid,189,31,228,6.3,0.59,Sandy,27,8.9,1059,967,374,657,883,29.2,29.2,69,4.9,1.04,0.67,0.74,0.024,0.62,0.63,0.66,0.68,0.7,0.74,0.53,0.55,0.25,0.32,152,Mature,Surface,Apple,21790,0,Kharif,152
5632,GJ021,27.48,84.39,FLD05632,11368,Apple,Fruit,Year-round,Mountain,278,32,205,5.9,0.6,Clay Loam,30,11.7,3086,2418,848,1880,2173,19.6,19.6,63,5.2,1.04,0.67,0.74,0.014,0.63,0.62,0.64,0.68,0.74,0.7,0.55,0.55,0.27,0.27,158,Grain filling,Drip,Apple,16770,0,Kharif,158
5638,AP007,27.66,91.06,FLD05638,13781,Apple,Fruit,Year-round,Mountain,217,30,200,6.1,0.53,Sandy,28,13.2,2668,2441,970,1636,2098,21.1,21.1,72,4.8,1.04,0.67,0.74,0.02,0.64,0.65,0.63,0.69,0.69,0.74,0.53,0.55,0.31,0.28,151,Rhizome development,Surface,Apple,20195,0,Kharif,151
5640,RJ008,24.65,74.93,FLD05640,19032,Apple,Fruit,Year-round,Humid,304,41,217,6.2,0.72,Clay Loam,24,5.9,1247,998,416,765,905,26.3,26.3,76,4.8,1.04,0.68,0.71,0.016,0.63,0.67,0.69,0.69,0.71,0.71,0.54,0.58,0.28,0.3,147,Vegetative,Surface,Apple,32386,0,Kharif,147
5641,MP028,28.98,86.62,FLD05641,15105,Apple,Fruit,Year-round,Humid,319,51,182,6.5,0.59,Clay Loam,23,9.7,1576,1297,555,906,1214,28.9,28.9,75,5.1,1.04,0.68,0.72,0.016,0.62,0.67,0.69,0.72,0.7,0.7,0.51,0.59,0.27,0.25,148,Bearing,Surface,Apple,23894,0,Kharif,148
5642,MH005,11.29,75.54,FLD05642,17009,Apple,Fruit,Year-round,Humid,258,37,230,6.5,0.75,Sandy Loam,37,5.8,2125,1619,622,1007,1424,28.1,28.1,82,4.8,1.04,0.68,0.75,0.018,0.66,0.62,0.67,0.68,0.69,0.75,0.57,0.53,0.3,0.28,160,Grain filling,Surface,Apple,27280,0,Kharif,160
5643,PB021,10.16,80.45,FLD05643,11676,Apple,Fruit,Year-round,Plateau,276,28,218,6.8,0.8,Sandy,38,10.7,1173,993,444,637,939,27.0,27.0,65,4.5,1.04,0.69,0.72,0.01,0.67,0.66,0.69,0.72,0.71,0.72,0.58,0.57,0.24,0.28,169,Grain filling,Sprinkler,Apple,17404,0,Kharif,169
5647,TN039,16.05,83.41,FLD05647,8313,Apple,Fruit,Year-round,Humid,278,49,210,7.6,0.6,Loam,29,8.4,2232,2065,885,1557,1870,25.7,25.7,85,5.1,1.04,0.69,0.74,0.014,0.67,0.66,0.68,0.67,0.7,0.74,0.57,0.58,0.22,0.28,145,Rhizome development,Drip,Apple,12855,0,Kharif,145
5648,UP033,24.35,73.14,FLD05648,9893,Apple,Fruit,Year-round,Semi-Arid,213,46,182,7.3,0.79,Sandy Clay,31,10.4,542,507,219,369,444,28.4,28.4,65,4.6,1.04,0.68,0.73,0.024,0.61,0.67,0.65,0.7,0.7,0.73,0.51,0.58,0.26,0.25,150,Grain filling,Drip,Apple,14893,0,Kharif,150
5649,PB041,24.98,71.83,FLD05649,10784,Apple,Fruit,Year-round,Arid,303,38,181,7.0,0.82,Sandy Loam,37,20.2,333,314,126,188,298,31.0,31.0,58,4.3,1.04,0.68,0.72,0.014,0.62,0.67,0.68,0.71,0.72,0.69,0.52,0.59,0.29,0.29,145,Flowering,Drip,Apple,16913,0,Kharif,145
5651,RJ006,19.79,72.49,FLD05651,8605,Apple,Fruit,Year-round,Humid,214,40,236,5.9,0.9,Loam,27,8.3,1673,1363,459,824,1254,25.6,25.6,83,5.3,1.04,0.68,0.72,0.014,0.65,0.63,0.69,0.7,0.69,0.72,0.56,0.55,0.27,0.28,152,Fruiting,Drip,Apple,13765,0,Kharif,152
5654,KA032,25.42,78.57,FLD05654,14171,Apple,Fruit,Year-round,Mountain,299,49,195,7.5,0.92,Laterite,28,12.9,1586,1418,523,1133,1253,16.5,16.5,74,4.4,1.04,0.69,0.74,0.016,0.66,0.66,0.68,0.7,0.72,0.74,0.58,0.57,0.23,0.26,140,Grand growth,Drip,Apple,22937,0,Kharif,140
5655,RJ025,21.3,81.02,FLD05655,10081,Apple,Fruit,Year-round,Coastal,238,28,235,7.3,0.72,Laterite,21,9.0,1707,1554,505,1009,1431,28.0,28.0,81,5.1,1.04,0.67,0.69,0.01,0.64,0.66,0.68,0.69,0.69,0.69,0.56,0.58,0.27,0.27,158,Grand growth,Drip,Apple,15404,0,Kharif,158
5656,TN015,19.8,80.57,FLD05656,9015,Apple,Fruit,Year-round,Semi-Arid,239,32,210,5.8,0.89,Sandy,29,11.1,829,641,273,426,570,28.4,28.4,68,5.3,1.04,0.66,0.71,0.018,0.61,0.63,0.65,0.71,0.69,0.7,0.52,0.55,0.27,0.31,168,Vegetative,Sprinkler,Apple,14201,0,Kharif,168
5657,AP008,29.01,89.33,FLD05657,15733,Apple,Fruit,Year-round,Arid,307,46,218,7.2,0.92,Clay,37,24.1,363,309,102,207,271,31.6,31.6,50,5.3,1.04,0.68,0.74,0.022,0.63,0.62,0.67,0.71,0.72,0.74,0.52,0.54,0.24,0.28,157,Boll formation,Drip,Apple,23621,0,Kharif,157
5659,AP013,19.74,83.7,FLD05659,5718,Apple,Fruit,Year-round,Arid,310,51,228,7.2,0.93,Clay Loam,31,16.9,280,236,103,172,214,30.5,30.5,55,4.7,1.04,0.68,0.74,0.016,0.62,0.62,0.66,0.72,0.74,0.7,0.52,0.51,0.26,0.31,161,Grand growth,Sprinkler,Apple,10780,0,Kharif,161
5660,HR047,32.66,92.05,FLD05660,18355,Apple,Fruit,Year-round,Mountain,315,52,224,6.3,0.75,Sandy,38,9.1,2295,1759,689,1399,1594,17.5,17.5,73,5.3,1.04,0.68,0.74,0.022,0.63,0.62,0.65,0.71,0.72,0.74,0.54,0.51,0.24,0.28,165,Bearing,Drip,Apple,28906,0,Kharif,165
5661,MH023,29.01,89.69,FLD05661,19613,Apple,Fruit,Year-round,Arid,281,52,181,7.2,0.62,Sandy Clay,37,24.4,407,352,119,246,316,34.2,34.2,45,4.8,1.04,0.67,0.73,0.022,0.62,0.62,0.64,0.69,0.7,0.73,0.54,0.54,0.31,0.27,164,Tuber development,Drip,Apple,29886,0,Kharif,164
5663,UP025,20.18,87.11,FLD05663,15953,Apple,Fruit,Year-round,Coastal,224,32,186,6.3,0.62,Clay Loam,26,11.4,1256,960,295,750,901,30.3,30.3,78,4.2,1.04,0.69,0.73,0.014,0.66,0.62,0.69,0.72,0.7,0.73,0.55,0.52,0.28,0.32,155,Rhizome development,Drip,Apple,22087,0,Kharif,155
5665,MH011,11.5,71.04,FLD05665,5644,Apple,Fruit,Year-round,Arid,202,29,180,7.0,0.72,Sandy Clay,26,17.0,403,370,115,253,334,30.7,30.7,53,4.8,1.04,0.69,0.73,0.01,0.67,0.64,0.67,0.73,0.71,0.72,0.57,0.56,0.22,0.25,167,Grain filling,Drip,Apple,8416,0,Kharif,167
5668,MH028,11.09,76.29,FLD05668,11079,Apple,Fruit,Year-round,Coastal,312,52,230,7.2,0.97,Sandy Clay,36,8.6,1220,983,432,638,882,30.9,30.9,80,5.0,1.04,0.69,0.74,0.022,0.63,0.66,0.67,0.71,0.7,0.74,0.52,0.55,0.3,0.25,154,Pod formation,Sprinkler,Apple,17988,0,Kharif,154
5671,KA043,28.14,72.64,FLD05671,9140,Apple,Fruit,Year-round,Humid,254,48,188,6.1,0.77,Laterite,28,5.6,2674,2114,818,1291,1879,28.7,28.7,85,4.8,1.04,0.69,0.73,0.018,0.62,0.65,0.68,0.73,0.72,0.71,0.53,0.54,0.3,0.26,170,Nut development,Sprinkler,Apple,15489,0,Kharif,170
5672,GJ043,14.2,78.32,FLD05672,18065,Apple,Fruit,Year-round,Plateau,215,35,182,6.0,0.63,Laterite,20,11.5,1030,976,438,600,869,31.6,31.6,76,5.0,1.04,0.67,0.72,0.016,0.64,0.63,0.66,0.68,0.72,0.72,0.53,0.55,0.29,0.29,142,Bulbing,Sprinkler,Apple,26934,0,Kharif,142
5676,KA019,15.48,77.35,FLD05676,9957,Apple,Fruit,Year-round,Arid,249,28,221,7.1,0.83,Laterite,31,24.6,392,337,150,228,290,31.7,31.7,47,4.5,1.04,0.67,0.73,0.012,0.65,0.63,0.65,0.67,0.73,0.71,0.54,0.54,0.28,0.26,150,Fruiting,Drip,Apple,15072,0,Kharif,150
5677,TN014,10.99,81.6,FLD05677,17474,Apple,Fruit,Year-round,Humid,219,42,211,6.3,0.98,Clay Loam,24,8.2,1520,1163,357,732,1099,27.0,27.0,85,4.1,1.04,0.68,0.74,0.022,0.63,0.65,0.64,0.7,0.73,0.74,0.52,0.55,0.27,0.3,144,Fruiting,Sprinkler,Apple,25123,0,Kharif,144
5681,KA028,28.43,88.02,FLD05681,13487,Apple,Fruit,Year-round,Arid,301,28,223,6.6,0.81,Clay Loam,38,25.0,310,282,85,192,243,32.5,32.5,53,4.4,1.04,0.68,0.71,0.018,0.62,0.67,0.66,0.69,0.71,0.71,0.53,0.57,0.32,0.22,147,Rhizome development,Sprinkler,Apple,19968,0,Kharif,147
5683,TN046,29.89,85.37,FLD05683,5537,Apple,Fruit,Year-round,Mountain,226,46,219,6.2,0.59,Sandy,36,7.5,2997,2430,1016,1838,2175,18.1,18.1,79,5.3,1.04,0.68,0.73,0.018,0.64,0.65,0.68,0.7,0.69,0.73,0.56,0.56,0.29,0.25,144,Bearing,Surface,Apple,8078,0,Kharif,144
5684,MH023,21.97,76.57,FLD05684,13199,Apple,Fruit,Year-round,Plateau,269,44,197,6.3,0.89,Sandy Clay,30,10.8,1006,896,317,660,814,31.0,31.0,70,5.3,1.04,0.68,0.74,0.018,0.64,0.62,0.64,0.73,0.74,0.73,0.54,0.52,0.28,0.24,144,Grain filling,Drip,Apple,20147,0,Kharif,144
5688,MH050,23.35,78.97,FLD05688,7727,Apple,Fruit,Year-round,Sub-Humid,309,52,200,7.4,0.8,Clay,31,9.8,979,837,298,624,791,28.1,28.1,68,5.2,1.04,0.68,0.72,0.016,0.62,0.66,0.67,0.71,0.72,0.7,0.53,0.55,0.32,0.25,164,Grain filling,Sprinkler,Apple,13247,0,Kharif,164
5689,RJ035,10.92,82.63,FLD05689,10054,Apple,Fruit,Year-round,Arid,188,44,217,7.4,0.62,Sandy,30,20.6,295,229,75,160,208,33.8,33.8,57,5.1,1.04,0.67,0.72,0.016,0.64,0.63,0.68,0.68,0.7,0.72,0.56,0.52,0.27,0.31,150,Tillering,Drip,Apple,16825,0,Kharif,150
5691,KA028,18.25,89.56,FLD05691,16322,Apple,Fruit,Year-round,Humid,251,47,207,5.9,0.9,Sandy Loam,25,8.7,3187,2691,960,2053,2452,28.3,28.3,75,5.1,1.04,0.68,0.72,0.014,0.65,0.65,0.67,0.7,0.7,0.72,0.56,0.56,0.31,0.24,151,Rhizome development,Surface,Apple,25401,0,Kharif,151
5692,RJ005,30.05,83.18,FLD05692,15114,Apple,Fruit,Year-round,Mountain,194,51,214,7.6,0.94,Clay,31,12.4,1087,1003,392,741,905,23.2,23.2,77,5.0,1.04,0.67,0.75,0.018,0.61,0.64,0.67,0.68,0.75,0.7,0.54,0.53,0.28,0.32,154,Boll formation,Drip,Apple,24972,0,Kharif,154
5697,TN015,26.81,88.06,FLD05697,7370,Apple,Fruit,Year-round,Sub-Humid,224,42,188,7.7,0.86,Sandy,34,8.6,856,746,241,493,683,27.6,27.6,76,4.3,1.04,0.67,0.7,0.018,0.61,0.65,0.69,0.69,0.7,0.7,0.52,0.53,0.28,0.24,162,Flush,Drip,Apple,10359,0,Kharif,162
5699,KA003,26.56,80.66,FLD05699,19636,Apple,Fruit,Year-round,Semi-Arid,224,48,213,6.7,0.8,Loam,26,10.2,574,482,160,381,448,30.7,30.7,55,5.0,1.04,0.68,0.72,0.012,0.66,0.64,0.64,0.72,0.69,0.72,0.55,0.55,0.31,0.25,152,Flowering,Drip,Apple,28986,0,Kharif,152
5701,PB002,27.62,79.75,FLD05701,8486,Guava,Fruit,Year-round,Mountain,302,43,179,6.0,0.57,Clay Loam,37,12.1,1130,923,382,655,809,19.2,19.2,62,5.6,1.02,0.68,0.74,0.006,0.67,0.63,0.66,0.68,0.74,0.7,0.56,0.52,0.26,0.32,144,Flowering,Drip,Guava,12299,0,Kharif,144
5702,UP041,12.33,84.71,FLD05702,9593,Guava,Fruit,Year-round,Coastal,290,43,221,7.6,0.6,Clay,23,9.2,1747,1490,456,1182,1399,28.3,28.3,74,4.5,1.02,0.68,0.72,0.016,0.63,0.66,0.68,0.69,0.72,0.71,0.52,0.55,0.33,0.26,161,Pod formation,Drip,Guava,16575,0,Kharif,161
5703,UP013,22.73,77.39,FLD05703,12830,Guava,Fruit,Year-round,Plateau,213,48,227,6.7,0.87,Loam,35,10.8,842,723,244,505,628,28.2,28.2,65,5.4,1.02,0.68,0.73,0.02,0.63,0.62,0.67,0.72,0.73,0.73,0.53,0.54,0.25,0.29,168,Nut development,Drip,Guava,21552,0,Kharif,168
5705,AP044,20.41,76.13,FLD05705,5318,Guava,Fruit,Year-round,Humid,289,50,219,6.3,0.87,Laterite,37,6.8,2830,2236,1006,1758,1906,28.5,28.5,81,4.7,1.02,0.69,0.75,0.018,0.66,0.63,0.67,0.7,0.71,0.75,0.57,0.53,0.3,0.23,143,Vegetative,Sprinkler,Guava,8395,0,Kharif,143
5706,TN041,27.64,81.1,FLD05706,18817,Guava,Fruit,Year-round,Humid,315,39,192,6.1,0.65,Sandy Loam,28,6.3,2160,1724,679,1379,1497,25.0,25.0,82,5.3,1.02,0.68,0.73,0.012,0.66,0.62,0.66,0.68,0.73,0.72,0.56,0.53,0.24,0.27,167,Tillering,Drip,Guava,28682,0,Kharif,167
5709,GJ017,19.31,79.03,FLD05709,5175,Guava,Fruit,Year-round,Arid,306,43,208,7.7,0.65,Sandy Clay,31,19.7,400,317,132,218,284,35.6,35.6,52,5.1,1.02,0.68,0.72,0.018,0.63,0.65,0.64,0.72,0.72,0.72,0.55,0.57,0.29,0.25,159,Bearing,Sprinkler,Guava,8447,0,Kharif,159
5718,GJ025,31.98,78.44,FLD05718,11223,Guava,Fruit,Year-round,Mountain,198,48,186,6.2,0.86,Sandy Clay,28,13.8,1352,1180,496,878,1102,17.5,17.5,60,4.6,1.02,0.69,0.74,0.022,0.63,0.66,0.67,0.72,0.73,0.74,0.52,0.58,0.24,0.3,152,Boll formation,Surface,Guava,17976,0,Kharif,152
5723,GJ017,10.25,71.35,FLD05723,7102,Guava,Fruit,Year-round,Semi-Arid,224,28,227,6.8,0.5,Sandy,23,10.1,823,645,235,428,576,31.7,31.7,57,4.8,1.02,0.69,0.75,0.028,0.61,0.65,0.68,0.7,0.74,0.75,0.51,0.54,0.28,0.28,146,Fruiting,Drip,Guava,10138,0,Kharif,146
5727,HR027,20.42,72.87,FLD05727,15789,Guava,Fruit,Year-round,Coastal,263,37,171,7.0,0.9,Clay,31,9.0,800,663,245,492,565,29.0,29.0,73,4.4,1.02,0.69,0.73,0.016,0.64,0.66,0.65,0.71,0.73,0.72,0.55,0.58,0.23,0.27,151,Nut development,Surface,Guava,23394,0,Kharif,151
5730,TN005,17.95,89.3,FLD05730,13348,Guava,Fruit,Year-round,Semi-Arid,208,42,181,7.4,0.65,Clay,36,17.7,825,645,226,471,577,28.2,28.2,57,5.6,1.02,0.68,0.71,0.01,0.66,0.65,0.66,0.67,0.71,0.71,0.54,0.55,0.25,0.25,159,Tuber bulking,Sprinkler,Guava,20473,0,Kharif,159
5731,HR006,11.71,76.85,FLD05731,13837,Guava,Fruit,Year-round,Plateau,282,31,198,7.4,0.98,Loam,30,14.8,696,547,222,333,503,27.0,27.0,66,4.6,1.02,0.67,0.71,0.02,0.61,0.63,0.68,0.71,0.7,0.71,0.53,0.55,0.27,0.28,168,Tillering,Drip,Guava,20162,0,Kharif,168
5732,UP023,31.97,91.57,FLD05732,14557,Guava,Fruit,Year-round,Mountain,209,49,192,6.9,0.82,Clay,22,12.2,2516,2110,663,1628,1974,21.6,21.6,61,4.8,1.02,0.68,0.72,0.014,0.64,0.62,0.65,0.72,0.72,0.71,0.55,0.52,0.29,0.33,147,Fruiting,Sprinkler,Guava,20935,0,Kharif,147
5735,KA043,28.39,89.33,FLD05735,5993,Guava,Fruit,Year-round,Semi-Arid,189,42,235,7.4,0.78,Clay,25,10.5,718,597,188,416,520,31.7,31.7,59,4.8,1.02,0.69,0.75,0.018,0.66,0.67,0.68,0.72,0.69,0.75,0.55,0.56,0.26,0.25,159,Mature,Sprinkler,Guava,9587,0,Kharif,159
5736,KA011,21.08,71.06,FLD05736,8984,Guava,Fruit,Year-round,Plateau,292,44,172,7.0,0.93,Clay Loam,24,14.6,1259,1093,464,826,933,30.8,30.8,72,5.3,1.02,0.66,0.72,0.022,0.61,0.63,0.65,0.69,0.69,0.72,0.51,0.53,0.28,0.31,167,Boll formation,Drip,Guava,13110,0,Kharif,167
5737,UP047,11.48,80.12,FLD05737,8669,Guava,Fruit,Year-round,Humid,247,31,177,7.6,0.8,Sandy Loam,25,9.4,2481,2025,833,1239,1922,25.1,25.1,76,4.7,1.02,0.68,0.73,0.02,0.63,0.64,0.67,0.72,0.71,0.73,0.53,0.54,0.28,0.25,147,Tuber development,Sprinkler,Guava,12680,0,Kharif,147
5738,UP030,20.45,74.06,FLD05738,11535,Guava,Fruit,Year-round,Arid,203,30,228,5.8,0.7,Sandy Loam,33,24.2,289,224,96,156,210,33.1,33.1,58,4.5,1.02,0.67,0.72,0.016,0.63,0.64,0.65,0.69,0.72,0.71,0.53,0.55,0.27,0.24,146,Tillering,Drip,Guava,18050,0,Kharif,146
5740,RJ020,11.99,69.77,FLD05740,16433,Guava,Fruit,Year-round,Coastal,277,48,186,7.5,0.77,Sandy,23,10.3,1943,1461,461,884,1358,28.2,28.2,77,4.5,1.02,0.68,0.73,0.024,0.61,0.67,0.67,0.69,0.71,0.73,0.51,0.56,0.32,0.29,156,Bearing,Drip,Guava,27209,0,Kharif,156
5743,TN011,13.08,82.53,FLD05743,10239,Guava,Fruit,Year-round,Plateau,272,32,239,7.8,0.83,Clay,25,11.3,1072,911,319,622,788,30.0,30.0,71,4.9,1.02,0.69,0.75,0.018,0.66,0.63,0.67,0.73,0.69,0.75,0.57,0.54,0.3,0.31,162,Grand growth,Drip,Guava,15786,0,Kharif,162
5744,AP049,11.03,86.19,FLD05744,6579,Guava,Fruit,Year-round,Sub-Humid,271,46,201,7.1,0.75,Loam,33,9.6,1179,1041,389,632,933,28.0,28.0,76,4.9,1.02,0.68,0.73,0.02,0.61,0.66,0.68,0.69,0.73,0.71,0.51,0.58,0.31,0.25,168,Fruiting,Drip,Guava,10391,0,Kharif,168
5745,KA013,20.86,86.29,FLD05745,17266,Guava,Fruit,Year-round,Arid,282,52,240,6.2,0.84,Laterite,36,22.4,364,308,101,202,271,31.6,31.6,53,5.1,1.02,0.68,0.74,0.006,0.67,0.62,0.66,0.67,0.74,0.7,0.55,0.51,0.3,0.32,165,Reproductive,Sprinkler,Guava,30169,0,Kharif,165
5746,MP042,25.24,72.69,FLD05746,7767,Guava,Fruit,Year-round,Plateau,254,28,181,6.8,0.84,Sandy Clay,37,13.7,820,723,223,563,680,30.7,30.7,67,5.1,1.02,0.68,0.73,0.018,0.64,0.66,0.64,0.72,0.7,0.73,0.53,0.58,0.24,0.29,167,Tillering,Sprinkler,Guava,10608,0,Kharif,167
5751,RJ045,14.51,70.58,FLD05751,6563,Guava,Fruit,Year-round,Semi-Arid,204,49,220,5.9,0.64,Loam,24,11.2,665,603,187,435,556,31.8,31.8,60,5.4,1.02,0.68,0.73,0.012,0.67,0.64,0.67,0.68,0.69,0.73,0.58,0.53,0.26,0.26,167,Mature,Drip,Guava,10802,0,Kharif,167
5755,MH024,17.05,73.1,FLD05755,11132,Guava,Fruit,Year-round,Plateau,312,48,194,7.6,0.67,Sandy Clay,36,8.5,894,819,283,505,771,31.3,31.3,73,5.0,1.02,0.68,0.73,0.02,0.63,0.62,0.69,0.71,0.7,0.73,0.54,0.54,0.32,0.24,166,Tuber development,Surface,Guava,18127,0,Kharif,166
5757,AP022,14.52,89.74,FLD05757,5223,Guava,Fruit,Year-round,Plateau,253,28,206,7.3,0.6,Clay,28,9.4,1145,954,295,637,815,30.0,30.0,72,4.5,1.02,0.69,0.74,0.024,0.62,0.67,0.67,0.72,0.72,0.74,0.54,0.57,0.33,0.28,151,Grain filling,Surface,Guava,7593,0,Kharif,151
5759,PB011,26.87,70.74,FLD05759,6680,Guava,Fruit,Year-round,Semi-Arid,243,34,224,7.0,0.57,Clay,31,10.2,816,771,344,477,682,30.2,30.2,64,5.4,1.02,0.69,0.74,0.024,0.62,0.64,0.69,0.72,0.74,0.74,0.51,0.53,0.27,0.32,167,Tuber bulking,Sprinkler,Guava,10210,0,Kharif,167
5761,AP013,21.45,77.87,FLD05761,16585,Guava,Fruit,Year-round,Arid,306,45,222,7.3,0.61,Sandy Clay,22,15.4,269,213,82,130,184,35.2,35.2,47,4.9,1.02,0.69,0.73,0.016,0.64,0.67,0.64,0.73,0.71,0.72,0.55,0.58,0.25,0.26,153,Vegetative,Drip,Guava,31481,0,Kharif,153
5766,PB019,19.95,82.18,FLD05766,7180,Guava,Fruit,Year-round,Semi-Arid,295,52,183,6.2,0.68,Sandy,38,15.3,739,684,274,519,622,30.7,30.7,62,4.7,1.02,0.68,0.71,0.006,0.66,0.63,0.68,0.71,0.69,0.69,0.55,0.52,0.25,0.3,168,Rhizome development,Drip,Guava,12164,0,Kharif,168
5767,RJ004,10.51,86.88,FLD05767,13107,Guava,Fruit,Year-round,Semi-Arid,242,31,224,7.3,0.7,Sandy Loam,33,11.9,658,589,261,400,517,28.8,28.8,60,5.6,1.02,0.68,0.74,0.024,0.62,0.66,0.68,0.69,0.69,0.74,0.53,0.57,0.29,0.31,146,Tuber development,Drip,Guava,19472,0,Kharif,146
5768,AP004,27.41,77.51,FLD05768,6361,Guava,Fruit,Year-round,Mountain,320,40,222,6.3,0.73,Clay,32,8.0,2799,2597,1042,1852,2306,20.4,20.4,78,4.6,1.02,0.69,0.74,0.02,0.64,0.66,0.65,0.72,0.74,0.74,0.53,0.56,0.26,0.28,140,Grand growth,Surface,Guava,11070,0,Kharif,140
5770,AP020,16.88,86.31,FLD05770,19984,Guava,Fruit,Year-round,Sub-Humid,302,38,189,7.8,0.66,Sandy Clay,24,12.6,1146,1041,459,711,951,28.3,28.3,69,4.5,1.02,0.67,0.72,0.014,0.65,0.64,0.64,0.67,0.71,0.72,0.53,0.55,0.25,0.24,158,Fruiting,Sprinkler,Guava,29464,0,Kharif,158
5772,AP009,27.69,77.57,FLD05772,11088,Guava,Fruit,Year-round,Mountain,221,45,207,7.7,0.63,Loam,37,13.0,927,880,292,684,826,24.2,24.2,71,5.2,1.02,0.68,0.74,0.01,0.65,0.64,0.65,0.71,0.74,0.7,0.56,0.53,0.32,0.23,158,Mature,Drip,Guava,17444,0,Kharif,158
5773,PB037,10.65,88.0,FLD05773,17496,Guava,Fruit,Year-round,Arid,199,38,196,6.4,0.8,Clay,33,18.1,407,327,140,240,284,33.0,33.0,48,5.5,1.02,0.68,0.72,0.01,0.67,0.62,0.66,0.69,0.72,0.72,0.56,0.52,0.25,0.28,165,Flowering,Sprinkler,Guava,24701,0,Kharif,165
5775,AP021,28.5,87.76,FLD05775,6299,Guava,Fruit,Year-round,Plateau,320,44,207,6.9,0.88,Clay Loam,34,10.4,800,640,228,443,556,27.9,27.9,65,4.7,1.02,0.68,0.74,0.01,0.66,0.66,0.65,0.68,0.74,0.71,0.55,0.55,0.23,0.29,154,Grain filling,Drip,Guava,10409,0,Kharif,154
5781,HR031,29.28,82.5,FLD05781,15826,Guava,Fruit,Year-round,Humid,320,38,217,7.6,0.56,Clay,23,9.1,1483,1203,466,892,1140,25.6,25.6,80,5.4,1.02,0.68,0.74,0.024,0.62,0.66,0.67,0.67,0.71,0.74,0.51,0.58,0.25,0.27,140,Vegetative,Surface,Guava,27259,0,Kharif,140
5782,AP047,32.39,85.84,FLD05782,10489,Guava,Fruit,Year-round,Mountain,248,45,176,7.6,0.97,Clay,31,11.6,2330,1986,713,1502,1770,18.2,18.2,77,5.0,1.02,0.69,0.73,0.016,0.64,0.67,0.68,0.73,0.73,0.72,0.53,0.58,0.23,0.22,151,Fruiting,Drip,Guava,15402,0,Kharif,151
5784,MP028,17.5,80.22,FLD05784,19094,Guava,Fruit,Year-round,Humid,271,33,221,5.9,0.88,Sandy Loam,28,9.9,1473,1324,542,1027,1149,28.7,28.7,81,5.3,1.02,0.69,0.74,0.016,0.65,0.63,0.67,0.69,0.74,0.73,0.57,0.54,0.28,0.32,167,Vegetative,Sprinkler,Guava,29121,0,Kharif,167
5785,RJ012,31.09,84.15,FLD05785,15827,Guava,Fruit,Year-round,Mountain,190,50,175,6.9,0.84,Sandy Clay,37,9.5,3010,2467,817,1743,2159,20.0,20.0,64,5.3,1.02,0.68,0.73,0.016,0.62,0.66,0.67,0.69,0.73,0.7,0.52,0.55,0.28,0.25,143,Nut development,Drip,Guava,24031,0,Kharif,143
5787,AP031,16.61,79.07,FLD05787,13394,Guava,Fruit,Year-round,Plateau,271,49,224,7.0,0.58,Clay Loam,29,9.2,967,842,322,637,773,26.5,26.5,69,5.6,1.02,0.68,0.72,0.018,0.63,0.64,0.69,0.68,0.7,0.72,0.53,0.53,0.3,0.26,140,Reproductive,Sprinkler,Guava,20350,0,Kharif,140
5789,HR029,9.94,88.0,FLD05789,12797,Guava,Fruit,Year-round,Coastal,247,39,184,7.5,0.52,Clay Loam,21,7.4,1158,1028,462,646,974,29.6,29.6,76,4.6,1.02,0.69,0.73,0.018,0.64,0.66,0.68,0.67,0.73,0.73,0.54,0.54,0.27,0.22,160,Grand growth,Drip,Guava,20002,0,Kharif,160
5790,TN043,12.85,81.27,FLD05790,14031,Guava,Fruit,Year-round,Semi-Arid,310,46,197,6.5,0.69,Clay Loam,21,17.9,806,641,286,418,561,28.3,28.3,57,5.3,1.02,0.68,0.72,0.018,0.63,0.64,0.65,0.72,0.72,0.72,0.53,0.53,0.33,0.27,156,Flush,Drip,Guava,22107,0,Kharif,156
5791,AP034,11.72,78.78,FLD05791,10200,Guava,Fruit,Year-round,Semi-Arid,293,40,214,6.8,0.53,Clay,23,15.1,577,435,187,265,403,30.1,30.1,56,5.1,1.02,0.68,0.71,0.014,0.64,0.64,0.68,0.7,0.69,0.71,0.55,0.54,0.31,0.3,150,Pod formation,Drip,Guava,14935,0,Kharif,150
5794,KA015,20.21,80.83,FLD05794,18698,Guava,Fruit,Year-round,Coastal,192,41,215,6.4,0.87,Clay Loam,30,8.7,2483,1904,658,1483,1628,29.9,29.9,82,5.0,1.02,0.69,0.73,0.014,0.66,0.65,0.67,0.68,0.72,0.73,0.57,0.56,0.24,0.31,169,Bearing,Surface,Guava,29531,0,Kharif,169
5796,AP007,19.45,73.89,FLD05796,6795,Guava,Fruit,Year-round,Coastal,282,35,218,6.8,0.8,Loam,23,9.3,2206,1941,681,1523,1828,29.3,29.3,72,4.5,1.02,0.68,0.72,0.02,0.61,0.67,0.67,0.68,0.72,0.71,0.52,0.57,0.33,0.22,168,Bulbing,Surface,Guava,11447,0,Kharif,168
5797,TN026,27.76,77.54,FLD05797,15235,Guava,Fruit,Year-round,Semi-Arid,266,38,208,7.4,0.61,Sandy Clay,22,15.7,749,621,232,378,561,28.3,28.3,65,4.5,1.02,0.68,0.74,0.024,0.62,0.67,0.67,0.7,0.69,0.74,0.52,0.58,0.26,0.23,155,Boll formation,Sprinkler,Guava,23112,0,Kharif,155
5798,HR040,18.66,79.14,FLD05798,16703,Guava,Fruit,Year-round,Semi-Arid,280,33,191,7.1,0.86,Clay,27,11.6,708,645,280,411,565,28.8,28.8,68,5.5,1.02,0.68,0.73,0.012,0.64,0.62,0.68,0.73,0.71,0.7,0.53,0.52,0.24,0.28,158,Boll formation,Sprinkler,Guava,25275,0,Kharif,158
5799,KA028,15.12,78.94,FLD05799,7542,Guava,Fruit,Year-round,Coastal,193,38,183,6.8,0.63,Clay Loam,35,6.0,1584,1274,560,988,1178,30.9,30.9,74,5.2,1.02,0.67,0.7,0.012,0.64,0.63,0.65,0.68,0.7,0.7,0.55,0.52,0.3,0.24,152,Boll formation,Drip,Guava,11728,0,Kharif,152
5801,GJ022,16.9,75.98,FLD05801,7518,Guava,Fruit,Year-round,Arid,267,39,189,6.3,0.54,Sandy Loam,31,22.9,373,351,141,247,319,34.6,34.6,55,5.6,1.02,0.69,0.74,0.012,0.67,0.64,0.66,0.67,0.74,0.73,0.55,0.55,0.26,0.3,140,Boll formation,Drip,Guava,11091,0,Kharif,140
5805,HR046,27.26,83.91,FLD05805,16442,Guava,Fruit,Year-round,Semi-Arid,253,45,208,6.0,0.86,Sandy Clay,20,15.7,708,654,206,470,581,31.9,31.9,55,4.5,1.02,0.67,0.74,0.026,0.61,0.64,0.63,0.71,0.69,0.74,0.53,0.53,0.3,0.25,149,Tuber development,Drip,Guava,27191,0,Kharif,149
5806,KA014,20.88,79.07,FLD05806,7496,Guava,Fruit,Year-round,Coastal,195,38,209,6.8,0.65,Clay Loam,29,8.4,1745,1457,566,967,1313,28.1,28.1,70,5.4,1.02,0.69,0.74,0.026,0.61,0.66,0.69,0.68,0.73,0.74,0.54,0.55,0.24,0.27,170,Boll formation,Surface,Guava,11808,0,Kharif,170
5807,AP017,27.21,75.67,FLD05807,6207,Guava,Fruit,Year-round,Mountain,204,52,240,7.4,0.96,Laterite,34,10.9,1091,931,368,647,882,17.0,17.0,68,4.9,1.02,0.67,0.72,0.016,0.63,0.62,0.68,0.68,0.72,0.71,0.53,0.52,0.24,0.24,168,Bulbing,Sprinkler,Guava,9366,0,Kharif,168
5808,MH022,26.43,72.17,FLD05808,16261,Guava,Fruit,Year-round,Semi-Arid,203,31,199,7.2,0.52,Clay Loam,24,12.7,667,627,191,485,566,30.8,30.8,56,4.8,1.02,0.67,0.72,0.02,0.61,0.64,0.65,0.71,0.72,0.71,0.52,0.54,0.29,0.31,161,Grain filling,Sprinkler,Guava,22015,0,Kharif,161
5810,HR017,25.21,89.59,FLD05810,14836,Guava,Fruit,Year-round,Humid,241,34,201,7.1,0.85,Clay,24,9.1,1422,1133,359,899,1027,25.2,25.2,83,4.8,1.02,0.67,0.72,0.016,0.62,0.63,0.64,0.7,0.72,0.7,0.53,0.52,0.28,0.33,146,Pod formation,Surface,Guava,21986,0,Kharif,146
5813,RJ011,27.18,88.65,FLD05813,12448,Guava,Fruit,Year-round,Mountain,303,35,170,5.9,0.52,Clay Loam,30,7.8,2319,2060,771,1304,1812,23.4,23.4,65,5.6,1.02,0.68,0.72,0.016,0.61,0.65,0.68,0.71,0.72,0.69,0.52,0.56,0.25,0.32,149,Pod formation,Sprinkler,Guava,18420,0,Kharif,149
5814,MP015,10.34,82.1,FLD05814,12982,Guava,Fruit,Year-round,Humid,211,39,177,7.4,0.53,Sandy,37,8.5,1744,1547,492,1193,1404,27.3,27.3,78,5.5,1.02,0.68,0.72,0.014,0.65,0.64,0.69,0.68,0.71,0.72,0.55,0.55,0.26,0.32,164,Tillering,Sprinkler,Guava,18770,0,Kharif,164
5816,MH020,16.02,79.55,FLD05816,8898,Guava,Fruit,Year-round,Arid,276,39,232,6.1,0.75,Sandy Clay,31,23.7,339,314,126,222,286,35.4,35.4,49,4.7,1.02,0.67,0.72,0.02,0.62,0.63,0.66,0.7,0.72,0.72,0.53,0.52,0.31,0.25,150,Flowering,Sprinkler,Guava,14053,0,Kharif,150
5819,HR020,29.04,85.02,FLD05819,6900,Guava,Fruit,Year-round,Arid,229,49,195,7.2,0.57,Clay,37,19.3,400,306,131,213,271,35.6,35.6,55,5.5,1.02,0.67,0.71,0.016,0.62,0.66,0.67,0.67,0.71,0.7,0.54,0.54,0.27,0.28,155,Reproductive,Drip,Guava,11173,0,Kharif,155
5821,AP041,29.24,82.67,FLD05821,8586,Guava,Fruit,Year-round,Semi-Arid,295,29,218,6.6,0.98,Loam,31,10.2,649,493,169,330,442,30.7,30.7,60,4.8,1.02,0.67,0.73,0.008,0.65,0.63,0.63,0.73,0.69,0.69,0.54,0.52,0.23,0.3,167,Bearing,Sprinkler,Guava,12107,0,Kharif,167
5823,MH043,26.14,94.01,FLD05823,9965,Guava,Fruit,Year-round,Mountain,258,33,219,6.1,0.72,Loam,20,9.5,2242,1862,709,1225,1636,19.4,19.4,62,5.4,1.02,0.67,0.73,0.014,0.63,0.62,0.66,0.67,0.73,0.7,0.55,0.51,0.24,0.27,170,Boll formation,Surface,Guava,13983,0,Kharif,170
5828,KA049,29.85,80.62,FLD05828,15968,Guava,Fruit,Year-round,Plateau,275,49,171,7.1,0.59,Loam,34,14.7,1287,1037,402,735,929,29.7,29.7,74,4.7,1.02,0.68,0.73,0.012,0.65,0.66,0.66,0.68,0.73,0.71,0.54,0.55,0.26,0.26,152,Bulbing,Sprinkler,Guava,24345,0,Kharif,152
5830,TN006,10.71,74.43,FLD05830,9906,Guava,Fruit,Year-round,Humid,186,30,185,6.1,0.85,Clay,26,5.9,3014,2436,829,1666,2130,27.4,27.4,78,4.4,1.02,0.68,0.74,0.016,0.66,0.63,0.64,0.7,0.71,0.74,0.57,0.54,0.22,0.26,149,Nut development,Drip,Guava,15444,0,Kharif,149
5835,AP015,13.53,84.82,FLD05835,8769,Guava,Fruit,Year-round,Sub-Humid,301,28,191,6.8,0.63,Sandy Loam,32,9.7,1147,994,434,781,933,27.6,27.6,75,4.4,1.02,0.69,0.74,0.014,0.65,0.64,0.69,0.7,0.74,0.72,0.56,0.55,0.25,0.26,145,Mature,Surface,Guava,12919,0,Kharif,145
5837,RJ017,25.33,87.15,FLD05837,12596,Guava,Fruit,Year-round,Semi-Arid,208,44,222,6.0,0.51,Clay,35,14.6,777,609,238,380,527,28.8,28.8,57,4.7,1.02,0.69,0.74,0.026,0.61,0.65,0.67,0.72,0.73,0.74,0.53,0.55,0.26,0.32,156,Boll formation,Drip,Guava,19389,0,Kharif,156
5838,HR005,22.49,78.2,FLD05838,13594,Guava,Fruit,Year-round,Plateau,317,48,191,6.7,0.77,Clay,21,11.6,1250,1071,415,803,929,27.1,27.1,67,5.1,1.02,0.68,0.73,0.02,0.63,0.66,0.69,0.67,0.7,0.73,0.55,0.57,0.3,0.3,157,Fruiting,Sprinkler,Guava,20725,0,Kharif,157
5839,AP018,29.15,71.43,FLD05839,19671,Guava,Fruit,Year-round,Sub-Humid,309,42,211,7.4,0.53,Clay Loam,28,8.3,1001,806,324,509,758,27.7,27.7,70,4.9,1.02,0.69,0.74,0.018,0.61,0.67,0.68,0.71,0.74,0.7,0.52,0.58,0.29,0.25,170,Bulbing,Drip,Guava,34200,0,Kharif,170
5843,UP047,32.39,92.37,FLD05843,6534,Guava,Fruit,Year-round,Mountain,241,44,218,7.2,0.97,Loam,22,9.4,2832,2313,884,1485,2102,22.1,22.1,85,4.9,1.02,0.69,0.73,0.014,0.66,0.67,0.69,0.7,0.71,0.73,0.57,0.56,0.28,0.29,156,Vegetative,Sprinkler,Guava,10721,0,Kharif,156
5849,PB047,9.99,76.4,FLD05849,7375,Guava,Fruit,Year-round,Coastal,204,41,240,5.9,0.65,Sandy Loam,31,8.6,2363,1798,545,1295,1682,28.3,28.3,75,5.0,1.02,0.69,0.74,0.02,0.64,0.66,0.64,0.73,0.72,0.74,0.55,0.58,0.23,0.24,149,Flowering,Drip,Guava,11824,0,Kharif,149
5850,PB013,15.38,81.09,FLD05850,7848,Guava,Fruit,Year-round,Arid,284,34,202,6.9,0.93,Laterite,26,18.7,496,409,133,317,360,32.8,32.8,56,5.2,1.02,0.69,0.73,0.024,0.61,0.67,0.67,0.73,0.72,0.73,0.51,0.56,0.25,0.24,167,Mature,Drip,Guava,12146,0,Kharif,167
5851,AP044,13.85,86.43,FLD05851,19483,Pineapple,Fruit,Year-round,Plateau,283,36,196,7.7,0.82,Clay,20,11.6,780,600,251,417,539,29.2,29.2,64,5.8,1.08,0.67,0.73,0.02,0.63,0.63,0.63,0.7,0.7,0.73,0.53,0.55,0.24,0.3,157,Fruiting,Sprinkler,Pineapple,23710,0,Kharif,157
5857,HR025,23.49,84.41,FLD05857,6354,Pineapple,Fruit,Year-round,Sub-Humid,301,52,173,7.4,0.82,Sandy Loam,33,12.2,1056,986,405,651,843,28.4,28.4,69,5.5,1.08,0.68,0.73,0.022,0.62,0.63,0.68,0.72,0.7,0.73,0.53,0.52,0.24,0.31,165,Grand growth,Sprinkler,Pineapple,8414,0,Kharif,165
5859,KA001,13.67,87.02,FLD05859,9753,Pineapple,Fruit,Year-round,Coastal,197,31,182,6.3,0.93,Sandy Loam,24,8.1,1818,1535,596,942,1312,28.6,28.6,71,6.1,1.08,0.69,0.74,0.02,0.64,0.67,0.63,0.72,0.71,0.74,0.56,0.56,0.31,0.24,170,Vegetative,Sprinkler,Pineapple,11053,0,Kharif,170
5863,TN007,19.5,84.91,FLD05863,6193,Pineapple,Fruit,Year-round,Coastal,225,36,174,5.9,0.72,Clay Loam,38,11.5,1006,800,243,546,690,29.0,29.0,82,5.9,1.08,0.68,0.74,0.01,0.64,0.65,0.68,0.69,0.74,0.69,0.55,0.57,0.23,0.24,157,Tuber development,Surface,Pineapple,7281,0,Kharif,157
5866,AP037,16.43,78.09,FLD05866,16450,Pineapple,Fruit,Year-round,Plateau,207,37,175,6.1,0.57,Clay,37,12.2,989,845,374,666,802,26.7,26.7,66,5.6,1.08,0.69,0.74,0.012,0.66,0.64,0.69,0.69,0.74,0.72,0.57,0.53,0.25,0.23,158,Nut development,Sprinkler,Pineapple,17648,0,Kharif,158
5867,RJ020,24.12,70.47,FLD05867,14658,Pineapple,Fruit,Year-round,Humid,262,44,226,7.3,0.72,Clay,21,5.3,1449,1133,489,708,1009,27.6,27.6,85,5.5,1.08,0.69,0.75,0.024,0.63,0.67,0.68,0.71,0.7,0.75,0.53,0.57,0.32,0.31,142,Fruiting,Drip,Pineapple,17214,0,Kharif,142
5868,MP019,22.16,86.91,FLD05868,17952,Pineapple,Fruit,Year-round,Semi-Arid,302,52,176,6.5,0.67,Laterite,34,16.0,510,440,166,279,413,31.7,31.7,62,4.9,1.08,0.69,0.74,0.016,0.66,0.65,0.68,0.71,0.69,0.74,0.55,0.56,0.28,0.31,160,Grain filling,Sprinkler,Pineapple,24191,0,Kharif,160
5869,UP033,30.59,81.73,FLD05869,13929,Pineapple,Fruit,Year-round,Mountain,205,31,188,6.1,0.68,Laterite,27,8.7,2900,2309,790,1834,2014,20.8,20.8,82,5.9,1.08,0.67,0.74,0.01,0.65,0.62,0.63,0.7,0.74,0.7,0.55,0.54,0.3,0.24,166,Bearing,Surface,Pineapple,14461,0,Kharif,166
5870,RJ020,14.64,73.79,FLD05870,6116,Pineapple,Fruit,Year-round,Arid,306,41,234,6.4,0.77,Loam,29,22.3,303,247,91,184,223,34.5,34.5,54,5.2,1.08,0.68,0.72,0.01,0.66,0.62,0.68,0.69,0.72,0.71,0.55,0.54,0.29,0.24,153,Bearing,Drip,Pineapple,9640,0,Kharif,153
5871,HR018,16.01,79.94,FLD05871,6086,Pineapple,Fruit,Year-round,Humid,198,31,210,7.7,0.55,Sandy,32,6.6,1960,1707,764,1234,1596,26.8,26.8,75,4.8,1.08,0.68,0.71,0.01,0.66,0.67,0.65,0.68,0.71,0.71,0.56,0.57,0.23,0.22,168,Tuber development,Surface,Pineapple,6609,0,Kharif,168
5872,UP012,27.74,78.05,FLD05872,19998,Pineapple,Fruit,Year-round,Humid,302,45,228,7.8,0.75,Sandy,37,7.6,2967,2282,721,1761,2004,26.8,26.8,82,6.0,1.08,0.67,0.75,0.02,0.65,0.62,0.64,0.68,0.71,0.75,0.55,0.53,0.31,0.24,157,Pod formation,Drip,Pineapple,25856,0,Kharif,157
5876,UP009,26.04,80.33,FLD05876,9603,Pineapple,Fruit,Year-round,Sub-Humid,241,38,236,6.8,0.68,Laterite,36,9.5,894,807,353,593,687,28.4,28.4,69,4.8,1.08,0.68,0.74,0.006,0.66,0.64,0.65,0.72,0.74,0.69,0.57,0.56,0.28,0.28,152,Grain filling,Sprinkler,Pineapple,12285,0,Kharif,152
5879,MP021,17.54,70.92,FLD05879,16876,Pineapple,Fruit,Year-round,Semi-Arid,222,37,226,7.0,0.56,Sandy,32,15.5,821,648,256,419,607,28.5,28.5,65,5.6,1.08,0.68,0.71,0.008,0.66,0.67,0.65,0.68,0.71,0.7,0.54,0.57,0.22,0.27,162,Boll formation,Sprinkler,Pineapple,19069,0,Kharif,162
5884,MP006,23.01,73.49,FLD05884,7271,Pineapple,Fruit,Year-round,Arid,276,37,185,6.9,0.96,Clay Loam,35,16.0,389,347,128,258,327,31.8,31.8,50,5.2,1.08,0.68,0.73,0.006,0.67,0.62,0.64,0.72,0.73,0.7,0.57,0.52,0.25,0.28,145,Mature,Drip,Pineapple,8023,0,Kharif,145
5886,MP017,17.49,89.36,FLD05886,12126,Pineapple,Fruit,Year-round,Semi-Arid,214,39,206,6.5,0.95,Laterite,28,11.3,519,473,182,345,442,31.5,31.5,65,5.4,1.08,0.66,0.7,0.008,0.65,0.62,0.64,0.67,0.7,0.69,0.55,0.51,0.27,0.33,160,Flush,Sprinkler,Pineapple,13843,0,Kharif,160
5887,KA034,24.96,71.65,FLD05887,16578,Pineapple,Fruit,Year-round,Semi-Arid,196,41,175,7.1,0.66,Clay Loam,24,15.6,594,457,186,276,418,30.8,30.8,62,6.0,1.08,0.68,0.73,0.016,0.65,0.64,0.67,0.69,0.69,0.73,0.54,0.54,0.31,0.23,160,Bearing,Sprinkler,Pineapple,17668,0,Kharif,160
5888,UP030,18.48,81.45,FLD05888,19350,Pineapple,Fruit,Year-round,Semi-Arid,248,30,218,6.8,0.64,Clay Loam,24,18.0,617,482,177,330,432,31.2,31.2,55,5.8,1.08,0.68,0.72,0.014,0.63,0.67,0.67,0.68,0.72,0.7,0.54,0.58,0.24,0.27,168,Vegetative,Drip,Pineapple,22409,0,Kharif,168
5889,GJ008,25.17,79.01,FLD05889,16191,Pineapple,Fruit,Year-round,Mountain,241,50,205,7.4,0.88,Sandy,25,8.6,3264,3047,1092,2139,2723,23.7,23.7,61,5.5,1.08,0.69,0.73,0.018,0.64,0.66,0.68,0.72,0.71,0.73,0.55,0.55,0.28,0.28,150,Boll formation,Surface,Pineapple,20569,0,Kharif,150
5891,GJ012,25.89,86.31,FLD05891,15236,Pineapple,Fruit,Year-round,Arid,232,48,190,6.6,0.84,Sandy,32,24.7,477,441,171,294,410,35.5,35.5,56,4.8,1.08,0.68,0.72,0.016,0.64,0.66,0.66,0.71,0.7,0.72,0.55,0.56,0.28,0.25,141,Grain filling,Drip,Pineapple,17613,0,Kharif,141
5894,RJ009,28.01,76.03,FLD05894,19973,Pineapple,Fruit,Year-round,Mountain,299,49,210,6.9,0.94,Clay Loam,35,12.0,2822,2411,793,1915,2272,22.3,22.3,72,4.8,1.08,0.69,0.74,0.014,0.66,0.62,0.69,0.69,0.74,0.73,0.55,0.53,0.25,0.25,161,Vegetative,Drip,Pineapple,26049,0,Kharif,161
5895,UP006,34.6,88.26,FLD05895,8378,Pineapple,Fruit,Year-round,Mountain,311,33,201,7.6,0.79,Clay Loam,29,7.7,2455,2125,857,1397,1926,18.0,18.0,79,5.9,1.08,0.67,0.71,0.018,0.62,0.64,0.65,0.69,0.71,0.71,0.54,0.55,0.28,0.29,163,Tuber bulking,Sprinkler,Pineapple,10471,0,Kharif,163
5899,MH026,11.64,85.64,FLD05899,7954,Pineapple,Fruit,Year-round,Semi-Arid,254,34,198,7.2,0.59,Loam,38,10.7,643,561,181,344,498,29.1,29.1,65,5.3,1.08,0.69,0.74,0.008,0.66,0.67,0.67,0.69,0.74,0.7,0.54,0.56,0.23,0.28,143,Vegetative,Drip,Pineapple,9988,0,Kharif,143
5901,RJ024,23.67,83.23,FLD05901,16656,Pineapple,Fruit,Year-round,Semi-Arid,187,40,215,7.2,0.71,Clay Loam,37,11.4,696,648,218,479,595,30.5,30.5,57,5.3,1.08,0.69,0.74,0.024,0.62,0.67,0.67,0.69,0.73,0.74,0.52,0.57,0.25,0.3,157,Boll formation,Sprinkler,Pineapple,20360,0,Kharif,157
5905,MH042,25.92,78.43,FLD05905,17852,Pineapple,Fruit,Year-round,Sub-Humid,185,43,172,6.4,0.97,Clay,23,9.8,870,823,278,529,774,27.5,27.5,71,5.8,1.08,0.67,0.74,0.012,0.63,0.66,0.66,0.67,0.74,0.69,0.55,0.55,0.24,0.29,143,Tillering,Drip,Pineapple,20681,0,Kharif,143
5906,KA010,30.36,88.02,FLD05906,12437,Pineapple,Fruit,Year-round,Mountain,272,45,175,6.9,0.87,Sandy Clay,37,12.3,3247,2698,951,2080,2545,16.6,16.6,85,5.8,1.08,0.67,0.7,0.008,0.65,0.67,0.64,0.67,0.7,0.69,0.57,0.56,0.23,0.27,146,Grain filling,Drip,Pineapple,15067,0,Kharif,146
5916,PB023,23.49,73.27,FLD05916,19959,Pineapple,Fruit,Year-round,Sub-Humid,277,43,181,6.0,0.77,Sandy,36,10.2,949,879,359,664,755,29.8,29.8,70,5.4,1.08,0.67,0.72,0.016,0.63,0.62,0.68,0.72,0.69,0.71,0.54,0.52,0.32,0.24,170,Pod formation,Sprinkler,Pineapple,23734,0,Kharif,170
5917,HR024,26.02,86.52,FLD05917,5399,Pineapple,Fruit,Year-round,Mountain,282,52,176,6.8,0.88,Laterite,24,12.1,2494,2077,683,1404,1815,20.4,20.4,69,5.4,1.08,0.68,0.73,0.018,0.61,0.63,0.66,0.73,0.73,0.7,0.51,0.53,0.29,0.26,153,Tuber bulking,Drip,Pineapple,6187,0,Kharif,153
5918,TN013,26.78,88.25,FLD05918,9048,Pineapple,Fruit,Year-round,Plateau,230,48,176,7.5,0.83,Laterite,31,11.0,1000,852,305,617,773,28.1,28.1,64,5.1,1.08,0.68,0.74,0.016,0.66,0.61,0.65,0.7,0.72,0.74,0.55,0.54,0.28,0.27,148,Pod formation,Sprinkler,Pineapple,10232,0,Kharif,148
5919,UP009,29.48,84.9,FLD05919,11693,Pineapple,Fruit,Year-round,Semi-Arid,184,29,175,7.1,0.77,Laterite,34,11.0,546,495,202,362,443,29.3,29.3,68,5.0,1.08,0.66,0.7,0.008,0.65,0.61,0.65,0.67,0.7,0.69,0.54,0.53,0.3,0.26,150,Tillering,Drip,Pineapple,12566,0,Kharif,150
5921,AP008,23.26,78.23,FLD05921,14939,Pineapple,Fruit,Year-round,Arid,202,45,215,6.1,0.81,Clay,38,20.7,458,417,158,261,357,32.3,32.3,58,4.8,1.08,0.69,0.75,0.018,0.66,0.63,0.69,0.69,0.71,0.75,0.58,0.54,0.32,0.27,165,Bearing,Sprinkler,Pineapple,19660,0,Kharif,165
5922,PB045,25.06,88.62,FLD05922,18374,Pineapple,Fruit,Year-round,Mountain,205,28,188,7.6,0.89,Sandy Clay,24,10.2,1739,1312,448,836,1143,23.2,23.2,83,4.8,1.08,0.69,0.74,0.018,0.65,0.66,0.65,0.7,0.72,0.74,0.56,0.58,0.25,0.24,156,Bearing,Drip,Pineapple,22288,0,Kharif,156
5923,MP049,30.67,80.81,FLD05923,7446,Pineapple,Fruit,Year-round,Mountain,305,49,205,6.8,0.74,Clay,29,10.0,3169,2684,1004,1740,2368,19.7,19.7,61,5.0,1.08,0.69,0.75,0.022,0.62,0.67,0.67,0.69,0.75,0.73,0.54,0.59,0.28,0.28,161,Reproductive,Surface,Pineapple,10135,0,Kharif,161
5924,TN014,17.49,84.99,FLD05924,17228,Pineapple,Fruit,Year-round,Sub-Humid,287,34,208,7.6,0.66,Loam,20,8.6,1193,1104,457,793,969,29.5,29.5,68,5.1,1.08,0.68,0.72,0.012,0.65,0.62,0.67,0.72,0.71,0.71,0.54,0.53,0.26,0.32,162,Flowering,Surface,Pineapple,20962,0,Kharif,162
5926,MP028,21.98,84.53,FLD05926,17667,Pineapple,Fruit,Year-round,Arid,227,50,194,7.7,0.85,Loam,33,19.8,369,299,114,226,267,32.4,32.4,49,5.4,1.08,0.69,0.73,0.012,0.67,0.65,0.64,0.72,0.72,0.73,0.57,0.56,0.25,0.26,152,Rhizome development,Sprinkler,Pineapple,23144,0,Kharif,152
5927,MH040,15.26,83.36,FLD05927,6649,Pineapple,Fruit,Year-round,Coastal,303,28,212,6.4,0.6,Clay,31,9.9,2466,2140,737,1705,2006,28.8,28.8,70,5.6,1.08,0.67,0.71,0.012,0.65,0.62,0.66,0.7,0.69,0.71,0.56,0.53,0.26,0.24,151,Bulbing,Drip,Pineapple,8378,0,Kharif,151
5928,HR045,33.03,94.7,FLD05928,7267,Pineapple,Fruit,Year-round,Mountain,256,41,194,6.2,0.77,Clay Loam,22,8.2,1755,1422,639,1106,1240,24.7,24.7,72,5.6,1.08,0.68,0.71,0.016,0.63,0.67,0.67,0.68,0.7,0.71,0.55,0.59,0.25,0.27,140,Boll formation,Surface,Pineapple,9261,0,Kharif,140
5931,AP038,30.66,92.67,FLD05931,11305,Pineapple,Fruit,Year-round,Mountain,243,52,214,5.9,0.77,Clay,36,13.5,2258,2066,840,1388,1776,19.8,19.8,67,5.5,1.08,0.69,0.74,0.018,0.65,0.66,0.67,0.71,0.73,0.74,0.55,0.54,0.23,0.3,158,Vegetative,Drip,Pineapple,13315,0,Kharif,158
5932,MH036,16.99,70.04,FLD05932,6089,Pineapple,Fruit,Year-round,Plateau,240,43,226,7.6,0.95,Sandy Loam,20,12.7,1283,1132,429,876,974,28.1,28.1,74,5.4,1.08,0.67,0.71,0.02,0.61,0.64,0.68,0.7,0.7,0.71,0.53,0.56,0.25,0.33,140,Grain filling,Sprinkler,Pineapple,7584,0,Kharif,140
5934,UP040,23.21,86.06,FLD05934,9968,Pineapple,Fruit,Year-round,Plateau,300,28,218,7.7,0.93,Laterite,35,12.2,717,579,233,420,540,28.2,28.2,63,5.7,1.08,0.69,0.74,0.014,0.65,0.66,0.67,0.71,0.74,0.72,0.56,0.54,0.29,0.26,155,Grand growth,Surface,Pineapple,12844,0,Kharif,155
5936,TN050,20.62,82.94,FLD05936,10665,Pineapple,Fruit,Year-round,Semi-Arid,270,51,194,6.9,0.93,Sandy,23,16.8,631,529,194,386,460,31.8,31.8,60,4.9,1.08,0.69,0.73,0.012,0.67,0.65,0.65,0.7,0.73,0.73,0.58,0.55,0.26,0.3,158,Fruiting,Drip,Pineapple,13843,0,Kharif,158
5937,HR036,13.48,76.69,FLD05937,15615,Pineapple,Fruit,Year-round,Plateau,317,42,170,7.5,0.95,Clay Loam,31,13.8,950,760,245,586,704,31.7,31.7,70,4.9,1.08,0.67,0.7,0.008,0.65,0.63,0.64,0.7,0.69,0.69,0.57,0.53,0.24,0.31,161,Bulbing,Drip,Pineapple,19108,0,Kharif,161
5940,RJ024,20.91,72.43,FLD05940,11268,Pineapple,Fruit,Year-round,Coastal,245,29,215,7.7,0.75,Loam,21,8.4,2109,1677,727,1310,1428,29.1,29.1,74,5.4,1.08,0.67,0.7,0.012,0.64,0.62,0.66,0.68,0.7,0.7,0.55,0.52,0.24,0.24,160,Rhizome development,Sprinkler,Pineapple,12178,0,Kharif,160
5941,MH038,26.82,79.63,FLD05941,7716,Pineapple,Fruit,Year-round,Humid,183,38,235,6.1,0.79,Clay,31,9.7,2767,2602,878,1723,2283,25.1,25.1,84,5.7,1.08,0.68,0.72,0.02,0.61,0.64,0.67,0.72,0.72,0.71,0.53,0.53,0.29,0.3,160,Reproductive,Sprinkler,Pineapple,9508,0,Kharif,160
5946,PB007,21.29,71.64,FLD05946,19550,Pineapple,Fruit,Year-round,Sub-Humid,289,39,191,7.1,0.96,Sandy Loam,37,10.9,950,793,348,489,748,29.7,29.7,74,5.9,1.08,0.69,0.72,0.016,0.64,0.66,0.66,0.72,0.72,0.72,0.55,0.54,0.25,0.3,149,Flowering,Sprinkler,Pineapple,24457,0,Kharif,149
5947,MP048,24.69,79.71,FLD05947,13769,Pineapple,Fruit,Year-round,Plateau,259,30,223,7.4,0.54,Clay Loam,31,8.3,1261,1164,473,870,1002,31.8,31.8,66,5.0,1.08,0.66,0.7,0.016,0.62,0.66,0.63,0.67,0.7,0.7,0.52,0.56,0.33,0.25,160,Mature,Drip,Pineapple,15262,0,Kharif,160
5948,MP007,25.03,73.73,FLD05948,7296,Pineapple,Fruit,Year-round,Humid,219,52,239,7.0,0.7,Laterite,38,9.3,1219,998,405,708,896,28.4,28.4,84,5.3,1.08,0.68,0.7,0.01,0.65,0.66,0.69,0.69,0.7,0.7,0.56,0.54,0.29,0.32,157,Pod formation,Sprinkler,Pineapple,8932,0,Kharif,157
5950,TN023,17.89,72.43,FLD05950,8434,Pineapple,Fruit,Year-round,Plateau,245,31,189,7.1,0.51,Laterite,29,9.1,1176,1030,331,642,882,30.3,30.3,62,5.8,1.08,0.68,0.71,0.008,0.67,0.65,0.63,0.71,0.7,0.71,0.57,0.54,0.25,0.26,156,Mature,Drip,Pineapple,9756,0,Kharif,156
5952,AP026,26.34,77.66,FLD05952,5537,Pineapple,Fruit,Year-round,Semi-Arid,195,49,181,7.5,0.6,Sandy Clay,30,13.0,627,542,237,413,481,28.0,28.0,60,5.6,1.08,0.68,0.74,0.01,0.67,0.62,0.64,0.71,0.74,0.72,0.56,0.52,0.3,0.26,156,Rhizome development,Sprinkler,Pineapple,7029,0,Kharif,156
5954,PB024,27.89,71.95,FLD05954,16945,Pineapple,Fruit,Year-round,Sub-Humid,284,36,229,7.4,0.77,Laterite,37,9.0,864,809,329,508,764,29.0,29.0,72,5.3,1.08,0.68,0.74,0.014,0.67,0.62,0.69,0.67,0.71,0.74,0.56,0.51,0.22,0.29,157,Grand growth,Surface,Pineapple,20723,0,Kharif,157
5955,AP033,14.08,84.67,FLD05955,8211,Pineapple,Fruit,Year-round,Plateau,238,52,238,6.5,0.91,Laterite,32,13.3,905,778,243,597,709,26.0,26.0,70,5.2,1.08,0.68,0.73,0.014,0.63,0.67,0.64,0.71,0.73,0.7,0.53,0.58,0.33,0.3,158,Pod formation,Sprinkler,Pineapple,9986,0,Kharif,158
5956,TN004,14.69,73.54,FLD05956,16705,Pineapple,Fruit,Year-round,Semi-Arid,207,50,199,6.1,0.83,Sandy Clay,37,15.2,521,462,149,309,432,28.1,28.1,58,5.3,1.08,0.68,0.72,0.01,0.67,0.62,0.66,0.7,0.71,0.72,0.58,0.54,0.25,0.3,170,Nut development,Drip,Pineapple,20124,0,Kharif,170
5959,GJ046,19.24,73.67,FLD05959,6130,Pineapple,Fruit,Year-round,Sub-Humid,245,43,192,6.4,0.81,Loam,26,12.6,988,815,360,496,771,27.2,27.2,70,6.1,1.08,0.67,0.72,0.022,0.61,0.62,0.67,0.68,0.71,0.72,0.51,0.52,0.29,0.29,146,Tuber development,Drip,Pineapple,6719,0,Kharif,146
5961,MP049,21.86,85.78,FLD05961,6635,Pineapple,Fruit,Year-round,Sub-Humid,266,47,198,6.1,0.61,Clay Loam,20,8.9,901,843,267,568,757,30.0,30.0,74,6.0,1.08,0.68,0.75,0.026,0.62,0.61,0.69,0.68,0.73,0.75,0.53,0.51,0.29,0.28,159,Tillering,Sprinkler,Pineapple,8421,0,Kharif,159
5962,AP033,27.19,92.17,FLD05962,13726,Pineapple,Fruit,Year-round,Mountain,304,46,202,6.4,0.69,Sandy,32,11.3,2593,2343,724,1412,2058,23.7,23.7,74,6.1,1.08,0.68,0.74,0.018,0.65,0.62,0.65,0.69,0.72,0.74,0.56,0.51,0.26,0.32,145,Nut development,Drip,Pineapple,17730,0,Kharif,145
5963,GJ046,11.71,71.27,FLD05963,10081,Pineapple,Fruit,Year-round,Coastal,186,30,175,6.5,0.81,Laterite,26,9.5,1062,837,292,503,760,29.7,29.7,75,4.8,1.08,0.67,0.71,0.014,0.64,0.65,0.64,0.67,0.7,0.71,0.54,0.56,0.29,0.27,159,Tuber bulking,Sprinkler,Pineapple,11306,0,Kharif,159
5964,TN019,20.47,86.04,FLD05964,17532,Pineapple,Fruit,Year-round,Coastal,276,39,186,7.7,0.74,Sandy Clay,31,6.3,2252,1932,788,1368,1821,28.2,28.2,70,5.8,1.08,0.67,0.71,0.014,0.64,0.62,0.65,0.71,0.7,0.71,0.53,0.53,0.28,0.33,155,Vegetative,Sprinkler,Pineapple,21575,0,Kharif,155
5965,PB033,19.18,71.16,FLD05965,10534,Pineapple,Fruit,Year-round,Plateau,224,47,185,6.6,0.81,Clay Loam,23,11.0,1120,1047,318,808,973,30.5,30.5,76,6.0,1.08,0.69,0.73,0.018,0.62,0.67,0.68,0.71,0.73,0.71,0.51,0.58,0.31,0.28,149,Reproductive,Surface,Pineapple,13700,0,Kharif,149
5966,MH037,28.25,80.79,FLD05966,19196,Pineapple,Fruit,Year-round,Sub-Humid,208,40,210,6.9,0.83,Laterite,38,12.9,1173,893,328,613,810,28.1,28.1,73,5.9,1.08,0.67,0.72,0.008,0.65,0.62,0.68,0.68,0.72,0.69,0.57,0.54,0.29,0.24,156,Tuber development,Drip,Pineapple,21348,0,Kharif,156
5968,TN031,16.46,87.79,FLD05968,14651,Pineapple,Fruit,Year-round,Sub-Humid,301,33,191,5.9,0.93,Sandy,30,10.3,1114,855,289,515,768,28.1,28.1,68,4.9,1.08,0.67,0.7,0.01,0.65,0.63,0.69,0.69,0.69,0.7,0.56,0.54,0.29,0.26,160,Tuber development,Surface,Pineapple,16260,0,Kharif,160
5969,HR048,22.14,82.74,FLD05969,6295,Pineapple,Fruit,Year-round,Sub-Humid,189,29,235,6.8,0.75,Loam,32,8.2,1092,973,299,704,922,29.2,29.2,76,5.1,1.08,0.67,0.72,0.018,0.63,0.62,0.67,0.67,0.7,0.72,0.55,0.54,0.24,0.26,166,Rhizome development,Drip,Pineapple,6959,0,Kharif,166
5974,HR029,28.72,85.49,FLD05974,6016,Pineapple,Fruit,Year-round,Humid,200,40,171,5.8,0.61,Loam,38,5.8,2057,1770,716,1415,1657,26.6,26.6,76,6.0,1.08,0.69,0.74,0.018,0.65,0.65,0.64,0.72,0.71,0.74,0.55,0.54,0.23,0.23,148,Tuber development,Sprinkler,Pineapple,6604,0,Kharif,148
5975,MH027,22.7,83.27,FLD05975,11777,Pineapple,Fruit,Year-round,Plateau,281,51,240,7.5,0.85,Laterite,27,12.4,1085,818,302,588,699,28.4,28.4,71,5.3,1.08,0.69,0.74,0.012,0.67,0.62,0.68,0.67,0.74,0.73,0.57,0.53,0.31,0.33,170,Pod formation,Sprinkler,Pineapple,14931,0,Kharif,170
5979,TN013,8.95,74.25,FLD05979,9211,Pineapple,Fruit,Year-round,Coastal,281,42,205,7.0,0.91,Sandy Clay,21,6.9,1910,1761,685,1111,1583,28.3,28.3,82,5.3,1.08,0.68,0.73,0.014,0.66,0.67,0.67,0.68,0.69,0.73,0.57,0.56,0.28,0.24,144,Reproductive,Surface,Pineapple,11710,0,Kharif,144
5980,RJ020,28.01,72.28,FLD05980,12302,Pineapple,Fruit,Year-round,Humid,201,28,237,7.4,0.96,Clay,35,5.6,2567,1933,846,1399,1662,28.3,28.3,79,5.9,1.08,0.67,0.7,0.006,0.66,0.63,0.64,0.7,0.69,0.69,0.56,0.53,0.3,0.28,158,Boll formation,Sprinkler,Pineapple,13170,0,Kharif,158
5982,UP007,11.26,87.75,FLD05982,9511,Pineapple,Fruit,Year-round,Arid,280,28,227,6.2,0.64,Loam,36,17.0,385,364,152,281,325,31.1,31.1,56,6.1,1.08,0.67,0.7,0.01,0.64,0.62,0.67,0.67,0.7,0.69,0.55,0.52,0.25,0.29,157,Bulbing,Sprinkler,Pineapple,11501,0,Kharif,157
5984,UP028,14.12,80.11,FLD05984,11772,Pineapple,Fruit,Year-round,Sub-Humid,221,50,236,7.0,0.86,Sandy,36,9.6,1111,960,322,646,883,27.7,27.7,76,5.7,1.08,0.67,0.73,0.02,0.63,0.63,0.64,0.68,0.69,0.73,0.55,0.53,0.25,0.24,155,Flowering,Surface,Pineapple,13765,0,Kharif,155
5986,TN013,24.29,75.9,FLD05986,12615,Pineapple,Fruit,Year-round,Sub-Humid,259,31,219,7.1,0.72,Clay,23,10.1,1061,844,329,638,746,29.3,29.3,69,5.4,1.08,0.69,0.74,0.012,0.67,0.62,0.69,0.7,0.74,0.73,0.59,0.54,0.23,0.3,140,Bearing,Drip,Pineapple,15118,0,Kharif,140
5987,TN049,25.68,73.56,FLD05987,15492,Pineapple,Fruit,Year-round,Semi-Arid,289,38,205,6.2,0.86,Laterite,33,15.3,642,546,207,397,488,29.4,29.4,62,5.3,1.08,0.68,0.75,0.026,0.62,0.66,0.63,0.7,0.74,0.75,0.54,0.54,0.25,0.26,153,Tuber bulking,Drip,Pineapple,17629,0,Kharif,153
5988,MP007,11.09,87.87,FLD05988,16940,Pineapple,Fruit,Year-round,Coastal,300,41,191,7.8,0.69,Clay Loam,33,6.4,2458,2047,918,1299,1881,28.0,28.0,75,5.7,1.08,0.68,0.74,0.018,0.65,0.63,0.64,0.7,0.74,0.74,0.54,0.52,0.29,0.29,154,Bearing,Surface,Pineapple,21793,0,Kharif,154
5991,MP007,28.68,94.42,FLD05991,12886,Pineapple,Fruit,Year-round,Mountain,187,46,210,6.7,0.56,Loam,32,12.0,3267,2782,1191,1886,2639,24.1,24.1,72,5.3,1.08,0.67,0.72,0.014,0.63,0.64,0.66,0.67,0.72,0.7,0.55,0.54,0.26,0.26,163,Tuber bulking,Surface,Pineapple,14420,0,Kharif,163
5997,MH031,24.72,84.92,FLD05997,11044,Pineapple,Fruit,Year-round,Semi-Arid,300,30,225,7.6,0.75,Clay Loam,22,16.4,523,475,203,313,420,31.3,31.3,55,4.8,1.08,0.67,0.73,0.016,0.62,0.62,0.65,0.69,0.73,0.7,0.53,0.52,0.26,0.33,142,Nut development,Drip,Pineapple,12313,0,Kharif,142
6000,MP030,26.67,89.28,FLD06000,5600,Pineapple,Fruit,Year-round,Semi-Arid,264,39,240,6.1,0.77,Laterite,27,12.3,834,773,342,605,728,31.4,31.4,55,4.9,1.08,0.69,0.73,0.012,0.67,0.64,0.66,0.71,0.72,0.73,0.58,0.54,0.29,0.24,152,Boll formation,Sprinkler,Pineapple,7210,0,Kharif,152
6151,MH046,10.27,84.67,FLD06151,16506,Litchi,Fruit,Year-round,Arid,192,51,231,6.7,0.71,Loam,30,20.0,454,418,162,304,379,35.5,35.5,55,4.7,1.06,0.68,0.74,0.016,0.61,0.67,0.68,0.71,0.74,0.69,0.53,0.56,0.28,0.25,148,Boll formation,Sprinkler,Litchi,13673,0,Kharif,148
6152,UP012,15.57,80.3,FLD06152,12378,Litchi,Fruit,Year-round,Sub-Humid,230,38,188,6.3,0.76,Sandy,25,12.4,1198,960,376,650,895,28.9,28.9,70,5.1,1.06,0.69,0.73,0.018,0.64,0.65,0.68,0.71,0.7,0.73,0.55,0.54,0.3,0.28,156,Pod formation,Drip,Litchi,10396,0,Kharif,156
6154,HR032,27.72,74.52,FLD06154,14968,Litchi,Fruit,Year-round,Semi-Arid,215,49,230,7.5,0.65,Clay,23,14.5,584,548,216,432,469,30.2,30.2,68,4.7,1.06,0.67,0.73,0.018,0.63,0.65,0.64,0.67,0.73,0.72,0.53,0.54,0.32,0.25,169,Grain filling,Sprinkler,Litchi,13956,0,Kharif,169
6155,RJ022,14.74,74.13,FLD06155,18750,Litchi,Fruit,Year-round,Coastal,290,49,209,7.8,0.51,Loam,25,11.3,1931,1698,617,1346,1569,29.8,29.8,80,5.3,1.06,0.68,0.72,0.012,0.64,0.64,0.69,0.67,0.72,0.7,0.56,0.56,0.28,0.25,150,Flush,Surface,Litchi,15690,0,Kharif,150
6156,RJ017,20.64,87.17,FLD06156,10987,Litchi,Fruit,Year-round,Arid,180,32,221,6.0,0.61,Loam,28,22.0,261,207,84,129,187,35.2,35.2,50,4.7,1.06,0.69,0.73,0.014,0.65,0.67,0.66,0.72,0.73,0.72,0.55,0.56,0.23,0.25,159,Tillering,Sprinkler,Litchi,10786,0,Kharif,159
6158,PB040,19.85,88.72,FLD06158,9591,Litchi,Fruit,Year-round,Plateau,271,30,218,6.3,0.55,Loam,24,8.9,1034,819,355,507,756,29.3,29.3,76,4.4,1.06,0.67,0.72,0.016,0.63,0.62,0.66,0.68,0.72,0.71,0.53,0.55,0.32,0.33,150,Flush,Drip,Litchi,7792,0,Kharif,150
6159,TN002,18.56,77.36,FLD06159,18152,Litchi,Fruit,Year-round,Plateau,257,31,170,7.0,0.65,Clay Loam,26,13.8,1205,942,366,686,894,31.5,31.5,70,5.1,1.06,0.68,0.73,0.014,0.66,0.67,0.65,0.68,0.71,0.73,0.57,0.57,0.26,0.24,166,Vegetative,Surface,Litchi,14625,0,Kharif,166
6160,KA016,25.97,83.42,FLD06160,19878,Litchi,Fruit,Year-round,Arid,243,49,193,6.3,0.89,Sandy Loam,22,18.5,491,378,136,258,352,34.6,34.6,58,4.6,1.06,0.69,0.74,0.014,0.67,0.66,0.65,0.68,0.73,0.74,0.56,0.56,0.28,0.23,140,Fruiting,Sprinkler,Litchi,17313,0,Kharif,140
6161,TN050,17.84,77.42,FLD06161,18205,Litchi,Fruit,Year-round,Coastal,200,29,199,6.9,0.66,Loam,26,7.1,2087,1858,826,1196,1692,28.0,28.0,73,5.0,1.06,0.67,0.74,0.018,0.61,0.65,0.66,0.68,0.74,0.7,0.51,0.57,0.29,0.26,157,Tuber development,Drip,Litchi,15586,0,Kharif,157
6162,PB002,13.22,77.7,FLD06162,5441,Litchi,Fruit,Year-round,Plateau,297,34,210,6.4,0.73,Sandy Clay,22,8.1,935,705,261,482,646,29.7,29.7,65,5.4,1.06,0.69,0.75,0.02,0.62,0.62,0.68,0.72,0.75,0.72,0.54,0.54,0.3,0.26,156,Pod formation,Surface,Litchi,5114,0,Kharif,156
6163,TN019,30.03,78.04,FLD06163,19670,Litchi,Fruit,Year-round,Mountain,305,45,187,6.1,0.53,Sandy Loam,37,13.3,1350,1212,423,849,1040,25.4,25.4,63,5.2,1.06,0.68,0.73,0.022,0.62,0.63,0.68,0.72,0.69,0.73,0.52,0.54,0.3,0.23,159,Mature,Sprinkler,Litchi,18630,0,Kharif,159
6167,TN019,18.55,72.42,FLD06167,8584,Litchi,Fruit,Year-round,Arid,305,31,181,6.4,0.56,Loam,27,16.1,265,203,76,129,173,36.0,36.0,48,4.9,1.06,0.68,0.74,0.022,0.61,0.65,0.67,0.69,0.74,0.72,0.53,0.54,0.27,0.29,154,Tuber bulking,Drip,Litchi,8790,0,Kharif,154
6172,UP041,18.36,83.6,FLD06172,8058,Litchi,Fruit,Year-round,Coastal,267,34,200,6.5,0.66,Clay Loam,31,10.0,1245,1095,435,829,1027,29.8,29.8,81,5.2,1.06,0.67,0.71,0.02,0.61,0.67,0.64,0.7,0.7,0.71,0.52,0.56,0.33,0.25,161,Bearing,Drip,Litchi,7198,0,Kharif,161
6173,PB023,22.23,72.36,FLD06173,13149,Litchi,Fruit,Year-round,Plateau,259,45,237,7.6,0.87,Sandy Clay,38,15.0,911,771,296,550,702,29.8,29.8,70,4.5,1.06,0.69,0.74,0.004,0.67,0.66,0.68,0.69,0.74,0.69,0.55,0.57,0.3,0.3,140,Pod formation,Drip,Litchi,12089,0,Kharif,140
6174,GJ025,21.49,77.26,FLD06174,9411,Litchi,Fruit,Year-round,Semi-Arid,283,31,206,7.4,0.84,Clay Loam,27,13.5,777,621,250,435,563,29.8,29.8,61,5.1,1.06,0.68,0.73,0.012,0.65,0.65,0.64,0.72,0.73,0.71,0.56,0.57,0.25,0.31,147,Boll formation,Drip,Litchi,8472,0,Kharif,147
6175,AP028,28.41,85.15,FLD06175,19143,Litchi,Fruit,Year-round,Arid,224,35,198,7.4,0.98,Sandy,35,23.4,372,297,123,234,280,35.6,35.6,54,5.2,1.06,0.68,0.74,0.02,0.62,0.62,0.67,0.7,0.74,0.72,0.51,0.53,0.33,0.26,159,Vegetative,Drip,Litchi,15027,0,Kharif,159
6178,GJ039,28.52,79.05,FLD06178,9951,Litchi,Fruit,Year-round,Mountain,241,49,206,7.4,0.84,Sandy Clay,24,14.5,2549,2124,877,1526,2004,22.7,22.7,65,5.3,1.06,0.68,0.73,0.014,0.66,0.62,0.64,0.73,0.71,0.73,0.56,0.53,0.28,0.25,160,Grain filling,Surface,Litchi,9319,0,Kharif,160
6179,GJ033,11.18,73.53,FLD06179,6964,Litchi,Fruit,Year-round,Plateau,289,34,232,6.3,0.74,Laterite,26,14.7,1049,956,303,629,863,31.2,31.2,67,5.4,1.06,0.69,0.73,0.018,0.63,0.62,0.69,0.73,0.73,0.72,0.53,0.52,0.29,0.31,164,Boll formation,Drip,Litchi,5995,0,Kharif,164
6182,KA023,10.08,70.8,FLD06182,17771,Litchi,Fruit,Year-round,Semi-Arid,196,40,229,7.1,0.97,Clay,29,10.4,788,597,204,473,541,31.8,31.8,62,4.4,1.06,0.68,0.73,0.02,0.62,0.62,0.69,0.7,0.73,0.72,0.53,0.54,0.3,0.25,152,Rhizome development,Drip,Litchi,15547,0,Kharif,152
6184,GJ016,21.36,85.03,FLD06184,10629,Litchi,Fruit,Year-round,Plateau,267,46,179,7.0,0.55,Loam,38,11.7,913,794,306,567,738,27.9,27.9,75,5.2,1.06,0.67,0.7,0.006,0.66,0.61,0.65,0.7,0.7,0.69,0.57,0.51,0.27,0.24,144,Bulbing,Sprinkler,Litchi,9309,0,Kharif,144
6187,AP025,8.44,80.87,FLD06187,17775,Litchi,Fruit,Year-round,Coastal,254,52,172,7.3,0.51,Laterite,26,8.8,2541,2286,873,1813,2151,30.8,30.8,80,5.1,1.06,0.68,0.74,0.02,0.62,0.65,0.65,0.68,0.74,0.72,0.54,0.55,0.24,0.23,166,Flowering,Sprinkler,Litchi,15785,0,Kharif,166
6189,HR030,19.73,74.93,FLD06189,12190,Litchi,Fruit,Year-round,Semi-Arid,221,30,224,6.9,0.76,Laterite,21,16.6,810,622,261,445,571,30.9,30.9,59,5.1,1.06,0.67,0.72,0.016,0.61,0.67,0.67,0.69,0.72,0.69,0.53,0.59,0.3,0.24,166,Nut development,Sprinkler,Litchi,9741,0,Kharif,166
6191,GJ050,28.0,76.15,FLD06191,6646,Litchi,Fruit,Year-round,Plateau,315,31,187,7.3,0.54,Loam,30,11.1,1075,970,384,758,873,30.4,30.4,62,5.4,1.06,0.68,0.74,0.022,0.63,0.66,0.64,0.69,0.7,0.74,0.55,0.56,0.23,0.24,168,Tillering,Drip,Litchi,5736,0,Kharif,168
6193,PB027,23.17,88.35,FLD06193,6623,Litchi,Fruit,Year-round,Arid,282,33,171,6.7,0.97,Loam,26,20.7,324,253,80,164,236,32.1,32.1,55,4.9,1.06,0.67,0.73,0.01,0.64,0.62,0.66,0.67,0.73,0.69,0.56,0.52,0.24,0.32,148,Bearing,Sprinkler,Litchi,5709,0,Kharif,148
6200,MH027,15.15,73.39,FLD06200,11330,Litchi,Fruit,Year-round,Humid,207,28,207,5.9,0.53,Sandy Clay,38,7.0,1618,1454,452,1050,1290,25.9,25.9,82,5.3,1.06,0.67,0.71,0.008,0.65,0.65,0.64,0.71,0.69,0.69,0.55,0.57,0.23,0.3,168,Reproductive,Drip,Litchi,9432,0,Kharif,168
6204,MH008,21.08,88.89,FLD06204,13374,Litchi,Fruit,Year-round,Sub-Humid,257,46,211,7.2,0.77,Clay,25,10.8,1039,794,343,585,735,28.3,28.3,72,4.5,1.06,0.69,0.74,0.008,0.66,0.66,0.64,0.73,0.74,0.7,0.55,0.55,0.25,0.23,160,Reproductive,Drip,Litchi,12753,0,Kharif,160
6205,HR035,28.81,83.57,FLD06205,7039,Litchi,Fruit,Year-round,Plateau,245,33,204,7.2,0.79,Sandy Loam,23,10.3,1043,927,278,556,796,31.2,31.2,75,4.4,1.06,0.67,0.71,0.012,0.65,0.62,0.68,0.68,0.71,0.71,0.57,0.54,0.27,0.29,165,Flush,Surface,Litchi,5971,0,Kharif,165
6206,MP026,18.14,88.04,FLD06206,6134,Litchi,Fruit,Year-round,Arid,249,36,186,6.9,0.84,Sandy,20,18.1,321,304,119,184,264,33.8,33.8,53,4.6,1.06,0.67,0.72,0.016,0.62,0.63,0.68,0.69,0.72,0.7,0.53,0.55,0.31,0.31,146,Tuber bulking,Drip,Litchi,4725,0,Kharif,146
6207,MP018,30.15,94.41,FLD06207,18920,Litchi,Fruit,Year-round,Mountain,236,43,219,6.9,0.83,Laterite,36,10.9,2970,2764,1136,1849,2506,20.2,20.2,68,4.9,1.06,0.67,0.71,0.012,0.64,0.62,0.69,0.71,0.69,0.7,0.53,0.52,0.25,0.28,168,Bulbing,Drip,Litchi,15914,0,Kharif,168
6210,RJ022,23.45,82.33,FLD06210,19836,Litchi,Fruit,Year-round,Plateau,283,46,212,6.4,0.81,Sandy Clay,33,11.0,1172,915,293,563,857,28.2,28.2,71,4.9,1.06,0.68,0.72,0.014,0.65,0.65,0.67,0.68,0.69,0.72,0.55,0.57,0.26,0.23,151,Tuber bulking,Sprinkler,Litchi,18590,0,Kharif,151
6211,RJ026,26.02,77.43,FLD06211,15342,Litchi,Fruit,Year-round,Semi-Arid,244,39,221,6.9,0.55,Sandy,38,15.9,806,639,241,430,565,29.0,29.0,63,5.6,1.06,0.66,0.7,0.014,0.63,0.64,0.65,0.67,0.69,0.7,0.53,0.54,0.3,0.3,160,Boll formation,Drip,Litchi,12889,0,Kharif,160
6214,GJ027,22.79,85.79,FLD06214,19603,Litchi,Fruit,Year-round,Sub-Humid,291,37,177,7.2,0.86,Sandy Clay,34,10.6,1181,897,381,637,821,28.8,28.8,74,4.5,1.06,0.67,0.74,0.024,0.62,0.64,0.64,0.68,0.69,0.74,0.53,0.54,0.24,0.29,147,Grand growth,Sprinkler,Litchi,17611,0,Kharif,147
6216,UP028,12.52,82.31,FLD06216,13832,Litchi,Fruit,Year-round,Semi-Arid,270,32,187,6.0,0.83,Laterite,31,10.4,748,695,278,513,596,31.7,31.7,59,4.9,1.06,0.69,0.73,0.022,0.62,0.66,0.68,0.7,0.73,0.73,0.54,0.55,0.27,0.29,150,Vegetative,Drip,Litchi,12441,0,Kharif,150
6217,AP042,11.4,85.55,FLD06217,10918,Litchi,Fruit,Year-round,Semi-Arid,282,43,176,7.5,0.68,Laterite,23,10.5,629,515,226,377,471,29.7,29.7,66,5.0,1.06,0.67,0.74,0.022,0.63,0.64,0.64,0.67,0.7,0.74,0.52,0.54,0.24,0.28,161,Mature,Drip,Litchi,8563,0,Kharif,161
6219,RJ046,18.49,71.76,FLD06219,8756,Litchi,Fruit,Year-round,Coastal,182,51,180,7.3,0.72,Sandy Loam,20,8.8,2092,1717,749,1305,1496,30.0,30.0,79,5.1,1.06,0.67,0.73,0.022,0.62,0.67,0.64,0.7,0.69,0.73,0.51,0.56,0.31,0.22,147,Grand growth,Drip,Litchi,7565,0,Kharif,147
6221,MH031,11.6,71.58,FLD06221,19251,Litchi,Fruit,Year-round,Plateau,243,44,183,7.7,0.92,Sandy Clay,29,10.6,743,703,244,517,665,27.0,27.0,71,5.3,1.06,0.67,0.71,0.02,0.61,0.65,0.64,0.71,0.7,0.71,0.52,0.55,0.34,0.28,153,Pod formation,Sprinkler,Litchi,16594,0,Kharif,153
6226,MP017,29.04,91.82,FLD06226,13450,Litchi,Fruit,Year-round,Mountain,217,34,236,6.6,0.91,Sandy,20,10.7,3057,2644,1184,1991,2319,24.5,24.5,60,5.5,1.06,0.69,0.74,0.014,0.63,0.67,0.67,0.7,0.74,0.7,0.54,0.59,0.3,0.27,142,Grain filling,Surface,Litchi,12158,0,Kharif,142
6229,PB046,11.33,80.37,FLD06229,12800,Litchi,Fruit,Year-round,Coastal,302,30,217,5.9,0.5,Loam,37,8.8,1674,1259,379,930,1079,30.0,30.0,79,4.5,1.06,0.68,0.75,0.024,0.63,0.66,0.68,0.68,0.69,0.75,0.54,0.56,0.24,0.26,144,Flush,Surface,Litchi,10251,0,Kharif,144
6231,AP010,15.37,82.7,FLD06231,18608,Litchi,Fruit,Year-round,Humid,191,38,236,6.0,0.91,Clay Loam,38,9.9,2680,2139,915,1341,1980,29.0,29.0,77,4.7,1.06,0.67,0.7,0.016,0.62,0.67,0.65,0.67,0.69,0.7,0.52,0.59,0.24,0.25,155,Nut development,Sprinkler,Litchi,14964,0,Kharif,155
6232,MH005,24.37,83.84,FLD06232,16888,Litchi,Fruit,Year-round,Sub-Humid,202,28,184,6.4,0.7,Sandy Loam,33,10.0,880,692,285,460,636,28.2,28.2,68,5.3,1.06,0.67,0.72,0.018,0.63,0.63,0.67,0.69,0.71,0.72,0.55,0.52,0.26,0.3,154,Fruiting,Surface,Litchi,13331,0,Kharif,154
6233,UP046,25.89,75.67,FLD06233,12678,Litchi,Fruit,Year-round,Humid,317,30,191,6.9,0.57,Sandy Clay,38,8.2,1852,1714,668,1052,1457,26.7,26.7,79,5.4,1.06,0.68,0.73,0.018,0.63,0.64,0.65,0.7,0.73,0.72,0.54,0.53,0.31,0.24,162,Flush,Sprinkler,Litchi,11262,0,Kharif,162
6235,RJ035,23.36,73.7,FLD06235,5942,Litchi,Fruit,Year-round,Humid,234,32,200,7.0,0.57,Clay Loam,26,6.2,1305,985,415,624,861,26.0,26.0,86,4.4,1.06,0.68,0.73,0.02,0.62,0.65,0.67,0.73,0.71,0.72,0.54,0.57,0.26,0.26,166,Rhizome development,Sprinkler,Litchi,5292,0,Kharif,166
6236,UP042,17.21,76.25,FLD06236,16910,Litchi,Fruit,Year-round,Plateau,285,50,214,7.1,0.82,Sandy Loam,23,14.3,1085,877,342,554,751,31.8,31.8,67,4.5,1.06,0.67,0.72,0.02,0.62,0.65,0.66,0.68,0.71,0.72,0.54,0.55,0.26,0.29,146,Rhizome development,Drip,Litchi,15505,0,Kharif,146
6238,RJ049,20.26,76.44,FLD06238,13267,Litchi,Fruit,Year-round,Semi-Arid,197,30,207,6.6,0.65,Sandy Clay,38,17.8,604,522,219,322,477,31.1,31.1,66,5.7,1.06,0.69,0.73,0.02,0.63,0.67,0.69,0.73,0.7,0.73,0.52,0.57,0.27,0.23,155,Bearing,Drip,Litchi,11401,0,Kharif,155
6239,MP048,12.31,78.07,FLD06239,16115,Litchi,Fruit,Year-round,Humid,284,48,232,6.9,0.56,Clay Loam,30,7.4,3044,2676,1120,1819,2528,25.1,25.1,86,4.6,1.06,0.67,0.71,0.012,0.64,0.65,0.67,0.67,0.71,0.7,0.54,0.55,0.3,0.27,141,Rhizome development,Sprinkler,Litchi,13693,0,Kharif,141
6240,MH019,11.55,86.16,FLD06240,19845,Litchi,Fruit,Year-round,Humid,253,40,233,6.6,0.56,Loam,35,5.6,1222,1079,485,817,1008,26.6,26.6,79,4.8,1.06,0.68,0.73,0.024,0.61,0.66,0.64,0.7,0.73,0.73,0.51,0.54,0.33,0.27,147,Grain filling,Drip,Litchi,16182,0,Kharif,147
6241,TN013,19.43,89.44,FLD06241,5025,Litchi,Fruit,Year-round,Sub-Humid,186,40,181,6.9,0.55,Loam,28,12.6,895,799,253,580,751,28.7,28.7,75,4.5,1.06,0.69,0.75,0.012,0.66,0.64,0.66,0.69,0.75,0.72,0.58,0.55,0.32,0.25,167,Pod formation,Surface,Litchi,4114,0,Kharif,167
6246,PB033,15.66,73.9,FLD06246,12521,Litchi,Fruit,Year-round,Semi-Arid,235,40,222,6.7,0.7,Laterite,34,12.9,760,665,243,509,595,29.6,29.6,59,5.7,1.06,0.68,0.74,0.026,0.61,0.66,0.69,0.71,0.7,0.74,0.53,0.56,0.3,0.26,167,Pod formation,Drip,Litchi,10879,0,Kharif,167
6247,MP032,19.26,75.42,FLD06247,6913,Litchi,Fruit,Year-round,Semi-Arid,268,45,179,6.7,0.78,Sandy Loam,25,16.2,850,756,301,587,669,28.8,28.8,67,4.5,1.06,0.67,0.74,0.026,0.61,0.65,0.65,0.68,0.71,0.74,0.52,0.55,0.31,0.3,162,Grain filling,Sprinkler,Litchi,5709,0,Kharif,162
6248,MH047,28.59,81.24,FLD06248,8557,Litchi,Fruit,Year-round,Sub-Humid,235,39,182,7.6,0.82,Clay,34,8.5,1124,916,349,583,815,28.8,28.8,69,4.6,1.06,0.68,0.74,0.01,0.64,0.65,0.65,0.69,0.74,0.69,0.53,0.55,0.32,0.27,145,Bulbing,Sprinkler,Litchi,6732,0,Kharif,145
6249,PB014,21.99,85.1,FLD06249,8810,Litchi,Fruit,Year-round,Plateau,293,37,234,7.5,0.58,Loam,26,13.3,1153,1011,320,805,951,31.6,31.6,63,5.4,1.06,0.69,0.74,0.018,0.65,0.65,0.68,0.72,0.69,0.74,0.57,0.54,0.24,0.25,169,Rhizome development,Sprinkler,Litchi,7283,0,Kharif,169
6250,RJ043,10.1,76.32,FLD06250,8447,Litchi,Fruit,Year-round,Plateau,251,42,178,7.5,0.94,Sandy,21,10.6,725,685,220,494,632,31.0,31.0,64,5.4,1.06,0.67,0.72,0.018,0.61,0.63,0.69,0.67,0.72,0.7,0.5,0.54,0.33,0.26,161,Flowering,Sprinkler,Litchi,6531,0,Kharif,161
6252,PB023,13.43,81.48,FLD06252,8286,Litchi,Fruit,Year-round,Arid,266,46,170,5.8,0.73,Clay,24,21.7,252,224,71,171,211,33.9,33.9,54,5.1,1.06,0.67,0.71,0.02,0.61,0.65,0.67,0.71,0.7,0.71,0.51,0.55,0.24,0.3,166,Grand growth,Drip,Litchi,8801,0,Kharif,166
6253,RJ005,20.18,80.15,FLD06253,7287,Litchi,Fruit,Year-round,Arid,223,48,228,6.3,0.74,Loam,36,15.6,309,233,97,168,221,34.5,34.5,55,4.6,1.06,0.67,0.7,0.016,0.62,0.62,0.67,0.68,0.7,0.7,0.54,0.54,0.3,0.26,168,Flowering,Sprinkler,Litchi,6548,0,Kharif,168
6254,MP015,19.05,83.13,FLD06254,13447,Litchi,Fruit,Year-round,Semi-Arid,318,33,194,6.9,0.62,Laterite,23,14.5,547,468,202,334,430,28.6,28.6,65,4.9,1.06,0.67,0.73,0.022,0.62,0.62,0.65,0.68,0.7,0.73,0.52,0.51,0.24,0.24,148,Tillering,Drip,Litchi,10535,0,Kharif,148
6255,KA019,28.57,85.78,FLD06255,9007,Litchi,Fruit,Year-round,Plateau,185,36,174,6.7,0.63,Sandy Loam,31,11.3,1261,953,289,709,876,27.9,27.9,64,4.7,1.06,0.69,0.74,0.02,0.64,0.66,0.69,0.7,0.72,0.74,0.55,0.55,0.3,0.27,170,Pod formation,Drip,Litchi,7929,0,Kharif,170
6259,MP006,16.67,77.65,FLD06259,7514,Litchi,Fruit,Year-round,Humid,270,52,237,6.0,0.82,Clay Loam,28,7.2,1665,1404,456,923,1236,26.9,26.9,80,5.7,1.06,0.69,0.72,0.018,0.63,0.66,0.68,0.72,0.7,0.72,0.55,0.56,0.3,0.26,149,Flowering,Sprinkler,Litchi,6844,0,Kharif,149
6263,UP006,19.35,77.17,FLD06263,5459,Litchi,Fruit,Year-round,Plateau,247,33,221,7.0,0.73,Clay Loam,25,10.6,1123,982,329,780,887,26.9,26.9,71,4.9,1.06,0.69,0.74,0.014,0.67,0.67,0.67,0.67,0.71,0.74,0.56,0.56,0.22,0.22,168,Tuber development,Drip,Litchi,4829,0,Kharif,168
6265,MH027,22.33,89.99,FLD06265,5963,Litchi,Fruit,Year-round,Humid,319,46,174,6.1,0.92,Sandy Clay,22,9.2,1939,1586,665,1092,1450,26.4,26.4,79,5.4,1.06,0.69,0.74,0.024,0.62,0.66,0.65,0.73,0.74,0.74,0.51,0.56,0.27,0.25,143,Bearing,Surface,Litchi,5091,0,Kharif,143
6267,UP036,29.22,84.78,FLD06267,11516,Litchi,Fruit,Year-round,Arid,320,31,208,7.8,0.71,Clay,27,23.4,476,371,114,232,350,32.5,32.5,49,5.6,1.06,0.67,0.72,0.016,0.62,0.64,0.69,0.68,0.72,0.7,0.53,0.55,0.3,0.25,155,Flowering,Sprinkler,Litchi,9998,0,Kharif,155
6269,HR022,23.94,70.18,FLD06269,16571,Litchi,Fruit,Year-round,Sub-Humid,239,40,214,5.9,0.8,Clay Loam,33,10.0,1047,962,389,630,906,28.9,28.9,75,5.0,1.06,0.67,0.71,0.016,0.63,0.62,0.68,0.67,0.7,0.71,0.55,0.52,0.25,0.32,148,Bulbing,Drip,Litchi,15124,0,Kharif,148
6270,HR035,21.07,85.17,FLD06270,10455,Litchi,Fruit,Year-round,Semi-Arid,290,39,217,6.1,0.6,Sandy Clay,22,17.0,736,626,221,485,536,31.1,31.1,68,4.9,1.06,0.68,0.72,0.016,0.64,0.64,0.67,0.7,0.72,0.72,0.56,0.54,0.28,0.31,147,Flush,Drip,Litchi,8461,0,Kharif,147
6271,GJ041,31.15,76.06,FLD06271,5043,Litchi,Fruit,Year-round,Mountain,212,28,212,7.3,0.6,Clay Loam,30,14.9,1166,896,348,645,816,24.8,24.8,73,5.3,1.06,0.68,0.75,0.022,0.64,0.64,0.64,0.7,0.69,0.75,0.54,0.54,0.24,0.31,147,Grain filling,Drip,Litchi,4097,0,Kharif,147
6273,MP025,25.96,78.07,FLD06273,6446,Litchi,Fruit,Year-round,Humid,248,44,206,6.2,0.53,Laterite,20,5.2,2023,1543,615,995,1369,28.0,28.0,85,5.5,1.06,0.68,0.73,0.02,0.62,0.65,0.68,0.69,0.73,0.72,0.52,0.54,0.24,0.27,165,Pod formation,Drip,Litchi,5242,0,Kharif,165
6274,UP015,32.11,80.39,FLD06274,6289,Litchi,Fruit,Year-round,Mountain,258,29,173,7.0,0.8,Clay,25,9.7,2497,2249,877,1360,2006,18.7,18.7,66,4.8,1.06,0.69,0.73,0.012,0.66,0.67,0.64,0.7,0.73,0.72,0.56,0.57,0.25,0.3,159,Mature,Sprinkler,Litchi,4955,0,Kharif,159
6277,RJ019,15.03,74.24,FLD06277,7444,Litchi,Fruit,Year-round,Sub-Humid,216,28,174,6.8,0.63,Clay,27,11.8,976,842,279,665,790,29.5,29.5,73,5.6,1.06,0.67,0.72,0.014,0.62,0.62,0.65,0.71,0.72,0.69,0.53,0.52,0.26,0.27,163,Grand growth,Sprinkler,Litchi,6298,0,Kharif,163
6278,GJ031,10.52,82.5,FLD06278,14416,Litchi,Fruit,Year-round,Coastal,246,47,214,7.6,0.68,Clay Loam,32,9.5,951,832,324,649,761,29.9,29.9,80,4.8,1.06,0.69,0.74,0.006,0.66,0.67,0.68,0.72,0.74,0.69,0.56,0.56,0.3,0.31,169,Bulbing,Sprinkler,Litchi,12194,0,Kharif,169
6279,AP046,30.71,88.8,FLD06279,14919,Litchi,Fruit,Year-round,Mountain,195,34,234,7.3,0.53,Sandy Loam,30,13.1,2651,2330,1023,1548,2187,23.1,23.1,79,5.4,1.06,0.68,0.73,0.02,0.63,0.63,0.69,0.69,0.7,0.73,0.54,0.55,0.3,0.24,150,Rhizome development,Surface,Litchi,12245,0,Kharif,150
6281,KA040,19.34,73.27,FLD06281,14120,Litchi,Fruit,Year-round,Semi-Arid,258,29,232,6.7,0.74,Sandy Loam,35,12.6,522,405,149,293,345,31.4,31.4,59,4.8,1.06,0.69,0.74,0.024,0.62,0.67,0.66,0.73,0.72,0.74,0.54,0.56,0.26,0.25,158,Tillering,Drip,Litchi,11755,0,Kharif,158
6286,UP036,34.75,85.09,FLD06286,18595,Litchi,Fruit,Year-round,Mountain,187,37,232,6.2,0.93,Clay Loam,35,11.1,1590,1202,467,777,1047,22.7,22.7,66,5.1,1.06,0.68,0.73,0.022,0.62,0.64,0.67,0.72,0.7,0.73,0.54,0.53,0.3,0.26,165,Tillering,Sprinkler,Litchi,15941,0,Kharif,165
6288,MP047,28.74,73.11,FLD06288,5531,Litchi,Fruit,Year-round,Plateau,247,29,174,5.9,0.86,Loam,27,12.3,801,680,304,484,621,28.6,28.6,68,5.3,1.06,0.69,0.74,0.022,0.63,0.67,0.67,0.72,0.71,0.74,0.54,0.58,0.23,0.24,141,Vegetative,Surface,Litchi,4844,0,Kharif,141
6290,GJ008,11.31,70.63,FLD06290,6800,Litchi,Fruit,Year-round,Humid,225,48,211,7.4,0.87,Clay,24,8.7,1572,1299,482,805,1111,27.1,27.1,76,5.4,1.06,0.68,0.74,0.018,0.65,0.63,0.66,0.69,0.73,0.74,0.57,0.53,0.3,0.26,170,Flush,Sprinkler,Litchi,5544,0,Kharif,170
6291,AP045,25.46,84.25,FLD06291,12306,Litchi,Fruit,Year-round,Sub-Humid,291,30,212,6.4,0.85,Sandy,26,11.8,927,710,297,438,629,27.2,27.2,68,4.4,1.06,0.69,0.75,0.02,0.65,0.67,0.67,0.71,0.7,0.75,0.56,0.56,0.27,0.32,163,Fruiting,Surface,Litchi,11162,0,Kharif,163
6292,RJ026,22.51,70.39,FLD06292,18971,Litchi,Fruit,Year-round,Humid,281,39,235,6.7,0.77,Sandy Clay,25,8.5,1888,1660,593,1115,1551,28.5,28.5,81,4.9,1.06,0.68,0.74,0.018,0.63,0.63,0.65,0.69,0.74,0.72,0.54,0.53,0.32,0.28,170,Mature,Sprinkler,Litchi,16200,0,Kharif,170
6293,MP034,20.31,86.17,FLD06293,5400,Litchi,Fruit,Year-round,Semi-Arid,294,43,216,5.9,0.92,Laterite,24,16.1,510,471,151,319,436,28.6,28.6,55,5.6,1.06,0.68,0.72,0.014,0.63,0.63,0.68,0.71,0.72,0.7,0.55,0.53,0.26,0.33,148,Nut development,Drip,Litchi,4831,0,Kharif,148
6297,HR050,20.33,75.72,FLD06297,7641,Litchi,Fruit,Year-round,Semi-Arid,284,41,186,7.0,0.58,Sandy,29,10.3,680,624,215,432,536,31.9,31.9,56,4.6,1.06,0.68,0.74,0.024,0.62,0.66,0.64,0.7,0.71,0.74,0.51,0.58,0.33,0.28,151,Flowering,Sprinkler,Litchi,6764,0,Kharif,151
6298,UP030,16.14,75.67,FLD06298,10628,Litchi,Fruit,Year-round,Coastal,265,33,205,7.2,0.77,Sandy,26,11.8,2675,2338,1042,1482,2094,29.1,29.1,81,5.2,1.06,0.68,0.73,0.006,0.66,0.65,0.65,0.71,0.73,0.69,0.56,0.56,0.28,0.31,159,Vegetative,Sprinkler,Litchi,9540,0,Kharif,159
7354,AP032,27.17,89.63,FLD07354,5526,Black Pepper,Spice,Year-round,Humid,259,42,205,7.1,0.66,Sandy Clay,32,5.2,1407,1091,465,724,995,26.7,26.7,77,5.6,1.19,0.63,0.69,0.02,0.57,0.58,0.63,0.69,0.66,0.67,0.49,0.48,0.25,0.25,156,Bulbing,Drip,Black Pepper,397,0,Kharif,156
7355,KA002,27.08,78.69,FLD07355,16413,Black Pepper,Spice,Year-round,Arid,214,44,170,7.5,0.91,Loam,33,20.5,481,365,141,250,322,31.3,31.3,55,5.5,1.19,0.64,0.68,0.012,0.62,0.61,0.59,0.65,0.66,0.68,0.51,0.52,0.26,0.34,148,Grand growth,Drip,Black Pepper,1158,0,Kharif,148
7356,TN008,34.39,93.99,FLD07356,9489,Black Pepper,Spice,Year-round,Mountain,231,47,204,7.1,0.83,Sandy,24,11.8,2691,2226,749,1351,2009,20.0,20.0,69,6.0,1.19,0.65,0.72,0.022,0.61,0.59,0.61,0.67,0.68,0.72,0.51,0.51,0.24,0.25,164,Tuber development,Surface,Black Pepper,678,0,Kharif,164
7357,PB002,12.43,73.25,FLD07357,7216,Black Pepper,Spice,Year-round,Sub-Humid,302,29,172,6.5,0.75,Clay,38,10.1,980,878,363,588,833,29.2,29.2,76,5.6,1.19,0.64,0.7,0.016,0.62,0.59,0.62,0.66,0.66,0.7,0.52,0.49,0.24,0.29,141,Flowering,Drip,Black Pepper,471,0,Kharif,141
7358,GJ044,14.94,82.92,FLD07358,9646,Black Pepper,Spice,Year-round,Coastal,194,33,181,5.9,0.59,Clay,33,7.0,2337,1833,623,1228,1735,29.2,29.2,82,6.2,1.19,0.64,0.68,0.008,0.62,0.6,0.61,0.67,0.68,0.66,0.54,0.5,0.27,0.34,157,Bulbing,Sprinkler,Black Pepper,711,0,Kharif,157
7360,AP039,29.75,78.09,FLD07360,6466,Black Pepper,Spice,Year-round,Humid,241,38,187,6.3,0.96,Clay Loam,21,6.3,1868,1417,579,985,1224,25.2,25.2,79,5.5,1.19,0.64,0.68,0.012,0.61,0.57,0.63,0.68,0.67,0.67,0.52,0.48,0.33,0.34,169,Pod formation,Drip,Black Pepper,473,0,Kharif,169
7364,MH050,21.18,75.66,FLD07364,8455,Black Pepper,Spice,Year-round,Coastal,188,47,224,6.6,0.63,Loam,27,6.6,2307,2045,616,1618,1809,28.0,28.0,71,5.2,1.19,0.64,0.71,0.016,0.62,0.57,0.59,0.66,0.71,0.7,0.52,0.47,0.31,0.33,140,Tuber bulking,Drip,Black Pepper,622,0,Kharif,140
7366,PB017,14.04,73.72,FLD07366,10669,Black Pepper,Spice,Year-round,Coastal,298,39,178,7.4,0.63,Sandy Clay,33,10.3,2229,1750,780,1106,1584,29.1,29.1,75,5.8,1.19,0.64,0.7,0.024,0.58,0.57,0.62,0.67,0.67,0.7,0.5,0.49,0.27,0.25,156,Pod formation,Drip,Black Pepper,801,0,Kharif,156
7367,AP047,16.56,81.13,FLD07367,18933,Black Pepper,Spice,Year-round,Humid,181,34,194,5.8,0.68,Sandy,31,5.2,3122,2637,799,2091,2460,26.4,26.4,79,5.1,1.19,0.64,0.7,0.024,0.58,0.58,0.61,0.68,0.69,0.7,0.48,0.48,0.26,0.33,164,Mature,Surface,Black Pepper,1320,0,Kharif,164
7369,PB046,12.98,88.06,FLD07369,19365,Black Pepper,Spice,Year-round,Coastal,189,46,224,6.4,0.64,Sandy Clay,38,11.8,1400,1088,484,684,996,30.1,30.1,82,6.5,1.19,0.65,0.71,0.018,0.61,0.6,0.65,0.65,0.71,0.7,0.51,0.49,0.28,0.26,146,Tuber bulking,Surface,Black Pepper,1440,0,Kharif,146
7373,MP039,24.04,86.98,FLD07373,5809,Black Pepper,Spice,Year-round,Humid,298,28,208,6.2,0.54,Loam,32,9.9,2001,1696,539,1265,1508,28.2,28.2,82,5.2,1.19,0.64,0.7,0.016,0.59,0.59,0.61,0.66,0.7,0.67,0.5,0.49,0.29,0.26,164,Tuber development,Surface,Black Pepper,434,0,Kharif,164
7377,UP015,26.05,74.79,FLD07377,7066,Black Pepper,Spice,Year-round,Plateau,320,37,174,6.8,0.83,Sandy Loam,25,11.4,1196,966,379,668,839,26.1,26.1,74,6.0,1.19,0.65,0.71,0.022,0.6,0.6,0.62,0.68,0.7,0.71,0.5,0.52,0.28,0.27,151,Boll formation,Sprinkler,Black Pepper,488,0,Kharif,151
7379,PB003,29.47,79.86,FLD07379,10682,Black Pepper,Spice,Year-round,Arid,269,48,197,6.8,0.64,Clay Loam,37,23.0,371,309,116,234,270,35.9,35.9,45,5.2,1.19,0.63,0.69,0.026,0.56,0.62,0.6,0.64,0.67,0.69,0.48,0.51,0.32,0.25,149,Flowering,Sprinkler,Black Pepper,778,0,Kharif,149
7380,KA027,18.67,74.27,FLD07380,19966,Black Pepper,Spice,Year-round,Plateau,311,38,209,6.4,0.55,Sandy Loam,32,11.9,855,806,353,629,742,30.8,30.8,64,6.2,1.19,0.64,0.7,0.02,0.6,0.6,0.62,0.65,0.67,0.7,0.52,0.51,0.33,0.28,167,Mature,Drip,Black Pepper,1455,0,Kharif,167
7382,KA042,28.42,83.22,FLD07382,17526,Black Pepper,Spice,Year-round,Arid,234,30,184,6.9,0.92,Loam,38,25.0,251,225,98,158,195,33.5,33.5,56,6.1,1.19,0.63,0.7,0.026,0.57,0.58,0.61,0.65,0.68,0.7,0.49,0.49,0.26,0.28,141,Mature,Drip,Black Pepper,1444,443,Kharif,141
7385,HR034,28.4,83.68,FLD07385,10990,Black Pepper,Spice,Year-round,Arid,293,42,219,6.7,0.59,Sandy Clay,37,15.6,453,417,132,279,361,31.2,31.2,55,5.2,1.19,0.63,0.66,0.012,0.6,0.6,0.62,0.64,0.66,0.66,0.5,0.52,0.32,0.26,155,Reproductive,Drip,Black Pepper,815,0,Kharif,155
7386,RJ042,12.82,74.94,FLD07386,16956,Black Pepper,Spice,Year-round,Humid,195,42,219,6.2,0.79,Sandy Clay,28,8.5,1281,1141,495,899,1057,25.2,25.2,85,6.1,1.19,0.65,0.71,0.018,0.62,0.61,0.65,0.65,0.68,0.71,0.53,0.51,0.33,0.26,143,Bulbing,Drip,Black Pepper,1207,0,Kharif,143
7387,AP009,30.89,78.64,FLD07387,6011,Black Pepper,Spice,Year-round,Mountain,278,45,178,6.1,0.61,Sandy,28,9.2,2215,1808,645,1215,1698,16.8,16.8,73,5.3,1.19,0.63,0.68,0.016,0.6,0.57,0.61,0.65,0.66,0.68,0.51,0.48,0.3,0.34,153,Vegetative,Surface,Black Pepper,430,0,Kharif,153
7388,PB011,11.88,83.3,FLD07388,18186,Black Pepper,Spice,Year-round,Arid,279,41,217,7.8,0.81,Sandy Clay,23,23.2,420,388,167,300,356,33.9,33.9,57,6.2,1.19,0.64,0.72,0.024,0.6,0.59,0.62,0.63,0.68,0.72,0.52,0.51,0.29,0.27,157,Fruiting,Sprinkler,Black Pepper,1441,0,Kharif,157
7389,AP039,10.74,88.68,FLD07389,15717,Black Pepper,Spice,Year-round,Sub-Humid,294,50,199,7.4,0.77,Sandy,33,9.2,1062,848,304,612,737,28.2,28.2,73,5.4,1.19,0.63,0.68,0.02,0.57,0.57,0.64,0.68,0.66,0.67,0.48,0.48,0.27,0.3,162,Reproductive,Sprinkler,Black Pepper,1222,0,Kharif,162
7390,MH045,24.05,70.74,FLD07390,11579,Black Pepper,Spice,Year-round,Semi-Arid,236,36,239,7.5,0.72,Sandy Loam,29,10.1,566,463,155,369,419,30.3,30.3,59,5.5,1.19,0.64,0.7,0.026,0.57,0.59,0.65,0.65,0.68,0.7,0.47,0.51,0.33,0.31,167,Pod formation,Drip,Black Pepper,792,0,Kharif,167
7393,HR003,11.33,84.43,FLD07393,7554,Black Pepper,Spice,Year-round,Coastal,276,38,190,7.0,0.63,Sandy Clay,33,10.6,1884,1708,649,1319,1537,28.2,28.2,73,5.7,1.19,0.65,0.69,0.016,0.6,0.62,0.63,0.67,0.69,0.68,0.5,0.54,0.24,0.26,151,Vegetative,Surface,Black Pepper,515,0,Kharif,151
7397,MH029,27.23,81.1,FLD07397,17045,Black Pepper,Spice,Year-round,Sub-Humid,229,42,199,6.1,0.6,Loam,37,11.8,855,704,211,447,635,27.2,27.2,73,5.4,1.19,0.63,0.71,0.022,0.58,0.57,0.59,0.64,0.71,0.69,0.48,0.5,0.34,0.28,148,Vegetative,Sprinkler,Black Pepper,1131,0,Kharif,148
7399,KA034,17.73,78.11,FLD07399,14600,Black Pepper,Spice,Year-round,Coastal,282,35,203,5.8,0.71,Clay,31,9.0,2409,2242,835,1411,2074,28.2,28.2,71,6.0,1.19,0.64,0.68,0.016,0.6,0.62,0.61,0.66,0.68,0.68,0.52,0.54,0.31,0.31,144,Reproductive,Drip,Black Pepper,1061,0,Kharif,144
7401,TN003,10.76,75.96,FLD07401,11528,Black Pepper,Spice,Year-round,Semi-Arid,266,30,232,6.4,0.85,Laterite,20,13.9,827,733,276,546,640,28.7,28.7,59,6.4,1.19,0.63,0.69,0.026,0.56,0.57,0.63,0.66,0.66,0.69,0.48,0.47,0.28,0.26,156,Grain filling,Sprinkler,Black Pepper,859,0,Kharif,156
7402,MH007,11.62,76.54,FLD07402,5531,Black Pepper,Spice,Year-round,Coastal,254,38,235,7.5,0.68,Laterite,26,7.1,2610,2309,709,1788,2102,30.6,30.6,80,5.7,1.19,0.63,0.7,0.016,0.58,0.57,0.61,0.66,0.7,0.66,0.49,0.48,0.31,0.32,164,Nut development,Drip,Black Pepper,421,0,Kharif,164
7405,RJ040,29.79,93.72,FLD07405,9330,Black Pepper,Spice,Year-round,Mountain,285,35,190,7.6,0.83,Laterite,23,11.7,1933,1501,609,1195,1379,22.6,22.6,75,5.6,1.19,0.64,0.7,0.016,0.62,0.58,0.6,0.66,0.7,0.7,0.53,0.48,0.31,0.33,160,Tuber bulking,Drip,Black Pepper,694,0,Kharif,160
7407,MP044,27.75,88.17,FLD07407,11165,Black Pepper,Spice,Year-round,Sub-Humid,214,44,175,7.7,0.62,Sandy Loam,38,12.0,960,852,315,648,804,29.6,29.6,72,5.1,1.19,0.63,0.71,0.022,0.6,0.57,0.6,0.65,0.66,0.71,0.53,0.48,0.24,0.34,165,Grain filling,Surface,Black Pepper,779,0,Kharif,165
7408,GJ049,18.18,78.35,FLD07408,15558,Black Pepper,Spice,Year-round,Arid,279,48,205,6.4,0.67,Clay,35,19.1,302,246,91,148,217,32.2,32.2,53,5.2,1.19,0.64,0.68,0.012,0.61,0.58,0.64,0.66,0.68,0.67,0.5,0.51,0.24,0.3,170,Pod formation,Sprinkler,Black Pepper,1485,0,Kharif,170
7419,PB042,11.18,73.99,FLD07419,9223,Black Pepper,Spice,Year-round,Humid,268,52,228,5.9,0.51,Sandy Loam,21,8.2,3091,2391,1071,1900,2186,27.9,27.9,76,5.9,1.19,0.64,0.7,0.022,0.59,0.58,0.61,0.66,0.68,0.7,0.5,0.49,0.27,0.33,141,Reproductive,Drip,Black Pepper,682,0,Kharif,141
7420,TN041,12.98,83.37,FLD07420,15819,Black Pepper,Spice,Year-round,Humid,203,35,178,7.4,0.58,Sandy,21,8.0,2796,2141,838,1604,1889,25.1,25.1,83,6.5,1.19,0.64,0.68,0.012,0.61,0.58,0.6,0.67,0.68,0.67,0.5,0.49,0.29,0.25,143,Boll formation,Surface,Black Pepper,1071,0,Kharif,143
7421,RJ021,23.39,81.37,FLD07421,14079,Black Pepper,Spice,Year-round,Humid,240,45,238,7.7,0.9,Laterite,34,9.3,2801,2445,875,1758,2255,26.6,26.6,78,5.1,1.19,0.64,0.7,0.018,0.57,0.58,0.64,0.66,0.7,0.66,0.49,0.49,0.27,0.33,159,Flush,Surface,Black Pepper,1133,0,Kharif,159
7425,MH024,11.66,76.65,FLD07425,11791,Black Pepper,Spice,Year-round,Coastal,183,32,216,7.0,0.85,Sandy Loam,35,9.9,862,738,290,483,633,28.8,28.8,74,5.8,1.19,0.64,0.7,0.024,0.58,0.61,0.62,0.63,0.7,0.7,0.51,0.52,0.31,0.29,154,Reproductive,Sprinkler,Black Pepper,871,0,Kharif,154
7427,PB048,23.19,82.38,FLD07427,12203,Black Pepper,Spice,Year-round,Arid,282,28,201,5.9,0.76,Loam,38,18.6,352,304,129,188,282,30.5,30.5,48,5.9,1.19,0.63,0.67,0.012,0.6,0.58,0.61,0.65,0.67,0.66,0.5,0.49,0.33,0.29,150,Tuber development,Sprinkler,Black Pepper,928,0,Kharif,150
7430,HR035,24.08,78.24,FLD07430,19897,Black Pepper,Spice,Year-round,Plateau,295,48,210,6.8,0.54,Sandy,31,10.9,837,671,206,493,631,30.1,30.1,63,6.1,1.19,0.64,0.69,0.018,0.6,0.61,0.6,0.64,0.67,0.69,0.52,0.51,0.27,0.3,166,Vegetative,Surface,Black Pepper,1506,0,Kharif,166
7431,KA007,25.51,89.75,FLD07431,10632,Black Pepper,Spice,Year-round,Arid,217,31,222,7.1,0.64,Clay,35,22.3,420,321,121,254,295,30.3,30.3,49,5.8,1.19,0.65,0.7,0.008,0.62,0.61,0.64,0.65,0.7,0.66,0.52,0.54,0.28,0.29,168,Reproductive,Drip,Black Pepper,839,0,Kharif,168
7438,MH034,12.94,73.96,FLD07438,17131,Black Pepper,Spice,Year-round,Semi-Arid,242,28,205,6.5,0.69,Sandy Loam,38,11.1,745,647,226,447,551,31.2,31.2,68,6.2,1.19,0.64,0.71,0.022,0.58,0.58,0.6,0.66,0.71,0.69,0.48,0.49,0.26,0.29,163,Flush,Sprinkler,Black Pepper,1182,0,Kharif,163
7439,GJ028,33.99,83.16,FLD07439,15136,Black Pepper,Spice,Year-round,Mountain,238,32,215,7.0,0.74,Loam,29,8.9,2306,1928,726,1512,1687,17.4,17.4,63,5.6,1.19,0.64,0.67,0.018,0.58,0.62,0.63,0.66,0.67,0.67,0.5,0.54,0.26,0.25,160,Flush,Surface,Black Pepper,1167,0,Kharif,160
7441,HR039,12.62,73.29,FLD07441,13296,Black Pepper,Spice,Year-round,Plateau,231,34,227,6.1,0.97,Clay,31,12.4,903,833,265,545,724,27.3,27.3,63,6.0,1.19,0.63,0.7,0.028,0.56,0.61,0.61,0.64,0.68,0.7,0.48,0.52,0.34,0.31,156,Boll formation,Sprinkler,Black Pepper,1024,0,Kharif,156
7443,KA037,17.54,77.2,FLD07443,17886,Black Pepper,Spice,Year-round,Semi-Arid,292,42,228,6.1,0.97,Sandy Loam,24,11.7,612,501,163,372,447,31.2,31.2,68,5.9,1.19,0.64,0.71,0.02,0.56,0.58,0.65,0.68,0.71,0.66,0.48,0.48,0.28,0.33,168,Fruiting,Drip,Black Pepper,1389,0,Kharif,168
7444,AP004,19.36,75.98,FLD07444,7059,Black Pepper,Spice,Year-round,Arid,256,51,187,6.7,0.74,Sandy Clay,22,15.5,374,352,127,241,311,31.0,31.0,45,5.8,1.19,0.64,0.69,0.018,0.6,0.59,0.62,0.66,0.68,0.69,0.52,0.49,0.31,0.28,155,Flowering,Drip,Black Pepper,567,0,Kharif,155
7445,KA033,28.2,83.22,FLD07445,8323,Black Pepper,Spice,Year-round,Semi-Arid,188,34,232,6.6,0.78,Clay,27,11.4,674,582,241,432,541,30.6,30.6,64,5.7,1.19,0.64,0.7,0.016,0.58,0.61,0.6,0.66,0.7,0.66,0.51,0.53,0.28,0.25,145,Reproductive,Drip,Black Pepper,559,0,Kharif,145
7447,RJ047,20.13,81.51,FLD07447,16298,Black Pepper,Spice,Year-round,Arid,242,37,171,5.8,0.55,Loam,28,18.9,464,365,161,237,320,35.6,35.6,52,5.7,1.19,0.65,0.71,0.024,0.59,0.62,0.64,0.66,0.71,0.71,0.49,0.54,0.28,0.25,151,Flowering,Sprinkler,Black Pepper,1130,0,Kharif,151
7448,MP025,33.78,92.88,FLD07448,14238,Black Pepper,Spice,Year-round,Mountain,290,45,210,7.0,0.6,Laterite,36,7.7,3079,2882,1038,2267,2676,17.5,17.5,81,6.4,1.19,0.65,0.71,0.018,0.62,0.58,0.6,0.67,0.7,0.71,0.54,0.48,0.29,0.25,158,Tuber bulking,Surface,Black Pepper,1038,0,Kharif,158
7450,AP036,10.61,74.96,FLD07450,5352,Black Pepper,Spice,Year-round,Humid,256,43,233,6.0,0.7,Clay Loam,38,8.9,2844,2264,808,1533,2076,27.0,27.0,83,5.9,1.19,0.64,0.69,0.02,0.59,0.58,0.61,0.68,0.69,0.69,0.51,0.49,0.3,0.29,154,Rhizome development,Drip,Black Pepper,413,0,Kharif,154
7453,TN011,16.21,87.88,FLD07453,5896,Black Pepper,Spice,Year-round,Plateau,196,32,214,6.1,0.9,Loam,29,13.5,688,623,188,494,569,26.5,26.5,72,5.6,1.19,0.64,0.67,0.02,0.57,0.59,0.64,0.67,0.67,0.67,0.48,0.51,0.3,0.33,168,Tuber bulking,Drip,Black Pepper,424,0,Kharif,168
7454,AP010,17.09,73.91,FLD07454,13536,Black Pepper,Spice,Year-round,Semi-Arid,201,30,203,6.5,0.56,Sandy Loam,27,16.5,678,594,194,466,520,30.6,30.6,64,5.1,1.19,0.62,0.67,0.022,0.56,0.57,0.64,0.65,0.66,0.67,0.46,0.47,0.32,0.28,165,Grand growth,Drip,Black Pepper,936,0,Kharif,165
7457,TN039,15.25,80.09,FLD07457,11695,Black Pepper,Spice,Year-round,Sub-Humid,243,46,234,7.5,0.76,Sandy Clay,38,8.9,1057,943,393,634,845,29.5,29.5,76,5.7,1.19,0.65,0.71,0.024,0.57,0.61,0.64,0.65,0.71,0.69,0.5,0.53,0.28,0.32,141,Rhizome development,Drip,Black Pepper,888,0,Kharif,141
7460,AP003,10.26,70.29,FLD07460,14006,Black Pepper,Spice,Year-round,Coastal,254,28,231,7.2,0.82,Laterite,26,8.8,2690,2410,830,1498,2263,29.7,29.7,73,5.6,1.19,0.64,0.71,0.012,0.6,0.58,0.63,0.67,0.71,0.66,0.52,0.49,0.31,0.34,163,Flowering,Sprinkler,Black Pepper,937,0,Kharif,163
7461,GJ023,10.61,77.32,FLD07461,14565,Black Pepper,Spice,Year-round,Plateau,260,36,181,7.2,0.97,Sandy Loam,22,13.8,1152,1010,376,654,952,30.7,30.7,75,6.1,1.19,0.64,0.7,0.01,0.62,0.58,0.59,0.66,0.7,0.67,0.52,0.48,0.27,0.27,156,Tuber bulking,Surface,Black Pepper,1024,0,Kharif,156
7462,MH048,26.38,76.44,FLD07462,14936,Black Pepper,Spice,Year-round,Plateau,285,38,237,6.6,0.57,Sandy Clay,23,9.9,763,609,237,391,557,29.2,29.2,63,6.0,1.19,0.64,0.69,0.018,0.6,0.59,0.61,0.69,0.67,0.69,0.51,0.51,0.26,0.25,150,Nut development,Sprinkler,Black Pepper,1187,0,Kharif,150
7464,HR044,9.9,81.45,FLD07464,12534,Black Pepper,Spice,Year-round,Coastal,239,42,222,6.9,0.76,Sandy Clay,25,6.5,1539,1165,440,769,1055,29.8,29.8,76,6.0,1.19,0.62,0.68,0.02,0.58,0.57,0.59,0.64,0.67,0.68,0.49,0.5,0.26,0.34,167,Tillering,Sprinkler,Black Pepper,909,0,Kharif,167
7467,TN025,13.05,87.48,FLD07467,17759,Black Pepper,Spice,Year-round,Coastal,196,41,202,6.3,0.82,Sandy,30,9.8,2227,1840,583,1405,1689,29.9,29.9,75,6.1,1.19,0.66,0.72,0.024,0.6,0.62,0.64,0.69,0.68,0.72,0.5,0.54,0.25,0.32,159,Tillering,Drip,Black Pepper,1321,0,Kharif,159
7468,MP017,22.6,74.96,FLD07468,13481,Black Pepper,Spice,Year-round,Sub-Humid,272,44,224,6.2,0.83,Sandy,31,10.2,1072,866,282,610,816,29.8,29.8,73,5.0,1.19,0.64,0.69,0.024,0.57,0.57,0.63,0.68,0.68,0.69,0.5,0.49,0.28,0.32,144,Mature,Sprinkler,Black Pepper,1070,0,Kharif,144
7469,AP044,27.92,73.55,FLD07469,9502,Black Pepper,Spice,Year-round,Humid,290,39,199,7.3,0.77,Sandy Clay,28,5.0,1705,1507,505,995,1404,26.4,26.4,82,5.0,1.19,0.63,0.71,0.024,0.57,0.59,0.59,0.65,0.71,0.69,0.5,0.51,0.27,0.24,141,Flush,Surface,Black Pepper,723,0,Kharif,141
7470,MH032,15.88,76.96,FLD07470,5142,Black Pepper,Spice,Year-round,Sub-Humid,195,44,219,7.7,0.78,Clay Loam,22,9.6,1067,849,346,594,750,29.9,29.9,68,6.3,1.19,0.65,0.71,0.024,0.58,0.6,0.64,0.69,0.71,0.7,0.48,0.52,0.31,0.33,167,Mature,Sprinkler,Black Pepper,382,0,Kharif,167
7473,HR027,17.57,88.28,FLD07473,5312,Black Pepper,Spice,Year-round,Sub-Humid,185,51,172,6.1,0.67,Clay,35,8.9,1010,824,289,564,748,28.1,28.1,72,5.8,1.19,0.64,0.68,0.022,0.56,0.62,0.62,0.68,0.67,0.67,0.49,0.54,0.28,0.24,145,Bulbing,Surface,Black Pepper,404,0,Kharif,145
7474,MH030,18.13,74.13,FLD07474,9750,Black Pepper,Spice,Year-round,Arid,282,47,240,7.5,0.71,Sandy Clay,29,24.1,354,302,118,203,270,32.2,32.2,47,6.4,1.19,0.63,0.71,0.028,0.57,0.6,0.59,0.65,0.67,0.71,0.47,0.51,0.33,0.34,156,Flowering,Drip,Black Pepper,911,0,Kharif,156
7477,KA007,18.97,70.94,FLD07477,5633,Black Pepper,Spice,Year-round,Humid,254,43,170,6.4,0.78,Sandy Clay,20,9.1,2385,2048,619,1371,1928,27.5,27.5,76,5.8,1.19,0.64,0.7,0.02,0.58,0.57,0.63,0.68,0.7,0.68,0.49,0.49,0.26,0.34,148,Vegetative,Surface,Black Pepper,386,0,Kharif,148
7478,PB042,28.53,83.88,FLD07478,19716,Black Pepper,Spice,Year-round,Humid,268,31,184,7.6,0.71,Loam,37,6.0,1478,1259,562,793,1074,27.9,27.9,86,5.0,1.19,0.64,0.7,0.014,0.61,0.57,0.6,0.65,0.7,0.68,0.52,0.49,0.32,0.28,142,Pod formation,Sprinkler,Black Pepper,1414,0,Kharif,142
7479,HR005,21.82,72.23,FLD07479,14508,Black Pepper,Spice,Year-round,Humid,287,35,215,7.7,0.75,Sandy Loam,32,6.8,2129,1820,581,1244,1670,25.5,25.5,86,5.5,1.19,0.63,0.7,0.018,0.58,0.58,0.59,0.67,0.7,0.67,0.48,0.48,0.34,0.33,167,Flowering,Drip,Black Pepper,1084,0,Kharif,167
7483,HR012,10.57,88.06,FLD07483,13284,Black Pepper,Spice,Year-round,Arid,290,33,196,7.0,0.77,Sandy,24,18.1,387,328,120,242,304,35.4,35.4,52,6.5,1.19,0.65,0.71,0.02,0.59,0.59,0.63,0.69,0.71,0.69,0.5,0.5,0.29,0.31,148,Flush,Drip,Black Pepper,1039,0,Kharif,148
7486,PB025,14.35,86.37,FLD07486,5486,Black Pepper,Spice,Year-round,Plateau,222,43,219,5.9,0.52,Clay Loam,22,14.8,1139,901,366,651,797,29.1,29.1,70,6.5,1.19,0.62,0.67,0.018,0.58,0.57,0.59,0.65,0.67,0.67,0.49,0.48,0.27,0.29,149,Flowering,Sprinkler,Black Pepper,385,0,Kharif,149
7491,KA026,31.78,78.92,FLD07491,18614,Black Pepper,Spice,Year-round,Mountain,226,44,184,5.8,0.64,Sandy,29,13.1,2437,2298,722,1530,2100,21.8,21.8,76,5.1,1.19,0.64,0.71,0.018,0.62,0.58,0.59,0.66,0.69,0.71,0.52,0.5,0.32,0.33,141,Flush,Drip,Black Pepper,1242,0,Kharif,141
7492,UP005,26.35,91.48,FLD07492,8107,Black Pepper,Spice,Year-round,Mountain,243,32,203,5.9,0.72,Sandy Clay,24,13.6,1622,1516,471,1154,1402,17.9,17.9,82,5.5,1.19,0.65,0.71,0.026,0.58,0.6,0.62,0.68,0.71,0.71,0.5,0.52,0.25,0.33,144,Tuber development,Sprinkler,Black Pepper,580,0,Kharif,144
7496,PB023,23.86,85.87,FLD07496,5249,Black Pepper,Spice,Year-round,Arid,186,50,204,6.3,0.6,Laterite,34,23.0,365,339,130,266,313,34.4,34.4,45,5.1,1.19,0.64,0.71,0.016,0.58,0.61,0.6,0.66,0.71,0.66,0.48,0.52,0.34,0.24,166,Tuber development,Drip,Black Pepper,367,0,Kharif,166
7497,GJ005,16.1,75.7,FLD07497,19724,Black Pepper,Spice,Year-round,Sub-Humid,276,35,232,6.4,0.81,Sandy Loam,37,12.0,879,761,254,479,722,29.2,29.2,68,6.0,1.19,0.65,0.69,0.012,0.61,0.61,0.63,0.67,0.69,0.67,0.5,0.51,0.27,0.26,141,Grain filling,Surface,Black Pepper,1501,0,Kharif,141
7499,AP004,29.05,87.7,FLD07499,12531,Black Pepper,Spice,Year-round,Humid,233,52,209,6.0,0.62,Loam,33,6.7,2546,2068,643,1509,1766,26.0,26.0,82,5.3,1.19,0.62,0.67,0.018,0.58,0.57,0.61,0.63,0.66,0.67,0.5,0.48,0.33,0.29,162,Pod formation,Sprinkler,Black Pepper,909,0,Kharif,162
7500,MP006,30.14,79.34,FLD07500,17246,Black Pepper,Spice,Year-round,Mountain,195,39,191,7.1,0.7,Sandy Clay,22,9.5,1160,1096,344,844,958,20.4,20.4,63,6.5,1.19,0.64,0.67,0.008,0.62,0.62,0.63,0.65,0.67,0.66,0.54,0.54,0.29,0.26,166,Pod formation,Surface,Black Pepper,1271,0,Kharif,166
7505,MH050,11.59,79.97,FLD07505,13644,Cardamom,Spice,Year-round,Plateau,261,38,197,6.6,0.53,Sandy Clay,20,8.2,1136,935,352,674,822,29.4,29.4,63,5.2,1.15,0.65,0.71,0.024,0.59,0.6,0.65,0.68,0.68,0.71,0.52,0.52,0.26,0.29,142,Mature,Sprinkler,Cardamom,904,0,Kharif,142
7506,UP019,14.48,70.78,FLD07506,10787,Cardamom,Spice,Year-round,Arid,222,28,186,7.5,0.71,Sandy Clay,34,16.7,293,235,72,143,203,34.1,34.1,47,5.9,1.15,0.64,0.68,0.014,0.61,0.62,0.61,0.66,0.66,0.68,0.54,0.53,0.24,0.33,161,Tuber bulking,Drip,Cardamom,923,7,Kharif,161
7507,HR037,24.78,72.51,FLD07507,8666,Cardamom,Spice,Year-round,Plateau,284,40,218,6.1,0.87,Clay Loam,22,14.2,1190,976,402,677,925,28.3,28.3,74,5.9,1.15,0.64,0.69,0.016,0.6,0.62,0.61,0.64,0.69,0.68,0.5,0.53,0.31,0.27,161,Tuber bulking,Drip,Cardamom,613,0,Kharif,161
7508,HR033,18.25,80.4,FLD07508,17890,Cardamom,Spice,Year-round,Plateau,264,38,175,7.7,0.61,Loam,30,13.5,1039,854,382,538,732,26.6,26.6,63,5.2,1.15,0.64,0.68,0.012,0.6,0.61,0.6,0.68,0.68,0.66,0.51,0.52,0.32,0.25,141,Boll formation,Sprinkler,Cardamom,1213,0,Kharif,141
7510,KA007,10.05,77.11,FLD07510,15824,Cardamom,Spice,Year-round,Arid,313,31,213,6.8,0.55,Sandy Loam,25,20.9,282,267,93,188,231,35.1,35.1,53,6.4,1.15,0.63,0.67,0.02,0.56,0.6,0.64,0.67,0.66,0.66,0.47,0.49,0.32,0.29,168,Pod formation,Drip,Cardamom,1412,0,Kharif,168
7511,AP046,28.97,75.1,FLD07511,16017,Cardamom,Spice,Year-round,Mountain,215,47,193,5.9,0.51,Clay Loam,25,10.3,2777,2229,764,1778,2002,23.8,23.8,82,6.1,1.15,0.64,0.7,0.024,0.58,0.61,0.6,0.69,0.68,0.7,0.48,0.51,0.33,0.26,167,Rhizome development,Surface,Cardamom,1096,0,Kharif,167
7512,MH014,11.87,86.32,FLD07512,14503,Cardamom,Spice,Year-round,Arid,318,46,222,7.1,0.61,Clay,20,21.8,462,370,117,285,349,35.2,35.2,49,5.5,1.15,0.64,0.69,0.016,0.61,0.58,0.61,0.66,0.69,0.69,0.53,0.5,0.27,0.27,140,Rhizome development,Drip,Cardamom,1074,0,Kharif,140
7515,AP013,21.9,82.8,FLD07515,19372,Cardamom,Spice,Year-round,Arid,254,51,237,7.6,0.75,Sandy Loam,35,21.2,336,272,82,212,239,32.7,32.7,50,6.2,1.15,0.64,0.72,0.028,0.58,0.57,0.64,0.64,0.66,0.72,0.5,0.5,0.25,0.33,155,Flowering,Drip,Cardamom,1675,0,Kharif,155
7516,HR012,12.52,77.6,FLD07516,15124,Cardamom,Spice,Year-round,Sub-Humid,293,35,170,5.8,0.51,Laterite,33,10.9,1110,972,400,685,833,27.1,27.1,76,5.5,1.15,0.64,0.7,0.022,0.59,0.57,0.62,0.65,0.69,0.7,0.5,0.49,0.27,0.34,141,Mature,Drip,Cardamom,895,0,Kharif,141
7518,UP003,20.18,87.4,FLD07518,9512,Cardamom,Spice,Year-round,Coastal,263,48,204,6.0,0.81,Sandy Loam,20,11.1,1506,1348,498,1074,1228,30.8,30.8,80,5.1,1.15,0.64,0.71,0.026,0.58,0.57,0.64,0.64,0.7,0.71,0.5,0.49,0.32,0.28,155,Flowering,Sprinkler,Cardamom,613,0,Kharif,155
7520,KA024,26.76,76.59,FLD07520,9940,Cardamom,Spice,Year-round,Sub-Humid,219,42,171,6.4,0.82,Clay Loam,23,8.9,1092,933,408,673,883,27.5,27.5,68,5.5,1.15,0.64,0.71,0.028,0.57,0.6,0.63,0.66,0.67,0.71,0.49,0.52,0.32,0.28,169,Tuber development,Drip,Cardamom,629,0,Kharif,169
7521,MH003,26.0,75.88,FLD07521,5984,Cardamom,Spice,Year-round,Sub-Humid,244,47,173,7.2,0.86,Clay,29,11.4,1153,1093,464,802,1017,29.5,29.5,69,5.6,1.15,0.65,0.71,0.012,0.61,0.58,0.62,0.69,0.71,0.67,0.52,0.5,0.26,0.28,165,Flush,Sprinkler,Cardamom,420,0,Kharif,165
7522,HR009,27.0,84.93,FLD07522,15657,Cardamom,Spice,Year-round,Mountain,305,34,177,6.9,0.62,Clay Loam,26,12.0,1839,1383,592,1022,1222,22.3,22.3,66,5.0,1.15,0.63,0.68,0.024,0.56,0.61,0.62,0.64,0.67,0.68,0.47,0.5,0.35,0.27,159,Reproductive,Drip,Cardamom,993,0,Kharif,159
7524,TN043,17.39,88.19,FLD07524,9266,Cardamom,Spice,Year-round,Sub-Humid,223,41,230,7.3,0.85,Sandy Clay,21,10.7,891,685,249,445,583,29.6,29.6,74,5.6,1.15,0.63,0.71,0.018,0.58,0.57,0.61,0.65,0.71,0.67,0.49,0.49,0.33,0.33,154,Rhizome development,Surface,Cardamom,614,0,Kharif,154
7525,PB036,20.85,73.98,FLD07525,8525,Cardamom,Spice,Year-round,Coastal,237,29,191,5.8,0.57,Clay Loam,24,8.8,1884,1677,747,1330,1512,28.9,28.9,71,5.0,1.15,0.64,0.69,0.018,0.59,0.61,0.62,0.69,0.66,0.68,0.5,0.53,0.28,0.25,152,Rhizome development,Drip,Cardamom,526,0,Kharif,152
7528,KA033,10.84,84.97,FLD07528,19737,Cardamom,Spice,Year-round,Coastal,320,50,180,6.4,0.89,Sandy Clay,35,9.8,1370,1248,406,998,1171,28.8,28.8,79,5.3,1.15,0.64,0.7,0.024,0.58,0.59,0.61,0.65,0.7,0.7,0.51,0.51,0.32,0.27,163,Grand growth,Surface,Cardamom,1248,0,Kharif,163
7529,HR005,22.43,82.86,FLD07529,19404,Cardamom,Spice,Year-round,Humid,188,43,178,5.9,0.58,Clay Loam,23,8.9,2140,1669,579,1333,1483,26.6,26.6,78,5.2,1.15,0.64,0.71,0.022,0.59,0.58,0.63,0.65,0.71,0.7,0.49,0.5,0.31,0.26,156,Reproductive,Surface,Cardamom,1250,0,Kharif,156
7531,MH028,11.44,81.93,FLD07531,19178,Cardamom,Spice,Year-round,Plateau,182,36,189,7.3,0.84,Loam,21,14.6,932,718,295,482,632,27.8,27.8,67,5.6,1.15,0.63,0.67,0.014,0.59,0.58,0.62,0.64,0.67,0.66,0.51,0.51,0.26,0.27,146,Tuber bulking,Surface,Cardamom,1083,0,Kharif,146
7535,KA008,17.68,72.73,FLD07535,5348,Cardamom,Spice,Year-round,Sub-Humid,200,39,237,7.2,0.54,Clay Loam,36,11.8,1047,982,301,765,923,29.2,29.2,68,5.6,1.15,0.65,0.72,0.03,0.57,0.61,0.64,0.69,0.67,0.72,0.48,0.53,0.33,0.3,146,Tuber bulking,Surface,Cardamom,359,0,Kharif,146
7536,MH029,10.82,81.25,FLD07536,14363,Cardamom,Spice,Year-round,Coastal,279,50,177,6.7,0.95,Sandy Clay,27,6.6,2781,2504,861,1636,2192,29.6,29.6,77,5.5,1.15,0.64,0.67,0.01,0.61,0.6,0.62,0.65,0.67,0.66,0.53,0.49,0.29,0.31,166,Grand growth,Sprinkler,Cardamom,947,0,Kharif,166
7537,RJ025,29.36,71.92,FLD07537,11329,Cardamom,Spice,Year-round,Semi-Arid,200,39,200,6.2,0.55,Sandy,23,11.8,508,441,184,273,398,30.1,30.1,57,4.9,1.15,0.64,0.7,0.02,0.6,0.6,0.62,0.64,0.66,0.7,0.5,0.53,0.26,0.26,165,Tillering,Drip,Cardamom,693,0,Kharif,165
7539,KA007,18.93,71.19,FLD07539,9245,Cardamom,Spice,Year-round,Humid,222,46,173,5.8,0.84,Loam,26,6.9,2748,2247,968,1387,1992,25.5,25.5,82,5.5,1.15,0.65,0.69,0.024,0.57,0.62,0.64,0.69,0.69,0.69,0.47,0.52,0.28,0.29,146,Bulbing,Sprinkler,Cardamom,559,0,Kharif,146
7540,GJ025,23.93,79.42,FLD07540,11953,Cardamom,Spice,Year-round,Arid,194,43,179,7.1,0.64,Clay,38,22.1,304,261,104,175,222,35.9,35.9,45,5.3,1.15,0.64,0.72,0.02,0.62,0.62,0.59,0.64,0.67,0.72,0.53,0.51,0.28,0.29,170,Reproductive,Drip,Cardamom,983,0,Kharif,170
7542,UP008,11.43,74.76,FLD07542,8534,Cardamom,Spice,Year-round,Arid,312,52,209,7.1,0.85,Clay,24,16.1,266,205,74,145,176,31.5,31.5,46,5.9,1.15,0.62,0.67,0.02,0.57,0.57,0.59,0.65,0.67,0.67,0.49,0.5,0.27,0.3,146,Tuber bulking,Drip,Cardamom,756,261,Kharif,146
7544,MP014,15.78,85.31,FLD07544,6497,Cardamom,Spice,Year-round,Humid,241,52,220,6.4,0.7,Sandy Clay,36,8.9,1763,1574,646,1089,1352,28.3,28.3,85,5.1,1.15,0.64,0.72,0.022,0.61,0.59,0.61,0.64,0.68,0.72,0.51,0.51,0.26,0.34,158,Boll formation,Drip,Cardamom,447,0,Kharif,158
7548,AP017,22.08,74.21,FLD07548,7762,Cardamom,Spice,Year-round,Humid,318,48,198,5.9,0.57,Laterite,23,7.9,2184,1690,722,1135,1535,25.2,25.2,75,5.0,1.15,0.65,0.7,0.016,0.62,0.6,0.61,0.68,0.7,0.7,0.52,0.5,0.33,0.3,140,Pod formation,Drip,Cardamom,530,0,Kharif,140
7549,UP017,14.22,70.89,FLD07549,17501,Cardamom,Spice,Year-round,Sub-Humid,258,28,212,5.9,0.79,Sandy Clay,21,12.9,949,863,341,591,806,29.8,29.8,73,5.4,1.15,0.65,0.71,0.026,0.58,0.61,0.61,0.69,0.68,0.71,0.51,0.53,0.33,0.32,162,Tuber development,Sprinkler,Cardamom,1149,0,Kharif,162
7552,AP041,19.82,82.73,FLD07552,15323,Cardamom,Spice,Year-round,Coastal,261,29,195,7.7,0.58,Sandy,31,7.0,1420,1068,368,644,983,29.4,29.4,74,5.2,1.15,0.65,0.71,0.028,0.57,0.61,0.63,0.68,0.68,0.71,0.49,0.5,0.31,0.3,165,Reproductive,Sprinkler,Cardamom,966,0,Kharif,165
7554,PB035,28.46,75.94,FLD07554,12620,Cardamom,Spice,Year-round,Plateau,213,43,217,6.1,0.64,Clay,21,14.1,816,741,317,462,703,31.5,31.5,69,5.1,1.15,0.64,0.7,0.022,0.59,0.61,0.59,0.66,0.68,0.7,0.49,0.51,0.3,0.27,153,Bearing,Sprinkler,Cardamom,889,0,Kharif,153
7555,MP033,27.38,88.82,FLD07555,18857,Cardamom,Spice,Year-round,Mountain,312,40,192,7.2,0.64,Sandy,33,13.6,1591,1365,552,1084,1192,25.4,25.4,76,5.0,1.15,0.64,0.69,0.02,0.59,0.62,0.62,0.67,0.66,0.69,0.5,0.53,0.27,0.33,157,Bearing,Sprinkler,Cardamom,1171,0,Kharif,157
7556,MH012,30.92,89.72,FLD07556,16572,Cardamom,Spice,Year-round,Mountain,279,31,232,5.8,0.75,Laterite,29,10.2,3266,2949,1242,1912,2539,16.2,16.2,73,5.7,1.15,0.64,0.7,0.02,0.59,0.57,0.59,0.68,0.7,0.69,0.49,0.48,0.26,0.26,154,Bulbing,Drip,Cardamom,1094,0,Kharif,154
7558,RJ014,28.53,77.62,FLD07558,5064,Cardamom,Spice,Year-round,Semi-Arid,299,45,229,6.2,0.55,Laterite,30,15.5,752,691,274,520,619,31.3,31.3,60,5.2,1.15,0.63,0.71,0.02,0.57,0.57,0.61,0.64,0.71,0.67,0.49,0.49,0.28,0.28,164,Flowering,Drip,Cardamom,330,0,Kharif,164
7561,KA048,11.66,81.73,FLD07561,14205,Cardamom,Spice,Year-round,Humid,303,39,209,5.8,0.55,Sandy Loam,33,5.9,2598,2145,880,1457,1978,27.7,27.7,79,6.3,1.15,0.65,0.72,0.024,0.6,0.59,0.6,0.67,0.69,0.72,0.52,0.51,0.26,0.34,146,Rhizome development,Surface,Cardamom,925,0,Kharif,146
7569,RJ027,18.42,88.36,FLD07569,11154,Cardamom,Spice,Year-round,Humid,285,34,178,7.7,0.93,Loam,27,7.2,2508,2370,1011,1430,2244,27.7,27.7,76,5.7,1.15,0.65,0.68,0.012,0.62,0.61,0.63,0.67,0.67,0.68,0.54,0.53,0.28,0.33,154,Reproductive,Surface,Cardamom,705,0,Kharif,154
7570,GJ017,15.41,74.12,FLD07570,19775,Cardamom,Spice,Year-round,Semi-Arid,232,42,202,7.5,0.9,Loam,28,15.8,846,670,213,516,576,31.6,31.6,61,5.1,1.15,0.64,0.69,0.024,0.56,0.59,0.63,0.66,0.69,0.68,0.47,0.51,0.32,0.33,162,Nut development,Drip,Cardamom,1252,0,Kharif,162
7572,RJ024,18.5,70.76,FLD07572,7562,Cardamom,Spice,Year-round,Coastal,281,39,216,6.6,0.69,Laterite,31,11.9,2206,2051,659,1536,1744,28.2,28.2,73,5.0,1.15,0.63,0.68,0.018,0.58,0.59,0.6,0.68,0.67,0.67,0.48,0.49,0.28,0.33,149,Boll formation,Sprinkler,Cardamom,525,0,Kharif,149
7575,UP033,19.97,77.67,FLD07575,16228,Cardamom,Spice,Year-round,Sub-Humid,290,34,207,5.8,0.76,Sandy,20,12.3,871,722,251,454,676,27.6,27.6,71,5.4,1.15,0.64,0.68,0.014,0.61,0.59,0.61,0.68,0.66,0.68,0.52,0.5,0.3,0.34,151,Tuber development,Sprinkler,Cardamom,982,0,Kharif,151
7576,HR019,9.17,84.33,FLD07576,8798,Cardamom,Spice,Year-round,Coastal,209,50,222,6.3,0.79,Clay,21,6.1,2156,1790,717,1159,1562,30.9,30.9,75,4.9,1.15,0.64,0.7,0.024,0.58,0.62,0.62,0.65,0.66,0.7,0.48,0.52,0.28,0.26,150,Flush,Sprinkler,Cardamom,547,0,Kharif,150
7577,KA038,27.02,77.69,FLD07577,19472,Cardamom,Spice,Year-round,Humid,292,41,177,7.2,0.56,Sandy Clay,37,8.5,3025,2630,1079,1893,2294,26.5,26.5,78,5.1,1.15,0.65,0.72,0.028,0.58,0.58,0.64,0.67,0.7,0.72,0.48,0.48,0.32,0.34,162,Mature,Sprinkler,Cardamom,1362,0,Kharif,162
7578,GJ042,25.58,85.7,FLD07578,14454,Cardamom,Spice,Year-round,Plateau,252,42,194,6.9,0.6,Sandy Clay,29,12.1,1097,986,299,759,857,30.8,30.8,66,6.3,1.15,0.64,0.68,0.018,0.59,0.61,0.63,0.64,0.68,0.68,0.52,0.54,0.29,0.25,145,Fruiting,Surface,Cardamom,917,0,Kharif,145
7580,KA027,24.61,88.86,FLD07580,18086,Cardamom,Spice,Year-round,Sub-Humid,228,43,200,6.6,0.64,Sandy Loam,27,12.8,908,757,317,479,696,29.2,29.2,74,6.1,1.15,0.63,0.68,0.014,0.61,0.57,0.61,0.67,0.66,0.68,0.52,0.48,0.29,0.28,170,Grand growth,Drip,Cardamom,1203,0,Kharif,170
7581,HR043,25.36,89.87,FLD07581,18986,Cardamom,Spice,Year-round,Plateau,308,42,188,7.0,0.64,Laterite,36,13.9,953,851,377,565,753,31.9,31.9,76,5.2,1.15,0.64,0.7,0.024,0.57,0.61,0.61,0.69,0.7,0.69,0.48,0.54,0.32,0.32,167,Boll formation,Surface,Cardamom,1214,0,Kharif,167
7583,PB050,30.2,84.8,FLD07583,7801,Cardamom,Spice,Year-round,Mountain,229,48,173,6.6,0.81,Sandy Loam,26,13.2,1037,958,368,698,820,21.2,21.2,64,6.1,1.15,0.65,0.71,0.028,0.57,0.6,0.64,0.68,0.68,0.71,0.47,0.5,0.3,0.28,140,Grain filling,Surface,Cardamom,501,0,Kharif,140
7584,MP006,33.26,79.12,FLD07584,19344,Cardamom,Spice,Year-round,Mountain,254,32,199,6.5,0.89,Sandy Loam,25,12.6,2794,2445,757,1591,2244,18.7,18.7,74,6.1,1.15,0.65,0.71,0.014,0.62,0.61,0.6,0.68,0.71,0.69,0.52,0.51,0.24,0.27,169,Flush,Surface,Cardamom,1157,0,Kharif,169
7586,PB001,24.38,73.53,FLD07586,13282,Cardamom,Spice,Year-round,Semi-Arid,283,52,229,7.5,0.59,Sandy Clay,26,13.2,602,506,175,393,477,28.8,28.8,55,5.5,1.15,0.65,0.71,0.018,0.62,0.57,0.63,0.66,0.71,0.71,0.51,0.49,0.32,0.32,157,Grain filling,Sprinkler,Cardamom,985,0,Kharif,157
7588,RJ001,11.11,85.89,FLD07588,5627,Cardamom,Spice,Year-round,Arid,217,38,203,6.3,0.91,Laterite,31,19.8,304,231,98,182,207,31.1,31.1,45,5.9,1.15,0.65,0.71,0.018,0.61,0.59,0.6,0.67,0.71,0.7,0.53,0.51,0.33,0.27,167,Vegetative,Drip,Cardamom,529,0,Kharif,167
7590,MH017,12.96,84.67,FLD07590,15497,Cardamom,Spice,Year-round,Coastal,187,30,172,6.5,0.73,Clay Loam,32,9.1,1312,1017,424,744,940,30.8,30.8,80,6.1,1.15,0.64,0.69,0.018,0.59,0.61,0.64,0.65,0.69,0.68,0.5,0.51,0.24,0.32,169,Nut development,Sprinkler,Cardamom,999,0,Kharif,169
7591,PB006,18.66,72.57,FLD07591,7226,Cardamom,Spice,Year-round,Plateau,297,50,179,6.8,0.95,Sandy Clay,26,9.3,1227,987,353,756,933,30.7,30.7,71,5.9,1.15,0.65,0.71,0.018,0.61,0.57,0.62,0.69,0.71,0.7,0.52,0.47,0.32,0.31,141,Flowering,Drip,Cardamom,471,0,Kharif,141
7593,MH032,25.98,85.59,FLD07593,13030,Cardamom,Spice,Year-round,Sub-Humid,270,31,185,6.3,0.76,Sandy Loam,37,12.6,990,793,294,479,735,28.7,28.7,70,5.2,1.15,0.64,0.71,0.028,0.57,0.58,0.59,0.67,0.71,0.71,0.5,0.48,0.29,0.31,166,Nut development,Sprinkler,Cardamom,763,0,Kharif,166
7594,MP018,25.8,75.73,FLD07594,5482,Cardamom,Spice,Year-round,Humid,261,28,231,7.0,0.56,Sandy,38,10.0,1899,1509,491,964,1395,26.9,26.9,81,5.6,1.15,0.66,0.71,0.014,0.61,0.62,0.63,0.68,0.71,0.68,0.51,0.54,0.32,0.32,143,Tillering,Surface,Cardamom,392,0,Kharif,143
7598,GJ024,29.08,87.98,FLD07598,8057,Cardamom,Spice,Year-round,Arid,209,34,239,6.3,0.64,Sandy,24,18.4,288,243,108,168,220,30.7,30.7,51,6.1,1.15,0.64,0.71,0.028,0.56,0.57,0.64,0.66,0.71,0.7,0.48,0.48,0.28,0.26,164,Grain filling,Drip,Cardamom,652,0,Kharif,164
7600,TN041,11.2,78.78,FLD07600,14453,Cardamom,Spice,Year-round,Plateau,281,49,171,6.5,0.56,Sandy,38,10.1,918,865,305,573,787,31.1,31.1,71,5.6,1.15,0.66,0.72,0.02,0.62,0.59,0.64,0.69,0.71,0.72,0.52,0.49,0.32,0.29,163,Nut development,Sprinkler,Cardamom,950,0,Kharif,163
7601,MP033,27.05,75.77,FLD07601,6112,Cardamom,Spice,Year-round,Arid,260,45,203,6.4,0.65,Sandy,38,21.5,472,404,146,258,354,31.0,31.0,55,5.1,1.15,0.65,0.71,0.022,0.6,0.6,0.59,0.68,0.7,0.71,0.52,0.5,0.24,0.26,158,Tuber development,Sprinkler,Cardamom,417,0,Kharif,158
7602,MH042,15.12,74.09,FLD07602,10820,Cardamom,Spice,Year-round,Sub-Humid,249,46,224,6.7,0.82,Clay,35,12.9,875,695,272,549,619,28.1,28.1,73,5.8,1.15,0.65,0.72,0.026,0.59,0.61,0.61,0.68,0.7,0.72,0.5,0.53,0.31,0.32,148,Bulbing,Surface,Cardamom,690,0,Kharif,148
7603,MP012,25.44,89.21,FLD07603,8854,Cardamom,Spice,Year-round,Semi-Arid,243,32,235,6.7,0.95,Sandy Loam,34,12.2,840,686,257,516,588,29.7,29.7,65,4.9,1.15,0.63,0.67,0.014,0.6,0.61,0.6,0.65,0.67,0.67,0.5,0.51,0.25,0.26,151,Fruiting,Drip,Cardamom,603,0,Kharif,151
7604,GJ031,18.71,85.36,FLD07604,5398,Cardamom,Spice,Year-round,Arid,283,33,175,6.8,0.75,Sandy Clay,34,17.5,459,355,159,224,326,33.0,33.0,47,5.0,1.15,0.65,0.71,0.024,0.59,0.56,0.62,0.69,0.71,0.71,0.5,0.48,0.27,0.31,153,Flowering,Sprinkler,Cardamom,324,0,Kharif,153
7606,GJ022,24.32,85.25,FLD07606,6678,Cardamom,Spice,Year-round,Plateau,279,45,186,7.4,0.68,Sandy Clay,33,14.3,1280,1065,401,808,965,27.3,27.3,76,5.4,1.15,0.65,0.71,0.028,0.57,0.61,0.62,0.69,0.71,0.71,0.49,0.54,0.34,0.3,166,Nut development,Sprinkler,Cardamom,454,0,Kharif,166
7607,RJ010,25.82,82.25,FLD07607,17212,Cardamom,Spice,Year-round,Humid,185,42,230,7.7,0.57,Sandy,20,7.8,1769,1364,451,972,1285,27.3,27.3,79,5.7,1.15,0.64,0.69,0.014,0.6,0.59,0.61,0.68,0.69,0.67,0.5,0.5,0.28,0.32,140,Grand growth,Drip,Cardamom,1155,0,Kharif,140
7609,MH040,11.57,71.11,FLD07609,9919,Cardamom,Spice,Year-round,Arid,224,36,173,7.8,0.79,Clay,37,17.6,339,270,105,174,240,31.9,31.9,56,5.8,1.15,0.65,0.71,0.028,0.57,0.61,0.63,0.66,0.7,0.71,0.48,0.51,0.27,0.24,145,Bearing,Drip,Cardamom,714,0,Kharif,145
7610,RJ009,20.99,84.67,FLD07610,6634,Cardamom,Spice,Year-round,Semi-Arid,205,32,180,6.8,0.59,Laterite,34,15.7,805,656,258,433,580,30.7,30.7,57,5.8,1.15,0.65,0.71,0.02,0.61,0.58,0.64,0.66,0.67,0.71,0.52,0.49,0.27,0.3,168,Grain filling,Sprinkler,Cardamom,402,0,Kharif,168
7612,HR046,28.97,77.53,FLD07612,19513,Cardamom,Spice,Year-round,Plateau,187,45,178,6.8,0.83,Clay Loam,36,10.9,1192,1128,380,836,1009,27.1,27.1,70,6.2,1.15,0.63,0.68,0.016,0.6,0.58,0.59,0.67,0.66,0.68,0.51,0.48,0.27,0.25,168,Grand growth,Sprinkler,Cardamom,1208,0,Kharif,168
7613,TN050,27.89,94.17,FLD07613,19215,Cardamom,Spice,Year-round,Mountain,188,33,229,5.9,0.76,Loam,20,12.5,2185,1843,786,1243,1712,18.2,18.2,79,5.0,1.15,0.63,0.68,0.02,0.57,0.61,0.6,0.67,0.68,0.67,0.48,0.51,0.3,0.29,157,Pod formation,Drip,Cardamom,1264,0,Kharif,157
7616,KA005,11.76,87.51,FLD07616,14049,Cardamom,Spice,Year-round,Plateau,193,43,238,7.0,0.85,Laterite,24,8.6,1266,1092,350,774,939,27.5,27.5,75,5.6,1.15,0.62,0.67,0.016,0.59,0.58,0.59,0.65,0.66,0.67,0.5,0.48,0.31,0.32,168,Bulbing,Surface,Cardamom,925,0,Kharif,168
7619,GJ011,19.67,82.3,FLD07619,7150,Cardamom,Spice,Year-round,Humid,313,28,208,7.6,0.93,Sandy Clay,38,9.2,2194,1832,588,1338,1597,25.1,25.1,76,5.0,1.15,0.63,0.68,0.02,0.58,0.61,0.59,0.65,0.67,0.68,0.48,0.52,0.32,0.3,158,Reproductive,Drip,Cardamom,487,0,Kharif,158
7620,MP039,21.31,85.47,FLD07620,9461,Cardamom,Spice,Year-round,Humid,230,28,181,7.0,0.88,Laterite,32,5.5,1853,1620,547,1154,1441,27.2,27.2,85,6.0,1.15,0.64,0.7,0.022,0.57,0.57,0.64,0.69,0.7,0.68,0.5,0.48,0.34,0.28,168,Tuber bulking,Drip,Cardamom,538,0,Kharif,168
7622,MH001,11.42,77.72,FLD07622,14168,Cardamom,Spice,Year-round,Coastal,282,44,184,7.5,0.97,Sandy Clay,23,9.2,1400,1299,506,871,1149,29.2,29.2,72,6.1,1.15,0.65,0.71,0.028,0.57,0.62,0.63,0.68,0.67,0.71,0.49,0.52,0.3,0.25,146,Tillering,Drip,Cardamom,952,0,Kharif,146
7624,TN042,21.96,72.21,FLD07624,18184,Cardamom,Spice,Year-round,Plateau,259,38,181,7.1,0.53,Clay Loam,26,9.4,957,846,332,599,719,27.0,27.0,67,5.7,1.15,0.65,0.69,0.022,0.58,0.62,0.64,0.69,0.68,0.69,0.48,0.52,0.26,0.27,155,Tuber development,Surface,Cardamom,1120,0,Kharif,155
7629,GJ021,22.5,75.93,FLD07629,11607,Cardamom,Spice,Year-round,Arid,204,46,208,7.3,0.57,Clay,33,22.9,364,274,89,186,241,34.4,34.4,54,5.8,1.15,0.63,0.7,0.02,0.58,0.6,0.6,0.64,0.7,0.68,0.49,0.5,0.34,0.24,160,Rhizome development,Drip,Cardamom,947,0,Kharif,160
7630,RJ017,24.35,89.99,FLD07630,15148,Cardamom,Spice,Year-round,Sub-Humid,303,33,211,7.0,0.75,Loam,25,9.1,1117,982,363,667,894,29.0,29.0,74,6.3,1.15,0.64,0.68,0.01,0.61,0.62,0.6,0.68,0.67,0.66,0.51,0.52,0.3,0.25,144,Mature,Surface,Cardamom,957,0,Kharif,144
7631,TN014,24.85,88.84,FLD07631,8821,Cardamom,Spice,Year-round,Arid,233,36,180,7.1,0.73,Laterite,33,21.2,277,239,80,173,215,32.2,32.2,47,5.6,1.15,0.63,0.67,0.018,0.58,0.57,0.64,0.65,0.67,0.67,0.5,0.5,0.3,0.35,153,Mature,Drip,Cardamom,760,0,Kharif,153
7632,HR028,13.55,78.75,FLD07632,17978,Cardamom,Spice,Year-round,Humid,288,44,206,6.9,0.58,Loam,22,8.5,2115,1740,723,1067,1567,25.8,25.8,76,5.7,1.15,0.64,0.7,0.012,0.61,0.59,0.6,0.69,0.7,0.67,0.53,0.51,0.3,0.26,147,Bearing,Sprinkler,Cardamom,1191,0,Kharif,147
7636,AP012,19.78,71.69,FLD07636,6491,Cardamom,Spice,Year-round,Coastal,202,38,202,6.7,0.89,Clay Loam,22,7.6,1194,946,388,680,851,29.4,29.4,77,5.2,1.15,0.65,0.71,0.016,0.61,0.6,0.6,0.69,0.71,0.69,0.52,0.52,0.3,0.26,160,Flush,Sprinkler,Cardamom,402,0,Kharif,160
7637,AP050,18.43,85.53,FLD07637,17774,Cardamom,Spice,Year-round,Semi-Arid,292,50,236,6.4,0.93,Sandy Loam,27,11.6,731,590,227,379,548,30.6,30.6,66,5.4,1.15,0.65,0.71,0.026,0.57,0.62,0.59,0.68,0.71,0.7,0.49,0.54,0.28,0.29,140,Tuber development,Sprinkler,Cardamom,1211,0,Kharif,140
7638,RJ037,25.07,84.92,FLD07638,6207,Cardamom,Spice,Year-round,Mountain,185,44,187,6.7,0.82,Clay,22,8.4,2048,1764,743,1220,1511,19.8,19.8,61,5.2,1.15,0.65,0.71,0.02,0.61,0.59,0.6,0.67,0.71,0.71,0.52,0.51,0.25,0.25,147,Tuber development,Surface,Cardamom,383,0,Kharif,147
7640,AP008,8.49,81.49,FLD07640,8741,Cardamom,Spice,Year-round,Coastal,223,34,186,6.8,0.54,Sandy Clay,34,7.7,940,840,336,629,786,29.4,29.4,78,6.1,1.15,0.65,0.72,0.024,0.6,0.6,0.62,0.67,0.7,0.72,0.52,0.52,0.28,0.3,141,Reproductive,Surface,Cardamom,554,0,Kharif,141
7642,RJ034,18.52,88.23,FLD07642,11434,Cardamom,Spice,Year-round,Arid,303,32,207,6.1,0.58,Sandy,25,21.0,348,287,103,195,254,35.1,35.1,55,6.4,1.15,0.63,0.69,0.022,0.57,0.58,0.6,0.65,0.69,0.68,0.49,0.49,0.3,0.25,157,Mature,Drip,Cardamom,917,0,Kharif,157
7643,KA032,27.2,80.0,FLD07643,15872,Cardamom,Spice,Year-round,Mountain,277,31,174,7.5,0.76,Sandy Loam,33,12.4,1523,1293,404,929,1117,20.0,20.0,81,6.0,1.15,0.64,0.7,0.018,0.61,0.6,0.59,0.66,0.68,0.7,0.5,0.5,0.28,0.34,149,Grand growth,Drip,Cardamom,983,0,Kharif,149
7644,MP017,23.67,72.76,FLD07644,5407,Cardamom,Spice,Year-round,Semi-Arid,245,39,196,7.3,0.75,Loam,31,17.2,567,536,190,349,462,30.1,30.1,68,5.6,1.15,0.65,0.72,0.02,0.62,0.62,0.61,0.68,0.66,0.72,0.51,0.54,0.29,0.28,149,Tillering,Sprinkler,Cardamom,336,0,Kharif,149
7645,HR023,17.11,82.74,FLD07645,16327,Cardamom,Spice,Year-round,Coastal,201,31,184,5.8,0.96,Clay,35,11.1,2004,1757,777,1289,1541,28.9,28.9,77,5.1,1.15,0.64,0.69,0.024,0.57,0.61,0.62,0.68,0.67,0.69,0.48,0.53,0.3,0.25,160,Flush,Sprinkler,Cardamom,1071,0,Kharif,160
7646,GJ019,33.34,87.86,FLD07646,11641,Cardamom,Spice,Year-round,Mountain,208,36,226,7.6,0.77,Loam,24,9.4,2312,1915,815,1506,1813,17.6,17.6,73,6.1,1.15,0.64,0.71,0.026,0.57,0.6,0.6,0.64,0.71,0.7,0.48,0.5,0.32,0.24,142,Rhizome development,Drip,Cardamom,772,0,Kharif,142
7648,TN019,27.17,72.38,FLD07648,9627,Cardamom,Spice,Year-round,Sub-Humid,208,32,204,6.4,0.67,Clay,27,10.5,920,847,363,536,729,27.6,27.6,73,5.9,1.15,0.64,0.69,0.016,0.61,0.61,0.62,0.65,0.67,0.69,0.52,0.52,0.28,0.26,160,Tuber bulking,Surface,Cardamom,564,0,Kharif,160
7652,MH030,18.76,69.28,FLD07652,17689,Tea,Plantation,Year-round,Coastal,316,43,230,7.1,0.77,Clay Loam,20,7.5,2125,1878,790,1344,1741,29.9,29.9,73,5.5,1.2,0.68,0.73,0.012,0.64,0.65,0.66,0.69,0.73,0.7,0.54,0.54,0.28,0.32,145,Nut development,Sprinkler,Tea,2451,0,Kharif,145
7653,PB018,12.26,76.4,FLD07653,9835,Tea,Plantation,Year-round,Sub-Humid,317,30,233,6.6,0.71,Clay Loam,22,10.4,949,855,334,630,778,29.9,29.9,73,5.7,1.2,0.68,0.74,0.024,0.62,0.65,0.69,0.67,0.69,0.74,0.53,0.55,0.31,0.27,157,Fruiting,Surface,Tea,1310,0,Kharif,157
7655,TN047,28.04,92.58,FLD07655,11791,Tea,Plantation,Year-round,Mountain,240,32,198,7.2,0.58,Sandy Loam,23,11.9,2505,2350,734,1798,2119,24.0,24.0,63,6.3,1.2,0.69,0.75,0.02,0.65,0.66,0.66,0.72,0.72,0.75,0.56,0.57,0.23,0.3,142,Fruiting,Drip,Tea,1460,0,Kharif,142
7656,UP050,32.51,93.75,FLD07656,5543,Tea,Plantation,Year-round,Mountain,255,41,182,7.2,0.8,Sandy Clay,20,12.5,1852,1648,556,1153,1436,16.8,16.8,66,6.4,1.2,0.68,0.73,0.014,0.65,0.64,0.64,0.7,0.73,0.72,0.56,0.55,0.29,0.31,144,Nut development,Drip,Tea,714,0,Kharif,144
7658,KA016,15.89,77.4,FLD07658,18579,Tea,Plantation,Year-round,Plateau,252,31,237,7.5,0.92,Sandy,36,13.0,653,615,222,437,538,30.3,30.3,73,5.9,1.2,0.68,0.74,0.018,0.65,0.62,0.67,0.69,0.69,0.74,0.56,0.52,0.22,0.33,157,Bulbing,Drip,Tea,2319,0,Kharif,157
7659,RJ044,18.42,76.25,FLD07659,12298,Tea,Plantation,Year-round,Humid,319,42,187,7.2,0.78,Clay,34,8.5,2583,2177,955,1486,2042,25.1,25.1,76,5.7,1.2,0.69,0.74,0.006,0.67,0.65,0.67,0.7,0.74,0.7,0.56,0.56,0.29,0.25,159,Bulbing,Surface,Tea,1716,0,Kharif,159
7662,KA036,22.66,84.7,FLD07662,14983,Tea,Plantation,Year-round,Plateau,309,44,210,6.7,0.9,Clay,30,11.3,999,797,260,542,693,29.6,29.6,71,6.4,1.2,0.69,0.74,0.02,0.63,0.63,0.69,0.72,0.74,0.73,0.52,0.52,0.28,0.28,156,Tillering,Drip,Tea,2130,0,Kharif,156
7663,KA034,18.12,75.57,FLD07663,12182,Tea,Plantation,Year-round,Humid,228,44,221,6.8,0.93,Clay,24,8.2,2498,2143,948,1669,2033,26.0,26.0,75,6.4,1.2,0.68,0.75,0.016,0.67,0.62,0.65,0.71,0.69,0.75,0.56,0.52,0.27,0.26,154,Reproductive,Drip,Tea,1641,0,Kharif,154
7668,AP050,24.79,71.75,FLD07668,19422,Tea,Plantation,Year-round,Semi-Arid,310,47,232,6.3,0.6,Laterite,27,12.4,699,641,256,472,547,28.6,28.6,67,5.8,1.2,0.68,0.73,0.014,0.66,0.64,0.65,0.69,0.7,0.73,0.55,0.53,0.32,0.27,168,Bulbing,Drip,Tea,2535,0,Kharif,168
7670,MH003,31.24,76.13,FLD07670,9315,Tea,Plantation,Year-round,Mountain,186,42,189,6.6,0.91,Clay Loam,25,11.8,2217,1842,568,1228,1729,19.0,19.0,72,6.2,1.2,0.68,0.74,0.016,0.62,0.67,0.69,0.69,0.74,0.7,0.52,0.58,0.3,0.3,159,Bearing,Drip,Tea,1119,0,Kharif,159
7672,TN023,10.59,86.77,FLD07672,12555,Tea,Plantation,Year-round,Coastal,280,43,206,5.9,0.66,Laterite,28,11.7,2552,2031,836,1254,1912,30.5,30.5,78,5.8,1.2,0.67,0.74,0.016,0.63,0.64,0.65,0.68,0.74,0.71,0.53,0.55,0.3,0.27,151,Fruiting,Surface,Tea,1740,0,Kharif,151
7674,GJ024,20.03,84.26,FLD07674,14172,Tea,Plantation,Year-round,Coastal,315,29,180,6.0,0.89,Sandy,38,8.0,1881,1494,651,1066,1306,30.7,30.7,80,6.0,1.2,0.69,0.72,0.012,0.66,0.63,0.68,0.72,0.7,0.72,0.56,0.53,0.29,0.27,141,Boll formation,Surface,Tea,1734,0,Kharif,141
7675,AP039,27.2,88.16,FLD07675,16574,Tea,Plantation,Year-round,Sub-Humid,301,40,205,6.6,0.89,Clay,24,11.3,908,765,275,552,659,28.4,28.4,75,5.7,1.2,0.69,0.75,0.02,0.65,0.65,0.69,0.68,0.71,0.75,0.55,0.55,0.23,0.24,149,Flush,Sprinkler,Tea,2088,0,Kharif,149
7676,TN009,18.0,82.09,FLD07676,19149,Tea,Plantation,Year-round,Semi-Arid,308,49,176,5.9,0.81,Sandy,34,10.9,682,548,217,424,478,28.0,28.0,61,5.4,1.2,0.67,0.71,0.016,0.63,0.67,0.65,0.67,0.69,0.71,0.55,0.58,0.24,0.26,163,Fruiting,Drip,Tea,2436,0,Kharif,163
7678,HR018,19.14,87.47,FLD07678,7995,Tea,Plantation,Year-round,Coastal,235,44,214,6.5,0.76,Sandy Clay,27,8.3,1145,997,320,733,853,29.4,29.4,71,5.8,1.2,0.69,0.74,0.01,0.65,0.66,0.68,0.69,0.74,0.7,0.54,0.54,0.26,0.27,170,Grain filling,Sprinkler,Tea,1101,0,Kharif,170
7679,KA022,25.72,89.45,FLD07679,11048,Tea,Plantation,Year-round,Humid,281,42,203,6.1,0.93,Laterite,34,5.0,1663,1408,562,991,1247,26.0,26.0,76,5.8,1.2,0.68,0.74,0.024,0.62,0.64,0.66,0.7,0.73,0.74,0.52,0.55,0.27,0.23,160,Nut development,Sprinkler,Tea,1498,0,Kharif,160
7681,MP047,27.03,75.68,FLD07681,18297,Tea,Plantation,Year-round,Semi-Arid,246,28,171,6.9,0.58,Laterite,38,16.9,642,556,203,383,516,30.8,30.8,67,5.1,1.2,0.68,0.75,0.026,0.62,0.65,0.66,0.69,0.69,0.75,0.52,0.54,0.32,0.24,167,Flowering,Drip,Tea,2376,0,Kharif,167
7682,RJ044,26.44,89.74,FLD07682,19254,Tea,Plantation,Year-round,Mountain,194,41,232,6.3,0.67,Sandy Clay,34,7.4,1381,1199,527,920,1046,20.0,20.0,72,6.3,1.2,0.67,0.72,0.014,0.62,0.62,0.66,0.69,0.72,0.69,0.53,0.53,0.3,0.31,164,Flowering,Sprinkler,Tea,2424,0,Kharif,164
7683,PB005,25.95,80.82,FLD07683,13188,Tea,Plantation,Year-round,Sub-Humid,290,36,226,6.1,0.57,Loam,24,9.6,985,780,341,594,690,28.6,28.6,72,5.5,1.2,0.69,0.72,0.018,0.63,0.65,0.69,0.72,0.71,0.72,0.54,0.56,0.24,0.31,165,Reproductive,Sprinkler,Tea,1875,0,Kharif,165
7686,HR010,31.28,79.89,FLD07686,10959,Tea,Plantation,Year-round,Mountain,306,33,208,5.9,0.89,Laterite,36,9.4,2748,2559,959,1818,2381,19.5,19.5,72,5.1,1.2,0.68,0.73,0.018,0.61,0.66,0.67,0.71,0.73,0.7,0.53,0.57,0.3,0.28,154,Flush,Surface,Tea,1371,0,Kharif,154
7687,HR042,24.68,89.12,FLD07687,6545,Tea,Plantation,Year-round,Sub-Humid,248,39,180,6.0,0.6,Sandy Clay,31,11.7,1043,891,390,542,841,28.2,28.2,70,5.9,1.2,0.68,0.75,0.024,0.63,0.62,0.67,0.7,0.69,0.75,0.55,0.52,0.27,0.32,160,Bulbing,Sprinkler,Tea,861,0,Kharif,160
7688,RJ038,15.62,69.02,FLD07688,9397,Tea,Plantation,Year-round,Coastal,307,42,180,5.9,0.69,Sandy,29,6.7,1725,1383,417,856,1261,29.6,29.6,72,5.8,1.2,0.67,0.72,0.018,0.62,0.64,0.66,0.68,0.72,0.71,0.52,0.55,0.33,0.32,155,Tuber bulking,Surface,Tea,1161,0,Kharif,155
7693,PB014,31.07,77.68,FLD07693,19872,Tea,Plantation,Year-round,Mountain,319,34,200,6.2,0.84,Sandy Clay,34,14.8,2596,2058,853,1358,1927,23.7,23.7,79,6.1,1.2,0.68,0.71,0.014,0.64,0.62,0.67,0.71,0.71,0.71,0.54,0.53,0.27,0.31,169,Pod formation,Surface,Tea,2683,0,Kharif,169
7697,TN026,20.11,89.26,FLD07697,6662,Tea,Plantation,Year-round,Sub-Humid,272,29,199,6.3,0.91,Clay Loam,20,8.6,1086,841,308,575,797,27.9,27.9,70,6.2,1.2,0.69,0.72,0.016,0.63,0.67,0.69,0.72,0.71,0.71,0.54,0.58,0.32,0.31,160,Rhizome development,Sprinkler,Tea,796,0,Kharif,160
7699,TN001,19.73,70.15,FLD07699,7982,Tea,Plantation,Year-round,Humid,205,45,206,7.1,0.82,Clay Loam,21,6.0,2674,2453,1088,1935,2212,28.0,28.0,79,5.7,1.2,0.67,0.74,0.016,0.64,0.62,0.65,0.68,0.74,0.72,0.53,0.53,0.32,0.26,152,Boll formation,Surface,Tea,1007,0,Kharif,152
7702,MH029,18.44,70.23,FLD07702,8447,Tea,Plantation,Year-round,Humid,302,47,222,5.8,0.58,Sandy Clay,25,9.0,2892,2363,819,1850,2094,27.1,27.1,84,6.3,1.2,0.67,0.71,0.018,0.62,0.63,0.68,0.69,0.71,0.71,0.53,0.55,0.25,0.32,142,Boll formation,Drip,Tea,1174,0,Kharif,142
7705,KA013,26.32,94.7,FLD07705,13437,Tea,Plantation,Year-round,Mountain,252,43,237,6.1,0.51,Loam,31,13.6,1876,1624,697,1223,1464,23.0,23.0,79,5.5,1.2,0.68,0.73,0.02,0.63,0.65,0.66,0.73,0.69,0.73,0.52,0.54,0.25,0.29,144,Nut development,Surface,Tea,1815,0,Kharif,144
7707,MP042,25.29,77.01,FLD07707,13399,Tea,Plantation,Year-round,Mountain,264,39,201,7.2,0.87,Clay,33,13.5,2114,1927,694,1357,1719,24.4,24.4,61,6.1,1.2,0.68,0.74,0.02,0.64,0.64,0.67,0.69,0.7,0.74,0.56,0.54,0.25,0.24,156,Vegetative,Drip,Tea,1590,0,Kharif,156
7708,MH015,17.23,83.76,FLD07708,15392,Tea,Plantation,Year-round,Coastal,282,42,173,6.4,0.62,Sandy,28,6.3,1961,1533,515,1015,1324,28.2,28.2,70,5.2,1.2,0.68,0.73,0.008,0.65,0.62,0.68,0.7,0.73,0.69,0.56,0.52,0.24,0.24,147,Bulbing,Sprinkler,Tea,2070,0,Kharif,147
7710,PB048,21.78,81.35,FLD07710,19151,Tea,Plantation,Year-round,Semi-Arid,299,50,182,7.6,0.55,Sandy,30,14.7,584,543,197,385,498,31.9,31.9,60,5.6,1.2,0.69,0.74,0.018,0.65,0.66,0.64,0.72,0.71,0.74,0.57,0.57,0.3,0.23,143,Bearing,Drip,Tea,2489,0,Kharif,143
7711,KA014,13.53,72.39,FLD07711,13159,Tea,Plantation,Year-round,Coastal,307,33,215,7.7,0.76,Loam,35,11.6,1231,1064,465,766,975,29.3,29.3,72,5.8,1.2,0.68,0.73,0.014,0.65,0.66,0.64,0.68,0.73,0.72,0.56,0.57,0.3,0.28,161,Pod formation,Sprinkler,Tea,1681,0,Kharif,161
7712,MP023,12.17,75.5,FLD07712,12221,Tea,Plantation,Year-round,Plateau,198,52,181,7.5,0.8,Loam,22,8.6,690,545,237,354,487,30.1,30.1,68,5.6,1.2,0.69,0.73,0.012,0.65,0.65,0.68,0.72,0.73,0.71,0.55,0.55,0.23,0.24,170,Vegetative,Surface,Tea,1680,0,Kharif,170
7714,AP028,24.42,77.51,FLD07714,7534,Tea,Plantation,Year-round,Semi-Arid,250,28,232,7.5,0.51,Sandy,20,16.7,500,375,157,286,321,30.3,30.3,63,6.5,1.2,0.68,0.74,0.014,0.63,0.64,0.64,0.72,0.74,0.7,0.54,0.54,0.26,0.32,155,Bulbing,Drip,Tea,928,0,Kharif,155
7719,MH041,19.45,75.3,FLD07719,12295,Tea,Plantation,Year-round,Arid,205,51,177,6.2,0.89,Laterite,33,22.7,412,341,110,254,303,30.3,30.3,57,5.5,1.2,0.67,0.72,0.016,0.62,0.66,0.65,0.68,0.72,0.7,0.52,0.55,0.27,0.28,170,Grain filling,Drip,Tea,1664,0,Kharif,170
7724,AP007,29.95,75.07,FLD07724,12463,Tea,Plantation,Year-round,Arid,283,37,192,6.4,0.55,Laterite,22,18.9,377,293,92,220,268,34.7,34.7,51,5.5,1.2,0.67,0.72,0.012,0.63,0.66,0.64,0.7,0.72,0.69,0.55,0.56,0.29,0.24,157,Nut development,Sprinkler,Tea,1714,0,Kharif,157
7728,PB049,24.45,76.8,FLD07728,15797,Tea,Plantation,Year-round,Sub-Humid,275,44,211,6.8,0.76,Laterite,32,12.1,980,736,283,538,658,27.7,27.7,76,6.2,1.2,0.68,0.75,0.022,0.64,0.62,0.65,0.72,0.7,0.75,0.56,0.53,0.27,0.23,150,Bulbing,Drip,Tea,2182,0,Kharif,150
7731,RJ025,28.09,74.56,FLD07731,18333,Tea,Plantation,Year-round,Plateau,247,32,213,6.3,0.62,Sandy,37,11.8,1221,1088,348,731,995,31.4,31.4,74,5.3,1.2,0.68,0.73,0.016,0.65,0.64,0.64,0.72,0.72,0.73,0.54,0.56,0.26,0.32,157,Reproductive,Drip,Tea,2291,0,Kharif,157
7732,GJ020,13.95,82.66,FLD07732,16357,Tea,Plantation,Year-round,Plateau,190,28,226,5.8,0.77,Sandy,34,12.3,882,815,341,539,721,31.8,31.8,75,5.8,1.2,0.68,0.72,0.018,0.63,0.63,0.68,0.72,0.7,0.72,0.53,0.53,0.28,0.25,168,Vegetative,Drip,Tea,1934,0,Kharif,168
7737,MH003,26.89,92.98,FLD07737,13455,Tea,Plantation,Year-round,Mountain,249,35,223,6.9,0.93,Sandy Clay,20,8.1,1626,1439,497,970,1255,21.8,21.8,85,5.2,1.2,0.69,0.74,0.014,0.65,0.67,0.68,0.69,0.74,0.72,0.55,0.56,0.26,0.31,140,Flowering,Drip,Tea,1730,0,Kharif,140
7742,RJ050,17.01,73.64,FLD07742,9116,Tea,Plantation,Year-round,Plateau,189,49,178,6.6,0.76,Sandy Loam,26,8.9,947,738,245,569,635,31.7,31.7,73,6.3,1.2,0.68,0.74,0.016,0.66,0.65,0.65,0.67,0.73,0.74,0.57,0.55,0.22,0.25,158,Tillering,Surface,Tea,1231,0,Kharif,158
7743,TN027,22.45,89.72,FLD07743,6234,Tea,Plantation,Year-round,Arid,202,31,175,7.0,0.86,Laterite,33,23.5,474,374,130,235,324,30.6,30.6,50,6.4,1.2,0.68,0.73,0.024,0.61,0.65,0.66,0.68,0.73,0.73,0.52,0.56,0.27,0.3,142,Boll formation,Drip,Tea,745,0,Kharif,142
7745,RJ004,19.11,75.25,FLD07745,14079,Tea,Plantation,Year-round,Humid,314,31,209,6.9,0.92,Clay,36,7.6,2443,1870,652,1160,1653,28.3,28.3,82,5.6,1.2,0.68,0.71,0.014,0.64,0.63,0.69,0.71,0.71,0.71,0.54,0.55,0.33,0.31,146,Tuber bulking,Surface,Tea,1951,0,Kharif,146
7747,PB043,18.77,88.58,FLD07747,19601,Tea,Plantation,Year-round,Sub-Humid,212,52,200,7.2,0.5,Clay Loam,22,11.1,953,882,278,680,811,27.1,27.1,72,6.4,1.2,0.69,0.73,0.018,0.62,0.66,0.67,0.72,0.73,0.71,0.53,0.55,0.24,0.3,145,Flowering,Surface,Tea,2497,0,Kharif,145
7750,KA002,29.01,85.91,FLD07750,16258,Tea,Plantation,Year-round,Semi-Arid,298,28,172,7.1,0.67,Sandy Clay,32,17.4,545,456,165,351,417,29.1,29.1,61,6.4,1.2,0.67,0.71,0.02,0.61,0.62,0.67,0.7,0.7,0.71,0.53,0.53,0.25,0.28,156,Pod formation,Sprinkler,Tea,2141,0,Kharif,156
7751,PB021,12.35,70.55,FLD07751,13442,Tea,Plantation,Year-round,Coastal,197,31,219,6.2,0.97,Sandy,20,11.8,1595,1274,435,866,1201,30.4,30.4,77,5.1,1.2,0.67,0.73,0.022,0.62,0.63,0.64,0.72,0.7,0.73,0.52,0.52,0.24,0.33,166,Pod formation,Surface,Tea,1659,0,Kharif,166
7753,MH005,29.33,74.02,FLD07753,10144,Tea,Plantation,Year-round,Arid,209,28,197,6.9,0.64,Laterite,29,24.2,451,420,148,324,380,31.8,31.8,50,6.0,1.2,0.67,0.72,0.02,0.62,0.62,0.68,0.71,0.7,0.72,0.54,0.52,0.25,0.29,162,Rhizome development,Drip,Tea,1265,0,Kharif,162
7754,TN011,19.7,86.46,FLD07754,18260,Tea,Plantation,Year-round,Arid,185,46,218,7.4,0.97,Sandy,29,15.7,384,330,121,259,296,32.5,32.5,58,5.1,1.2,0.69,0.73,0.012,0.65,0.67,0.67,0.73,0.72,0.71,0.56,0.57,0.24,0.26,160,Bulbing,Drip,Tea,2501,0,Kharif,160
7755,MH048,16.47,73.95,FLD07755,5506,Tea,Plantation,Year-round,Coastal,220,33,185,6.1,0.8,Loam,21,8.6,1862,1708,609,1204,1515,29.4,29.4,71,6.2,1.2,0.68,0.73,0.012,0.66,0.65,0.65,0.67,0.73,0.72,0.55,0.56,0.24,0.29,166,Grain filling,Drip,Tea,721,0,Kharif,166
7757,UP031,23.33,76.07,FLD07757,8429,Tea,Plantation,Year-round,Sub-Humid,312,41,180,6.6,0.98,Laterite,21,9.7,1054,911,340,647,777,28.2,28.2,70,5.4,1.2,0.67,0.73,0.022,0.62,0.67,0.63,0.69,0.69,0.73,0.51,0.58,0.28,0.25,143,Bearing,Drip,Tea,1031,0,Kharif,143
7758,MH038,24.23,86.34,FLD07758,12897,Tea,Plantation,Year-round,Semi-Arid,183,41,191,7.5,0.65,Laterite,32,13.1,808,628,250,382,584,32.0,32.0,68,5.4,1.2,0.68,0.74,0.016,0.63,0.63,0.67,0.7,0.74,0.71,0.55,0.54,0.23,0.25,147,Boll formation,Drip,Tea,1505,0,Kharif,147
7759,AP026,16.18,81.01,FLD07759,5265,Tea,Plantation,Year-round,Plateau,243,37,237,7.5,0.86,Sandy Clay,30,11.5,844,675,228,469,576,30.9,30.9,68,5.5,1.2,0.69,0.71,0.008,0.66,0.67,0.69,0.71,0.69,0.7,0.58,0.55,0.22,0.31,165,Tuber development,Drip,Tea,647,0,Kharif,165
7760,UP037,19.95,78.4,FLD07760,14589,Tea,Plantation,Year-round,Semi-Arid,295,31,170,6.1,0.94,Sandy Clay,24,14.1,799,627,221,471,576,31.9,31.9,60,5.3,1.2,0.69,0.75,0.026,0.62,0.65,0.68,0.72,0.71,0.75,0.52,0.55,0.3,0.28,158,Tillering,Drip,Tea,1760,0,Kharif,158
7764,MP042,23.69,75.58,FLD07764,6308,Tea,Plantation,Year-round,Semi-Arid,218,48,228,7.7,0.86,Sandy,26,12.1,768,688,299,423,606,30.1,30.1,66,5.5,1.2,0.68,0.71,0.014,0.64,0.65,0.69,0.67,0.7,0.71,0.53,0.53,0.25,0.23,150,Tuber development,Drip,Tea,839,0,Kharif,150
7765,AP026,27.72,87.53,FLD07765,12891,Tea,Plantation,Year-round,Sub-Humid,280,50,174,6.5,0.67,Sandy,27,9.6,864,797,284,525,685,28.8,28.8,76,6.4,1.2,0.68,0.73,0.02,0.63,0.62,0.69,0.7,0.7,0.73,0.55,0.52,0.32,0.23,140,Fruiting,Sprinkler,Tea,1631,0,Kharif,140
7768,GJ011,12.06,73.76,FLD07768,10804,Tea,Plantation,Year-round,Coastal,304,42,201,7.4,0.65,Clay Loam,33,9.7,1760,1532,618,1102,1431,29.2,29.2,76,5.6,1.2,0.68,0.73,0.016,0.65,0.63,0.66,0.72,0.7,0.73,0.54,0.52,0.24,0.29,145,Rhizome development,Surface,Tea,1404,0,Kharif,145
7771,GJ011,11.46,81.94,FLD07771,7849,Tea,Plantation,Year-round,Arid,236,47,175,7.4,0.95,Sandy,37,16.2,339,285,122,175,251,30.4,30.4,49,6.0,1.2,0.69,0.74,0.016,0.63,0.63,0.67,0.73,0.74,0.71,0.53,0.53,0.28,0.3,158,Bulbing,Drip,Tea,1205,0,Kharif,158
7775,HR030,27.05,78.22,FLD07775,17499,Tea,Plantation,Year-round,Sub-Humid,212,49,207,7.3,0.66,Clay,23,10.3,1031,924,289,718,804,29.8,29.8,68,6.0,1.2,0.68,0.74,0.012,0.66,0.63,0.67,0.68,0.74,0.72,0.55,0.55,0.31,0.3,164,Bulbing,Sprinkler,Tea,2352,0,Kharif,164
7777,GJ032,27.38,86.15,FLD07777,6780,Tea,Plantation,Year-round,Mountain,262,46,173,7.3,0.8,Clay Loam,22,12.4,2876,2433,866,1920,2212,16.4,16.4,62,5.8,1.2,0.68,0.75,0.024,0.63,0.62,0.68,0.69,0.73,0.75,0.52,0.51,0.32,0.26,161,Grand growth,Surface,Tea,875,0,Kharif,161
7778,UP037,11.74,80.77,FLD07778,9757,Tea,Plantation,Year-round,Coastal,223,35,228,7.2,0.91,Sandy Loam,35,10.9,1286,991,316,638,937,29.2,29.2,82,5.7,1.2,0.69,0.74,0.016,0.65,0.64,0.66,0.69,0.74,0.73,0.54,0.55,0.25,0.26,153,Fruiting,Surface,Tea,1327,0,Kharif,153
7780,MP017,21.62,71.82,FLD07780,19657,Tea,Plantation,Year-round,Sub-Humid,294,42,183,5.8,0.82,Clay,36,11.8,1085,882,279,700,792,29.1,29.1,68,6.0,1.2,0.68,0.73,0.022,0.61,0.65,0.69,0.69,0.73,0.72,0.52,0.54,0.33,0.27,150,Bearing,Sprinkler,Tea,2706,0,Kharif,150
7781,TN028,18.18,79.0,FLD07781,6537,Tea,Plantation,Year-round,Coastal,297,30,205,7.4,0.83,Loam,37,7.2,1460,1258,457,779,1102,30.0,30.0,73,5.3,1.2,0.69,0.73,0.01,0.65,0.66,0.67,0.72,0.73,0.7,0.54,0.55,0.25,0.23,149,Boll formation,Sprinkler,Tea,826,0,Kharif,149
7783,RJ033,30.01,92.64,FLD07783,6548,Tea,Plantation,Year-round,Mountain,264,28,240,7.1,0.62,Sandy Loam,21,7.1,2692,2175,777,1349,1958,16.5,16.5,70,6.2,1.2,0.68,0.74,0.024,0.61,0.66,0.68,0.68,0.74,0.73,0.51,0.54,0.29,0.27,157,Reproductive,Drip,Tea,884,0,Kharif,157
7785,PB014,21.15,73.72,FLD07785,18914,Tea,Plantation,Year-round,Humid,272,49,186,6.5,0.95,Clay,28,9.0,3155,2689,1025,1669,2456,26.2,26.2,82,5.6,1.2,0.68,0.73,0.022,0.62,0.65,0.64,0.73,0.73,0.73,0.53,0.56,0.32,0.28,147,Nut development,Drip,Tea,2330,0,Kharif,147
7792,MH030,20.24,84.27,FLD07792,17036,Tea,Plantation,Year-round,Coastal,289,45,231,7.2,0.62,Loam,28,7.1,1067,869,372,551,822,30.0,30.0,70,6.1,1.2,0.69,0.73,0.014,0.65,0.66,0.68,0.69,0.73,0.72,0.55,0.55,0.32,0.23,157,Grand growth,Sprinkler,Tea,2403,0,Kharif,157
7797,GJ042,15.48,72.36,FLD07797,15000,Tea,Plantation,Year-round,Semi-Arid,234,39,207,6.9,0.73,Sandy Loam,22,15.5,675,611,271,390,577,28.6,28.6,60,5.0,1.2,0.68,0.73,0.018,0.64,0.67,0.68,0.67,0.7,0.73,0.56,0.56,0.29,0.31,170,Pod formation,Drip,Tea,1817,0,Kharif,170
7798,AP037,18.55,77.37,FLD07798,5176,Tea,Plantation,Year-round,Plateau,180,49,178,6.6,0.79,Laterite,33,8.8,685,628,195,378,566,26.2,26.2,71,5.2,1.2,0.67,0.71,0.016,0.63,0.62,0.65,0.69,0.71,0.71,0.54,0.54,0.3,0.24,149,Flowering,Drip,Tea,651,0,Kharif,149
7799,PB009,12.67,73.44,FLD07799,12988,Tea,Plantation,Year-round,Plateau,227,43,236,6.2,0.65,Sandy Loam,23,8.8,1001,772,331,481,678,29.4,29.4,64,5.5,1.2,0.68,0.73,0.012,0.63,0.66,0.67,0.7,0.73,0.69,0.52,0.56,0.26,0.25,158,Vegetative,Drip,Tea,1690,0,Kharif,158
7802,MH023,28.17,94.13,FLD07802,19014,Coffee,Plantation,Year-round,Mountain,189,33,221,6.4,0.5,Sandy Clay,28,9.0,3021,2366,1027,1629,2043,23.7,23.7,60,6.1,1.18,0.68,0.73,0.016,0.65,0.66,0.64,0.69,0.71,0.73,0.57,0.55,0.31,0.29,145,Grand growth,Drip,Coffee,2660,0,Kharif,145
7803,GJ035,25.91,89.59,FLD07803,11169,Coffee,Plantation,Year-round,Humid,235,32,228,7.7,0.65,Sandy Clay,25,5.8,3037,2488,953,1886,2338,25.8,25.8,83,5.5,1.18,0.67,0.73,0.02,0.63,0.66,0.63,0.68,0.72,0.73,0.52,0.54,0.25,0.3,157,Vegetative,Surface,Coffee,1392,0,Kharif,157
7808,TN005,16.38,86.11,FLD07808,17332,Coffee,Plantation,Year-round,Semi-Arid,276,42,202,5.9,0.75,Clay,25,12.9,605,514,175,392,472,29.4,29.4,56,5.3,1.18,0.69,0.74,0.018,0.65,0.62,0.67,0.71,0.74,0.74,0.57,0.51,0.32,0.29,162,Pod formation,Sprinkler,Coffee,2444,0,Kharif,162
7810,RJ031,18.91,71.7,FLD07810,16535,Coffee,Plantation,Year-round,Semi-Arid,320,48,240,6.3,0.51,Sandy Clay,27,10.2,812,707,243,490,640,29.3,29.3,67,5.5,1.18,0.68,0.75,0.016,0.67,0.63,0.64,0.72,0.69,0.75,0.55,0.55,0.29,0.31,169,Fruiting,Sprinkler,Coffee,2326,0,Kharif,169
7811,UP026,25.3,80.09,FLD07811,5709,Coffee,Plantation,Year-round,Mountain,205,50,193,6.7,0.66,Sandy,33,9.3,2654,2506,1029,1971,2244,17.8,17.8,63,5.4,1.18,0.67,0.72,0.018,0.62,0.63,0.66,0.71,0.72,0.71,0.54,0.53,0.27,0.28,154,Pod formation,Surface,Coffee,787,0,Kharif,154
7814,UP014,21.8,72.68,FLD07814,14980,Coffee,Plantation,Year-round,Humid,198,52,229,7.7,0.66,Clay Loam,26,9.1,2650,2217,736,1630,2026,26.0,26.0,82,6.2,1.18,0.69,0.74,0.018,0.65,0.65,0.69,0.7,0.7,0.74,0.55,0.55,0.25,0.29,152,Bearing,Sprinkler,Coffee,2001,0,Kharif,152
7816,MH019,21.64,74.37,FLD07816,15452,Coffee,Plantation,Year-round,Semi-Arid,287,52,214,6.1,0.82,Sandy Loam,29,12.5,766,580,199,461,529,29.3,29.3,56,6.5,1.18,0.68,0.74,0.02,0.64,0.64,0.63,0.71,0.7,0.74,0.54,0.55,0.32,0.23,140,Bulbing,Drip,Coffee,2063,0,Kharif,140
7817,GJ033,19.75,85.13,FLD07817,19957,Coffee,Plantation,Year-round,Coastal,292,33,205,6.6,0.54,Sandy Clay,28,9.4,1413,1085,399,782,963,30.4,30.4,74,5.8,1.18,0.68,0.74,0.01,0.66,0.62,0.66,0.71,0.74,0.71,0.57,0.53,0.25,0.32,157,Mature,Drip,Coffee,2959,0,Kharif,157
7818,UP044,15.48,78.7,FLD07818,10839,Coffee,Plantation,Year-round,Coastal,269,40,227,6.9,0.61,Laterite,37,7.8,1988,1662,738,1279,1535,29.6,29.6,80,6.0,1.18,0.68,0.72,0.01,0.64,0.65,0.69,0.72,0.7,0.69,0.55,0.56,0.27,0.24,146,Tuber development,Sprinkler,Coffee,1595,0,Kharif,146
7825,TN050,10.0,81.09,FLD07825,11111,Coffee,Plantation,Year-round,Sub-Humid,215,47,212,7.2,0.76,Loam,27,10.6,936,758,302,596,682,29.1,29.1,71,6.4,1.18,0.69,0.74,0.014,0.65,0.66,0.64,0.7,0.74,0.72,0.57,0.56,0.31,0.28,158,Rhizome development,Sprinkler,Coffee,1549,0,Kharif,158
7826,PB024,25.57,75.51,FLD07826,17361,Coffee,Plantation,Year-round,Sub-Humid,201,29,190,7.1,0.57,Sandy Clay,22,9.5,1077,818,345,544,769,27.6,27.6,72,5.4,1.18,0.68,0.73,0.022,0.62,0.66,0.66,0.7,0.71,0.73,0.51,0.55,0.25,0.29,143,Rhizome development,Drip,Coffee,2183,0,Kharif,143
7828,TN043,10.18,84.81,FLD07828,11582,Coffee,Plantation,Year-round,Plateau,200,34,225,6.0,0.57,Clay Loam,27,14.3,1148,1030,436,697,933,26.9,26.9,70,5.2,1.18,0.68,0.73,0.016,0.65,0.65,0.65,0.7,0.72,0.73,0.54,0.55,0.25,0.3,152,Tuber development,Sprinkler,Coffee,1614,0,Kharif,152
7829,MH016,8.46,87.44,FLD07829,19944,Coffee,Plantation,Year-round,Coastal,240,46,204,7.7,0.59,Sandy Loam,31,8.9,1610,1362,551,1000,1195,30.3,30.3,72,5.9,1.18,0.69,0.74,0.022,0.63,0.64,0.67,0.69,0.74,0.74,0.52,0.56,0.3,0.27,152,Nut development,Sprinkler,Coffee,2925,0,Kharif,152
7831,KA012,12.24,83.84,FLD07831,19904,Coffee,Plantation,Year-round,Coastal,252,48,208,7.2,0.61,Sandy,37,10.9,2302,1791,784,1289,1568,28.5,28.5,71,6.0,1.18,0.68,0.72,0.014,0.65,0.65,0.64,0.71,0.7,0.72,0.54,0.56,0.24,0.27,141,Grand growth,Surface,Coffee,2683,0,Kharif,141
7836,MH019,28.92,71.47,FLD07836,11908,Coffee,Plantation,Year-round,Plateau,290,46,178,6.2,0.57,Loam,38,8.9,1142,953,401,707,903,30.8,30.8,76,6.2,1.18,0.68,0.74,0.018,0.65,0.63,0.67,0.7,0.69,0.74,0.56,0.52,0.25,0.32,155,Mature,Drip,Coffee,1707,0,Kharif,155
7840,RJ021,21.86,84.29,FLD07840,9744,Coffee,Plantation,Year-round,Semi-Arid,252,32,237,5.9,0.63,Loam,20,15.0,602,512,221,362,455,30.4,30.4,68,6.3,1.18,0.68,0.73,0.012,0.65,0.66,0.65,0.73,0.69,0.71,0.54,0.58,0.29,0.23,163,Tuber development,Sprinkler,Coffee,1398,0,Kharif,163
7841,GJ037,16.27,76.74,FLD07841,7179,Coffee,Plantation,Year-round,Coastal,258,37,221,7.0,0.58,Sandy Loam,30,11.8,2487,2220,740,1429,2070,28.7,28.7,74,6.2,1.18,0.67,0.74,0.022,0.61,0.64,0.65,0.67,0.74,0.72,0.54,0.54,0.29,0.28,143,Flush,Surface,Coffee,1022,0,Kharif,143
7844,TN031,10.52,73.62,FLD07844,5488,Coffee,Plantation,Year-round,Plateau,191,28,204,6.5,0.98,Sandy Loam,33,9.7,896,703,227,524,664,28.0,28.0,62,5.4,1.18,0.68,0.72,0.018,0.63,0.67,0.64,0.7,0.71,0.72,0.54,0.55,0.32,0.23,151,Boll formation,Surface,Coffee,668,0,Kharif,151
7847,RJ040,25.72,76.08,FLD07847,19378,Coffee,Plantation,Year-round,Sub-Humid,271,28,209,7.0,0.92,Sandy Loam,36,11.2,935,721,266,534,627,28.2,28.2,72,5.3,1.18,0.69,0.74,0.02,0.63,0.64,0.65,0.73,0.74,0.73,0.52,0.56,0.24,0.31,161,Vegetative,Surface,Coffee,2570,0,Kharif,161
7849,UP016,20.42,86.07,FLD07849,6591,Coffee,Plantation,Year-round,Coastal,280,38,227,6.8,0.55,Sandy Clay,37,6.7,1453,1253,487,876,1102,28.3,28.3,76,6.1,1.18,0.68,0.73,0.008,0.66,0.67,0.65,0.69,0.73,0.7,0.57,0.56,0.25,0.3,141,Flush,Surface,Coffee,904,0,Kharif,141
7850,TN041,28.05,87.28,FLD07850,15017,Coffee,Plantation,Year-round,Humid,301,36,187,6.5,0.84,Clay Loam,36,6.7,2516,1918,576,1405,1676,27.9,27.9,83,6.0,1.18,0.69,0.74,0.024,0.61,0.63,0.69,0.72,0.74,0.73,0.53,0.55,0.31,0.24,142,Reproductive,Surface,Coffee,2055,0,Kharif,142
7851,TN010,26.48,89.69,FLD07851,16551,Coffee,Plantation,Year-round,Mountain,213,29,199,7.1,0.89,Sandy Clay,29,9.3,2292,2103,884,1661,1959,24.8,24.8,62,5.4,1.18,0.69,0.74,0.02,0.64,0.63,0.67,0.73,0.72,0.74,0.53,0.53,0.26,0.24,157,Rhizome development,Sprinkler,Coffee,2246,0,Kharif,157
7854,GJ043,20.84,82.78,FLD07854,9029,Coffee,Plantation,Year-round,Plateau,255,36,177,7.2,0.72,Sandy Loam,36,10.6,1203,941,354,640,826,30.8,30.8,63,5.5,1.18,0.68,0.74,0.022,0.63,0.62,0.67,0.72,0.71,0.74,0.54,0.54,0.33,0.24,142,Bearing,Sprinkler,Coffee,1197,0,Kharif,142
7857,MP022,27.57,74.35,FLD07857,19104,Coffee,Plantation,Year-round,Arid,316,34,181,6.7,0.74,Laterite,32,18.9,447,421,180,274,372,31.7,31.7,46,6.0,1.18,0.67,0.73,0.018,0.61,0.63,0.66,0.71,0.73,0.7,0.52,0.53,0.32,0.24,166,Pod formation,Sprinkler,Coffee,2514,0,Kharif,166
7858,MP024,22.02,79.13,FLD07858,13313,Coffee,Plantation,Year-round,Sub-Humid,262,51,179,5.8,0.78,Sandy,20,10.5,954,807,313,638,714,29.8,29.8,76,5.3,1.18,0.68,0.71,0.012,0.65,0.66,0.67,0.68,0.7,0.71,0.56,0.56,0.3,0.29,150,Vegetative,Sprinkler,Coffee,1823,0,Kharif,150
7859,KA008,11.53,79.07,FLD07859,17066,Coffee,Plantation,Year-round,Plateau,268,41,170,7.2,0.82,Clay,25,8.7,729,597,266,420,524,29.0,29.0,68,5.4,1.18,0.69,0.74,0.02,0.64,0.66,0.68,0.7,0.73,0.74,0.54,0.58,0.31,0.25,163,Tuber bulking,Surface,Coffee,2166,0,Kharif,163
7860,KA003,18.57,83.21,FLD07860,19807,Coffee,Plantation,Year-round,Sub-Humid,234,39,176,7.8,0.67,Laterite,24,9.8,1163,1098,426,857,967,27.5,27.5,69,5.8,1.18,0.68,0.73,0.02,0.63,0.61,0.69,0.67,0.73,0.73,0.54,0.52,0.32,0.33,165,Tillering,Sprinkler,Coffee,2847,0,Kharif,165
7862,UP017,26.59,80.14,FLD07862,18362,Coffee,Plantation,Year-round,Mountain,272,32,204,6.5,0.9,Sandy,28,14.1,1839,1742,719,1081,1560,17.3,17.3,83,5.2,1.18,0.67,0.72,0.02,0.62,0.65,0.66,0.68,0.69,0.72,0.51,0.56,0.27,0.23,166,Mature,Surface,Coffee,2347,0,Kharif,166
7864,MP024,22.25,74.72,FLD07864,13014,Coffee,Plantation,Year-round,Semi-Arid,226,36,217,6.3,0.51,Sandy Clay,30,15.6,556,466,145,370,437,28.9,28.9,65,5.1,1.18,0.68,0.75,0.026,0.62,0.62,0.68,0.7,0.7,0.75,0.52,0.52,0.29,0.33,146,Bearing,Drip,Coffee,1897,0,Kharif,146
7866,MH005,14.38,88.21,FLD07866,8809,Coffee,Plantation,Year-round,Semi-Arid,190,44,221,6.6,0.63,Sandy,28,15.7,530,429,132,320,366,30.8,30.8,58,5.0,1.18,0.68,0.71,0.008,0.66,0.63,0.69,0.71,0.71,0.7,0.58,0.55,0.28,0.31,163,Grain filling,Drip,Coffee,1211,0,Kharif,163
7867,UP046,33.21,93.37,FLD07867,16124,Coffee,Plantation,Year-round,Mountain,197,50,232,7.7,0.81,Clay Loam,22,14.3,3088,2672,857,2006,2317,24.7,24.7,75,6.3,1.18,0.68,0.71,0.018,0.62,0.66,0.68,0.7,0.7,0.71,0.54,0.57,0.31,0.26,157,Nut development,Drip,Coffee,2286,0,Kharif,157
7869,MH012,21.04,81.27,FLD07869,7615,Coffee,Plantation,Year-round,Plateau,224,52,212,6.4,0.52,Loam,37,11.4,781,670,224,435,597,26.2,26.2,64,5.3,1.18,0.67,0.71,0.018,0.62,0.62,0.67,0.71,0.71,0.71,0.53,0.53,0.28,0.28,157,Boll formation,Drip,Coffee,1067,0,Kharif,157
7873,HR040,24.26,86.79,FLD07873,5615,Coffee,Plantation,Year-round,Plateau,281,39,194,7.5,0.81,Clay Loam,31,12.5,964,833,330,550,712,27.7,27.7,76,5.9,1.18,0.68,0.73,0.018,0.63,0.63,0.68,0.69,0.73,0.72,0.55,0.52,0.26,0.28,151,Flowering,Drip,Coffee,810,0,Kharif,151
7879,PB005,21.73,82.49,FLD07879,7330,Coffee,Plantation,Year-round,Plateau,275,34,236,6.1,0.87,Sandy Loam,26,14.5,690,529,192,366,463,31.2,31.2,76,5.7,1.18,0.67,0.73,0.022,0.62,0.63,0.64,0.69,0.72,0.73,0.54,0.54,0.33,0.26,145,Flush,Sprinkler,Coffee,938,0,Kharif,145
7882,MP036,31.49,94.63,FLD07882,12873,Coffee,Plantation,Year-round,Mountain,187,47,171,6.5,0.59,Clay,35,10.1,2203,1856,719,1356,1729,16.9,16.9,64,6.0,1.18,0.69,0.72,0.014,0.65,0.67,0.67,0.68,0.72,0.72,0.56,0.59,0.32,0.24,142,Boll formation,Surface,Coffee,1820,0,Kharif,142
7883,UP041,28.66,72.67,FLD07883,10921,Coffee,Plantation,Year-round,Sub-Humid,197,39,239,6.7,0.97,Clay,29,12.5,1189,972,418,762,877,29.3,29.3,76,5.2,1.18,0.68,0.71,0.018,0.61,0.65,0.69,0.71,0.7,0.7,0.52,0.55,0.26,0.3,169,Tuber development,Drip,Coffee,1499,0,Kharif,169
7885,MH023,16.78,86.37,FLD07885,13101,Coffee,Plantation,Year-round,Arid,254,38,235,6.3,0.69,Sandy Loam,38,23.1,488,422,179,278,359,34.3,34.3,53,5.5,1.18,0.68,0.72,0.01,0.66,0.65,0.66,0.7,0.72,0.71,0.57,0.56,0.29,0.23,168,Tillering,Drip,Coffee,1780,0,Kharif,168
7886,MP035,16.63,79.09,FLD07886,9899,Coffee,Plantation,Year-round,Semi-Arid,293,30,209,7.0,0.62,Laterite,33,15.2,792,702,305,434,637,29.1,29.1,61,5.7,1.18,0.68,0.73,0.024,0.61,0.62,0.68,0.71,0.73,0.73,0.52,0.53,0.33,0.27,160,Mature,Sprinkler,Coffee,1421,0,Kharif,160
7888,KA031,20.75,70.15,FLD07888,15382,Coffee,Plantation,Year-round,Semi-Arid,304,33,227,7.4,0.57,Sandy Loam,27,11.0,823,760,259,540,665,31.1,31.1,62,5.3,1.18,0.66,0.71,0.016,0.62,0.63,0.63,0.68,0.71,0.7,0.52,0.55,0.24,0.31,166,Tuber development,Drip,Coffee,2178,0,Kharif,166
7889,HR003,24.87,70.43,FLD07889,17943,Coffee,Plantation,Year-round,Sub-Humid,267,52,193,6.0,0.68,Sandy Clay,28,12.7,1168,1087,333,855,1016,29.6,29.6,69,5.1,1.18,0.67,0.72,0.018,0.63,0.65,0.65,0.67,0.71,0.72,0.55,0.54,0.31,0.31,152,Mature,Surface,Coffee,2304,0,Kharif,152
7891,MP024,28.69,77.29,FLD07891,19594,Coffee,Plantation,Year-round,Semi-Arid,278,28,179,6.7,0.77,Sandy Clay,36,15.8,676,571,250,448,506,31.5,31.5,57,5.8,1.18,0.68,0.73,0.018,0.64,0.64,0.67,0.7,0.7,0.73,0.53,0.56,0.27,0.28,143,Grand growth,Sprinkler,Coffee,2587,0,Kharif,143
7892,MH019,23.21,71.07,FLD07892,16789,Coffee,Plantation,Year-round,Plateau,189,37,199,7.6,0.72,Sandy Loam,38,13.8,1291,974,312,767,865,31.6,31.6,74,5.0,1.18,0.68,0.72,0.008,0.66,0.64,0.64,0.7,0.72,0.7,0.55,0.54,0.32,0.31,170,Grain filling,Sprinkler,Coffee,2103,0,Kharif,170
7893,GJ028,25.92,79.77,FLD07893,5493,Coffee,Plantation,Year-round,Mountain,308,46,195,7.2,0.93,Sandy Loam,24,12.6,3073,2491,886,1845,2131,19.0,19.0,73,5.6,1.18,0.68,0.75,0.016,0.67,0.64,0.64,0.67,0.72,0.75,0.59,0.56,0.22,0.27,161,Tillering,Sprinkler,Coffee,832,0,Kharif,161
7894,UP013,27.1,75.3,FLD07894,8121,Coffee,Plantation,Year-round,Semi-Arid,266,48,239,7.7,0.63,Clay,27,17.4,710,613,189,483,577,29.4,29.4,58,6.1,1.18,0.7,0.75,0.018,0.66,0.64,0.68,0.72,0.74,0.75,0.57,0.55,0.29,0.3,169,Tuber development,Drip,Coffee,1148,0,Kharif,169
7896,MH013,27.79,78.43,FLD07896,10138,Coffee,Plantation,Year-round,Mountain,199,41,206,7.3,0.91,Clay Loam,37,10.1,2110,1750,707,1060,1528,20.3,20.3,66,5.4,1.18,0.67,0.73,0.018,0.64,0.65,0.63,0.68,0.72,0.73,0.55,0.56,0.26,0.26,140,Boll formation,Surface,Coffee,1302,0,Kharif,140
7897,GJ017,14.76,80.44,FLD07897,8169,Coffee,Plantation,Year-round,Sub-Humid,256,29,233,6.7,0.87,Loam,28,12.2,1191,1001,315,735,949,28.1,28.1,73,6.0,1.18,0.68,0.72,0.012,0.66,0.63,0.66,0.71,0.72,0.72,0.55,0.53,0.27,0.24,168,Nut development,Drip,Coffee,1147,0,Kharif,168
7898,PB015,28.99,73.7,FLD07898,7039,Coffee,Plantation,Year-round,Sub-Humid,240,34,230,6.0,0.82,Sandy Clay,38,9.3,946,711,304,533,631,28.1,28.1,71,5.5,1.18,0.7,0.74,0.018,0.65,0.67,0.67,0.72,0.73,0.74,0.54,0.58,0.28,0.22,169,Bearing,Drip,Coffee,1071,0,Kharif,169
7900,AP029,28.77,84.84,FLD07900,11097,Coffee,Plantation,Year-round,Sub-Humid,229,38,203,6.2,0.84,Loam,32,9.7,1036,822,331,652,722,28.6,28.6,69,5.4,1.18,0.68,0.73,0.022,0.62,0.66,0.64,0.72,0.7,0.73,0.51,0.57,0.3,0.25,169,Rhizome development,Drip,Coffee,1567,0,Kharif,169
7902,KA022,15.27,70.76,FLD07902,19691,Coffee,Plantation,Year-round,Plateau,302,36,230,6.6,0.52,Sandy Loam,31,10.3,691,617,251,423,541,27.4,27.4,74,6.4,1.18,0.68,0.74,0.014,0.67,0.63,0.68,0.68,0.7,0.74,0.58,0.55,0.23,0.29,147,Tillering,Sprinkler,Coffee,2942,0,Kharif,147
7904,RJ010,24.25,82.85,FLD07904,9440,Coffee,Plantation,Year-round,Arid,245,31,179,7.1,0.91,Sandy,36,23.6,321,252,83,158,224,30.8,30.8,52,5.1,1.18,0.68,0.74,0.022,0.63,0.62,0.68,0.68,0.72,0.74,0.54,0.54,0.28,0.31,152,Fruiting,Sprinkler,Coffee,1464,0,Kharif,152
7906,TN048,11.45,88.11,FLD07906,11280,Coffee,Plantation,Year-round,Coastal,207,37,202,7.6,0.96,Sandy,33,11.6,2346,1827,767,1208,1571,29.8,29.8,73,6.3,1.18,0.68,0.73,0.022,0.62,0.64,0.67,0.72,0.7,0.73,0.54,0.56,0.25,0.3,145,Flowering,Sprinkler,Coffee,1392,0,Kharif,145
7907,UP044,33.73,93.38,FLD07907,8834,Coffee,Plantation,Year-round,Mountain,297,29,237,7.1,0.72,Sandy Loam,25,9.8,1012,780,262,501,693,20.3,20.3,63,6.5,1.18,0.67,0.71,0.012,0.63,0.65,0.68,0.68,0.71,0.69,0.55,0.53,0.29,0.24,154,Tuber bulking,Drip,Coffee,1304,0,Kharif,154
7908,AP049,21.95,78.59,FLD07908,13198,Coffee,Plantation,Year-round,Humid,293,32,172,6.4,0.83,Sandy,30,6.9,1996,1786,599,1306,1602,28.2,28.2,77,5.1,1.18,0.69,0.74,0.016,0.66,0.64,0.67,0.68,0.72,0.74,0.57,0.56,0.25,0.32,158,Grain filling,Sprinkler,Coffee,1782,0,Kharif,158
7909,MP020,18.54,75.08,FLD07909,12698,Coffee,Plantation,Year-round,Coastal,230,48,199,7.7,0.91,Sandy Loam,31,10.9,1297,1010,368,608,958,30.6,30.6,75,5.2,1.18,0.67,0.73,0.008,0.65,0.62,0.64,0.69,0.73,0.69,0.55,0.52,0.3,0.31,164,Tillering,Sprinkler,Coffee,1874,0,Kharif,164
7912,UP003,14.66,78.09,FLD07912,16775,Coffee,Plantation,Year-round,Humid,219,42,238,7.3,0.74,Sandy Clay,38,6.8,2248,1914,759,1269,1721,25.9,25.9,78,5.8,1.18,0.68,0.72,0.014,0.65,0.62,0.68,0.71,0.71,0.72,0.55,0.52,0.26,0.25,141,Grand growth,Sprinkler,Coffee,2449,0,Kharif,141
7916,AP019,29.41,82.81,FLD07916,11676,Coffee,Plantation,Year-round,Semi-Arid,182,48,218,6.5,0.52,Loam,30,18.0,626,566,218,392,523,28.4,28.4,67,5.3,1.18,0.67,0.73,0.02,0.63,0.62,0.68,0.67,0.7,0.73,0.53,0.53,0.25,0.29,161,Tillering,Drip,Coffee,1600,0,Kharif,161
7920,UP040,23.52,81.24,FLD07920,19843,Coffee,Plantation,Year-round,Semi-Arid,302,48,232,6.9,0.83,Clay Loam,37,13.8,591,463,163,309,409,28.9,28.9,57,6.3,1.18,0.68,0.74,0.026,0.61,0.66,0.65,0.7,0.7,0.74,0.52,0.56,0.25,0.31,149,Flowering,Drip,Coffee,3003,0,Kharif,149
7922,MH006,22.99,78.56,FLD07922,10999,Coffee,Plantation,Year-round,Sub-Humid,315,37,215,7.7,0.92,Clay,37,10.3,1041,967,295,592,831,27.6,27.6,75,5.3,1.18,0.68,0.73,0.02,0.63,0.64,0.65,0.71,0.72,0.73,0.53,0.56,0.3,0.27,142,Flush,Sprinkler,Coffee,1668,0,Kharif,142
7925,HR050,16.82,73.75,FLD07925,6291,Coffee,Plantation,Year-round,Arid,280,40,178,6.3,0.92,Clay Loam,28,22.3,315,239,88,175,204,35.2,35.2,51,6.1,1.18,0.69,0.73,0.014,0.66,0.64,0.68,0.69,0.73,0.73,0.55,0.55,0.28,0.25,147,Grand growth,Sprinkler,Coffee,1207,100,Kharif,147
7928,AP017,19.66,73.16,FLD07928,8230,Coffee,Plantation,Year-round,Arid,202,44,207,7.7,0.52,Clay,29,17.3,253,201,66,135,183,30.5,30.5,50,5.2,1.18,0.68,0.74,0.024,0.62,0.62,0.69,0.71,0.69,0.74,0.53,0.53,0.33,0.33,160,Grand growth,Drip,Coffee,1639,10,Kharif,160
7929,HR039,21.43,85.17,FLD07929,15662,Coffee,Plantation,Year-round,Humid,267,38,189,6.4,0.65,Loam,38,5.8,1800,1446,573,1036,1303,25.5,25.5,86,5.4,1.18,0.68,0.74,0.014,0.64,0.62,0.66,0.7,0.74,0.71,0.56,0.54,0.32,0.28,145,Fruiting,Drip,Coffee,2289,0,Kharif,145
7932,GJ016,25.98,94.59,FLD07932,12172,Coffee,Plantation,Year-round,Mountain,274,30,172,7.5,0.56,Sandy,36,7.9,2338,2050,743,1291,1846,20.2,20.2,66,5.3,1.18,0.69,0.74,0.008,0.67,0.67,0.66,0.72,0.74,0.71,0.56,0.59,0.26,0.3,150,Bulbing,Drip,Coffee,1663,0,Kharif,150
7937,MH042,25.74,75.69,FLD07937,18215,Coffee,Plantation,Year-round,Mountain,192,41,208,6.0,0.87,Clay Loam,24,12.7,1243,1048,367,729,967,24.9,24.9,70,5.7,1.18,0.67,0.73,0.01,0.64,0.63,0.67,0.68,0.73,0.69,0.53,0.53,0.26,0.28,142,Bulbing,Sprinkler,Coffee,2366,0,Kharif,142
7938,RJ023,10.96,70.72,FLD07938,8010,Coffee,Plantation,Year-round,Humid,279,28,191,7.3,0.74,Clay Loam,32,5.2,1832,1601,621,996,1417,26.7,26.7,84,5.6,1.18,0.69,0.72,0.01,0.67,0.63,0.66,0.72,0.71,0.72,0.58,0.55,0.29,0.26,144,Grain filling,Drip,Coffee,1038,0,Kharif,144
7942,PB001,20.04,88.42,FLD07942,18584,Coffee,Plantation,Year-round,Semi-Arid,214,49,197,6.7,0.57,Loam,37,14.6,569,513,178,342,464,30.4,30.4,62,5.6,1.18,0.67,0.72,0.014,0.62,0.64,0.66,0.72,0.71,0.69,0.51,0.55,0.24,0.32,143,Flush,Sprinkler,Coffee,2671,0,Kharif,143
7944,AP001,23.73,79.39,FLD07944,16782,Coffee,Plantation,Year-round,Humid,273,44,234,6.2,0.59,Clay,30,6.9,2806,2119,907,1686,1937,25.1,25.1,84,6.4,1.18,0.67,0.73,0.022,0.62,0.63,0.65,0.71,0.69,0.73,0.53,0.54,0.29,0.26,140,Fruiting,Sprinkler,Coffee,2297,0,Kharif,140
7946,TN044,11.97,80.19,FLD07946,15968,Coffee,Plantation,Year-round,Sub-Humid,255,42,198,6.8,0.76,Loam,37,10.0,993,769,298,599,654,27.2,27.2,71,6.0,1.18,0.67,0.72,0.02,0.62,0.62,0.65,0.7,0.71,0.72,0.53,0.54,0.26,0.29,147,Bulbing,Sprinkler,Coffee,2035,0,Kharif,147
7947,TN014,31.47,86.05,FLD07947,8875,Coffee,Plantation,Year-round,Mountain,317,38,186,6.4,0.83,Loam,28,7.7,2114,1662,704,1036,1435,23.7,23.7,85,5.5,1.18,0.69,0.74,0.02,0.64,0.63,0.68,0.7,0.72,0.74,0.53,0.52,0.25,0.26,151,Bearing,Sprinkler,Coffee,1235,0,Kharif,151
7949,TN007,12.16,76.17,FLD07949,12017,Coffee,Plantation,Year-round,Arid,189,48,194,6.5,0.81,Sandy Clay,22,20.4,434,350,120,213,303,35.6,35.6,51,5.7,1.18,0.69,0.74,0.016,0.66,0.67,0.65,0.72,0.7,0.74,0.57,0.57,0.25,0.27,151,Nut development,Drip,Coffee,1735,0,Kharif,151
7951,PB022,20.57,89.43,FLD07951,10078,Rubber,Plantation,Year-round,Sub-Humid,270,44,216,6.6,0.69,Sandy,26,9.4,1148,932,293,576,826,29.7,29.7,70,6.2,1.2,0.69,0.74,0.018,0.65,0.66,0.65,0.73,0.74,0.74,0.54,0.56,0.32,0.31,141,Rhizome development,Sprinkler,Rubber,1672,0,Kharif,141
7952,TN017,29.18,71.89,FLD07952,13066,Rubber,Plantation,Year-round,Plateau,199,50,192,7.3,0.76,Clay Loam,32,13.7,813,636,255,444,565,29.2,29.2,62,6.3,1.2,0.67,0.71,0.006,0.66,0.63,0.65,0.7,0.71,0.69,0.56,0.53,0.24,0.31,158,Nut development,Sprinkler,Rubber,2050,0,Kharif,158
7953,KA026,26.0,86.64,FLD07953,11100,Rubber,Plantation,Year-round,Humid,295,35,175,7.6,0.72,Laterite,38,5.5,2688,2334,700,1624,2175,26.2,26.2,82,5.7,1.2,0.68,0.72,0.012,0.66,0.65,0.64,0.72,0.69,0.72,0.58,0.55,0.23,0.26,170,Nut development,Surface,Rubber,1635,0,Kharif,170
7954,MH033,20.47,74.76,FLD07954,13054,Rubber,Plantation,Year-round,Humid,197,43,237,6.3,0.7,Sandy Clay,21,7.6,2252,2038,634,1450,1816,26.3,26.3,76,6.1,1.2,0.67,0.72,0.012,0.63,0.64,0.66,0.72,0.69,0.69,0.52,0.55,0.26,0.31,144,Tuber development,Drip,Rubber,2143,0,Kharif,144
7956,MP031,12.08,75.07,FLD07956,17233,Rubber,Plantation,Year-round,Humid,227,49,240,6.7,0.65,Sandy,37,7.4,2505,1954,850,1423,1786,26.5,26.5,80,5.4,1.2,0.68,0.74,0.02,0.64,0.64,0.66,0.68,0.73,0.74,0.55,0.55,0.23,0.24,157,Flowering,Drip,Rubber,2671,0,Kharif,157
7959,KA013,29.9,79.26,FLD07959,9035,Rubber,Plantation,Year-round,Humid,251,44,214,6.7,0.7,Sandy Clay,28,6.1,1234,1003,418,721,925,26.2,26.2,77,5.8,1.2,0.68,0.72,0.012,0.64,0.65,0.64,0.72,0.72,0.7,0.53,0.54,0.27,0.25,163,Fruiting,Drip,Rubber,1325,0,Kharif,163
7960,HR003,22.85,86.37,FLD07960,5758,Rubber,Plantation,Year-round,Semi-Arid,263,51,224,5.8,0.8,Clay,34,10.6,545,418,187,325,390,31.3,31.3,62,6.6,1.2,0.68,0.75,0.02,0.65,0.66,0.67,0.67,0.7,0.75,0.57,0.55,0.27,0.28,156,Grand growth,Sprinkler,Rubber,889,0,Kharif,156
7961,MP041,23.72,78.84,FLD07961,5347,Rubber,Plantation,Year-round,Arid,299,48,192,6.0,0.62,Sandy Loam,20,17.7,253,207,71,138,183,30.2,30.2,46,6.2,1.2,0.69,0.74,0.012,0.66,0.62,0.68,0.71,0.74,0.72,0.56,0.53,0.27,0.25,157,Boll formation,Drip,Rubber,1106,239,Kharif,157
7966,PB009,27.97,83.57,FLD07966,17883,Rubber,Plantation,Year-round,Semi-Arid,290,43,210,6.3,0.59,Sandy Clay,37,15.2,542,424,151,316,384,31.4,31.4,67,5.7,1.2,0.68,0.74,0.014,0.67,0.63,0.64,0.7,0.7,0.74,0.58,0.52,0.25,0.26,160,Pod formation,Drip,Rubber,2709,0,Kharif,160
7967,PB013,13.36,77.18,FLD07967,17538,Rubber,Plantation,Year-round,Sub-Humid,193,39,218,6.2,0.61,Laterite,25,9.1,994,806,314,558,689,27.7,27.7,75,5.5,1.2,0.67,0.72,0.02,0.62,0.67,0.64,0.68,0.69,0.72,0.53,0.57,0.32,0.28,144,Tillering,Surface,Rubber,2839,0,Kharif,144
7968,UP020,27.13,83.6,FLD07968,5436,Rubber,Plantation,Year-round,Arid,310,45,199,6.7,0.83,Clay,37,19.7,363,335,117,260,300,31.4,31.4,48,5.5,1.2,0.67,0.74,0.024,0.61,0.63,0.66,0.68,0.74,0.73,0.5,0.54,0.31,0.26,153,Flowering,Drip,Rubber,909,0,Kharif,153
7969,MH016,16.99,84.59,FLD07969,10795,Rubber,Plantation,Year-round,Plateau,259,37,193,6.1,0.77,Clay,37,9.7,1214,990,395,649,868,31.3,31.3,73,5.3,1.2,0.67,0.71,0.018,0.62,0.67,0.64,0.71,0.7,0.71,0.52,0.56,0.32,0.29,162,Reproductive,Sprinkler,Rubber,1710,0,Kharif,162
7970,MP040,28.47,72.88,FLD07970,16021,Rubber,Plantation,Year-round,Humid,245,51,173,7.6,0.72,Sandy Clay,26,7.2,1812,1679,729,1254,1546,27.9,27.9,86,6.0,1.2,0.67,0.71,0.012,0.63,0.67,0.66,0.67,0.71,0.69,0.55,0.57,0.27,0.26,168,Flush,Drip,Rubber,2602,0,Kharif,168
7973,AP002,12.63,89.45,FLD07973,10367,Rubber,Plantation,Year-round,Semi-Arid,190,49,182,7.3,0.71,Clay Loam,27,16.2,820,748,248,461,703,28.4,28.4,58,6.4,1.2,0.69,0.72,0.014,0.65,0.67,0.69,0.71,0.7,0.72,0.55,0.58,0.29,0.25,147,Grain filling,Drip,Rubber,1566,0,Kharif,147
7975,AP024,16.52,73.79,FLD07975,7386,Rubber,Plantation,Year-round,Arid,232,37,181,6.5,0.68,Sandy Clay,24,22.4,472,446,152,342,392,32.1,32.1,48,5.7,1.2,0.68,0.75,0.024,0.63,0.62,0.68,0.69,0.71,0.75,0.54,0.51,0.33,0.3,141,Grand growth,Drip,Rubber,1189,0,Kharif,141
7978,MH012,23.59,85.15,FLD07978,8993,Rubber,Plantation,Year-round,Sub-Humid,196,28,204,7.4,0.68,Sandy Loam,31,11.4,1033,794,339,623,741,28.7,28.7,73,5.4,1.2,0.67,0.74,0.024,0.62,0.62,0.65,0.69,0.69,0.74,0.53,0.52,0.33,0.29,168,Mature,Surface,Rubber,1342,0,Kharif,168
7980,MH025,16.61,71.27,FLD07980,17050,Rubber,Plantation,Year-round,Sub-Humid,313,46,229,7.3,0.89,Sandy Clay,32,12.2,923,719,319,462,666,29.3,29.3,72,6.4,1.2,0.68,0.74,0.02,0.64,0.66,0.66,0.67,0.71,0.74,0.56,0.56,0.31,0.29,142,Reproductive,Sprinkler,Rubber,2822,0,Kharif,142
7982,UP002,16.73,71.56,FLD07982,8782,Rubber,Plantation,Year-round,Arid,262,29,200,7.4,0.97,Sandy,35,20.7,346,268,116,161,253,31.5,31.5,45,5.2,1.2,0.67,0.72,0.014,0.62,0.64,0.65,0.68,0.72,0.69,0.54,0.52,0.33,0.32,146,Rhizome development,Sprinkler,Rubber,1562,0,Kharif,146
7983,HR028,25.8,79.84,FLD07983,15092,Rubber,Plantation,Year-round,Semi-Arid,308,29,240,5.9,0.96,Clay Loam,36,14.3,577,509,156,328,468,28.8,28.8,66,6.0,1.2,0.69,0.72,0.012,0.66,0.64,0.69,0.71,0.71,0.72,0.55,0.53,0.27,0.26,170,Boll formation,Drip,Rubber,2452,0,Kharif,170
7984,UP018,23.05,73.83,FLD07984,16086,Rubber,Plantation,Year-round,Arid,317,38,200,6.0,0.57,Sandy Loam,38,22.2,425,379,136,235,358,30.9,30.9,46,5.3,1.2,0.68,0.72,0.018,0.63,0.65,0.69,0.7,0.71,0.72,0.54,0.53,0.31,0.25,165,Vegetative,Sprinkler,Rubber,2647,0,Kharif,165
7986,GJ035,25.87,73.35,FLD07986,8158,Rubber,Plantation,Year-round,Sub-Humid,190,44,212,7.5,0.53,Sandy Clay,34,8.5,1180,974,429,690,844,28.2,28.2,73,5.4,1.2,0.67,0.73,0.018,0.61,0.64,0.64,0.69,0.73,0.7,0.5,0.55,0.29,0.26,141,Tuber development,Sprinkler,Rubber,1306,0,Kharif,141
7989,KA002,29.2,79.65,FLD07989,8740,Rubber,Plantation,Year-round,Arid,318,49,191,6.5,0.91,Sandy Loam,35,19.3,375,340,124,255,315,31.4,31.4,54,6.5,1.2,0.68,0.73,0.022,0.62,0.64,0.67,0.68,0.72,0.73,0.55,0.53,0.23,0.31,146,Boll formation,Drip,Rubber,1547,0,Kharif,146
7990,PB019,15.54,74.0,FLD07990,8794,Rubber,Plantation,Year-round,Coastal,205,49,219,5.8,0.98,Loam,26,9.3,1927,1579,527,1066,1348,30.4,30.4,79,5.6,1.2,0.69,0.75,0.012,0.64,0.63,0.67,0.73,0.75,0.7,0.53,0.55,0.31,0.3,155,Flush,Drip,Rubber,1321,0,Kharif,155
7991,UP022,17.58,86.77,FLD07991,8596,Rubber,Plantation,Year-round,Coastal,314,45,203,6.8,0.97,Clay Loam,28,8.4,2651,2291,757,1399,2128,30.5,30.5,78,5.7,1.2,0.67,0.71,0.008,0.66,0.64,0.64,0.67,0.71,0.7,0.58,0.55,0.3,0.28,148,Bulbing,Drip,Rubber,1380,0,Kharif,148
7992,MH045,29.12,88.64,FLD07992,15224,Rubber,Plantation,Year-round,Mountain,210,49,238,7.8,0.98,Sandy Loam,28,7.1,2626,2278,1020,1807,2082,16.5,16.5,71,5.8,1.2,0.67,0.74,0.024,0.62,0.63,0.65,0.68,0.69,0.74,0.52,0.53,0.27,0.25,147,Grain filling,Sprinkler,Rubber,2419,0,Kharif,147
7995,AP031,16.05,88.12,FLD07995,12280,Rubber,Plantation,Year-round,Sub-Humid,187,29,181,7.8,0.88,Sandy Clay,37,8.7,1081,915,361,629,851,29.2,29.2,73,6.3,1.2,0.68,0.74,0.012,0.64,0.67,0.65,0.67,0.74,0.7,0.55,0.58,0.28,0.32,166,Mature,Sprinkler,Rubber,1880,0,Kharif,166
8003,TN006,12.15,87.91,FLD08003,14185,Rubber,Plantation,Year-round,Plateau,253,37,216,6.5,0.91,Sandy Clay,32,11.5,1037,928,278,687,881,26.7,26.7,73,5.4,1.2,0.68,0.71,0.012,0.65,0.66,0.67,0.7,0.7,0.71,0.56,0.57,0.31,0.3,164,Bearing,Surface,Rubber,2074,0,Kharif,164
8006,UP034,16.77,77.65,FLD08006,16462,Rubber,Plantation,Year-round,Semi-Arid,220,40,211,6.5,0.86,Clay,23,16.2,579,448,200,313,405,28.8,28.8,62,6.3,1.2,0.67,0.7,0.01,0.65,0.62,0.65,0.7,0.69,0.7,0.55,0.54,0.28,0.31,166,Rhizome development,Sprinkler,Rubber,2436,0,Kharif,166
8010,GJ037,25.62,81.33,FLD08010,18077,Rubber,Plantation,Year-round,Mountain,230,33,217,6.3,0.75,Loam,34,11.3,2255,1753,554,1216,1571,25.8,25.8,62,5.6,1.2,0.68,0.73,0.014,0.64,0.63,0.67,0.68,0.73,0.71,0.55,0.53,0.25,0.24,152,Tuber development,Drip,Rubber,2804,0,Kharif,152
8011,TN031,27.69,70.3,FLD08011,18956,Rubber,Plantation,Year-round,Arid,268,32,193,6.6,0.79,Clay Loam,30,16.8,353,293,126,178,269,35.7,35.7,57,6.0,1.2,0.69,0.73,0.018,0.63,0.65,0.67,0.72,0.73,0.72,0.55,0.55,0.23,0.3,165,Bulbing,Drip,Rubber,3490,0,Kharif,165
8014,KA003,28.06,87.55,FLD08014,12090,Rubber,Plantation,Year-round,Humid,200,39,197,6.6,0.94,Laterite,34,6.6,3158,2924,975,2173,2646,27.5,27.5,76,5.6,1.2,0.7,0.75,0.016,0.67,0.67,0.65,0.72,0.74,0.75,0.56,0.57,0.22,0.24,151,Nut development,Sprinkler,Rubber,1762,0,Kharif,151
8016,KA009,14.42,79.02,FLD08016,10357,Rubber,Plantation,Year-round,Sub-Humid,282,51,231,6.4,0.94,Laterite,32,9.4,936,748,278,585,648,28.1,28.1,70,5.2,1.2,0.68,0.74,0.018,0.63,0.64,0.66,0.68,0.74,0.72,0.54,0.54,0.25,0.28,148,Pod formation,Surface,Rubber,1631,0,Kharif,148
8020,TN018,25.52,84.85,FLD08020,6162,Rubber,Plantation,Year-round,Arid,285,36,186,6.4,0.83,Clay Loam,23,20.9,458,387,123,268,333,30.5,30.5,54,5.8,1.2,0.68,0.73,0.018,0.64,0.63,0.64,0.71,0.71,0.73,0.55,0.52,0.3,0.23,144,Pod formation,Sprinkler,Rubber,925,0,Kharif,144
8022,AP031,26.26,82.16,FLD08022,6268,Rubber,Plantation,Year-round,Plateau,224,47,230,5.9,0.95,Clay Loam,27,14.0,666,544,234,412,505,31.1,31.1,64,6.6,1.2,0.68,0.71,0.01,0.64,0.67,0.65,0.7,0.71,0.69,0.54,0.57,0.31,0.27,162,Flush,Sprinkler,Rubber,919,0,Kharif,162
8023,GJ034,11.21,84.01,FLD08023,6214,Rubber,Plantation,Year-round,Humid,191,30,235,6.2,0.75,Sandy Clay,28,9.4,1802,1686,579,1289,1574,26.8,26.8,83,6.5,1.2,0.67,0.72,0.018,0.63,0.67,0.64,0.67,0.71,0.72,0.55,0.57,0.28,0.25,160,Reproductive,Surface,Rubber,895,0,Kharif,160
8024,MP037,14.98,85.64,FLD08024,11847,Rubber,Plantation,Year-round,Coastal,261,48,195,5.8,0.92,Clay Loam,20,8.2,2431,2089,833,1559,1973,28.2,28.2,73,5.8,1.2,0.68,0.74,0.02,0.64,0.63,0.67,0.72,0.69,0.74,0.53,0.53,0.32,0.3,147,Reproductive,Surface,Rubber,1918,0,Kharif,147
8026,PB033,24.8,76.31,FLD08026,16907,Rubber,Plantation,Year-round,Humid,263,37,193,7.6,0.73,Sandy Loam,37,7.4,2806,2116,940,1628,1936,25.1,25.1,77,6.1,1.2,0.68,0.73,0.014,0.66,0.66,0.64,0.7,0.7,0.73,0.55,0.54,0.25,0.29,154,Grain filling,Sprinkler,Rubber,2691,0,Kharif,154
8027,KA013,27.66,74.13,FLD08027,16689,Rubber,Plantation,Year-round,Arid,230,38,209,6.2,0.83,Sandy Clay,37,18.2,319,249,97,169,230,30.8,30.8,46,5.6,1.2,0.67,0.74,0.022,0.62,0.62,0.65,0.69,0.74,0.73,0.54,0.54,0.29,0.27,158,Mature,Drip,Rubber,2947,0,Kharif,158
8028,TN047,16.76,88.38,FLD08028,16244,Rubber,Plantation,Year-round,Coastal,232,35,185,6.1,0.98,Clay Loam,30,9.6,998,765,296,520,669,29.6,29.6,78,6.3,1.2,0.67,0.73,0.016,0.65,0.61,0.65,0.7,0.7,0.73,0.55,0.52,0.28,0.26,150,Mature,Surface,Rubber,2424,0,Kharif,150
8030,RJ003,24.45,71.14,FLD08030,15214,Rubber,Plantation,Year-round,Plateau,271,36,176,6.5,0.57,Loam,30,8.5,872,798,354,504,753,26.7,26.7,66,6.4,1.2,0.68,0.72,0.012,0.65,0.66,0.63,0.72,0.72,0.71,0.54,0.55,0.29,0.3,142,Rhizome development,Surface,Rubber,2302,0,Kharif,142
8031,MH036,21.68,76.71,FLD08031,10976,Rubber,Plantation,Year-round,Coastal,208,33,236,7.1,0.71,Sandy Clay,30,6.4,2498,2002,860,1513,1854,29.4,29.4,72,6.1,1.2,0.67,0.71,0.018,0.62,0.66,0.65,0.7,0.69,0.71,0.52,0.56,0.31,0.23,167,Fruiting,Drip,Rubber,1609,0,Kharif,167
8032,MP020,12.2,74.5,FLD08032,9414,Rubber,Plantation,Year-round,Sub-Humid,270,45,231,7.4,0.69,Clay Loam,29,9.4,1128,898,290,690,797,27.8,27.8,76,6.1,1.2,0.67,0.75,0.026,0.62,0.65,0.64,0.67,0.7,0.75,0.53,0.54,0.24,0.32,141,Pod formation,Sprinkler,Rubber,1613,0,Kharif,141
8033,AP035,26.66,90.86,FLD08033,9556,Rubber,Plantation,Year-round,Mountain,204,49,202,6.6,0.64,Clay Loam,28,9.4,2336,2035,753,1291,1811,20.9,20.9,84,6.1,1.2,0.68,0.73,0.012,0.67,0.66,0.66,0.67,0.7,0.73,0.58,0.55,0.25,0.32,167,Reproductive,Drip,Rubber,1535,0,Kharif,167
8035,MP018,22.4,81.48,FLD08035,16827,Rubber,Plantation,Year-round,Semi-Arid,233,45,201,6.3,0.93,Loam,34,12.5,686,615,240,442,560,31.1,31.1,66,6.5,1.2,0.68,0.74,0.01,0.65,0.62,0.66,0.72,0.74,0.7,0.57,0.54,0.29,0.25,157,Grand growth,Sprinkler,Rubber,2794,0,Kharif,157
8036,MH043,34.15,90.17,FLD08036,7208,Rubber,Plantation,Year-round,Mountain,190,37,209,7.0,0.69,Loam,27,10.8,2771,2563,772,1541,2303,19.0,19.0,78,6.0,1.2,0.69,0.73,0.014,0.66,0.65,0.69,0.72,0.71,0.73,0.56,0.55,0.3,0.27,140,Rhizome development,Drip,Rubber,1039,0,Kharif,140
8037,MH011,18.83,88.13,FLD08037,9716,Rubber,Plantation,Year-round,Coastal,186,52,193,6.7,0.55,Sandy Clay,31,6.8,1661,1552,631,1072,1429,28.4,28.4,70,5.9,1.2,0.68,0.72,0.008,0.66,0.66,0.64,0.71,0.72,0.7,0.57,0.54,0.28,0.3,142,Tuber bulking,Drip,Rubber,1434,0,Kharif,142
8038,MH035,23.78,74.92,FLD08038,6205,Rubber,Plantation,Year-round,Plateau,316,42,194,6.1,0.79,Laterite,34,14.6,1137,985,395,776,882,30.5,30.5,72,5.4,1.2,0.67,0.71,0.018,0.62,0.63,0.66,0.7,0.7,0.71,0.51,0.52,0.29,0.27,148,Rhizome development,Drip,Rubber,966,0,Kharif,148
8044,RJ046,30.44,93.66,FLD08044,19687,Rubber,Plantation,Year-round,Mountain,301,34,214,7.6,0.67,Loam,31,10.2,2801,2421,819,1496,2130,25.5,25.5,85,5.5,1.2,0.69,0.75,0.018,0.66,0.61,0.67,0.72,0.74,0.75,0.56,0.53,0.22,0.3,163,Bearing,Drip,Rubber,3081,0,Kharif,163
8046,RJ016,18.43,79.88,FLD08046,13389,Rubber,Plantation,Year-round,Sub-Humid,320,30,192,6.8,0.85,Sandy Loam,24,10.5,1085,968,369,703,895,27.6,27.6,70,6.3,1.2,0.68,0.72,0.01,0.65,0.62,0.69,0.72,0.69,0.7,0.56,0.52,0.25,0.23,152,Nut development,Drip,Rubber,2185,0,Kharif,152
8053,RJ029,13.27,81.94,FLD08053,12057,Rubber,Plantation,Year-round,Humid,256,36,208,6.1,0.66,Loam,33,6.2,2893,2194,696,1458,2072,28.1,28.1,77,6.4,1.2,0.69,0.74,0.016,0.66,0.67,0.68,0.68,0.7,0.74,0.57,0.57,0.24,0.26,153,Flush,Drip,Rubber,1848,0,Kharif,153
8054,AP012,19.16,70.8,FLD08054,6016,Rubber,Plantation,Year-round,Coastal,228,43,231,6.7,0.67,Clay Loam,29,7.2,1213,1028,419,815,881,30.9,30.9,76,6.0,1.2,0.68,0.75,0.022,0.64,0.62,0.65,0.68,0.74,0.75,0.56,0.51,0.31,0.28,154,Fruiting,Sprinkler,Rubber,940,0,Kharif,154
8056,KA035,12.83,72.06,FLD08056,7078,Rubber,Plantation,Year-round,Semi-Arid,243,49,224,7.7,0.91,Loam,32,16.0,743,685,260,529,638,31.8,31.8,68,6.6,1.2,0.68,0.75,0.022,0.64,0.64,0.63,0.69,0.71,0.75,0.54,0.54,0.32,0.24,158,Mature,Sprinkler,Rubber,1139,0,Kharif,158
8057,GJ038,20.26,70.18,FLD08057,12404,Rubber,Plantation,Year-round,Coastal,240,30,189,6.1,0.81,Clay,38,8.4,1797,1642,689,1040,1420,30.2,30.2,71,5.8,1.2,0.69,0.74,0.022,0.61,0.64,0.68,0.72,0.74,0.72,0.52,0.56,0.33,0.25,165,Tuber development,Sprinkler,Rubber,1974,0,Kharif,165
8059,AP016,21.42,73.96,FLD08059,8363,Rubber,Plantation,Year-round,Humid,281,44,238,6.7,0.88,Sandy Loam,27,8.4,2845,2489,944,1664,2356,26.5,26.5,77,6.0,1.2,0.68,0.72,0.004,0.67,0.65,0.66,0.72,0.71,0.69,0.58,0.55,0.27,0.32,148,Bulbing,Drip,Rubber,1427,0,Kharif,148
8060,HR028,8.9,70.21,FLD08060,14901,Rubber,Plantation,Year-round,Coastal,266,46,220,6.8,0.79,Laterite,31,7.2,2091,1946,780,1188,1682,29.6,29.6,80,6.2,1.2,0.68,0.74,0.022,0.63,0.64,0.66,0.71,0.7,0.74,0.53,0.54,0.28,0.25,166,Reproductive,Surface,Rubber,2545,0,Kharif,166
8061,HR017,21.03,71.37,FLD08061,7283,Rubber,Plantation,Year-round,Sub-Humid,240,44,209,7.0,0.54,Sandy Clay,37,11.2,1067,838,252,518,787,27.6,27.6,76,6.3,1.2,0.69,0.74,0.016,0.66,0.67,0.66,0.69,0.69,0.74,0.57,0.57,0.29,0.27,169,Grain filling,Surface,Rubber,1096,0,Kharif,169
8062,MH037,12.31,75.99,FLD08062,19109,Rubber,Plantation,Year-round,Coastal,203,45,207,7.2,0.79,Clay,21,11.5,2181,1754,614,1171,1579,28.0,28.0,70,6.2,1.2,0.68,0.72,0.004,0.67,0.64,0.67,0.67,0.72,0.69,0.56,0.55,0.29,0.29,156,Grand growth,Sprinkler,Rubber,2717,0,Kharif,156
8067,GJ010,12.2,81.55,FLD08067,5003,Rubber,Plantation,Year-round,Sub-Humid,243,33,224,7.8,0.91,Sandy Clay,29,12.4,1045,853,353,644,766,28.0,28.0,68,5.3,1.2,0.68,0.74,0.006,0.67,0.63,0.65,0.71,0.74,0.7,0.57,0.55,0.31,0.28,170,Tuber development,Sprinkler,Rubber,776,0,Kharif,170
8071,GJ006,22.99,72.88,FLD08071,12101,Rubber,Plantation,Year-round,Humid,302,51,192,6.8,0.61,Clay Loam,38,7.6,3061,2568,837,1747,2198,25.4,25.4,78,6.1,1.2,0.67,0.72,0.014,0.65,0.62,0.66,0.7,0.69,0.72,0.54,0.53,0.26,0.33,140,Tuber development,Sprinkler,Rubber,2047,0,Kharif,140
8073,MP048,27.11,81.06,FLD08073,5725,Rubber,Plantation,Year-round,Sub-Humid,195,49,212,6.7,0.54,Clay Loam,28,12.6,1171,940,310,748,807,27.2,27.2,72,6.0,1.2,0.67,0.74,0.018,0.61,0.67,0.64,0.69,0.74,0.7,0.51,0.56,0.3,0.23,153,Nut development,Drip,Rubber,912,0,Kharif,153
8074,KA045,32.65,92.63,FLD08074,5994,Rubber,Plantation,Year-round,Mountain,312,35,190,6.9,0.7,Clay Loam,22,8.8,2147,1983,846,1554,1737,23.4,23.4,71,6.0,1.2,0.68,0.72,0.014,0.65,0.67,0.66,0.69,0.69,0.72,0.54,0.57,0.32,0.29,145,Bulbing,Surface,Rubber,857,0,Kharif,145
8075,KA032,16.87,85.14,FLD08075,19885,Rubber,Plantation,Year-round,Coastal,265,43,211,6.9,0.53,Sandy Loam,21,9.3,1823,1634,532,1225,1436,30.6,30.6,70,5.6,1.2,0.67,0.72,0.008,0.65,0.62,0.65,0.68,0.72,0.69,0.54,0.51,0.28,0.26,169,Grand growth,Sprinkler,Rubber,3036,0,Kharif,169
8077,RJ037,25.39,79.98,FLD08077,16311,Rubber,Plantation,Year-round,Mountain,266,48,216,7.0,0.64,Laterite,21,12.0,1454,1362,420,1000,1222,25.6,25.6,63,6.6,1.2,0.68,0.72,0.012,0.65,0.65,0.65,0.7,0.72,0.71,0.54,0.53,0.25,0.32,156,Tuber development,Sprinkler,Rubber,2486,0,Kharif,156
8080,HR038,30.2,78.07,FLD08080,7498,Rubber,Plantation,Year-round,Mountain,217,40,191,6.3,0.72,Laterite,27,14.3,1496,1132,470,818,1071,22.7,22.7,60,5.2,1.2,0.69,0.73,0.014,0.66,0.65,0.68,0.71,0.73,0.73,0.58,0.54,0.24,0.29,164,Nut development,Surface,Rubber,1193,0,Kharif,164
8082,UP005,20.74,83.33,FLD08082,7330,Rubber,Plantation,Year-round,Plateau,257,49,219,7.0,0.74,Clay,26,11.8,1099,963,349,604,913,29.3,29.3,65,6.1,1.2,0.68,0.74,0.016,0.63,0.64,0.69,0.68,0.74,0.71,0.54,0.53,0.27,0.28,166,Tuber bulking,Drip,Rubber,1234,0,Kharif,166
8084,KA023,28.81,81.11,FLD08084,6757,Rubber,Plantation,Year-round,Arid,251,42,203,7.8,0.55,Loam,26,19.4,310,289,115,178,271,30.4,30.4,48,5.7,1.2,0.67,0.7,0.014,0.63,0.63,0.68,0.67,0.7,0.7,0.55,0.53,0.29,0.3,148,Boll formation,Drip,Rubber,1229,0,Kharif,148
8085,KA012,16.79,72.75,FLD08085,10654,Rubber,Plantation,Year-round,Semi-Arid,216,40,228,6.3,0.75,Clay Loam,30,15.5,802,742,226,471,704,28.1,28.1,63,5.3,1.2,0.69,0.74,0.012,0.65,0.67,0.68,0.69,0.74,0.71,0.54,0.56,0.28,0.29,148,Grand growth,Sprinkler,Rubber,1543,0,Kharif,148
8087,GJ014,25.03,77.38,FLD08087,6723,Rubber,Plantation,Year-round,Semi-Arid,224,48,189,6.6,0.72,Sandy Loam,26,13.1,655,498,202,365,452,29.6,29.6,61,6.0,1.2,0.68,0.73,0.012,0.64,0.66,0.65,0.7,0.73,0.7,0.53,0.57,0.32,0.24,164,Tillering,Drip,Rubber,1075,0,Kharif,164
8089,TN037,9.24,79.53,FLD08089,8001,Rubber,Plantation,Year-round,Coastal,230,33,172,6.4,0.57,Clay,36,10.6,2490,1940,583,1300,1658,29.4,29.4,72,5.6,1.2,0.67,0.72,0.01,0.64,0.64,0.65,0.67,0.72,0.69,0.55,0.54,0.33,0.25,164,Grand growth,Sprinkler,Rubber,1072,0,Kharif,164
8091,MH026,27.07,79.45,FLD08091,19240,Rubber,Plantation,Year-round,Mountain,280,50,204,5.8,0.73,Clay Loam,20,11.4,3031,2753,921,1926,2490,16.9,16.9,68,6.0,1.2,0.68,0.72,0.018,0.63,0.66,0.64,0.72,0.69,0.72,0.52,0.56,0.28,0.23,166,Fruiting,Sprinkler,Rubber,3036,0,Kharif,166
8093,MH049,12.41,77.84,FLD08093,18383,Rubber,Plantation,Year-round,Semi-Arid,294,38,203,6.0,0.91,Sandy Loam,29,12.0,744,624,252,413,584,30.0,30.0,59,5.4,1.2,0.68,0.75,0.026,0.62,0.66,0.68,0.67,0.7,0.75,0.53,0.58,0.29,0.3,147,Tillering,Drip,Rubber,2828,0,Kharif,147
8094,AP017,14.24,88.08,FLD08094,19395,Rubber,Plantation,Year-round,Arid,317,45,204,6.6,0.83,Sandy Loam,26,19.8,370,297,111,206,260,34.6,34.6,49,5.3,1.2,0.69,0.73,0.022,0.62,0.63,0.68,0.72,0.73,0.73,0.51,0.54,0.27,0.25,155,Mature,Sprinkler,Rubber,3556,0,Kharif,155
8095,PB048,15.89,80.52,FLD08095,14041,Rubber,Plantation,Year-round,Sub-Humid,230,52,213,6.1,0.63,Sandy Clay,28,10.4,1144,913,312,601,818,28.2,28.2,76,5.8,1.2,0.69,0.74,0.018,0.65,0.66,0.67,0.7,0.71,0.74,0.56,0.56,0.32,0.29,162,Bulbing,Drip,Rubber,2421,0,Kharif,162
8098,MP022,19.43,75.52,FLD08098,7071,Rubber,Plantation,Year-round,Arid,249,40,178,6.8,0.67,Sandy,25,15.0,500,393,162,241,359,32.7,32.7,47,5.5,1.2,0.69,0.75,0.024,0.63,0.66,0.67,0.7,0.7,0.75,0.52,0.57,0.33,0.27,163,Tuber bulking,Sprinkler,Rubber,1131,0,Kharif,163
8099,HR040,18.62,81.61,FLD08099,17519,Rubber,Plantation,Year-round,Semi-Arid,309,29,227,7.3,0.81,Laterite,32,16.7,828,633,267,496,544,30.1,30.1,64,5.9,1.2,0.67,0.72,0.014,0.65,0.66,0.66,0.67,0.69,0.72,0.56,0.56,0.28,0.31,158,Grain filling,Drip,Rubber,2772,0,Kharif,158
8100,AP044,11.84,75.54,FLD08100,11023,Rubber,Plantation,Year-round,Plateau,193,47,182,7.6,0.8,Sandy Loam,28,12.3,972,800,258,503,735,27.9,27.9,72,6.0,1.2,0.69,0.74,0.014,0.65,0.67,0.69,0.68,0.74,0.72,0.57,0.55,0.25,0.3,147,Vegetative,Sprinkler,Rubber,1611,0,Kharif,147
8101,MH041,9.13,77.91,FLD08101,6661,Coconut,Plantation,Year-round,Coastal,247,29,236,7.5,0.67,Clay Loam,32,6.9,1220,1069,346,819,1005,29.1,29.1,79,6.1,1.19,0.69,0.74,0.01,0.66,0.64,0.68,0.68,0.74,0.71,0.57,0.53,0.29,0.29,169,Boll formation,Surface,Coconut,8924,0,Kharif,169
8102,PB042,28.65,76.67,FLD08102,10400,Coconut,Plantation,Year-round,Sub-Humid,301,42,230,7.7,0.95,Loam,28,12.1,1190,934,364,741,831,29.3,29.3,69,6.1,1.19,0.68,0.72,0.004,0.67,0.67,0.63,0.68,0.72,0.69,0.58,0.58,0.27,0.27,148,Tillering,Drip,Coconut,14735,0,Kharif,148
8103,UP004,29.83,87.67,FLD08103,7179,Coconut,Plantation,Year-round,Semi-Arid,191,28,184,7.4,0.95,Sandy Clay,31,10.5,753,570,210,434,511,28.5,28.5,57,6.2,1.19,0.69,0.71,0.008,0.66,0.66,0.67,0.71,0.71,0.7,0.57,0.58,0.29,0.28,158,Flush,Drip,Coconut,8504,0,Kharif,158
8105,MP049,19.7,82.08,FLD08105,11654,Coconut,Plantation,Year-round,Coastal,180,47,173,7.0,0.81,Clay,23,9.9,1725,1614,539,1255,1450,28.2,28.2,79,5.7,1.19,0.68,0.71,0.01,0.66,0.64,0.66,0.68,0.71,0.71,0.54,0.54,0.25,0.28,154,Rhizome development,Surface,Coconut,13591,0,Kharif,154
8108,PB021,17.69,89.88,FLD08108,18565,Coconut,Plantation,Year-round,Arid,258,47,235,6.3,0.87,Loam,34,18.7,346,289,107,176,256,34.2,34.2,51,6.2,1.19,0.66,0.7,0.008,0.65,0.63,0.63,0.67,0.7,0.69,0.54,0.55,0.3,0.31,154,Flush,Drip,Coconut,29560,0,Kharif,154
8110,AP001,26.96,80.15,FLD08110,12471,Coconut,Plantation,Year-round,Semi-Arid,308,37,201,7.6,0.71,Clay,25,11.6,511,393,163,313,362,31.1,31.1,65,5.6,1.19,0.69,0.74,0.024,0.61,0.64,0.67,0.72,0.74,0.73,0.54,0.56,0.33,0.29,162,Tuber bulking,Drip,Coconut,16263,0,Kharif,162
8111,PB005,23.1,86.95,FLD08111,6296,Coconut,Plantation,Year-round,Semi-Arid,319,52,205,6.4,0.52,Sandy,35,12.9,821,739,297,486,669,29.8,29.8,62,6.1,1.19,0.67,0.72,0.018,0.63,0.63,0.64,0.7,0.72,0.72,0.53,0.52,0.31,0.27,148,Grain filling,Drip,Coconut,8220,0,Kharif,148
8113,UP016,16.26,86.51,FLD08113,19392,Coconut,Plantation,Year-round,Humid,248,42,237,7.7,0.89,Sandy Clay,33,7.1,2652,2188,731,1735,1909,26.8,26.8,76,5.2,1.19,0.68,0.72,0.014,0.64,0.64,0.67,0.68,0.72,0.71,0.53,0.53,0.33,0.26,151,Flush,Sprinkler,Coconut,26042,0,Kharif,151
8115,UP009,11.05,78.09,FLD08115,17518,Coconut,Plantation,Year-round,Coastal,249,47,227,6.5,0.88,Clay,38,11.0,1957,1474,542,1122,1355,30.9,30.9,82,5.8,1.19,0.67,0.71,0.016,0.63,0.67,0.65,0.68,0.71,0.71,0.54,0.58,0.25,0.25,140,Flush,Surface,Coconut,21442,0,Kharif,140
8120,TN039,18.92,78.35,FLD08120,7279,Coconut,Plantation,Year-round,Coastal,222,34,180,7.1,0.83,Sandy,38,11.7,1085,980,315,635,863,28.4,28.4,77,6.4,1.19,0.69,0.73,0.014,0.66,0.63,0.69,0.72,0.73,0.73,0.56,0.54,0.22,0.28,144,Vegetative,Surface,Coconut,9235,0,Kharif,144
8122,TN042,25.96,73.65,FLD08122,13208,Coconut,Plantation,Year-round,Arid,311,48,181,6.4,0.74,Sandy Loam,20,20.4,296,256,106,183,235,34.1,34.1,51,5.9,1.19,0.67,0.71,0.012,0.64,0.62,0.65,0.7,0.71,0.7,0.53,0.54,0.26,0.25,155,Pod formation,Drip,Coconut,21074,0,Kharif,155
8124,PB017,27.81,86.89,FLD08124,8144,Coconut,Plantation,Year-round,Plateau,311,28,232,6.4,0.57,Loam,36,8.3,1040,886,348,690,818,28.6,28.6,76,6.1,1.19,0.69,0.74,0.026,0.61,0.65,0.68,0.69,0.74,0.74,0.54,0.54,0.25,0.23,170,Tillering,Surface,Coconut,11217,0,Kharif,170
8125,GJ047,22.69,82.78,FLD08125,10890,Coconut,Plantation,Year-round,Plateau,226,34,179,6.4,0.56,Sandy Clay,32,14.2,715,619,253,431,583,31.0,31.0,75,5.6,1.19,0.69,0.73,0.012,0.66,0.67,0.64,0.71,0.73,0.72,0.55,0.57,0.32,0.27,154,Rhizome development,Drip,Coconut,12802,0,Kharif,154
8127,AP041,23.0,75.93,FLD08127,12101,Coconut,Plantation,Year-round,Plateau,209,40,209,7.1,0.65,Clay Loam,20,9.9,836,783,335,490,692,27.4,27.4,73,5.4,1.19,0.68,0.73,0.012,0.67,0.63,0.65,0.69,0.69,0.73,0.57,0.52,0.23,0.25,161,Reproductive,Drip,Coconut,15430,0,Kharif,161
8129,GJ018,18.14,72.92,FLD08129,15089,Coconut,Plantation,Year-round,Plateau,216,47,177,6.9,0.69,Sandy,23,10.5,874,707,273,497,658,29.4,29.4,65,6.4,1.19,0.69,0.74,0.008,0.67,0.65,0.67,0.71,0.74,0.71,0.58,0.56,0.3,0.26,153,Rhizome development,Sprinkler,Coconut,19692,0,Kharif,153
8132,AP040,19.54,80.14,FLD08132,16444,Coconut,Plantation,Year-round,Coastal,290,52,205,7.3,0.57,Sandy Clay,26,9.1,895,727,231,458,664,28.8,28.8,76,6.1,1.19,0.69,0.74,0.018,0.65,0.67,0.68,0.69,0.74,0.74,0.55,0.56,0.22,0.23,168,Nut development,Surface,Coconut,23269,0,Kharif,168
8133,PB019,17.84,70.2,FLD08133,11958,Coconut,Plantation,Year-round,Plateau,203,29,183,7.2,0.95,Clay Loam,38,11.9,955,871,374,655,800,27.3,27.3,76,5.3,1.19,0.69,0.74,0.016,0.65,0.64,0.64,0.72,0.74,0.73,0.57,0.55,0.25,0.24,162,Flowering,Drip,Coconut,15523,0,Kharif,162
8134,AP018,24.23,86.43,FLD08134,13186,Coconut,Plantation,Year-round,Arid,262,44,235,6.0,0.53,Laterite,21,21.6,423,322,123,215,275,32.5,32.5,58,5.7,1.19,0.67,0.71,0.014,0.63,0.63,0.65,0.68,0.71,0.7,0.53,0.55,0.26,0.29,170,Boll formation,Drip,Coconut,20324,0,Kharif,170
8135,KA043,21.62,70.98,FLD08135,10018,Coconut,Plantation,Year-round,Semi-Arid,308,29,202,6.3,0.53,Clay Loam,23,17.8,528,396,162,316,352,31.9,31.9,59,6.0,1.19,0.69,0.73,0.018,0.63,0.67,0.68,0.71,0.73,0.72,0.52,0.56,0.24,0.31,154,Vegetative,Sprinkler,Coconut,12251,0,Kharif,154
8137,PB005,19.07,85.52,FLD08137,13960,Coconut,Plantation,Year-round,Sub-Humid,183,50,225,6.6,0.87,Clay,32,8.2,1020,942,391,679,843,27.7,27.7,75,5.1,1.19,0.69,0.74,0.014,0.65,0.67,0.68,0.69,0.74,0.72,0.55,0.55,0.25,0.23,141,Fruiting,Sprinkler,Coconut,17669,0,Kharif,141
8140,RJ037,16.97,86.23,FLD08140,5869,Coconut,Plantation,Year-round,Arid,201,36,191,6.3,0.86,Sandy Clay,37,21.3,396,299,126,229,259,30.8,30.8,50,6.4,1.19,0.68,0.74,0.024,0.62,0.65,0.65,0.72,0.7,0.74,0.53,0.56,0.3,0.3,144,Fruiting,Drip,Coconut,8658,0,Kharif,144
8143,MH028,11.73,84.02,FLD08143,9674,Coconut,Plantation,Year-round,Sub-Humid,248,50,207,7.4,0.88,Loam,27,9.2,1053,950,352,717,814,28.2,28.2,70,6.1,1.19,0.67,0.73,0.024,0.61,0.65,0.64,0.69,0.69,0.73,0.51,0.54,0.26,0.26,162,Flush,Sprinkler,Coconut,12205,0,Kharif,162
8146,HR050,19.14,72.28,FLD08146,16639,Coconut,Plantation,Year-round,Humid,263,38,178,7.2,0.56,Sandy Loam,33,8.7,2091,1588,497,1098,1464,26.5,26.5,77,6.2,1.19,0.69,0.73,0.014,0.66,0.66,0.68,0.7,0.72,0.73,0.55,0.57,0.27,0.27,146,Nut development,Surface,Coconut,22845,0,Kharif,146
8147,RJ014,20.16,74.53,FLD08147,18389,Coconut,Plantation,Year-round,Sub-Humid,188,31,195,6.5,0.85,Clay,25,10.2,997,828,318,615,714,27.4,27.4,71,5.9,1.19,0.68,0.7,0.008,0.66,0.64,0.68,0.69,0.69,0.7,0.55,0.55,0.29,0.29,154,Bearing,Sprinkler,Coconut,22532,0,Kharif,154
8149,HR016,27.58,77.47,FLD08149,19893,Coconut,Plantation,Year-round,Sub-Humid,315,48,173,7.0,0.62,Clay Loam,28,12.9,1126,1058,347,741,941,29.1,29.1,73,6.0,1.19,0.68,0.74,0.026,0.61,0.65,0.67,0.72,0.7,0.74,0.53,0.57,0.29,0.25,143,Flush,Sprinkler,Coconut,27440,0,Kharif,143
8151,MH007,19.19,86.09,FLD08151,11418,Coconut,Plantation,Year-round,Plateau,304,40,175,7.0,0.81,Loam,33,11.3,1292,1012,385,754,930,31.7,31.7,71,5.2,1.19,0.67,0.7,0.008,0.66,0.63,0.66,0.67,0.69,0.7,0.57,0.53,0.24,0.26,145,Boll formation,Drip,Coconut,14309,0,Kharif,145
8155,KA045,27.68,79.69,FLD08155,5023,Coconut,Plantation,Year-round,Arid,246,49,229,5.8,0.72,Sandy Loam,36,15.5,491,447,171,356,409,32.4,32.4,46,6.2,1.19,0.68,0.72,0.018,0.63,0.66,0.66,0.72,0.69,0.72,0.52,0.56,0.24,0.25,143,Flush,Drip,Coconut,7152,0,Kharif,143
8157,RJ001,23.96,86.51,FLD08157,19793,Coconut,Plantation,Year-round,Arid,232,50,175,7.6,0.84,Clay,32,18.9,471,439,181,320,411,32.4,32.4,55,5.3,1.19,0.68,0.73,0.014,0.66,0.66,0.65,0.69,0.7,0.73,0.55,0.58,0.22,0.3,151,Grand growth,Sprinkler,Coconut,25702,0,Kharif,151
8162,HR019,22.36,84.78,FLD08162,8489,Coconut,Plantation,Year-round,Plateau,300,49,180,7.5,0.63,Sandy Loam,23,13.3,771,664,220,430,601,26.8,26.8,72,5.3,1.19,0.68,0.74,0.016,0.66,0.64,0.64,0.72,0.7,0.74,0.58,0.54,0.26,0.32,143,Mature,Drip,Coconut,11172,0,Kharif,143
8163,TN027,29.48,73.42,FLD08163,16857,Coconut,Plantation,Year-round,Semi-Arid,248,35,187,6.0,0.64,Loam,34,15.6,832,772,248,598,659,29.3,29.3,62,5.2,1.19,0.68,0.74,0.018,0.63,0.66,0.68,0.67,0.74,0.72,0.53,0.55,0.27,0.27,154,Flowering,Sprinkler,Coconut,21715,0,Kharif,154
8164,GJ043,23.65,84.73,FLD08164,18521,Coconut,Plantation,Year-round,Sub-Humid,264,32,217,7.0,0.51,Sandy Loam,21,11.5,953,733,327,530,695,27.9,27.9,70,6.0,1.19,0.69,0.75,0.022,0.64,0.65,0.67,0.7,0.7,0.75,0.53,0.54,0.23,0.24,163,Grand growth,Drip,Coconut,22478,0,Kharif,163
8165,HR021,26.15,77.73,FLD08165,5342,Coconut,Plantation,Year-round,Semi-Arid,313,37,209,6.5,0.96,Loam,20,15.7,701,612,218,419,561,29.1,29.1,60,5.8,1.19,0.69,0.75,0.016,0.67,0.65,0.65,0.7,0.71,0.75,0.58,0.54,0.28,0.29,154,Grain filling,Sprinkler,Coconut,7269,0,Kharif,154
8166,MP040,21.89,84.7,FLD08166,7911,Coconut,Plantation,Year-round,Sub-Humid,315,31,207,7.1,0.61,Sandy Clay,32,12.0,910,825,267,597,773,29.0,29.0,76,5.4,1.19,0.69,0.75,0.024,0.63,0.66,0.67,0.69,0.71,0.75,0.55,0.57,0.28,0.28,156,Rhizome development,Sprinkler,Coconut,10890,0,Kharif,156
8169,HR020,8.05,80.18,FLD08169,9562,Coconut,Plantation,Year-round,Coastal,248,46,231,7.0,0.97,Laterite,35,8.3,803,754,337,516,687,31.0,31.0,81,6.1,1.19,0.67,0.71,0.02,0.61,0.66,0.67,0.67,0.7,0.71,0.51,0.58,0.25,0.24,157,Bulbing,Sprinkler,Coconut,12228,0,Kharif,157
8170,RJ006,16.69,75.12,FLD08170,18960,Coconut,Plantation,Year-round,Plateau,269,41,221,6.4,0.76,Clay Loam,23,8.2,1139,1019,381,732,882,30.6,30.6,66,5.6,1.19,0.68,0.73,0.02,0.61,0.66,0.69,0.7,0.73,0.71,0.51,0.58,0.31,0.27,165,Bulbing,Drip,Coconut,25716,0,Kharif,165
8174,MP016,29.5,78.43,FLD08174,15199,Coconut,Plantation,Year-round,Semi-Arid,307,49,214,6.0,0.55,Sandy,22,11.2,597,542,203,355,484,30.2,30.2,56,5.9,1.19,0.69,0.74,0.016,0.66,0.67,0.64,0.71,0.72,0.74,0.57,0.56,0.32,0.26,143,Fruiting,Drip,Coconut,22341,0,Kharif,143
8176,MH041,21.16,73.99,FLD08176,15634,Coconut,Plantation,Year-round,Humid,258,38,236,6.7,0.87,Laterite,22,7.4,2761,2425,873,1604,2210,28.5,28.5,76,6.1,1.19,0.69,0.74,0.018,0.65,0.64,0.65,0.72,0.74,0.74,0.57,0.53,0.32,0.24,158,Bearing,Sprinkler,Coconut,19392,0,Kharif,158
8178,TN047,20.7,79.46,FLD08178,13539,Coconut,Plantation,Year-round,Sub-Humid,300,49,182,6.1,0.74,Sandy Clay,23,12.3,1179,1008,381,713,941,29.0,29.0,74,6.3,1.19,0.67,0.73,0.016,0.64,0.62,0.64,0.68,0.73,0.72,0.54,0.52,0.28,0.27,149,Vegetative,Sprinkler,Coconut,16323,0,Kharif,149
8179,RJ048,27.54,76.9,FLD08179,6927,Coconut,Plantation,Year-round,Sub-Humid,245,38,200,7.4,0.61,Laterite,34,10.3,857,783,331,593,732,27.5,27.5,69,5.4,1.19,0.68,0.7,0.008,0.65,0.65,0.67,0.7,0.7,0.69,0.57,0.54,0.25,0.28,159,Vegetative,Sprinkler,Coconut,9497,0,Kharif,159
8181,MH036,16.72,88.07,FLD08181,15348,Coconut,Plantation,Year-round,Coastal,290,29,219,6.5,0.96,Laterite,26,6.7,2016,1529,655,1179,1300,29.5,29.5,77,5.6,1.19,0.67,0.74,0.02,0.62,0.62,0.65,0.68,0.74,0.72,0.53,0.53,0.32,0.29,160,Grain filling,Drip,Coconut,18257,0,Kharif,160
8182,TN007,26.56,91.2,FLD08182,5525,Coconut,Plantation,Year-round,Mountain,236,36,187,7.3,0.59,Clay,34,8.5,3171,2664,1056,1809,2481,21.5,21.5,65,5.9,1.19,0.68,0.72,0.016,0.62,0.66,0.68,0.72,0.7,0.7,0.53,0.57,0.32,0.24,146,Flush,Surface,Coconut,6581,0,Kharif,146
8184,MH046,10.54,70.26,FLD08184,14162,Coconut,Plantation,Year-round,Sub-Humid,259,34,238,7.5,0.78,Clay,36,8.7,1015,867,333,651,816,27.3,27.3,76,5.4,1.19,0.68,0.75,0.02,0.65,0.64,0.64,0.69,0.72,0.75,0.56,0.56,0.3,0.27,148,Rhizome development,Drip,Coconut,17696,0,Kharif,148
8185,MH008,15.29,83.39,FLD08185,12034,Coconut,Plantation,Year-round,Coastal,181,48,185,7.0,0.78,Sandy Clay,25,6.3,2799,2331,924,1600,2098,29.3,29.3,71,6.1,1.19,0.68,0.74,0.02,0.62,0.65,0.66,0.7,0.74,0.72,0.54,0.55,0.25,0.28,143,Flowering,Sprinkler,Coconut,14407,0,Kharif,143
8186,GJ043,31.11,76.8,FLD08186,12698,Coconut,Plantation,Year-round,Mountain,195,41,211,6.7,0.53,Laterite,21,8.1,1377,1049,358,792,960,21.3,21.3,63,5.7,1.19,0.68,0.74,0.022,0.63,0.65,0.63,0.71,0.7,0.74,0.54,0.54,0.31,0.29,170,Grain filling,Sprinkler,Coconut,15879,0,Kharif,170
8190,PB050,15.73,81.28,FLD08190,18203,Coconut,Plantation,Year-round,Humid,232,37,210,6.5,0.87,Loam,31,7.0,1948,1510,619,919,1390,25.8,25.8,82,6.2,1.19,0.69,0.73,0.01,0.66,0.63,0.69,0.72,0.73,0.71,0.56,0.53,0.28,0.27,166,Flowering,Sprinkler,Coconut,24979,0,Kharif,166
8191,MH038,25.22,83.49,FLD08191,13248,Coconut,Plantation,Year-round,Mountain,233,30,209,7.7,0.68,Sandy Clay,24,10.4,1071,890,367,699,838,19.7,19.7,84,5.3,1.19,0.67,0.72,0.016,0.62,0.62,0.67,0.72,0.71,0.7,0.52,0.54,0.28,0.33,158,Tuber bulking,Sprinkler,Coconut,15438,0,Kharif,158
8192,HR032,19.18,80.21,FLD08192,9459,Coconut,Plantation,Year-round,Arid,201,34,229,6.6,0.62,Loam,36,23.2,400,310,100,204,281,32.7,32.7,49,6.4,1.19,0.67,0.7,0.01,0.65,0.65,0.64,0.69,0.69,0.7,0.54,0.55,0.32,0.32,160,Tuber bulking,Drip,Coconut,12903,0,Kharif,160
8193,MH041,26.0,76.71,FLD08193,11093,Coconut,Plantation,Year-round,Arid,212,43,228,6.2,0.64,Sandy,31,24.0,255,207,72,125,184,34.2,34.2,45,5.8,1.19,0.68,0.75,0.022,0.64,0.66,0.64,0.68,0.73,0.75,0.56,0.57,0.32,0.24,141,Bulbing,Sprinkler,Coconut,17356,341,Kharif,141
8194,UP047,19.18,71.59,FLD08194,14993,Coconut,Plantation,Year-round,Semi-Arid,316,38,192,6.2,0.92,Sandy,32,15.8,631,505,218,313,437,30.5,30.5,65,5.6,1.19,0.68,0.72,0.018,0.63,0.65,0.69,0.69,0.72,0.72,0.55,0.56,0.24,0.28,148,Flush,Drip,Coconut,18311,0,Kharif,148
8195,KA013,20.66,84.79,FLD08195,8390,Coconut,Plantation,Year-round,Semi-Arid,238,32,217,6.9,0.55,Sandy Loam,26,14.0,670,614,202,485,534,29.4,29.4,66,6.3,1.19,0.68,0.75,0.018,0.66,0.66,0.64,0.67,0.71,0.75,0.56,0.58,0.3,0.29,150,Flowering,Sprinkler,Coconut,11006,0,Kharif,150
8196,PB046,32.29,91.14,FLD08196,12169,Coconut,Plantation,Year-round,Mountain,247,29,235,6.7,0.73,Loam,33,9.2,1340,1066,420,822,1005,21.6,21.6,80,5.8,1.19,0.68,0.7,0.01,0.65,0.66,0.69,0.68,0.7,0.7,0.57,0.57,0.27,0.3,165,Tuber development,Surface,Coconut,15696,0,Kharif,165
8197,MH009,24.8,77.74,FLD08197,11839,Coconut,Plantation,Year-round,Sub-Humid,191,48,232,7.0,0.94,Clay,23,8.9,873,775,279,524,668,29.1,29.1,74,5.9,1.19,0.67,0.73,0.014,0.65,0.61,0.64,0.7,0.73,0.72,0.57,0.51,0.27,0.25,161,Bearing,Drip,Coconut,14466,0,Kharif,161
8201,MP024,34.7,82.81,FLD08201,17688,Coconut,Plantation,Year-round,Mountain,238,42,183,7.6,0.95,Sandy Clay,28,14.8,1358,1201,371,921,1134,23.4,23.4,74,6.3,1.19,0.68,0.73,0.008,0.65,0.65,0.66,0.73,0.7,0.69,0.55,0.55,0.25,0.3,141,Nut development,Surface,Coconut,21068,0,Kharif,141
8202,MH018,21.41,86.17,FLD08202,7759,Coconut,Plantation,Year-round,Humid,309,37,179,7.7,0.62,Clay,26,9.6,3040,2634,1030,1645,2381,25.8,25.8,85,5.3,1.19,0.68,0.7,0.008,0.65,0.66,0.68,0.7,0.7,0.69,0.55,0.57,0.31,0.29,157,Reproductive,Drip,Coconut,9441,0,Kharif,157
8203,TN012,12.83,74.24,FLD08203,13115,Coconut,Plantation,Year-round,Sub-Humid,292,32,193,5.9,0.68,Loam,21,9.0,884,667,299,434,576,27.5,27.5,76,6.3,1.19,0.68,0.72,0.014,0.65,0.67,0.65,0.71,0.7,0.72,0.53,0.55,0.32,0.28,147,Nut development,Sprinkler,Coconut,15442,0,Kharif,147
8210,AP008,17.72,88.12,FLD08210,5416,Coconut,Plantation,Year-round,Plateau,271,52,174,6.6,0.75,Laterite,37,10.3,786,730,304,515,646,31.4,31.4,71,6.4,1.19,0.67,0.72,0.014,0.65,0.65,0.64,0.69,0.69,0.72,0.56,0.54,0.24,0.3,143,Tuber bulking,Drip,Coconut,6837,0,Kharif,143
8211,PB027,14.28,78.0,FLD08211,7179,Coconut,Plantation,Year-round,Humid,279,37,182,6.6,0.63,Clay,35,5.9,1633,1292,524,859,1104,27.4,27.4,78,5.7,1.19,0.68,0.75,0.024,0.63,0.64,0.66,0.68,0.71,0.75,0.54,0.56,0.29,0.26,169,Nut development,Sprinkler,Coconut,8623,0,Kharif,169
8212,HR004,21.93,82.91,FLD08212,13110,Coconut,Plantation,Year-round,Plateau,230,31,198,6.3,0.93,Sandy Clay,36,13.1,1037,809,353,507,700,30.3,30.3,75,5.7,1.19,0.67,0.72,0.014,0.63,0.62,0.64,0.71,0.72,0.7,0.54,0.54,0.24,0.26,153,Bulbing,Surface,Coconut,16430,0,Kharif,153
8216,UP002,11.41,84.5,FLD08216,5824,Coconut,Plantation,Year-round,Arid,292,38,232,6.6,0.51,Sandy,37,15.8,388,314,120,232,294,33.9,33.9,47,6.2,1.19,0.69,0.74,0.016,0.66,0.62,0.69,0.72,0.7,0.74,0.54,0.54,0.28,0.29,166,Vegetative,Sprinkler,Coconut,9087,0,Kharif,166
8217,RJ007,25.07,72.3,FLD08217,12520,Coconut,Plantation,Year-round,Humid,207,49,206,6.0,0.75,Sandy Loam,36,8.6,2230,1929,586,1526,1768,27.3,27.3,80,5.9,1.19,0.67,0.74,0.018,0.61,0.65,0.65,0.7,0.74,0.7,0.54,0.56,0.31,0.28,153,Flowering,Sprinkler,Coconut,16271,0,Kharif,153
8218,KA015,16.05,78.14,FLD08218,12518,Coconut,Plantation,Year-round,Sub-Humid,283,51,215,6.2,0.84,Sandy Loam,20,10.8,894,728,257,484,652,28.3,28.3,70,6.1,1.19,0.69,0.73,0.016,0.64,0.63,0.68,0.73,0.73,0.72,0.53,0.52,0.31,0.28,151,Tuber development,Drip,Coconut,17359,0,Kharif,151
8220,MH006,24.11,74.85,FLD08220,6252,Coconut,Plantation,Year-round,Arid,224,45,215,7.3,0.89,Sandy Clay,22,23.0,267,235,81,145,214,35.6,35.6,49,6.3,1.19,0.67,0.74,0.024,0.62,0.63,0.64,0.69,0.72,0.74,0.53,0.55,0.25,0.28,141,Grain filling,Sprinkler,Coconut,11161,91,Kharif,141
8222,RJ021,22.48,81.2,FLD08222,5610,Coconut,Plantation,Year-round,Humid,206,36,183,6.7,0.53,Loam,31,7.6,2969,2474,1026,1833,2229,26.2,26.2,76,5.1,1.19,0.68,0.74,0.02,0.63,0.63,0.67,0.7,0.74,0.73,0.52,0.53,0.24,0.3,149,Tuber development,Surface,Coconut,7106,0,Kharif,149
8226,GJ006,20.85,73.53,FLD08226,14846,Coconut,Plantation,Year-round,Coastal,232,47,199,6.0,0.98,Laterite,24,8.2,2326,1895,818,1183,1765,28.8,28.8,80,5.8,1.19,0.67,0.72,0.014,0.65,0.65,0.64,0.69,0.7,0.72,0.53,0.54,0.24,0.28,162,Reproductive,Surface,Coconut,20235,0,Kharif,162
8228,AP031,23.59,86.3,FLD08228,7807,Coconut,Plantation,Year-round,Semi-Arid,259,32,231,7.2,0.67,Sandy Clay,29,13.8,630,573,238,451,493,29.3,29.3,55,5.9,1.19,0.69,0.73,0.012,0.66,0.63,0.69,0.69,0.73,0.72,0.56,0.53,0.24,0.3,162,Flush,Sprinkler,Coconut,10775,0,Kharif,162
8233,MP007,14.64,81.86,FLD08233,11006,Coconut,Plantation,Year-round,Coastal,287,42,180,7.0,0.69,Clay Loam,38,6.8,2269,2139,907,1624,1923,28.5,28.5,71,5.9,1.19,0.67,0.7,0.01,0.65,0.62,0.69,0.67,0.7,0.7,0.56,0.52,0.29,0.32,141,Pod formation,Sprinkler,Coconut,15094,0,Kharif,141
8234,MH024,18.22,89.22,FLD08234,8082,Coconut,Plantation,Year-round,Arid,214,32,171,6.1,0.65,Clay Loam,30,20.7,429,370,123,273,332,30.9,30.9,46,5.6,1.19,0.67,0.72,0.012,0.63,0.63,0.64,0.72,0.72,0.69,0.55,0.53,0.32,0.32,155,Tuber development,Sprinkler,Coconut,9867,0,Kharif,155
8235,RJ014,11.26,76.1,FLD08235,16342,Coconut,Plantation,Year-round,Sub-Humid,181,40,198,6.8,0.59,Sandy Clay,23,8.1,871,747,293,499,691,27.6,27.6,76,5.9,1.19,0.69,0.74,0.022,0.63,0.64,0.67,0.73,0.7,0.74,0.53,0.53,0.26,0.32,151,Flowering,Sprinkler,Coconut,19427,0,Kharif,151
8238,HR049,33.14,76.64,FLD08238,19332,Coconut,Plantation,Year-round,Mountain,282,40,232,5.9,0.84,Sandy Loam,22,12.6,905,698,237,539,595,20.3,20.3,80,5.8,1.19,0.67,0.7,0.012,0.64,0.65,0.66,0.69,0.7,0.7,0.56,0.53,0.31,0.26,167,Tuber development,Sprinkler,Coconut,24043,0,Kharif,167
8239,KA001,11.73,72.18,FLD08239,11828,Coconut,Plantation,Year-round,Sub-Humid,217,34,236,7.5,0.56,Sandy,34,10.3,911,824,281,596,743,29.2,29.2,76,5.7,1.19,0.68,0.73,0.018,0.64,0.63,0.68,0.69,0.71,0.73,0.54,0.55,0.24,0.27,144,Tuber bulking,Drip,Coconut,14477,0,Kharif,144
8240,UP038,29.04,77.24,FLD08240,11448,Coconut,Plantation,Year-round,Humid,253,28,240,6.5,0.88,Clay Loam,26,9.6,3041,2292,905,1410,2076,26.3,26.3,75,6.2,1.19,0.68,0.75,0.022,0.64,0.66,0.66,0.67,0.7,0.75,0.55,0.55,0.28,0.22,164,Fruiting,Drip,Coconut,15057,0,Kharif,164
8241,GJ008,24.21,82.43,FLD08241,10458,Coconut,Plantation,Year-round,Plateau,275,32,220,6.5,0.85,Sandy,21,14.1,895,745,282,536,701,29.8,29.8,62,6.5,1.19,0.67,0.7,0.008,0.66,0.63,0.66,0.7,0.69,0.7,0.54,0.53,0.29,0.29,155,Tuber bulking,Surface,Coconut,12696,0,Kharif,155
8245,MP050,16.92,84.75,FLD08245,10904,Coconut,Plantation,Year-round,Coastal,227,42,180,6.9,0.91,Sandy,37,11.8,1227,1076,463,761,1011,29.9,29.9,80,6.1,1.19,0.68,0.72,0.01,0.65,0.65,0.68,0.72,0.69,0.7,0.53,0.55,0.28,0.29,154,Grain filling,Drip,Coconut,14370,0,Kharif,154
8246,GJ016,29.06,93.06,FLD08246,5400,Coconut,Plantation,Year-round,Mountain,227,30,171,6.1,0.54,Clay Loam,23,9.9,1511,1351,489,951,1279,19.7,19.7,68,5.9,1.19,0.69,0.74,0.022,0.62,0.66,0.68,0.68,0.74,0.73,0.52,0.58,0.29,0.32,159,Reproductive,Surface,Coconut,6391,0,Kharif,159
8248,UP040,12.49,85.17,FLD08248,16528,Coconut,Plantation,Year-round,Humid,284,45,197,7.3,0.53,Sandy,28,7.5,2316,2033,816,1456,1808,25.9,25.9,80,6.2,1.19,0.68,0.72,0.014,0.65,0.63,0.67,0.67,0.72,0.72,0.56,0.53,0.31,0.32,145,Bearing,Sprinkler,Coconut,20533,0,Kharif,145
8250,AP035,21.35,86.66,FLD08250,16468,Coconut,Plantation,Year-round,Humid,240,40,221,6.5,0.92,Sandy Loam,20,6.0,1856,1527,633,1197,1438,25.6,25.6,84,5.7,1.19,0.68,0.72,0.014,0.64,0.63,0.68,0.7,0.72,0.71,0.56,0.53,0.24,0.32,156,Mature,Drip,Coconut,20761,0,Kharif,156
8251,MP035,14.94,87.79,FLD08251,6056,Arecanut,Plantation,Year-round,Plateau,309,37,223,7.6,0.63,Sandy Loam,21,13.6,1134,993,305,717,886,27.6,27.6,67,5.0,1.17,0.69,0.72,0.004,0.67,0.67,0.67,0.72,0.69,0.69,0.57,0.59,0.26,0.3,143,Tillering,Drip,Arecanut,1508,0,Kharif,143
8253,TN016,23.37,87.15,FLD08253,9063,Arecanut,Plantation,Year-round,Sub-Humid,202,30,174,6.4,0.74,Clay Loam,29,12.0,930,832,324,570,729,27.4,27.4,76,6.3,1.17,0.68,0.7,0.008,0.66,0.66,0.68,0.67,0.69,0.7,0.55,0.54,0.23,0.25,154,Reproductive,Sprinkler,Arecanut,2008,0,Kharif,154
8254,UP031,33.86,81.08,FLD08254,13957,Arecanut,Plantation,Year-round,Mountain,280,44,187,6.1,0.77,Laterite,27,14.8,2465,2065,756,1459,1862,16.9,16.9,73,6.1,1.17,0.68,0.74,0.02,0.64,0.63,0.68,0.69,0.71,0.74,0.54,0.54,0.3,0.31,167,Bearing,Surface,Arecanut,3329,0,Kharif,167
8256,KA031,13.11,81.53,FLD08256,11337,Arecanut,Plantation,Year-round,Coastal,228,48,229,7.1,0.65,Sandy Loam,30,7.3,1171,1020,373,750,916,30.1,30.1,78,6.3,1.17,0.67,0.71,0.004,0.67,0.65,0.63,0.71,0.69,0.69,0.57,0.55,0.22,0.28,165,Flowering,Sprinkler,Arecanut,2909,0,Kharif,165
8258,TN022,20.88,82.12,FLD08258,7150,Arecanut,Plantation,Year-round,Coastal,309,28,240,6.0,0.75,Loam,38,9.1,1898,1706,538,1085,1528,28.5,28.5,82,5.3,1.17,0.69,0.74,0.022,0.63,0.66,0.69,0.68,0.73,0.74,0.55,0.55,0.29,0.23,151,Flush,Drip,Arecanut,1750,0,Kharif,151
8259,HR042,29.35,74.65,FLD08259,5446,Arecanut,Plantation,Year-round,Plateau,235,46,224,6.2,0.54,Clay Loam,23,14.6,1156,942,304,723,864,28.2,28.2,74,6.0,1.17,0.69,0.74,0.016,0.66,0.65,0.68,0.71,0.73,0.74,0.57,0.56,0.22,0.28,151,Reproductive,Drip,Arecanut,1263,0,Kharif,151
8260,PB050,20.72,87.64,FLD08260,7471,Arecanut,Plantation,Year-round,Coastal,313,28,227,6.8,0.82,Sandy,25,8.0,1033,977,417,643,890,29.0,29.0,74,6.1,1.17,0.68,0.73,0.022,0.62,0.62,0.67,0.71,0.73,0.73,0.52,0.52,0.33,0.24,150,Tuber development,Surface,Arecanut,1793,0,Kharif,150
8261,TN022,28.63,91.14,FLD08261,16258,Arecanut,Plantation,Year-round,Mountain,278,47,227,7.5,0.54,Clay,27,11.1,1425,1121,359,704,1021,20.0,20.0,79,5.1,1.17,0.68,0.75,0.02,0.65,0.64,0.64,0.69,0.71,0.75,0.55,0.56,0.26,0.31,164,Grain filling,Drip,Arecanut,3906,0,Kharif,164
8263,KA034,20.42,83.27,FLD08263,5462,Arecanut,Plantation,Year-round,Coastal,185,43,217,6.2,0.58,Laterite,24,11.8,1703,1436,550,973,1271,28.8,28.8,80,5.7,1.17,0.69,0.74,0.02,0.64,0.66,0.65,0.72,0.72,0.74,0.53,0.57,0.28,0.23,165,Boll formation,Sprinkler,Arecanut,1423,0,Kharif,165
8264,AP041,25.71,86.45,FLD08264,11510,Arecanut,Plantation,Year-round,Semi-Arid,309,51,201,7.4,0.8,Clay Loam,33,10.2,684,608,205,447,559,28.2,28.2,67,5.0,1.17,0.68,0.72,0.016,0.63,0.66,0.69,0.72,0.69,0.71,0.55,0.56,0.29,0.25,163,Pod formation,Drip,Arecanut,3131,0,Kharif,163
8265,RJ023,30.99,84.56,FLD08265,7843,Arecanut,Plantation,Year-round,Mountain,275,33,178,6.5,0.83,Clay Loam,35,10.9,1435,1161,392,907,1084,22.4,22.4,81,5.6,1.17,0.69,0.73,0.02,0.62,0.65,0.68,0.73,0.71,0.72,0.53,0.57,0.32,0.24,164,Bulbing,Sprinkler,Arecanut,1749,0,Kharif,164
8267,UP026,31.71,88.73,FLD08267,12538,Arecanut,Plantation,Year-round,Mountain,314,43,212,5.8,0.64,Clay Loam,30,11.9,2453,2164,690,1520,1920,18.4,18.4,63,6.3,1.17,0.68,0.71,0.004,0.67,0.62,0.68,0.71,0.69,0.69,0.57,0.55,0.24,0.24,148,Tuber bulking,Sprinkler,Arecanut,3380,0,Kharif,148
8268,AP025,10.15,71.01,FLD08268,18977,Arecanut,Plantation,Year-round,Semi-Arid,208,48,177,7.6,0.73,Laterite,21,12.0,513,447,134,329,384,29.9,29.9,68,5.6,1.17,0.69,0.73,0.014,0.66,0.65,0.67,0.72,0.7,0.73,0.55,0.56,0.26,0.25,143,Reproductive,Drip,Arecanut,4281,0,Kharif,143
8274,KA016,25.86,77.82,FLD08274,14687,Arecanut,Plantation,Year-round,Mountain,310,37,186,6.1,0.75,Sandy Clay,33,8.2,1862,1635,524,1207,1535,24.4,24.4,70,5.6,1.17,0.67,0.72,0.02,0.62,0.63,0.66,0.69,0.71,0.72,0.51,0.55,0.28,0.23,147,Grand growth,Surface,Arecanut,3475,0,Kharif,147
8275,TN020,18.77,77.92,FLD08275,18878,Arecanut,Plantation,Year-round,Semi-Arid,310,29,212,7.4,0.81,Loam,22,16.5,813,668,219,524,602,29.9,29.9,60,5.9,1.17,0.68,0.73,0.014,0.66,0.62,0.67,0.67,0.72,0.73,0.57,0.54,0.25,0.24,140,Bulbing,Drip,Arecanut,4553,0,Kharif,140
8279,TN015,29.92,91.93,FLD08279,5548,Arecanut,Plantation,Year-round,Mountain,187,48,199,7.8,0.71,Clay,26,11.7,1451,1336,567,998,1162,22.1,22.1,68,6.2,1.17,0.67,0.73,0.022,0.62,0.62,0.64,0.7,0.71,0.73,0.53,0.51,0.26,0.28,145,Nut development,Sprinkler,Arecanut,1208,0,Kharif,145
8281,GJ042,25.97,94.69,FLD08281,19862,Arecanut,Plantation,Year-round,Mountain,258,50,240,6.3,0.51,Sandy,35,12.0,1439,1279,442,910,1123,22.9,22.9,75,6.3,1.17,0.69,0.75,0.022,0.64,0.66,0.67,0.67,0.73,0.75,0.53,0.57,0.29,0.26,169,Bearing,Sprinkler,Arecanut,4859,0,Kharif,169
8282,AP044,14.48,79.35,FLD08282,8790,Arecanut,Plantation,Year-round,Sub-Humid,216,47,198,7.7,0.59,Clay,29,12.8,953,802,283,564,734,27.4,27.4,71,6.3,1.17,0.68,0.74,0.014,0.65,0.64,0.64,0.68,0.74,0.72,0.56,0.54,0.22,0.24,155,Bulbing,Surface,Arecanut,2085,0,Kharif,155
8283,KA047,22.36,72.34,FLD08283,5613,Arecanut,Plantation,Year-round,Arid,225,52,188,6.2,0.53,Loam,36,24.2,282,238,72,190,213,32.8,32.8,56,5.8,1.17,0.69,0.73,0.014,0.65,0.65,0.68,0.71,0.73,0.72,0.57,0.54,0.25,0.25,160,Bulbing,Drip,Arecanut,1790,0,Kharif,160
8285,UP045,20.49,78.13,FLD08285,17779,Arecanut,Plantation,Year-round,Coastal,201,46,174,6.6,0.5,Sandy,22,9.0,2652,2186,865,1580,1997,30.7,30.7,75,5.6,1.17,0.68,0.72,0.014,0.65,0.64,0.66,0.68,0.71,0.72,0.54,0.54,0.24,0.24,143,Reproductive,Surface,Arecanut,4010,0,Kharif,143
8286,KA003,25.93,85.36,FLD08286,11581,Arecanut,Plantation,Year-round,Plateau,208,49,179,6.4,0.64,Clay,30,13.3,896,698,250,469,630,26.0,26.0,76,6.1,1.17,0.68,0.72,0.012,0.66,0.63,0.68,0.69,0.71,0.72,0.57,0.53,0.24,0.33,161,Vegetative,Surface,Arecanut,2780,0,Kharif,161
8287,HR008,20.61,89.53,FLD08287,7735,Arecanut,Plantation,Year-round,Plateau,202,52,204,7.5,0.72,Clay Loam,25,11.2,858,697,232,438,611,29.1,29.1,62,6.1,1.17,0.68,0.74,0.012,0.64,0.65,0.66,0.68,0.74,0.7,0.56,0.57,0.3,0.23,151,Flowering,Surface,Arecanut,1769,0,Kharif,151
8289,MP005,29.69,82.03,FLD08289,7795,Arecanut,Plantation,Year-round,Mountain,219,29,196,6.2,0.77,Laterite,37,12.4,1460,1282,403,777,1094,20.1,20.1,73,5.4,1.17,0.68,0.73,0.018,0.62,0.64,0.66,0.72,0.73,0.71,0.53,0.53,0.32,0.27,153,Bearing,Sprinkler,Arecanut,1859,0,Kharif,153
8292,TN012,15.98,79.62,FLD08292,15857,Arecanut,Plantation,Year-round,Coastal,289,50,210,7.7,0.65,Clay,37,7.8,2615,2238,744,1694,2054,29.3,29.3,82,5.1,1.17,0.68,0.73,0.018,0.63,0.64,0.66,0.69,0.73,0.72,0.54,0.53,0.25,0.27,141,Bulbing,Sprinkler,Arecanut,4073,0,Kharif,141
8294,AP046,17.2,72.61,FLD08294,5959,Arecanut,Plantation,Year-round,Coastal,181,43,223,6.3,0.84,Laterite,26,7.0,1739,1311,436,1032,1199,30.1,30.1,79,6.1,1.17,0.7,0.74,0.016,0.66,0.67,0.67,0.7,0.74,0.74,0.58,0.57,0.25,0.23,165,Rhizome development,Surface,Arecanut,1498,0,Kharif,165
8295,MP029,22.2,80.24,FLD08295,5813,Arecanut,Plantation,Year-round,Arid,200,30,189,6.7,0.51,Clay Loam,28,18.9,279,247,98,167,214,30.3,30.3,54,5.1,1.17,0.68,0.72,0.02,0.62,0.63,0.68,0.72,0.7,0.72,0.51,0.53,0.27,0.23,169,Flush,Drip,Arecanut,1689,0,Kharif,169
8296,HR017,11.56,70.45,FLD08296,12870,Arecanut,Plantation,Year-round,Plateau,194,29,217,6.1,0.82,Clay,31,11.7,933,707,220,556,660,26.4,26.4,72,6.3,1.17,0.67,0.71,0.014,0.64,0.64,0.66,0.7,0.69,0.71,0.55,0.53,0.29,0.26,149,Nut development,Drip,Arecanut,3131,0,Kharif,149
8297,UP042,29.79,77.89,FLD08297,12664,Arecanut,Plantation,Year-round,Sub-Humid,201,28,204,7.7,0.59,Clay Loam,30,11.2,885,838,371,512,761,28.7,28.7,69,5.8,1.17,0.69,0.74,0.018,0.65,0.65,0.64,0.71,0.72,0.74,0.57,0.57,0.28,0.31,150,Flush,Drip,Arecanut,2779,0,Kharif,150
8299,MP006,31.83,85.95,FLD08299,6100,Arecanut,Plantation,Year-round,Mountain,186,48,214,7.0,0.84,Clay Loam,21,12.8,1930,1646,630,1053,1430,24.8,24.8,80,6.0,1.17,0.67,0.73,0.02,0.63,0.62,0.65,0.7,0.7,0.73,0.52,0.54,0.25,0.29,149,Grand growth,Sprinkler,Arecanut,1531,0,Kharif,149
8305,MH022,19.58,80.68,FLD08305,9916,Arecanut,Plantation,Year-round,Coastal,213,46,200,7.0,0.75,Laterite,24,6.6,2054,1732,680,1362,1561,30.9,30.9,80,5.1,1.17,0.67,0.74,0.024,0.62,0.62,0.65,0.68,0.69,0.74,0.53,0.53,0.32,0.26,169,Flush,Surface,Arecanut,2450,0,Kharif,169
8308,UP043,15.44,84.87,FLD08308,14987,Arecanut,Plantation,Year-round,Humid,192,47,205,5.8,0.8,Laterite,34,8.3,1221,1001,345,654,886,26.0,26.0,83,5.1,1.17,0.69,0.74,0.016,0.64,0.64,0.66,0.71,0.74,0.72,0.54,0.53,0.24,0.31,154,Bulbing,Sprinkler,Arecanut,3732,0,Kharif,154
8310,AP046,21.83,75.94,FLD08310,17495,Arecanut,Plantation,Year-round,Semi-Arid,235,48,238,6.7,0.64,Sandy Clay,25,11.2,523,476,206,338,418,30.6,30.6,55,5.4,1.17,0.67,0.74,0.022,0.63,0.66,0.66,0.67,0.69,0.74,0.54,0.55,0.3,0.23,147,Rhizome development,Drip,Arecanut,4116,0,Kharif,147
8313,RJ012,29.46,88.16,FLD08313,16404,Arecanut,Plantation,Year-round,Semi-Arid,315,47,188,7.6,0.92,Sandy Clay,25,11.9,637,509,175,405,460,29.8,29.8,61,6.0,1.17,0.69,0.73,0.016,0.65,0.64,0.69,0.72,0.69,0.73,0.57,0.53,0.23,0.25,163,Reproductive,Sprinkler,Arecanut,3870,0,Kharif,163
8314,GJ030,30.74,88.03,FLD08314,6084,Arecanut,Plantation,Year-round,Mountain,305,42,197,7.8,0.56,Loam,30,7.2,1620,1275,553,834,1125,22.2,22.2,61,4.9,1.17,0.69,0.74,0.022,0.63,0.65,0.69,0.72,0.72,0.74,0.52,0.56,0.29,0.29,162,Nut development,Sprinkler,Arecanut,1476,0,Kharif,162
8315,MH030,15.31,80.19,FLD08315,11870,Arecanut,Plantation,Year-round,Arid,225,28,177,7.4,0.82,Sandy,25,19.0,467,420,147,268,366,35.5,35.5,47,4.9,1.17,0.67,0.74,0.018,0.62,0.62,0.66,0.67,0.74,0.71,0.51,0.53,0.24,0.26,170,Nut development,Drip,Arecanut,2524,0,Kharif,170
8317,PB020,18.68,79.96,FLD08317,5598,Arecanut,Plantation,Year-round,Humid,218,38,237,6.7,0.74,Loam,22,8.1,3190,2846,1151,2099,2464,28.0,28.0,80,5.8,1.17,0.68,0.74,0.018,0.65,0.61,0.66,0.69,0.72,0.74,0.55,0.51,0.28,0.24,146,Tuber bulking,Surface,Arecanut,1367,0,Kharif,146
8319,AP020,9.17,70.28,FLD08319,12344,Arecanut,Plantation,Year-round,Coastal,207,34,181,7.8,0.9,Clay,26,8.7,831,760,258,502,684,30.1,30.1,81,6.3,1.17,0.69,0.75,0.02,0.65,0.66,0.65,0.69,0.72,0.75,0.57,0.56,0.27,0.31,158,Reproductive,Drip,Arecanut,2737,0,Kharif,158
8321,PB014,29.43,81.64,FLD08321,19866,Arecanut,Plantation,Year-round,Mountain,192,51,188,7.5,0.71,Clay,38,10.1,2861,2272,928,1752,2128,19.9,19.9,66,6.3,1.17,0.67,0.72,0.018,0.63,0.63,0.67,0.67,0.71,0.72,0.52,0.55,0.25,0.29,159,Vegetative,Surface,Arecanut,4461,0,Kharif,159
8323,MP002,15.88,82.36,FLD08323,9377,Arecanut,Plantation,Year-round,Arid,276,48,201,6.9,0.55,Sandy,35,16.2,414,337,142,245,287,30.9,30.9,47,5.6,1.17,0.69,0.74,0.016,0.66,0.62,0.67,0.73,0.69,0.74,0.58,0.54,0.26,0.26,161,Reproductive,Drip,Arecanut,2378,0,Kharif,161
8328,MP001,15.61,75.52,FLD08328,17555,Arecanut,Plantation,Year-round,Sub-Humid,231,32,180,7.1,0.97,Sandy Loam,22,8.3,1012,821,354,653,755,29.8,29.8,75,6.3,1.17,0.68,0.75,0.014,0.64,0.62,0.67,0.71,0.75,0.71,0.53,0.53,0.26,0.29,169,Grain filling,Sprinkler,Arecanut,3858,0,Kharif,169
8329,KA018,18.18,81.45,FLD08329,15074,Arecanut,Plantation,Year-round,Sub-Humid,264,40,173,7.1,0.53,Sandy Clay,33,8.5,883,757,276,497,710,29.1,29.1,76,6.3,1.17,0.67,0.73,0.016,0.62,0.63,0.64,0.69,0.73,0.7,0.53,0.54,0.32,0.23,140,Tuber development,Drip,Arecanut,3770,0,Kharif,140
8330,MH017,12.35,88.73,FLD08330,13297,Arecanut,Plantation,Year-round,Sub-Humid,320,45,185,6.5,0.58,Loam,23,12.1,1146,887,314,625,786,27.2,27.2,69,5.5,1.17,0.69,0.75,0.022,0.64,0.66,0.63,0.71,0.72,0.75,0.56,0.54,0.28,0.25,153,Nut development,Sprinkler,Arecanut,3372,0,Kharif,153
8331,HR010,31.73,75.45,FLD08331,14430,Arecanut,Plantation,Year-round,Mountain,217,31,212,6.6,0.73,Sandy Clay,37,10.4,2443,1870,696,1416,1608,25.9,25.9,72,5.3,1.17,0.68,0.73,0.012,0.64,0.63,0.66,0.71,0.73,0.7,0.54,0.53,0.29,0.26,155,Vegetative,Drip,Arecanut,3485,0,Kharif,155
8332,MH044,24.67,86.89,FLD08332,12981,Arecanut,Plantation,Year-round,Arid,198,52,193,7.3,0.76,Loam,37,20.1,406,373,113,248,326,30.6,30.6,54,5.0,1.17,0.68,0.72,0.012,0.66,0.63,0.68,0.67,0.72,0.72,0.56,0.55,0.31,0.25,170,Flush,Drip,Arecanut,3364,0,Kharif,170
8333,MH007,10.63,71.63,FLD08333,5030,Arecanut,Plantation,Year-round,Semi-Arid,214,38,201,7.3,0.67,Sandy,31,14.7,736,666,220,504,595,30.2,30.2,55,6.2,1.17,0.68,0.72,0.022,0.61,0.64,0.68,0.72,0.71,0.72,0.51,0.53,0.31,0.26,163,Tuber bulking,Sprinkler,Arecanut,1230,0,Kharif,163
8335,MP002,18.02,80.87,FLD08335,9694,Arecanut,Plantation,Year-round,Semi-Arid,315,48,188,6.4,0.73,Sandy,29,11.1,850,778,234,598,704,28.4,28.4,59,5.7,1.17,0.67,0.72,0.012,0.64,0.63,0.64,0.72,0.7,0.7,0.53,0.55,0.3,0.29,143,Pod formation,Drip,Arecanut,2385,0,Kharif,143
8337,PB049,18.29,86.17,FLD08337,13970,Arecanut,Plantation,Year-round,Semi-Arid,200,32,232,7.4,0.76,Clay,29,17.5,518,418,183,303,389,28.9,28.9,57,5.0,1.17,0.69,0.73,0.012,0.66,0.66,0.68,0.72,0.73,0.72,0.57,0.55,0.28,0.26,156,Nut development,Drip,Arecanut,3478,0,Kharif,156
8338,GJ011,28.25,70.64,FLD08338,13690,Arecanut,Plantation,Year-round,Plateau,243,48,233,5.9,0.73,Laterite,22,11.0,1256,1025,407,661,941,26.3,26.3,66,5.6,1.17,0.66,0.72,0.02,0.62,0.62,0.64,0.7,0.69,0.72,0.54,0.53,0.26,0.29,150,Tuber development,Sprinkler,Arecanut,3304,0,Kharif,150
8340,MP030,26.26,71.49,FLD08340,6305,Arecanut,Plantation,Year-round,Humid,213,33,224,6.1,0.86,Laterite,28,7.7,2774,2418,976,1634,2163,27.6,27.6,81,5.4,1.17,0.67,0.72,0.012,0.66,0.62,0.64,0.7,0.71,0.72,0.57,0.53,0.32,0.28,148,Grand growth,Drip,Arecanut,1449,0,Kharif,148
8344,HR036,19.42,87.75,FLD08344,8165,Arecanut,Plantation,Year-round,Sub-Humid,218,43,214,6.9,0.85,Sandy Loam,32,9.1,1104,870,335,672,804,29.6,29.6,68,5.7,1.17,0.67,0.74,0.02,0.64,0.64,0.64,0.68,0.69,0.74,0.54,0.56,0.3,0.3,170,Vegetative,Drip,Arecanut,1885,0,Kharif,170
8347,KA003,24.3,82.09,FLD08347,19478,Arecanut,Plantation,Year-round,Sub-Humid,309,45,197,6.8,0.8,Laterite,27,9.8,1170,933,413,717,825,28.9,28.9,75,5.0,1.17,0.68,0.74,0.014,0.64,0.67,0.66,0.68,0.74,0.71,0.56,0.57,0.32,0.31,144,Nut development,Sprinkler,Arecanut,4757,0,Kharif,144
8351,HR047,23.34,85.75,FLD08351,9436,Arecanut,Plantation,Year-round,Arid,236,46,176,6.9,0.94,Clay Loam,22,21.0,294,236,90,176,206,32.9,32.9,47,5.4,1.17,0.68,0.71,0.016,0.62,0.66,0.66,0.71,0.71,0.7,0.51,0.55,0.32,0.31,167,Tillering,Drip,Arecanut,2860,0,Kharif,167
8352,GJ034,25.58,84.48,FLD08352,14789,Arecanut,Plantation,Year-round,Humid,272,39,220,7.4,0.96,Sandy Loam,34,9.9,1829,1651,633,1279,1558,28.4,28.4,84,6.1,1.17,0.68,0.71,0.012,0.65,0.67,0.65,0.69,0.69,0.71,0.54,0.56,0.28,0.25,155,Rhizome development,Surface,Arecanut,3664,0,Kharif,155
8353,MH050,28.6,71.79,FLD08353,12794,Arecanut,Plantation,Year-round,Arid,266,39,172,5.9,0.96,Loam,27,24.5,490,374,150,276,344,32.0,32.0,52,6.3,1.17,0.69,0.73,0.012,0.65,0.65,0.68,0.73,0.72,0.71,0.57,0.56,0.25,0.23,149,Rhizome development,Drip,Arecanut,2984,0,Kharif,149
8354,KA009,25.41,88.22,FLD08354,8788,Arecanut,Plantation,Year-round,Semi-Arid,228,49,239,6.3,0.57,Loam,30,13.2,692,539,188,414,509,30.8,30.8,66,6.3,1.17,0.68,0.71,0.008,0.65,0.67,0.69,0.69,0.71,0.69,0.57,0.59,0.24,0.31,165,Tillering,Sprinkler,Arecanut,2109,0,Kharif,165
8355,MP039,24.77,85.82,FLD08355,7886,Arecanut,Plantation,Year-round,Arid,292,49,222,6.3,0.66,Sandy Clay,36,21.4,253,220,69,169,188,34.5,34.5,55,5.7,1.17,0.7,0.73,0.012,0.66,0.65,0.69,0.73,0.73,0.72,0.56,0.57,0.28,0.32,147,Tuber bulking,Drip,Arecanut,2923,106,Kharif,147
8356,PB005,23.76,80.77,FLD08356,19535,Arecanut,Plantation,Year-round,Plateau,250,46,184,6.3,0.55,Loam,24,14.6,1165,973,356,772,915,31.7,31.7,69,5.0,1.17,0.68,0.73,0.014,0.62,0.64,0.67,0.71,0.73,0.69,0.54,0.53,0.24,0.28,168,Tillering,Drip,Arecanut,4683,0,Kharif,168
8357,TN020,27.19,89.13,FLD08357,5856,Arecanut,Plantation,Year-round,Mountain,312,44,208,6.2,0.83,Sandy,33,13.2,1912,1498,622,1065,1365,16.9,16.9,62,6.3,1.17,0.68,0.74,0.022,0.63,0.65,0.65,0.71,0.7,0.74,0.52,0.56,0.31,0.3,145,Tuber bulking,Drip,Arecanut,1511,0,Kharif,145
8359,AP009,10.52,76.23,FLD08359,17067,Arecanut,Plantation,Year-round,Semi-Arid,235,40,228,7.7,0.82,Sandy Clay,38,10.1,630,544,209,412,497,29.9,29.9,62,6.0,1.17,0.68,0.73,0.018,0.64,0.62,0.68,0.71,0.7,0.73,0.55,0.53,0.29,0.29,142,Nut development,Drip,Arecanut,4292,0,Kharif,142
8360,PB016,13.91,87.81,FLD08360,16485,Arecanut,Plantation,Year-round,Coastal,274,47,231,5.9,0.88,Clay,26,9.4,2587,2355,1033,1796,2072,30.1,30.1,72,5.0,1.17,0.67,0.7,0.006,0.66,0.64,0.66,0.68,0.7,0.69,0.54,0.54,0.32,0.29,152,Bearing,Surface,Arecanut,3880,0,Kharif,152
8361,HR050,27.93,71.18,FLD08361,14712,Arecanut,Plantation,Year-round,Sub-Humid,277,42,200,6.2,0.82,Sandy Clay,23,10.7,927,787,348,608,675,27.9,27.9,71,6.1,1.17,0.68,0.72,0.016,0.64,0.63,0.66,0.72,0.71,0.72,0.55,0.54,0.31,0.28,153,Grain filling,Surface,Arecanut,3596,0,Kharif,153
8365,HR006,10.52,70.08,FLD08365,12976,Arecanut,Plantation,Year-round,Semi-Arid,221,49,210,6.0,0.97,Laterite,37,10.5,551,518,215,386,467,30.2,30.2,68,6.1,1.17,0.69,0.73,0.014,0.64,0.67,0.67,0.69,0.73,0.71,0.53,0.59,0.31,0.29,160,Pod formation,Drip,Arecanut,3381,0,Kharif,160
8366,MH004,17.47,73.8,FLD08366,5101,Arecanut,Plantation,Year-round,Plateau,280,52,202,6.4,0.86,Sandy Loam,28,9.7,942,746,282,476,670,28.4,28.4,70,5.5,1.17,0.68,0.73,0.016,0.65,0.66,0.63,0.7,0.69,0.73,0.55,0.55,0.32,0.26,166,Nut development,Drip,Arecanut,1294,0,Kharif,166
8374,MP042,25.72,81.95,FLD08374,9232,Arecanut,Plantation,Year-round,Mountain,288,49,232,6.9,0.84,Laterite,25,14.6,2471,1940,865,1489,1829,19.8,19.8,70,4.9,1.17,0.68,0.72,0.02,0.62,0.66,0.64,0.72,0.71,0.72,0.52,0.55,0.27,0.28,143,Vegetative,Drip,Arecanut,2501,0,Kharif,143
8375,GJ012,23.04,76.35,FLD08375,10152,Arecanut,Plantation,Year-round,Plateau,250,48,210,6.4,0.72,Laterite,24,11.1,1129,870,352,522,780,26.5,26.5,76,5.2,1.17,0.68,0.72,0.008,0.66,0.64,0.67,0.69,0.72,0.7,0.55,0.56,0.24,0.27,170,Bearing,Surface,Arecanut,2371,0,Kharif,170
8376,KA050,26.8,80.57,FLD08376,17103,Arecanut,Plantation,Year-round,Mountain,298,33,201,7.1,0.64,Loam,23,12.3,2056,1561,547,1192,1352,17.3,17.3,73,5.1,1.17,0.66,0.7,0.012,0.63,0.62,0.65,0.7,0.7,0.69,0.52,0.53,0.27,0.31,142,Nut development,Drip,Arecanut,4261,0,Kharif,142
8384,KA040,13.57,88.17,FLD08384,15816,Arecanut,Plantation,Year-round,Coastal,291,48,174,6.1,0.57,Loam,23,11.4,2137,1843,570,1407,1591,29.3,29.3,72,5.8,1.17,0.66,0.72,0.014,0.63,0.62,0.63,0.72,0.69,0.7,0.53,0.54,0.28,0.25,142,Bearing,Drip,Arecanut,3685,0,Kharif,142
8386,MH013,19.18,77.81,FLD08386,13336,Arecanut,Plantation,Year-round,Coastal,285,51,198,7.0,0.94,Clay Loam,29,7.6,2633,2097,730,1355,1916,28.6,28.6,77,5.5,1.17,0.67,0.71,0.018,0.62,0.63,0.69,0.7,0.69,0.71,0.53,0.54,0.29,0.29,163,Vegetative,Surface,Arecanut,3424,0,Kharif,163
8388,MH050,11.06,71.69,FLD08388,6078,Arecanut,Plantation,Year-round,Plateau,248,30,183,6.9,0.69,Clay,27,8.9,962,818,302,539,757,26.6,26.6,74,5.1,1.17,0.69,0.73,0.016,0.65,0.66,0.66,0.72,0.73,0.73,0.54,0.54,0.26,0.31,161,Pod formation,Sprinkler,Arecanut,1335,0,Kharif,161
8389,GJ018,28.48,80.06,FLD08389,11636,Arecanut,Plantation,Year-round,Plateau,205,34,201,6.3,0.84,Clay,21,8.4,1272,1111,459,691,955,31.8,31.8,73,4.9,1.17,0.68,0.74,0.01,0.65,0.61,0.68,0.71,0.74,0.7,0.56,0.53,0.27,0.25,166,Rhizome development,Surface,Arecanut,2694,0,Kharif,166
8390,MP015,23.13,80.51,FLD08390,19907,Arecanut,Plantation,Year-round,Semi-Arid,287,39,233,5.8,0.67,Sandy,27,12.4,696,647,214,432,591,28.2,28.2,67,5.7,1.17,0.68,0.74,0.014,0.62,0.66,0.65,0.71,0.74,0.69,0.54,0.56,0.3,0.29,150,Grand growth,Drip,Arecanut,4976,0,Kharif,150
8396,HR006,11.98,89.06,FLD08396,16296,Arecanut,Plantation,Year-round,Sub-Humid,281,49,202,7.3,0.78,Sandy,22,8.6,1091,1002,418,625,915,28.1,28.1,70,5.2,1.17,0.68,0.71,0.008,0.65,0.67,0.68,0.71,0.7,0.69,0.56,0.56,0.25,0.27,165,Boll formation,Drip,Arecanut,3902,0,Kharif,165
8397,TN047,15.64,83.91,FLD08397,11608,Arecanut,Plantation,Year-round,Humid,231,45,191,5.9,0.96,Sandy Loam,31,10.0,3115,2603,911,1867,2322,25.3,25.3,76,5.7,1.17,0.67,0.72,0.016,0.62,0.67,0.64,0.67,0.72,0.7,0.52,0.56,0.29,0.27,169,Mature,Drip,Arecanut,2643,0,Kharif,169
8398,UP040,21.41,82.96,FLD08398,5135,Arecanut,Plantation,Year-round,Coastal,213,50,197,7.6,0.7,Clay Loam,32,8.7,2785,2547,967,2031,2168,28.9,28.9,77,5.0,1.17,0.68,0.73,0.022,0.62,0.65,0.66,0.68,0.73,0.73,0.54,0.54,0.24,0.27,148,Tuber bulking,Drip,Arecanut,1329,0,Kharif,148
8401,AP031,29.17,83.85,FLD08401,5718,Cashew,Plantation,Year-round,Plateau,229,31,182,7.5,0.93,Loam,36,9.4,954,770,315,579,707,29.5,29.5,63,6.3,1.15,0.68,0.74,0.014,0.64,0.67,0.66,0.67,0.74,0.71,0.55,0.57,0.24,0.3,156,Boll formation,Drip,Cashew,624,0,Kharif,156
8405,PB004,24.21,88.19,FLD08405,5883,Cashew,Plantation,Year-round,Arid,209,38,189,7.7,0.98,Sandy Loam,24,18.9,415,314,112,205,292,32.3,32.3,46,5.9,1.15,0.69,0.75,0.024,0.62,0.67,0.66,0.7,0.75,0.74,0.51,0.58,0.28,0.22,140,Tuber development,Drip,Cashew,688,0,Kharif,140
8414,PB050,26.8,78.9,FLD08414,16446,Cashew,Plantation,Year-round,Arid,250,30,205,6.7,0.71,Clay Loam,33,22.2,402,330,114,254,305,30.1,30.1,50,5.6,1.15,0.67,0.74,0.014,0.62,0.63,0.64,0.67,0.74,0.69,0.52,0.55,0.23,0.25,159,Pod formation,Drip,Cashew,1725,0,Kharif,159
8415,AP009,13.93,74.48,FLD08415,11025,Cashew,Plantation,Year-round,Humid,275,45,239,7.3,0.84,Laterite,28,5.6,2222,1838,629,1304,1737,27.6,27.6,80,5.4,1.15,0.67,0.69,0.004,0.67,0.67,0.63,0.68,0.69,0.69,0.58,0.57,0.26,0.3,163,Tuber bulking,Drip,Cashew,1237,0,Kharif,163
8416,HR047,13.88,72.18,FLD08416,10890,Cashew,Plantation,Year-round,Semi-Arid,201,51,201,6.5,0.52,Clay,26,11.7,611,475,185,378,448,31.8,31.8,61,6.1,1.15,0.69,0.74,0.022,0.63,0.65,0.67,0.71,0.71,0.74,0.54,0.56,0.23,0.27,142,Boll formation,Drip,Cashew,1207,0,Kharif,142
8417,AP029,22.42,82.85,FLD08417,6083,Cashew,Plantation,Year-round,Arid,277,39,228,6.0,0.6,Sandy Clay,25,20.0,453,362,143,277,326,34.8,34.8,46,5.4,1.15,0.68,0.74,0.018,0.65,0.62,0.66,0.7,0.71,0.74,0.54,0.53,0.24,0.28,153,Flowering,Drip,Cashew,742,0,Kharif,153
8421,AP038,17.26,88.46,FLD08421,13197,Cashew,Plantation,Year-round,Plateau,183,29,192,5.9,0.91,Sandy Loam,34,11.7,1050,829,293,533,740,29.2,29.2,62,4.9,1.15,0.68,0.71,0.008,0.65,0.67,0.67,0.69,0.71,0.69,0.57,0.58,0.29,0.23,145,Boll formation,Surface,Cashew,1423,0,Kharif,145
8424,KA046,18.77,72.1,FLD08424,19526,Cashew,Plantation,Year-round,Sub-Humid,182,39,233,6.1,0.69,Clay,34,8.8,1064,980,368,730,888,28.9,28.9,76,6.0,1.15,0.66,0.71,0.018,0.62,0.64,0.64,0.67,0.69,0.71,0.53,0.55,0.31,0.32,152,Rhizome development,Surface,Cashew,2147,0,Kharif,152
8428,MP041,10.51,74.23,FLD08428,5509,Cashew,Plantation,Year-round,Humid,267,52,212,7.5,0.7,Sandy,37,5.3,2556,2349,734,1826,2044,26.1,26.1,78,6.3,1.15,0.68,0.72,0.014,0.64,0.62,0.67,0.72,0.71,0.71,0.53,0.53,0.24,0.26,147,Reproductive,Surface,Cashew,665,0,Kharif,147
8432,MH040,17.3,76.24,FLD08432,9439,Cashew,Plantation,Year-round,Coastal,231,52,206,6.0,0.54,Sandy,25,9.6,2080,1594,561,1050,1467,30.3,30.3,77,5.1,1.15,0.67,0.73,0.022,0.62,0.64,0.63,0.69,0.7,0.73,0.52,0.54,0.28,0.23,163,Nut development,Surface,Cashew,1138,0,Kharif,163
8433,MP018,8.83,81.46,FLD08433,5010,Cashew,Plantation,Year-round,Coastal,268,50,193,6.3,0.71,Laterite,21,8.5,2416,1952,633,1376,1721,29.7,29.7,73,6.3,1.15,0.68,0.72,0.014,0.65,0.65,0.65,0.71,0.69,0.72,0.55,0.56,0.26,0.24,159,Bearing,Sprinkler,Cashew,548,0,Kharif,159
8435,RJ002,12.56,86.06,FLD08435,8139,Cashew,Plantation,Year-round,Semi-Arid,242,28,237,7.5,0.76,Clay Loam,32,13.9,812,619,195,449,541,29.1,29.1,62,6.2,1.15,0.68,0.72,0.016,0.64,0.66,0.69,0.71,0.69,0.72,0.56,0.57,0.27,0.24,155,Mature,Sprinkler,Cashew,929,0,Kharif,155
8440,GJ018,10.21,87.26,FLD08440,17790,Cashew,Plantation,Year-round,Semi-Arid,199,44,208,7.6,0.83,Laterite,31,14.5,581,543,167,364,491,28.3,28.3,56,5.1,1.15,0.68,0.73,0.016,0.61,0.67,0.66,0.73,0.73,0.69,0.5,0.58,0.33,0.29,144,Tuber bulking,Drip,Cashew,1997,0,Kharif,144
8441,HR045,11.56,70.67,FLD08441,19411,Cashew,Plantation,Year-round,Arid,302,29,172,7.2,0.86,Loam,32,17.5,295,252,87,153,236,34.3,34.3,49,5.3,1.15,0.68,0.73,0.024,0.61,0.63,0.69,0.71,0.71,0.73,0.53,0.52,0.26,0.31,161,Reproductive,Sprinkler,Cashew,2275,0,Kharif,161
8447,MP044,19.8,71.9,FLD08447,9013,Cashew,Plantation,Year-round,Coastal,201,42,187,7.0,0.8,Clay,30,7.5,2087,1727,567,1229,1612,28.1,28.1,76,6.3,1.15,0.69,0.74,0.012,0.65,0.65,0.69,0.7,0.74,0.71,0.55,0.57,0.26,0.23,158,Bearing,Surface,Cashew,1026,0,Kharif,158
8448,UP031,10.7,75.73,FLD08448,9341,Cashew,Plantation,Year-round,Plateau,320,28,214,7.7,0.64,Loam,24,8.0,1244,1151,357,866,1052,28.2,28.2,73,5.3,1.15,0.67,0.72,0.016,0.64,0.64,0.64,0.68,0.69,0.72,0.53,0.55,0.3,0.27,164,Pod formation,Sprinkler,Cashew,989,0,Kharif,164
8451,AP015,14.7,77.29,FLD08451,17646,Cashew,Plantation,Year-round,Sub-Humid,196,37,188,7.7,0.82,Clay,36,10.1,1108,893,326,636,774,29.2,29.2,72,5.3,1.15,0.67,0.7,0.01,0.65,0.67,0.64,0.69,0.7,0.7,0.57,0.59,0.28,0.31,155,Boll formation,Surface,Cashew,2002,0,Kharif,155
8453,UP011,11.93,73.91,FLD08453,7215,Cashew,Plantation,Year-round,Arid,194,47,225,6.2,0.73,Sandy Loam,33,21.3,475,396,176,286,364,36.0,36.0,51,6.0,1.15,0.69,0.73,0.016,0.65,0.66,0.69,0.7,0.73,0.73,0.55,0.58,0.23,0.27,146,Bearing,Sprinkler,Cashew,861,0,Kharif,146
8454,MH048,25.28,87.46,FLD08454,5129,Cashew,Plantation,Year-round,Mountain,278,36,172,6.5,0.95,Sandy,37,9.0,1375,1289,397,862,1140,21.1,21.1,64,6.1,1.15,0.68,0.74,0.016,0.66,0.63,0.66,0.69,0.7,0.74,0.58,0.54,0.3,0.27,155,Rhizome development,Drip,Cashew,543,0,Kharif,155
8457,MH011,21.89,71.13,FLD08457,6152,Cashew,Plantation,Year-round,Humid,291,33,238,6.5,0.96,Sandy,35,5.7,1990,1692,722,1257,1585,28.0,28.0,82,5.8,1.15,0.68,0.73,0.022,0.62,0.66,0.68,0.71,0.69,0.73,0.53,0.57,0.26,0.26,154,Tillering,Surface,Cashew,704,0,Kharif,154
8459,MP037,20.54,75.39,FLD08459,18431,Cashew,Plantation,Year-round,Humid,305,39,232,6.7,0.81,Clay,29,6.4,1916,1687,662,1156,1568,28.1,28.1,84,5.4,1.15,0.67,0.73,0.018,0.64,0.65,0.65,0.69,0.69,0.73,0.54,0.54,0.32,0.27,141,Rhizome development,Sprinkler,Cashew,1988,0,Kharif,141
8461,UP005,18.62,85.25,FLD08461,7901,Cashew,Plantation,Year-round,Arid,306,34,211,7.5,0.86,Sandy,26,17.0,450,365,136,259,342,35.9,35.9,53,5.4,1.15,0.68,0.74,0.022,0.62,0.64,0.64,0.69,0.74,0.73,0.51,0.54,0.32,0.26,156,Tuber bulking,Sprinkler,Cashew,896,0,Kharif,156
8464,MP006,17.44,82.46,FLD08464,9320,Cashew,Plantation,Year-round,Arid,240,41,230,7.7,0.53,Clay,24,15.6,493,443,173,311,409,33.5,33.5,49,5.9,1.15,0.68,0.74,0.01,0.65,0.64,0.65,0.7,0.74,0.7,0.56,0.53,0.31,0.32,165,Tuber bulking,Drip,Cashew,1034,0,Kharif,165
8465,KA034,11.52,72.22,FLD08465,5041,Cashew,Plantation,Year-round,Coastal,283,37,202,7.2,0.56,Sandy,37,6.7,1952,1647,617,1112,1436,29.1,29.1,75,5.7,1.15,0.68,0.74,0.02,0.63,0.62,0.67,0.7,0.74,0.73,0.52,0.54,0.32,0.24,168,Flush,Drip,Cashew,576,0,Kharif,168
8467,GJ047,21.33,74.37,FLD08467,17665,Cashew,Plantation,Year-round,Sub-Humid,313,39,193,6.8,0.72,Loam,23,12.4,1096,839,290,598,716,27.8,27.8,74,6.1,1.15,0.7,0.73,0.012,0.67,0.67,0.68,0.72,0.72,0.73,0.55,0.56,0.23,0.26,150,Tuber development,Sprinkler,Cashew,1952,0,Kharif,150
8468,HR008,32.18,86.54,FLD08468,18654,Cashew,Plantation,Year-round,Mountain,274,52,216,5.8,0.71,Clay,23,10.0,1237,1087,381,748,1022,21.2,21.2,67,5.6,1.15,0.67,0.7,0.014,0.63,0.66,0.65,0.68,0.7,0.7,0.53,0.56,0.31,0.31,158,Pod formation,Drip,Cashew,2194,0,Kharif,158
8469,HR040,16.61,85.74,FLD08469,12822,Cashew,Plantation,Year-round,Plateau,221,35,204,6.3,0.57,Clay Loam,23,14.4,1131,916,317,695,800,29.6,29.6,72,5.0,1.15,0.69,0.74,0.018,0.65,0.64,0.69,0.71,0.73,0.74,0.57,0.53,0.29,0.28,160,Flush,Drip,Cashew,1419,0,Kharif,160
8470,AP036,14.81,72.92,FLD08470,14402,Cashew,Plantation,Year-round,Coastal,274,48,203,7.5,0.79,Laterite,21,10.2,2255,2071,824,1598,1821,29.6,29.6,73,5.5,1.15,0.69,0.72,0.006,0.67,0.65,0.67,0.72,0.71,0.7,0.56,0.57,0.23,0.26,168,Tuber development,Surface,Cashew,1651,0,Kharif,168
8473,TN043,28.29,76.59,FLD08473,14413,Cashew,Plantation,Year-round,Semi-Arid,285,47,205,5.8,0.56,Clay,22,15.6,748,619,186,421,580,30.2,30.2,61,5.2,1.15,0.67,0.71,0.016,0.63,0.63,0.65,0.69,0.69,0.71,0.53,0.55,0.31,0.25,159,Bearing,Drip,Cashew,1550,0,Kharif,159
8474,UP015,21.69,84.19,FLD08474,19923,Cashew,Plantation,Year-round,Humid,264,48,206,7.3,0.64,Clay Loam,35,5.6,2253,2063,844,1448,1883,25.2,25.2,85,5.7,1.15,0.67,0.71,0.016,0.63,0.62,0.66,0.69,0.7,0.71,0.52,0.54,0.31,0.32,142,Grand growth,Drip,Cashew,2214,0,Kharif,142
8475,MP019,17.64,74.3,FLD08475,5295,Cashew,Plantation,Year-round,Humid,266,51,236,7.5,0.79,Sandy Loam,33,9.5,1274,1196,508,786,1033,25.8,25.8,84,6.1,1.15,0.67,0.72,0.008,0.65,0.62,0.66,0.72,0.69,0.69,0.54,0.53,0.23,0.31,151,Grain filling,Drip,Cashew,640,0,Kharif,151
8476,RJ040,29.99,88.66,FLD08476,15045,Cashew,Plantation,Year-round,Arid,183,52,238,7.1,0.77,Laterite,29,19.5,424,377,121,301,332,34.5,34.5,58,5.4,1.15,0.69,0.73,0.008,0.67,0.64,0.68,0.69,0.73,0.71,0.57,0.56,0.27,0.31,165,Mature,Drip,Cashew,1683,0,Kharif,165
8481,TN044,16.46,82.55,FLD08481,5333,Cashew,Plantation,Year-round,Coastal,274,41,205,7.4,0.6,Laterite,33,6.8,1825,1604,616,1263,1404,30.5,30.5,73,5.7,1.15,0.69,0.75,0.016,0.67,0.64,0.69,0.7,0.71,0.75,0.56,0.54,0.3,0.23,146,Reproductive,Sprinkler,Cashew,615,0,Kharif,146
8482,GJ017,25.39,76.83,FLD08482,7105,Cashew,Plantation,Year-round,Plateau,246,44,203,7.6,0.86,Sandy Clay,36,14.7,865,817,295,643,739,29.9,29.9,75,6.1,1.15,0.69,0.74,0.016,0.66,0.63,0.66,0.71,0.74,0.74,0.54,0.55,0.24,0.25,156,Vegetative,Sprinkler,Cashew,867,0,Kharif,156
8483,MH032,16.49,73.17,FLD08483,9923,Cashew,Plantation,Year-round,Semi-Arid,295,36,187,7.5,0.98,Clay Loam,26,12.0,821,777,302,493,671,31.6,31.6,65,6.2,1.15,0.7,0.73,0.014,0.66,0.67,0.69,0.73,0.71,0.73,0.56,0.56,0.27,0.3,140,Fruiting,Sprinkler,Cashew,1127,0,Kharif,140
8484,MP014,10.57,80.53,FLD08484,7542,Cashew,Plantation,Year-round,Coastal,258,33,195,6.1,0.55,Loam,28,10.4,1064,867,373,580,804,29.1,29.1,70,5.0,1.15,0.69,0.75,0.024,0.63,0.65,0.67,0.71,0.72,0.75,0.55,0.56,0.23,0.28,142,Mature,Drip,Cashew,779,0,Kharif,142
8487,TN003,19.39,71.53,FLD08487,14177,Cashew,Plantation,Year-round,Coastal,229,29,208,7.3,0.51,Clay,25,9.5,982,901,287,574,775,30.0,30.0,80,4.9,1.15,0.67,0.73,0.02,0.63,0.62,0.65,0.68,0.69,0.73,0.53,0.52,0.26,0.29,140,Tuber bulking,Sprinkler,Cashew,1575,0,Kharif,140
8489,AP045,34.33,81.64,FLD08489,8236,Cashew,Plantation,Year-round,Mountain,274,39,182,7.5,0.63,Clay Loam,33,10.3,1302,1214,542,952,1147,18.2,18.2,63,5.9,1.15,0.68,0.75,0.012,0.67,0.64,0.63,0.67,0.75,0.73,0.59,0.54,0.24,0.28,156,Rhizome development,Surface,Cashew,852,0,Kharif,156
8493,TN015,34.88,80.34,FLD08493,10083,Cashew,Plantation,Year-round,Mountain,270,42,219,6.6,0.51,Loam,25,10.0,1988,1611,525,1061,1439,18.3,18.3,81,5.3,1.15,0.68,0.74,0.008,0.66,0.63,0.64,0.71,0.74,0.7,0.56,0.53,0.32,0.27,141,Grand growth,Drip,Cashew,1188,0,Kharif,141
8494,MP030,21.14,87.81,FLD08494,9068,Cashew,Plantation,Year-round,Sub-Humid,237,35,190,7.0,0.67,Clay Loam,35,11.4,909,799,275,590,697,28.6,28.6,73,5.5,1.15,0.67,0.73,0.022,0.62,0.62,0.65,0.69,0.69,0.73,0.51,0.52,0.26,0.31,162,Tillering,Surface,Cashew,1010,0,Kharif,162
8495,TN050,9.96,69.99,FLD08495,8305,Cashew,Plantation,Year-round,Coastal,246,45,224,7.4,0.84,Sandy Clay,37,7.6,2145,1947,769,1408,1804,29.3,29.3,79,5.0,1.15,0.69,0.75,0.022,0.64,0.67,0.64,0.67,0.75,0.75,0.55,0.59,0.24,0.23,169,Pod formation,Drip,Cashew,893,0,Kharif,169
8500,RJ032,13.41,88.14,FLD08500,13420,Cashew,Plantation,Year-round,Arid,310,47,208,7.4,0.94,Clay,29,18.7,369,325,98,211,307,32.9,32.9,48,5.8,1.15,0.68,0.74,0.022,0.62,0.64,0.66,0.69,0.74,0.73,0.51,0.56,0.28,0.32,142,Bulbing,Drip,Cashew,1682,0,Kharif,142
8501,GJ041,27.9,84.94,FLD08501,9228,Cashew,Plantation,Year-round,Mountain,297,44,191,7.4,0.82,Sandy,25,7.7,3111,2712,974,1903,2414,20.6,20.6,69,6.0,1.15,0.66,0.71,0.016,0.62,0.61,0.64,0.71,0.71,0.7,0.53,0.54,0.33,0.26,157,Boll formation,Surface,Cashew,1007,0,Kharif,157
8507,MH022,13.01,76.73,FLD08507,14069,Cashew,Plantation,Year-round,Semi-Arid,251,45,175,7.2,0.94,Clay Loam,35,17.3,501,445,189,277,394,30.9,30.9,56,6.3,1.15,0.68,0.72,0.01,0.66,0.64,0.66,0.69,0.72,0.71,0.55,0.53,0.26,0.29,141,Bulbing,Drip,Cashew,1673,0,Kharif,141
8509,AP049,28.83,86.03,FLD08509,13517,Cashew,Plantation,Year-round,Sub-Humid,214,52,227,6.5,0.59,Clay,20,10.9,1025,948,400,683,862,28.0,28.0,71,5.9,1.15,0.68,0.71,0.012,0.64,0.64,0.69,0.71,0.69,0.7,0.56,0.54,0.25,0.32,149,Mature,Drip,Cashew,1475,0,Kharif,149
8510,RJ041,12.47,85.72,FLD08510,10545,Cashew,Plantation,Year-round,Semi-Arid,252,46,184,7.7,0.78,Loam,26,17.6,650,543,209,347,470,30.9,30.9,66,5.3,1.15,0.68,0.73,0.02,0.63,0.66,0.67,0.68,0.72,0.73,0.54,0.54,0.27,0.26,161,Tuber bulking,Sprinkler,Cashew,1142,0,Kharif,161
8512,HR028,19.04,70.26,FLD08512,6120,Cashew,Plantation,Year-round,Coastal,298,46,232,6.9,0.76,Sandy,30,9.4,1868,1573,595,1021,1482,31.0,31.0,82,6.3,1.15,0.67,0.72,0.012,0.65,0.63,0.65,0.72,0.69,0.71,0.57,0.54,0.31,0.28,154,Nut development,Surface,Cashew,662,0,Kharif,154
8515,RJ049,22.04,77.26,FLD08515,13745,Cashew,Plantation,Year-round,Arid,294,52,240,6.3,0.69,Sandy Clay,20,16.8,263,244,103,178,223,34.2,34.2,58,6.2,1.15,0.68,0.72,0.012,0.66,0.66,0.64,0.69,0.72,0.72,0.55,0.55,0.27,0.24,144,Bearing,Drip,Cashew,2294,0,Kharif,144
8516,GJ020,26.84,86.33,FLD08516,16794,Cashew,Plantation,Year-round,Arid,207,31,224,6.4,0.58,Laterite,35,21.7,325,247,93,178,214,35.2,35.2,56,5.3,1.15,0.67,0.7,0.014,0.63,0.63,0.66,0.7,0.7,0.7,0.54,0.54,0.29,0.24,155,Boll formation,Drip,Cashew,2118,0,Kharif,155
8523,UP013,29.79,71.9,FLD08523,7443,Cashew,Plantation,Year-round,Humid,317,30,202,5.9,0.83,Clay Loam,36,9.1,1300,1121,339,771,1059,25.9,25.9,81,5.4,1.15,0.67,0.7,0.008,0.65,0.66,0.65,0.7,0.69,0.69,0.54,0.55,0.28,0.31,148,Tuber bulking,Drip,Cashew,876,0,Kharif,148
8527,GJ009,24.38,79.98,FLD08527,9583,Cashew,Plantation,Year-round,Arid,246,36,176,7.1,0.73,Sandy Loam,21,22.3,253,236,103,186,204,31.7,31.7,53,5.0,1.15,0.68,0.74,0.014,0.63,0.64,0.69,0.69,0.74,0.7,0.52,0.54,0.31,0.23,144,Tuber development,Sprinkler,Cashew,1249,0,Kharif,144
8529,KA002,10.87,86.52,FLD08529,17938,Cashew,Plantation,Year-round,Arid,309,41,207,7.0,0.92,Sandy,26,18.9,414,373,157,249,353,34.9,34.9,54,5.1,1.15,0.69,0.74,0.016,0.66,0.67,0.67,0.7,0.69,0.74,0.58,0.59,0.3,0.29,167,Bulbing,Drip,Cashew,2247,0,Kharif,167
8530,GJ019,15.11,74.92,FLD08530,12815,Cashew,Plantation,Year-round,Semi-Arid,214,28,207,6.2,0.58,Laterite,34,17.5,767,660,281,468,582,28.2,28.2,64,5.4,1.15,0.7,0.74,0.014,0.67,0.67,0.67,0.72,0.73,0.74,0.56,0.57,0.27,0.22,163,Flush,Sprinkler,Cashew,1425,0,Kharif,163
8531,TN036,19.85,77.59,FLD08531,12027,Cashew,Plantation,Year-round,Semi-Arid,223,28,233,7.6,0.71,Sandy,21,16.5,620,576,241,446,516,28.9,28.9,55,5.1,1.15,0.67,0.7,0.014,0.63,0.62,0.65,0.7,0.7,0.7,0.53,0.53,0.29,0.25,160,Tuber bulking,Drip,Cashew,1335,0,Kharif,160
8532,UP009,24.46,75.43,FLD08532,11027,Cashew,Plantation,Year-round,Humid,271,46,240,6.3,0.74,Sandy Clay,27,9.3,1962,1768,762,1371,1538,28.9,28.9,80,5.9,1.15,0.69,0.71,0.004,0.67,0.67,0.67,0.71,0.7,0.69,0.56,0.57,0.26,0.24,143,Mature,Surface,Cashew,1338,0,Kharif,143
8533,MH009,16.37,81.03,FLD08533,8544,Cashew,Plantation,Year-round,Arid,263,41,219,6.8,0.57,Sandy,25,24.9,410,307,130,215,288,35.2,35.2,45,5.8,1.15,0.68,0.73,0.018,0.61,0.67,0.66,0.69,0.73,0.7,0.52,0.57,0.33,0.22,164,Reproductive,Drip,Cashew,1057,0,Kharif,164
8534,TN044,23.77,88.91,FLD08534,13912,Cashew,Plantation,Year-round,Plateau,318,51,197,7.3,0.72,Clay Loam,23,9.7,1294,1093,428,678,977,31.9,31.9,62,5.1,1.15,0.69,0.73,0.016,0.64,0.64,0.66,0.72,0.73,0.72,0.54,0.55,0.31,0.27,154,Boll formation,Drip,Cashew,1708,0,Kharif,154
8536,MH024,27.59,93.12,FLD08536,16871,Cashew,Plantation,Year-round,Mountain,304,52,219,6.1,0.53,Clay Loam,31,13.3,3023,2595,1118,1560,2371,25.7,25.7,74,4.9,1.15,0.68,0.72,0.018,0.63,0.67,0.67,0.71,0.7,0.72,0.53,0.55,0.28,0.29,165,Tuber development,Drip,Cashew,1952,0,Kharif,165
8540,AP003,21.46,75.67,FLD08540,19282,Cashew,Plantation,Year-round,Sub-Humid,189,43,190,6.4,0.84,Loam,26,9.8,993,765,269,508,654,29.5,29.5,76,5.5,1.15,0.68,0.75,0.024,0.62,0.63,0.64,0.68,0.75,0.74,0.54,0.54,0.28,0.23,168,Nut development,Drip,Cashew,2075,0,Kharif,168
8542,MP006,10.87,81.47,FLD08542,15108,Cashew,Plantation,Year-round,Semi-Arid,200,40,191,7.3,0.75,Sandy Loam,25,11.4,617,576,224,392,522,31.5,31.5,66,6.1,1.15,0.68,0.74,0.012,0.64,0.67,0.65,0.69,0.74,0.7,0.55,0.57,0.3,0.31,146,Grain filling,Drip,Cashew,1665,0,Kharif,146
8543,HR041,17.6,80.05,FLD08543,13702,Cashew,Plantation,Year-round,Semi-Arid,206,46,191,5.9,0.53,Sandy Clay,29,14.9,803,736,259,568,683,29.9,29.9,56,6.0,1.15,0.67,0.73,0.018,0.64,0.62,0.64,0.7,0.69,0.73,0.55,0.53,0.23,0.3,140,Nut development,Sprinkler,Cashew,1383,0,Kharif,140
8544,KA031,17.2,87.85,FLD08544,16609,Cashew,Plantation,Year-round,Sub-Humid,306,35,231,6.2,0.57,Laterite,35,8.9,1151,943,319,718,842,28.4,28.4,73,4.9,1.15,0.67,0.72,0.012,0.64,0.64,0.66,0.69,0.72,0.7,0.55,0.52,0.29,0.23,153,Rhizome development,Surface,Cashew,1894,0,Kharif,153
8545,GJ019,26.49,91.14,FLD08545,15998,Cashew,Plantation,Year-round,Mountain,192,38,210,7.5,0.76,Clay,30,12.6,1827,1445,636,1018,1354,20.8,20.8,71,6.2,1.15,0.68,0.74,0.008,0.65,0.67,0.63,0.69,0.74,0.69,0.55,0.56,0.28,0.29,146,Pod formation,Sprinkler,Cashew,1788,0,Kharif,146
8546,MP013,13.0,71.25,FLD08546,19489,Cashew,Plantation,Year-round,Humid,194,35,215,6.0,0.94,Loam,20,5.3,1321,1251,383,861,1123,28.7,28.7,78,6.0,1.15,0.68,0.73,0.006,0.66,0.62,0.66,0.71,0.73,0.69,0.56,0.54,0.3,0.26,145,Flowering,Sprinkler,Cashew,1966,0,Kharif,145
8547,TN022,28.43,77.99,FLD08547,6901,Cashew,Plantation,Year-round,Semi-Arid,192,30,174,6.8,0.57,Laterite,22,12.3,701,589,246,378,507,28.2,28.2,58,5.0,1.15,0.69,0.74,0.024,0.62,0.64,0.67,0.71,0.74,0.74,0.51,0.56,0.25,0.29,154,Vegetative,Sprinkler,Cashew,695,0,Kharif,154
8550,PB036,29.09,84.11,FLD08550,19615,Cashew,Plantation,Year-round,Arid,281,41,203,7.3,0.64,Laterite,20,21.5,439,402,163,251,350,30.8,30.8,47,6.1,1.15,0.69,0.74,0.016,0.66,0.63,0.68,0.73,0.73,0.74,0.56,0.54,0.27,0.23,154,Tuber development,Drip,Cashew,2234,0,Kharif,154
8551,GJ015,12.63,83.0,FLD08551,7137,Tapioca,Tuber,Year-round,Coastal,259,52,210,6.8,0.88,Sandy,25,11.4,2067,1818,742,1314,1630,28.1,28.1,74,5.0,1.08,0.65,0.71,0.028,0.57,0.6,0.63,0.68,0.69,0.71,0.47,0.52,0.26,0.25,142,Flowering,Sprinkler,Tapioca,17145,0,Kharif,142
8554,TN050,19.25,70.79,FLD08554,17325,Tapioca,Tuber,Year-round,Semi-Arid,269,40,205,7.6,0.62,Clay,34,15.3,569,519,189,314,490,28.2,28.2,56,6.1,1.08,0.64,0.67,0.01,0.62,0.57,0.62,0.66,0.67,0.67,0.54,0.49,0.32,0.31,159,Pod formation,Drip,Tapioca,41929,0,Kharif,159
8558,KA044,25.84,74.06,FLD08558,12900,Tapioca,Tuber,Year-round,Humid,317,34,187,6.2,0.61,Sandy Clay,22,7.8,2285,1821,551,1334,1627,26.5,26.5,84,6.1,1.08,0.62,0.67,0.02,0.56,0.58,0.62,0.65,0.67,0.66,0.47,0.49,0.33,0.31,159,Fruiting,Surface,Tapioca,30724,0,Kharif,159
8560,TN024,29.56,80.56,FLD08560,17760,Tapioca,Tuber,Year-round,Sub-Humid,182,28,220,6.4,0.62,Sandy Clay,26,12.5,953,722,238,434,635,28.0,28.0,75,5.5,1.08,0.64,0.71,0.03,0.56,0.6,0.62,0.69,0.68,0.71,0.47,0.51,0.35,0.25,166,Bulbing,Drip,Tapioca,43765,0,Kharif,166
8561,GJ039,13.85,74.81,FLD08561,19162,Tapioca,Tuber,Year-round,Coastal,283,40,190,7.5,0.89,Laterite,29,10.1,1888,1527,461,1137,1356,28.3,28.3,82,5.4,1.08,0.65,0.71,0.022,0.59,0.58,0.63,0.69,0.71,0.7,0.51,0.48,0.31,0.3,162,Tuber bulking,Sprinkler,Tapioca,48433,0,Kharif,162
8562,TN026,13.36,72.86,FLD08562,8842,Tapioca,Tuber,Year-round,Semi-Arid,241,50,230,7.5,0.75,Clay Loam,22,14.7,574,526,217,341,461,28.3,28.3,64,4.8,1.08,0.64,0.69,0.014,0.61,0.61,0.59,0.69,0.66,0.68,0.52,0.5,0.28,0.3,163,Bulbing,Sprinkler,Tapioca,23379,0,Kharif,163
8563,HR031,21.26,85.5,FLD08563,13666,Tapioca,Tuber,Year-round,Sub-Humid,205,32,224,6.1,0.73,Laterite,35,12.3,1071,809,247,540,759,28.6,28.6,74,5.1,1.08,0.65,0.71,0.016,0.6,0.62,0.64,0.65,0.71,0.68,0.53,0.53,0.26,0.31,165,Bulbing,Surface,Tapioca,32498,0,Kharif,165
8564,PB046,27.49,83.42,FLD08564,12925,Tapioca,Tuber,Year-round,Plateau,305,43,237,7.7,0.76,Clay Loam,22,14.0,979,806,303,493,724,29.2,29.2,62,5.8,1.08,0.66,0.71,0.018,0.6,0.61,0.64,0.69,0.71,0.69,0.5,0.52,0.32,0.27,165,Mature,Drip,Tapioca,33146,0,Kharif,165
8566,AP047,12.05,80.97,FLD08566,5386,Tapioca,Tuber,Year-round,Coastal,247,39,212,6.8,0.61,Sandy Clay,28,9.9,1781,1587,514,1095,1371,30.6,30.6,76,5.5,1.08,0.63,0.67,0.012,0.6,0.58,0.63,0.67,0.66,0.66,0.51,0.48,0.27,0.32,140,Flush,Drip,Tapioca,13884,0,Kharif,140
8567,AP031,25.99,94.28,FLD08567,17050,Tapioca,Tuber,Year-round,Mountain,225,43,194,6.2,0.74,Sandy,20,8.7,2702,2205,721,1737,1986,21.5,21.5,69,5.1,1.08,0.64,0.69,0.02,0.59,0.59,0.63,0.67,0.67,0.69,0.5,0.5,0.26,0.33,166,Tuber development,Sprinkler,Tapioca,44308,0,Kharif,166
8569,KA008,23.21,80.9,FLD08569,14514,Tapioca,Tuber,Year-round,Plateau,205,30,190,7.1,0.74,Clay Loam,25,9.6,1168,1083,400,736,978,29.7,29.7,67,5.4,1.08,0.64,0.69,0.022,0.58,0.62,0.6,0.66,0.68,0.69,0.49,0.51,0.25,0.3,151,Flowering,Sprinkler,Tapioca,31382,0,Kharif,151
8571,MH030,18.53,75.84,FLD08571,19851,Tapioca,Tuber,Year-round,Coastal,209,44,196,6.4,0.78,Sandy,38,6.8,1685,1591,623,1028,1352,30.3,30.3,81,5.0,1.08,0.63,0.69,0.016,0.61,0.58,0.59,0.64,0.67,0.69,0.52,0.5,0.28,0.34,151,Flush,Surface,Tapioca,44272,0,Kharif,151
8573,RJ005,13.32,76.0,FLD08573,12884,Tapioca,Tuber,Year-round,Semi-Arid,292,34,181,6.6,0.9,Laterite,29,13.7,663,551,175,335,478,28.3,28.3,67,4.9,1.08,0.63,0.68,0.014,0.6,0.58,0.61,0.65,0.68,0.67,0.51,0.5,0.25,0.33,157,Bearing,Sprinkler,Tapioca,28239,0,Kharif,157
8574,TN013,29.72,70.95,FLD08574,5295,Tapioca,Tuber,Year-round,Semi-Arid,269,45,185,6.3,0.5,Laterite,23,16.8,846,760,271,546,656,30.4,30.4,67,5.4,1.08,0.64,0.7,0.012,0.61,0.56,0.62,0.66,0.7,0.67,0.51,0.48,0.33,0.33,163,Bulbing,Drip,Tapioca,13808,0,Kharif,163
8576,RJ006,14.71,81.02,FLD08576,7551,Tapioca,Tuber,Year-round,Humid,259,49,222,6.1,0.65,Laterite,23,7.8,1613,1293,542,894,1227,25.7,25.7,78,6.1,1.08,0.64,0.71,0.026,0.58,0.57,0.63,0.66,0.67,0.71,0.48,0.5,0.33,0.32,155,Grand growth,Drip,Tapioca,18050,0,Kharif,155
8577,KA047,24.0,85.96,FLD08577,9774,Tapioca,Tuber,Year-round,Sub-Humid,276,45,171,6.7,0.76,Laterite,30,12.7,944,726,258,538,658,28.4,28.4,71,5.5,1.08,0.64,0.69,0.014,0.62,0.58,0.61,0.64,0.67,0.69,0.53,0.51,0.32,0.32,143,Tuber bulking,Drip,Tapioca,25444,0,Kharif,143
8583,KA050,18.22,83.31,FLD08583,6222,Tapioca,Tuber,Year-round,Sub-Humid,288,47,223,7.6,0.72,Sandy,28,10.4,1104,836,364,592,790,27.7,27.7,73,4.8,1.08,0.64,0.69,0.018,0.58,0.59,0.64,0.69,0.69,0.67,0.5,0.51,0.27,0.25,167,Bulbing,Sprinkler,Tapioca,14801,0,Kharif,167
8585,KA002,29.21,78.28,FLD08585,16421,Tapioca,Tuber,Year-round,Sub-Humid,185,49,229,6.3,0.82,Clay Loam,23,8.5,1079,893,392,645,814,29.0,29.0,69,5.8,1.08,0.64,0.68,0.022,0.57,0.6,0.64,0.64,0.68,0.68,0.47,0.51,0.33,0.32,167,Tillering,Surface,Tapioca,39540,0,Kharif,167
8586,MP034,16.55,72.92,FLD08586,13627,Tapioca,Tuber,Year-round,Coastal,209,51,216,7.1,0.92,Clay,27,11.9,2330,2188,861,1633,1984,30.4,30.4,76,5.1,1.08,0.65,0.72,0.028,0.58,0.6,0.63,0.66,0.69,0.72,0.48,0.51,0.32,0.32,167,Flowering,Surface,Tapioca,32839,0,Kharif,167
8589,AP024,26.29,70.62,FLD08589,8359,Tapioca,Tuber,Year-round,Plateau,308,41,171,6.6,0.74,Sandy Loam,24,8.0,676,563,185,390,532,27.4,27.4,74,4.9,1.08,0.63,0.68,0.016,0.6,0.58,0.6,0.68,0.66,0.68,0.5,0.5,0.32,0.33,168,Grand growth,Surface,Tapioca,19352,0,Kharif,168
8590,PB004,18.0,86.68,FLD08590,16351,Tapioca,Tuber,Year-round,Plateau,317,31,240,5.9,0.81,Sandy Loam,30,10.5,801,721,260,535,684,30.1,30.1,75,4.9,1.08,0.65,0.7,0.02,0.6,0.62,0.63,0.67,0.69,0.7,0.5,0.53,0.29,0.26,157,Grain filling,Sprinkler,Tapioca,43254,0,Kharif,157
8592,RJ042,32.9,87.62,FLD08592,16161,Tapioca,Tuber,Year-round,Mountain,228,44,220,6.4,0.64,Clay Loam,29,14.4,1828,1713,533,1143,1556,17.5,17.5,85,5.7,1.08,0.63,0.71,0.024,0.59,0.57,0.61,0.64,0.68,0.71,0.52,0.48,0.31,0.29,144,Pod formation,Surface,Tapioca,37156,0,Kharif,144
8594,RJ011,32.07,82.43,FLD08594,14703,Tapioca,Tuber,Year-round,Mountain,190,32,210,6.9,0.94,Laterite,35,10.0,1087,897,328,690,850,25.4,25.4,73,5.8,1.08,0.63,0.7,0.028,0.56,0.57,0.59,0.65,0.69,0.7,0.48,0.48,0.29,0.33,152,Rhizome development,Sprinkler,Tapioca,36392,0,Kharif,152
8595,UP008,25.59,89.77,FLD08595,11111,Tapioca,Tuber,Year-round,Mountain,183,28,221,6.2,0.8,Clay,26,13.7,1929,1448,502,957,1326,21.6,21.6,62,5.1,1.08,0.63,0.69,0.024,0.57,0.58,0.63,0.66,0.66,0.69,0.48,0.49,0.28,0.32,145,Grand growth,Surface,Tapioca,23714,0,Kharif,145
8596,AP010,28.18,79.34,FLD08596,16795,Tapioca,Tuber,Year-round,Mountain,320,46,195,6.3,0.52,Clay Loam,29,9.1,3142,2655,997,1685,2508,25.5,25.5,63,5.4,1.08,0.64,0.69,0.016,0.6,0.6,0.6,0.68,0.69,0.68,0.5,0.5,0.27,0.27,144,Grain filling,Sprinkler,Tapioca,42212,0,Kharif,144
8601,PB019,15.59,82.78,FLD08601,7786,Tapioca,Tuber,Year-round,Semi-Arid,238,46,207,7.3,0.58,Sandy Loam,34,16.1,677,563,246,421,532,30.1,30.1,64,5.2,1.08,0.64,0.7,0.018,0.6,0.6,0.59,0.69,0.7,0.69,0.5,0.53,0.3,0.32,164,Fruiting,Drip,Tapioca,19212,0,Kharif,164
8602,GJ027,26.34,90.24,FLD08602,6723,Tapioca,Tuber,Year-round,Mountain,235,52,208,6.3,0.7,Clay,24,7.4,3209,2443,914,1523,2200,25.8,25.8,77,4.8,1.08,0.64,0.69,0.016,0.61,0.58,0.64,0.67,0.67,0.69,0.51,0.48,0.3,0.28,159,Grand growth,Surface,Tapioca,16323,0,Kharif,159
8605,KA018,27.3,73.58,FLD08605,17772,Tapioca,Tuber,Year-round,Humid,304,40,230,6.5,0.66,Clay,27,6.3,2348,1814,697,1124,1561,28.7,28.7,77,5.2,1.08,0.64,0.71,0.024,0.56,0.57,0.61,0.68,0.71,0.68,0.48,0.49,0.27,0.31,160,Grand growth,Sprinkler,Tapioca,47952,0,Kharif,160
8606,HR010,10.77,75.73,FLD08606,7986,Tapioca,Tuber,Year-round,Arid,305,38,184,7.7,0.72,Sandy Loam,33,24.8,369,324,101,233,283,31.4,31.4,45,4.9,1.08,0.65,0.69,0.02,0.58,0.58,0.65,0.69,0.69,0.68,0.48,0.5,0.33,0.31,148,Pod formation,Sprinkler,Tapioca,19524,0,Kharif,148
8610,MH030,20.33,87.31,FLD08610,6631,Tapioca,Tuber,Year-round,Arid,191,41,171,6.3,0.97,Sandy,22,20.7,469,373,132,243,342,36.0,36.0,58,5.3,1.08,0.64,0.7,0.018,0.6,0.58,0.61,0.65,0.7,0.69,0.52,0.51,0.32,0.25,169,Boll formation,Drip,Tapioca,16433,0,Kharif,169
8611,AP022,13.98,77.37,FLD08611,7246,Tapioca,Tuber,Year-round,Coastal,192,40,223,7.1,0.72,Clay Loam,34,10.6,2157,2009,803,1594,1823,29.0,29.0,82,5.8,1.08,0.64,0.69,0.022,0.58,0.61,0.64,0.64,0.67,0.69,0.48,0.52,0.33,0.33,151,Boll formation,Drip,Tapioca,17036,0,Kharif,151
8613,UP036,10.88,86.22,FLD08613,19579,Tapioca,Tuber,Year-round,Coastal,243,47,190,7.2,0.75,Sandy Clay,29,7.7,2746,2434,977,1671,2082,30.2,30.2,70,4.8,1.08,0.63,0.67,0.022,0.56,0.59,0.64,0.64,0.67,0.67,0.48,0.49,0.35,0.32,151,Vegetative,Sprinkler,Tapioca,49589,0,Kharif,151
8616,RJ044,22.61,89.03,FLD08616,17846,Tapioca,Tuber,Year-round,Plateau,258,36,231,7.2,0.85,Sandy,28,13.8,879,794,254,592,693,31.4,31.4,71,4.8,1.08,0.64,0.69,0.022,0.58,0.57,0.64,0.69,0.68,0.69,0.5,0.5,0.32,0.32,169,Boll formation,Drip,Tapioca,44428,0,Kharif,169
8618,MH030,26.33,88.08,FLD08618,15190,Tapioca,Tuber,Year-round,Semi-Arid,237,45,240,6.7,0.95,Clay,33,13.0,507,394,151,281,365,30.0,30.0,61,5.8,1.08,0.65,0.71,0.024,0.59,0.6,0.62,0.67,0.7,0.71,0.5,0.5,0.26,0.32,168,Grand growth,Drip,Tapioca,37275,0,Kharif,168
8620,TN021,26.62,71.01,FLD08620,9730,Tapioca,Tuber,Year-round,Plateau,273,29,181,7.0,0.93,Loam,28,12.1,739,636,221,402,578,28.3,28.3,71,5.6,1.08,0.65,0.7,0.018,0.61,0.58,0.63,0.67,0.69,0.7,0.51,0.51,0.29,0.34,153,Vegetative,Surface,Tapioca,22832,0,Kharif,153
8630,MH011,20.99,87.92,FLD08630,16902,Tapioca,Tuber,Year-round,Coastal,302,40,226,6.7,0.65,Loam,27,7.0,1451,1227,447,877,1108,30.9,30.9,81,5.4,1.08,0.64,0.71,0.022,0.59,0.6,0.59,0.67,0.71,0.7,0.49,0.52,0.27,0.26,168,Rhizome development,Sprinkler,Tapioca,41424,0,Kharif,168
8631,GJ037,14.64,81.08,FLD08631,13786,Tapioca,Tuber,Year-round,Plateau,228,31,206,7.1,0.59,Loam,28,10.4,882,704,236,425,600,28.7,28.7,71,5.9,1.08,0.65,0.72,0.03,0.57,0.59,0.63,0.68,0.71,0.72,0.49,0.51,0.35,0.3,143,Vegetative,Sprinkler,Tapioca,33339,0,Kharif,143
8632,MP003,20.1,78.76,FLD08632,7218,Tapioca,Tuber,Year-round,Arid,265,47,172,7.2,0.65,Clay,21,19.3,408,365,113,290,317,35.8,35.8,54,5.6,1.08,0.64,0.71,0.014,0.6,0.59,0.64,0.64,0.71,0.67,0.5,0.51,0.28,0.33,143,Fruiting,Sprinkler,Tapioca,17800,0,Kharif,143
8633,GJ045,19.87,73.91,FLD08633,6132,Tapioca,Tuber,Year-round,Humid,270,52,179,7.6,0.9,Laterite,20,9.5,2365,2010,871,1237,1779,25.9,25.9,81,5.1,1.08,0.64,0.69,0.022,0.56,0.62,0.61,0.68,0.69,0.67,0.48,0.52,0.28,0.32,161,Boll formation,Drip,Tapioca,15880,0,Kharif,161
8634,AP014,27.53,78.25,FLD08634,11782,Tapioca,Tuber,Year-round,Sub-Humid,210,44,182,7.2,0.68,Laterite,34,12.9,1186,1122,355,874,1020,29.2,29.2,75,4.9,1.08,0.64,0.68,0.014,0.61,0.58,0.65,0.67,0.67,0.68,0.52,0.5,0.28,0.32,162,Tillering,Sprinkler,Tapioca,27203,0,Kharif,162
8635,KA018,17.11,74.15,FLD08635,14275,Tapioca,Tuber,Year-round,Coastal,229,31,199,6.2,0.94,Sandy Loam,23,10.9,1164,1058,439,699,953,29.2,29.2,81,5.8,1.08,0.62,0.69,0.016,0.58,0.57,0.61,0.64,0.69,0.66,0.5,0.47,0.32,0.29,148,Bearing,Drip,Tapioca,32388,0,Kharif,148
8636,KA037,28.11,85.31,FLD08636,18230,Tapioca,Tuber,Year-round,Mountain,241,40,206,6.0,0.7,Laterite,38,13.4,1847,1575,610,1202,1437,24.2,24.2,70,5.6,1.08,0.63,0.69,0.016,0.61,0.57,0.59,0.65,0.69,0.69,0.52,0.48,0.32,0.26,167,Nut development,Drip,Tapioca,45505,0,Kharif,167
8638,KA030,12.85,77.05,FLD08638,17035,Tapioca,Tuber,Year-round,Coastal,188,41,215,6.2,0.87,Clay Loam,36,7.5,2234,1981,855,1384,1717,30.0,30.0,79,6.0,1.08,0.64,0.7,0.02,0.6,0.6,0.6,0.68,0.66,0.7,0.52,0.49,0.31,0.3,161,Vegetative,Surface,Tapioca,39599,0,Kharif,161
8641,GJ048,12.93,83.94,FLD08641,18246,Tapioca,Tuber,Year-round,Humid,256,28,213,5.9,0.73,Clay Loam,27,8.7,2904,2744,1016,1915,2372,26.7,26.7,83,5.4,1.08,0.65,0.7,0.01,0.62,0.61,0.59,0.68,0.7,0.67,0.54,0.53,0.25,0.28,154,Rhizome development,Surface,Tapioca,46694,0,Kharif,154
8643,KA042,16.3,76.35,FLD08643,17567,Tapioca,Tuber,Year-round,Humid,303,32,170,6.7,0.87,Loam,20,9.5,1696,1302,529,931,1113,26.3,26.3,76,5.1,1.08,0.65,0.7,0.01,0.61,0.58,0.64,0.68,0.7,0.66,0.52,0.5,0.33,0.3,153,Fruiting,Drip,Tapioca,44109,0,Kharif,153
8644,GJ025,23.19,82.47,FLD08644,14205,Tapioca,Tuber,Year-round,Plateau,217,42,203,6.0,0.72,Clay,36,11.7,1100,1014,368,773,867,26.6,26.6,68,5.0,1.08,0.65,0.71,0.028,0.57,0.62,0.65,0.64,0.69,0.71,0.5,0.53,0.28,0.33,170,Bearing,Drip,Tapioca,35553,0,Kharif,170
8647,KA010,10.52,81.11,FLD08647,9561,Tapioca,Tuber,Year-round,Semi-Arid,300,40,208,6.8,0.93,Sandy Clay,21,10.3,826,669,273,418,611,28.9,28.9,62,4.8,1.08,0.64,0.7,0.014,0.6,0.58,0.63,0.65,0.7,0.67,0.49,0.48,0.24,0.28,159,Flush,Sprinkler,Tapioca,24619,0,Kharif,159
8648,RJ023,13.36,75.48,FLD08648,18480,Tapioca,Tuber,Year-round,Coastal,272,38,239,7.2,0.97,Sandy Loam,25,6.4,2480,2056,875,1272,1790,30.4,30.4,71,5.5,1.08,0.64,0.7,0.02,0.6,0.57,0.61,0.67,0.7,0.7,0.52,0.5,0.25,0.34,163,Grand growth,Drip,Tapioca,46912,0,Kharif,163
8650,MH032,29.3,73.67,FLD08650,9546,Tapioca,Tuber,Year-round,Arid,216,51,199,6.3,0.65,Sandy Loam,22,17.4,322,260,103,195,234,32.1,32.1,48,5.2,1.08,0.64,0.72,0.03,0.57,0.62,0.59,0.69,0.66,0.72,0.49,0.53,0.29,0.33,170,Vegetative,Drip,Tapioca,24770,0,Kharif,170
8651,KA021,16.55,85.54,FLD08651,13159,Tapioca,Tuber,Year-round,Coastal,311,29,211,6.2,0.58,Loam,25,6.8,1645,1496,516,1098,1273,28.8,28.8,73,5.3,1.08,0.64,0.7,0.024,0.58,0.59,0.61,0.67,0.7,0.7,0.48,0.52,0.31,0.29,161,Mature,Sprinkler,Tapioca,32184,0,Kharif,161
8652,HR013,16.02,77.67,FLD08652,19990,Tapioca,Tuber,Year-round,Arid,285,45,206,6.5,0.8,Sandy Loam,30,21.9,321,272,89,215,253,30.2,30.2,50,5.8,1.08,0.63,0.68,0.018,0.59,0.59,0.59,0.66,0.66,0.68,0.52,0.5,0.31,0.34,144,Bearing,Sprinkler,Tapioca,59539,0,Kharif,144
8653,MH020,11.6,75.54,FLD08653,8840,Tapioca,Tuber,Year-round,Coastal,307,33,233,7.1,0.55,Sandy Loam,22,6.8,1387,1066,405,809,977,28.3,28.3,71,4.9,1.08,0.64,0.7,0.02,0.59,0.59,0.6,0.67,0.7,0.69,0.49,0.5,0.28,0.3,157,Bulbing,Sprinkler,Tapioca,20463,0,Kharif,157
8657,MP036,31.09,92.67,FLD08657,17382,Tapioca,Tuber,Year-round,Mountain,228,31,224,6.6,0.64,Clay Loam,30,9.3,1956,1638,657,1036,1555,18.6,18.6,66,5.2,1.08,0.64,0.68,0.01,0.62,0.6,0.59,0.66,0.68,0.67,0.52,0.5,0.26,0.25,168,Bearing,Drip,Tapioca,44238,0,Kharif,168
8658,RJ047,14.47,84.37,FLD08658,9302,Tapioca,Tuber,Year-round,Sub-Humid,314,48,180,6.7,0.6,Clay Loam,37,8.3,1166,924,357,608,809,27.1,27.1,75,5.3,1.08,0.64,0.71,0.022,0.6,0.6,0.59,0.68,0.67,0.71,0.5,0.51,0.26,0.31,160,Nut development,Sprinkler,Tapioca,24608,0,Kharif,160
8662,HR023,20.27,82.11,FLD08662,17538,Tapioca,Tuber,Year-round,Humid,307,38,240,6.2,0.65,Clay,25,8.9,2024,1803,636,1292,1673,27.1,27.1,75,4.8,1.08,0.66,0.71,0.02,0.61,0.61,0.64,0.66,0.71,0.71,0.51,0.52,0.28,0.26,149,Rhizome development,Surface,Tapioca,45494,0,Kharif,149
8663,AP048,11.19,73.61,FLD08663,8316,Tapioca,Tuber,Year-round,Sub-Humid,225,28,235,7.8,0.96,Sandy Loam,36,9.7,877,748,290,523,651,29.7,29.7,68,5.6,1.08,0.64,0.68,0.012,0.6,0.61,0.61,0.67,0.68,0.66,0.49,0.52,0.26,0.33,165,Pod formation,Drip,Tapioca,19299,0,Kharif,165
8664,HR027,20.47,86.48,FLD08664,7675,Tapioca,Tuber,Year-round,Plateau,202,42,184,7.7,0.78,Sandy,27,8.5,852,809,267,624,761,30.5,30.5,69,5.2,1.08,0.64,0.69,0.012,0.61,0.6,0.62,0.66,0.69,0.67,0.51,0.5,0.25,0.28,155,Vegetative,Surface,Tapioca,18448,0,Kharif,155
8670,MP034,21.11,77.31,FLD08670,12659,Tapioca,Tuber,Year-round,Coastal,211,40,177,7.4,0.68,Sandy Loam,28,6.4,1024,921,410,608,810,30.5,30.5,73,5.4,1.08,0.64,0.7,0.026,0.57,0.59,0.63,0.64,0.7,0.7,0.49,0.51,0.26,0.33,141,Grain filling,Sprinkler,Tapioca,27414,0,Kharif,141
8671,RJ005,27.37,76.72,FLD08671,17487,Tapioca,Tuber,Year-round,Arid,229,31,200,7.0,0.66,Clay,23,19.4,316,249,104,181,234,33.1,33.1,55,5.5,1.08,0.64,0.71,0.016,0.61,0.6,0.59,0.66,0.71,0.69,0.5,0.5,0.24,0.29,163,Mature,Drip,Tapioca,51156,0,Kharif,163
8674,GJ018,17.9,81.39,FLD08674,5472,Tapioca,Tuber,Year-round,Coastal,290,43,191,7.0,0.97,Sandy,27,7.3,2096,1774,668,1322,1569,28.7,28.7,75,5.8,1.08,0.64,0.69,0.014,0.62,0.59,0.6,0.68,0.66,0.69,0.53,0.49,0.26,0.25,163,Rhizome development,Surface,Tapioca,13831,0,Kharif,163
8676,HR019,12.44,70.53,FLD08676,6704,Tapioca,Tuber,Year-round,Coastal,316,35,173,7.1,0.53,Clay,26,6.9,1334,1004,399,633,872,28.7,28.7,78,5.7,1.08,0.66,0.71,0.02,0.6,0.62,0.65,0.68,0.71,0.7,0.5,0.54,0.32,0.25,170,Tuber bulking,Sprinkler,Tapioca,17923,0,Kharif,170
8677,HR014,12.64,80.66,FLD08677,11133,Tapioca,Tuber,Year-round,Coastal,288,47,239,6.3,0.54,Clay Loam,38,9.4,1235,961,382,743,901,30.9,30.9,79,5.0,1.08,0.64,0.71,0.012,0.61,0.58,0.6,0.64,0.71,0.67,0.53,0.5,0.28,0.29,146,Flowering,Sprinkler,Tapioca,28125,0,Kharif,146
8678,GJ001,11.23,72.78,FLD08678,6571,Tapioca,Tuber,Year-round,Sub-Humid,237,40,174,6.3,0.57,Sandy,27,11.1,1025,837,272,516,771,27.3,27.3,69,5.2,1.08,0.64,0.69,0.016,0.61,0.59,0.63,0.64,0.68,0.69,0.5,0.49,0.3,0.26,170,Tuber development,Surface,Tapioca,16755,0,Kharif,170
8679,AP020,18.63,88.87,FLD08679,19934,Tapioca,Tuber,Year-round,Arid,316,35,196,6.1,0.55,Sandy Clay,32,24.8,404,344,152,266,306,30.7,30.7,52,5.6,1.08,0.65,0.71,0.02,0.61,0.58,0.6,0.68,0.69,0.71,0.54,0.48,0.28,0.34,155,Tillering,Drip,Tapioca,50289,0,Kharif,155
8681,UP048,21.49,80.55,FLD08681,10601,Tapioca,Tuber,Year-round,Coastal,289,49,204,7.4,0.51,Laterite,34,9.0,1427,1298,484,853,1213,28.3,28.3,71,4.9,1.08,0.63,0.68,0.016,0.59,0.59,0.59,0.65,0.68,0.67,0.51,0.51,0.29,0.25,160,Grain filling,Drip,Tapioca,28369,0,Kharif,160
8684,PB031,16.96,72.23,FLD08684,14785,Tapioca,Tuber,Year-round,Coastal,203,37,179,7.1,0.96,Clay,32,8.9,2700,2374,771,1635,2098,29.1,29.1,77,4.9,1.08,0.64,0.69,0.024,0.57,0.59,0.62,0.69,0.68,0.69,0.48,0.49,0.28,0.27,154,Vegetative,Surface,Tapioca,31845,0,Kharif,154
8685,PB022,18.25,80.89,FLD08685,13177,Tapioca,Tuber,Year-round,Plateau,274,31,194,7.2,0.71,Sandy Clay,28,9.6,678,626,263,473,564,28.8,28.8,65,4.8,1.08,0.64,0.7,0.024,0.58,0.61,0.59,0.69,0.66,0.7,0.48,0.51,0.29,0.33,166,Bulbing,Surface,Tapioca,32446,0,Kharif,166
8686,RJ016,31.42,83.3,FLD08686,6108,Tapioca,Tuber,Year-round,Mountain,227,41,235,5.9,0.8,Loam,30,9.0,3235,2787,1183,2039,2573,17.3,17.3,74,5.0,1.08,0.64,0.7,0.016,0.62,0.59,0.6,0.64,0.67,0.7,0.54,0.49,0.25,0.32,140,Tillering,Surface,Tapioca,14697,0,Kharif,140
8687,HR032,25.09,84.83,FLD08687,18597,Tapioca,Tuber,Year-round,Mountain,275,44,211,6.3,0.6,Clay Loam,34,13.1,1427,1264,436,886,1191,22.5,22.5,71,5.2,1.08,0.65,0.69,0.016,0.61,0.61,0.62,0.67,0.68,0.69,0.53,0.51,0.26,0.27,151,Nut development,Drip,Tapioca,45400,0,Kharif,151
8688,TN049,27.6,75.51,FLD08688,14278,Tapioca,Tuber,Year-round,Plateau,296,41,227,7.0,0.8,Sandy,23,8.4,864,738,285,494,667,30.1,30.1,64,5.5,1.08,0.66,0.72,0.022,0.61,0.59,0.64,0.69,0.7,0.72,0.53,0.52,0.28,0.25,147,Nut development,Drip,Tapioca,39005,0,Kharif,147
8690,MH028,26.35,89.74,FLD08690,9488,Tapioca,Tuber,Year-round,Arid,312,35,233,7.7,0.94,Clay Loam,35,15.4,443,383,166,302,326,35.5,35.5,53,5.8,1.08,0.64,0.67,0.012,0.6,0.62,0.63,0.67,0.66,0.66,0.51,0.52,0.31,0.33,158,Grain filling,Drip,Tapioca,22469,0,Kharif,158
8691,GJ010,19.43,78.03,FLD08691,10224,Tapioca,Tuber,Year-round,Semi-Arid,245,40,178,6.1,0.83,Sandy,34,12.9,562,435,178,307,413,29.3,29.3,64,6.0,1.08,0.64,0.68,0.016,0.59,0.62,0.62,0.68,0.66,0.67,0.51,0.53,0.28,0.3,148,Flowering,Drip,Tapioca,23544,0,Kharif,148
8692,TN043,12.16,88.19,FLD08692,16991,Tapioca,Tuber,Year-round,Plateau,266,44,195,7.3,0.68,Loam,37,14.6,977,888,392,654,816,30.8,30.8,62,5.1,1.08,0.64,0.67,0.01,0.62,0.6,0.62,0.67,0.67,0.67,0.52,0.49,0.24,0.3,147,Boll formation,Sprinkler,Tapioca,39830,0,Kharif,147
8694,GJ016,13.73,77.65,FLD08694,10582,Tapioca,Tuber,Year-round,Humid,290,52,232,6.4,0.85,Sandy Clay,23,6.4,1958,1716,764,1231,1540,26.2,26.2,76,5.6,1.08,0.64,0.71,0.022,0.59,0.6,0.59,0.67,0.71,0.7,0.51,0.52,0.34,0.32,162,Bearing,Surface,Tapioca,28283,0,Kharif,162
8696,GJ006,34.58,77.6,FLD08696,11128,Tapioca,Tuber,Year-round,Mountain,213,52,188,6.1,0.63,Sandy,34,7.6,3299,2849,1085,1947,2603,20.3,20.3,83,5.2,1.08,0.63,0.7,0.02,0.57,0.6,0.6,0.64,0.7,0.67,0.48,0.5,0.26,0.28,161,Tuber bulking,Surface,Tapioca,25403,0,Kharif,161
8697,HR042,17.49,75.88,FLD08697,15254,Tapioca,Tuber,Year-round,Arid,228,37,174,7.5,0.78,Clay Loam,30,17.4,432,406,173,295,384,31.7,31.7,53,5.9,1.08,0.63,0.68,0.022,0.57,0.59,0.61,0.64,0.68,0.68,0.48,0.5,0.32,0.31,162,Boll formation,Sprinkler,Tapioca,38005,0,Kharif,162
8700,RJ019,18.29,76.61,FLD08700,9305,Tapioca,Tuber,Year-round,Arid,286,31,197,7.1,0.78,Sandy Loam,28,18.4,480,389,128,285,351,34.7,34.7,53,5.3,1.08,0.64,0.7,0.018,0.61,0.57,0.61,0.65,0.69,0.7,0.5,0.48,0.27,0.35,169,Bearing,Drip,Tapioca,23851,0,Kharif,169
