temperature,humidity,rainfall,label
34.03303080583345,39.522005793290134,22.885438886432766,Summer
37.496774476680244,38.87692604435942,20.063455401853297,Summer
35.12267891402743,38.83146287830439,19.14306469706404,Summer
34.80208875027555,41.47032426228779,21.479860260740214,Summer
34.731894325583085,40.75927423486559,17.190264035603196,Summer
33.48055219889978,40.18363694728072,21.34570371441317,Summer
34.224297363199945,41.7300710322812,21.6037923984274,Summer
33.55111063228935,39.742370289468425,22.752697142752233,Summer
33.60832181212406,39.32398005220473,19.003181319281232,Summer
33.50854253854132,40.421902016809995,19.56143341126395,Summer
33.680844421122465,38.86176210497505,20.15695878844968,Summer
34.832119168085214,39.06786287901172,19.613055927757728,Summer
36.660020757380046,39.46544742382771,21.35178553068585,Summer
34.73916666607093,39.9025316389245,15.49491099949174,Summer
35.57453951412818,40.81413903594214,20.135646715959318,Summer
35.975975675169735,40.58766533411165,19.315106486040065,Summer
35.77286916955954,40.080986012558625,21.687479198611815,Summer
34.11119355778768,38.365472463174854,19.70574375286352,Summer
33.94220157728241,40.69570840573257,19.65816512239376,Summer
34.527447060318174,40.8109844879225,21.54304450056044,Summer
35.706215823855736,39.554123812911826,18.27953930399645,Summer
35.967325121089296,41.45302640237673,23.030974300797187,Summer
32.899234921165075,40.4697836822325,20.950316097376543,Summer
35.87397851335768,39.398650372702875,21.341157182709082,Summer
36.57344270150914,40.51893019679351,19.90533774815354,Summer
36.12548944716233,41.94494354934874,18.68195733901525,Summer
36.41565300271426,39.9526996529392,18.231300172198544,Summer
34.0743891421358,39.64037578176668,17.070091162960733,Summer
35.59739244304134,39.89707362027828,19.702245978138954,Summer
35.92079333055756,38.75687298093145,23.047451799224007,Summer
35.3044549585154,41.512722713183535,19.482630957260614,Summer
36.30666254108789,39.52994481490605,18.148441870309114,Summer
35.94270855097262,40.01399306309597,21.87571526037162,Summer
34.809763344163784,40.88595213515375,21.327104149746233,Summer
36.20296849500658,38.19424127965016,18.299864471080863,Summer
36.491104161528774,41.82455124768573,20.356536170654422,Summer
34.17252176180722,41.25284796374733,19.99827859212242,Summer
36.310664012443176,40.59381295114904,18.320081976200658,Summer
34.89900288470686,39.561741757645194,16.952303760558966,Summer
35.00051156877447,40.43171888398847,21.83431496830189,Summer
34.8681656684502,40.236806714909775,20.991445078090962,Summer
35.6706508845235,41.178750291456524,22.576490231014702,Summer
34.939590329047356,42.163304455360255,17.510126158172447,Summer
33.83012356965247,39.525538335871474,16.28325654965763,Summer
35.43244276321102,41.99514287147944,20.69485826751214,Summer
34.3362159430245,40.817020372811996,21.648732211877054,Summer
36.636059202568305,39.67763817983179,24.01153392905238,Summer
34.15273038124463,39.968088035029744,18.373129079171527,Summer
35.47021824884821,39.97635398226219,19.101098918205153,Summer
35.130891826420815,39.61681024930226,19.042302105917376,Summer
33.841720418541065,40.632955045796535,15.434042231954411,Summer
35.28859308243053,40.0401954727601,19.07981181797696,Summer
33.395913292581426,39.68225833999846,19.907837877065546,Summer
36.75587165987549,39.54304453737159,20.58635386913916,Summer
36.40848466081069,39.3804061023204,19.39740799734301,Summer
34.110396622836944,39.43980089348832,20.25161633407277,Summer
33.82254365576014,38.778129410576874,20.8228854579419,Summer
35.93428006300876,39.350457117071805,23.160419395016824,Summer
35.4665565966329,39.58522737518992,15.484552160295763,Summer
34.665667917818496,40.971415433615924,22.405480541549085,Summer
34.76785618045014,37.997779995449775,22.58344279549593,Summer
34.39242856951141,38.58286276318885,18.097413078586115,Summer
36.26189338199274,40.33792738736567,20.617360480920482,Summer
36.4511020508687,40.1972527047444,20.573240402206483,Summer
34.47918757182549,38.79774789166963,16.75123042445428,Summer
34.1156015019678,38.42720656729149,17.67504726253719,Summer
33.23932554707245,38.7470425828172,18.845821839610167,Summer
35.41637436275276,41.53998174195804,21.636150249822737,Summer
34.35060037865469,40.20494431861488,21.324325124126794,Summer
35.63422656376003,40.064890048115444,21.283221118927067,Summer
34.51367934667059,40.78577066071248,21.019667264931595,Summer
33.08331616147348,38.67531057220927,24.590162505362258,Summer
36.939062749999025,40.85205562868367,21.052952333323667,Summer
33.735219905383495,39.17223349589204,20.257653278485204,Summer
34.50150225165845,38.456479388109514,20.38252473885419,Summer
35.30979740972252,41.38345821921923,19.434178985932412,Summer
34.169300901465064,39.74025640055133,19.78236951653708,Summer
35.14939699693356,38.58930474870378,22.42596853970276,Summer
35.11580111167453,40.81996839983621,21.857243096623556,Summer
35.39457209440152,41.17602905598885,21.776587937766323,Summer
37.47877213243822,40.60264727782395,19.03664834892183,Summer
35.455131112766175,39.857525131484174,20.055143514711602,Summer
36.52901899854416,39.44249145777055,18.620141613755667,Summer
33.55640037697786,40.821311188963584,18.767068686333953,Summer
35.48432378802915,40.27912225838468,18.90120038567904,Summer
34.929790256926566,39.356933373767916,17.21698196133449,Summer
34.95891606423525,39.46733696411914,20.11063845288106,Summer
35.07294895614842,40.11391542437397,20.207366417667068,Summer
33.123975643063716,39.38018151777917,15.305022071938385,Summer
36.66768683661862,39.525427940648456,23.059823134869685,Summer
34.70796813281631,38.43370035087431,16.049375536254104,Summer
34.28321542396108,39.02195596688435,21.432668207017187,Summer
34.28958566443057,38.98456569745194,19.058118462345252,Summer
35.300756931818,39.4901861770455,20.558723887720863,Summer
33.68023689335973,40.06793998456982,19.499210740713668,Summer
35.43992347620037,40.144620904262844,19.870794338018026,Summer
34.533881918682255,39.6203838991143,23.25533928813452,Summer
34.99008062505897,41.08799893549477,18.9452742151476,Summer
36.50399323767785,40.31373331266176,20.642918383569256,Summer
34.185629615627576,39.767743474629114,21.455023532277163,Summer
33.967306726081446,39.07229152825005,24.40466653391156,Summer
36.14761060794021,40.94232290664355,19.032066567604502,Summer
34.323027196227194,38.169606125103456,19.958952752914456,Summer
35.73059523260194,41.70411637489862,19.986835547379886,Summer
34.311969136327335,39.33755660798431,16.972766898928857,Summer
35.463632110803225,39.56397508562772,20.166792838648046,Summer
34.1598148647964,40.93102867226947,21.872197979088586,Summer
35.02185129406538,39.802086321464,18.079207881635224,Summer
34.97948061590331,40.01648636764661,22.690193012900064,Summer
35.04701328131603,41.17092150412275,16.70807603517533,Summer
34.564458846876946,39.90660613294732,24.245355609373274,Summer
35.388900431961275,39.771318492200315,15.944593626414878,Summer
33.9959438990031,41.816701301508374,22.186204228383584,Summer
34.77499035998907,40.17461162767473,18.521487702023666,Summer
33.18342058723497,41.009435449933086,23.390595254466923,Summer
33.90015791601982,40.33819246883871,21.47373529891968,Summer
36.96495200219492,39.447027644869024,22.18234058351194,Summer
33.878798355784156,38.69982040437426,21.288694135884185,Summer
36.34121730797316,39.9789464065884,21.97453344684702,Summer
36.53375686644226,37.39422141490124,20.670554561240913,Summer
35.05979317514794,40.15784628457333,21.106683030753892,Summer
34.34505294428995,39.66468729347756,20.47697009256325,Summer
34.599078783302694,40.91742177327814,15.818499254604731,Summer
34.4480030027143,41.875365664068624,20.019251377986432,Summer
34.359581166324645,40.437802393163956,19.72306307396532,Summer
38.38067674848073,40.90617852768655,22.278833941811694,Summer
34.8957750523773,38.2208021770452,19.72982376518828,Summer
32.38128851003509,40.76587793869335,21.241088705209354,Summer
35.33797976319405,39.385411734985645,20.003208173626962,Summer
34.53593271580574,38.368166969908394,18.825748450011222,Summer
34.37100894674289,40.57950795850336,24.15170193528106,Summer
34.95578021809401,40.03838480924419,20.783145749099887,Summer
35.940406459839195,39.88074059151391,22.962611129710364,Summer
34.941305237800385,40.513883745123444,18.460904381920415,Summer
34.37207134031911,39.91574190104441,21.608547106620946,Summer
31.86643849302163,41.54191256019857,18.73543933664916,Summer
36.90056546709042,40.23390254731586,23.42315184137771,Summer
34.471173102528326,41.58744458836744,18.477276614759145,Summer
33.20702522304812,40.384150018606064,19.795471737643794,Summer
35.285934243483865,39.533942486145015,23.59147434080239,Summer
35.16705837559629,40.85980244605165,20.24358713845122,Summer
34.42514481869178,39.10028032817881,17.2900761566143,Summer
37.584305848991924,39.10398793377396,22.181678160369955,Summer
35.938388748014916,39.67143403827042,23.032087967505745,Summer
35.861279628675575,41.05907376360725,19.122106751538112,Summer
34.49510727400877,38.73930577256231,19.680113549843156,Summer
34.817900590987385,41.21691594217628,23.090005081596047,Summer
35.32343867541167,40.66730361715798,17.168601418374628,Summer
34.313913900113626,38.89204824829154,16.67730941083459,Summer
33.4051300531729,40.24887992185404,20.219530460982636,Summer
32.97610829013744,39.00206400453047,20.4005269608413,Summer
35.89497776942105,41.940658718685704,18.685922145103056,Summer
34.21218657810617,39.33161625894427,21.802436239481956,Summer
35.6558195045635,40.27615504752976,21.38496684114813,Summer
35.8717798609489,39.603455621194534,23.74153321071339,Summer
35.47252733918067,37.76945038320743,18.331153219349492,Summer
35.43196788490832,40.545905610526084,22.954782882158604,Summer
34.01821469173805,40.247156420940506,22.199465104844542,Summer
34.64354705747325,41.24829747574645,18.341723598695737,Summer
34.451106725431245,39.584656134959815,17.66657295309753,Summer
34.899696118166915,40.53716044762371,18.306765267789373,Summer
35.3313761711801,39.05447706345395,23.29459524638198,Summer
35.248095294684404,38.58769163419784,16.009902630303007,Summer
35.34124972818277,40.1923788542097,18.699685231353154,Summer
33.70666876913399,39.42105024579298,20.519326502572746,Summer
35.15207366589498,40.20338374315145,23.98769669963675,Summer
34.78788241087488,39.98264988893096,17.965120791597325,Summer
34.32303858227351,38.770621167645324,19.101307780743387,Summer
35.683921632853625,40.959413538385,21.28708456738879,Summer
36.05767375846922,39.57758913096168,15.464381034157663,Summer
35.595799110996474,41.04116462543418,20.185666000980525,Summer
36.242595710597854,39.45518494136686,23.8450244087973,Summer
35.728364883084,40.22754863175465,21.646237775834102,Summer
36.416823902257036,38.74992274855355,17.11708619947177,Summer
34.67307163509321,39.97516687358436,18.88532143638863,Summer
34.42332108686759,39.710416259635544,21.32645335831866,Summer
34.11079939086596,40.08346130682348,18.349843976088184,Summer
36.52477269872098,38.20674465101328,23.824777603001266,Summer
35.80357138641661,40.862302672074605,20.329618415202326,Summer
35.6398454269045,39.946157140368946,17.069694941086706,Summer
35.1182493604585,41.69376309136984,19.565761965614946,Summer
33.9504787018178,40.07550208143054,19.461889752699527,Summer
33.69294938951563,39.42945236617094,20.326109721802183,Summer
35.68161589908962,39.61518595930512,16.797452548990982,Summer
34.451009073084414,41.10683434865067,20.93100654737299,Summer
34.11323320405393,41.327475432768054,18.178588797938712,Summer
34.813856430672615,39.829851188699315,24.266594848913037,Summer
34.773540502106954,40.19785726309717,18.43263195664834,Summer
34.14624092155979,41.92416770613571,22.6641153624912,Summer
37.09064305491149,40.44998828279887,20.372480834605305,Summer
33.40342133119666,39.67292428274789,17.49830489254073,Summer
33.6117430548744,39.5789688858282,19.974332938261927,Summer
34.81329079649467,39.299979565164236,21.380984245226486,Summer
32.72351119744555,39.92880166526986,20.097267294307354,Summer
34.85819059182784,39.676728368580065,22.860978053558274,Summer
35.256241145958576,41.542748101163305,17.781357930088017,Summer
34.47127283188726,40.42753454190282,17.898684161565008,Summer
36.25537484578499,40.24360905143107,20.759999320000677,Summer
33.508294442394615,39.64630159061369,19.57488433999937,Summer
35.57314276265466,39.47120790716752,20.051558750843373,Summer
36.16197260938949,39.42617095484231,20.132343671794178,Summer
33.577521576987344,39.35750162003603,17.639725571133386,Summer
37.610466846550146,39.71553158248865,17.31998920341087,Summer
33.15943707919509,40.160681753854895,18.4044508550772,Summer
34.28777540113009,39.51802140526917,18.327895755698776,Summer
34.5663939800941,40.98368364443256,20.270548019002426,Summer
35.639706835609125,40.96417739878451,20.64596430123144,Summer
34.86353009219539,40.29903097164824,18.764658369397125,Summer
32.89869969783765,40.749961938903475,25.54688753092435,Summer
34.047892776306426,39.54951828068141,21.970000391468254,Summer
33.45299855198813,40.66014869492168,14.809821663625154,Summer
34.251059547943655,41.049043115503565,22.16421978902065,Summer
35.93736249148661,40.64400816940312,19.49628030259737,Summer
33.10278733045625,38.77747075753365,20.479474355866735,Summer
34.9821902717963,41.55439096600012,20.493833838864102,Summer
34.738281733156,42.40674372086324,20.225329971635237,Summer
33.037268641517876,39.21843573700941,20.787430405304836,Summer
35.00154372316228,41.58797394790783,22.066227217626977,Summer
35.12669334122448,40.28975418659799,22.426075149784346,Summer
36.70901698213166,36.97005468870414,17.825070812338787,Summer
35.68462455304599,40.203894974135416,22.280104246669605,Summer
35.55569166816997,39.65416384278318,23.375560525000502,Summer
35.55397738420119,39.60386654692789,18.775565613289977,Summer
35.17660899797725,40.92155518994835,20.369876136025777,Summer
34.56060019152963,39.01946511148072,19.63985489693048,Summer
36.90087411883585,39.60030477146419,17.310627128059874,Summer
34.86943466363906,39.13823839968245,22.541386322889906,Summer
36.754392920033865,39.79745300257601,17.890918190282136,Summer
35.84376558584048,38.70364769297695,20.96029835162687,Summer
36.34779345978873,41.48069094357262,21.091985076311655,Summer
33.21465418147713,40.18766422211992,20.934530590566272,Summer
35.799526460520504,38.86608002001195,21.480607524639996,Summer
33.64562891706877,40.31031236861373,21.05688730295899,Summer
33.87518887431024,40.248984511011024,16.752825239008757,Summer
34.70780397225931,38.851254295691945,20.317038031863753,Summer
34.055934703230676,40.01366992295076,24.09404930775747,Summer
36.56503166648969,40.50262457524068,21.962554018088824,Summer
36.0119098696921,41.841117091526996,17.340507417732244,Summer
33.66942215696697,40.43058468735435,18.618384686839427,Summer
33.9271112908174,38.93537117870963,20.11219492752998,Summer
35.57731661393139,38.39025123172586,17.292912132243252,Summer
35.482470095821874,38.78559718925144,18.983756328973573,Summer
35.18774770450997,39.500999660400396,17.71628504036954,Summer
35.61143229340075,42.33199269993829,17.349130554352485,Summer
36.482813134494435,40.21249515886965,19.24711843357507,Summer
35.82488329847374,39.82042948804141,17.947108679458893,Summer
37.25494016882003,38.49002084397756,24.291257808663374,Summer
36.11615042538134,38.94694829446919,18.48816043489785,Summer
36.08593538234482,39.50704026914097,18.88580195209093,Summer
35.88293638372997,40.60646725115498,20.56640139763307,Summer
35.69679000467984,39.248324731331294,20.99341794074537,Summer
34.004351136825875,39.394987647879,21.628142667247083,Summer
34.12936161085048,40.008227721471734,21.758817826350185,Summer
34.937487820878204,39.73683801294167,21.78318942075102,Summer
35.84076354707227,39.98423732862302,22.924659940012816,Summer
36.77062793206903,39.75821084458684,18.64144194091231,Summer
34.91759485168563,40.086632468032235,22.451943258693877,Summer
35.69601796393664,39.254962717915184,24.13110416540393,Summer
33.36663046328338,39.37395973660063,18.82720551384145,Summer
34.49795517953731,40.33878627053819,21.752945566553752,Summer
36.646791249527546,38.698782452504105,20.75927747300881,Summer
34.15022818398635,41.33877549491196,19.827153024655402,Summer
34.346095066560444,39.60212977269733,19.623608931767187,Summer
34.344623404676675,41.26257393197721,24.510279101721625,Summer
34.585834084931115,37.91225195861349,23.195563188234054,Summer
37.38673140705225,41.252904508900116,21.9662848350186,Summer
37.11994768000563,41.05111241014372,18.819949893196856,Summer
37.20881853357885,41.51137431656854,19.814002075076033,Summer
34.64808393923946,42.196442594164395,19.473374936443445,Summer
34.86076093632139,39.560521279077896,14.200351087452141,Summer
35.95312766182315,39.867619430460834,21.637663892985298,Summer
34.85308441740831,40.662027974972304,20.48710564102683,Summer
34.93200563557351,40.722083815941595,17.577215944773037,Summer
35.548394074825225,40.29033820205596,21.576716223907916,Summer
34.03578523367453,39.80459479600198,20.31015502071497,Summer
35.15013340224213,40.464616269095416,23.73544560209124,Summer
33.89136426778282,39.66356110908382,23.573407518674628,Summer
36.87219151890622,37.83559165253414,19.117260555269098,Summer
34.58829503938733,41.001102018154725,20.28516073992654,Summer
33.30141181805479,38.87455882291893,19.397397068074888,Summer
34.60279273124791,41.16166727772863,19.54065037051384,Summer
33.32827862675606,38.87064707466819,14.985887750062107,Summer
35.044921063556956,39.337505603165155,20.802168196007013,Summer
34.134970152518235,39.370064590278446,18.221912880149848,Summer
34.68346170875638,39.098945318594374,16.448561136267934,Summer
34.22664544951845,39.3338836675094,20.015544717450474,Summer
34.65898721191737,40.723009541661405,19.645728745181813,Summer
36.162536983764376,40.59684828246636,18.947314300021972,Summer
33.35275519776154,40.445232299824504,17.970542224777425,Summer
34.92304054183737,40.28889992519875,20.803639184880925,Summer
34.993924141649536,40.534058019374854,21.103656066524536,Summer
33.567625266961976,38.87092108919246,18.074573777405064,Summer
34.85451836286682,40.523369834566076,17.1173743838712,Summer
33.720425941030705,39.81628469476636,17.891498960989548,Summer
35.04379207686709,39.85519081091995,19.880664057292833,Summer
36.99615033553427,40.56151282264111,21.21208204388961,Summer
34.374815775742476,41.22196336308635,16.819204226766782,Summer
35.88045280309157,40.05718514493275,20.22760806524155,Summer
35.688733329987336,38.11240988242905,23.710098066698603,Summer
35.257289529532734,40.711580797975635,21.387211575989316,Summer
35.31816619390101,40.60770042457945,19.47410619060134,Summer
36.78794254241543,38.53258589875227,19.92829288252536,Summer
34.68400643036302,40.30681603319265,17.304197519692643,Summer
36.352545931875795,41.73920158555718,19.93986032783575,Summer
34.25535606365487,40.975192710334106,16.092592234369054,Summer
35.93426567706983,38.88976107752731,17.963764388510988,Summer
36.948723098954694,40.042500961135104,21.831156200797814,Summer
35.17432523734003,39.42175547295676,19.62312536863925,Summer
34.99524927018026,41.217211142684015,17.011258272391387,Summer
36.23019155155047,40.98789524661731,20.98194248175355,Summer
36.200388583577805,40.14830366459708,18.824047494538696,Summer
35.3477255294456,40.8517045846305,20.26401676690499,Summer
35.61509645631004,38.77477800159619,20.655375647027736,Summer
35.84205981231046,39.47879640553598,22.498623077195894,Summer
33.27206788400524,40.835465802157486,18.054655016368624,Summer
36.19176230578741,39.831354753338566,18.00925678134258,Summer
35.0525722941556,39.25528511916737,21.087966603008386,Summer
35.62692468385905,40.681427781595175,17.90243729100055,Summer
35.337933774566835,40.56509099475544,22.075235507147106,Summer
35.29690836362748,41.20340510083552,22.572360202843953,Summer
35.94380427133107,39.62063826090266,21.831367472854183,Summer
35.80736745929313,40.80455804901097,18.64123164423146,Summer
34.98726278782141,39.324389799379205,21.062054784881187,Summer
35.28987859590566,39.27079496034683,18.795224917031515,Summer
33.52163337139666,41.06419253102276,18.560283541048936,Summer
33.4557948575166,41.9257427394179,17.892106898921107,Summer
35.47325089387285,39.64195000696903,20.77201833878066,Summer
36.61313178476895,41.52274461686096,17.829775217691544,Summer
34.510943213110245,40.44519178572041,21.132827755518008,Summer
36.25889557425777,41.03082156242597,21.220765356391563,Summer
35.3203605068992,39.65798770723309,20.02532843094146,Summer
34.52507652812199,41.22277262171622,19.258347403170742,Summer
34.224658702733734,38.86661978164972,18.143196603393246,Summer
35.54660170124686,40.30794331411272,17.53861986373563,Summer
34.48022326573515,40.81147416789505,20.314048401739047,Summer
36.19563503581375,42.94117601244343,20.805163600490175,Summer
32.69260375300567,40.05832707501233,17.57652907277427,Summer
35.82867100810055,38.77481759634887,17.473638568044173,Summer
36.32172030020737,39.13691361590547,20.01036139890245,Summer
33.41735196494963,41.658316442866564,19.30383970549252,Summer
34.40407724491362,37.82946538607501,20.93204196612037,Summer
35.19273756565552,39.4066496876563,18.498821845737407,Summer
35.683285001496806,41.076020863063775,21.580787025216203,Summer
35.56623699731563,38.865941409393166,16.98272254904069,Summer
36.633083505707255,40.82645425211331,18.13897570174005,Summer
34.706125100472,41.212795989186986,21.16153214123412,Summer
36.73246140150367,40.19642161995394,20.298629786999324,Summer
35.680018325962195,38.21276308466968,19.43515446262359,Summer
34.9826504565952,40.73824721417925,21.66388917928707,Summer
34.04886287285983,42.36009882196656,18.305180930391714,Summer
35.49922900235468,42.25797272965289,23.046625304360532,Summer
34.746013651079004,38.37349680082352,21.03473516892903,Summer
34.96251523031692,38.564047811208134,19.91048791479184,Summer
35.913347524685065,41.75775897028965,19.542239825524216,Summer
33.753008679166264,42.49236657679448,17.33128112256565,Summer
34.8847623015243,40.140369541627614,18.20637923049569,Summer
35.35939249132423,39.05781949586127,20.99009273440171,Summer
35.122365055937294,41.15970422430893,19.66248303165435,Summer
33.81513681286613,39.65265776464728,17.655831475761133,Summer
34.9285685758121,41.43971085536059,23.92291785281439,Summer
34.87546213984295,39.851136051703804,21.53123547874742,Summer
34.1806100228052,39.39202733711591,19.872755705537124,Summer
35.65958913952126,42.6906180973114,19.397188608416315,Summer
37.029052606551346,40.32438435915695,19.511846699084327,Summer
35.62670099445869,41.05305652379081,18.97373227250241,Summer
33.98417808232436,40.530685628132545,17.723968903887958,Summer
33.960682456997596,40.82438906723841,18.98641953137775,Summer
35.22007797927134,39.87040706655684,20.12764769186089,Summer
35.65700081342113,39.77901101351444,21.195762344956268,Summer
33.63936678155644,39.99312228939143,19.811766028365096,Summer
33.06404809516424,40.09308835133902,18.776728600064892,Summer
36.35896956428171,41.188805212015104,20.783506205527093,Summer
36.44109535979044,39.7944774651524,21.482547014340533,Summer
33.41798730303378,39.95868506494498,22.49544445735712,Summer
33.59868675069904,40.94048988839557,20.746590521274992,Summer
36.23716437719537,40.63583314413272,21.408274904655748,Summer
34.86055108413358,38.587887917703256,19.291720865612007,Summer
33.1267540647661,39.02371843169281,16.569616787552782,Summer
36.76358093216562,38.8845753805692,19.33578340959174,Summer
35.04857416637488,40.080834012430046,16.352373023998442,Summer
34.28871439245701,38.11311004324912,19.0334559039499,Summer
35.1107991269098,40.79040660379388,17.46462748727885,Summer
34.28226398990911,39.75201667191041,17.461062851707393,Summer
34.60495328589459,41.226584208518894,17.39570743980222,Summer
34.44233013373048,38.909881113579424,16.498995635329454,Summer
34.15605534861387,40.90160409498491,18.704733450240923,Summer
33.84567924309793,40.74621658639727,22.45395318961746,Summer
35.33554472180804,38.62989819944975,21.729385521140674,Summer
33.95995642537481,37.58935453943598,18.822576583389537,Summer
35.36230555471192,39.34197300148526,21.284441672572942,Summer
35.18732718302401,40.33343283917389,19.10874868169621,Summer
33.442659866781774,40.70370598457858,20.173553809506974,Summer
34.83670042570279,40.37438652615284,20.555456134759062,Summer
35.28229523799327,40.16627741533123,17.01771541779583,Summer
34.40142182269651,39.483763800762816,15.924070249834838,Summer
34.999305108860234,39.575891694713704,23.968993721888634,Summer
34.24595773200991,40.06639476804758,19.23778837200721,Summer
35.101439101386475,39.7171247101344,21.28682692709603,Summer
33.76019503103797,41.04611954139671,20.551179743068488,Summer
34.98307697126613,39.676797542685335,14.936562186070908,Summer
14.480673665484574,58.57481153651905,29.85699444487139,Winter
15.881184298399074,61.93288398738082,29.107981820869547,Winter
15.067211294241092,58.45376695673879,30.81452315536394,Winter
15.70188583175438,58.00912413031923,27.188893493346743,Winter
15.727723842182838,60.465429457516365,30.684584526556,Winter
14.183732339503381,60.037101685911765,29.43100682900502,Winter
15.893143224030823,59.03614888371915,33.69646032959351,Winter
14.574696154717618,60.41575903322526,30.013239476438905,Winter
14.283719407380511,59.38214429452347,31.175646365516943,Winter
15.428851833122584,58.597569907852844,34.170842068122674,Winter
16.93606676650318,59.181909706123434,30.738856329795166,Winter
14.717552907223519,60.48592362460434,31.499664698512532,Winter
15.087232199608035,61.200423796093666,29.485693728284748,Winter
12.746077997396897,60.821396597596284,32.28091999840044,Winter
13.792880950784287,59.681774478033766,30.927139991178304,Winter
14.270051428942217,60.242666323935985,28.81008254973734,Winter
14.878953344791368,59.98587802801837,28.450783749606856,Winter
16.491378610657538,60.899135838015525,28.444494189589115,Winter
16.88127913911951,59.843158583538255,28.8378064012799,Winter
14.20067957207792,60.17762516506308,28.75538900289433,Winter
14.895617569976332,60.097037879306484,28.20710049725975,Winter
15.734359947379403,59.03343251882677,31.21966908380807,Winter
16.002500892447493,59.67976135560226,28.326133264179166,Winter
13.87836294316411,60.263797820283536,31.489711716693385,Winter
15.764753658456527,60.21277635512009,29.729433306067737,Winter
14.276972316947454,59.394086279811425,31.284483661253983,Winter
14.849231308618675,60.803645484318345,33.17138774035012,Winter
15.972452439323245,59.975996800722704,31.700659431541116,Winter
15.195206926046444,60.36458538064015,29.17237159047331,Winter
13.757377124728361,61.34693096019116,31.489834148249592,Winter
15.905434624616674,60.879252950739655,32.72673024244665,Winter
16.121065447905245,60.17122009522392,30.133058669985033,Winter
17.000055074714783,60.88835497974907,31.450807381528115,Winter
15.018919889444218,57.55708591480331,31.709818884383544,Winter
15.567524309813589,60.04147322253721,29.270873361153445,Winter
14.224382187703497,60.16996831348369,28.599729053517404,Winter
16.72851210639865,59.92790055100949,29.738637582142687,Winter
14.962221808251378,60.18219255732255,27.952343818375393,Winter
15.333548332406883,60.39530466834834,31.09615114775427,Winter
14.743459205585381,60.43697598686755,32.168356020916406,Winter
13.411337893366614,60.78338275538197,26.2398860737953,Winter
14.721781940949814,59.85442004196357,34.853751652072425,Winter
15.371061906460515,61.14666595154736,33.151383038002635,Winter
14.28658064226122,60.81579516016602,30.19952832887666,Winter
17.17980164454856,60.06614063194927,30.953426307467723,Winter
13.312998321145756,59.63334353521372,30.274129262266765,Winter
15.279638857807008,62.99342891948714,26.768470049194324,Winter
16.336555603007305,60.12473289225732,33.28931343899603,Winter
14.80029867805092,60.135166661802266,28.39613670508336,Winter
15.156888401579016,60.45097934160618,30.081861010649455,Winter
15.642196773547466,61.280327495722986,26.944421558266814,Winter
14.154952536207462,59.99250308452501,29.77476185085662,Winter
14.416852896141908,62.093693205483966,30.296468096721302,Winter
15.513514336539194,59.894360110285064,29.57983016372979,Winter
13.56016203281955,61.12633842407762,33.096076246730455,Winter
14.685318896416721,59.28327998877352,29.829159727621096,Winter
13.210636591853842,60.00304062099817,29.82910791305198,Winter
15.843780271373369,61.31382460116666,28.80517107223269,Winter
15.17729404697038,59.77401994554924,27.21380453788501,Winter
14.694055489576447,59.49463782983407,29.854112544782186,Winter
13.576230634531598,61.13897827538359,32.65521788164039,Winter
15.764491239021778,58.83706184840712,29.448875880174942,Winter
14.843228480843957,58.231149541367664,29.804553267793615,Winter
15.625636761751315,59.08611786191473,31.949961513953934,Winter
15.536292376410023,61.62424210737766,30.09731792616079,Winter
15.023992956905097,61.3641095967822,30.06737669273604,Winter
15.462971136777467,59.95579115650998,34.425153983939275,Winter
15.884844903708139,59.953922734163,29.437720340728987,Winter
15.547258064070503,60.10692268737811,30.390414757393234,Winter
15.912671718751094,58.23271411751795,26.198886041392562,Winter
14.324221231686892,59.872469346067746,30.090325178438814,Winter
16.23618328606292,59.43655206782587,33.28892413495723,Winter
16.639863095506037,60.82789346159526,34.90411680624553,Winter
15.902188737414189,59.40197257831903,30.572169532931014,Winter
14.046110111893965,58.15128302395111,30.525398144490715,Winter
15.569018663134703,60.4252768999685,31.286571657290693,Winter
14.29089026232791,60.17606393144905,29.209449365260298,Winter
15.18019652814419,60.11953130532768,25.105433108631956,Winter
12.94168879344291,61.094171871812286,27.77025146623003,Winter
15.704437440494013,58.92162209055555,28.957452451332625,Winter
15.36174088397092,59.99134371188111,33.073513592048556,Winter
15.056020619572607,61.16296652011133,28.153918353157522,Winter
14.53791216741894,59.01334391174249,32.57461581326903,Winter
14.525629623888763,60.44777578570285,29.29461074585056,Winter
15.266381973942687,59.51275342436944,33.03267680959163,Winter
14.905114570741832,59.45246763274079,27.983978158337838,Winter
13.43273763067696,60.1911502645568,29.08102678789242,Winter
15.236192638304653,60.665936339301,29.746548416202554,Winter
14.144854571493939,60.360855320741116,30.116566345991693,Winter
15.592958838669832,60.19352723975635,33.26484472598118,Winter
14.904398448443418,60.16803656053884,29.67728791101552,Winter
16.067427237120704,60.32714643966546,31.472737466799973,Winter
15.384444301539451,59.19617337844197,28.946591015703575,Winter
16.316799142040228,59.30111028338813,28.666956741132744,Winter
13.523946933709402,59.94081776857059,32.82198715573338,Winter
15.0446389755989,60.846690973678434,30.372810916370724,Winter
15.304477352781927,60.62293770612444,32.275857238546855,Winter
15.10947095853704,60.18071193718263,29.75637185485121,Winter
16.782532047147324,61.190593552630325,30.89775267062961,Winter
15.04772575227145,58.72640240186866,31.086489064072893,Winter
13.907823777530275,60.15927299930033,25.70816409041783,Winter
15.61077566705548,60.766541891964486,32.65879337677225,Winter
14.86551261382385,59.292088881538014,26.293028781361713,Winter
16.125890571095397,61.173325759480385,33.05988372157209,Winter
14.870260871139195,60.75546154839174,28.102615060626285,Winter
15.267805437449256,61.293148894359504,28.052433993393024,Winter
15.054993374939814,61.45777750712819,32.10276686713098,Winter
15.791884416807536,58.138403679814665,30.7739005311467,Winter
14.87593578681229,60.384896929217334,25.715743099133107,Winter
16.084035667017933,60.2523032257418,29.701461172452436,Winter
14.793618881574448,61.69129627959486,31.385471517442912,Winter
14.68765835481032,60.37456894418778,26.906235200956523,Winter
15.025662455753979,60.64459601901022,28.846479825250203,Winter
15.533458537517985,60.52846617469467,30.07339882923006,Winter
15.413975372972017,60.02412800077639,30.665765693565472,Winter
14.857528177293364,60.66827570577483,29.176182549620417,Winter
16.68910282500965,60.15693857688424,32.43650987087351,Winter
13.342079070078368,59.55053592459404,30.661278743366157,Winter
15.627096943267958,60.23095328393659,32.27442717826197,Winter
14.583034885658266,61.100094989451534,31.705639599971708,Winter
14.39367039066867,57.510506504409,30.052398909947573,Winter
13.885177570149015,61.047009875582674,27.71433598110911,Winter
14.086846188039166,59.84918592451086,31.89636926873528,Winter
15.50447773196883,61.04010657651064,28.577690213637755,Winter
14.057359533474227,59.2808334798401,30.57697852848589,Winter
15.752108075824147,60.19978991263495,29.23602137002718,Winter
14.407411773089441,60.9977121841165,29.634946991828492,Winter
15.413425061396484,59.818363193661746,29.657152659440392,Winter
14.69833892598331,60.227923918232584,27.062193830428917,Winter
13.545448115301628,60.463882099916376,31.20316565508678,Winter
15.030959226765752,60.63370845328651,29.472088633909703,Winter
14.912071255846103,60.98857089004194,29.159894205174396,Winter
15.86659863753369,62.657923216476725,31.093437833519324,Winter
13.605986331128724,60.175792201289404,28.497460519589524,Winter
15.19119970689061,60.495540380555724,30.614662171682806,Winter
17.30602778350014,59.61908579156711,30.860930247288344,Winter
14.08235897902836,62.142178458831424,29.90593615499887,Winter
14.27692153524171,59.51052719446786,28.003608642985,Winter
14.001836231642596,59.976728247752284,30.64329092354691,Winter
14.357306948729995,61.109660594230945,32.56888067478932,Winter
14.159295639275893,59.64363000093388,28.625705958809785,Winter
14.230854942778999,59.53353834801294,30.120570965340903,Winter
15.039043338808215,58.631355873585896,31.833832470853086,Winter
14.934989795549463,60.74340436716946,29.83080548377041,Winter
14.939543714477901,59.88147978196352,28.675964992293842,Winter
14.113496070575685,59.65843348532107,28.226408763846074,Winter
15.29236093238067,61.01942022461457,27.024254715356033,Winter
14.622478854906591,59.78663052437654,30.651319900712146,Winter
14.45903914997743,59.95054134737859,27.17865044082886,Winter
13.354587417608771,60.073764454709604,30.406970665287,Winter
14.201263247035874,61.08383911067067,29.603465274982906,Winter
15.646364591549979,60.2405855413487,30.47485947080665,Winter
16.021988040598817,59.48349449062629,26.636265196157886,Winter
13.308562588606435,61.89522234543323,29.949236748658702,Winter
16.887217514448224,61.04406811897821,30.980832568154696,Winter
15.829495073058734,58.36272494895528,30.271830645955028,Winter
14.775349997402314,59.142423601400736,27.963669468336228,Winter
12.931079042796453,61.098788958383345,24.815314436884698,Winter
15.937602848072636,58.518080712700794,28.301247674595416,Winter
15.409623576920614,59.5199719285222,28.49457627554496,Winter
13.759829352324846,57.94227387489148,27.911265129748767,Winter
15.661344812268739,59.98529648679618,30.54751677249675,Winter
14.285918078478623,59.832222839739345,33.10443354008088,Winter
15.24171395958713,60.55198787734998,28.21894708852054,Winter
16.03460760509655,59.61526138089564,34.96915920572043,Winter
14.794808003479519,58.51203049235462,27.529327028678175,Winter
15.03221582233824,61.565346707961446,30.622024881604755,Winter
15.258773012488849,58.48792814763758,30.139166069209324,Winter
13.437991816012492,60.796799169253006,29.222568309474227,Winter
15.022007727142086,58.47279676499993,30.817294006689597,Winter
13.108283741970558,58.12618359241724,26.840458905256703,Winter
14.546051028987256,61.896439658091694,27.44657005815249,Winter
16.094583209348365,59.60378800494919,25.93154379505869,Winter
14.316968699597108,60.75827895642798,32.17139001948431,Winter
14.871950164271976,59.801180703994625,30.32454585485133,Winter
14.81633917905858,60.11637376871676,27.595501382786352,Winter
15.709678539550987,59.95823229119068,28.570763856702488,Winter
15.267560010230484,60.31100333856843,28.874181538217872,Winter
15.03430189721483,60.999655196587454,31.25415979407447,Winter
17.13501238936375,60.360525157071706,30.888809022598217,Winter
15.144374536538054,59.605666088464396,28.338503937642173,Winter
14.697809480603716,60.440857814604044,30.244730144802396,Winter
15.844964313953891,59.51924845598286,31.370973954782333,Winter
16.30754721667484,58.98568456685012,30.419234396820077,Winter
15.82955176076425,60.39691234404201,26.508088221812972,Winter
14.225493415775187,59.142771431684885,33.80885486237362,Winter
15.983325715119994,60.73145413518037,27.84851510158092,Winter
16.467759602575207,60.523749771601665,27.725790325766265,Winter
15.338529615346353,58.55723681131836,29.487461406864007,Winter
14.824556059027831,59.341272627816636,29.59030315054606,Winter
12.739765985992365,59.160359366286556,28.52779885946442,Winter
15.599538300871355,59.37946806995821,31.53705841574734,Winter
14.499941681081657,60.38543638876991,25.747398847856783,Winter
16.83439534082037,59.7610763188101,32.239770638127084,Winter
15.958002606619099,59.727768313757764,28.70552368053394,Winter
15.957365728376116,61.72904374464525,30.699508121247554,Winter
14.321123800378349,58.984761208035266,28.489571723728783,Winter
15.069880288407317,59.725693175227036,31.598899416339652,Winter
15.099516134638504,59.97479931385786,31.536494993931633,Winter
14.51460567971711,61.03609148799643,32.60849375652174,Winter
14.304304008089101,59.44775068806104,29.54777182744583,Winter
15.119827140666564,59.82467472731607,28.92792407558246,Winter
15.645507657643558,59.70442812441619,28.306197238358838,Winter
15.78410991148512,59.39364850170961,33.902488640489956,Winter
15.634929999223846,59.29641914370805,31.314716695928137,Winter
13.75646860751073,59.647304378500195,27.259207441870416,Winter
14.817327857383988,59.684702896645206,31.934369235228957,Winter
14.955812482532954,59.663337204550515,32.461739919520134,Winter
13.42460146084628,60.374281063910054,33.995059600885455,Winter
13.923084572908783,59.22498289407068,30.989085057738738,Winter
13.776040314388794,60.634619527891665,30.718390906097866,Winter
15.18382580056471,60.77302538604476,26.674068667165606,Winter
15.69698315192069,60.341436045482396,30.495601856220862,Winter
15.48189985969279,60.6209410470459,29.642062041805026,Winter
14.10451118034894,61.422396918446694,35.31838663019024,Winter
15.640121521011,60.92470393887832,26.432113243334364,Winter
15.37162905065165,58.86150454305937,29.4270873898713,Winter
16.70052114973085,59.617949419297794,31.269138022077826,Winter
15.945929703783795,59.727266217068056,29.682528542966903,Winter
15.469964852700905,58.316745271180025,27.0483916629593,Winter
14.204574696615971,59.686496517135204,28.549919566745018,Winter
14.975483501702243,60.54018329731191,28.361241339628567,Winter
13.37708013754636,57.66453112304565,27.674969313509205,Winter
14.141503036120069,59.94183005957603,29.708729409427942,Winter
15.270553625853953,59.0872545386769,28.44471641111259,Winter
14.297821545766569,60.789303679921524,25.337788304692832,Winter
15.052814899665806,60.514986117070116,33.21310416207469,Winter
16.799895599454132,61.18888077852596,30.553492150156643,Winter
15.153199972451981,59.77666915087566,32.575927977793356,Winter
15.457066507746688,57.690964546856854,29.66088395392881,Winter
14.480745623517317,59.39415348113644,30.979506680208374,Winter
15.792039636307008,58.68477933621928,32.13309238796731,Winter
15.96001990540377,58.58638552344737,27.482619896704794,Winter
15.598593554080665,58.942232775528474,27.95904436982632,Winter
15.419080180556811,60.54576156351743,30.04510482292777,Winter
14.6442187383811,59.67043361307027,28.304277068208254,Winter
15.003295291802555,59.52261950468758,30.471421247759544,Winter
15.720709264010972,61.106564641230065,28.02051752799502,Winter
14.301431013854867,60.59388625422688,27.341977146002066,Winter
17.360570732470215,60.29908132550424,32.321549694948814,Winter
15.345015301560505,59.889803142285444,31.666227493597724,Winter
14.936999378943403,60.255544760714294,31.44795482929262,Winter
13.949402623226428,60.12035281098424,28.76020411055836,Winter
13.599342351049813,59.48008129357391,33.14333172293035,Winter
15.481920183242025,59.636741690788945,33.917896512705866,Winter
15.970384374497796,59.23744758035386,28.374670990695193,Winter
14.515999152879827,60.33398380707737,29.873106651623544,Winter
16.18495845232808,58.620453884546485,30.544461981089935,Winter
16.408391421972738,57.73191807521452,28.96032954412616,Winter
14.454682499364049,60.150565448111806,30.191946123012308,Winter
14.720296956769252,60.5296049172034,26.90954652077245,Winter
14.1109691650147,60.177001037690985,25.735053761232102,Winter
14.611831878826939,60.663546558721656,29.669194168951144,Winter
14.419740107962092,58.18004649567838,30.390034850886547,Winter
15.340039993117207,60.748193504965634,31.375259460104026,Winter
14.98396667481029,59.341987623274996,29.48234699156648,Winter
14.556096619683297,60.01071220195725,29.825074128772762,Winter
15.317983516411562,60.26405919287616,29.317286853143347,Winter
14.892040518707825,60.205750602973126,28.554719722701726,Winter
15.034367291780653,60.41271803373908,28.53460106860554,Winter
15.039250728376388,61.016260781467324,31.967556001059787,Winter
13.760949510417673,58.05187195728975,29.11174231482745,Winter
15.484095903269116,59.11076921762788,30.564687918028614,Winter
14.629587170761067,59.70374271821453,29.575215323905866,Winter
14.759237903750513,61.138520694017465,32.86834374110949,Winter
14.703971283843702,59.790753374902955,29.58287817915703,Winter
16.276134602479605,60.104994511346916,28.30074996786951,Winter
15.19631441399156,59.790771217444906,33.225488312530636,Winter
15.459504420437948,60.15997217635845,28.953044043370443,Winter
13.517529099498544,58.458734072351035,29.488099908984136,Winter
14.067774772731118,60.18047887569895,30.01608198442649,Winter
14.555305903040889,59.347675558414,30.638871032636164,Winter
14.063126606950513,61.03753498103975,32.10678380811596,Winter
15.65760971513147,58.41102639095176,27.621112096237447,Winter
16.384201842536918,62.06076548442664,30.163912401191354,Winter
13.244143965450109,59.54657612239225,34.45681826382328,Winter
13.05249115117682,60.17176582935453,26.569972841829006,Winter
14.493070347818842,58.89752299538982,28.75500825745851,Winter
12.660978385717787,60.053704143543555,29.979030050507504,Winter
15.732527035564896,61.15417165559128,31.930122378840824,Winter
16.14116468232247,59.03048916452731,29.564861137726982,Winter
14.028522094619806,62.22168552096188,30.860377798227645,Winter
15.55889345523047,58.61575472467369,31.332037737434383,Winter
14.805546532209615,60.02975027059341,31.82219030175983,Winter
14.181240358895314,60.466744517348204,30.10960323429932,Winter
15.694914551822999,59.3569039449704,27.169412700753945,Winter
14.278041558802721,60.07501981340069,27.975204805597492,Winter
14.337491413137892,61.08261424743307,28.69622104771965,Winter
15.073300156560306,61.604048085175855,28.57868292025249,Winter
15.49888729829393,60.87121048161659,31.88390565934061,Winter
13.44593735484451,60.01329379007609,33.0512151754907,Winter
15.981668240064012,60.677876808236775,28.362298898952137,Winter
15.253758699293009,59.802185667801226,33.47484293084785,Winter
15.266417918903382,60.10578279239932,30.583004184010058,Winter
14.361506100139662,59.698379402993304,30.257479296518156,Winter
14.337954966605887,59.74412855899624,31.43375245409159,Winter
14.32300036742648,59.54911060570378,29.264248081365846,Winter
13.611906490183657,60.163835980570255,27.94401991980864,Winter
16.52763845693819,60.624145775322596,28.371929271774302,Winter
15.975827670822325,59.879182989163525,28.247594016808478,Winter
14.458980703375527,58.933864118528206,33.261481379949466,Winter
15.701556306433158,61.14946665543532,27.737978279589523,Winter
15.200125768804174,60.37180661848111,31.00582409109122,Winter
15.72799307436759,58.28846088567115,26.862049539349627,Winter
13.414083969141727,59.85465192743688,26.975467759776343,Winter
14.970508783900279,60.08473829180916,29.01020631925067,Winter
13.469261131113447,59.255940760448496,29.88450211221685,Winter
15.676275212946901,61.23625189872441,30.787050229504686,Winter
17.17168867638501,58.10877046796187,29.71377344750589,Winter
15.860491413613584,60.61306342304147,29.76778244697785,Winter
14.342779971240178,61.547288842531636,30.198388970721187,Winter
14.825462607183724,61.062084842836626,30.82712663886629,Winter
15.083881621785459,58.82815400635805,31.054111155341094,Winter
13.219618857382333,58.59627717819964,25.777061680305042,Winter
16.063352319912468,61.02807024495866,33.51922501830717,Winter
14.685156609268528,59.603144349603824,31.015394887799207,Winter
15.843301327721049,59.9191992308823,26.574124203829882,Winter
14.59040360724922,60.33830249295454,29.296343852934985,Winter
14.04108866717826,59.92181246386014,32.939706106680454,Winter
15.986819640435705,59.07808629695613,28.226183039655982,Winter
14.522140401676989,62.522408018952646,25.36107479919006,Winter
16.037011703223573,59.520980479180345,28.581979529437685,Winter
15.10406808619777,60.063463766044954,28.825075323507978,Winter
16.504286983202118,61.036098697637435,30.357787835564515,Winter
13.882545361517705,57.593078861760176,28.873064387443733,Winter
14.68952875966869,60.70884219706345,32.693688842115534,Winter
14.580195982717226,59.89922998267479,28.195564007474424,Winter
14.003114318504018,61.194562182318485,30.81368469970208,Winter
13.370999160352248,59.77693537645411,30.094833577123328,Winter
14.636604873661504,58.90305506912796,31.394185057147197,Winter
16.95468944919943,61.93147255159857,26.89944594199627,Winter
14.369106831643531,62.38140295418948,30.063687139747895,Winter
14.438629390181099,60.63049306120626,28.122227450092485,Winter
14.438009954894289,61.90868891506133,33.964090230386525,Winter
15.42755359897592,60.74783980069802,31.824834569163695,Winter
14.577500126117958,61.15814477705328,31.06926017058619,Winter
14.6056377618596,60.81591540598994,26.16320660115615,Winter
14.174087102094862,58.93921009651577,30.009503038274957,Winter
13.67401601845019,59.579642733123414,28.093089670454734,Winter
15.66301150513063,59.83109223268583,26.24529998227996,Winter
14.044014714040397,60.85727699135234,32.40069164922992,Winter
14.071695044901096,58.38874922029175,32.25214367767103,Winter
14.93919565758543,60.02402612607908,28.602887959916618,Winter
14.779319371399767,59.97365586946778,28.526013912159573,Winter
14.942597642164943,60.28656544891652,27.105446967910343,Winter
13.452355987278938,60.73854391696204,32.900638364629216,Winter
15.064864128647738,60.27113714212756,29.974261781497496,Winter
14.104134140235727,62.06444566280431,28.546547672560155,Winter
15.658454051209144,58.59753608518513,31.71631866261931,Winter
14.63820426361476,60.0977494666528,30.303287755918454,Winter
14.09313988540854,60.73861620531118,24.368444957077152,Winter
15.152038983970048,60.91364620857517,31.483391387207448,Winter
15.633843181956978,62.258546497811544,28.73813939882948,Winter
15.359644007147034,60.25278125223933,29.80401719023661,Winter
16.692294361972376,60.29552766842524,28.130958411541478,Winter
14.831234296752552,60.633956396690216,29.65952396151858,Winter
15.241033234918657,60.870762010765944,32.56663179213433,Winter
13.894833619852342,59.19156508222916,26.049452291869898,Winter
14.378712433674153,60.09182853242387,27.662499922114645,Winter
15.088222150819217,59.999599736016464,28.686371710762742,Winter
15.545756352745146,61.61518523567324,28.187257890895562,Winter
15.41486285682315,59.844290184254376,29.767922256194616,Winter
14.611926471479148,59.920577022173745,31.876913730060952,Winter
14.944063839839652,59.34850275302034,30.655257889383613,Winter
15.23395371539034,58.87316375700779,29.819736763051583,Winter
15.502590135320627,60.96536674038858,27.025584529236983,Winter
15.63659740409491,59.95351219449155,31.960481064280152,Winter
15.79562119843073,60.44384921418574,26.57100755372243,Winter
14.659647793760962,60.93986638359938,31.91856438913988,Winter
14.683599272967182,59.84536948451011,31.286875272142446,Winter
14.820307829680061,58.90915700638208,28.16540241775745,Winter
15.187445604393776,59.055793475891235,34.309118428587055,Winter
15.706053603030886,61.001467986425816,32.02482478454595,Winter
14.828029757862284,59.56361005457928,31.228964482885917,Winter
13.42774821460872,61.26325900161546,29.963906795426222,Winter
14.374935616941528,59.933405253921705,33.18340679783329,Winter
15.41405476910902,60.498112016696865,27.799843992360866,Winter
15.222468135756415,59.129098596247275,30.085332863321185,Winter
15.814053289823859,58.350665704956526,27.057457375247274,Winter
15.67646796950121,60.49679136152149,32.004364281759436,Winter
16.390240386098338,59.30655084081005,31.375705555532292,Winter
16.178140599201384,59.78846794634656,32.829657800677296,Winter
15.388672095999677,60.81024167412391,30.489256177813918,Winter
13.443980276275937,61.17078872328301,28.11642436510156,Winter
15.444959849636792,59.421140134795415,31.792732441989756,Winter
17.107923145555244,60.47466957789761,28.87688200907963,Winter
14.221719724466645,58.36717802640283,32.643755280233265,Winter
13.335143596056763,60.9672032690622,30.57380015367658,Winter
15.82330251206319,60.13298344099466,28.53948559242224,Winter
14.020192529670846,59.92102915902187,27.865500015689,Winter
14.29022199153889,61.77967438065308,35.14082368594252,Winter
13.301529236509666,58.89935651372602,27.864640886554458,Winter
16.163240859133868,59.72878924095311,32.453412932580285,Winter
14.323180112865254,62.31981176827656,32.279889633225565,Winter
16.672363163175554,60.104812926856646,32.54691449922924,Winter
16.772172019878944,59.190166712074614,28.916294490346143,Winter
15.155294116319734,58.80304130234492,29.418314252467564,Winter
14.402660287136252,59.29326553144984,30.774630982304153,Winter
14.13302696574831,59.26669008770916,30.415025742168684,Winter
15.04716611485242,60.080248942782646,29.311832934343045,Winter
27.80869837416495,84.60808515765387,250.5012966803392,Monsoon
28.926346666864863,85.71392667033692,248.13067371464967,Monsoon
27.520717113589725,85.17712739403905,251.39949393805756,Monsoon
29.167469358580508,84.69467000819702,250.21838298638107,Monsoon
26.744400842014784,84.65323639325335,249.90393702354427,Monsoon
26.830125369187027,84.82825248987561,247.52057001254266,Monsoon
26.912904975900364,84.28860810995378,250.27483063789077,Monsoon
27.912449128554318,86.40666619016349,253.61999184440404,Monsoon
27.60682922195969,85.05217898549597,245.6442846522279,Monsoon
26.36685040976238,84.29172346781658,247.9016878887412,Monsoon
28.24651657467792,84.81776766831999,251.2466637484233,Monsoon
26.46591943042308,83.68642111047684,248.59779819725327,Monsoon
26.676863529734607,85.82045682489144,249.3277794438162,Monsoon
28.235461005971057,85.20211916061722,253.10348860500494,Monsoon
28.07292310574345,84.0628650145826,248.2372185904646,Monsoon
27.016442591143946,83.76054888495227,249.83518113608366,Monsoon
28.105617122362133,83.07958743725875,248.0185213725058,Monsoon
26.363160658531775,84.7939549892702,249.88465084268142,Monsoon
27.02563620317009,85.26977243308804,250.4356735287087,Monsoon
27.214571229632565,84.54924295478688,251.26823204831808,Monsoon
28.55360366165363,84.8793941303007,248.72712757675373,Monsoon
27.42958488678675,85.36408437991666,247.8400828708261,Monsoon
27.435686275872648,84.09643389323156,252.24522411226238,Monsoon
30.03457235151821,85.03312124525365,249.455751680977,Monsoon
29.743841345853966,85.06015978841387,250.18945282764813,Monsoon
29.576376170694925,86.04151833727082,249.18165243885778,Monsoon
26.066382532732757,86.52584086802158,253.30417107267508,Monsoon
27.707634050182364,84.27006982547665,250.18374835617797,Monsoon
27.643009989544982,86.77419315053602,249.00041304227534,Monsoon
27.03839217882397,85.44346745654394,249.39802529875266,Monsoon
28.01599400714507,86.26311622770179,251.42167184006655,Monsoon
27.952345115055138,86.05043852272777,250.88330050179667,Monsoon
28.83348133551505,85.58553313411811,249.50533602792623,Monsoon
27.442239796499845,84.39501904973423,246.44190370880906,Monsoon
27.23844950745522,85.54763405682058,252.024361712162,Monsoon
27.624124336841845,88.2995873615355,250.8998702598162,Monsoon
28.719940177702448,85.92846506594253,252.2206119062539,Monsoon
27.319782075204397,86.38298861511684,250.52195794777404,Monsoon
28.455494333507453,85.02917038929827,251.6761051342798,Monsoon
27.976012813184393,86.2864721649663,248.27486747279386,Monsoon
29.967909450134094,85.55694087817531,246.94118804886563,Monsoon
29.668349310291735,84.37791563977633,251.0158081148175,Monsoon
27.17480757325492,85.61319810584988,249.69834829919472,Monsoon
29.346709632703092,85.129380004926,247.12620387205106,Monsoon
28.055715438182105,84.61586553632674,247.8856783150213,Monsoon
26.1258027691921,83.8125361475924,251.25054658928167,Monsoon
28.00933780162164,83.81988185244693,251.94382190645035,Monsoon
27.9187506174344,83.5271001373708,252.7636262037614,Monsoon
29.43315467292655,85.58353216848178,249.02806449304228,Monsoon
26.71777487508103,85.79788970799173,250.41820763601777,Monsoon
28.428396598974114,83.45405365068868,253.1609381553754,Monsoon
28.283902080120665,86.14260197884757,251.86732023369026,Monsoon
28.341587871024878,83.92840927260394,254.98926145324344,Monsoon
27.722163902057908,84.9775667623849,246.8316912754044,Monsoon
27.51610950799665,86.86035646529365,245.80762676447148,Monsoon
26.337319621543124,82.32565845421814,252.5505928178645,Monsoon
28.210649905237617,84.39389104864037,250.6522898076815,Monsoon
29.828152709806147,84.89420046039132,251.02864144185355,Monsoon
26.426954949856054,85.26532061107805,248.15569586075085,Monsoon
29.204486783758767,84.2492433532813,253.67226428116481,Monsoon
27.51924534514353,84.50391781540401,246.85816803143294,Monsoon
28.901528651268197,84.80178076396925,250.54856488733833,Monsoon
28.4569851898339,84.3889225022749,251.7403860960062,Monsoon
28.442088462743246,84.90962037354782,249.60365544005927,Monsoon
28.843236740584093,84.45874734753701,251.04055487166536,Monsoon
27.77955280855338,84.88251449955,250.46150231392667,Monsoon
27.81264435238445,82.50374148142969,250.27561619236633,Monsoon
27.439391962885434,84.76288069797695,253.46297219995975,Monsoon
27.45903357121584,84.45265747608443,247.69154121630456,Monsoon
29.65795244675904,86.62054000002506,253.21550056385067,Monsoon
28.35363294677682,85.97305228018995,246.48220778568674,Monsoon
27.541547266048628,84.36677880228348,248.64761649445379,Monsoon
27.204602888521055,86.12365802754204,251.97427872286917,Monsoon
28.67452036392081,87.61359117533074,251.74951443849864,Monsoon
27.920624407122492,86.90415589932972,250.0141792882211,Monsoon
28.63028257683687,85.82963297300606,249.3155142425357,Monsoon
27.379905155244867,85.75645067264847,251.51582420874638,Monsoon
26.707820234664002,83.93407445643487,248.35879129162345,Monsoon
27.693600561961507,85.37609921417514,249.47153990675665,Monsoon
27.819651687251177,85.59018831926825,253.8130022601241,Monsoon
26.749779907806317,84.782291394152,250.16775424174045,Monsoon
27.621550206480215,84.24568886665254,249.26912536477974,Monsoon
26.93420161009423,85.85458590818523,253.0119156117633,Monsoon
27.43387262500297,86.5602586797359,251.11741052085893,Monsoon
28.22469820145453,85.2226714711542,247.58768582366227,Monsoon
27.276963727999963,85.25781954431079,246.6602380570323,Monsoon
28.28504720807734,84.12692258820455,249.06176559895007,Monsoon
26.58986844154207,85.51882309560538,248.6932066846102,Monsoon
28.35699473466632,85.43001710251453,246.7360140928195,Monsoon
28.562552899446903,85.04093486172245,251.0729231683152,Monsoon
28.32562095694474,85.95886242785778,253.05713660688423,Monsoon
27.202956358030164,84.43124763267338,253.49117742873008,Monsoon
29.23155289308656,84.29707052594844,252.49764204173732,Monsoon
28.082098325753456,85.62338689280381,251.8066749747596,Monsoon
28.504608860253388,85.16652261488579,247.74326593849847,Monsoon
29.044614974535648,86.66276943590579,251.24049608305285,Monsoon
29.11610862400794,83.37312213629436,249.61049488259778,Monsoon
28.13508945648186,83.4838633945676,248.64723707085278,Monsoon
27.822571970328124,86.53297382164814,245.18604588186435,Monsoon
27.736032127118605,84.27478153781499,248.2801295198009,Monsoon
29.301530914305573,86.1839918642112,251.44412575814786,Monsoon
27.505046817207404,85.95115225138481,244.45786032224075,Monsoon
28.272287017823448,85.72887942048872,250.90444248743748,Monsoon
28.028532171494387,84.1923186240917,256.32694552258744,Monsoon
27.345885502548022,87.06023430995342,251.61267823932474,Monsoon
27.8732843097135,85.67210852248377,248.48539670219165,Monsoon
28.987610405348615,85.2455745428852,249.94173530554485,Monsoon
27.682760847861715,84.46061890211662,248.48068937764197,Monsoon
27.25379273138537,84.63637517996507,248.8427561091926,Monsoon
27.911977039262382,83.89582153665427,250.75478111204947,Monsoon
29.134942098370363,84.28682190761666,250.11807359930845,Monsoon
27.486955045172138,85.43343882742931,249.1390287726548,Monsoon
29.039308645979506,84.17547705574283,246.34405495098224,Monsoon
28.94751433509529,84.40505429052178,251.63080860237525,Monsoon
26.757445910517035,85.87655725138775,248.2652756437893,Monsoon
29.349481333078504,84.40696828562447,252.35549487203207,Monsoon
28.917174780493916,83.65801010931212,248.35464325992243,Monsoon
28.86281090347015,84.75421307885789,250.7100737813197,Monsoon
27.99281350661453,84.0011632094648,247.31469202010845,Monsoon
27.37537853815871,84.40376835064379,247.7803114910069,Monsoon
29.854685931724173,84.73237995887834,246.32911868194242,Monsoon
27.240344014085363,86.18536413530191,248.70334300218713,Monsoon
29.436129227824768,85.05753563385416,247.772627986524,Monsoon
28.3666347945205,84.02030467179966,249.60598410036218,Monsoon
27.92255099344971,84.00187914754801,248.1847662236544,Monsoon
27.374778425350062,85.23105591226654,249.90373606597888,Monsoon
26.473612251804603,84.70187301173378,250.9829208303609,Monsoon
28.918304641801925,86.80520330327342,247.532323788727,Monsoon
27.97787547487178,87.18641711520075,251.10914197088022,Monsoon
28.448988954728172,83.9265624263528,251.34546158904192,Monsoon
26.523421457982273,87.03593660701965,248.15905143528877,Monsoon
29.687342482285562,84.44373396025547,251.0612260805568,Monsoon
27.06978038971378,85.50245580434836,253.35578951536104,Monsoon
27.01853488124968,84.65743096058453,250.91148249320057,Monsoon
30.107390513489044,86.11928811058073,249.74268839707707,Monsoon
28.829812655074583,83.62032036535517,254.58187165575345,Monsoon
28.694705635059474,85.17146924384213,247.2913253928295,Monsoon
26.57000281582175,85.65811471807308,250.24045587882648,Monsoon
26.709462592959014,84.68965341302795,247.60190041107032,Monsoon
27.04648045901921,85.4764971468518,251.22154401637627,Monsoon
28.282100793648517,84.74880741176158,246.73220972243612,Monsoon
28.621047592100012,84.21937678435297,253.50562697526735,Monsoon
29.733365643057144,86.96048474488128,250.4546067809291,Monsoon
29.6311671901434,86.27920362072298,249.37183386016474,Monsoon
27.11675120330733,84.550439350678,249.31345700788145,Monsoon
28.72855967401079,84.93029837899495,251.10335555897058,Monsoon
28.682832520714037,83.74428536784076,251.32407045211474,Monsoon
28.270507912689013,86.48143550941523,250.43085456278598,Monsoon
29.11111790990484,84.6740197406374,250.89174856539967,Monsoon
28.37131446154239,84.98438233647529,249.75772301619443,Monsoon
28.881690296502438,85.75841157768451,245.97594454393246,Monsoon
26.813906943241907,85.75404686775462,247.5324289573748,Monsoon
30.12363468546248,86.73575020961357,250.99028568719822,Monsoon
26.50510331883313,84.56257328522015,250.36086112909163,Monsoon
28.239589780303834,87.13120044057122,250.30458822542926,Monsoon
29.079918308837676,85.7835494266215,249.09778764508894,Monsoon
28.507201136203186,85.339447153058,246.07434763980615,Monsoon
28.4310513721302,84.31353367638654,245.4172239429154,Monsoon
27.801607361704715,84.55575087949677,249.90655748266076,Monsoon
29.876045631430788,82.83588573138749,250.73569492992257,Monsoon
28.682528034292933,82.03009360214072,250.83137103467178,Monsoon
28.516143911646694,84.7869023106816,248.4224572209619,Monsoon
28.70974957178014,83.63031463445189,251.3516164849674,Monsoon
27.2746561564386,85.02227725561494,248.3518613102415,Monsoon
28.56653517703978,83.87943297403986,249.0213365889729,Monsoon
28.40510745430472,84.22053072365206,245.73871341014416,Monsoon
28.188137389812074,86.29133752850728,249.9093316366749,Monsoon
28.71678619917241,85.54787842584774,250.23589752242157,Monsoon
26.551604858606257,83.06914767327183,248.97267190445788,Monsoon
27.157459673601746,85.35786636590814,251.29289338799967,Monsoon
28.607437472713865,85.99360489847284,253.9198471457675,Monsoon
28.191543839701794,85.05640137372522,250.06968499981028,Monsoon
27.930485669418356,84.8060675429912,251.80521792781383,Monsoon
28.739004862870118,86.62480192526328,253.2998600670815,Monsoon
26.071670763575284,84.11251458806129,248.20223347834525,Monsoon
27.657849361135256,85.68898607394058,252.98634916947583,Monsoon
27.23160301391684,84.91195182768197,249.37709766905854,Monsoon
27.19582790611694,85.08055286684892,248.19434925024532,Monsoon
28.235216278943135,85.55292019317645,252.26088550395255,Monsoon
26.532851484824384,84.38096814786539,249.1562471987207,Monsoon
27.529921528221454,86.63268500088238,246.9434222270655,Monsoon
28.83345049596162,84.24770749866914,249.88956561249447,Monsoon
26.8827180819748,85.51870679708006,248.80339475672042,Monsoon
27.8422510899992,84.16201698559023,251.17547506814262,Monsoon
27.00208171559266,84.51154003957915,250.72189478360997,Monsoon
27.88106237834909,84.6790122222528,245.30774903759323,Monsoon
27.624519873527817,84.4459079948604,249.89157312275242,Monsoon
29.015225390766766,84.98465909720005,251.14916531893005,Monsoon
28.37359512389611,84.09178199811987,249.68106846432642,Monsoon
28.065218845256798,86.0809851260647,252.98017027940378,Monsoon
27.250870392714358,84.84662768195378,249.0893602505288,Monsoon
28.348955752468882,86.25352818108601,249.57874930692398,Monsoon
27.428356681586294,84.86949085931296,251.78633420554186,Monsoon
29.415349150734325,85.15863206170872,250.65287691224162,Monsoon
28.885573882742612,84.13672837216582,249.59342085500984,Monsoon
26.382865049997264,84.88833001787401,251.13376333546972,Monsoon
28.875676754043116,83.81039261518413,249.00403929513593,Monsoon
27.579692086840655,84.21801025470116,252.5815450522618,Monsoon
28.80349954040741,85.07452112367375,249.73934287046484,Monsoon
26.25329047238504,84.54873089456586,248.8934062279816,Monsoon
27.12711938365175,83.42227232208232,247.61416962586097,Monsoon
27.296244248605756,84.79192143360423,250.84448255919335,Monsoon
27.260663363777446,86.43010549658086,249.0324539860607,Monsoon
27.753457784662515,83.36134257200183,247.85579278425308,Monsoon
29.022564349289077,84.07554903686398,247.57068445931463,Monsoon
26.630782537587187,85.08710622557732,249.6754204908701,Monsoon
29.803202363285287,85.46484843045657,250.19035400134703,Monsoon
26.85524645875264,83.84831393848921,253.81927608697342,Monsoon
30.292792211769253,85.1327863941883,246.21915470287556,Monsoon
28.585723298163632,85.21380975701256,248.6241594779626,Monsoon
27.91613709437011,84.98732609230989,247.07506089770607,Monsoon
28.245465506550644,84.16968676697414,253.41165414086612,Monsoon
26.54222445401917,83.70935104943335,251.2273079435999,Monsoon
27.820376342753036,87.12347222317439,250.23469742472466,Monsoon
27.63581587399226,85.03456663441452,248.77027396989993,Monsoon
28.525453485198327,84.3365884376901,248.42237080373283,Monsoon
27.10676244832589,84.86314559565145,252.19471737055414,Monsoon
28.01824008394495,85.60359535563052,248.928112229973,Monsoon
27.82523631817548,85.3800598079917,246.9595693237628,Monsoon
27.620198944241384,87.03572654081329,254.34511411256173,Monsoon
27.52214340287177,84.3501026549026,252.953076656639,Monsoon
28.153519190111634,85.64342647263753,248.66075923359077,Monsoon
26.853043873873645,85.27403772660112,249.11361383905867,Monsoon
27.400314243103338,83.87700535520365,248.8181752239649,Monsoon
27.379487181173673,84.97035759872634,248.6655805212089,Monsoon
26.126261860640998,84.82761141785134,249.95852845628283,Monsoon
26.76680841281523,83.83231665697818,251.31381179355074,Monsoon
28.68880752258481,85.08055535025323,248.5998138524595,Monsoon
27.68374963203776,83.33147691247089,250.55289564367905,Monsoon
28.20784688307122,85.0752670492242,247.69847104147425,Monsoon
27.80164462255534,85.61086888220868,252.59422489198056,Monsoon
27.109784630236497,84.5272548754185,252.12741679098622,Monsoon
27.52873879333008,84.70981392567303,249.9305331426549,Monsoon
28.298377994537297,84.57210875392478,250.5146201997036,Monsoon
27.56311065410528,85.35964429193263,253.72241795866321,Monsoon
29.002916578079223,86.48741408882647,250.64681509958746,Monsoon
29.702632592024738,85.2269333066978,251.56940514442354,Monsoon
28.267568682884235,84.42429504701346,248.25286829022747,Monsoon
27.74806932208113,86.39414357997167,247.23601468818546,Monsoon
27.132607613501545,85.12137299280883,249.76621023944585,Monsoon
27.736804630754772,84.5779606595185,247.8671002753816,Monsoon
28.002810872532752,83.49794061796956,246.6911066925869,Monsoon
28.591295325030323,84.8745709848612,248.27444527098055,Monsoon
31.623107258587222,85.01354593974494,250.7621563595518,Monsoon
28.23278519544042,88.59837091440275,251.8018670589186,Monsoon
28.31751876669296,85.74200911228807,247.52809161569257,Monsoon
26.134024559402548,85.2383473927983,253.2011852804158,Monsoon
26.668833469896715,84.91354914379944,247.53504763007575,Monsoon
28.23651685032056,85.67180626474857,251.03960873204656,Monsoon
26.692753706770574,83.46683752661995,248.33392261420943,Monsoon
27.535121094785083,84.89034375898127,252.74340640164584,Monsoon
28.286580946325934,83.79729045938721,255.00829177648257,Monsoon
29.250971564664972,84.1359140855297,251.303300979671,Monsoon
27.676596262147378,85.13118725871654,251.33550014624433,Monsoon
28.984139192841315,83.1268188209947,251.1140302073348,Monsoon
27.012867898311086,85.6560863515297,250.7696711470919,Monsoon
26.80224762186255,84.36998126441785,250.80885906566817,Monsoon
26.89507945508376,85.02129459056403,247.81436117040707,Monsoon
27.203839419458898,85.38241208813001,250.995792672703,Monsoon
29.34079182065967,84.40878390564762,250.09568796790074,Monsoon
27.672126441247475,85.55653141442478,251.7210805138194,Monsoon
26.75018713791318,86.15389597153874,251.34114220499822,Monsoon
27.627738051515394,85.60100296665908,246.69531368869923,Monsoon
27.542569733468728,84.39467854965534,254.2579397180999,Monsoon
29.379019865782126,83.05786527652509,248.40812070868202,Monsoon
28.208684706654925,84.85654861277997,250.650115082607,Monsoon
27.751788957612685,84.79669547922471,250.8619114730751,Monsoon
27.090262489689568,83.87486653373895,249.17539608339928,Monsoon
25.49109092470491,84.18290914079527,251.71813866605834,Monsoon
29.319179266290305,83.46669786364316,252.25841730210408,Monsoon
28.57794324041502,85.07159927363787,245.58089122287328,Monsoon
26.789346724387343,83.72266127257419,250.35530648710284,Monsoon
28.36644432410476,85.0450579584749,252.98381022370646,Monsoon
26.99049631545332,83.64634996731654,248.7989820979465,Monsoon
27.740863148979646,86.5668271731254,253.23300657268427,Monsoon
27.65603712601995,84.13218357900882,249.6690493105808,Monsoon
28.723391351215092,83.95717308597237,250.03398173486858,Monsoon
27.545757981604705,84.07248685837217,254.04981478418563,Monsoon
26.956675836361462,85.02822548849642,248.18572899103475,Monsoon
27.596694783379238,85.36247191727452,250.13337956778722,Monsoon
26.20422967902331,84.13601284076245,249.92250637677242,Monsoon
28.057807737382234,83.40081656396141,250.88148096029872,Monsoon
28.665709522856318,83.96320662527245,252.8662093372939,Monsoon
28.583789720585226,85.71357850902136,248.86807250358933,Monsoon
27.227282248373935,84.47221630845172,250.3936151123233,Monsoon
28.283321039028678,84.11500599743937,250.06054020052562,Monsoon
29.61387368752597,85.34588570702647,247.82764441012404,Monsoon
28.575395137236235,84.94365677124979,253.9571024360494,Monsoon
29.684376374894857,85.56199281472888,253.36684610234263,Monsoon
27.667615573343813,84.46519360022803,249.83359436786066,Monsoon
28.77826403876971,83.81547421227687,249.5160334810272,Monsoon
27.164476309778845,85.91329580171879,250.23460452611198,Monsoon
27.466052818400364,86.22259989025801,252.33314703679213,Monsoon
28.82356274103871,86.4756866019701,252.8630679797368,Monsoon
29.336297139979443,83.3342574539124,251.1425196327978,Monsoon
28.212499255035784,86.81122837540815,250.369064053825,Monsoon
29.077962060570297,87.24035805185862,249.7521225419376,Monsoon
28.6945800078115,84.65304231513721,253.17947740570173,Monsoon
26.793156748345943,85.6714326921761,249.4148974611108,Monsoon
27.222749237811655,86.2002327340958,252.58336714247326,Monsoon
27.060793064166088,84.45267336379544,248.52624234504503,Monsoon
27.936201835800144,86.74009671298572,247.5683295526714,Monsoon
27.709149171733536,86.66382562307564,250.78735385801977,Monsoon
27.390237828351495,85.44682856556318,246.89201348172693,Monsoon
26.711510729403074,83.33352848285166,252.09820569517808,Monsoon
27.503752213892326,85.30365267159296,248.73618162167915,Monsoon
27.69690786495253,83.60129872222703,253.2990540123963,Monsoon
29.127694221804273,84.4918987763484,250.1236663278449,Monsoon
28.219293162689613,86.31925130974497,254.2475830263501,Monsoon
25.69633041994599,85.2708179184846,252.79850296464795,Monsoon
27.71922467832514,85.32125904447773,252.44809150298028,Monsoon
28.542464256206582,83.37586008174931,249.80308394208822,Monsoon
27.93815422455197,83.88800292783714,249.47544940083853,Monsoon
27.650878225406142,85.00921497758485,251.27055193664464,Monsoon
27.89315086473142,86.22010902573143,248.52614527343553,Monsoon
28.312198955803016,85.84529208845811,248.05219585774938,Monsoon
28.10982982973465,85.39708797275348,251.74223497271862,Monsoon
28.524379626026153,85.29970332377731,249.77325920468408,Monsoon
28.139625463906018,82.93009239168892,250.87666612242077,Monsoon
30.607104242440073,85.85691574066907,253.71885780334932,Monsoon
30.68495618765029,86.21312308028924,250.37338618396132,Monsoon
29.085380281917782,85.33326558711967,248.56256384498528,Monsoon
26.89124428215263,84.8900768454532,251.9106120975356,Monsoon
27.483417932991966,85.1296533020652,250.23456737926486,Monsoon
28.377466633563447,84.49678621756591,251.00020893296252,Monsoon
27.47087931860209,84.50141027994718,251.4365216734623,Monsoon
29.22555134431783,85.26330085549279,252.57586309448746,Monsoon
27.56736480599342,83.68524793784185,247.17094575134163,Monsoon
26.447361396796598,85.57059023480969,249.24532487119257,Monsoon
28.147705484366647,84.55281873862837,250.7571978851827,Monsoon
27.112429069865872,85.01115970895144,247.63006063065166,Monsoon
26.2008355151619,85.89457970848696,252.22360467121612,Monsoon
28.88968104491607,85.40865910152853,252.24149275013244,Monsoon
29.781300672236867,85.16108035152173,246.5729850341825,Monsoon
29.564582836597427,85.4100987304081,248.2834453318584,Monsoon
29.174312282575546,84.70291829238734,249.24988568644815,Monsoon
28.530491536909736,86.07143611685939,250.2992237779318,Monsoon
29.31822651659613,84.90120814420257,248.6571838262339,Monsoon
27.18234859805945,84.6166663739356,251.72637157453457,Monsoon
28.742528223977494,84.73537939553692,251.90294428723917,Monsoon
28.393849707173512,85.66179023423406,252.78097816919578,Monsoon
27.40433747975045,82.024427685862,251.69375643123797,Monsoon
27.780681613895013,84.97558664092382,249.53454028976518,Monsoon
28.443467123795788,85.70924798628842,252.13685838175505,Monsoon
27.820965064712002,83.54002964913293,248.76993240074304,Monsoon
26.802154216308978,84.70682944432589,255.324938613992,Monsoon
28.286038240835172,85.42002728680195,253.26142057842722,Monsoon
27.872450518473215,84.46882654339069,250.61512398740703,Monsoon
27.919134953448207,84.98782784981569,252.09477513891795,Monsoon
26.834970534357147,84.09962828315433,250.85991901444072,Monsoon
27.520200309968235,84.00952040415264,249.7565446333287,Monsoon
25.971302786640393,87.28546296260032,249.9963125791349,Monsoon
29.34459110059994,84.99844812125906,248.21854389244302,Monsoon
28.992692423774617,83.31215428382883,249.11846910321194,Monsoon
28.350758078437874,83.19682530328541,250.095080685831,Monsoon
27.92427284102539,87.20195701912121,246.85146129810624,Monsoon
27.93008544137398,84.46397130128854,250.69893341285615,Monsoon
28.253712167097845,86.90833651009741,253.27597444472121,Monsoon
27.543806050308234,84.87246672630855,250.89630675397422,Monsoon
28.254493084283634,84.8770402300692,248.11253443992524,Monsoon
26.930468453654004,84.9446532484167,251.30264009738832,Monsoon
29.05231837465664,86.07516613158901,248.0573805589511,Monsoon
28.312833485478283,85.22109867346276,255.84596309224307,Monsoon
29.395385397728077,86.7306603974633,251.78766286318492,Monsoon
28.07975203204853,84.93790292554313,246.24293979074662,Monsoon
28.338449825306803,83.74146388276475,250.5935649438425,Monsoon
26.86857437388931,86.02110949166818,251.28562166484593,Monsoon
28.860614778024605,83.99350881404895,248.57075508116174,Monsoon
29.39847855436192,84.23970709523964,251.6254502849888,Monsoon
28.8501398203805,84.56154699827131,245.94708128811428,Monsoon
27.80139696592049,85.55619483767944,249.51092051840538,Monsoon
25.77771261876977,84.35103454935688,250.12153064091112,Monsoon
26.77399728092245,86.43912389074262,251.33766219563316,Monsoon
30.328341571869142,84.43913627669095,252.981391704124,Monsoon
29.48604835059522,83.99715254442181,250.07745848599325,Monsoon
27.152931220804323,84.9554182260536,248.43431203399518,Monsoon
30.53251405486437,82.98137248873606,252.77826311874875,Monsoon
27.469211510159898,86.38540615579754,253.7787347086679,Monsoon
28.582555861078024,87.33990026721307,248.889230147235,Monsoon
27.73434055609207,85.30288873282126,247.59375949899876,Monsoon
28.22044299260275,84.50161787948815,251.2647832839678,Monsoon
28.429803066056007,84.61041949577762,245.8105507837838,Monsoon
29.421133829167772,85.38159949500394,248.48995139464148,Monsoon
30.856001918812648,84.71828539322735,249.68897026557153,Monsoon
26.58037958196719,84.38256975032398,248.08416777044476,Monsoon
28.516898864378977,84.99210685094839,249.73998663727215,Monsoon
27.76433671733888,85.01092204093973,248.51258975529535,Monsoon
29.182531000729238,85.4849579739943,249.1840802856037,Monsoon
27.35458451716425,85.65356757247507,249.1842703664769,Monsoon
27.859149116999735,84.5843422230863,250.56680233886448,Monsoon
28.123778901711084,86.19795493763505,251.97909287561177,Monsoon
28.372895012707733,85.36269155403443,249.47208081139365,Monsoon
28.283237061302536,86.03735245002213,249.98846294934086,Monsoon
27.938604424103826,84.35696367346371,251.01050547403605,Monsoon
27.61431089198414,83.22373422306893,246.76316332059352,Monsoon
28.08486170094115,82.52572249734112,249.5855768669528,Monsoon
26.136158685945354,85.81587615678917,246.73494684470245,Monsoon
28.049255038727765,83.74011513828174,251.34226196314629,Monsoon
27.79166410407394,85.82037710254272,248.813699518005,Monsoon
27.85198529965276,85.7166988780693,246.54572866175252,Monsoon
24.594209157711557,53.85162149136929,49.614820105370555,Spring
24.414169283057205,55.39087376796115,52.34916259698716,Spring
25.212103285345496,54.9460946326805,51.918820158565715,Spring
25.80905914025948,57.11301858225219,49.34444894642135,Spring
24.148734543177863,54.960129390069234,49.547033992354734,Spring
24.354586622696694,55.08888958356375,49.281842616871856,Spring
24.996654796027983,55.214256795112824,51.12662657172044,Spring
24.75331358466899,54.86252547862381,50.25128982753702,Spring
25.35322392644172,55.876551529477275,53.37920419092982,Spring
24.72228081068648,54.37373842579207,51.122277214281176,Spring
27.100410038620737,54.72186098393021,48.984100065337586,Spring
22.957893848267446,54.226569801664944,50.685183040326805,Spring
25.051148077002846,54.20233171218976,48.597034751167094,Spring
25.22813646465743,55.7808370834876,48.55823328989483,Spring
25.9568473038581,56.07189894329585,48.01638145880773,Spring
24.042991727642807,56.58554190509688,50.8303214707966,Spring
25.66055312836904,53.50580415142302,50.13093457012635,Spring
25.468149271139843,54.98101255977757,50.1575675437111,Spring
25.787835235383433,56.53179563652412,52.50091907313339,Spring
25.134878862584287,55.07549931321938,49.860032566495605,Spring
23.67757710719061,55.756588534737695,51.2328964694499,Spring
25.823925970675916,54.71922733301372,50.51725699854224,Spring
25.85577060385566,53.91006160255958,49.16245101059558,Spring
23.394874518632214,54.51528277700948,54.29315047806351,Spring
23.53867772063785,54.00082453220204,49.532043978041806,Spring
23.419319026720018,55.206526681049006,51.6774880064901,Spring
24.774768800755297,54.576099240628665,51.130845583450295,Spring
25.898904272618253,54.595084272186206,48.197070045926445,Spring
26.801174624756705,53.51330114062343,50.92260041730237,Spring
24.485529244648202,53.85247737134115,49.7895059558633,Spring
25.56723245778347,56.060439467397885,48.78013858258789,Spring
24.786091441469942,55.19427556826297,53.56492897372004,Spring
25.933952771730944,53.23514282462098,48.57735151181485,Spring
24.51550929294763,56.14576259092514,51.09476779707391,Spring
24.335785248436686,56.25094478089602,48.27935691451121,Spring
26.238777061701853,53.72874792141447,49.14763636863668,Spring
24.92883665327706,54.65084731805094,48.01234803068036,Spring
23.810669681724978,56.32794777068749,52.802228360864326,Spring
24.767193818013464,54.71492422287336,50.833567570342225,Spring
22.188693834498302,55.2290623005747,47.85291967475498,Spring
24.647348345992107,55.693179993245344,49.30607995541216,Spring
25.406898990202773,55.23631447415616,50.71146287156266,Spring
23.5938575084893,55.6171894485106,50.17511281458757,Spring
26.060259751636,54.95800692268567,50.13918214940692,Spring
24.608411105884063,54.17638028427902,48.89188897656708,Spring
24.549201645837663,53.487214767412254,50.02916567195576,Spring
25.856229101517386,55.16234753847375,46.26005939030197,Spring
23.82936571757809,54.31299920404993,50.178901226097764,Spring
25.240108736442775,54.46440869445937,51.49809975715618,Spring
23.438342311415727,55.654150988893214,47.22271080630166,Spring
25.27781832174031,53.69219578541569,49.35988122764916,Spring
25.542387809495416,55.37148464643147,51.451376449594314,Spring
25.13414690752099,55.29317756916224,49.46155772512651,Spring
22.638974042045774,53.22216389165138,49.789900280016596,Spring
26.48470279983985,52.86218906262374,48.2624260539022,Spring
25.839006594442964,54.31430813320051,47.553206518722,Spring
24.964969032341877,54.24892571780445,49.32893892848089,Spring
26.540143749140654,55.268623481374924,48.9566300765106,Spring
26.6251726689314,56.26045182261406,49.35140451924898,Spring
26.04842031968702,54.87127288971835,51.46364868981332,Spring
22.68025487623427,54.4480540196087,50.24877604769607,Spring
24.885905759175238,54.705668972619456,51.67866460768935,Spring
25.889396749398255,56.11092338547417,45.80185324905708,Spring
25.015039745747384,54.82668835174201,51.67468495986806,Spring
24.699262898155457,56.52006818346789,47.327068291984865,Spring
23.36826097258694,55.53047206216836,50.246072274878216,Spring
25.876451215883144,55.04760899454786,48.36607148482258,Spring
25.321892655055418,56.619435335151174,52.33240506596988,Spring
25.026409856146458,54.391192176313126,49.22822501587173,Spring
27.09775264836663,54.093220564083346,50.87259653084534,Spring
24.062980293744033,55.73708643259499,48.408135569534146,Spring
26.329545147231496,54.88669362851272,50.95651415497124,Spring
25.366838635529838,56.057953437509994,48.848267179592234,Spring
25.28529784063354,54.14348169998531,49.23465895409373,Spring
24.413321394586006,56.880570492435524,49.372622637392645,Spring
26.54453912146424,54.13834500134607,47.77157535138827,Spring
23.12060332887953,54.08746615058031,48.70540149701644,Spring
25.078105996093395,54.62755787903657,48.58336069313243,Spring
24.536507153004564,54.96751667322676,48.91593926390552,Spring
24.11048041426693,54.219484446936704,47.91594665231058,Spring
25.302756060764757,52.91339199835723,50.16160673860253,Spring
25.01466205937371,54.487872179707814,49.549710648919614,Spring
24.600578817614995,54.62295347719357,48.351321574456456,Spring
24.887694969524087,54.97451732747507,50.4020235965404,Spring
25.163791095035716,55.381514561258165,51.00962049879623,Spring
25.26805884603732,54.150327234888444,48.51548107468861,Spring
25.718671657405775,55.2564660452988,49.64791930565824,Spring
25.250564871492188,54.64411758779802,49.920308677798644,Spring
26.64020101124995,53.70891319176144,52.08862808698083,Spring
27.369641172173097,52.946244046495075,51.71925133551223,Spring
26.037040295964072,55.271785305064455,53.22830199757564,Spring
25.254074064030874,52.08101026052138,48.154408637198756,Spring
25.39971208247603,55.81845053538561,51.50187711093896,Spring
25.319868204295144,55.18927890397128,50.491142651866525,Spring
23.21274974000664,55.095742045809395,48.33398738691038,Spring
24.397133476284637,53.13463978728066,50.58661920652694,Spring
25.512233768377126,53.344890267110245,49.35712224330413,Spring
27.00830108353506,55.54278593567875,49.228838401571366,Spring
26.240781915904545,54.32567490633656,48.974528520978566,Spring
24.457087203436064,52.25490745397038,51.80087279021996,Spring
24.034057639379608,54.31012889305345,54.73609726806912,Spring
24.664648974872573,55.24392986682723,49.505912671316814,Spring
25.212953453041937,55.106367055311964,48.93872866687294,Spring
24.5514041051362,54.370140335683075,49.89519147968685,Spring
25.03087900844793,55.536323937899915,49.24736529091184,Spring
25.57939134511634,54.48543493607182,47.26887839868962,Spring
24.35894802544829,54.39016094647643,52.61077205272329,Spring
24.212244440326568,54.05139148215248,49.15283003993288,Spring
26.080355377996867,54.58902621365379,52.692137765123114,Spring
24.70459710544701,54.951451696508904,53.10894134898451,Spring
24.42962000335785,56.902872850964265,50.98239658328771,Spring
24.69978887134651,54.59480519801311,52.78624291434422,Spring
23.791491329539046,54.928063342979215,47.032275005169566,Spring
27.15137363331889,54.10135971903955,48.37734931253271,Spring
24.92489749006888,56.168472792502314,48.26831777581985,Spring
24.523020587750175,56.036687253004146,51.21574096147585,Spring
24.458111561001953,55.12437181194782,46.6623401668396,Spring
24.152636727719223,54.74168624582052,47.55084119555084,Spring
25.51965034711969,56.10933480327694,48.79713392590366,Spring
25.944099119859754,54.62573253782272,46.61085456910668,Spring
25.824239935316964,55.943428018226136,51.07382352062112,Spring
23.926629746791672,55.010342680664515,50.32274076879567,Spring
25.60892334597612,55.28658590957551,50.39146020859876,Spring
25.592818403800123,56.13198196604548,52.229836016056,Spring
24.22480771004711,55.35827378460772,50.310470079079685,Spring
23.78193177464373,55.24374020034912,48.59829191835265,Spring
25.025499367165523,56.793385005995745,50.34698787131559,Spring
24.5357442587544,56.167130378434166,48.40187838699381,Spring
25.34301918545612,56.18577800967686,49.316390685414014,Spring
23.77685431798338,54.69062187627231,49.37880058705575,Spring
24.127282564317092,56.63469174606294,50.294699296489654,Spring
25.0513309927515,53.694862971875715,52.63431249428676,Spring
26.01506395133325,54.35212681830679,48.43218974916492,Spring
25.559504444242982,54.250724862706086,50.204735945584375,Spring
24.03460460516278,54.22794152573395,49.24764959724345,Spring
25.979515429623756,54.639055458340444,50.693579633513146,Spring
24.739958818294014,56.105916464498236,50.682654329465635,Spring
24.06420947631636,55.469517519189885,47.17224327535016,Spring
26.650126929582495,54.16349941954699,50.24798215785258,Spring
24.18835541875566,53.61223005743036,49.74037266001643,Spring
25.95267875205979,55.70089444516932,50.46582086671112,Spring
27.543604156944944,54.25331767163991,49.64653921780654,Spring
25.273943153266973,53.26071981494324,49.85996408749413,Spring
24.949360494915062,56.2506601779146,47.52566425750871,Spring
24.608450673212488,54.887077620891326,50.25189988844918,Spring
22.510590302084417,53.23569121491774,46.81175017366242,Spring
25.00408129954647,55.300858197111,47.386189931676945,Spring
26.07421024410468,54.30944561774793,49.7410420957279,Spring
25.94325533827906,52.33979030302663,49.217064460619234,Spring
25.443591329474213,54.00432563928689,50.74435745106913,Spring
25.168129068277807,54.98792278683827,45.92747003168272,Spring
24.126547743904126,55.48178784442779,48.43650561285151,Spring
24.389797650761057,54.82613968009923,50.17196089366867,Spring
24.07550381246944,55.639040844512664,49.28383489099711,Spring
25.33059148013344,55.2567326755396,49.33861854907649,Spring
24.657717948011594,54.93721275168468,49.64477171965327,Spring
25.41752565293909,53.298302160104924,46.398796680212186,Spring
25.387468470276218,55.18697611640276,46.910856409323756,Spring
26.35358543630012,56.133923626505315,49.512942966799145,Spring
24.43872913370082,56.83065934020614,50.05419925256793,Spring
25.6108468124416,55.25805028397067,53.18480354676374,Spring
21.97789410140426,55.28001164231372,49.255484685298235,Spring
25.874693051357163,55.15296782716421,53.93773571993804,Spring
25.690673057698476,54.47902174835242,45.243871159565145,Spring
24.081274579109873,55.90050919616303,50.76556936094412,Spring
24.864902471302774,55.423002768387605,52.02364027877475,Spring
25.53402508149248,55.65402733739019,51.02496718866246,Spring
25.203412985828162,55.091974149518876,52.054531282514475,Spring
24.307240377654697,55.31840963584729,50.77216007701505,Spring
24.956293933844947,56.02764276773175,50.52581322393605,Spring
24.68972294909883,55.642603200111566,47.16844741364885,Spring
26.21306187913647,55.45756008958216,51.78033600260705,Spring
26.477743541276958,56.00999167106917,46.568340583915216,Spring
26.024185660016837,55.61636664897638,47.32736065279563,Spring
26.357238189331845,55.04711146591991,50.99084381471405,Spring
24.478105514033995,54.07082000804958,51.27503193171159,Spring
27.135919770844932,55.996876074488114,52.34197787946617,Spring
23.000651397485132,54.04239075726262,45.84867380050726,Spring
24.07309127718595,55.037866006413175,48.0586399771772,Spring
27.45487123699577,55.38833041053245,47.7035889719082,Spring
26.71712671587211,55.702482655850325,52.362603943296484,Spring
25.865534409387585,54.670635529251,49.47054977837423,Spring
24.959335718030154,53.80123897552083,48.64534501946446,Spring
25.116337314143188,54.4048660160606,51.99879383381477,Spring
24.807900899871843,57.380200723775516,49.66253682785407,Spring
25.37171279439147,55.57702283150013,49.68962064043039,Spring
24.62944476311771,54.527548845180526,50.274566215682924,Spring
23.088699854814227,56.093301903234796,46.99168872630039,Spring
26.492385086389636,53.89393895282916,48.410903861673184,Spring
25.80785982684224,54.65537519759358,50.151695651151456,Spring
24.422019208548306,53.9907688423518,50.70065779455936,Spring
25.229124021828046,54.599444096425614,52.552337277450775,Spring
24.88953605878373,54.04898215992543,48.57298945119793,Spring
25.31730867093213,55.21895742079907,50.732195554529056,Spring
24.713169196796628,55.598372688325156,49.558467375563126,Spring
25.38288677067981,53.30623309696265,49.30805687837671,Spring
24.642043169530076,57.03673176797271,48.14983313994479,Spring
24.37258838200955,54.79483092378517,51.59196421753078,Spring
26.120132242117418,56.16661541311241,49.60137786217987,Spring
25.478410816876135,55.12539738601177,48.89417406182232,Spring
25.141138745826282,55.46286234553073,49.00247318733331,Spring
25.7483901918915,55.17131267814384,50.29001151096097,Spring
26.002599582334447,53.5164988053381,50.13709429298062,Spring
25.920101800666693,55.15603030571336,51.54769242910845,Spring
25.21582689047542,51.41107949473648,48.58936184465846,Spring
25.780174093684014,54.42372514139515,49.96119701898894,Spring
26.229913407106817,55.780518039251774,49.72997551639297,Spring
24.07908385611573,54.591191599872424,53.95038499691367,Spring
23.5804343757748,54.97177929741481,49.27550668384052,Spring
25.57463991543077,54.26430994290759,52.23875699351315,Spring
24.859279956572212,55.3341489008996,48.905537796187744,Spring
25.008668810319076,56.41647701245953,50.765196503146434,Spring
24.507796051738858,53.41479746296879,52.0998866237412,Spring
25.192634523487143,55.58024196859916,49.77741795050455,Spring
24.254619562757224,56.66644526736967,48.269988452630436,Spring
23.66682770240694,55.499331408542346,46.123266481032985,Spring
25.78776115425759,57.35255532835254,50.18062750723183,Spring
25.997691978987344,54.836482654978745,51.51626369387653,Spring
24.656570735946143,54.3516414928905,45.97934946036434,Spring
24.031880591715403,54.535123838504866,48.13185361685501,Spring
25.176502532176247,55.62136083622721,46.73676194528,Spring
25.05875519230088,54.88670365518986,48.36501563711532,Spring
26.088334846317927,55.0077717926534,49.16933280060133,Spring
25.276454704978068,53.83624006107251,50.02314656814346,Spring
25.546375741264214,57.51275538856578,48.06599281206552,Spring
24.62581568738114,55.940629125931274,50.80081585137137,Spring
25.160057689537698,54.69574385245538,50.99951557113636,Spring
24.737237188314754,55.46127088746743,46.52756923302708,Spring
24.703471422332022,55.22198917089645,48.32689919449511,Spring
25.815893881785865,56.13618503530714,51.099438676574685,Spring
24.837570461440876,55.536327715630456,53.10701391047422,Spring
27.88210984890531,54.01365238256342,50.14760440493035,Spring
26.463175751441746,54.46439012972534,51.19787242477424,Spring
25.584787688670502,55.442967498572344,53.01396192064179,Spring
26.569002899781527,56.21945661455329,49.63689618775221,Spring
25.197807545310905,54.73493891386077,49.43042042968966,Spring
25.4128149906367,53.86877379787202,50.286507817016826,Spring
25.92203041543072,56.027935279034246,50.159809531119535,Spring
24.99444998424405,55.313549342510285,50.84063499131623,Spring
25.8636840593815,54.76115606523363,49.93468900672169,Spring
26.16718658754873,55.451907080248795,49.02145777342578,Spring
24.616202205331867,56.90556256662181,49.28702717695677,Spring
24.516295099571433,54.720199522805565,49.97005769030537,Spring
25.14684524107993,56.34753716330577,49.102389993728536,Spring
26.05380971164269,56.360939387760155,49.16760680309938,Spring
23.469069656179467,53.9788983620977,52.23820909991378,Spring
24.47795092860042,55.4837558536213,50.376269157575756,Spring
26.498169352126652,53.66800743008872,47.53110708845575,Spring
24.075012884727165,55.66513392785552,46.51205472905394,Spring
24.530552025271927,54.266693875480215,50.04167205793034,Spring
23.126088832928716,55.35298932022165,49.33516877338373,Spring
24.626952438813618,52.55445650587265,50.641990228472665,Spring
24.566900844571737,54.22613450140153,49.32126875455917,Spring
26.803088733041026,54.611878793343344,48.57848978964729,Spring
23.501011215780693,53.46586880389493,47.48926404618031,Spring
27.334958760722863,54.78156114820519,45.231993796414244,Spring
24.562154907428322,54.985653907731496,51.77112847754224,Spring
24.527028929050385,55.0524068704632,54.07218264921959,Spring
24.83326964055259,55.69311199458024,52.532632217209716,Spring
24.230314294305597,54.61315392905598,46.79749812085017,Spring
24.92841042501146,54.26509186815793,45.780535365704964,Spring
24.174215624676226,55.25281228343989,50.5567227400511,Spring
24.186916487952708,54.59489449712714,47.39448192560616,Spring
25.795041037380685,53.619257546133554,51.45933673640497,Spring
24.16329488001057,55.31624126640149,50.994178618355086,Spring
25.373958568850156,55.42671203618278,49.692543461107576,Spring
24.189285173180252,54.94216894698992,52.17831624518906,Spring
23.92796737818101,56.176013731404915,49.390497382768125,Spring
26.070780023155585,55.808268911856835,49.899413888551564,Spring
24.486471674483756,54.77898656113967,49.951674490253595,Spring
24.327189425149758,55.068617717409566,51.50441081484336,Spring
25.105801414026534,54.60280292782323,52.86253128541087,Spring
24.834257777272093,54.653827389490665,49.742036681008784,Spring
24.186572118193215,56.245909186938874,51.963553463995225,Spring
24.000535274776706,54.80817375770313,52.75235654515298,Spring
23.243632227122383,55.54819911983384,51.03420848530324,Spring
25.751787579071166,55.31564139292238,49.99965442446964,Spring
24.13240195818682,55.17973909417417,51.63923543860369,Spring
24.854974470044564,54.927284480869226,48.94188887145899,Spring
23.923799225153605,54.48842921729417,49.05821523608737,Spring
25.88642687237565,54.927008520671485,52.27138234436753,Spring
25.01762881857266,55.684934363050296,50.45238918847808,Spring
24.39930750863015,54.71829529378136,51.42299254267139,Spring
24.200109973056012,56.53805409918534,50.83169868940371,Spring
24.905558268396295,54.77156499944953,50.15222230369967,Spring
24.318701021190947,56.813688246192704,54.003548433113366,Spring
25.633385083796462,54.48774746755072,46.784234007400336,Spring
25.464023813914412,55.28113064366774,51.369930116029764,Spring
24.369992530434377,54.47060701982846,48.322271428393755,Spring
24.72409571207309,52.16486986839431,48.48005069473486,Spring
24.8785566871598,55.52501019325835,54.16691019519396,Spring
24.337928533508215,56.08090098119338,50.27446805329849,Spring
24.97334982922866,55.78326482048402,49.6063011678091,Spring
25.763061808367,55.717320947262984,49.98737109950162,Spring
25.728591068736115,54.65533789057875,52.09906056704708,Spring
25.329760549450413,54.819913830946035,47.73511883563852,Spring
22.90425806748032,56.39097732059978,48.35589835088063,Spring
25.197722265268187,56.64246371416743,49.76315889405849,Spring
24.77097857643803,54.42496582617996,51.01001051112878,Spring
23.727564201233307,57.991522840226175,51.11798802168699,Spring
24.119966974938524,54.562683745377996,49.33200050211047,Spring
25.118024550825517,53.43904363770259,48.97226731403762,Spring
26.134661353010422,53.79066077601593,51.9544483130957,Spring
26.108738957719655,52.67793413469824,53.66789141053879,Spring
25.362899660184976,54.59619560025387,49.91360435014529,Spring
24.877424727989112,54.49650309395014,51.59207394050782,Spring
24.191817444244716,55.15406546114678,46.88367943145237,Spring
24.03593475010167,54.662541599807724,47.59694456434482,Spring
24.647525580006036,56.75739593951746,49.55120144372661,Spring
25.393852451619846,56.22459602099339,50.151377997641674,Spring
25.690512318823302,55.00391549604557,51.00108582713541,Spring
24.316180485650435,54.00157062558989,49.92625473094664,Spring
24.785343744473536,54.09700985757376,53.12851086494588,Spring
23.51292311989282,56.36603818700857,55.28857483301665,Spring
23.44505112918787,54.91835149449851,53.53035656733054,Spring
23.996273450987847,54.0832757509246,51.01579473011151,Spring
25.10755760744829,57.096636964484645,46.95422957454006,Spring
24.486471194687155,56.58614156725699,49.38450422069278,Spring
23.798112881008738,56.406060060129235,46.57332880699249,Spring
27.06362732020562,55.501126121411346,50.310199758255536,Spring
25.15509847474392,54.17414657210485,51.585896707490626,Spring
24.92393428448178,54.293416722890846,50.42347808484562,Spring
24.09218273100061,55.72693918274411,48.194412082236866,Spring
25.376727992330416,56.0019475279049,50.75378142255786,Spring
23.4322529687879,54.64390702615321,53.66581610455651,Spring
25.63164648330359,54.582300046939615,46.996323510428574,Spring
26.569021848856334,54.352398528904025,49.002059208124955,Spring
23.904462755396334,53.35916091448962,51.67589048817443,Spring
22.88684112319467,54.080371174870365,49.96349689328148,Spring
26.418719479646157,55.88657215016152,52.275888946513675,Spring
24.405088547156492,54.42930452696935,50.027819332042796,Spring
22.563858252395534,54.71071294814604,55.01503038691469,Spring
25.034395247082767,54.8501722944373,45.46545304601847,Spring
25.515419530960525,54.82073018505167,46.70567240512977,Spring
24.82084185731377,55.6803147838064,46.367237927524315,Spring
25.636968724485545,55.003148719532994,54.146663066337766,Spring
25.764830138407607,56.61179429007644,54.35485298560894,Spring
24.923281988260474,54.42528648657692,51.53841245495441,Spring
24.244274689849203,53.91339830467965,50.752599557218204,Spring
24.50190538875218,55.3974000956224,50.46962877423691,Spring
25.649431485001987,54.82172904975317,54.67306565925286,Spring
24.166773972482915,54.158769470651436,52.09668113394191,Spring
24.136168255625297,55.38611995633818,50.90060451531636,Spring
25.33354527097445,54.827528527745145,52.63290171204062,Spring
24.90491116852247,54.4757152242334,48.97279204656911,Spring
25.07778150688392,53.92453021857668,52.94459364868325,Spring
26.178510394109278,55.02708875359215,47.703216425427364,Spring
25.217138319182776,54.024091671960484,50.87853569975281,Spring
25.349197038514575,56.50353098364352,48.90278422531697,Spring
25.342262639136997,56.38343050049612,50.334852176444365,Spring
25.528659068695777,54.94861116852356,51.97881052875228,Spring
25.823403042333748,54.33760116928153,49.95350354497984,Spring
26.12061469235501,57.31374309548002,51.35500737865716,Spring
25.53892745651618,54.52442956093845,53.020618483005386,Spring
25.665354126198338,56.49238370182703,51.54792778240615,Spring
26.24836108370672,55.0487199186281,51.724039266479735,Spring
26.419203648619387,55.69063005423484,50.76111574126194,Spring
23.583009047220706,55.355072768574516,49.70700261932649,Spring
23.940132893937403,53.856525689097104,47.64935444919031,Spring
24.419755822845204,56.783559674171116,48.208067737410346,Spring
25.802616568931093,52.814738177463795,51.68997957054857,Spring
25.22332137591203,56.111290823542255,49.06121867781519,Spring
26.114372174067082,54.61351753447893,48.54288232007883,Spring
25.507152510613675,55.97345859581905,47.08694515412338,Spring
26.021139111255007,55.60597622093623,47.3256133611305,Spring
23.82197262880639,55.71957652137204,49.995384677727856,Spring
24.51600455985511,54.45284139935219,51.38131735513534,Spring
25.69087726689913,55.95769742092162,49.608606809526016,Spring
25.253004228595895,54.734835246563456,46.837933199838616,Spring
25.22433514943518,56.7219125372868,47.64948077859436,Spring
22.87440635133561,53.66103445638036,50.8828874080907,Spring
24.487630702854457,54.1555770358216,50.668109780833916,Spring
24.211390946185926,53.93513605280827,50.789093157432944,Spring
24.57567805956724,53.90790655226745,50.05587580681856,Spring
23.43545182692927,56.1138416234947,50.34282971436913,Spring
25.061486949168057,55.762345594596965,50.06549278718386,Spring
24.95029262435465,55.42414902172512,51.82750022628506,Spring
25.559161136025452,55.28051353857441,49.03226344369585,Spring
25.687728529545353,54.13555409169147,50.71305349990151,Spring
24.351168699039746,54.87842880659887,51.827365718653304,Spring
27.295499182386806,54.99187163326397,47.66958162057503,Spring
22.25788327490145,54.79686089042555,49.017967332839966,Spring
26.033501026400586,56.253559034485896,48.743212983208664,Spring
25.343234260674844,54.096605875527366,49.45852796263409,Spring
26.45974195417619,56.133442559206046,45.639367841232286,Spring
26.951157952646245,56.33285681296209,52.808379491588326,Spring
23.9184073017293,54.914649750013936,48.34599533328597,Spring
25.462652001312634,55.03245588727633,54.847087901253516,Spring
24.085699326991524,54.60674227932977,48.15788777590765,Spring
24.796732060229974,54.238210477717764,49.66715857398156,Spring
24.518027320369143,57.02027811096119,49.077317542947995,Spring
24.695015298291175,55.36115970322326,48.92469265384939,Spring
26.187768856813815,53.409392631769215,47.61841085297847,Spring
24.975649732197343,53.72157925127811,50.523314392723336,Spring
25.479956178477128,53.88585979323708,50.673566140769026,Spring
23.921739600598464,55.57255819214653,48.95342772266293,Spring
24.51131684373445,55.8508982337006,50.391343271289905,Spring
25.957442310613864,55.68670503559452,49.624275738571626,Spring
24.82341651970133,54.63504911285069,47.15501139915906,Spring
24.33196110336863,53.36562100994171,49.25883417166735,Spring
24.476478265635414,73.81644699386155,76.58698612820054,Autumn
24.253440421976503,76.96981416334823,80.14592644343291,Autumn
25.08994438196593,73.92637883875838,81.17746168706279,Autumn
23.920532036050286,74.89394251516275,82.52498685642064,Autumn
23.43687075273911,76.40885433681166,78.46386349461527,Autumn
22.76466778903448,76.18550040130836,79.48394741822185,Autumn
24.033499118848518,76.34576611875995,80.71992107578997,Autumn
26.05798290205346,75.02098373442398,79.80288189521339,Autumn
23.081287402493004,73.24477085119445,79.75409924674807,Autumn
23.94230897738472,75.31742550556768,81.20433934737542,Autumn
22.86460326655846,75.27404088090924,79.98044013396878,Autumn
25.19444377703978,74.95575737791677,81.80565164243046,Autumn
24.38408224906657,75.19038020503552,79.11489326395069,Autumn
25.108669346378377,74.94220627670683,81.10392063180102,Autumn
24.18490373379229,75.94098737898996,80.57987786657695,Autumn
26.545239959546215,73.10292168715239,81.98733552064817,Autumn
23.757087918035598,75.48076544557524,79.3565001260819,Autumn
24.608107105223887,73.8703446157548,81.22623610536832,Autumn
22.78134275263825,74.53105012083823,82.26679967964162,Autumn
24.729944070237178,75.27770242620562,82.64771721787436,Autumn
24.151075827283247,75.14930517012324,79.38591657552855,Autumn
25.15054628918035,74.31731010313854,79.2450903274007,Autumn
25.66395281527249,74.02889928448066,77.81815813352245,Autumn
23.74498851209213,74.50296002201273,79.31385152187202,Autumn
23.07442290990527,73.6471854210895,78.00281687212714,Autumn
25.50003072243045,74.69770269479271,81.04562590771886,Autumn
23.571729881404707,75.13184223923884,80.75840618788907,Autumn
22.884217804534273,74.42032500174064,79.95260897357232,Autumn
23.980169868316654,74.63683211135819,81.86276033070332,Autumn
24.44774572417983,76.84285944097293,79.09075453576429,Autumn
23.113085566561868,75.41634160830215,80.03955977492735,Autumn
23.367649249487837,73.58353802919868,81.017552640623,Autumn
22.45325167279582,75.74397291634297,80.63806054916283,Autumn
24.031649524147674,75.55940577097674,78.6702214727928,Autumn
23.4689539329083,76.00123774870323,79.5755751499866,Autumn
23.89215410700978,72.94019590042575,79.09610053275121,Autumn
24.511605832477112,74.7953996871222,80.72729934695298,Autumn
24.065103969866243,75.88129373653175,80.33450394751239,Autumn
24.440651164686944,74.95333013790238,80.74192034442414,Autumn
23.80393814593427,73.24777778160149,75.92988929891229,Autumn
26.469501608543712,73.689004520407,82.65014415187605,Autumn
23.161319867038557,73.36620419871862,83.06739377165532,Autumn
23.565735107659503,76.50311863215009,81.68068271426618,Autumn
23.44625623396205,76.7612304560412,81.05340970758145,Autumn
23.089029188548565,76.60445489648957,81.87667140204542,Autumn
23.18585059680237,73.62866939332312,78.0739934464859,Autumn
23.93840499601047,74.93250452411543,79.43930961461683,Autumn
21.36136057413834,73.80761852115097,80.715871669072,Autumn
25.061037813903603,73.95405397377966,80.38636479900714,Autumn
24.053048084771504,76.29865250737946,78.67808638761517,Autumn
23.859651274159376,76.13081952477125,81.91197967344215,Autumn
23.670543715423918,73.16412744125898,79.32461181427077,Autumn
24.881362792143964,75.7313026693912,78.84153779950684,Autumn
24.946527952397794,74.72219456477545,81.2746188274674,Autumn
24.26771259561532,75.47029093554984,80.38148665888454,Autumn
24.053940898403276,74.39544915315301,79.73666695470679,Autumn
22.51245979070948,73.21675443919335,80.14822441114173,Autumn
22.76102215219423,75.41184223057353,79.9369928325834,Autumn
23.109963108817755,75.49052632159824,77.22822827912233,Autumn
24.214919064967113,75.75890206913036,81.36286800342666,Autumn
24.547102682227376,74.6280482455498,79.41732088087628,Autumn
24.302392473514644,75.72082679784009,76.77143279456743,Autumn
24.416347872905373,75.45476411078785,79.96435479267198,Autumn
23.609690887960756,75.98557460440281,80.67871595213863,Autumn
24.42901123297637,74.41101349691861,83.17387351678224,Autumn
24.452850432415985,75.57529916115045,80.71012267416808,Autumn
25.358493859933187,73.36152685129129,80.58014692597501,Autumn
22.64392870504229,73.85257016814737,78.5606376348666,Autumn
23.91381235839686,75.57438023777588,77.8522853291624,Autumn
23.835944230484156,75.73220948912628,76.12094943921022,Autumn
23.719562717343326,73.72891976751121,82.69479828977279,Autumn
23.483653270426966,75.48481938167836,80.06456996218228,Autumn
24.371907364685185,74.3003421478218,81.04027534696661,Autumn
23.79950459806938,75.05226937482342,78.81751634091258,Autumn
25.303398888058528,76.04419882206157,82.97795908667572,Autumn
24.36452805171059,75.78755965088477,78.95460810112841,Autumn
25.076801011587538,76.51647447806897,80.9173893661375,Autumn
23.443297900260625,75.44750371225528,78.82848757107398,Autumn
23.926711311444112,76.46199021333223,81.9318627966288,Autumn
23.40429370107709,76.64712149009033,76.22756837899473,Autumn
24.31418255331681,74.81319262106946,83.13085886105576,Autumn
24.08177123099451,75.91798015657335,80.5857839823897,Autumn
23.522110786099066,75.93886584430511,78.94874958562401,Autumn
25.619986127611,74.58737368296947,82.92234605792547,Autumn
24.013884026109988,75.59444192780201,79.27639258178198,Autumn
24.29303333422278,76.03079673828708,79.96273305936512,Autumn
23.546112173276963,74.49736741014047,79.9091956796212,Autumn
24.66712923072337,74.98690170761965,80.90322266737958,Autumn
25.122782646494823,74.43818063335233,81.3490677516162,Autumn
25.398874146587048,74.95742569437604,80.87788692783691,Autumn
23.715989242199413,74.63512272348422,82.60534944539515,Autumn
22.222960431572886,76.88451862889644,77.57819844775028,Autumn
23.825514380379467,73.32993562698246,80.0657120994167,Autumn
23.16259573195438,75.93996285095768,83.29111183120101,Autumn
25.731170192656826,75.2740942083827,77.93965708484227,Autumn
22.668894961907075,76.3655517612943,82.03749329280568,Autumn
22.57769567301826,76.32712083816021,79.33033817858737,Autumn
24.570425891488803,73.91328616513285,76.95126382394878,Autumn
24.37948872711709,74.86263304446287,79.33524815617362,Autumn
23.71191044170586,75.95441470642696,80.40905976765731,Autumn
23.998297919662846,76.31763366286559,81.25399727485045,Autumn
25.0505916239881,76.04055798554742,79.94734465057958,Autumn
22.653649173998954,75.02224348904167,81.20102942879758,Autumn
22.4068200355255,75.58238830967085,80.68415858906938,Autumn
24.232480985181652,75.52104292796314,81.68676012206672,Autumn
24.335462864280807,74.00000055890148,78.30529732362412,Autumn
25.21990018541129,74.59227811165165,79.88236645933013,Autumn
23.262799244362967,74.29094628982658,78.1474174556554,Autumn
26.308746870755936,74.41867199603578,80.14077619073393,Autumn
22.93343689673678,75.47436274691702,76.18394533693649,Autumn
23.2415721923426,75.2894200504515,78.9654398795981,Autumn
25.37359426663343,74.14671407146741,79.14855295774316,Autumn
23.734762596769038,76.14935940834941,80.43250584751135,Autumn
23.781544486541346,74.6963468289585,78.62958251727609,Autumn
22.706102709057465,74.6312213027702,78.2549797030015,Autumn
24.039206865826035,76.0737257977845,81.06756776647624,Autumn
22.74822910723139,75.72017666638648,80.06980770193499,Autumn
22.05387461631883,75.74814840308264,78.63266518707147,Autumn
24.149193903004722,75.67878655782286,79.26973345023895,Autumn
23.225063541742408,74.56073657247234,80.0064911060776,Autumn
23.78494607336639,74.43960761371669,80.25362765460066,Autumn
24.50731804873551,75.13350382216963,79.80180425419941,Autumn
23.27948855557487,75.06412988443941,82.53060709240268,Autumn
23.404735084428225,75.51832619635759,83.10630397237449,Autumn
24.64708356580308,74.8094612967234,79.73122365848214,Autumn
25.849073124569088,76.74168367652099,82.40361451905713,Autumn
24.2692453425374,72.9872224712558,80.11469338562023,Autumn
23.254962427105834,74.88703550642249,80.82102959869535,Autumn
23.166516582779124,75.20951532780947,82.80170938344466,Autumn
23.854619312279464,75.66355143381756,81.7031568548965,Autumn
24.02714618283069,74.47051194857836,79.93607809923192,Autumn
24.34684389555367,73.27400265142846,80.03788399272338,Autumn
21.36596585972149,74.21318082013407,76.89779451447166,Autumn
24.319749552670004,76.955385240138,80.93117288183463,Autumn
25.782100741737047,74.06655238514666,76.41628846156465,Autumn
23.235883600029112,74.62660174458655,82.37096063562839,Autumn
24.139021965066316,76.05350427012691,82.55350596327615,Autumn
22.16604537916733,75.4419910134005,81.6080574527457,Autumn
22.916412655188303,74.047277933218,81.52242860978482,Autumn
24.535440049695744,73.76709365597517,79.6499093220684,Autumn
22.958271025145063,75.81875251902238,80.5477367854746,Autumn
23.479298304315307,76.29024826754566,77.38435425644963,Autumn
24.47365421793016,75.86306819768852,80.51217377042232,Autumn
22.751061351079485,75.40526833585443,76.61301955410656,Autumn
24.84346970053728,73.39094860084148,80.51296952989644,Autumn
23.542537891645356,75.44899228826122,78.18080495356338,Autumn
22.68266136168401,74.71984773072224,82.7882637693598,Autumn
24.173702270918366,75.77683534745816,82.13751035224556,Autumn
26.19553249261336,73.6178965943898,79.10758119280932,Autumn
23.26412412160947,75.00270667945911,80.27509094946025,Autumn
23.348602700749883,75.4843154194076,82.68228979928828,Autumn
24.11374624746276,74.06698730754495,81.43779944519234,Autumn
22.70115889595138,74.44806985816321,80.29056434338817,Autumn
23.89719646928215,75.97395742907457,80.70406057181086,Autumn
23.449441988750678,74.85436769969667,79.17053199144803,Autumn
23.045074147405533,75.7593219229216,79.8518565735091,Autumn
25.632023193196424,73.46105749442297,81.65840455886833,Autumn
23.189368127159597,76.40114731015628,78.75653149580016,Autumn
24.86612352175989,73.62915501395024,79.26885457587954,Autumn
23.360166708339694,74.32936441018045,76.98674067518384,Autumn
24.674318666556793,74.75503878263768,84.20122822620552,Autumn
24.924015979458638,76.33080379986338,80.47156429719877,Autumn
22.324440413530837,75.56094154045691,82.14288367743902,Autumn
22.706678992456172,74.57929709344137,80.31410750833295,Autumn
24.609963041385633,75.5710890109999,76.07616963059355,Autumn
25.186222839036592,75.50421156969637,81.23558137388551,Autumn
22.691401993067572,77.54513316708785,81.79416505947074,Autumn
22.766600326718482,72.97567354190005,77.628084325969,Autumn
24.861631556766774,75.32854466155719,75.8177117919594,Autumn
24.72046462788136,74.01500804514662,79.31690938538198,Autumn
22.606051106540612,74.43529285635901,80.90666084512664,Autumn
25.073573681090675,75.73761922810587,79.79359601300213,Autumn
25.321373789030474,75.40501024653528,78.31251315847855,Autumn
24.857360150581368,76.1718107677851,81.89163174239154,Autumn
24.736500226310575,75.02430537424773,80.08273352393566,Autumn
24.49637412020859,74.62791096845899,81.94476563567699,Autumn
23.034584708759187,73.6426182664945,84.50173775003744,Autumn
22.946548213329997,75.12749091909183,78.57836350278413,Autumn
24.62580381857526,76.55738046767621,78.50687929108429,Autumn
25.283024578291187,76.14263890293645,80.09694712735208,Autumn
21.905112807385372,72.85112270000549,78.1329149441221,Autumn
21.546550306720352,73.94747403461147,81.41482195177042,Autumn
24.599387024880837,74.67078570174797,82.11447376004253,Autumn
24.01176837346961,76.0180038387857,78.96927542687384,Autumn
25.39627200118507,75.51138936623387,82.5862289865479,Autumn
24.23821715879553,75.59478726815678,82.89344184866854,Autumn
25.230558989048944,73.77594876346123,80.81369889900843,Autumn
24.2129167179594,75.74741532386406,78.90890808975384,Autumn
24.121260713010955,73.42045952547524,79.78708507423495,Autumn
25.512574941369333,74.46958274076141,78.65473101016116,Autumn
23.64175517674068,74.5773452453585,80.70254346931527,Autumn
21.504146367783264,73.88376779213155,78.7438961807211,Autumn
22.554939589191484,77.39207121461737,78.08823650124562,Autumn
23.643761397629273,74.89162929546345,79.65572406636134,Autumn
23.350626288070767,75.8886417983394,79.47863845094776,Autumn
23.170877844026055,74.63389746141604,75.36275404372125,Autumn
23.75430545868799,74.3452321586514,82.91012236967926,Autumn
24.776614176645207,74.83858519536659,84.1043973434947,Autumn
24.66740018417151,75.49472902044,78.47521489698849,Autumn
24.091054776618794,74.41615118494907,80.9323746600122,Autumn
24.81787406174339,75.21497023795482,81.55787186744857,Autumn
23.52685729522817,74.73556323273809,75.67934957675511,Autumn
23.37888959856862,76.26053652839288,76.30923674167788,Autumn
22.83037316891683,75.23546900031938,80.01739937948162,Autumn
23.819983977353587,75.16002913275965,79.74926652681529,Autumn
24.096399049249964,75.37357905650543,81.36418822507613,Autumn
24.056254587796737,72.69464128950621,83.45915296312421,Autumn
22.415185501013784,74.98885758481808,79.08668753549918,Autumn
22.566829440656093,76.82014947431799,77.46793904712025,Autumn
23.19811131323334,76.64310517625732,77.30100979401797,Autumn
23.27640819141848,75.03594897271338,78.4189495396948,Autumn
25.056336888159333,74.29355989734871,79.72503594677009,Autumn
22.770252757324066,74.75775076987424,79.55899111964582,Autumn
24.545200436511788,73.92896409648797,75.74087133951367,Autumn
22.947595508146357,73.43514961123383,78.85446726165877,Autumn
22.817737990525288,75.88672378598507,80.65498816223406,Autumn
22.978411873735915,74.68726392139723,78.50758375696273,Autumn
26.421531048440254,75.68587410197077,79.68753780806573,Autumn
23.97509104807067,75.03973141996215,81.30006983626357,Autumn
23.627214698565215,75.93771967249414,79.27347728319124,Autumn
24.478941147671904,73.42964054148766,79.87378291961957,Autumn
22.36461671986353,72.99956973364591,74.78520825807405,Autumn
24.297202822541028,74.95164424970743,78.32696446231317,Autumn
25.52641288076473,75.08562203724753,80.09761891435868,Autumn
22.89499956205836,76.74462847098943,81.14334511716929,Autumn
23.610306933021455,73.51840593645973,77.55082725991903,Autumn
24.58802762229032,75.48816030622685,77.0515168338508,Autumn
25.291756227340013,75.39811038121142,80.59645897096219,Autumn
24.499760798486818,74.91860007519664,77.573063982739,Autumn
23.633972173413177,75.03847065888063,76.34856691300084,Autumn
22.919566516487905,73.27489692861637,80.32993579321948,Autumn
24.23756852944139,75.05844481307857,77.06832641680512,Autumn
23.180458747690665,75.955261215308,81.73981736855632,Autumn
22.46450932839442,74.43655464668906,78.41029874458282,Autumn
25.97346056381729,72.44638549111758,80.10535614126763,Autumn
22.506210055104695,75.33237646941153,78.26305430361425,Autumn
22.24930556458806,74.78384954661593,82.78079037417675,Autumn
25.08195311143356,76.02908312209944,79.90574070929608,Autumn
24.415596626571205,75.61969053537034,77.23258774067088,Autumn
25.364377803557073,74.5064056235479,79.56297800269563,Autumn
23.804517086535228,75.66665020316246,76.67198428256579,Autumn
24.42585716173408,75.67939308216602,77.18551414210975,Autumn
22.716257244263375,75.65163566951841,78.31033124430552,Autumn
23.486481117286964,76.25803885158672,80.50664652708934,Autumn
25.673459768654574,73.61361145585829,77.84993159698365,Autumn
24.388327878922645,74.9520045912555,76.41134711980114,Autumn
25.00082735318535,73.06906805238407,78.21010958003826,Autumn
24.530917589605284,76.91033693533619,80.8867823684367,Autumn
24.70841901460686,75.03869414563704,78.1127215525082,Autumn
22.23802497899898,74.14036147704141,79.34024157930399,Autumn
22.94539289797117,76.32794667429593,76.66631138405765,Autumn
23.251779966414382,75.18429281395005,76.47275740725806,Autumn
24.74754103505606,74.37960517641591,78.56358449638056,Autumn
25.278620776500436,75.09473812792885,80.88589784030636,Autumn
23.85994428426754,75.92594216831972,80.80034744511715,Autumn
23.67217420992857,74.97468873610565,81.59983263441761,Autumn
21.114638340874908,75.03216028626436,83.07534208482367,Autumn
23.47444115394059,76.85672946907643,84.55914454905168,Autumn
23.44575881433445,75.12764498909155,80.67565518108222,Autumn
23.40163576728245,74.10201436848392,83.18365442764592,Autumn
24.87650964187041,75.22185176124448,79.95602460787872,Autumn
22.879780525102262,74.92012239925107,78.97757900760891,Autumn
24.68372032208321,76.24936020696826,76.56266540511918,Autumn
23.872023677953365,74.70024884294912,79.07951591367103,Autumn
23.667172827982522,74.52262298695946,82.57641627201029,Autumn
24.36291677364867,75.12946661574954,80.27599072720585,Autumn
24.41637079188577,74.28128471930789,81.47452065885092,Autumn
25.349954232374493,75.29702925894469,80.07461448722852,Autumn
23.45778004672167,73.61370711026393,79.66287467693094,Autumn
25.351732610339607,75.36909552212808,78.46614642449104,Autumn
23.81737099254467,73.86303767206671,78.10098244403441,Autumn
22.747454618773975,76.05113509093988,77.75644866007273,Autumn
22.474187872445903,73.94545731144774,80.64590628817099,Autumn
23.824692697892345,74.89664651524099,78.40732742040194,Autumn
22.973666927087038,76.71484646994044,81.23022449661933,Autumn
24.119530242048917,77.42401192548108,78.9627441605744,Autumn
23.270331423054216,74.50242416923305,76.86323762350824,Autumn
26.134954900582116,73.99499683296605,82.0780960153042,Autumn
23.686863584655196,73.97991079391831,81.10564158617028,Autumn
24.161500051772506,75.83261588309452,78.25714290279505,Autumn
23.330683539286724,75.7976216229113,80.83580543324089,Autumn
24.688611936858308,74.9438840440603,82.70381795861654,Autumn
22.53354949517834,73.30639656211696,79.56061851782798,Autumn
23.529251410920605,77.36195083694068,80.32692522667826,Autumn
23.17342828111338,74.23647026255706,78.68013522392017,Autumn
23.366456939753142,75.36755605218097,76.8020134451642,Autumn
25.539824970447356,77.10738941207282,80.26467649233037,Autumn
24.081707364717104,77.48210510356878,82.61648381788811,Autumn
24.24797594928078,73.7860946858697,82.79892481791653,Autumn
23.628416828283505,76.31537385268149,81.78279749281916,Autumn
24.635811614724595,75.52179807900953,81.2570911537503,Autumn
23.031586099149415,75.81496658709607,79.2971976488597,Autumn
25.364022252481984,75.57033589632664,78.15806064315268,Autumn
25.44133460923991,76.78008331403264,80.42241626555081,Autumn
24.53362349109504,74.01507262204736,79.49205481125692,Autumn
23.828312420469178,75.37137729203022,77.40512149643611,Autumn
22.435117290838846,76.1032008280815,82.06787543364456,Autumn
22.879596053424304,74.79766482021321,79.20775747798929,Autumn
22.892040837746087,74.68687558927326,81.48109458850054,Autumn
25.184576731383487,76.1877089865598,79.35078865980282,Autumn
22.662671022111873,74.74917572026652,76.64581936341982,Autumn
22.567295756115698,72.71319923991479,81.44013380602364,Autumn
23.21426821359385,73.63085760526852,79.3774428250226,Autumn
25.067597457255708,73.70633489065544,79.49869430455655,Autumn
24.472458226949925,75.34276324536438,79.65614776141862,Autumn
25.010439176137027,74.41973575491369,80.28374823099406,Autumn
23.174416258789947,72.99065270121845,78.50609368632254,Autumn
20.92762879323274,77.16353695129023,81.90285290805772,Autumn
23.19054767622667,73.22229630591674,81.75858278055054,Autumn
24.801109020965622,75.58159377348504,78.38752735784726,Autumn
22.25075977122285,73.68010866015868,76.66868804678919,Autumn
22.404006344552464,74.44208274427511,80.15703334765173,Autumn
24.159198372173645,73.47419524675868,81.57269931241309,Autumn
23.183353134678164,76.49063757406444,79.50125323969606,Autumn
25.51079146918647,75.10970754988648,78.88652033786296,Autumn
26.140536700306686,75.78453735197289,79.68431485638718,Autumn
23.794100202335812,72.86678057977494,79.9864415948048,Autumn
22.478232481416786,76.56664148036448,79.79193343572491,Autumn
22.97329093947289,75.01377313345763,78.59669612346883,Autumn
22.7139593571834,73.81960230097863,78.75329535436026,Autumn
24.051797254746045,73.96132067613478,80.55843557818224,Autumn
23.445156169154263,75.3347686447288,84.32477496312181,Autumn
23.386121206759174,73.12391458732459,79.13614754644415,Autumn
23.072223570922937,76.45748641428308,80.17528831419861,Autumn
25.92519190006768,74.61374562962854,81.78057574870564,Autumn
23.617953701542785,75.3127003595712,79.99170631556346,Autumn
22.486615462417905,76.1909607068355,79.32108772410568,Autumn
22.948462550592033,74.96713055673705,78.98952192006406,Autumn
23.612363875194763,74.31584926689813,77.82991875221582,Autumn
24.765725051201684,74.65779607753309,79.70441061356674,Autumn
23.165154648969388,75.77992918587654,76.91643468345434,Autumn
23.045030323471586,74.79789053162435,80.9265089815482,Autumn
24.676961457850247,74.19022152641236,84.53978550073509,Autumn
23.34538196724643,75.28546271066774,84.09279536488066,Autumn
22.30430303624753,74.05202609667089,77.87946159557328,Autumn
22.758069774635327,74.83261694747328,79.7569915638674,Autumn
24.436231557317896,75.23201483548118,81.26259445878422,Autumn
23.592206496912386,75.13064204849408,79.90932505863518,Autumn
24.567917050510484,75.91787918932727,76.56066510541794,Autumn
24.907963228889866,74.93724885206625,81.0712879292848,Autumn
23.34737486665437,73.40073636693633,81.56737670363526,Autumn
24.378253660433057,75.66655912821481,81.94620060705256,Autumn
23.548008698547083,75.01389194973075,77.95555503426704,Autumn
23.999848104925793,73.18751335170725,81.43870128332415,Autumn
24.976075440492664,73.76985842189633,78.03343806602508,Autumn
23.629848971237358,74.90249937916613,80.3183096185698,Autumn
24.498149296924883,76.93087586745408,78.60760837307137,Autumn
24.230501989583164,74.9224728159773,78.58724969227929,Autumn
23.938619663388643,76.8076612253871,80.1087575818333,Autumn
21.943681917682323,74.82719949965312,77.97367069330153,Autumn
23.541630805525468,75.34892829529689,77.46793096496873,Autumn
23.592530736267502,74.39374089019533,78.57158362858867,Autumn
22.77420666246685,74.09694853017803,79.00293093948676,Autumn
25.15297861867651,74.84852219295433,78.91880672842893,Autumn
23.440393515814296,73.2467493077553,79.40336943400132,Autumn
22.728874292802324,73.78505883211511,76.60913249110754,Autumn
23.514453922847693,76.28586560331473,81.27509097716484,Autumn
24.75152123748124,76.00373687629357,80.7368785995678,Autumn
22.968171211885842,72.95341051001735,77.0902399729486,Autumn
22.78745078736414,74.80870955223997,80.79762852340099,Autumn
23.612157606709516,77.0889646348036,80.65497365460003,Autumn
24.179156935486724,76.21346243875917,82.82726457183689,Autumn
25.22201931968009,75.2095134442847,79.03414077721155,Autumn
23.998284373353147,76.1115808512984,81.82997214091547,Autumn
23.427230316172768,74.5697734046441,81.60796337388342,Autumn
22.989306440179988,75.29939789135,81.92982856190872,Autumn
23.934418824077724,74.57123419045104,81.9039974736069,Autumn
25.957416933597553,74.65793401037736,77.95468878489079,Autumn
23.838592119551794,75.6246369273666,77.432010828334,Autumn
23.10827388830171,74.91616825020809,81.54975282862944,Autumn
23.018727792884118,74.41351150862,80.36064198623426,Autumn
21.602210887969033,73.9265117142553,79.18241747084797,Autumn
22.76100033016914,75.42685430742883,81.03073179801146,Autumn
24.676009732142962,74.73864881057594,78.94236952340985,Autumn
24.854812668187023,73.66271085193365,77.58045453547139,Autumn
22.998246818584594,74.4239636022033,79.36051129080914,Autumn
24.308682224033983,73.51008005097034,79.43074429142902,Autumn
25.362966961573836,75.07102063816528,76.85260112768557,Autumn
23.973283123148327,75.85471178898601,77.12420685428793,Autumn
25.23708277080853,74.90949093796912,81.92966874952349,Autumn
23.9109530142382,74.38211061644922,79.97291667843523,Autumn
24.3875295604602,75.09698121533083,77.65011339407023,Autumn
24.963517941112,73.48718780395083,79.20279718379291,Autumn
23.11479274074548,76.1762580644267,82.36591380176493,Autumn
25.042427164779262,74.90567667221292,80.07990005106328,Autumn
22.83419622650687,75.10242377617621,80.28533062741678,Autumn
24.699492793218823,77.12709980810726,82.55479616033352,Autumn
23.553927308824644,74.83676897002667,80.42768851826591,Autumn
23.915256094008736,74.72234722583356,78.50525254064065,Autumn
24.59104908822448,75.17989467460758,77.1961950531756,Autumn
25.940848349332427,73.11769479545268,82.97231976205259,Autumn
23.674577762819865,75.36055925953511,76.38721091608065,Autumn
24.309151470115154,73.23533224240231,83.02486725795475,Autumn
26.74365468028469,75.21102224251094,82.38524207219999,Autumn
24.230871908499424,75.60860307241303,82.3498721742231,Autumn
24.51743352215477,75.58647718093377,80.71973472241238,Autumn
25.673985323682118,74.24176171904918,78.2923973875256,Autumn
24.570829639026147,73.67229897260175,75.46286492394117,Autumn
24.637393541648724,75.16520228747815,76.7424918762968,Autumn
23.703080317834047,75.27081078602093,79.824125124015,Autumn
