{
  "train_time_s": 18.78558111190796,
  "val_accuracy": 0.6097826361656189
}