{
  "timestamp": "2025-12-30T16:31:44.583054",
  "python_version": "3.14.0 (tags/v3.14.0:ebf955d, Oct  7 2025, 10:15:03) [MSC v.1944 64 bit (AMD64)]",
  "intel_optimized": false,
  "random_forest": {
    "training_time_seconds": 0.22555255889892578,
    "train_accuracy": 0.9951086956521739,
    "test_accuracy": 0.9260869565217391
  },
  "gradient_boosting": {
    "training_time_seconds": 36.35233926773071,
    "train_accuracy": 1.0,
    "test_accuracy": 0.9021739130434783
  }
}