{
  "model_type": "GradientBoostingRegressor",
  "n_samples": 20000,
  "n_features": 12,
  "train_r2": 0.9969343952910082,
  "test_r2": 0.9763320975665293,
  "test_mse": 7415327.899758495,
  "test_rmse": 2723.1099683557577,
  "test_mae": 1699.6047948377934,
  "mape": 14.105540953808957,
  "cv_scores": [
    0.9751672013968208,
    0.9749581033476347,
    0.9759059239864782,
    0.9783151927814845,
    0.9749487429776676
  ],
  "cv_mean": 0.9758590328980171,
  "cv_std": 0.001277016269843205,
  "feature_importance": {
    "crop_type": 0.45214300859710344,
    "area_hectares": 0.001412269489813339,
    "nitrogen": 0.008383435263617378,
    "phosphorus": 0.004634109880806813,
    "potassium": 0.004925274686719727,
    "temperature": 0.04849267169456214,
    "humidity": 0.001582316587206223,
    "rainfall": 0.003441243747745026,
    "irrigation": 0.006204498571469583,
    "growing_days": 0.4078881790942882,
    "soil_type": 0.05270732504353427,
    "pest_pressure": 0.008185667343133972
  },
  "trained_at": "2026-01-02T21:05:31.713924"
}