temperature,rainfall,humidity
1.009717307775421,0.35302343250762397,0.18954334875623724
0.6879420881040448,-0.16413410547543777,-0.21169055341267984
-1.4786777243498874,2.5408627796359666,0.7913942020096129
0.516328637612644,1.3698077444743215,0.7913942020096129
1.653267747118174,-0.7987477622546525,-2.117551588715036
1.996494648100974,-0.565588601062289,-1.415392259919431
0.6450387254811948,2.283160548844407,1.19262810417853
1.1169757143325463,0.11986427131526053,0.08923487321400798
1.1813307582668218,1.3312400636755848,1.0923196286363006
0.36616686843266866,0.2583573069107245,0.08923487321400798
0.9882656264639963,2.3147159240433735,0.7913942020096129
-1.9506147132012397,2.458468188838665,1.5938620063474471
0.6664904067926202,1.7028922604634122,1.2929365797207593
-1.9291630318898143,1.0051678532862645,-0.6129244555815969
0.2160050992526933,1.4820046340706468,0.6910857264673836
0.6235870441697694,0.3688011201071072,0.6910857264673836
-1.7575495813984134,1.1646978056810395,-0.3119990289549091
0.4519735936783694,1.259363931277939,1.2929365797207593
0.7522971320383202,0.621244121698839,0.49046877538292505
1.3529442087582224,-0.3972932666678012,-1.1144668332927432
1.052620670398271,-0.6059093582609685,-2.2178600642572652
0.516328637612644,-0.08349259107807899,0.2898518242984665
1.3743958900696471,-0.7479085466563176,-2.117551588715036
1.4816542966267725,-0.8443277486531596,-1.415392259919431
1.6318160658067487,-0.5761070594619445,-1.716317686546119
1.6961711097410233,-0.6129216638607388,-1.8166261620883482
0.7093937694154702,2.737207336429536,1.2929365797207593
1.6103643844953233,-0.8320562138535615,-1.716317686546119
0.5592320002354948,2.2147905692466465,1.4935535308052177
0.43052191236694404,0.1426542645145141,0.49046877538292505
2.14665641728095,-0.7198593242572363,-2.3181685397994944
-0.06286675779583284,2.342765146442455,0.6910857264673836
1.052620670398271,-0.6059093582609685,-1.415392259919431
0.2160050992526933,1.2260554796790297,1.2929365797207593
0.8381038572840201,0.25134500131095416,-0.11138207787045057
-1.1783541859899367,1.4346715712721971,-0.9138498822082848
1.245685802201097,-0.6479831918595904,-2.4184770153417237
1.5674610218724725,-0.8320562138535615,-2.3181685397994944
-0.5777071092700343,2.887971906824598,1.0923196286363006
0.43052191236694404,0.46171416930406406,0.3901602998406958
1.8034295162981486,-0.6392178098598775,-1.5157007354616603
1.3958475713810725,-0.6549954974593608,-1.5157007354616603
0.7522971320383202,-0.36573789146883473,-0.9138498822082848
2.0393980107238248,-0.8653646654524706,-1.716317686546119
-0.04141507648440746,1.2225493268791447,1.3932450552629885
0.5592320002354948,1.9378044980557183,0.3901602998406958
-0.2773835709100836,0.45820801650417886,-0.6129244555815969
0.5806836815469194,0.20050578571261932,0.18954334875623724
1.0955240330211218,1.5451153844685799,1.19262810417853
1.6747194284295979,-0.6427239626597627,-2.2178600642572652
1.1384273956439717,1.0542539924846568,1.0923196286363006
0.1301983740069933,1.7852868512607136,0.5907772509251543
0.7952004946611702,0.016432763718648186,-0.11138207787045057
0.5377803189240694,0.35302343250762397,0.49046877538292505
0.1301983740069933,-0.11329488987710289,-0.11138207787045057
0.9668139451525709,-0.25529407827245204,-0.21169055341267984
0.5377803189240694,0.22680193171175803,0.49046877538292505
0.5377803189240694,-0.36573789146883473,0.08923487321400798
0.7737488133497455,-0.45865094066579154,-0.3119990289549091
0.8381038572840201,0.09532120171606438,0.3901602998406958
0.1945534179412679,0.5949479756997003,0.6910857264673836
0.6021353628583448,0.011173534518820439,-0.21169055341267984
0.8595555385954455,-0.05544336867899768,-0.21169055341267984
1.3529442087582224,-0.09576412587767706,-0.11138207787045057
-1.1783541859899367,2.900243441624196,1.4935535308052177
1.5889127031838979,-0.5936378234613704,-1.716317686546119
1.653267747118174,-0.9074384990510925,-2.4184770153417237
0.4519735936783694,0.5791702881002171,0.6910857264673836
0.7952004946611702,0.07253120851681082,0.49046877538292505
0.6879420881040448,-0.004604153080662799,-0.5126159800393677
0.2160050992526933,-0.10978873707721773,0.3901602998406958
0.8595555385954455,-0.36223173866894953,-0.5126159800393677
1.3100408461353725,-0.28334330067153335,-1.3150837843772019
0.6021353628583448,-0.5357863022632652,-1.2147753088349726
0.1516500553184179,0.4143811065056143,-0.011073602328221294
-1.371419317792762,1.867681442058015,-0.4123075044971384
0.6021353628583448,-0.24477561987279656,-1.1144668332927432
-1.5215810869727382,0.4248995649052698,1.2929365797207593
-0.9852890541871112,1.9658537204547997,1.0923196286363006
0.6664904067926202,1.7502253232618619,0.6910857264673836
0.6664904067926202,-0.10803566067727514,0.3901602998406958
1.0740723517096964,0.4774918569035473,-0.21169055341267984
1.0955240330211218,0.047988138917614664,0.8917026775518422
0.4519735936783694,1.666077656064618,1.6941704818896763
0.43052191236694404,1.0437355340850012,1.0923196286363006
0.6879420881040448,-0.22724485587337073,-0.8135414066660555
0.4519735936783694,2.4479497304390097,0.9920111530940714
0.36616686843266866,0.005914305318992693,-0.6129244555815969
1.0740723517096964,-0.18692409867469134,-0.6129244555815969
1.417299252692498,-0.7408962410565473,-2.017243113172807
-1.4357743617270373,1.7677560872612876,0.6910857264673836
-0.8780306476299858,1.0893155204835083,-0.7132329311238262
0.6879420881040448,-0.1395910358762416,-0.5126159800393677
1.009717307775421,2.5531343144355647,0.49046877538292505
0.6664904067926202,2.891478059624483,1.4935535308052177
0.6235870441697694,-0.13608488307635647,0.49046877538292505
0.6235870441697694,0.35302343250762397,0.08923487321400798
0.9024589012182955,0.34601112690785363,-0.6129244555815969
0.6021353628583448,2.120124443649747,1.2929365797207593
-1.9720663945126642,1.1734631876807524,1.2929365797207593
-0.3631902961557836,1.1068462844829343,0.5907772509251543
0.8810072199068709,0.0637658265170979,0.2898518242984665
0.1516500553184179,2.5075543280370574,0.9920111530940714
0.23745678056411867,2.9528357336224733,1.2929365797207593
-2.0364214384469395,2.0798036864510676,1.2929365797207593
0.5592320002354948,-0.04843106307922735,0.6910857264673836
0.34471518712124405,1.4925230924703023,1.19262810417853
1.0955240330211218,-0.6988224074579253,-2.4184770153417237
0.2160050992526933,2.0675321516514695,1.5938620063474471
1.3100408461353725,0.5791702881002171,0.5907772509251543
-1.2641609112356367,2.7161704196302248,0.49046877538292505
1.0311689890868463,-0.6725262614587866,-1.5157007354616603
0.9024589012182955,-0.22549177947342813,-0.6129244555815969
0.3018118244983933,0.39159111330636076,-0.3119990289549091
-0.3631902961557836,0.1812219453132509,-0.21169055341267984
1.824881197609574,-0.733883935456777,-1.6160092110038897
0.6450387254811948,-0.03265337547974411,-1.014158357750514
0.5377803189240694,-0.14835641787595452,-0.5126159800393677
0.6021353628583448,-0.25529407827245204,-0.3119990289549091
1.0311689890868463,0.4511957109044085,0.7913942020096129
0.516328637612644,2.057013693251814,1.2929365797207593
1.7176227910524486,-0.6567485738593033,-1.716317686546119
0.5806836815469194,-0.2693186894719927,-0.3119990289549091
0.7522971320383202,-0.04667798667928477,-0.011073602328221294
0.6879420881040448,-0.06596182707865317,0.6910857264673836
0.6450387254811948,2.873947295625057,0.8917026775518422
1.0955240330211218,0.014679687318705604,0.9920111530940714
-0.7493205597614351,0.09532120171606438,-0.21169055341267984
0.9668139451525709,-0.2798371478716482,0.08923487321400798
0.8166521759725955,0.46171416930406406,0.5907772509251543
0.7308454507268948,0.007667381718935275,-1.1144668332927432
0.5806836815469194,0.2881596057097484,0.5907772509251543
0.8810072199068709,0.058506597317270155,0.08923487321400798
0.7093937694154702,-0.372750197068605,-0.6129244555815969
0.8810072199068709,1.3329931400755273,0.2898518242984665
0.7737488133497455,0.22680193171175803,0.7913942020096129
0.8166521759725955,0.3144557517088871,0.49046877538292505
0.7093937694154702,-0.2517879254725669,-0.6129244555815969
-0.38464197746720896,-0.08524566747802158,-0.8135414066660555
0.6235870441697694,-0.08524566747802158,-0.011073602328221294
0.6664904067926202,1.2102777920795467,0.7913942020096129
1.245685802201097,-0.4270955654668251,-1.415392259919431
0.9882656264639963,-0.4428732530663083,-0.6129244555815969
1.7605261536752994,-0.6883039490582699,-1.8166261620883482
0.6879420881040448,0.27588807091015033,-0.011073602328221294
0.47342527498979403,0.23556731371147094,0.49046877538292505
0.8381038572840201,-0.29736791187107403,-0.4123075044971384
1.5889127031838979,-0.8215377554539061,-1.3150837843772019
0.6450387254811948,0.3091965225090594,-0.11138207787045057
0.10874669269556791,2.2866667016442923,1.4935535308052177
-0.19157684566438285,-0.2289979322733133,0.49046877538292505
-0.10577012041868285,-0.9109446518509777,-1.3150837843772019
-0.12722180173010822,-0.42008325986705475,0.6910857264673836
-0.8780306476299858,-0.926722339450461,0.49046877538292505
-0.7278688784500097,-0.5270209202635523,-0.11138207787045057
-0.513352065335759,-0.4551447878659064,0.5907772509251543
-0.42754534009005896,-0.5638355246623465,-0.4123075044971384
-0.5991587905814597,-0.5515639898627485,-0.011073602328221294
-0.7707722410728605,-0.5971439762612556,0.49046877538292505
0.9668139451525709,-1.0476846110464992,-1.716317686546119
-0.6635138345157351,-0.9284754158504036,0.2898518242984665
-0.08431843910725746,-0.8373154430533893,-0.4123075044971384
0.2160050992526933,-1.0546969166462694,-1.8166261620883482
-0.2559318895986582,-0.4744286282652748,-0.5126159800393677
-0.6206104718928843,0.12337042411514569,1.4935535308052177
-0.513352065335759,-0.46040401706573414,-0.21169055341267984
-0.2988352522215082,0.0637658265170979,0.08923487321400798
-1.9291630318898143,-0.1728994874751507,-0.9138498822082848
-0.3631902961557836,-0.43235479466665283,1.2929365797207593
0.7308454507268948,-0.9600307910493701,-1.3150837843772019
0.38761854974409404,-1.023141541447303,-1.716317686546119
-0.7278688784500097,-0.6935631782580975,0.5907772509251543
-1.1354508233670866,0.7194164000956236,0.6910857264673836
-0.6635138345157351,-0.03265337547974411,0.5907772509251543
-0.47044870271290895,-0.884648505851839,-1.1144668332927432
-0.5348037466471843,-0.5971439762612556,-0.011073602328221294
-0.7493205597614351,-0.6585016502592459,0.49046877538292505
-0.1701251643529582,-0.7812169982552266,0.18954334875623724
-0.44899702140148434,-0.4691693990654471,-0.011073602328221294
0.9024589012182955,-1.073980757045638,-2.117551588715036
-0.42754534009005896,-0.6462301154596478,0.3901602998406958
-1.0925474607442367,-0.3376886690697534,1.3932450552629885
0.2160050992526933,-1.0564499930462121,-1.2147753088349726
-0.3631902961557836,-0.8530931306528725,0.18954334875623724
0.6021353628583448,-1.010870006647705,-1.716317686546119
-0.2559318895986582,-0.48670016306487285,0.6910857264673836
-0.7707722410728605,0.37406034930693494,1.3932450552629885
-0.5991587905814597,-0.7356370118567195,0.2898518242984665
-0.44899702140148434,-0.7742046926554563,0.3901602998406958
-0.10577012041868285,-0.42358941266693995,0.2898518242984665
-2.722875240412542,-0.6953162546580401,1.19262810417853
-0.1701251643529582,-0.456897864265849,0.3901602998406958
-1.1139991420556612,-0.5165024618638968,1.5938620063474471
-2.143679845004065,-0.40781172506745667,-0.9138498822082848
-2.2294865702497653,-0.5796132122618297,1.19262810417853
-3.0661021413953433,-0.42008325986705475,0.2898518242984665
-0.44899702140148434,-0.7233654770571215,0.3901602998406958
-0.34173861484435897,-0.7146000950574085,0.6910857264673836
-0.7493205597614351,-0.7566739286560306,-0.3119990289549091
-0.34173861484435897,-0.842574672253217,-0.011073602328221294
-2.5083584272982913,-0.6514893446594756,-0.21169055341267984
-0.14867348304153283,0.41964033570544207,0.5907772509251543
-0.34173861484435897,-0.9530184854495997,0.08923487321400798
-0.6849655158271597,-0.9162038810508055,-0.011073602328221294
-0.8780306476299858,0.13564195891474376,1.0923196286363006
-2.16513152631549,-0.2079610154740023,-0.5126159800393677
-2.7872302843468173,-0.7321308590568344,0.5907772509251543
-0.5777071092700343,-0.8671177418524132,-0.011073602328221294
-0.12722180173010822,-0.8618585126525854,0.5907772509251543
0.6235870441697694,-1.0792399862454656,-2.2178600642572652
-0.2559318895986582,-0.5603293718624613,0.6910857264673836
-0.19157684566438285,0.3986034189061311,1.0923196286363006
-0.6420621532043097,-0.8513400542529299,-0.7132329311238262
-0.2130285269758082,-0.8583523598527003,0.3901602998406958
-2.6585201964782668,-0.435860947466538,0.18954334875623724
-1.4572260430384627,-0.36573789146883473,-0.8135414066660555
0.7308454507268948,-1.0371661526468436,-1.8166261620883482
-0.19157684566438285,-0.8127723734541932,-0.8135414066660555
-0.19157684566438285,-0.6357116570599923,0.3901602998406958
-0.3202869335329336,-0.2307510086732559,0.5907772509251543
-1.7575495813984134,-0.3552194330691792,1.3932450552629885
-1.371419317792762,-0.7058347130576956,1.3932450552629885
-0.513352065335759,-0.7514146994562028,0.6910857264673836
-0.2130285269758082,-0.7110939422575234,0.6910857264673836
-0.3631902961557836,-0.9880800134484513,-1.3150837843772019
-0.1701251643529582,-0.2097140918739449,1.19262810417853
-0.7707722410728605,-0.8793892766520113,0.3901602998406958
-0.01996339517298284,-0.9652900202491977,-0.9138498822082848
-0.6849655158271597,-0.7654393106557434,-0.7132329311238262
-0.7707722410728605,0.04623506251767208,1.19262810417853
-0.3631902961557836,-0.5848724414616575,-0.11138207787045057
-0.40609365877863357,-0.6111685874607962,0.49046877538292505
-1.242709229924212,0.15843195211399733,0.08923487321400798
-1.049644098121386,0.5423556837014228,0.9920111530940714
-0.47044870271290895,-0.628699351460222,0.18954334875623724
-0.19157684566438285,-0.3289232870700405,0.3901602998406958
0.044391648761292535,-0.9389938742500591,-0.6129244555815969
0.08729501138414254,-0.9372407978501165,-1.1144668332927432
-0.8351272850071351,-0.07122105627848092,1.4935535308052177
-1.0281924168099612,-0.6935631782580975,1.2929365797207593
-0.38464197746720896,-0.9495123326497146,-0.7132329311238262
-0.14867348304153283,-0.3464540510694663,0.8917026775518422
-0.5562554279586097,-0.595390899861313,0.08923487321400798
-1.1783541859899367,0.058506597317270155,1.0923196286363006
-0.38464197746720896,-0.7969946858547099,0.6910857264673836
-3.0661021413953433,-0.3569725094691218,-0.011073602328221294
-0.6420621532043097,-0.7391431646566047,0.18954334875623724
-1.6073878122184382,0.2618634597106097,0.2898518242984665
-0.2130285269758082,-0.9793146314487384,-0.8135414066660555
-0.7278688784500097,-0.6760324142586718,0.2898518242984665
-0.01996339517298284,-1.0213884650473604,-0.3119990289549091
-0.12722180173010822,-0.9004261934513222,-0.8135414066660555
-3.001747097461068,-0.10803566067727514,1.5938620063474471
-0.8780306476299858,-0.7601800814559156,0.6910857264673836
-0.3631902961557836,-0.45865094066579154,0.49046877538292505
-0.04141507648440746,-0.7706985398555711,0.3901602998406958
-0.1701251643529582,-0.5305270730634374,0.3901602998406958
-0.44899702140148434,-0.6111685874607962,0.08923487321400798
-0.34173861484435897,-0.6690201086589014,0.18954334875623724
-0.2773835709100836,-0.8057600678544228,-0.5126159800393677
-1.4572260430384627,0.002408152519107529,0.6910857264673836
-0.42754534009005896,-0.6567485738593033,0.2898518242984665
-0.2559318895986582,-0.5638355246623465,1.2929365797207593
-0.38464197746720896,-0.5059840034642413,0.2898518242984665
-0.47044870271290895,-0.8583523598527003,-1.1144668332927432
-0.7922239223842851,-0.5480578370628633,0.08923487321400798
-3.001747097461068,-0.5848724414616575,0.08923487321400798
-1.736097900086989,0.032210451318131425,-0.8135414066660555
-2.186583207626915,-0.179911793074921,1.4935535308052177
-0.3202869335329336,-0.4428732530663083,0.3901602998406958
-0.5777071092700343,-0.8530931306528725,0.49046877538292505
-0.6849655158271597,-0.4656632462655619,1.0923196286363006
-0.2988352522215082,-0.3867748082681457,1.2929365797207593
-0.6206104718928843,-0.7426493174564899,-0.11138207787045057
-0.44899702140148434,-0.7075877894576382,-0.5126159800393677
-1.0067407354985358,0.3793195785067627,0.5907772509251543
-0.10577012041868285,-1.0126230830476475,-0.4123075044971384
-0.04141507648440746,-0.9074384990510925,-0.8135414066660555
-0.6635138345157351,0.0637658265170979,0.8917026775518422
-2.894488690903943,-0.6479831918595904,0.9920111530940714
-0.47044870271290895,-0.9162038810508055,0.6910857264673836
-0.19157684566438285,-0.7461554702563751,0.49046877538292505
-0.8565789663185605,0.11109888931554762,0.7913942020096129
-2.637068515166842,-0.2903556062713037,-0.7132329311238262
-0.5777071092700343,-0.6760324142586718,0.08923487321400798
-0.47044870271290895,-0.7216124006571789,-0.6129244555815969
-0.12722180173010822,-0.896920040651437,-1.014158357750514
-0.40609365877863357,-0.6479831918595904,0.3901602998406958
-0.40609365877863357,0.04097583331784434,0.18954334875623724
-0.7707722410728605,0.29341883490957615,1.2929365797207593
-2.8086819656582422,-0.6392178098598775,0.6910857264673836
-0.6420621532043097,-0.030900299079801533,0.8917026775518422
-1.199805867301362,-0.4849470866649303,0.49046877538292505
0.10874669269556791,-0.9670430966491403,-0.5126159800393677
-0.06286675779583284,-0.5936378234613704,-0.11138207787045057
-0.6635138345157351,-0.9091915754510351,0.3901602998406958
-0.34173861484435897,-0.6251931986603368,0.6910857264673836
0.7952004946611702,-1.0950176738449489,-1.1144668332927432
-0.40609365877863357,-0.5024778506643561,0.6910857264673836
-1.6288394935298636,-0.3867748082681457,1.4935535308052177
-0.1701251643529582,-0.809266220654308,-1.2147753088349726
-0.49190038402433434,0.09006197251623663,1.19262810417853
0.6450387254811948,0.002408152519107529,-0.11138207787045057
-0.6420621532043097,-0.7216124006571789,0.3901602998406958
-0.34173861484435897,-0.5042309270642987,0.08923487321400798
0.6021353628583448,-0.015122611480318291,0.18954334875623724
1.1598790769553964,-0.200948709874232,-0.7132329311238262
-0.2988352522215082,-0.4954655450645858,0.08923487321400798
0.08729501138414254,-1.052943840246327,-1.6160092110038897
0.7308454507268948,-0.030900299079801533,0.5907772509251543
0.9668139451525709,-0.16764025827532295,-1.2147753088349726
-1.3499676364813373,2.316469000443316,-0.5126159800393677
1.417299252692498,-0.6111685874607962,-2.2178600642572652
-0.34173861484435897,-0.8022539150545377,-0.11138207787045057
1.0311689890868463,1.208524715679604,0.08923487321400798
0.9024589012182955,1.0612662980844272,1.19262810417853
0.2589084618755433,-1.077486909845523,-1.5157007354616603
-3.023198778772493,-0.050184139479169936,1.19262810417853
-0.5562554279586097,-0.5427986078630355,0.08923487321400798
0.7093937694154702,1.2032654864797763,0.18954334875623724
-0.9638373728756858,-0.19919563347428942,1.5938620063474471
0.7308454507268948,0.004161228919050111,0.18954334875623724
-1.199805867301362,0.4056157245059014,1.4935535308052177
1.1384273956439717,-0.5866255178616001,-1.3150837843772019
-0.6849655158271597,-0.4691693990654471,1.0923196286363006
-0.2559318895986582,-0.34119482186963856,0.8917026775518422
0.1731017366298433,2.277901319644579,1.2929365797207593
1.0311689890868463,-0.029147222679858947,-0.6129244555815969
-0.47044870271290895,-0.7356370118567195,-0.21169055341267984
-0.40609365877863357,-0.8180316026540209,0.3901602998406958
-0.42754534009005896,-0.9337346450502313,-0.4123075044971384
0.3018118244983933,1.5959546000669147,0.8917026775518422
0.32326350580981866,-0.9109446518509777,-1.3150837843772019
-2.7872302843468173,0.19875270931267672,-0.3119990289549091
-0.1701251643529582,-0.8022539150545377,-0.5126159800393677
0.8810072199068709,0.8508971300913173,0.9920111530940714
-0.14867348304153283,-0.6988224074579253,-0.11138207787045057
-1.0710957794328113,0.6668241080973462,0.8917026775518422
-0.2130285269758082,-0.9249692630505184,-0.5126159800393677
-0.2773835709100836,-0.9582777146494275,-0.11138207787045057
0.47342527498979403,-0.16588718187538035,-0.4123075044971384
0.9882656264639963,-0.2079610154740023,-0.7132329311238262
1.5674610218724725,-0.7023285602578104,-1.9169346376305774
0.5377803189240694,-0.4060586486675141,-1.2147753088349726
0.6235870441697694,0.1812219453132509,0.2898518242984665
1.0955240330211218,-0.754920852256088,-1.415392259919431
0.10874669269556791,0.44418340530463823,0.18954334875623724
-0.38464197746720896,-0.8776362002520687,0.2898518242984665
1.3958475713810725,0.47047955130377694,0.5907772509251543
0.516328637612644,-1.0459315346465565,-1.6160092110038897
0.7093937694154702,-1.031906923447016,-1.716317686546119
-0.34173861484435897,-0.33944174546969597,0.2898518242984665
0.9668139451525709,2.5040481752371724,0.3901602998406958
-0.1701251643529582,-0.9249692630505184,0.6910857264673836
1.1384273956439717,0.15843195211399733,-0.21169055341267984
-0.34173861484435897,-0.9074384990510925,-1.1144668332927432
-1.5859361309070128,-0.5375393786632078,0.5907772509251543
0.7093937694154702,1.0384763048851735,0.18954334875623724
0.7522971320383202,0.9227732624889631,1.4935535308052177
-0.38464197746720896,-0.7496616230562602,-0.9138498822082848
-0.3631902961557836,-0.5147493854639542,0.08923487321400798
0.7737488133497455,-0.02038184068014604,0.49046877538292505
-0.40609365877863357,-0.4130709542672844,1.2929365797207593
-2.958843734838218,-0.07998643827819384,1.4935535308052177
0.4519735936783694,0.014679687318705604,0.49046877538292505
1.1384273956439717,0.4739857041036621,0.6910857264673836
1.3529442087582224,-0.3043802174708443,-1.014158357750514
-0.9209340102528358,2.6127389120336124,1.5938620063474471
0.6235870441697694,0.4739857041036621,1.4935535308052177
1.052620670398271,-0.10803566067727514,-1.014158357750514
1.3958475713810725,-0.8197846790539635,-2.017243113172807
0.6235870441697694,3.1632049016155834,0.8917026775518422
0.6450387254811948,-0.09751720227761965,-1.3150837843772019
-0.3202869335329336,-0.9880800134484513,-1.014158357750514
0.36616686843266866,0.4459364817045808,0.2898518242984665
-0.5777071092700343,-0.8390685194533318,0.18954334875623724
1.5460093405610487,-0.5620824482624039,-1.2147753088349726
-0.42754534009005896,2.3673082160416508,-0.9138498822082848
0.34471518712124405,-0.14309718867612678,0.18954334875623724
-1.199805867301362,-0.49020631586475805,0.8917026775518422
0.1945534179412679,-1.1160545906442598,-1.3150837843772019
0.001488286138442538,-0.8075131442543654,-0.7132329311238262
-1.1139991420556612,-0.4376140238664806,0.5907772509251543
-0.14867348304153283,-0.8197846790539635,-0.7132329311238262
-2.5727134712325666,0.23556731371147094,-0.3119990289549091
1.0955240330211218,1.0542539924846568,0.2898518242984665
0.8381038572840201,0.524824919701997,-0.3119990289549091
0.1301983740069933,2.6793558152314305,0.6910857264673836
0.06584333007271792,-0.9126977282509203,-0.4123075044971384
0.5806836815469194,-0.4043055722675715,-1.3150837843772019
-0.6849655158271597,-0.7899823802549396,0.6910857264673836
1.2671374835125218,-0.1606279526755526,0.18954334875623724
0.23745678056411867,0.5967010520996429,-0.7132329311238262
0.43052191236694404,0.449442634504466,-0.5126159800393677
0.23745678056411867,-0.9442531034498868,-1.2147753088349726
-0.2773835709100836,-1.002104624647992,-0.3119990289549091
0.2589084618755433,-1.0476846110464992,-2.2178600642572652
0.044391648761292535,0.32497421010854266,0.7913942020096129
-0.5348037466471843,-0.9617838674493127,-0.9138498822082848
0.6450387254811948,0.25309807771089676,0.49046877538292505
-0.9638373728756858,-0.3762563498684902,0.7913942020096129
0.5377803189240694,0.40386264810595884,0.3901602998406958
-0.9423856915642604,-0.574353983062002,0.7913942020096129
-0.3631902961557836,-0.24652869627273913,1.2929365797207593
-0.8994823289414104,-0.8180316026540209,-0.6129244555815969
-1.736097900086989,1.3855854320738048,1.4935535308052177
0.1731017366298433,-0.9950923190482217,-1.716317686546119
-0.34173861484435897,-0.6041562818610259,0.2898518242984665
-0.6206104718928843,-0.842574672253217,0.18954334875623724
0.4519735936783694,0.0637658265170979,0.5907772509251543
-0.40609365877863357,-0.31139252307061466,0.7913942020096129
-0.6206104718928843,2.5583935436353924,1.19262810417853
0.06584333007271792,-0.7812169982552266,-0.7132329311238262
-0.7064171971385851,-0.5357863022632652,0.3901602998406958
-0.3631902961557836,-0.8267969846537339,0.2898518242984665
0.001488286138442538,1.2663762368777092,1.6941704818896763
1.6747194284295979,-0.691810101858155,-2.3181685397994944
0.6235870441697694,1.476745404870819,1.2929365797207593
-2.958843734838218,-0.5988970526611981,-0.7132329311238262
0.38761854974409404,1.003414776886322,0.8917026775518422
-0.2344802082872336,-0.016875687880260875,0.8917026775518422
-0.513352065335759,-0.9302284922503461,0.49046877538292505
-0.34173861484435897,-0.8530931306528725,0.3901602998406958
-1.8004529440212635,-0.360478662269007,-0.3119990289549091
0.5806836815469194,-1.0564499930462121,-2.117551588715036
-0.6635138345157351,0.053247368117442406,0.6910857264673836
-1.736097900086989,-0.31489867587049986,1.4935535308052177
-0.40609365877863357,-0.036159528279629274,0.3901602998406958
-0.8565789663185605,0.07779043771663856,1.2929365797207593
-0.40609365877863357,-0.6532424210594182,0.5907772509251543
-1.049644098121386,1.2435862436784557,1.3932450552629885
0.8381038572840201,0.03922275691790175,0.5907772509251543
0.7522971320383202,-1.0494376874464417,-1.9169346376305774
0.6879420881040448,-0.511243232664069,-1.3150837843772019
0.4519735936783694,0.11109888931554762,0.08923487321400798
-0.04141507648440746,-0.6585016502592459,-0.21169055341267984
1.3743958900696471,-0.3008740646709592,-0.9138498822082848
-0.14867348304153283,-0.3569725094691218,0.3901602998406958
-0.2988352522215082,0.40386264810595884,0.6910857264673836
-1.5001294056613128,-0.45163863506602125,-0.6129244555815969
1.0740723517096964,-0.09751720227761965,-0.3119990289549091
-0.5991587905814597,-0.6549954974593608,0.49046877538292505
-1.4572260430384627,-0.43060171826671023,-0.11138207787045057
-0.3202869335329336,-0.595390899861313,0.6910857264673836
0.36616686843266866,-0.14660334147601195,-0.5126159800393677
0.10874669269556791,-0.01336953508037571,0.5907772509251543
-1.8004529440212635,0.3565295853075091,-0.11138207787045057
-0.06286675779583284,-0.9950923190482217,-1.3150837843772019
0.7952004946611702,-1.0354130762469012,-1.9169346376305774
0.7093937694154702,0.6598118024975758,0.18954334875623724
0.9024589012182955,1.2646231604777667,0.18954334875623724
1.3100408461353725,-0.4691693990654471,-1.2147753088349726
0.06584333007271792,1.1980062572799486,1.3932450552629885
-1.328515955169912,0.3810726549067053,-0.8135414066660555
0.9453622638411455,0.4266526413052124,0.6910857264673836
1.5674610218724725,-0.7969946858547099,-2.4184770153417237
-1.1569025046785113,0.27588807091015033,0.49046877538292505
1.3100408461353725,-0.5796132122618297,-2.2178600642572652
0.6664904067926202,1.7870399276606561,1.0923196286363006
1.331492527446797,-0.5796132122618297,-2.017243113172807
1.245685802201097,-0.12556642467670096,-0.6129244555815969
1.331492527446797,-0.7426493174564899,-1.3150837843772019
0.36616686843266866,0.15492579931411218,0.3901602998406958
0.6450387254811948,0.5388495309015376,0.5907772509251543
0.28036014318696867,1.455708488071508,0.8917026775518422
0.9453622638411455,1.9080021992566945,1.2929365797207593
1.1813307582668218,2.710911190430397,1.0923196286363006
1.2027824395782472,0.4547018637042937,0.49046877538292505
-1.4572260430384627,1.4662269464711635,-0.9138498822082848
1.4816542966267725,-0.7373900882566621,-1.6160092110038897
0.02293996744986792,2.7599973296287894,0.6910857264673836
0.7522971320383202,-0.5463047606629207,-0.9138498822082848
0.9024589012182955,-0.07122105627848092,0.6910857264673836
0.7522971320383202,0.33373959210825554,0.9920111530940714
0.47342527498979403,1.2646231604777667,1.0923196286363006
-0.3202869335329336,0.6282564272986093,1.3932450552629885
1.2027824395782472,-0.7496616230562602,-2.017243113172807
-0.5348037466471843,1.1822285696804653,0.18954334875623724
1.3529442087582224,-0.2517879254725669,-0.5126159800393677
0.8810072199068709,0.8316132896919488,0.8917026775518422
1.0955240330211218,-0.8250439082537913,-2.3181685397994944
-1.7575495813984134,2.6811088916313732,0.18954334875623724
0.9239105825297209,2.5741712312348755,0.5907772509251543
-1.1139991420556612,1.7782745456609432,-0.6129244555815969
-0.2988352522215082,1.4802515576707043,1.5938620063474471
0.1731017366298433,1.0595132216844845,1.3932450552629885
1.331492527446797,0.030457374918188843,-0.5126159800393677
0.9239105825297209,0.1829750217131935,0.2898518242984665
1.0740723517096964,0.2618634597106097,-0.21169055341267984
0.2160050992526933,0.15667887571405475,0.18954334875623724
0.9024589012182955,0.17771579251336575,-0.7132329311238262
1.245685802201097,-0.6006501290611407,-1.8166261620883482
1.0740723517096964,2.1394082840491153,1.19262810417853
0.43052191236694404,0.3302334393083704,0.2898518242984665
0.9024589012182955,0.4547018637042937,0.3901602998406958
2.0179463294123994,-0.7461554702563751,-2.3181685397994944
1.5460093405610487,-0.8267969846537339,-2.017243113172807
0.43052191236694404,1.3189685288759867,0.6910857264673836
1.2885891648239471,0.1338888825148012,-0.011073602328221294
1.996494648100974,-0.6847977962583847,-2.017243113172807
0.3018118244983933,0.5388495309015376,-0.7132329311238262
1.3743958900696471,-0.6830447198584421,-1.1144668332927432
0.2589084618755433,2.1096059852500915,1.5938620063474471
0.02293996744986792,1.5433623080686372,0.7913942020096129
0.6664904067926202,0.02169199291847593,1.2929365797207593
0.5592320002354948,-0.4744286282652748,-1.014158357750514
0.7737488133497455,2.090322144850723,0.9920111530940714
0.47342527498979403,0.012926610918763022,0.6910857264673836
0.5377803189240694,0.5300841489018248,-0.7132329311238262
-1.285612592547062,0.22154270251193028,1.2929365797207593
0.36616686843266866,0.05500044451738499,-0.11138207787045057
0.6021353628583448,0.21628347331210254,0.49046877538292505
0.4519735936783694,0.2110242441122748,0.2898518242984665
0.5806836815469194,-0.5129963090640116,-1.1144668332927432
0.4519735936783694,-0.06596182707865317,0.08923487321400798
0.5806836815469194,1.76249685806146,0.7913942020096129
0.8810072199068709,-0.4025524958676289,-0.5126159800393677
1.2885891648239471,-0.05894952147888285,-0.3119990289549091
0.7737488133497455,2.072791380851297,0.08923487321400798
0.7952004946611702,-0.08173951467813641,-0.3119990289549091
0.2589084618755433,1.9500760328553164,1.2929365797207593
-0.2559318895986582,1.1909939516801782,-0.7132329311238262
0.8595555385954455,0.12862965331497345,-0.11138207787045057
1.1813307582668218,1.720423024462838,0.8917026775518422
-0.2988352522215082,2.5373566268360817,-0.9138498822082848
0.6235870441697694,0.2986780641094039,0.49046877538292505
0.6021353628583448,0.33198651570831295,0.2898518242984665
0.9239105825297209,0.05500044451738499,-0.011073602328221294
0.32326350580981866,0.16719733411371024,0.08923487321400798
0.8166521759725955,0.3565295853075091,0.3901602998406958
0.38761854974409404,0.35127035610768137,0.18954334875623724
0.9668139451525709,2.165704430048254,0.3901602998406958
0.8381038572840201,-0.09751720227761965,0.49046877538292505
0.5377803189240694,1.5749176832676037,1.3932450552629885
0.5377803189240694,-0.27282484227187787,-1.2147753088349726
0.8381038572840201,-0.2640594602721649,-0.21169055341267984
0.8595555385954455,2.0254583180528476,1.19262810417853
0.6235870441697694,-0.511243232664069,-0.8135414066660555
1.3529442087582224,-0.372750197068605,-0.11138207787045057
-0.3631902961557836,1.8817060532575558,1.0923196286363006
1.1169757143325463,-0.10452950787738997,-1.415392259919431
0.36616686843266866,0.1338888825148012,0.3901602998406958
0.7952004946611702,0.4108749537057292,-0.011073602328221294
0.9668139451525709,0.06551890291704049,-0.011073602328221294
-1.7790012627098388,3.024711866020119,0.49046877538292505
0.9882656264639963,0.17946886891330832,-0.011073602328221294
1.052620670398271,-0.04843106307922735,1.2929365797207593
0.9239105825297209,-0.49020631586475805,-0.6129244555815969
1.5889127031838979,-0.5270209202635523,-1.9169346376305774
0.8166521759725955,0.17420963971348058,0.3901602998406958
0.8381038572840201,-0.14485026507606938,0.2898518242984665
0.5592320002354948,1.8080768444599673,1.19262810417853
0.43052191236694404,1.76249685806146,1.5938620063474471
-1.7790012627098388,3.457721736805937,0.2898518242984665
0.2589084618755433,1.632769204465709,1.2929365797207593
0.5806836815469194,-0.4744286282652748,-0.3119990289549091
-1.8862596692669642,1.729188406462551,-0.6129244555815969
-0.04141507648440746,3.285920249611564,-0.6129244555815969
0.6021353628583448,0.3565295853075091,1.0923196286363006
0.8810072199068709,0.8491440536913747,0.3901602998406958
1.3529442087582224,-0.4639101698656193,-0.4123075044971384
0.5377803189240694,-0.435860947466538,-0.8135414066660555
-1.5430327682841627,0.9823778600870109,-0.11138207787045057
0.02293996744986792,1.5591399956681204,1.0923196286363006
0.10874669269556791,1.3978569668734029,0.7913942020096129
0.9024589012182955,0.012926610918763022,-0.5126159800393677
0.9882656264639963,-0.7934885330548247,-1.716317686546119
1.1384273956439717,-0.10452950787738997,0.18954334875623724
0.001488286138442538,1.0665255272842549,-0.7132329311238262
-0.8780306476299858,0.7912925324932695,-0.011073602328221294
0.9239105825297209,2.2305682568461296,0.49046877538292505
1.0955240330211218,-0.6339585806600497,-2.117551588715036
1.0740723517096964,2.333999764442742,1.2929365797207593
0.6021353628583448,2.018446012453077,1.2929365797207593
0.38761854974409404,0.4915164681030879,1.3932450552629885
0.28036014318696867,-0.07472720907836608,0.18954334875623724
0.10874669269556791,2.5408627796359666,1.4935535308052177
0.32326350580981866,0.4634672457040066,-0.5126159800393677
1.1813307582668218,2.521578939236598,0.7913942020096129
0.8810072199068709,0.002408152519107529,-0.011073602328221294
0.9239105825297209,0.31971498090871486,0.08923487321400798
0.9024589012182955,0.06201275011715532,0.18954334875623724
0.6021353628583448,0.6668241080973462,0.5907772509251543
0.5377803189240694,0.005914305318992693,-0.11138207787045057
0.9882656264639963,0.7509717752945901,1.0923196286363006
0.5377803189240694,0.26712268891043744,0.18954334875623724
0.9024589012182955,2.93004574042322,0.5907772509251543
0.7308454507268948,0.9367978736885038,0.5907772509251543
0.9453622638411455,0.05500044451738499,0.08923487321400798
1.0955240330211218,0.6037133576994131,0.7913942020096129
0.8810072199068709,-0.511243232664069,-1.1144668332927432
0.9024589012182955,0.35302343250762397,0.5907772509251543
0.34471518712124405,-0.10803566067727514,-0.5126159800393677
1.0740723517096964,-0.435860947466538,-0.11138207787045057
0.28036014318696867,2.3445182228423973,1.3932450552629885
-1.9720663945126642,1.0209455408857477,0.49046877538292505
1.2242341208896717,0.36003573810739425,-0.5126159800393677
1.009717307775421,-0.8601054362526429,-2.117551588715036
0.34471518712124405,-0.09751720227761965,-0.011073602328221294
-1.2641609112356367,1.7221761008627805,-0.9138498822082848
0.1945534179412679,0.621244121698839,1.3932450552629885
-0.40609365877863357,-0.7181062478572937,-0.7132329311238262
0.8810072199068709,-0.07472720907836608,0.2898518242984665
1.1169757143325463,-0.5392924550631504,-1.5157007354616603
0.7737488133497455,-0.2588002310723372,-0.11138207787045057
-2.6156168338554164,-0.023887993480031202,-0.11138207787045057
0.8381038572840201,-0.2675656130720501,-1.014158357750514
1.6961711097410233,-0.8127723734541932,-2.3181685397994944
-0.6420621532043097,0.058506597317270155,0.6910857264673836
0.7093937694154702,1.8869652824573835,0.6910857264673836
0.6021353628583448,0.16018502851393993,0.6910857264673836
-0.49190038402433434,-0.6532424210594182,0.6910857264673836
0.02293996744986792,-0.9249692630505184,-1.1144668332927432
0.7522971320383202,0.07077813211686823,-0.11138207787045057
-0.42754534009005896,-0.9302284922503461,-0.5126159800393677
0.9453622638411455,-0.02213491708008862,-0.11138207787045057
1.0311689890868463,-0.872376971052241,-1.415392259919431
1.8677845602324248,-0.7356370118567195,-2.117551588715036
-2.143679845004065,-0.7601800814559156,-0.11138207787045057
-1.0281924168099612,0.15843195211399733,0.8917026775518422
1.1169757143325463,-0.40781172506745667,-1.3150837843772019
1.1384273956439717,0.3162088281088297,0.7913942020096129
-0.8780306476299858,-0.40781172506745667,1.6941704818896763
-0.42754534009005896,-0.725118553457064,-0.5126159800393677
-0.2988352522215082,1.4364246476721396,1.5938620063474471
-0.513352065335759,-0.5480578370628633,0.6910857264673836
-0.14867348304153283,-0.893413887851552,0.2898518242984665
-0.3202869335329336,-1.0143761594475902,-0.4123075044971384
0.1731017366298433,0.5195656905021693,1.4935535308052177
-1.4572260430384627,-0.2482817726726817,-0.5126159800393677
-0.12722180173010822,-0.9775615550487958,-0.11138207787045057
-0.01996339517298284,-0.6111685874607962,0.18954334875623724
-1.6073878122184382,0.02870429851824626,-0.3119990289549091
0.044391648761292535,1.3592892860746661,1.4935535308052177
1.245685802201097,-0.41833018346711215,-0.5126159800393677
0.044391648761292535,-1.0582030694461546,-2.117551588715036
-1.2212575486127866,-0.18517102227474874,0.3901602998406958
-0.5348037466471843,-0.8618585126525854,-0.21169055341267984
0.47342527498979403,-0.9512654090496572,-2.4184770153417237
-2.100776482381215,-0.0010980002807776353,-0.8135414066660555
-0.5777071092700343,-0.6374647334599349,-0.011073602328221294
0.5806836815469194,0.5563802949009635,0.3901602998406958
0.4948769563012194,-0.9968453954481643,-1.716317686546119
-0.513352065335759,-0.8215377554539061,-1.3150837843772019
0.9453622638411455,0.1409011881145715,0.49046877538292505
0.06584333007271792,-0.9495123326497146,-1.5157007354616603
0.9024589012182955,0.3968503425061885,0.08923487321400798
-0.14867348304153283,-0.7163531714573511,-1.1144668332927432
0.32326350580981866,0.38983803690641816,0.2898518242984665
-0.42754534009005896,-0.7601800814559156,-1.014158357750514
-0.49190038402433434,-0.7181062478572937,0.49046877538292505
1.1598790769553964,0.33549266850819814,1.0923196286363006
0.9024589012182955,-1.0880053682451785,-1.5157007354616603
-1.3499676364813373,0.2583573069107245,-0.011073602328221294
0.516328637612644,-1.0546969166462694,-2.117551588715036
0.5592320002354948,-1.052943840246327,-1.6160092110038897
0.8595555385954455,0.2583573069107245,-0.11138207787045057
1.739074472363874,-0.6988224074579253,-1.8166261620883482
1.0955240330211218,2.2095313400468184,1.0923196286363006
0.4948769563012194,1.1191178192825324,1.3932450552629885
-0.8565789663185605,-0.49195939226470065,0.5907772509251543
0.06584333007271792,-1.0809930626454083,-1.716317686546119
-1.8862596692669642,-0.34996020386935145,0.9920111530940714
0.23745678056411867,2.8423919204260906,0.6910857264673836
-0.49190038402433434,-0.22549177947342813,0.7913942020096129
0.08729501138414254,-0.9828207842486236,-0.7132329311238262
-0.34173861484435897,-0.5813662886617723,1.0923196286363006
0.6235870441697694,0.13914811171462893,-0.011073602328221294
-0.9209340102528358,-0.8758831238521261,-0.3119990289549091
0.9668139451525709,-0.758427005055973,-2.2178600642572652
-0.7064171971385851,-0.6076624346609111,0.6910857264673836
-0.5348037466471843,-0.5287739966634949,0.7913942020096129
-0.9209340102528358,-0.4411201766663657,-0.4123075044971384
-0.9209340102528358,-0.5638355246623465,1.0923196286363006
-0.2988352522215082,-0.8495869778529874,-1.2147753088349726
-1.907711350578389,1.313709299676159,0.08923487321400798
-1.650291174841288,-0.7093408658575808,-0.9138498822082848
-0.47044870271290895,0.2706288417103226,1.19262810417853
1.3743958900696471,-0.33944174546969597,-0.4123075044971384
-0.8565789663185605,2.3900982092409047,0.3901602998406958
1.5460093405610487,-0.691810101858155,-2.117551588715036
-0.3631902961557836,-0.7023285602578104,0.6910857264673836
-0.47044870271290895,-0.7934885330548247,0.8917026775518422
-0.9638373728756858,0.5178126141022267,1.5938620063474471
-0.6635138345157351,-0.616427816660624,-0.011073602328221294
-0.6206104718928843,-0.9144508046508629,0.6910857264673836
1.009717307775421,-0.42008325986705475,-0.8135414066660555
0.044391648761292535,-0.8671177418524132,-0.4123075044971384
0.9024589012182955,1.6801022672641586,0.7913942020096129
-1.0281924168099612,2.1639513536483115,0.08923487321400798
0.7308454507268948,0.27413499451020773,0.08923487321400798
-0.38464197746720896,-0.9162038810508055,-0.9138498822082848
0.9453622638411455,-0.2921086826712463,-1.1144668332927432
-0.2344802082872336,0.05500044451738499,0.2898518242984665
-1.1354508233670866,2.752985024029019,1.3932450552629885
0.3018118244983933,0.3845788077065904,-0.21169055341267984
0.3018118244983933,1.951829109255259,0.6910857264673836
1.0311689890868463,2.1253836728495745,1.0923196286363006
0.044391648761292535,-0.5778601358618871,-0.21169055341267984
0.40907023105551865,-1.005610777447877,-1.2147753088349726
-0.6635138345157351,-0.8075131442543654,0.2898518242984665
0.10874669269556791,2.3900982092409047,1.4935535308052177
-2.958843734838218,-0.16588718187538035,-0.011073602328221294
1.1813307582668218,0.17946886891330832,0.9920111530940714
-1.8648079879555388,1.5118069328696706,0.3901602998406958
0.2589084618755433,1.1296362776821878,0.6910857264673836
-0.1701251643529582,-0.9004261934513222,0.2898518242984665
0.9453622638411455,0.10583966011571987,-0.11138207787045057
0.8810072199068709,0.16369118131382507,0.2898518242984665
-0.08431843910725746,-0.9214631102506332,-0.7132329311238262
-0.513352065335759,-0.9091915754510351,-0.4123075044971384
1.6961711097410233,-0.5498109134628059,-1.6160092110038897
0.36616686843266866,1.4259061892724842,1.3932450552629885
-0.47044870271290895,-1.0038577010479346,-0.11138207787045057
-0.06286675779583284,2.2218028748464165,0.7913942020096129
0.6235870441697694,0.2390734665113561,0.8917026775518422
1.4387509340039233,-0.6567485738593033,-2.4184770153417237
-0.5562554279586097,-0.6883039490582699,0.3901602998406958
1.5889127031838979,-0.8390685194533318,-2.2178600642572652
1.4602026153153471,-0.7286247062569492,-1.716317686546119
-2.5727134712325666,-0.36398481506889213,1.5938620063474471
-1.821904625332689,0.7211694764955662,-0.5126159800393677
1.0955240330211218,0.9841309364869535,0.8917026775518422
1.1169757143325463,0.1829750217131935,-0.4123075044971384
0.5377803189240694,0.27764114731009293,0.2898518242984665
-0.19157684566438285,-0.9249692630505184,-0.21169055341267984
0.2589084618755433,0.1829750217131935,0.08923487321400798
0.02293996744986792,2.249852097245498,0.5907772509251543
1.331492527446797,-0.5550701426626335,-0.5126159800393677
-0.19157684566438285,-0.8320562138535615,-1.2147753088349726
-2.5727134712325666,-0.7023285602578104,-0.011073602328221294
-0.2773835709100836,-0.7023285602578104,0.49046877538292505
-0.04141507648440746,2.7880465520278706,0.7913942020096129
0.516328637612644,0.3389988213080833,0.08923487321400798
0.5592320002354948,1.9325452688558906,0.3901602998406958
1.2027824395782472,0.2390734665113561,-0.5126159800393677
-0.14867348304153283,-0.6742793378587292,0.6910857264673836
1.3958475713810725,-0.08699874387796416,0.2898518242984665
-0.2559318895986582,-0.9109446518509777,-1.415392259919431
0.9453622638411455,0.016432763718648186,-0.11138207787045057
0.43052191236694404,0.20576501491244706,0.5907772509251543
-0.3631902961557836,2.7757750172282725,-0.9138498822082848
-0.2773835709100836,-0.7163531714573511,-0.4123075044971384
0.6235870441697694,0.042728909717786916,0.6910857264673836
0.08729501138414254,-1.002104624647992,0.18954334875623724
1.2671374835125218,-0.7636862342558008,-1.716317686546119
0.7737488133497455,0.3144557517088871,0.3901602998406958
-0.38464197746720896,-0.7899823802549396,0.5907772509251543
0.5592320002354948,-0.17465256387509326,-0.11138207787045057
0.6879420881040448,2.3129628476434307,0.7913942020096129
-0.44899702140148434,-0.8986731170513796,-0.4123075044971384
-0.38464197746720896,-0.42008325986705475,0.7913942020096129
-2.336744976806891,-0.4270955654668251,-0.8135414066660555
-0.10577012041868285,-0.9775615550487958,-1.1144668332927432
0.6450387254811948,-1.119560743444145,-1.716317686546119
0.08729501138414254,-1.0599561458460973,-2.117551588715036
-0.7278688784500097,0.6387748856982648,0.9920111530940714
-0.6206104718928843,-0.7759577690553989,-0.11138207787045057
-0.5562554279586097,-0.8706238946522984,0.18954334875623724
-2.16513152631549,-0.725118553457064,0.3901602998406958
-1.9506147132012397,-0.27107176587193527,0.5907772509251543
0.7522971320383202,-0.9126977282509203,-1.5157007354616603
-0.38464197746720896,-0.7899823802549396,0.18954334875623724
-0.38464197746720896,-0.884648505851839,-1.415392259919431
-0.7493205597614351,-0.8583523598527003,-0.4123075044971384
-0.6206104718928843,-0.6514893446594756,0.6910857264673836
0.10874669269556791,-1.0546969166462694,-1.1144668332927432
-0.6420621532043097,-0.6935631782580975,0.2898518242984665
-0.7064171971385851,-0.5673416774622316,1.4935535308052177
-0.5562554279586097,-0.5883785942615426,0.49046877538292505
-0.2344802082872336,-0.8793892766520113,-1.415392259919431
-1.0067407354985358,-0.5708478302621168,0.7913942020096129
-2.7872302843468173,-0.32191098147027014,-0.6129244555815969
-1.4786777243498874,-0.5270209202635523,1.4935535308052177
-0.5348037466471843,-0.7391431646566047,0.18954334875623724
-0.49190038402433434,-0.6146747402606814,0.5907772509251543
-2.25093825156119,0.04974121531755724,-0.7132329311238262
-0.6849655158271597,-0.5515639898627485,-0.11138207787045057
-0.49190038402433434,0.0444819861177295,0.7913942020096129
-0.08431843910725746,-0.8653646654524706,-1.014158357750514
-0.6420621532043097,-0.6041562818610259,0.08923487321400798
0.9024589012182955,-0.9950923190482217,-1.415392259919431
-0.2988352522215082,-0.7356370118567195,1.2929365797207593
-0.7064171971385851,-0.8565992834527577,0.3901602998406958
-0.8136756036957105,-0.5305270730634374,0.6910857264673836
-0.2559318895986582,-0.04141875747945702,1.0923196286363006
0.001488286138442538,-1.0354130762469012,-0.7132329311238262
-2.5941651525439915,0.3407518977080259,1.2929365797207593
-1.0281924168099612,0.41964033570544207,0.5907772509251543
-2.637068515166842,0.27413499451020773,0.8917026775518422
-0.6420621532043097,-0.09401104947773449,1.5938620063474471
-0.2773835709100836,-0.842574672253217,-1.1144668332927432
-0.34173861484435897,-0.5638355246623465,-0.011073602328221294
-0.2130285269758082,-0.3376886690697534,1.0923196286363006
-0.40609365877863357,-0.6339585806600497,0.5907772509251543
-0.6420621532043097,-0.7373900882566621,1.6941704818896763
-0.34173861484435897,-0.8530931306528725,-0.6129244555815969
-0.44899702140148434,-0.7829700746551692,-0.21169055341267984
-0.3202869335329336,-0.8601054362526429,0.2898518242984665
-0.40609365877863357,-0.8548462070528151,-1.1144668332927432
0.2160050992526933,-0.9652900202491977,-1.8166261620883482
-0.1701251643529582,-0.7899823802549396,1.19262810417853
-0.5777071092700343,-0.4849470866649303,-0.7132329311238262
-0.14867348304153283,0.15492579931411218,0.8917026775518422
-0.1701251643529582,-0.7812169982552266,-0.4123075044971384
-0.47044870271290895,-0.9302284922503461,-0.4123075044971384
-1.0281924168099612,-0.6865508726583273,0.5907772509251543
0.08729501138414254,-1.0178823122474752,-2.4184770153417237
-2.014969757135514,-0.767192387055686,1.2929365797207593
-0.3202869335329336,-0.7321308590568344,-1.415392259919431
-0.6635138345157351,-0.7794639218552841,-0.011073602328221294
-0.40609365877863357,-0.4428732530663083,1.19262810417853
-2.958843734838218,0.17946886891330832,-0.21169055341267984
0.06584333007271792,-1.0564499930462121,-1.2147753088349726
-0.6849655158271597,-0.8408215958532744,0.5907772509251543
-0.7922239223842851,0.011173534518820439,1.2929365797207593
-0.3202869335329336,-0.7128470186574659,-0.11138207787045057
-1.0067407354985358,0.2320611609115858,0.9920111530940714
-0.5348037466471843,-0.8162785262540783,0.18954334875623724
-1.7575495813984134,-0.28159022427159075,-0.011073602328221294
-0.42754534009005896,-0.6216870458604516,0.3901602998406958
-0.2130285269758082,-0.9687961730490829,-0.7132329311238262
-0.47044870271290895,-0.19919563347428942,0.8917026775518422
-1.1354508233670866,-0.360478662269007,1.2929365797207593
-0.7922239223842851,0.09006197251623663,0.8917026775518422
0.08729501138414254,-0.8811423530519539,-1.415392259919431
-1.5001294056613128,-0.43235479466665283,1.4935535308052177
-0.9852890541871112,0.09532120171606438,1.2929365797207593
-0.6635138345157351,-0.31489867587049986,1.3932450552629885
-0.3202869335329336,-0.9495123326497146,-1.2147753088349726
0.9024589012182955,-1.0967707502448913,-1.5157007354616603
-1.6717428561527135,-0.17640564027503586,-0.7132329311238262
-0.9209340102528358,-0.8285500610536763,0.49046877538292505
-0.7493205597614351,0.36178881450733685,1.3932450552629885
-0.3631902961557836,-0.9039323462512074,0.3901602998406958
-0.8565789663185605,-0.21847947387365782,1.2929365797207593
-0.2988352522215082,-1.0196353886474179,-0.9138498822082848
-1.1354508233670866,-0.3061332938707869,1.4935535308052177
-0.12722180173010822,-0.8057600678544228,1.19262810417853
-0.9209340102528358,-0.3990463430677438,1.19262810417853
-0.1701251643529582,-0.8601054362526429,-1.415392259919431
0.02293996744986792,-0.9389938742500591,-1.415392259919431
-0.8351272850071351,-0.6357116570599923,-0.21169055341267984
-0.34173861484435897,-0.6900570254582123,1.19262810417853
-0.14867348304153283,-0.8215377554539061,-1.3150837843772019
-0.7493205597614351,-0.6076624346609111,0.2898518242984665
-0.3202869335329336,-0.788229303854997,-1.3150837843772019
0.08729501138414254,-0.9319815686502887,-0.21169055341267984
0.08729501138414254,-0.6655139558590163,-0.011073602328221294
-0.49190038402433434,-1.0336599998469584,-0.6129244555815969
-0.3202869335329336,-0.7163531714573511,0.49046877538292505
-0.7922239223842851,-0.2517879254725669,1.19262810417853
-2.6156168338554164,-0.34996020386935145,1.4935535308052177
-0.2988352522215082,0.012926610918763022,0.2898518242984665
-0.40609365877863357,-0.8706238946522984,-0.11138207787045057
-0.9209340102528358,-0.8899077350516668,-0.7132329311238262
-0.8994823289414104,-0.7075877894576382,0.7913942020096129
-0.7493205597614351,-0.8127723734541932,0.08923487321400798
-0.10577012041868285,-0.863611589052528,-0.11138207787045057
0.6021353628583448,-1.1107953614444321,-1.5157007354616603
-0.6635138345157351,-0.8355623666534467,-0.011073602328221294
-0.38464197746720896,-0.8530931306528725,0.18954334875623724
-2.915940372215368,0.407368800905844,0.7913942020096129
-0.2344802082872336,0.09882735451594954,0.6910857264673836
0.4519735936783694,-0.9758084786488532,-1.6160092110038897
-0.3631902961557836,0.007667381718935275,0.49046877538292505
-0.19157684566438285,0.17946886891330832,0.8917026775518422
-0.5348037466471843,-0.6988224074579253,-0.5126159800393677
-0.9209340102528358,-0.9179569574507481,-0.21169055341267984
-2.8086819656582422,-0.4726755518653322,0.7913942020096129
-0.7064171971385851,-0.5498109134628059,1.19262810417853
-0.8994823289414104,-0.7759577690553989,-0.3119990289549091
0.001488286138442538,-0.9179569574507481,0.08923487321400798
0.6879420881040448,-1.0073638538478198,-2.4184770153417237
-0.8994823289414104,-0.19744255707434683,1.3932450552629885
-1.7790012627098388,-0.004604153080662799,0.2898518242984665
-0.7064171971385851,-0.8443277486531596,0.49046877538292505
-0.8136756036957105,-0.5568232190625761,0.7913942020096129
-0.6849655158271597,0.5388495309015376,1.5938620063474471
-0.5348037466471843,-0.893413887851552,-0.7132329311238262
-2.637068515166842,0.24783884851106902,1.3932450552629885
-0.9638373728756858,-0.7812169982552266,-0.5126159800393677
-0.5777071092700343,-0.40781172506745667,1.6941704818896763
-0.34173861484435897,-0.9512654090496572,-1.415392259919431
0.6021353628583448,-1.0476846110464992,-2.3181685397994944
0.8810072199068709,-1.0091169302477623,-1.716317686546119
-0.8994823289414104,-0.2640594602721649,0.6910857264673836
-0.7064171971385851,-0.5445516842629781,0.08923487321400798
-2.0364214384469395,-0.704081636657753,-0.7132329311238262
-0.7707722410728605,-0.41131787786734186,1.3932450552629885
-0.04141507648440746,-0.9091915754510351,-0.011073602328221294
-0.14867348304153283,-0.7163531714573511,-0.11138207787045057
0.6235870441697694,-0.9828207842486236,-1.1144668332927432
-0.7278688784500097,-0.45163863506602125,1.6941704818896763
-0.6206104718928843,-0.872376971052241,-0.11138207787045057
-0.8780306476299858,-0.8671177418524132,-0.21169055341267984
-0.14867348304153283,-0.8162785262540783,-0.3119990289549091
-0.3631902961557836,-0.2307510086732559,0.3901602998406958
-0.04141507648440746,-0.9249692630505184,-0.11138207787045057
-0.513352065335759,-0.12731950107664355,1.0923196286363006
0.6879420881040448,2.3900982092409047,0.3901602998406958
0.9453622638411455,-0.22724485587337073,-0.11138207787045057
-0.8351272850071351,1.1646978056810395,-0.21169055341267984
0.6235870441697694,-0.4744286282652748,-1.014158357750514
0.32326350580981866,0.9999086240864368,0.8917026775518422
1.0955240330211218,-0.6795385670585569,-1.2147753088349726
1.653267747118174,-0.553317066262691,-2.117551588715036
0.6450387254811948,0.36354189090727945,0.49046877538292505
0.9668139451525709,-0.12907257747658613,1.0923196286363006
0.5806836815469194,0.28290037650992067,0.18954334875623724
1.3100408461353725,-0.2500348490726243,0.3901602998406958
1.245685802201097,0.2706288417103226,-0.4123075044971384
0.7308454507268948,1.1033401316830491,0.5907772509251543
0.9668139451525709,0.23732039011141354,0.3901602998406958
0.1731017366298433,0.4845041625033176,0.5907772509251543
1.5889127031838979,-0.8075131442543654,-1.3150837843772019
0.47342527498979403,2.9914034144212103,1.4935535308052177
1.1384273956439717,-0.7864762274550544,-1.6160092110038897
0.9453622638411455,1.2523516256781686,0.08923487321400798
-0.2773835709100836,0.6738364136971164,1.5938620063474471
1.2671374835125218,-0.5918847470614278,-1.3150837843772019
0.6235870441697694,-0.17815871667497843,0.49046877538292505
1.3529442087582224,-0.7531677758561454,-1.2147753088349726
1.996494648100974,-0.5287739966634949,-2.117551588715036
0.9453622638411455,0.6668241080973462,0.2898518242984665
-1.5859361309070128,2.632022752432981,0.9920111530940714
1.2242341208896717,-0.46040401706573414,-0.6129244555815969
0.7952004946611702,0.17420963971348058,0.2898518242984665
0.516328637612644,2.5408627796359666,1.0923196286363006
-1.199805867301362,1.981631408054283,-0.4123075044971384
0.5592320002354948,0.7141571708957959,0.7913942020096129
1.1169757143325463,0.09532120171606438,0.3901602998406958
0.6235870441697694,0.07077813211686823,0.6910857264673836
0.02293996744986792,0.6089725868992409,0.6910857264673836
-1.2212575486127866,2.376073598041364,0.5907772509251543
0.43052191236694404,-0.05719644507894026,0.18954334875623724
0.7737488133497455,-0.1904302514745765,0.49046877538292505
0.34471518712124405,1.1366485832819582,1.19262810417853
0.8166521759725955,0.4389241761048105,-0.3119990289549091
0.9239105825297209,1.9693598732546849,1.2929365797207593
0.47342527498979403,2.8529103788257464,0.8917026775518422
0.28036014318696867,-0.16588718187538035,-0.5126159800393677
-0.19157684566438285,2.1131121380499764,-0.9138498822082848
1.052620670398271,-0.29736791187107403,-1.014158357750514
1.0955240330211218,-0.7005754838578679,-2.3181685397994944
0.9882656264639963,-0.2658125366721075,-0.5126159800393677
0.38761854974409404,0.1040865837157773,-0.011073602328221294
1.1598790769553964,2.342765146442455,1.0923196286363006
0.28036014318696867,2.9370580460229903,1.2929365797207593
1.1813307582668218,1.4451900296718525,0.9920111530940714
-0.2344802082872336,1.8641752892581298,-0.11138207787045057
0.40907023105551865,-0.2482817726726817,0.08923487321400798
0.23745678056411867,1.0209455408857477,1.3932450552629885
0.9668139451525709,-0.595390899861313,-0.6129244555815969
0.6235870441697694,0.4354180233049253,0.6910857264673836
-1.328515955169912,1.3575362096747234,-0.9138498822082848
0.5377803189240694,2.5671589256351055,0.9920111530940714
2.2110114612152247,-0.6111685874607962,-1.9169346376305774
0.5806836815469194,2.225309027646302,1.5938620063474471
1.1384273956439717,-0.435860947466538,-0.9138498822082848
1.8034295162981486,-0.8285500610536763,-1.6160092110038897
0.4948769563012194,1.6923738020637566,1.0923196286363006
0.7308454507268948,-0.42008325986705475,-1.014158357750514
0.6879420881040448,1.1611916528811543,1.2929365797207593
0.34471518712124405,0.19875270931267672,0.2898518242984665
0.40907023105551865,-0.27282484227187787,0.6910857264673836
0.9239105825297209,0.07077813211686823,-0.11138207787045057
0.5377803189240694,1.1682039584809247,1.2929365797207593
0.9024589012182955,-0.2395163906729688,0.18954334875623724
-1.7146462187755636,2.8423919204260906,1.0923196286363006
1.245685802201097,-0.2482817726726817,-0.11138207787045057
0.6450387254811948,0.6650710316974036,0.6910857264673836
1.0311689890868463,0.5178126141022267,-0.011073602328221294
0.7308454507268948,-0.025641069879973784,0.2898518242984665
0.7522971320383202,-0.318404828670385,-1.014158357750514
0.9024589012182955,0.02870429851824626,0.49046877538292505
0.9024589012182955,-0.07823336187825125,-0.7132329311238262
1.2885891648239471,-0.8390685194533318,-1.2147753088349726
0.6664904067926202,2.370814368841536,1.2929365797207593
0.1516500553184179,0.11986427131526053,-0.3119990289549091
0.6450387254811948,-0.08349259107807899,0.5907772509251543
1.996494648100974,-0.691810101858155,-1.716317686546119
-1.7146462187755636,3.512067105204157,-0.6129244555815969
0.6450387254811948,0.21277732051221737,0.3901602998406958
0.8166521759725955,0.1216173477152031,-0.11138207787045057
-0.3202869335329336,1.7134107188630676,-0.7132329311238262
0.7737488133497455,0.27764114731009293,0.5907772509251543
1.1169757143325463,1.872940671257843,0.08923487321400798
0.8595555385954455,2.8476511496259183,0.18954334875623724
-0.9852890541871112,0.6948733304964274,0.49046877538292505
-1.4143226804156128,0.4757387805036047,0.2898518242984665
0.34471518712124405,0.2723819181102652,-0.5126159800393677
0.1731017366298433,-0.360478662269007,-0.3119990289549091
0.34471518712124405,-0.19919563347428942,-0.5126159800393677
0.6235870441697694,0.29166575850963355,0.08923487321400798
0.1945534179412679,0.05149429171749983,0.49046877538292505
0.7737488133497455,0.37406034930693494,1.0923196286363006
1.1813307582668218,1.262870084077824,0.7913942020096129
0.8595555385954455,0.1338888825148012,0.5907772509251543
0.6664904067926202,0.8368725188917766,0.7913942020096129
1.009717307775421,2.8774534484249426,0.3901602998406958
1.8463328789209994,-0.7531677758561454,-2.3181685397994944
0.7952004946611702,-0.13783795947629904,-0.9138498822082848
1.6318160658067487,-0.8443277486531596,-1.2147753088349726
0.8810072199068709,-0.43235479466665283,-1.3150837843772019
1.1813307582668218,0.2864065293098058,-0.4123075044971384
1.009717307775421,-0.6549954974593608,-1.6160092110038897
1.8677845602324248,-0.8022539150545377,-2.3181685397994944
0.4519735936783694,0.7404533168949345,0.5907772509251543
1.1169757143325463,-0.8565992834527577,-2.117551588715036
1.052620670398271,2.170963659248082,0.3901602998406958
0.7308454507268948,2.5952081480341866,1.0923196286363006
0.40907023105551865,2.1814821176477373,0.9920111530940714
0.6450387254811948,-0.3464540510694663,-0.3119990289549091
1.1169757143325463,0.5791702881002171,1.2929365797207593
1.1169757143325463,-0.5515639898627485,-2.117551588715036
0.8381038572840201,2.1902474996474504,0.2898518242984665
2.14665641728095,-0.616427816660624,-2.3181685397994944
0.8595555385954455,0.24783884851106902,0.18954334875623724
0.044391648761292535,0.33198651570831295,0.7913942020096129
0.9882656264639963,-0.31139252307061466,-1.415392259919431
0.9453622638411455,2.458468188838665,0.08923487321400798
1.7605261536752994,-0.6514893446594756,-2.117551588715036
0.8381038572840201,0.16895041051365284,0.49046877538292505
0.5377803189240694,0.20927116771233223,-0.011073602328221294
0.40907023105551865,0.22329577891187288,0.18954334875623724
-0.14867348304153283,0.0637658265170979,1.5938620063474471
0.7093937694154702,-0.12907257747658613,0.7913942020096129
-1.1139991420556612,1.624003822465996,1.4935535308052177
0.6235870441697694,-0.050184139479169936,0.08923487321400798
0.7093937694154702,2.2323213332460723,1.0923196286363006
0.43052191236694404,0.0006550761191649468,0.6910857264673836
-0.04141507648440746,2.903749594424081,1.3932450552629885
0.1731017366298433,1.8834591296574983,1.19262810417853
0.9882656264639963,1.3400054456752977,0.6910857264673836
2.14665641728095,-0.8110192970542506,-1.2147753088349726
0.32326350580981866,0.042728909717786916,0.3901602998406958
0.7308454507268948,-0.1518625706758397,-0.4123075044971384
0.9453622638411455,-0.10102335507750482,-1.3150837843772019
0.5592320002354948,0.25134500131095416,-0.011073602328221294
1.9535912854781248,-0.7444023938564325,-1.415392259919431
0.6450387254811948,0.43366494690498275,0.5907772509251543
1.1813307582668218,-0.3043802174708443,-0.9138498822082848
0.1945534179412679,2.6215042940333255,1.0923196286363006
1.7819778349867232,-0.4972186214645284,-1.415392259919431
1.1384273956439717,-0.2482817726726817,-0.4123075044971384
0.4948769563012194,2.819601927226837,1.6941704818896763
1.2671374835125218,0.64228103849815,0.49046877538292505
-0.7278688784500097,2.8809596012248275,1.4935535308052177
0.6879420881040448,-0.456897864265849,-0.5126159800393677
-0.49190038402433434,-0.49020631586475805,0.49046877538292505
-0.08431843910725746,-1.1002769030447765,-1.3150837843772019
0.7522971320383202,-1.052943840246327,-1.2147753088349726
0.7522971320383202,-1.119560743444145,-1.6160092110038897
-0.7064171971385851,-0.8005008386545951,-0.5126159800393677
0.6021353628583448,-0.9898330898483939,-1.2147753088349726
-0.47044870271290895,-0.6549954974593608,0.18954334875623724
-0.04141507648440746,-1.0582030694461546,-1.5157007354616603
-0.6849655158271597,-0.7146000950574085,0.18954334875623724
-0.5991587905814597,-0.9091915754510351,0.3901602998406958
-0.08431843910725746,-0.7023285602578104,0.3901602998406958
-0.6420621532043097,-0.6094155110608537,0.3901602998406958
-0.44899702140148434,-0.006357229480605382,1.0923196286363006
-0.40609365877863357,-0.45865094066579154,0.18954334875623724
0.43052191236694404,-1.0003515482480494,-2.4184770153417237
-0.6206104718928843,-0.6357116570599923,0.6910857264673836
-1.8004529440212635,-0.6216870458604516,-0.9138498822082848
-1.9720663945126642,-0.2886025298713611,1.3932450552629885
-0.3631902961557836,-0.842574672253217,-0.8135414066660555
-0.5348037466471843,-0.2640594602721649,1.2929365797207593
-0.7922239223842851,-0.027394146279916366,1.19262810417853
-0.2130285269758082,-0.884648505851839,-0.7132329311238262
-0.2130285269758082,-0.884648505851839,0.6910857264673836
-0.5348037466471843,0.5896887464998726,1.5938620063474471
0.08729501138414254,-0.7093408658575808,-0.9138498822082848
-0.5991587905814597,-0.6620078030591311,0.2898518242984665
-0.34173861484435897,-0.9319815686502887,0.3901602998406958
-0.9209340102528358,-0.4060586486675141,1.3932450552629885
0.6450387254811948,-1.0704746042457527,-1.1144668332927432
-0.42754534009005896,-0.02038184068014604,0.7913942020096129
-0.49190038402433434,-0.7373900882566621,-0.11138207787045057
-0.6206104718928843,0.5704049061005041,1.4935535308052177
-1.4786777243498874,-0.25529407827245204,0.08923487321400798
-0.7064171971385851,-0.8758831238521261,-0.011073602328221294
-0.38464197746720896,-0.8232908318538487,0.2898518242984665
-0.38464197746720896,-0.1395910358762416,1.19262810417853
-2.4869067459868663,-0.3008740646709592,1.2929365797207593
-2.2938416141840405,-0.2886025298713611,-0.6129244555815969
-0.19157684566438285,-0.926722339450461,-0.9138498822082848
0.10874669269556791,-1.0704746042457527,-2.017243113172807
-0.38464197746720896,-0.20445486267411717,0.9920111530940714
-0.2773835709100836,-0.2517879254725669,0.18954334875623724
-1.1354508233670866,-0.6269462750602794,0.8917026775518422
-0.3631902961557836,-0.21672639747371522,0.8917026775518422
-0.6849655158271597,-0.6690201086589014,0.49046877538292505
-0.04141507648440746,-1.0143761594475902,-1.8166261620883482
-0.44899702140148434,-0.02038184068014604,1.0923196286363006
-0.14867348304153283,-0.6970693310579827,-0.5126159800393677
-0.40609365877863357,-0.6111685874607962,0.3901602998406958
-1.0710957794328113,0.29341883490957615,1.3932450552629885
-0.06286675779583284,-0.8793892766520113,-0.6129244555815969
-0.49190038402433434,-0.9389938742500591,-0.4123075044971384
0.001488286138442538,-0.5761070594619445,-0.3119990289549091
-0.7707722410728605,-0.8460808250531022,-0.5126159800393677
0.8595555385954455,-1.0704746042457527,-1.415392259919431
0.7093937694154702,-0.9354877214501739,-1.8166261620883482
-0.42754534009005896,-0.44813248226613606,0.08923487321400798
-1.1783541859899367,-0.44813248226613606,1.0923196286363006
0.02293996744986792,-0.896920040651437,-0.5126159800393677
-0.8565789663185605,0.3582826617074517,1.4935535308052177
-0.44899702140148434,-0.5883785942615426,0.7913942020096129
-2.894488690903943,-0.6812916434584995,0.08923487321400798
-0.5777071092700343,-0.32191098147027014,0.6910857264673836
-1.736097900086989,0.5265779961019396,-0.11138207787045057
0.9668139451525709,-1.0617092222460398,-1.8166261620883482
-0.47044870271290895,-0.5726009066620594,0.2898518242984665
-0.6420621532043097,-0.8548462070528151,-0.11138207787045057
-0.06286675779583284,-0.725118553457064,0.3901602998406958
-0.9209340102528358,0.34601112690785363,0.5907772509251543
0.044391648761292535,-0.9740554022489107,-0.6129244555815969
0.001488286138442538,-1.0371661526468436,-1.415392259919431
-0.6420621532043097,-0.7706985398555711,-0.11138207787045057
-0.1701251643529582,-1.0038577010479346,-0.11138207787045057
-1.0067407354985358,0.3775665021068201,1.6941704818896763
-0.6206104718928843,-0.2588002310723372,1.2929365797207593
-2.422551702052591,-0.09576412587767706,-0.6129244555815969
-1.1783541859899367,-0.3674909678687773,1.3932450552629885
0.47342527498979403,-1.002104624647992,-2.2178600642572652
-1.4572260430384627,-0.8460808250531022,-0.9138498822082848
-1.4572260430384627,0.32497421010854266,0.3901602998406958
-0.44899702140148434,-0.872376971052241,-0.5126159800393677
-0.3202869335329336,-0.3850217318682031,1.2929365797207593
-0.34173861484435897,-0.6146747402606814,1.19262810417853
-0.44899702140148434,-0.9758084786488532,0.2898518242984665
-1.9720663945126642,-0.2412694670729114,0.8917026775518422
-0.8780306476299858,-0.2868494534714185,1.6941704818896763
-0.2988352522215082,-0.9126977282509203,0.5907772509251543
-0.3202869335329336,-0.8408215958532744,-0.11138207787045057
-0.3202869335329336,-0.863611589052528,0.6910857264673836
-0.5562554279586097,-0.5831193650617149,0.5907772509251543
-0.8780306476299858,-0.3008740646709592,1.4935535308052177
-1.7790012627098388,0.014679687318705604,0.6910857264673836
0.02293996744986792,-0.8653646654524706,-1.3150837843772019
0.7737488133497455,-0.9652900202491977,-2.4184770153417237
-0.7064171971385851,-0.5357863022632652,0.8917026775518422
-0.3631902961557836,-0.8671177418524132,-0.3119990289549091
-0.2988352522215082,-0.7181062478572937,-0.3119990289549091
-0.47044870271290895,-0.8618585126525854,0.3901602998406958
-0.2988352522215082,-0.9460061798498294,-0.11138207787045057
-0.3631902961557836,-0.02213491708008862,1.0923196286363006
-1.0281924168099612,-0.553317066262691,1.5938620063474471
0.32326350580981866,-1.002104624647992,-2.2178600642572652
-1.7146462187755636,0.5633926005007338,-0.21169055341267984
-2.014969757135514,0.025198145718361094,1.3932450552629885
-0.5777071092700343,-0.9004261934513222,-0.7132329311238262
-0.9209340102528358,-0.8565992834527577,-0.3119990289549091
-0.42754534009005896,-0.8338092902535041,0.5907772509251543
-0.42754534009005896,-0.5094901562641264,-0.6129244555815969
-0.3631902961557836,-0.788229303854997,0.3901602998406958
-0.513352065335759,-0.7777108454553415,-0.11138207787045057
-0.3631902961557836,-0.7479085466563176,-0.011073602328221294
-0.8780306476299858,-0.8583523598527003,-0.11138207787045057
-0.40609365877863357,-0.9407469506500017,-1.2147753088349726
-0.49190038402433434,-0.6024032054610833,0.18954334875623724
-1.1569025046785113,-0.23776331427302622,1.3932450552629885
-0.49190038402433434,0.02695122211830368,1.2929365797207593
-0.8994823289414104,0.22855500811170062,0.8917026775518422
-0.12722180173010822,-0.6672670322589588,0.18954334875623724
-0.19157684566438285,-0.7847231510551118,-0.5126159800393677
-0.7278688784500097,-0.7636862342558008,0.08923487321400798
-0.42754534009005896,-0.9074384990510925,0.6910857264673836
-0.47044870271290895,-0.8145254498541358,-1.2147753088349726
-0.5562554279586097,-0.8057600678544228,-0.011073602328221294
0.06584333007271792,-0.9968453954481643,-0.3119990289549091
-0.3631902961557836,-0.4165771070671696,1.0923196286363006
-0.2559318895986582,-0.8075131442543654,0.3901602998406958
0.8381038572840201,-1.0371661526468436,-1.3150837843772019
0.6450387254811948,-0.893413887851552,-2.017243113172807
-0.40609365877863357,-0.5550701426626335,-0.11138207787045057
-0.12722180173010822,-0.595390899861313,-0.21169055341267984
-0.2988352522215082,-0.5077370798641838,0.6910857264673836
-0.08431843910725746,-0.9109446518509777,-0.21169055341267984
-0.6206104718928843,-0.6111685874607962,0.5907772509251543
-0.6849655158271597,0.6194910452988964,1.6941704818896763
0.3018118244983933,-1.1037830558446617,-2.2178600642572652
0.4519735936783694,-0.9775615550487958,-2.3181685397994944
0.001488286138442538,-0.9898330898483939,-2.4184770153417237
-0.12722180173010822,-0.3043802174708443,0.49046877538292505
0.9453622638411455,-1.0687215278458102,-1.3150837843772019
-0.49190038402433434,-0.758427005055973,-0.3119990289549091
0.001488286138442538,-0.8653646654524706,-0.9138498822082848
-0.10577012041868285,-0.6076624346609111,0.49046877538292505
-1.3928709991041874,-0.02038184068014604,1.2929365797207593
0.044391648761292535,-1.0301538470470732,-0.9138498822082848
-0.5991587905814597,-0.7531677758561454,0.49046877538292505
-0.2344802082872336,-0.200948709874232,0.49046877538292505
-0.513352065335759,-0.6444770390597052,0.08923487321400798
-0.08431843910725746,-0.9880800134484513,-1.2147753088349726
-0.5991587905814597,-0.5901316706614852,0.2898518242984665
-0.7922239223842851,-0.5901316706614852,-0.5126159800393677
0.7522971320383202,2.3006913128438327,0.5907772509251543
0.7522971320383202,0.2864065293098058,0.08923487321400798
0.001488286138442538,2.4461966540390674,1.4935535308052177
1.6747194284295979,-0.7759577690553989,-1.9169346376305774
0.8810072199068709,0.08655581971635147,0.2898518242984665
-0.1701251643529582,0.3407518977080259,0.2898518242984665
0.5806836815469194,2.048248311252101,1.4935535308052177
1.3958475713810725,-0.3990463430677438,-0.4123075044971384
-1.371419317792762,2.5864427660344735,-0.11138207787045057
1.0311689890868463,-0.5918847470614278,-1.6160092110038897
1.1598790769553964,1.5959546000669147,0.9920111530940714
0.9453622638411455,-0.09401104947773449,0.6910857264673836
0.6450387254811948,1.9132614284565221,0.5907772509251543
1.245685802201097,-0.4060586486675141,-1.014158357750514
-0.8780306476299858,2.090322144850723,1.4935535308052177
-0.42754534009005896,0.5914418228998151,-0.5126159800393677
1.245685802201097,-0.47968785746510256,-0.4123075044971384
1.0955240330211218,1.7256822536626657,0.08923487321400798
1.7605261536752994,-0.6304524278601646,-1.716317686546119
0.6450387254811948,0.023445069318418513,0.3901602998406958
1.0955240330211218,-0.12381334827675838,0.6910857264673836
0.2589084618755433,2.1972598052472203,0.8917026775518422
1.2671374835125218,-0.6935631782580975,-2.2178600642572652
0.6021353628583448,0.06551890291704049,-0.21169055341267984
-0.8351272850071351,3.131649526416617,1.5938620063474471
0.36616686843266866,0.9718594016873554,1.4935535308052177
-1.650291174841288,2.9616011156221864,0.6910857264673836
1.1598790769553964,-0.17815871667497843,1.0923196286363006
0.6021353628583448,-0.0729741326784235,0.49046877538292505
0.7093937694154702,0.07253120851681082,-0.11138207787045057
0.9239105825297209,-0.3464540510694663,-0.3119990289549091
0.5377803189240694,0.11811119491531795,0.18954334875623724
0.9024589012182955,0.1812219453132509,-0.11138207787045057
0.47342527498979403,1.4066223488731158,1.19262810417853
0.5806836815469194,0.04974121531755724,0.18954334875623724
0.7308454507268948,0.365294967307222,0.6910857264673836
0.9882656264639963,-0.43936710026642317,-0.4123075044971384
0.8381038572840201,0.0637658265170979,0.3901602998406958
0.7952004946611702,-0.07998643827819384,0.08923487321400798
1.996494648100974,-0.6812916434584995,-1.9169346376305774
1.245685802201097,-0.6532424210594182,-1.415392259919431
2.103753054658099,-0.574353983062002,-1.9169346376305774
-0.01996339517298284,2.993156490821153,0.7913942020096129
-0.2344802082872336,0.9350447972885612,-0.21169055341267984
0.5377803189240694,2.078050610051125,0.08923487321400798
-0.3202869335329336,2.439184348439297,-0.8135414066660555
-0.3202869335329336,1.9974090956537662,-0.8135414066660555
0.3018118244983933,0.0006550761191649468,-0.4123075044971384
0.9239105825297209,0.23381423731152837,1.2929365797207593
1.0955240330211218,-0.02213491708008862,-0.8135414066660555
1.1598790769553964,-0.809266220654308,-2.3181685397994944
0.5377803189240694,1.5205723148693837,0.08923487321400798
0.02293996744986792,1.5328438496689818,1.5938620063474471
0.9668139451525709,-0.31139252307061466,-0.3119990289549091
-0.7278688784500097,1.208524715679604,0.08923487321400798
0.43052191236694404,0.1812219453132509,0.5907772509251543
0.9668139451525709,0.13564195891474376,-0.011073602328221294
0.8595555385954455,-0.0010980002807776353,0.6910857264673836
0.23745678056411867,3.4734994244054205,0.7913942020096129
0.5592320002354948,0.06551890291704049,-0.011073602328221294
0.6235870441697694,0.011173534518820439,0.08923487321400798
-0.5777071092700343,1.3066969940763886,-0.011073602328221294
-2.014969757135514,1.867681442058015,-0.3119990289549091
1.1384273956439717,1.1629447292810968,0.18954334875623724
0.3018118244983933,-0.24652869627273913,-0.21169055341267984
0.7093937694154702,0.005914305318992693,0.08923487321400798
0.7737488133497455,0.5108003085024564,0.6910857264673836
0.8810072199068709,-0.24477561987279656,-0.7132329311238262
0.7952004946611702,0.45996109290412146,0.5907772509251543
-0.06286675779583284,1.4574615644714506,0.5907772509251543
0.6021353628583448,0.33549266850819814,0.08923487321400798
1.7605261536752994,-0.7812169982552266,-2.3181685397994944
0.7308454507268948,3.2368341104131715,1.0923196286363006
0.4519735936783694,0.4845041625033176,-0.11138207787045057
0.4948769563012194,0.5213187669021119,-0.21169055341267984
1.3529442087582224,0.0637658265170979,0.49046877538292505
0.3018118244983933,1.464473870071221,0.9920111530940714
0.6235870441697694,-0.11504796627704547,0.3901602998406958
1.1813307582668218,0.5984541284995855,0.6910857264673836
1.1384273956439717,-0.11504796627704547,-0.7132329311238262
0.28036014318696867,0.08830889611629406,-0.011073602328221294
1.2885891648239471,-0.8653646654524706,-1.9169346376305774
-1.7146462187755636,1.401363119673288,-0.4123075044971384
0.6450387254811948,0.35302343250762397,0.8917026775518422
0.8381038572840201,-0.25704715467239464,-0.3119990289549091
1.3100408461353725,-0.47968785746510256,-1.014158357750514
0.6021353628583448,1.2243024032790872,1.6941704818896763
-0.7707722410728605,1.2278085560789724,-0.8135414066660555
2.1681080985923753,-0.6795385670585569,-1.2147753088349726
1.503105977938198,-0.7356370118567195,-1.1144668332927432
0.6664904067926202,1.1103524372828195,1.2929365797207593
-1.285612592547062,1.1506731944814987,0.49046877538292505
0.8810072199068709,0.738700240494992,-0.7132329311238262
-1.5215810869727382,0.6983794832963126,1.3932450552629885
1.6747194284295979,-0.6111685874607962,-2.4184770153417237
1.0955240330211218,-0.7654393106557434,-1.716317686546119
1.9750429667895502,-0.5147493854639542,-2.017243113172807
-0.9209340102528358,1.8115829972598525,-0.8135414066660555
0.8166521759725955,0.42840571770515495,0.2898518242984665
1.7819778349867232,-0.6795385670585569,-1.9169346376305774
0.7522971320383202,0.8824525052902837,0.6910857264673836
1.1813307582668218,-0.10628258427733256,-0.21169055341267984
0.5592320002354948,-0.40781172506745667,-0.21169055341267984
0.6450387254811948,0.30569036970917424,0.5907772509251543
0.2589084618755433,0.5704049061005041,1.4935535308052177
2.23246314252665,-0.8530931306528725,-2.017243113172807
1.2885891648239471,-0.179911793074921,-0.6129244555815969
1.0311689890868463,-0.2693186894719927,-0.7132329311238262
1.2885891648239471,-0.1606279526755526,-1.3150837843772019
0.9239105825297209,-0.02213491708008862,-0.3119990289549091
0.9453622638411455,0.3582826617074517,0.2898518242984665
1.0740723517096964,-0.25704715467239464,0.5907772509251543
0.9668139451525709,0.07077813211686823,0.3901602998406958
0.7952004946611702,0.02870429851824626,0.3901602998406958
-0.6849655158271597,0.6124787396991261,-0.8135414066660555
0.7093937694154702,-0.32541713427015534,-0.6129244555815969
0.6235870441697694,0.41964033570544207,0.18954334875623724
2.14665641728095,-0.8828954294518965,-2.117551588715036
0.28036014318696867,0.7422063932948771,1.0923196286363006
1.009717307775421,-0.3552194330691792,-1.415392259919431
1.8892362415438486,-0.7654393106557434,-1.716317686546119
0.4948769563012194,-0.07998643827819384,0.49046877538292505
0.1731017366298433,1.4732392520709339,0.7913942020096129
0.9024589012182955,0.053247368117442406,0.08923487321400798
0.9668139451525709,-0.25704715467239464,-1.2147753088349726
1.8463328789209994,-0.7987477622546525,-1.9169346376305774
-0.3202869335329336,0.2881596057097484,0.5907772509251543
0.43052191236694404,1.7239291772627232,1.2929365797207593
-0.7064171971385851,1.9290391160560054,-0.8135414066660555
-1.2641609112356367,2.547875085235737,0.3901602998406958
0.9668139451525709,-0.3482071274694089,-1.014158357750514
1.2027824395782472,-0.2307510086732559,-0.6129244555815969
0.9882656264639963,1.0945747496833362,1.0923196286363006
1.7819778349867232,-0.5585762954625187,-2.017243113172807
-0.06286675779583284,0.6896141012965997,1.0923196286363006
0.7737488133497455,-0.07998643827819384,-0.8135414066660555
1.3743958900696471,-0.7917354566548822,-2.4184770153417237
-0.08431843910725746,1.783533774860771,1.5938620063474471
-1.4143226804156128,0.5493679893011931,0.18954334875623724
0.2589084618755433,2.02019908885302,0.6910857264673836
1.2671374835125218,-0.8338092902535041,-2.2178600642572652
1.009717307775421,0.8947240400898818,0.08923487321400798
1.009717307775421,-0.2307510086732559,-0.11138207787045057
-0.2130285269758082,3.8276208571938217,-0.6129244555815969
0.7522971320383202,0.9297855680887335,0.3901602998406958
0.6879420881040448,0.13564195891474376,0.6910857264673836
1.1384273956439717,0.6527994968978055,0.6910857264673836
2.06084969203525,-0.4937124686646432,-1.8166261620883482
-1.6931945374641382,0.537096454501595,-0.11138207787045057
0.28036014318696867,-0.3692440442687199,-0.011073602328221294
-0.513352065335759,-0.7321308590568344,-1.415392259919431
-0.7064171971385851,-0.7566739286560306,0.49046877538292505
-2.4869067459868663,0.06201275011715532,-0.011073602328221294
-0.49190038402433434,0.1829750217131935,1.0923196286363006
-0.7278688784500097,-0.7128470186574659,0.08923487321400798
-0.3631902961557836,-0.7444023938564325,-0.11138207787045057
-0.5348037466471843,-0.7952416094547673,-0.11138207787045057
-0.14867348304153283,-0.7058347130576956,-0.21169055341267984
-3.0875538227067683,-0.03265337547974411,-0.7132329311238262
-1.1354508233670866,-0.18517102227474874,1.3932450552629885
-0.47044870271290895,-0.6111685874607962,0.2898518242984665
-0.5348037466471843,0.030457374918188843,1.2929365797207593
-0.6635138345157351,-0.7356370118567195,0.6910857264673836
-0.7707722410728605,-0.9126977282509203,-0.5126159800393677
-1.6931945374641382,0.02870429851824626,0.7913942020096129
-0.42754534009005896,-0.6392178098598775,0.3901602998406958
0.4948769563012194,-1.052943840246327,-1.716317686546119
0.9668139451525709,-1.0494376874464417,-2.017243113172807
-0.5348037466471843,-0.8022539150545377,-0.3119990289549091
-1.049644098121386,0.032210451318131425,0.5907772509251543
-0.34173861484435897,-0.7794639218552841,0.2898518242984665
-0.2344802082872336,-0.6514893446594756,0.2898518242984665
-1.371419317792762,-0.6795385670585569,-0.4123075044971384
-0.04141507648440746,-0.565588601062289,-0.5126159800393677
-0.8136756036957105,-0.7829700746551692,0.3901602998406958
-0.34173861484435897,-0.7321308590568344,0.49046877538292505
-0.14867348304153283,-0.8548462070528151,-0.4123075044971384
-0.10577012041868285,-0.9302284922503461,-0.5126159800393677
-0.5562554279586097,-0.7373900882566621,0.08923487321400798
0.23745678056411867,-0.981067707848681,-2.4184770153417237
-0.5777071092700343,-0.6444770390597052,-0.11138207787045057
-2.5298101086097167,-0.39378711386791604,1.0923196286363006
-2.422551702052591,-0.15887487627561003,0.2898518242984665
-0.3631902961557836,-0.456897864265849,0.49046877538292505
-0.47044870271290895,-0.5498109134628059,0.18954334875623724
0.044391648761292535,-1.0564499930462121,-1.6160092110038897
-0.47044870271290895,-0.9197100338506906,-1.014158357750514
-0.2559318895986582,-0.3762563498684902,0.3901602998406958
-0.3202869335329336,-0.9442531034498868,-1.3150837843772019
-2.0364214384469395,-0.42008325986705475,0.6910857264673836
-0.6206104718928843,-0.8232908318538487,-0.11138207787045057
-0.38464197746720896,0.26712268891043744,1.0923196286363006
-0.3202869335329336,-0.8828954294518965,1.19262810417853
0.2589084618755433,-1.0704746042457527,-2.3181685397994944
-0.19157684566438285,-0.8285500610536763,-0.3119990289549091
-0.42754534009005896,-0.6812916434584995,0.18954334875623724
-0.34173861484435897,0.1409011881145715,0.7913942020096129
-0.9638373728756858,-0.4025524958676289,1.2929365797207593
-0.12722180173010822,-0.9179569574507481,-0.7132329311238262
0.001488286138442538,-0.7742046926554563,0.49046877538292505
-2.7657786030353924,-0.17815871667497843,-0.011073602328221294
-0.7278688784500097,-0.8197846790539635,0.08923487321400798
-0.6420621532043097,-0.7969946858547099,0.5907772509251543
-0.9209340102528358,-0.7777108454553415,-0.11138207787045057
0.02293996744986792,-1.0494376874464417,-2.2178600642572652
-0.8994823289414104,0.4809980097034324,1.3932450552629885
-0.6635138345157351,-0.5778601358618871,0.5907772509251543
-0.40609365877863357,-0.6462301154596478,-0.7132329311238262
-0.3202869335329336,-0.4533917114659638,0.6910857264673836
-0.2773835709100836,-0.39028096106803084,0.3901602998406958
-0.513352065335759,-0.7566739286560306,0.3901602998406958
-0.42754534009005896,0.1216173477152031,0.49046877538292505
-2.915940372215368,-0.4709224754653896,0.18954334875623724
-0.7278688784500097,-0.7934885330548247,0.08923487321400798
-0.8780306476299858,-0.7864762274550544,-0.3119990289549091
-0.8994823289414104,-0.7005754838578679,1.0923196286363006
-0.5348037466471843,-0.8530931306528725,-0.5126159800393677
-0.7278688784500097,-0.8460808250531022,0.49046877538292505
-1.8433563066441143,0.10058043091589212,1.2929365797207593
-0.40609365877863357,-0.733883935456777,0.5907772509251543
-0.06286675779583284,-0.9950923190482217,-0.3119990289549091
-0.6635138345157351,-0.33944174546969597,0.5907772509251543
0.9239105825297209,-1.0617092222460398,-1.3150837843772019
-1.5859361309070128,-0.5690947538621742,-0.11138207787045057
-0.3631902961557836,-0.6322055042601072,0.08923487321400798
-0.7493205597614351,-0.27107176587193527,1.2929365797207593
-0.8136756036957105,0.037469680517959174,0.6910857264673836
-0.2344802082872336,-0.2868494534714185,1.0923196286363006
-0.2130285269758082,-0.9705492494490255,-0.4123075044971384
0.044391648761292535,-0.809266220654308,-1.2147753088349726
-0.10577012041868285,-0.511243232664069,0.6910857264673836
-2.2294865702497653,-0.3674909678687773,0.3901602998406958
-1.6073878122184382,-0.6269462750602794,-0.4123075044971384
-0.1701251643529582,0.20050578571261932,1.0923196286363006
0.47342527498979403,-1.0757338334455804,-1.1144668332927432
-0.5777071092700343,-0.27457791867182046,1.4935535308052177
0.1731017366298433,-1.0091169302477623,-1.8166261620883482
-1.5430327682841627,-0.7426493174564899,0.9920111530940714
-0.2559318895986582,-0.9898330898483939,-0.6129244555815969
-3.001747097461068,-0.7461554702563751,-0.4123075044971384
-0.7278688784500097,-0.6392178098598775,1.5938620063474471
-0.14867348304153283,-1.031906923447016,-0.5126159800393677
-1.1139991420556612,-0.2097140918739449,1.4935535308052177
0.044391648761292535,-0.7356370118567195,-0.6129244555815969
-1.7575495813984134,-0.0922579730777919,0.08923487321400798
-0.7278688784500097,-0.5883785942615426,0.5907772509251543
0.7093937694154702,-1.0757338334455804,-2.4184770153417237
-0.8780306476299858,-0.07648028547830867,1.2929365797207593
-0.40609365877863357,0.037469680517959174,0.9920111530940714
0.8595555385954455,-1.0038577010479346,-1.2147753088349726
-0.9638373728756858,-0.7181062478572937,1.4935535308052177
-0.8351272850071351,-0.07472720907836608,0.8917026775518422
-0.2773835709100836,-0.7829700746551692,-0.11138207787045057
-0.9852890541871112,0.018185840118590767,1.19262810417853
-0.7064171971385851,-0.5778601358618871,1.2929365797207593
-0.513352065335759,-0.7268716298570066,0.49046877538292505
-1.736097900086989,-0.3289232870700405,-0.5126159800393677
-1.5859361309070128,-0.8916608114516094,0.5907772509251543
-0.34173861484435897,-0.6304524278601646,0.7913942020096129
0.02293996744986792,-0.8741300474521835,-0.011073602328221294
0.8595555385954455,-1.002104624647992,-1.1144668332927432
-0.01996339517298284,-0.8618585126525854,-1.415392259919431
-0.5348037466471843,-0.6812916434584995,0.18954334875623724
-0.3631902961557836,-0.809266220654308,0.6910857264673836
-0.7707722410728605,0.3688011201071072,0.9920111530940714
-0.47044870271290895,-0.6479831918595904,0.49046877538292505
-0.8351272850071351,0.5861825936999874,1.5938620063474471
-0.04141507648440746,-0.9354877214501739,-1.716317686546119
0.34471518712124405,-1.0599561458460973,-1.1144668332927432
-0.3631902961557836,-1.0003515482480494,-1.014158357750514
-1.5215810869727382,0.5108003085024564,0.7913942020096129
0.02293996744986792,-1.0073638538478198,-2.2178600642572652
-2.8730370095925175,-0.11329488987710289,-0.6129244555815969
-0.3631902961557836,-0.6146747402606814,0.6910857264673836
-0.2344802082872336,-0.628699351460222,1.19262810417853
-0.5348037466471843,-0.8811423530519539,-0.11138207787045057
0.2589084618755433,-1.1090422850444894,-1.716317686546119
0.001488286138442538,-0.7812169982552266,-0.7132329311238262
-0.513352065335759,-0.8986731170513796,0.18954334875623724
-0.06286675779583284,-0.7636862342558008,0.3901602998406958
-0.7064171971385851,-0.456897864265849,0.3901602998406958
-1.199805867301362,-0.4288486418667677,-0.21169055341267984
0.06584333007271792,-0.5971439762612556,0.6910857264673836
-0.7064171971385851,-0.5305270730634374,-0.7132329311238262
-2.6156168338554164,-0.5813662886617723,-0.6129244555815969
-0.42754534009005896,-0.4972186214645284,-0.011073602328221294
-0.2130285269758082,-0.0922579730777919,1.2929365797207593
-0.5991587905814597,-0.6059093582609685,0.3901602998406958
-0.1701251643529582,-0.43235479466665283,0.5907772509251543
-0.3631902961557836,-0.7163531714573511,0.3901602998406958
0.7093937694154702,-1.0722276806456954,-2.3181685397994944
0.7308454507268948,-0.9985984718481068,-1.2147753088349726
-0.34173861484435897,-0.38326865546826056,0.3901602998406958
-0.5348037466471843,-0.7742046926554563,0.2898518242984665
-0.6420621532043097,-0.8864015822517816,-0.11138207787045057
-1.0281924168099612,-0.3762563498684902,1.4935535308052177
-0.44899702140148434,-0.8653646654524706,-0.21169055341267984
-0.49190038402433434,-0.6024032054610833,-0.011073602328221294
-1.199805867301362,-0.754920852256088,-0.3119990289549091
0.001488286138442538,-0.947759256249772,-0.3119990289549091
0.8595555385954455,0.30393729330923164,-0.011073602328221294
0.6879420881040448,0.407368800905844,-0.11138207787045057
-1.2641609112356367,0.9578347904878147,-0.3119990289549091
0.5377803189240694,1.8641752892581298,0.3901602998406958
0.9024589012182955,2.0552606168518714,1.2929365797207593
1.3743958900696471,-0.036159528279629274,0.49046877538292505
0.6021353628583448,-0.11680104267698806,0.3901602998406958
1.1598790769553964,-0.5463047606629207,-0.11138207787045057
-1.821904625332689,1.0665255272842549,-0.21169055341267984
-0.08431843910725746,1.8361260668590487,-0.21169055341267984
1.1384273956439717,0.8631686648909154,0.6910857264673836
0.7093937694154702,0.10759273651566245,0.49046877538292505
1.9321396041666994,-0.4656632462655619,-1.2147753088349726
1.5889127031838979,-0.7461554702563751,-1.716317686546119
0.8810072199068709,-0.21847947387365782,-0.21169055341267984
0.7308454507268948,0.11109888931554762,0.3901602998406958
0.7308454507268948,1.2996846884766182,1.4935535308052177
1.1169757143325463,-0.025641069879973784,0.18954334875623724
-1.1354508233670866,2.207778263646876,-0.8135414066660555
1.824881197609574,-0.8793892766520113,-2.017243113172807
-0.9852890541871112,2.014939859653192,0.49046877538292505
0.7093937694154702,-0.19218332787451908,-1.2147753088349726
-0.06286675779583284,0.4143811065056143,0.7913942020096129
1.4816542966267725,-0.7093408658575808,-1.716317686546119
0.7093937694154702,-0.3324294398699256,-1.014158357750514
0.38761854974409404,0.7369471640950495,0.18954334875623724
1.9750429667895502,-0.8180316026540209,-1.8166261620883482
0.9239105825297209,0.11109888931554762,0.08923487321400798
1.3100408461353725,-0.4376140238664806,-0.4123075044971384
0.7952004946611702,0.22680193171175803,0.18954334875623724
1.0955240330211218,0.3267272865084852,-0.3119990289549091
0.1731017366298433,0.025198145718361094,-0.011073602328221294
0.5377803189240694,1.5135600092696133,0.7913942020096129
1.9321396041666994,-0.5445516842629781,-1.9169346376305774
0.7522971320383202,2.782787322828043,0.49046877538292505
-1.4357743617270373,2.6513065928323494,0.6910857264673836
1.2671374835125218,-0.2921086826712463,-0.11138207787045057
-1.242709229924212,3.3437717708096693,-0.3119990289549091
1.1813307582668218,0.47047955130377694,-0.6129244555815969
1.331492527446797,0.20050578571261932,-0.11138207787045057
0.6664904067926202,-0.13783795947629904,-0.6129244555815969
1.1813307582668218,0.025198145718361094,0.08923487321400798
-1.5215810869727382,1.7151637952630103,-0.4123075044971384
-1.650291174841288,0.42840571770515495,0.08923487321400798
0.36616686843266866,0.018185840118590767,0.49046877538292505
-0.8565789663185605,1.5135600092696133,-0.4123075044971384
0.6879420881040448,1.3838323556738623,0.08923487321400798
-0.04141507648440746,1.6853614964639863,1.4935535308052177
0.6664904067926202,1.9413106508556035,0.5907772509251543
0.7737488133497455,0.09707427811600697,0.3901602998406958
0.34471518712124405,0.002408152519107529,0.18954334875623724
0.7308454507268948,-0.4674163226655045,-1.415392259919431
1.2242341208896717,0.310949598909002,0.18954334875623724
-0.01996339517298284,3.198266429614435,1.3932450552629885
-0.9209340102528358,2.791552704827756,-0.9138498822082848
-1.650291174841288,1.3452646748751254,0.5907772509251543
1.009717307775421,0.4091218773057866,0.2898518242984665
0.10874669269556791,1.3645485152744938,1.19262810417853
0.7522971320383202,0.08129659051652373,0.2898518242984665
-1.4143226804156128,2.6933804264309713,0.08923487321400798
0.9453622638411455,1.17872241688058,0.7913942020096129
-0.6206104718928843,1.3119562232762163,0.7913942020096129
0.6021353628583448,0.16018502851393993,-0.011073602328221294
0.02293996744986792,1.5661523012678908,0.6910857264673836
1.3958475713810725,0.44243032890469564,-0.21169055341267984
1.5674610218724725,-0.7601800814559156,-1.1144668332927432
1.331492527446797,-0.1115418134771603,-0.6129244555815969
-1.4143226804156128,1.2996846884766182,-0.11138207787045057
1.009717307775421,-0.25354100187250944,-1.3150837843772019
-0.44899702140148434,1.5118069328696706,1.0923196286363006
-1.3070642738584874,2.5145666336368278,0.2898518242984665
-0.7922239223842851,2.358542834041938,1.3932450552629885
1.7176227910524486,-0.8057600678544228,-2.4184770153417237
0.6450387254811948,1.1471670416816135,0.18954334875623724
0.9239105825297209,0.18472809811313606,-0.3119990289549091
0.9453622638411455,0.41964033570544207,1.19262810417853
0.516328637612644,0.28290037650992067,0.49046877538292505
0.36616686843266866,0.5353433781016524,0.08923487321400798
-0.8994823289414104,1.031463999285403,1.0923196286363006
0.7093937694154702,0.007667381718935275,0.49046877538292505
1.2027824395782472,-0.06245567427876801,-0.21169055341267984
0.7308454507268948,-0.04667798667928477,0.6910857264673836
0.6021353628583448,0.5125533849023989,1.6941704818896763
0.9024589012182955,2.2270621040462446,1.19262810417853
0.8595555385954455,-0.16939333467526552,-0.5126159800393677
-0.34173861484435897,2.7056519612305694,-0.8135414066660555
0.2160050992526933,-0.0010980002807776353,-0.4123075044971384
1.2027824395782472,-0.05894952147888285,-1.1144668332927432
0.43052191236694404,3.0036749492208084,0.7913942020096129
0.3018118244983933,2.216543645646589,1.4935535308052177
0.9024589012182955,-0.3026271410709018,-0.3119990289549091
0.6235870441697694,0.28465345290986327,0.18954334875623724
1.2885891648239471,0.18823425091302123,-0.3119990289549091
0.6235870441697694,2.064025998851584,0.7913942020096129
-0.10577012041868285,1.560893072068063,0.6910857264673836
-0.40609365877863357,0.5002818501028008,0.7913942020096129
0.38761854974409404,0.12862965331497345,-0.5126159800393677
0.1301983740069933,1.2576108548779963,1.3932450552629885
0.6879420881040448,-0.2307510086732559,0.5907772509251543
0.7737488133497455,0.27413499451020773,1.0923196286363006
0.7952004946611702,0.1917404037129064,0.08923487321400798
0.40907023105551865,0.14616041731439927,0.08923487321400798
0.8810072199068709,0.2303080845116432,0.3901602998406958
0.7952004946611702,-0.018628764280203457,0.18954334875623724
1.2671374835125218,-0.008110305880547964,0.18954334875623724
1.3100408461353725,-0.8460808250531022,-1.8166261620883482
2.2539148238380755,-0.8057600678544228,-1.6160092110038897
0.5592320002354948,1.3663015916744363,0.7913942020096129
0.9239105825297209,0.11986427131526053,0.08923487321400798
1.0740723517096964,-0.8250439082537913,-1.5157007354616603
1.3743958900696471,0.2601103833106671,-0.11138207787045057
0.7308454507268948,-0.2658125366721075,-0.3119990289549091
0.9239105825297209,-0.4726755518653322,-0.8135414066660555
0.6664904067926202,0.9613409432876999,1.5938620063474471
1.6961711097410233,-0.4691693990654471,-1.1144668332927432
0.6235870441697694,0.7124040944958533,0.18954334875623724
0.3018118244983933,0.3793195785067627,1.2929365797207593
0.6235870441697694,0.9999086240864368,1.5938620063474471
0.8810072199068709,-0.2289979322733133,-1.1144668332927432
1.0311689890868463,-0.23250408507319847,-0.21169055341267984
0.8810072199068709,2.307703618443603,1.2929365797207593
1.3529442087582224,-0.1395910358762416,-0.9138498822082848
1.7176227910524486,-0.5778601358618871,-2.2178600642572652
0.6450387254811948,1.3382523692753552,0.2898518242984665
1.1384273956439717,-0.22724485587337073,-0.3119990289549091
1.1384273956439717,-0.32191098147027014,-0.4123075044971384
1.5889127031838979,-0.7601800814559156,-2.017243113172807
0.5806836815469194,-0.09927027867756223,0.6910857264673836
-0.01996339517298284,1.3505239040749533,0.8917026775518422
0.8166521759725955,0.0637658265170979,0.2898518242984665
-1.4357743617270373,2.8651819136253445,0.5907772509251543
0.6664904067926202,2.2025190344470484,0.49046877538292505
0.4948769563012194,2.6618250512320047,1.5938620063474471
0.5377803189240694,2.3357528408426846,1.6941704818896763
0.001488286138442538,0.7316879348952217,1.2929365797207593
0.6235870441697694,2.2551113264453257,1.19262810417853
0.4519735936783694,1.9325452688558906,0.7913942020096129
-0.04141507648440746,2.4444435776391247,1.4935535308052177
0.9668139451525709,1.28040084807725,0.49046877538292505
-0.2130285269758082,2.7757750172282725,1.4935535308052177
0.9239105825297209,0.558133371300906,0.2898518242984665
1.5460093405610487,-0.7917354566548822,-1.1144668332927432
-1.4143226804156128,2.2884197780442346,-0.5126159800393677
1.1384273956439717,-0.4954655450645858,-0.6129244555815969
0.5592320002354948,2.141161360449058,0.6910857264673836
0.8595555385954455,1.283907000877135,0.08923487321400798
0.7093937694154702,0.3547765089075665,0.18954334875623724
0.7952004946611702,1.2488454728782834,1.2929365797207593
0.6664904067926202,-0.4744286282652748,-0.4123075044971384
-0.38464197746720896,3.4805117300051904,0.3901602998406958
0.23745678056411867,1.455708488071508,1.6941704818896763
0.9668139451525709,-0.2640594602721649,0.2898518242984665
1.3743958900696471,-0.04317183387939961,-0.11138207787045057
1.3958475713810725,-0.6462301154596478,-1.2147753088349726
0.6664904067926202,0.0006550761191649468,0.2898518242984665
0.5377803189240694,0.22855500811170062,0.2898518242984665
0.6235870441697694,2.412888202440158,1.6941704818896763
0.7093937694154702,0.21453039691215997,0.6910857264673836
0.8381038572840201,-0.5217616910637245,-1.1144668332927432
0.5592320002354948,-0.39203403746797344,-0.8135414066660555
0.7737488133497455,0.33198651570831295,0.08923487321400798
2.2110114612152247,-0.6076624346609111,-1.3150837843772019
0.5592320002354948,-0.4060586486675141,-0.21169055341267984
1.7819778349867232,-0.7934885330548247,-1.415392259919431
-1.9935180758240896,1.9325452688558906,0.9920111530940714
0.32326350580981866,0.3775665021068201,0.49046877538292505
0.7093937694154702,1.1366485832819582,0.18954334875623724
0.8381038572840201,2.2340744096460146,0.3901602998406958
-1.1569025046785113,1.6134853640663405,1.4935535308052177
2.0393980107238248,-0.6339585806600497,-1.3150837843772019
0.40907023105551865,1.0542539924846568,0.7913942020096129
1.2885891648239471,-0.11329488987710289,-0.4123075044971384
-0.06286675779583284,3.385845604408291,1.2929365797207593
0.7308454507268948,-0.2886025298713611,0.5907772509251543
0.7093937694154702,0.3372457449081407,0.5907772509251543
1.910687922855274,-0.6041562818610259,-1.1144668332927432
0.43052191236694404,-0.20270178627417457,0.2898518242984665
0.6664904067926202,0.12687657691503085,0.3901602998406958
-0.2559318895986582,2.2814074724444646,0.7913942020096129
1.3100408461353725,-0.06596182707865317,-0.9138498822082848
0.02293996744986792,2.6425412108326363,0.7913942020096129
0.7308454507268948,0.7299348584952791,0.5907772509251543
0.7522971320383202,-0.13608488307635647,-1.2147753088349726
0.5592320002354948,0.0006550761191649468,0.18954334875623724
1.052620670398271,2.3129628476434307,1.19262810417853
1.245685802201097,-0.35171328026929405,-1.2147753088349726
0.4948769563012194,-0.21497332107377265,0.08923487321400798
0.9453622638411455,0.2723819181102652,0.08923487321400798
-1.5859361309070128,2.1253836728495745,0.2898518242984665
-1.328515955169912,0.25134500131095416,1.5938620063474471
0.6664904067926202,1.5135600092696133,0.5907772509251543
1.1813307582668218,1.4206469600726563,1.19262810417853
-0.40609365877863357,1.1646978056810395,-0.5126159800393677
0.7308454507268948,0.3582826617074517,-0.11138207787045057
0.516328637612644,0.06902505571692565,-0.5126159800393677
-0.04141507648440746,2.2638767084450384,1.4935535308052177
1.0740723517096964,0.3091965225090594,0.7913942020096129
0.36616686843266866,0.25485115411083936,-0.011073602328221294
1.824881197609574,-0.6690201086589014,-2.3181685397994944
1.503105977938198,-0.8285500610536763,-1.9169346376305774
-0.2559318895986582,1.485510786870532,0.49046877538292505
1.9750429667895502,-0.7128470186574659,-1.6160092110038897
0.38761854974409404,0.11109888931554762,0.2898518242984665
1.2242341208896717,0.6668241080973462,0.49046877538292505
0.5592320002354948,0.28465345290986327,0.8917026775518422
0.06584333007271792,2.8125896216270667,0.7913942020096129
1.2885891648239471,-0.08349259107807899,-1.3150837843772019
1.3743958900696471,-0.30963944667067206,-0.011073602328221294
0.9882656264639963,0.0444819861177295,-0.6129244555815969
0.7308454507268948,-0.04667798667928477,-0.5126159800393677
-0.14867348304153283,0.64228103849815,1.2929365797207593
0.9453622638411455,0.20050578571261932,0.08923487321400798
-0.8351272850071351,1.934298345255833,-0.11138207787045057
1.0955240330211218,1.3803262028739771,1.19262810417853
0.7522971320383202,0.289912682109691,0.49046877538292505
1.009717307775421,-0.04141875747945702,-0.11138207787045057
1.3743958900696471,-0.4726755518653322,-0.8135414066660555
0.28036014318696867,1.0402293812851162,1.6941704818896763
0.8595555385954455,0.2566042305107819,0.49046877538292505
0.7093937694154702,-0.4533917114659638,-0.6129244555815969
0.8381038572840201,-0.06771490347859575,-0.5126159800393677
0.6664904067926202,2.2007659580471057,0.9920111530940714
-1.0281924168099612,2.3094566948435458,-0.7132329311238262
0.8166521759725955,-0.15887487627561003,-0.4123075044971384
0.5806836815469194,-0.016875687880260875,0.5907772509251543
0.38761854974409404,0.053247368117442406,0.49046877538292505
1.6961711097410233,-0.5550701426626335,-1.2147753088349726
1.009717307775421,0.5546272185010209,-0.4123075044971384
0.43052191236694404,-0.13433180667641387,0.3901602998406958
1.331492527446797,0.07077813211686823,-0.4123075044971384
0.9668139451525709,0.24257961931124128,1.19262810417853
-0.7493205597614351,1.1401547360818434,0.2898518242984665
0.8595555385954455,2.1814821176477373,0.8917026775518422
0.6235870441697694,0.9438101792882742,0.9920111530940714
0.6235870441697694,-0.32191098147027014,-1.1144668332927432
2.0393980107238248,-0.7146000950574085,-1.716317686546119
1.3958475713810725,-0.19218332787451908,-0.4123075044971384
-0.04141507648440746,2.12888982564946,1.5938620063474471
0.6879420881040448,-0.28509637707147595,-0.4123075044971384
0.9239105825297209,1.5679053776678333,0.7913942020096129
0.5806836815469194,-0.39028096106803084,-1.014158357750514
1.2885891648239471,0.5388495309015376,0.3901602998406958
0.044391648761292535,2.689874273631086,0.6910857264673836
0.7952004946611702,-0.015122611480318291,0.2898518242984665
-0.8780306476299858,0.2793942237100355,-0.21169055341267984
0.43052191236694404,0.19875270931267672,0.5907772509251543
1.009717307775421,1.4188938836727139,0.8917026775518422
-1.242709229924212,0.032210451318131425,0.3901602998406958
0.7952004946611702,-0.21322024467383008,-0.9138498822082848
0.9453622638411455,0.9999086240864368,1.0923196286363006
0.9453622638411455,0.44243032890469564,0.7913942020096129
-1.8862596692669642,0.8666748176908005,-0.4123075044971384
0.5592320002354948,0.38808496050647556,0.08923487321400798
0.7093937694154702,-0.19393640427446165,-1.415392259919431
0.9239105825297209,1.1436608888817286,1.19262810417853
-2.014969757135514,1.5223253912693262,0.7913942020096129
-1.7575495813984134,2.9353049696230475,1.5938620063474471
0.5806836815469194,-0.09401104947773449,-0.5126159800393677
1.3100408461353725,-0.4428732530663083,-0.5126159800393677
0.6879420881040448,0.0444819861177295,0.5907772509251543
-0.10577012041868285,1.9781252552543978,1.6941704818896763
-0.08431843910725746,1.5240784676692687,1.4935535308052177
1.009717307775421,2.3865920564410192,0.3901602998406958
0.7093937694154702,0.386331884106533,0.5907772509251543
1.739074472363874,-0.6111685874607962,-1.8166261620883482
0.7093937694154702,2.7477257948291913,0.9920111530940714
1.3100408461353725,-0.5603293718624613,-2.017243113172807
0.34471518712124405,0.27588807091015033,0.6910857264673836
-1.1354508233670866,0.6510464204978629,1.3932450552629885
0.6021353628583448,0.13038272971491602,1.19262810417853
0.2160050992526933,0.2495919249110116,-0.3119990289549091
0.4519735936783694,3.2578710272124827,0.6910857264673836
-0.34173861484435897,2.77402194082833,-0.11138207787045057
0.10874669269556791,0.5756641353003319,-0.21169055341267984
0.6664904067926202,0.07253120851681082,0.49046877538292505
0.7522971320383202,-0.02038184068014604,0.49046877538292505
0.4519735936783694,-0.02213491708008862,0.2898518242984665
0.044391648761292535,2.8949842124243683,0.8917026775518422
0.7737488133497455,2.316469000443316,0.7913942020096129
1.2242341208896717,0.4091218773057866,-0.21169055341267984
1.2027824395782472,-0.15887487627561003,-0.8135414066660555
0.4948769563012194,2.4444435776391247,0.5907772509251543
0.6664904067926202,1.3838323556738623,0.08923487321400798
0.6235870441697694,-0.2640594602721649,-1.1144668332927432
-1.8433563066441143,2.7056519612305694,0.3901602998406958
0.5377803189240694,1.7239291772627232,1.0923196286363006
-1.242709229924212,2.4882704876376893,0.5907772509251543
1.0740723517096964,0.16369118131382507,-0.6129244555815969
-0.5991587905814597,0.9543286376879296,-0.011073602328221294
1.009717307775421,-0.09401104947773449,-1.1144668332927432
0.5592320002354948,-0.03966568107951444,-0.21169055341267984
0.6879420881040448,0.5406026073014802,0.18954334875623724
1.996494648100974,-0.8706238946522984,-1.5157007354616603
0.1945534179412679,0.5423556837014228,-0.011073602328221294
0.6021353628583448,1.3925977376735752,1.2929365797207593
-0.01996339517298284,2.749478871229134,1.5938620063474471
0.6879420881040448,1.7782745456609432,0.7913942020096129
0.7093937694154702,1.5643992248679481,0.8917026775518422
1.0311689890868463,-0.051937215879112514,-0.011073602328221294
1.9750429667895502,-0.8741300474521835,-1.716317686546119
1.3529442087582224,0.24608577211112645,0.2898518242984665
0.02293996744986792,3.508560952404272,0.6910857264673836
-0.513352065335759,-0.6339585806600497,0.49046877538292505
0.06584333007271792,2.412888202440158,1.6941704818896763
1.009717307775421,0.5055410793026286,0.08923487321400798
-0.2130285269758082,-0.6672670322589588,0.3901602998406958
-0.8994823289414104,-0.6269462750602794,1.0923196286363006
0.10874669269556791,-1.0844992154452933,-2.4184770153417237
-0.6849655158271597,-0.893413887851552,-0.011073602328221294
1.8677845602324248,-0.8022539150545377,-1.5157007354616603
0.06584333007271792,-0.9600307910493701,-0.4123075044971384
1.1384273956439717,-0.5147493854639542,-2.017243113172807
1.052620670398271,0.3389988213080833,0.3901602998406958
0.10874669269556791,2.2761482432446365,1.0923196286363006
0.9453622638411455,-0.4463794058661935,-0.6129244555815969
-0.34173861484435897,-0.5480578370628633,1.0923196286363006
-2.444003383364016,-0.5392924550631504,-0.6129244555815969
0.8810072199068709,-1.0564499930462121,-2.3181685397994944
-1.049644098121386,-0.4954655450645858,1.5938620063474471
-0.38464197746720896,-0.2517879254725669,0.9920111530940714
-0.3631902961557836,-0.8180316026540209,0.18954334875623724
-0.5348037466471843,-0.7636862342558008,0.18954334875623724
-0.04141507648440746,-1.0880053682451785,-2.3181685397994944
-0.9852890541871112,-0.4849470866649303,1.0923196286363006
1.3743958900696471,-0.45865094066579154,-0.21169055341267984
0.2160050992526933,-1.1107953614444321,-1.5157007354616603
-0.12722180173010822,-0.896920040651437,-1.1144668332927432
0.7093937694154702,2.426912813639699,1.0923196286363006
-2.958843734838218,0.2986780641094039,1.2929365797207593
-1.4572260430384627,1.4066223488731158,1.5938620063474471
-0.49190038402433434,-0.276330995071763,0.3901602998406958
-0.7707722410728605,-0.595390899861313,1.5938620063474471
1.0311689890868463,1.485510786870532,0.3901602998406958
-0.19157684566438285,-0.947759256249772,-0.7132329311238262
-0.3202869335329336,-0.7934885330548247,0.3901602998406958
0.02293996744986792,-1.0143761594475902,-2.4184770153417237
-0.7922239223842851,-0.41833018346711215,0.49046877538292505
-1.4572260430384627,-0.7408962410565473,0.5907772509251543
-0.5777071092700343,-0.8495869778529874,0.49046877538292505
0.6450387254811948,-1.0704746042457527,-1.8166261620883482
1.9750429667895502,-0.842574672253217,-2.117551588715036
-0.5348037466471843,-0.7075877894576382,-0.011073602328221294
-1.5859361309070128,0.5563802949009635,1.5938620063474471
0.38761854974409404,-0.31314559947055726,0.5907772509251543
-0.2988352522215082,-0.4165771070671696,0.8917026775518422
-0.44899702140148434,-0.8267969846537339,0.49046877538292505
0.516328637612644,0.6072195104992983,0.5907772509251543
-0.1701251643529582,0.21628347331210254,1.19262810417853
-0.5348037466471843,-0.754920852256088,0.2898518242984665
0.36616686843266866,-0.4007994194676864,0.49046877538292505
0.06584333007271792,-0.8811423530519539,0.2898518242984665
0.02293996744986792,-0.9232161866505758,-0.9138498822082848
-0.2559318895986582,-0.9442531034498868,-0.4123075044971384
0.4948769563012194,0.29517191130951875,-0.11138207787045057
-1.8004529440212635,0.3284803629084278,1.2929365797207593
0.8810072199068709,-0.4043055722675715,-0.9138498822082848
-1.3928709991041874,1.2155370212793744,-0.011073602328221294
-1.8004529440212635,-0.7146000950574085,0.08923487321400798
1.9535912854781248,-0.6462301154596478,-1.3150837843772019
1.910687922855274,-0.8758831238521261,-2.4184770153417237
0.32326350580981866,0.3547765089075665,0.2898518242984665
0.6664904067926202,0.15492579931411218,-0.6129244555815969
1.009717307775421,0.45820801650417886,-0.21169055341267984
0.6021353628583448,-0.008110305880547964,0.6910857264673836
-1.1569025046785113,2.8423919204260906,1.0923196286363006
1.2242341208896717,-0.8162785262540783,-2.2178600642572652
-0.9423856915642604,-0.5568232190625761,-0.21169055341267984
0.9453622638411455,0.011173534518820439,1.2929365797207593
0.38761854974409404,0.06201275011715532,-0.4123075044971384
-2.2294865702497653,0.1426542645145141,0.2898518242984665
1.739074472363874,-0.6357116570599923,-1.9169346376305774
1.5245576592496233,-0.5568232190625761,-1.415392259919431
-0.12722180173010822,-0.6094155110608537,0.3901602998406958
-1.8004529440212635,2.2007659580471057,-0.5126159800393677
-0.12722180173010822,-0.7373900882566621,-0.8135414066660555
0.5592320002354948,1.4802515576707043,0.9920111530940714
1.9750429667895502,-0.6146747402606814,-2.017243113172807
0.7952004946611702,0.23556731371147094,0.49046877538292505
-0.10577012041868285,-0.7198593242572363,0.2898518242984665
1.1384273956439717,-0.3376886690697534,-1.3150837843772019
0.36616686843266866,0.23381423731152837,0.49046877538292505
-0.12722180173010822,-0.9039323462512074,-0.6129244555815969
-0.6635138345157351,-0.4972186214645284,-0.21169055341267984
-0.19157684566438285,-0.8127723734541932,-0.4123075044971384
-0.7707722410728605,0.1426542645145141,1.19262810417853
0.7522971320383202,1.3031908412765034,1.2929365797207593
-1.3070642738584874,2.72668887802988,0.2898518242984665
-0.2559318895986582,0.18472809811313606,0.3901602998406958
0.10874669269556791,-0.8864015822517816,-1.3150837843772019
1.0740723517096964,-0.1115418134771603,0.2898518242984665
-0.34173861484435897,-0.9021792698512648,-0.21169055341267984
0.6879420881040448,-0.35346635666923665,-0.21169055341267984
-0.04141507648440746,1.8834591296574983,-0.8135414066660555
0.9882656264639963,1.8606691364582448,1.19262810417853
0.9453622638411455,-0.43936710026642317,-0.5126159800393677
0.8166521759725955,-1.0126230830476475,-2.3181685397994944
1.2242341208896717,-0.7829700746551692,-1.6160092110038897
0.9453622638411455,0.19699963291273415,1.19262810417853
0.8810072199068709,-0.051937215879112514,0.5907772509251543
-0.9852890541871112,-0.6549954974593608,1.5938620063474471
0.2589084618755433,1.9360514216557758,1.19262810417853
-0.08431843910725746,-1.0284007706471308,-1.415392259919431
-0.3202869335329336,-0.2623063838722224,1.2929365797207593
0.36616686843266866,1.8361260668590487,0.8917026775518422
-0.44899702140148434,0.8281071368920637,0.7913942020096129
-0.7064171971385851,-0.9091915754510351,0.18954334875623724
-0.3202869335329336,-0.9793146314487384,-0.21169055341267984
0.7093937694154702,0.3267272865084852,0.18954334875623724
-0.2130285269758082,-0.3324294398699256,0.3901602998406958
0.6235870441697694,0.5072941557025712,0.08923487321400798
-0.19157684566438285,-0.5831193650617149,1.19262810417853
0.6235870441697694,1.5118069328696706,1.2929365797207593
-1.5215810869727382,-0.5550701426626335,1.5938620063474471
0.7093937694154702,1.8150891500597377,0.2898518242984665
0.9239105825297209,-0.43410787106659543,-0.3119990289549091
1.1384273956439717,1.2172900976793168,0.7913942020096129
-1.1354508233670866,-0.04141875747945702,1.2929365797207593
-2.07932480106979,-0.3674909678687773,0.3901602998406958
1.1813307582668218,-0.767192387055686,-1.3150837843772019
-0.9423856915642604,0.19349348011284898,1.0923196286363006
-0.7278688784500097,-0.20445486267411717,1.6941704818896763
0.9453622638411455,-0.0536902922790551,0.08923487321400798
-0.2344802082872336,-0.8671177418524132,-0.8135414066660555
-0.6849655158271597,-0.8338092902535041,0.5907772509251543
-0.3631902961557836,-0.34294789826958116,0.6910857264673836
0.43052191236694404,0.10934581291560504,-0.11138207787045057
-0.10577012041868285,-0.9337346450502313,-0.7132329311238262
-0.513352065335759,-0.9652900202491977,-0.4123075044971384
1.052620670398271,-0.16939333467526552,-0.21169055341267984
0.06584333007271792,-0.896920040651437,-0.6129244555815969
1.417299252692498,-0.7426493174564899,-1.716317686546119
1.1384273956439717,-0.8793892766520113,-1.716317686546119
0.4948769563012194,-1.0389192290467861,-2.3181685397994944
-0.2130285269758082,-0.6847977962583847,0.18954334875623724
-0.9209340102528358,-0.7198593242572363,1.3932450552629885
1.1169757143325463,0.0444819861177295,0.8917026775518422
-0.513352065335759,-0.3674909678687773,0.3901602998406958
-0.7493205597614351,-0.5270209202635523,0.8917026775518422
-0.3202869335329336,-0.8232908318538487,-1.2147753088349726
0.38761854974409404,0.21277732051221737,-0.011073602328221294
-0.8994823289414104,0.12337042411514569,1.5938620063474471
0.10874669269556791,-0.9547715618495423,-1.1144668332927432
-1.1569025046785113,0.1619381049138825,1.6941704818896763
0.9882656264639963,-0.29561483547113143,-0.6129244555815969
-0.6849655158271597,-0.6585016502592459,0.5907772509251543
-0.6420621532043097,-0.7847231510551118,0.6910857264673836
1.331492527446797,0.6563056496976907,-0.011073602328221294
0.9668139451525709,0.8596625120910302,1.2929365797207593
0.40907023105551865,0.38983803690641816,0.49046877538292505
1.824881197609574,-0.7987477622546525,-1.8166261620883482
-1.0067407354985358,-0.6672670322589588,1.5938620063474471
-0.47044870271290895,-0.6514893446594756,-0.011073602328221294
-0.7493205597614351,-0.5848724414616575,0.6910857264673836
-0.10577012041868285,-0.5410455314630929,0.49046877538292505
0.08729501138414254,-0.7654393106557434,-0.11138207787045057
-0.2988352522215082,-0.7426493174564899,-0.3119990289549091
-0.49190038402433434,-0.35171328026929405,0.08923487321400798
-0.2559318895986582,-0.20445486267411717,1.0923196286363006
0.10874669269556791,-1.086252291845236,-2.4184770153417237
-0.2344802082872336,-0.767192387055686,0.6910857264673836
-0.5562554279586097,-0.39203403746797344,0.9920111530940714
-2.8086819656582422,-0.004604153080662799,1.4935535308052177
-0.49190038402433434,-0.9880800134484513,-1.415392259919431
0.06584333007271792,-0.53228014946338,-0.11138207787045057
-2.12222816369264,0.3688011201071072,-0.6129244555815969
-0.3202869335329336,-0.7426493174564899,1.0923196286363006
-0.7064171971385851,-0.5200086146637819,1.19262810417853
-0.49190038402433434,-0.4937124686646432,0.49046877538292505
-0.8780306476299858,-0.22549177947342813,1.2929365797207593
-0.5348037466471843,-0.8127723734541932,0.3901602998406958
0.9668139451525709,-0.9565246382494849,-1.3150837843772019
-1.8004529440212635,-0.42183633626699735,-0.011073602328221294
-0.3202869335329336,-0.8057600678544228,-0.11138207787045057
-0.3631902961557836,-0.7321308590568344,0.3901602998406958
-0.34173861484435897,-0.8653646654524706,-0.7132329311238262
-1.1783541859899367,-0.16939333467526552,0.3901602998406958
-0.2559318895986582,-0.6655139558590163,-0.6129244555815969
-0.42754534009005896,-0.5287739966634949,0.3901602998406958
-0.7278688784500097,-0.7514146994562028,-0.11138207787045057
-0.42754534009005896,-0.6462301154596478,-0.11138207787045057
-0.7922239223842851,-0.015122611480318291,1.3932450552629885
-0.06286675779583284,-0.9144508046508629,-0.8135414066660555
-1.3928709991041874,-0.41833018346711215,0.9920111530940714
-0.1701251643529582,-0.43235479466665283,1.2929365797207593
-0.5991587905814597,-0.6672670322589588,0.18954334875623724
0.044391648761292535,-0.7110939422575234,-0.8135414066660555
-0.513352065335759,-0.8355623666534467,0.49046877538292505
-0.2559318895986582,-0.8758831238521261,-1.415392259919431
-0.2130285269758082,-0.7917354566548822,-1.415392259919431
-0.6206104718928843,-0.8110192970542506,0.5907772509251543
-0.10577012041868285,-0.6742793378587292,0.49046877538292505
-0.7064171971385851,0.31971498090871486,0.7913942020096129
0.06584333007271792,-1.0073638538478198,-0.5126159800393677
0.5806836815469194,-0.9687961730490829,-1.1144668332927432
-0.40609365877863357,-0.8758831238521261,0.5907772509251543
-0.47044870271290895,-0.7917354566548822,0.5907772509251543
-0.7707722410728605,-0.4007994194676864,1.3932450552629885
-0.1701251643529582,-0.4831940102649877,-0.5126159800393677
-0.8565789663185605,-0.49020631586475805,1.6941704818896763
-0.7278688784500097,-0.8653646654524706,0.5907772509251543
-0.2988352522215082,-0.27282484227187787,0.2898518242984665
-0.42754534009005896,-0.4726755518653322,1.19262810417853
0.4519735936783694,-1.0354130762469012,-1.8166261620883482
-1.0710957794328113,-0.5427986078630355,1.2929365797207593
0.08729501138414254,-1.0073638538478198,-1.415392259919431
-0.7064171971385851,-0.9337346450502313,0.6910857264673836
-1.1354508233670866,-0.6216870458604516,0.6910857264673836
-2.6585201964782668,0.310949598909002,-0.21169055341267984
0.43052191236694404,-1.0143761594475902,-1.2147753088349726
-0.34173861484435897,-0.8811423530519539,0.3901602998406958
-0.5348037466471843,-0.7829700746551692,1.0923196286363006
0.02293996744986792,-0.8951669642514946,-0.5126159800393677
-1.3070642738584874,-0.47968785746510256,0.3901602998406958
-0.2773835709100836,-0.31139252307061466,0.49046877538292505
0.06584333007271792,-0.9021792698512648,-2.017243113172807
0.044391648761292535,-0.7777108454553415,-0.3119990289549091
0.044391648761292535,-0.8267969846537339,-0.6129244555815969
0.4948769563012194,-1.0248946178472456,-1.415392259919431
0.001488286138442538,-0.8267969846537339,0.5907772509251543
-0.47044870271290895,-0.8250439082537913,0.6910857264673836
-0.40609365877863357,-0.7321308590568344,0.5907772509251543
-0.19157684566438285,-0.23601023787308364,0.9920111530940714
-0.44899702140148434,-0.9126977282509203,0.49046877538292505
-0.04141507648440746,-0.7181062478572937,0.6910857264673836
0.9239105825297209,-1.0511907638463842,-1.716317686546119
-0.3631902961557836,0.3407518977080259,0.3901602998406958
0.23745678056411867,-0.9828207842486236,-2.117551588715036
-0.6420621532043097,-0.7759577690553989,0.08923487321400798
-0.2344802082872336,-0.6988224074579253,1.0923196286363006
-2.143679845004065,-0.3201579050703276,-0.21169055341267984
-0.38464197746720896,0.047988138917614664,0.3901602998406958
0.6235870441697694,-0.9793146314487384,-1.8166261620883482
-0.6206104718928843,-0.6795385670585569,0.7913942020096129
-0.9638373728756858,-0.5585762954625187,-0.6129244555815969
-0.2559318895986582,-0.4463794058661935,0.18954334875623724
-0.7278688784500097,0.2723819181102652,0.7913942020096129
-0.3202869335329336,-0.90568542265115,0.49046877538292505
-0.513352065335759,-0.758427005055973,0.18954334875623724
-0.7278688784500097,-0.4533917114659638,1.2929365797207593
-0.34173861484435897,-0.6427239626597627,-0.011073602328221294
-0.04141507648440746,-0.7899823802549396,-0.4123075044971384
-0.5562554279586097,-0.6041562818610259,0.8917026775518422
-0.9423856915642604,-0.5813662886617723,-0.011073602328221294
0.43052191236694404,-1.010870006647705,-2.017243113172807
-0.38464197746720896,-0.15010949427589712,0.8917026775518422
-0.47044870271290895,-0.9740554022489107,-0.21169055341267984
-1.0925474607442367,0.12862965331497345,0.8917026775518422
-1.6288394935298636,-0.13783795947629904,0.7913942020096129
-1.1354508233670866,-0.5550701426626335,1.4935535308052177
-0.5348037466471843,0.08129659051652373,1.2929365797207593
-0.44899702140148434,-0.9302284922503461,-1.415392259919431
-0.8994823289414104,-0.15887487627561003,1.5938620063474471
-0.7278688784500097,-0.8162785262540783,0.08923487321400798
-0.7064171971385851,0.27413499451020773,0.5907772509251543
-0.8565789663185605,-0.6970693310579827,0.3901602998406958
-0.3631902961557836,-0.553317066262691,0.6910857264673836
-0.10577012041868285,-0.9828207842486236,-1.2147753088349726
0.10874669269556791,-0.9425000270499442,-1.6160092110038897
-0.19157684566438285,-0.7303777826568918,0.8917026775518422
-0.2344802082872336,-0.6041562818610259,0.2898518242984665
-0.6206104718928843,-0.863611589052528,0.18954334875623724
-0.5777071092700343,-0.8601054362526429,-0.3119990289549091
-0.3202869335329336,-0.27457791867182046,1.19262810417853
-0.04141507648440746,-0.9144508046508629,-0.11138207787045057
-0.2559318895986582,-0.733883935456777,0.18954334875623724
0.5592320002354948,-0.9950923190482217,-1.1144668332927432
-0.5562554279586097,-0.47793478106515996,0.8917026775518422
-0.9209340102528358,-0.16939333467526552,1.4935535308052177
-0.1701251643529582,-0.37976250266837536,0.49046877538292505
-0.9638373728756858,-0.7794639218552841,0.2898518242984665
-0.7707722410728605,-0.8338092902535041,0.08923487321400798
-0.1701251643529582,-0.2307510086732559,0.6910857264673836
-2.2294865702497653,-0.41833018346711215,-0.5126159800393677
-0.10577012041868285,-0.767192387055686,-0.5126159800393677
-2.186583207626915,-0.04141875747945702,0.9920111530940714
-0.5562554279586097,-0.5445516842629781,0.49046877538292505
0.5377803189240694,-0.9582777146494275,-1.9169346376305774
-0.7064171971385851,-0.5182555382638393,0.3901602998406958
0.43052191236694404,-0.9758084786488532,-1.1144668332927432
-0.6849655158271597,-0.22549177947342813,1.4935535308052177
-0.513352065335759,-0.02038184068014604,0.2898518242984665
0.8810072199068709,-1.0599561458460973,-1.8166261620883482
-0.5777071092700343,-0.36223173866894953,0.9920111530940714
-1.9506147132012397,-0.25704715467239464,0.49046877538292505
-0.19157684566438285,-0.4972186214645284,0.7913942020096129
-0.5991587905814597,-0.4954655450645858,-0.21169055341267984
-2.637068515166842,-0.37976250266837536,-0.6129244555815969
-1.1354508233670866,-0.2921086826712463,1.5938620063474471
-3.0875538227067683,-0.42008325986705475,1.0923196286363006
-0.6420621532043097,-0.6479831918595904,-0.4123075044971384
-0.5348037466471843,0.6054664340993557,1.3932450552629885
-3.0875538227067683,-0.3447009746695237,0.08923487321400798
-0.44899702140148434,-0.7812169982552266,0.2898518242984665
-1.9720663945126642,-0.6444770390597052,-0.9138498822082848
-0.6849655158271597,-0.3043802174708443,0.8917026775518422
-0.19157684566438285,0.3688011201071072,1.2929365797207593
-0.42754534009005896,-0.2921086826712463,1.19262810417853
0.001488286138442538,-0.9705492494490255,-0.4123075044971384
-0.6849655158271597,-0.7566739286560306,0.6910857264673836
-0.1701251643529582,-0.2588002310723372,0.18954334875623724
0.9239105825297209,0.6598118024975758,0.6910857264673836
0.38761854974409404,-0.12381334827675838,0.08923487321400798
-1.4143226804156128,0.6019602812994707,-0.4123075044971384
1.9535912854781248,-0.754920852256088,-2.117551588715036
0.38761854974409404,0.9964024712865516,0.7913942020096129
-0.7064171971385851,0.5213187669021119,0.6910857264673836
0.32326350580981866,0.6948733304964274,0.08923487321400798
1.2671374835125218,-0.14485026507606938,-1.3150837843772019
0.5377803189240694,0.19875270931267672,0.18954334875623724
0.6450387254811948,0.2864065293098058,0.18954334875623724
0.7093937694154702,-0.0536902922790551,-0.011073602328221294
0.43052191236694404,0.058506597317270155,0.5907772509251543
1.245685802201097,-0.8741300474521835,-2.4184770153417237
-1.285612592547062,1.0963278260832787,-0.9138498822082848
1.8677845602324248,-0.6742793378587292,-1.415392259919431
1.1598790769553964,0.44418340530463823,-0.21169055341267984
0.1516500553184179,-0.3674909678687773,0.5907772509251543
0.6450387254811948,0.8053171436928102,0.9920111530940714
1.331492527446797,-0.5568232190625761,-1.014158357750514
1.331492527446797,-0.42008325986705475,-0.11138207787045057
-0.8780306476299858,0.5300841489018248,1.4935535308052177
0.8595555385954455,2.4076289732403304,1.0923196286363006
1.739074472363874,-0.8460808250531022,-1.1144668332927432
2.1681080985923753,-0.6620078030591311,-1.1144668332927432
1.1598790769553964,-0.04843106307922735,0.49046877538292505
1.0740723517096964,-0.4007994194676864,-1.2147753088349726
1.0311689890868463,-0.04667798667928477,-0.3119990289549091
0.6235870441697694,0.5949479756997003,1.19262810417853
-0.44899702140148434,0.5441087601013654,-0.4123075044971384
0.47342527498979403,0.22680193171175803,0.2898518242984665
0.8595555385954455,-0.36573789146883473,-1.1144668332927432
0.10874669269556791,0.007667381718935275,-0.9138498822082848
1.052620670398271,-0.16764025827532295,-0.6129244555815969
0.7522971320383202,-0.4060586486675141,-1.3150837843772019
0.5592320002354948,0.12512350051508828,0.6910857264673836
1.1598790769553964,-0.13433180667641387,-1.3150837843772019
0.23745678056411867,-0.2517879254725669,-0.011073602328221294
1.3100408461353725,-0.3043802174708443,-0.8135414066660555
0.08729501138414254,1.720423024462838,-0.6129244555815969
-0.5777071092700343,1.9167675812564073,0.8917026775518422
0.6450387254811948,-0.06596182707865317,0.2898518242984665
0.5806836815469194,1.783533774860771,1.3932450552629885
0.9024589012182955,0.018185840118590767,-0.11138207787045057
0.9453622638411455,1.3417585220752402,1.19262810417853
0.9668139451525709,1.1278832012822453,0.8917026775518422
-0.01996339517298284,2.2218028748464165,-0.8135414066660555
0.6021353628583448,1.4206469600726563,1.2929365797207593
-1.2212575486127866,2.6881211972311436,0.7913942020096129
0.3018118244983933,0.9210201860890206,0.7913942020096129
0.6235870441697694,1.0086740060861497,0.9920111530940714
0.6450387254811948,-0.24477561987279656,-1.3150837843772019
1.2885891648239471,-0.8618585126525854,-2.017243113172807
1.739074472363874,-0.8232908318538487,-1.3150837843772019
0.47342527498979403,0.15667887571405475,0.3901602998406958
0.044391648761292535,0.5949479756997003,0.6910857264673836
0.8166521759725955,-0.016875687880260875,0.6910857264673836
0.8595555385954455,0.07253120851681082,-0.11138207787045057
0.47342527498979403,0.10759273651566245,0.6910857264673836
0.7308454507268948,0.3582826617074517,0.08923487321400798
0.9668139451525709,-0.7426493174564899,-1.9169346376305774
0.23745678056411867,1.632769204465709,1.2929365797207593
-1.1139991420556612,0.10934581291560504,0.5907772509251543
-1.2641609112356367,1.7362007120623213,1.19262810417853
0.9882656264639963,-0.20445486267411717,-0.011073602328221294
1.4816542966267725,-0.8951669642514946,-1.6160092110038897
1.6747194284295979,-0.6830447198584421,-2.3181685397994944
0.02293996744986792,2.7512319476290763,0.18954334875623724
1.5460093405610487,-0.7391431646566047,-1.3150837843772019
0.6450387254811948,-0.2289979322733133,0.3901602998406958
0.2589084618755433,2.7056519612305694,0.5907772509251543
0.6450387254811948,0.41964033570544207,0.3901602998406958
0.2589084618755433,2.3655551396417085,1.5938620063474471
0.9453622638411455,2.4444435776391247,0.2898518242984665
0.8595555385954455,-0.25354100187250944,-0.11138207787045057
0.9024589012182955,-0.3341825162698682,-0.5126159800393677
0.1516500553184179,-0.18692409867469134,-0.4123075044971384
0.5377803189240694,-0.5252678438636097,-1.415392259919431
1.1813307582668218,-0.3078863702707295,-0.11138207787045057
0.9668139451525709,-0.2798371478716482,-1.2147753088349726
0.9239105825297209,0.005914305318992693,0.49046877538292505
1.8892362415438486,-0.6567485738593033,-1.9169346376305774
1.5245576592496233,-0.8811423530519539,-1.9169346376305774
0.8381038572840201,-0.23425716147314105,-0.21169055341267984
0.8381038572840201,-0.0028510766807202173,0.3901602998406958
0.5592320002354948,0.030457374918188843,0.49046877538292505
-0.10577012041868285,1.0928216732833935,1.2929365797207593
1.009717307775421,-0.25704715467239464,-0.9138498822082848
0.9024589012182955,2.5408627796359666,1.2929365797207593
0.6021353628583448,0.7842802268934992,0.8917026775518422
0.2589084618755433,-0.1536156470757823,-0.5126159800393677
1.009717307775421,2.8125896216270667,0.8917026775518422
1.0740723517096964,1.0402293812851162,1.2929365797207593
1.052620670398271,-0.6847977962583847,-1.8166261620883482
0.8595555385954455,0.28114730010997807,0.6910857264673836
0.8381038572840201,0.449442634504466,0.6910857264673836
0.2160050992526933,0.3828257313066478,0.2898518242984665
-1.3928709991041874,2.2901728544441773,0.2898518242984665
0.5592320002354948,-0.44988555866607866,-0.6129244555815969
0.34471518712124405,-0.10628258427733256,0.49046877538292505
0.9882656264639963,0.03571660411801659,-0.4123075044971384
0.47342527498979403,0.09006197251623663,-0.6129244555815969
-1.1783541859899367,2.4023697440405027,1.3932450552629885
2.0179463294123994,-0.6637608794590737,-2.117551588715036
-1.049644098121386,3.441944049206454,1.4935535308052177
0.7093937694154702,-0.03966568107951444,-0.11138207787045057
-1.4786777243498874,1.5714115304677185,0.8917026775518422
0.7952004946611702,1.5275846204691539,0.5907772509251543
0.5592320002354948,2.044742158452216,0.08923487321400798
0.001488286138442538,0.2022588621125619,0.3901602998406958
0.6235870441697694,-0.18517102227474874,-0.4123075044971384
0.8166521759725955,-0.10102335507750482,0.49046877538292505
0.6450387254811948,0.29517191130951875,0.2898518242984665
1.4387509340039233,-0.6339585806600497,-2.117551588715036
0.38761854974409404,2.4199005080399285,0.9920111530940714
-1.4143226804156128,3.266636409212196,-0.11138207787045057
1.4816542966267725,-0.6549954974593608,-1.9169346376305774
1.910687922855274,-0.6409708862598201,-1.3150837843772019
1.8034295162981486,-0.8250439082537913,-2.117551588715036
1.0311689890868463,0.3267272865084852,1.0923196286363006
0.38761854974409404,0.15492579931411218,0.3901602998406958
0.7308454507268948,1.1226239720824176,1.0923196286363006
0.1301983740069933,0.07954351411658114,-0.3119990289549091
0.6879420881040448,1.6625715032647328,0.2898518242984665
0.5806836815469194,0.45820801650417886,-0.21169055341267984
1.0740723517096964,0.6124787396991261,-0.7132329311238262
-0.2130285269758082,1.2243024032790872,1.4935535308052177
0.7952004946611702,-0.28334330067153335,-0.21169055341267984
0.7737488133497455,-0.06596182707865317,0.5907772509251543
0.6879420881040448,0.4161341829055569,-0.3119990289549091
1.1598790769553964,1.0770439856839102,0.49046877538292505
2.06084969203525,-0.6532424210594182,-2.2178600642572652
0.6021353628583448,0.5265779961019396,0.7913942020096129
0.5377803189240694,0.4547018637042937,0.18954334875623724
0.8810072199068709,0.30569036970917424,0.18954334875623724
0.8810072199068709,0.05675352091732758,0.18954334875623724
-0.9638373728756858,2.270889014044809,-0.3119990289549091
2.0179463294123994,-0.5813662886617723,-1.716317686546119
0.5592320002354948,0.15843195211399733,-0.5126159800393677
1.3100408461353725,-0.733883935456777,-1.1144668332927432
1.1169757143325463,-0.3289232870700405,-1.2147753088349726
0.3018118244983933,1.4451900296718525,0.5907772509251543
0.1731017366298433,0.6282564272986093,1.5938620063474471
-0.8780306476299858,1.9991621720537087,0.3901602998406958
1.0311689890868463,-0.08524566747802158,0.2898518242984665
0.5806836815469194,0.8964771164898244,0.18954334875623724
0.6664904067926202,0.1216173477152031,0.3901602998406958
0.7522971320383202,0.1899873273129638,0.3901602998406958
0.9453622638411455,2.756491176828904,1.19262810417853
0.8810072199068709,-0.15712179987566743,-0.5126159800393677
-1.0925474607442367,2.4076289732403304,-0.21169055341267984
0.7308454507268948,-0.3674909678687773,-1.415392259919431
-0.2344802082872336,-0.9915861662483365,-0.8135414066660555
1.0740723517096964,-0.23776331427302622,-0.9138498822082848
-0.34173861484435897,-0.6357116570599923,0.2898518242984665
0.34471518712124405,-1.0897584446451212,-1.415392259919431
-0.06286675779583284,-0.9337346450502313,-0.5126159800393677
-0.04141507648440746,-0.9863269370485088,-1.8166261620883482
0.10874669269556791,-0.8653646654524706,-0.8135414066660555
-0.6420621532043097,-0.6094155110608537,1.0923196286363006
0.8166521759725955,0.20927116771233223,-0.3119990289549091
1.1384273956439717,-0.8127723734541932,-2.4184770153417237
-0.5777071092700343,-0.5480578370628633,1.3932450552629885
-0.47044870271290895,-0.7110939422575234,-0.6129244555815969
0.8166521759725955,-0.22724485587337073,-0.4123075044971384
-1.9720663945126642,-0.7058347130576956,1.2929365797207593
1.052620670398271,0.8403786716916618,1.0923196286363006
0.43052191236694404,-1.0494376874464417,-1.1144668332927432
-0.5348037466471843,1.687114572863929,-0.6129244555815969
-0.2559318895986582,-0.8460808250531022,-1.415392259919431
0.001488286138442538,2.1884944232475076,0.6910857264673836
-0.7493205597614351,2.342765146442455,0.9920111530940714
-0.3631902961557836,-0.8548462070528151,0.18954334875623724
1.052620670398271,0.8035640672928676,0.18954334875623724
-0.9423856915642604,0.3547765089075665,0.5907772509251543
0.9453622638411455,-1.052943840246327,-1.6160092110038897
0.1945534179412679,-0.9600307910493701,-2.4184770153417237
0.9024589012182955,0.22329577891187288,-0.011073602328221294
-0.42754534009005896,-0.13783795947629904,0.18954334875623724
-0.8136756036957105,2.723182725229995,-0.6129244555815969
0.43052191236694404,0.7667494628940733,1.4935535308052177
-1.6288394935298636,2.1096059852500915,-0.11138207787045057
1.8892362415438486,-0.6146747402606814,-2.2178600642572652
2.1252047359695245,-0.5866255178616001,-1.3150837843772019
-0.6420621532043097,-0.3043802174708443,1.2929365797207593
0.5377803189240694,1.2716354660775369,0.8917026775518422
-0.42754534009005896,-0.8285500610536763,0.6910857264673836
-0.49190038402433434,-0.5883785942615426,0.18954334875623724
-1.907711350578389,-0.8022539150545377,0.8917026775518422
-0.9638373728756858,1.6625715032647328,0.18954334875623724
-0.9209340102528358,0.09006197251623663,1.6941704818896763
-0.04141507648440746,2.213037492846704,0.6910857264673836
-1.6717428561527135,2.1902474996474504,-0.6129244555815969
-0.01996339517298284,-0.7847231510551118,-0.5126159800393677
-1.821904625332689,2.093828297650608,-0.7132329311238262
0.7952004946611702,-0.10978873707721773,0.49046877538292505
0.34471518712124405,-1.0091169302477623,-2.117551588715036
-2.014969757135514,1.3435115984751829,0.9920111530940714
1.009717307775421,0.5721579825004467,0.2898518242984665
1.9535912854781248,-0.5392924550631504,-1.2147753088349726
-0.8994823289414104,-0.8460808250531022,-0.11138207787045057
0.34471518712124405,2.1429144368490003,1.0923196286363006
0.6664904067926202,1.1839816460804078,0.7913942020096129
-1.4143226804156128,0.05675352091732758,0.5907772509251543
-0.40609365877863357,1.2733885424774796,-0.11138207787045057
0.6664904067926202,0.1917404037129064,0.3901602998406958
-0.19157684566438285,-0.8232908318538487,-0.8135414066660555
-2.057873119758365,-0.4007994194676864,-0.5126159800393677
-0.5348037466471843,-0.4043055722675715,0.6910857264673836
0.43052191236694404,0.4231464885053272,-0.7132329311238262
-0.38464197746720896,-0.8530931306528725,-0.4123075044971384
-0.7493205597614351,-0.8460808250531022,0.08923487321400798
-0.9209340102528358,-0.6462301154596478,1.19262810417853
-0.01996339517298284,1.199759333679891,0.9920111530940714
0.1516500553184179,-0.09576412587767706,0.6910857264673836
-0.8565789663185605,-0.17815871667497843,0.5907772509251543
0.9239105825297209,-0.2079610154740023,-0.4123075044971384
-0.01996339517298284,-0.8671177418524132,-1.3150837843772019
-1.4143226804156128,-0.15536872347572486,1.4935535308052177
-0.9209340102528358,-0.1711464110752081,1.2929365797207593
0.8810072199068709,0.002408152519107529,0.2898518242984665
-0.6849655158271597,-0.3780094262684328,1.6941704818896763
-0.2773835709100836,-0.8057600678544228,0.2898518242984665
0.9453622638411455,0.09707427811600697,-0.011073602328221294
0.7522971320383202,-0.023887993480031202,0.2898518242984665
0.4948769563012194,-0.0729741326784235,-0.21169055341267984
0.38761854974409404,0.3670480437071646,0.08923487321400798
-0.8351272850071351,-0.830303137453619,0.08923487321400798
-0.42754534009005896,-0.863611589052528,-0.011073602328221294
1.052620670398271,2.009680630453364,0.2898518242984665
-0.44899702140148434,-0.3359355926698108,0.5907772509251543
1.3529442087582224,-0.435860947466538,0.18954334875623724
-0.6206104718928843,-0.32366405787021274,1.5938620063474471
-0.47044870271290895,-0.4937124686646432,-0.011073602328221294
-0.44899702140148434,-0.6374647334599349,-0.7132329311238262
-0.1701251643529582,0.8754401996905135,-0.21169055341267984
-0.2344802082872336,-1.0003515482480494,-1.3150837843772019
-0.06286675779583284,-0.8653646654524706,-0.5126159800393677
-0.8994823289414104,-0.5270209202635523,0.49046877538292505
-0.5991587905814597,-0.767192387055686,-0.011073602328221294
-0.2130285269758082,0.6738364136971164,-0.9138498822082848
2.14665641728095,-0.5726009066620594,-2.2178600642572652
-0.3631902961557836,-0.8460808250531022,-0.011073602328221294
-0.513352065335759,2.82836730922655,0.5907772509251543
-0.8780306476299858,-0.5007247742644135,1.2929365797207593
-1.907711350578389,-0.4253424890668825,-0.5126159800393677
-1.0281924168099612,-0.02213491708008862,0.6910857264673836
-0.513352065335759,-0.8215377554539061,0.08923487321400798
1.1384273956439717,0.2320611609115858,0.7913942020096129
1.653267747118174,-0.8338092902535041,-2.117551588715036
-0.8994823289414104,-0.006357229480605382,1.6941704818896763
1.3529442087582224,0.06727197931698306,0.18954334875623724
-0.2773835709100836,-0.31489867587049986,0.3901602998406958
2.14665641728095,-0.8390685194533318,-1.1144668332927432
-1.0067407354985358,1.5328438496689818,1.5938620063474471
0.7522971320383202,-0.34294789826958116,-1.2147753088349726
0.7308454507268948,1.2435862436784557,0.3901602998406958
-1.0281924168099612,0.15492579931411218,0.6910857264673836
1.8034295162981486,-0.7461554702563751,-2.4184770153417237
0.7308454507268948,0.2022588621125619,0.6910857264673836
1.3529442087582224,-0.2640594602721649,-0.5126159800393677
-1.821904625332689,1.65380612126502,-0.5126159800393677
-0.2344802082872336,0.007667381718935275,0.3901602998406958
-0.5348037466471843,-0.060702597878825426,1.19262810417853
-2.980295416149643,-0.1606279526755526,0.9920111530940714
0.6664904067926202,0.3021842169092891,0.49046877538292505
0.4948769563012194,0.9087486512894225,0.8917026775518422
0.5806836815469194,0.6475402676979778,0.5907772509251543
0.06584333007271792,-0.7619331578558582,0.5907772509251543
-1.0925474607442367,-0.49020631586475805,1.2929365797207593
-0.8780306476299858,-0.7496616230562602,0.2898518242984665
0.7308454507268948,0.08830889611629406,-0.11138207787045057
1.2885891648239471,0.2495919249110116,-0.4123075044971384
1.7605261536752994,-0.5463047606629207,-1.1144668332927432
0.4519735936783694,0.2969249877094613,0.18954334875623724
0.6879420881040448,-0.15536872347572486,-0.6129244555815969
-0.49190038402433434,-0.9950923190482217,-1.415392259919431
0.7522971320383202,-0.1395910358762416,-0.11138207787045057
0.6450387254811948,-0.16238102907549518,-1.3150837843772019
-1.0281924168099612,1.9658537204547997,0.7913942020096129
0.044391648761292535,-0.9530184854495997,-1.3150837843772019
0.43052191236694404,0.07603736131669597,0.6910857264673836
-0.2130285269758082,-0.5392924550631504,0.3901602998406958
0.4948769563012194,0.6002072048995281,-0.5126159800393677
0.7308454507268948,-0.4656632462655619,-0.21169055341267984
-0.49190038402433434,-0.18341794587480617,0.18954334875623724
-0.04141507648440746,-0.7794639218552841,-0.7132329311238262
-0.19157684566438285,-0.48845323946481545,1.0923196286363006
-0.2988352522215082,-0.8776362002520687,-0.6129244555815969
-0.5562554279586097,0.15492579931411218,0.5907772509251543
-0.7493205597614351,-0.5848724414616575,1.19262810417853
-0.2130285269758082,-0.3885278846680883,0.2898518242984665
0.10874669269556791,-1.0546969166462694,-1.5157007354616603
-1.821904625332689,2.4321720428395266,1.19262810417853
0.8381038572840201,-0.3043802174708443,-0.8135414066660555
0.6021353628583448,-0.2500348490726243,-0.7132329311238262
1.3743958900696471,-0.2903556062713037,-0.5126159800393677
2.103753054658099,-0.6479831918595904,-1.2147753088349726
1.0740723517096964,-0.7987477622546525,-2.017243113172807
0.9024589012182955,1.2733885424774796,0.5907772509251543
-0.1701251643529582,-0.29561483547113143,1.2929365797207593
-0.06286675779583284,1.476745404870819,1.6941704818896763
1.2885891648239471,-0.6620078030591311,-2.3181685397994944
0.6021353628583448,0.04097583331784434,-0.011073602328221294
-1.9291630318898143,2.1639513536483115,0.08923487321400798
0.8595555385954455,0.43191187050504015,0.2898518242984665
-0.47044870271290895,1.7502253232618619,1.4935535308052177
1.910687922855274,-0.6146747402606814,-1.1144668332927432
1.2885891648239471,0.2723819181102652,-0.3119990289549091
2.0179463294123994,-0.8285500610536763,-1.1144668332927432
1.996494648100974,-0.7023285602578104,-1.5157007354616603
0.28036014318696867,2.4356781956394116,1.0923196286363006
0.8810072199068709,0.9122548040893076,0.2898518242984665
1.8677845602324248,-0.5901316706614852,-2.4184770153417237
0.9239105825297209,0.07954351411658114,-0.4123075044971384
0.34471518712124405,-0.023887993480031202,0.5907772509251543
0.7093937694154702,1.9693598732546849,0.18954334875623724
0.1731017366298433,1.112105513682762,0.7913942020096129
1.0955240330211218,0.7720086920939011,1.2929365797207593
0.8166521759725955,-0.05719644507894026,-0.011073602328221294
-1.2212575486127866,1.322474681675872,0.49046877538292505
-1.4357743617270373,0.8088232964926952,-0.011073602328221294
0.2160050992526933,1.2663762368777092,1.3932450552629885
0.28036014318696867,1.247092396478341,0.5907772509251543
1.0311689890868463,0.0637658265170979,-0.21169055341267984
0.9668139451525709,0.058506597317270155,0.49046877538292505
0.6664904067926202,-0.2991209882710166,-1.3150837843772019
2.0823013733466755,-0.7917354566548822,-1.6160092110038897
1.0955240330211218,-0.725118553457064,-1.2147753088349726
0.5592320002354948,-0.2675656130720501,-0.011073602328221294
0.3018118244983933,2.3234813060430866,1.6941704818896763
0.7737488133497455,0.2986780641094039,0.08923487321400798
0.4948769563012194,0.9385509500884464,1.4935535308052177
0.4948769563012194,-0.2307510086732559,-0.6129244555815969
-0.6849655158271597,2.220049798446474,0.8917026775518422
0.7737488133497455,0.005914305318992693,-0.21169055341267984
0.6021353628583448,0.4774918569035473,0.9920111530940714
1.0311689890868463,-0.21497332107377265,-1.1144668332927432
1.009717307775421,2.023705241652905,1.0923196286363006
0.8595555385954455,0.15317272291416958,-0.11138207787045057
-0.47044870271290895,3.091328769217937,1.3932450552629885
1.3529442087582224,-0.27107176587193527,-0.4123075044971384
0.5806836815469194,-0.27107176587193527,-0.21169055341267984
1.8463328789209994,-0.7934885330548247,-1.9169346376305774
0.516328637612644,1.687114572863929,1.0923196286363006
1.910687922855274,-0.7952416094547673,-2.017243113172807
0.6450387254811948,0.13739503531468636,-0.4123075044971384
0.1731017366298433,0.2022588621125619,0.6910857264673836
1.0955240330211218,1.301437764876561,0.3901602998406958
1.331492527446797,0.18823425091302123,0.5907772509251543
0.7737488133497455,1.7940522332604265,0.7913942020096129
0.38761854974409404,0.6405279620982074,1.4935535308052177
1.6961711097410233,-0.6777854906586144,-1.5157007354616603
0.8381038572840201,-0.3955401902678586,-0.11138207787045057
-1.5001294056613128,1.9044960464568093,-0.5126159800393677
1.5674610218724725,-0.6076624346609111,-2.2178600642572652
0.7522971320383202,0.20927116771233223,1.19262810417853
0.7308454507268948,-0.21497332107377265,-0.6129244555815969
0.7737488133497455,-0.10102335507750482,-0.11138207787045057
0.8810072199068709,0.3127026753089446,-0.011073602328221294
1.1169757143325463,-0.6988224074579253,-1.716317686546119
0.6450387254811948,-0.030900299079801533,-0.7132329311238262
0.6664904067926202,-0.10628258427733256,-0.3119990289549091
0.9453622638411455,-0.0729741326784235,0.08923487321400798
0.8381038572840201,0.3810726549067053,0.6910857264673836
0.9882656264639963,0.9630940196876425,1.19262810417853
0.40907023105551865,0.19699963291273415,0.5907772509251543
1.0311689890868463,2.048248311252101,1.0923196286363006
-0.06286675779583284,1.7922991568604838,0.6910857264673836
0.5592320002354948,2.9633541920221287,0.5907772509251543
1.1384273956439717,-0.6479831918595904,-1.1144668332927432
0.5592320002354948,0.0935681253161218,0.8917026775518422
0.47342527498979403,-0.07472720907836608,0.49046877538292505
-0.12722180173010822,1.325980834475757,-0.11138207787045057
-1.1354508233670866,1.166450882080982,0.3901602998406958
0.9882656264639963,0.30744344610911684,-0.7132329311238262
1.996494648100974,-0.6024032054610833,-2.2178600642572652
0.8595555385954455,-0.004604153080662799,0.49046877538292505
0.5377803189240694,0.9753655544872406,1.2929365797207593
0.4519735936783694,0.5055410793026286,-0.011073602328221294
0.6235870441697694,-0.42183633626699735,-0.4123075044971384
1.1813307582668218,0.09707427811600697,-0.7132329311238262
1.653267747118174,-0.6585016502592459,-1.1144668332927432
0.7093937694154702,-0.3061332938707869,-0.9138498822082848
0.7737488133497455,0.04974121531755724,0.08923487321400798
0.7308454507268948,1.6678307324645605,1.19262810417853
-1.3070642738584874,0.13564195891474376,-0.11138207787045057
-0.5348037466471843,2.45496203603878,1.5938620063474471
-1.0925474607442367,1.8221014556595079,-0.11138207787045057
2.1895597799038007,-0.7706985398555711,-1.1144668332927432
1.3529442087582224,-0.7268716298570066,-1.5157007354616603
1.009717307775421,-0.33944174546969597,-0.4123075044971384
0.5377803189240694,-0.050184139479169936,-0.011073602328221294
1.2885891648239471,-0.43235479466665283,-0.21169055341267984
0.6879420881040448,1.1962531808800059,0.49046877538292505
0.9668139451525709,-0.32366405787021274,-0.9138498822082848
0.1731017366298433,1.927286039656063,1.0923196286363006
-1.0281924168099612,2.090322144850723,0.6910857264673836
1.0311689890868463,-0.28159022427159075,-1.415392259919431
0.1945534179412679,2.213037492846704,0.7913942020096129
2.1681080985923753,-0.6883039490582699,-1.6160092110038897
1.910687922855274,-0.6672670322589588,-1.716317686546119
0.6235870441697694,0.6878610248966571,-0.6129244555815969
0.28036014318696867,1.6695838088645032,1.2929365797207593
0.9453622638411455,1.7765214692610005,0.7913942020096129
-0.9423856915642604,2.714417343230282,-0.21169055341267984
1.052620670398271,-0.318404828670385,-0.11138207787045057
1.0311689890868463,1.8028176152601396,0.08923487321400798
0.7093937694154702,0.407368800905844,0.6910857264673836
2.2539148238380755,-0.7128470186574659,-1.8166261620883482
0.2589084618755433,1.7993114624602544,1.4935535308052177
0.7308454507268948,0.4739857041036621,0.08923487321400798
0.5806836815469194,0.41262803010567173,0.18954334875623724
0.7522971320383202,1.9202737340562925,0.5907772509251543
1.1813307582668218,2.4532089596388373,0.49046877538292505
0.7093937694154702,-0.4709224754653896,-1.3150837843772019
0.7308454507268948,-0.3885278846680883,-0.4123075044971384
0.7308454507268948,1.7607437816615175,1.4935535308052177
0.10874669269556791,0.64228103849815,1.2929365797207593
-1.285612592547062,1.8781999004576706,-0.11138207787045057
-0.06286675779583284,1.0437355340850012,1.3932450552629885
1.0311689890868463,-0.8478339014530448,-2.4184770153417237
0.8810072199068709,0.3372457449081407,0.18954334875623724
1.331492527446797,-0.5901316706614852,-1.415392259919431
1.1384273956439717,0.025198145718361094,-0.6129244555815969
2.103753054658099,-0.8075131442543654,-1.2147753088349726
1.0740723517096964,1.3312400636755848,0.49046877538292505
1.0955240330211218,-0.19744255707434683,-1.2147753088349726
-1.8862596692669642,1.9658537204547997,1.4935535308052177
0.06584333007271792,0.726428705695394,0.7913942020096129
0.9668139451525709,1.3715608208742642,1.19262810417853
0.7737488133497455,0.02169199291847593,0.2898518242984665
0.7308454507268948,-0.3359355926698108,-0.9138498822082848
0.47342527498979403,0.9473163320881592,0.7913942020096129
0.7308454507268948,2.702145808430684,1.2929365797207593
1.3958475713810725,-0.30963944667067206,-0.4123075044971384
2.1252047359695245,-0.7514146994562028,-1.9169346376305774
0.23745678056411867,-0.03791260467957186,-0.011073602328221294
-0.7278688784500097,2.2849136252443496,0.7913942020096129
0.6021353628583448,0.6370218092983222,1.3932450552629885
0.5592320002354948,0.18472809811313606,-0.011073602328221294
0.8810072199068709,0.10934581291560504,0.49046877538292505
-0.04141507648440746,2.114865214449919,0.6910857264673836
-0.9423856915642604,1.7256822536626657,0.6910857264673836
-1.9291630318898143,2.090322144850723,0.49046877538292505
1.1813307582668218,0.03922275691790175,-0.011073602328221294
-0.5991587905814597,2.0920752212506657,1.5938620063474471
1.4387509340039233,-0.7268716298570066,-1.9169346376305774
0.6021353628583448,-0.2079610154740023,-1.2147753088349726
0.7093937694154702,2.065779075251527,0.9920111530940714
0.43052191236694404,-0.07472720907836608,0.3901602998406958
0.43052191236694404,0.03571660411801659,0.2898518242984665
0.9668139451525709,0.0444819861177295,-0.21169055341267984
0.8810072199068709,-0.12731950107664355,-0.7132329311238262
-0.8136756036957105,2.7179234960301675,0.49046877538292505
0.28036014318696867,1.851903754458532,0.8917026775518422
0.6021353628583448,0.2197896261119877,0.9920111530940714
-1.7790012627098388,1.7695091636612303,-0.6129244555815969
0.7737488133497455,0.482751086103375,0.3901602998406958
2.0179463294123994,-0.6655139558590163,-2.3181685397994944
0.9453622638411455,-0.28159022427159075,-0.7132329311238262
-1.328515955169912,1.6888676492638715,0.9920111530940714
0.9453622638411455,0.36178881450733685,-0.6129244555815969
1.1813307582668218,-0.4831940102649877,-0.21169055341267984
1.4387509340039233,-0.6777854906586144,-1.9169346376305774
2.0823013733466755,-0.5287739966634949,-1.5157007354616603
0.7308454507268948,0.20050578571261932,-0.011073602328221294
1.052620670398271,-0.08349259107807899,-1.1144668332927432
1.6961711097410233,-0.7952416094547673,-1.5157007354616603
0.23745678056411867,2.4497028068389524,0.9920111530940714
0.02293996744986792,1.5240784676692687,0.7913942020096129
0.6879420881040448,-0.21672639747371522,-1.014158357750514
0.001488286138442538,2.7880465520278706,0.18954334875623724
0.7093937694154702,0.4056157245059014,0.5907772509251543
0.516328637612644,-0.060702597878825426,0.3901602998406958
-0.6635138345157351,2.1376552076491726,-0.21169055341267984
2.0823013733466755,-0.7268716298570066,-2.017243113172807
-0.5777071092700343,3.4682401952055923,-0.7132329311238262
-0.08431843910725746,0.8281071368920637,0.7913942020096129
0.5806836815469194,-0.08173951467813641,-0.3119990289549091
1.0955240330211218,-0.8706238946522984,-1.8166261620883482
-0.8351272850071351,1.4276592656724267,-0.21169055341267984
0.9024589012182955,1.5240784676692687,0.7913942020096129
1.6103643844953233,-0.8793892766520113,-1.716317686546119
-0.5348037466471843,0.5195656905021693,-0.8135414066660555
1.1384273956439717,-0.3166517522704424,-0.6129244555815969
-0.8780306476299858,0.7983048380930398,0.5907772509251543
0.34471518712124405,0.4669733985038918,0.5907772509251543
0.8810072199068709,-0.21847947387365782,-1.2147753088349726
-1.9291630318898143,0.15667887571405475,-0.8135414066660555
0.5592320002354948,0.0742842849167534,0.18954334875623724
-1.8004529440212635,0.7947986852931547,1.4935535308052177
0.7737488133497455,0.22504885531181545,0.49046877538292505
1.0955240330211218,-0.28159022427159075,-1.415392259919431
0.06584333007271792,2.2761482432446365,0.8917026775518422
1.996494648100974,-0.7356370118567195,-2.117551588715036
0.7308454507268948,0.27588807091015033,1.2929365797207593
0.5592320002354948,0.9367978736885038,0.8917026775518422
-0.7707722410728605,1.8361260668590487,-0.5126159800393677
0.2160050992526933,-0.03265337547974411,0.2898518242984665
0.7093937694154702,1.2856600772770777,1.4935535308052177
1.052620670398271,-0.4165771070671696,-1.014158357750514
2.0393980107238248,-0.7163531714573511,-2.2178600642572652
0.47342527498979403,0.5072941557025712,0.49046877538292505
0.9239105825297209,0.07253120851681082,-0.011073602328221294
0.32326350580981866,0.1917404037129064,-0.011073602328221294
0.2160050992526933,0.032210451318131425,0.08923487321400798
1.052620670398271,2.483011258437861,0.5907772509251543
0.47342527498979403,0.2583573069107245,-0.011073602328221294
0.02293996744986792,3.2455994924128846,-0.5126159800393677
1.331492527446797,0.28290037650992067,0.08923487321400798
0.6235870441697694,1.753731476061747,0.6910857264673836
-0.38464197746720896,2.072791380851297,-0.21169055341267984
0.6664904067926202,0.0006550761191649468,0.2898518242984665
-0.04141507648440746,2.6618250512320047,0.7913942020096129
0.10874669269556791,2.1674575064481965,1.6941704818896763
0.38761854974409404,0.3021842169092891,0.49046877538292505
0.9024589012182955,0.45820801650417886,0.18954334875623724
1.0740723517096964,-0.8408215958532744,-1.3150837843772019
1.2885891648239471,-0.01336953508037571,-0.11138207787045057
0.38761854974409404,-0.09927027867756223,0.6910857264673836
1.739074472363874,-0.830303137453619,-1.716317686546119
0.6450387254811948,0.07077813211686823,0.49046877538292505
1.3100408461353725,-0.3271702106700979,-1.014158357750514
0.8810072199068709,0.7071448652960255,1.0923196286363006
0.10874669269556791,0.4056157245059014,-0.011073602328221294
1.1598790769553964,-0.4744286282652748,-1.415392259919431
-0.49190038402433434,0.3144557517088871,0.18954334875623724
1.4816542966267725,-0.863611589052528,-2.2178600642572652
-1.0067407354985358,2.0552606168518714,1.19262810417853
0.9024589012182955,-0.4446263294662509,-0.9138498822082848
2.06084969203525,-0.6111685874607962,-2.2178600642572652
0.8595555385954455,0.49677569730291565,0.49046877538292505
0.7522971320383202,0.3179619045087723,0.3901602998406958
0.08729501138414254,0.2390734665113561,0.7913942020096129
0.6021353628583448,-0.2798371478716482,-1.1144668332927432
1.2885891648239471,-0.6304524278601646,-1.716317686546119
0.9239105825297209,0.5230718433020544,0.49046877538292505
1.8677845602324248,-0.7286247062569492,-2.2178600642572652
0.8381038572840201,-0.1220602718768158,0.49046877538292505
0.7737488133497455,2.3936043620407896,0.9920111530940714
1.0311689890868463,2.765256558828617,1.0923196286363006
1.996494648100974,-0.7969946858547099,-2.2178600642572652
-1.9506147132012397,2.551381238035622,-0.21169055341267984
0.5592320002354948,0.6790956428969442,0.9920111530940714
1.1598790769553964,0.11986427131526053,-0.21169055341267984
-1.8433563066441143,0.47047955130377694,-0.6129244555815969
0.47342527498979403,0.20927116771233223,0.49046877538292505
-0.5777071092700343,2.1674575064481965,1.4935535308052177
1.245685802201097,-0.8601054362526429,-2.117551588715036
0.7522971320383202,0.45996109290412146,-0.11138207787045057
-0.04141507648440746,2.472492800038206,0.6910857264673836
2.0823013733466755,-0.6322055042601072,-1.8166261620883482
0.5377803189240694,0.45996109290412146,0.5907772509251543
0.8810072199068709,1.0279578464855181,0.49046877538292505
0.4948769563012194,0.26536961251049485,0.6910857264673836
1.503105977938198,-0.6094155110608537,-1.6160092110038897
0.5377803189240694,0.26361653611055225,0.6910857264673836
0.06584333007271792,2.795058857627641,0.7913942020096129
0.8810072199068709,-0.2798371478716482,-1.1144668332927432
2.1681080985923753,-0.6970693310579827,-1.9169346376305774
0.6879420881040448,-0.19744255707434683,-1.014158357750514
0.8166521759725955,0.5055410793026286,0.5907772509251543
0.5806836815469194,0.08480274331640889,0.5907772509251543
1.9535912854781248,-0.8162785262540783,-2.3181685397994944
0.8166521759725955,1.7765214692610005,0.8917026775518422
0.8381038572840201,0.10934581291560504,0.08923487321400798
0.9239105825297209,0.2618634597106097,0.7913942020096129
1.0311689890868463,-0.48670016306487285,-2.017243113172807
-0.2773835709100836,1.888718358857326,-0.8135414066660555
-0.42754534009005896,2.2884197780442346,-0.011073602328221294
2.103753054658099,-0.8005008386545951,-2.2178600642572652
0.36616686843266866,0.3705541965070498,0.5907772509251543
-0.9638373728756858,2.169210582848139,0.08923487321400798
-1.8004529440212635,3.1088595332173634,0.8917026775518422
0.6879420881040448,-0.08173951467813641,-0.6129244555815969
0.23745678056411867,0.02870429851824626,-0.3119990289549091
0.34471518712124405,0.32146805730865746,0.3901602998406958
1.7819778349867232,-0.7321308590568344,-2.3181685397994944
1.2671374835125218,0.4056157245059014,-0.011073602328221294
0.4519735936783694,0.2197896261119877,-0.6129244555815969
0.6450387254811948,0.2723819181102652,0.08923487321400798
1.8892362415438486,-0.7058347130576956,-1.6160092110038897
-0.8351272850071351,2.2866667016442923,1.3932450552629885
0.6450387254811948,1.2015124100798338,0.08923487321400798
-0.8994823289414104,1.8221014556595079,-0.5126159800393677
0.9453622638411455,-0.16764025827532295,-1.1144668332927432
0.516328637612644,2.4532089596388373,0.8917026775518422
0.7522971320383202,0.37406034930693494,0.49046877538292505
-0.01996339517298284,2.7582442532288467,0.5907772509251543
0.32326350580981866,-0.456897864265849,0.08923487321400798
-1.6073878122184382,1.897483740857039,0.18954334875623724
0.3018118244983933,-0.3587255858690644,-0.3119990289549091
0.9239105825297209,-0.01336953508037571,0.6910857264673836
1.052620670398271,-0.43235479466665283,-0.9138498822082848
0.7522971320383202,-0.360478662269007,-1.3150837843772019
0.4948769563012194,1.2243024032790872,0.9920111530940714
0.7093937694154702,1.539856155268752,0.9920111530940714
-1.0710957794328113,1.6415345864654218,0.8917026775518422
-0.06286675779583284,3.5576470916026643,0.7913942020096129
0.6450387254811948,-0.10452950787738997,-1.2147753088349726
-0.8780306476299858,-0.22373870307348556,1.2929365797207593
-0.34173861484435897,0.10759273651566245,0.8917026775518422
-0.513352065335759,-0.7601800814559156,0.6910857264673836
-0.9423856915642604,-0.11855411907693064,1.0923196286363006
-0.34173861484435897,-0.8565992834527577,0.7913942020096129
-0.7493205597614351,-0.4463794058661935,1.19262810417853
-0.2344802082872336,-0.2780840714717056,0.5907772509251543
0.7737488133497455,-0.9126977282509203,-1.6160092110038897
-1.2641609112356367,0.41262803010567173,-0.4123075044971384
-2.5727134712325666,-0.6479831918595904,-0.8135414066660555
-0.47044870271290895,-0.6269462750602794,-0.011073602328221294
-0.5991587905814597,-0.7075877894576382,0.08923487321400798
0.02293996744986792,-0.8916608114516094,-1.415392259919431
-0.2773835709100836,-0.2798371478716482,1.19262810417853
-0.513352065335759,-0.4726755518653322,0.6910857264673836
-0.01996339517298284,-0.9372407978501165,-0.21169055341267984
-0.6849655158271597,-0.5007247742644135,0.8917026775518422
-0.49190038402433434,-0.46040401706573414,-0.7132329311238262
-0.1701251643529582,0.15843195211399733,1.19262810417853
-0.1701251643529582,-0.4726755518653322,-0.011073602328221294
-0.6635138345157351,-0.7146000950574085,-0.011073602328221294
-0.47044870271290895,-0.18692409867469134,0.6910857264673836
-0.5348037466471843,-0.7619331578558582,0.08923487321400798
-0.5348037466471843,-0.6725262614587866,0.5907772509251543
-1.0710957794328113,0.32146805730865746,1.2929365797207593
-0.14867348304153283,-0.3201579050703276,0.7913942020096129
-0.40609365877863357,-0.754920852256088,-0.7132329311238262
-0.7064171971385851,-0.9162038810508055,0.18954334875623724
-0.42754534009005896,-0.8899077350516668,0.18954334875623724
-0.5777071092700343,0.005914305318992693,1.19262810417853
-0.2130285269758082,-0.46040401706573414,0.6910857264673836
-2.0364214384469395,0.16719733411371024,0.3901602998406958
0.2160050992526933,-1.0459315346465565,-2.117551588715036
-1.242709229924212,-0.6970693310579827,0.9920111530940714
-1.564484449595588,-0.13608488307635647,0.2898518242984665
-0.5562554279586097,0.43015879410509755,0.7913942020096129
-0.6206104718928843,-0.5638355246623465,1.19262810417853
-0.14867348304153283,-0.9565246382494849,-1.1144668332927432
-0.2130285269758082,-0.09576412587767706,0.3901602998406958
-0.5991587905814597,-0.6357116570599923,-0.11138207787045057
-0.7493205597614351,0.2864065293098058,1.4935535308052177
-0.8565789663185605,-0.19218332787451908,1.19262810417853
-2.2723899328726156,-0.036159528279629274,1.5938620063474471
-0.2773835709100836,-0.7969946858547099,-0.011073602328221294
-2.2938416141840405,0.5108003085024564,1.19262810417853
-1.6717428561527135,0.5633926005007338,-0.5126159800393677
0.02293996744986792,-0.7005754838578679,-1.3150837843772019
-0.2559318895986582,-0.9775615550487958,-0.21169055341267984
-0.44899702140148434,-0.8548462070528151,-0.6129244555815969
0.02293996744986792,-0.9758084786488532,-1.5157007354616603
-0.01996339517298284,-1.0459315346465565,-1.8166261620883482
-2.0364214384469395,-0.7689454634556286,1.0923196286363006
-2.980295416149643,-0.3990463430677438,0.9920111530940714
-0.6635138345157351,-0.7496616230562602,0.3901602998406958
-0.38464197746720896,-0.01336953508037571,0.18954334875623724
-0.49190038402433434,-0.5708478302621168,1.2929365797207593
-0.44899702140148434,-0.6129216638607388,0.49046877538292505
-0.49190038402433434,-0.6479831918595904,0.49046877538292505
0.1945534179412679,-0.9775615550487958,-1.1144668332927432
-0.2559318895986582,0.05675352091732758,0.2898518242984665
-0.5348037466471843,-0.809266220654308,0.49046877538292505
-0.7707722410728605,-0.5901316706614852,-0.4123075044971384
-1.6288394935298636,-0.0922579730777919,0.6910857264673836
-0.2344802082872336,-0.7496616230562602,0.5907772509251543
-0.3631902961557836,-0.6514893446594756,0.3901602998406958
-0.5348037466471843,-0.018628764280203457,0.5907772509251543
-1.0067407354985358,-0.435860947466538,1.4935535308052177
-0.6849655158271597,-0.9495123326497146,-0.011073602328221294
-0.42754534009005896,-0.8758831238521261,0.7913942020096129
-0.40609365877863357,-0.5200086146637819,0.3901602998406958
-0.5348037466471843,-0.7917354566548822,0.18954334875623724
-0.7278688784500097,-0.2903556062713037,1.19262810417853
0.5592320002354948,-1.0196353886474179,-2.017243113172807
-0.40609365877863357,-0.7566739286560306,0.08923487321400798
-0.7493205597614351,-0.17465256387509326,1.19262810417853
-0.6420621532043097,-0.04492491027934219,1.4935535308052177
-1.8862596692669642,-0.4639101698656193,0.8917026775518422
-0.9638373728756858,-0.2886025298713611,1.6941704818896763
-0.7064171971385851,-0.5638355246623465,0.8917026775518422
-0.38464197746720896,0.14966657011428441,1.2929365797207593
-0.6420621532043097,-0.8040069914544802,0.5907772509251543
-0.47044870271290895,-0.8530931306528725,0.49046877538292505
0.5377803189240694,-1.0301538470470732,-2.4184770153417237
-0.2988352522215082,-0.9389938742500591,-1.014158357750514
-1.7146462187755636,-0.7198593242572363,-0.4123075044971384
-2.2723899328726156,-0.8478339014530448,1.0923196286363006
0.1945534179412679,-1.0073638538478198,-1.6160092110038897
0.2160050992526933,-1.0546969166462694,-2.2178600642572652
0.38761854974409404,-1.0757338334455804,-1.3150837843772019
0.6235870441697694,-1.031906923447016,-2.2178600642572652
-0.47044870271290895,-0.5200086146637819,-0.11138207787045057
-2.679971877789692,-0.20270178627417457,0.18954334875623724
-0.1701251643529582,-0.9915861662483365,-0.7132329311238262
-0.6420621532043097,-0.21146716827388748,1.2929365797207593
-0.3631902961557836,-0.6024032054610833,1.2929365797207593
-0.8136756036957105,0.4091218773057866,0.9920111530940714
-2.5512617899211416,-0.809266220654308,-0.4123075044971384
-0.2773835709100836,-0.2921086826712463,0.8917026775518422
-0.3202869335329336,-0.565588601062289,0.7913942020096129
-1.0281924168099612,-0.2658125366721075,1.19262810417853
0.47342527498979403,-0.9968453954481643,-2.017243113172807
-1.1139991420556612,-0.4937124686646432,1.4935535308052177
-0.34173861484435897,-0.18517102227474874,0.3901602998406958
-0.7493205597614351,-0.3674909678687773,0.9920111530940714
0.10874669269556791,-0.8653646654524706,-0.6129244555815969
0.7737488133497455,-0.9933392426482791,-2.2178600642572652
-0.6635138345157351,-0.8899077350516668,0.08923487321400798
-0.12722180173010822,-0.8688708182523558,-0.3119990289549091
-0.5348037466471843,-0.725118553457064,-0.9138498822082848
-2.722875240412542,-0.08173951467813641,0.18954334875623724
-0.2988352522215082,-0.8986731170513796,-1.415392259919431
-2.5083584272982913,-0.6532424210594182,-0.21169055341267984
-0.5777071092700343,-0.649736268259533,0.08923487321400798
-0.08431843910725746,-0.8390685194533318,-1.2147753088349726
-0.513352065335759,-0.8881546586517242,-0.011073602328221294
-2.6585201964782668,-0.5901316706614852,-0.8135414066660555
-0.7922239223842851,-0.6900570254582123,-0.011073602328221294
-0.3202869335329336,-0.8653646654524706,-0.4123075044971384
-0.6420621532043097,-0.6760324142586718,0.08923487321400798
-2.7443269217239674,0.032210451318131425,0.5907772509251543
-0.34173861484435897,-0.3990463430677438,1.19262810417853
-0.2773835709100836,-0.36223173866894953,0.2898518242984665
-0.34173861484435897,-0.8075131442543654,-0.4123075044971384
-0.1701251643529582,-0.8828954294518965,-1.3150837843772019
-0.9423856915642604,-0.788229303854997,0.3901602998406958
-3.0661021413953433,-0.3762563498684902,0.5907772509251543
-1.0710957794328113,-0.43060171826671023,1.3932450552629885
-0.8565789663185605,0.6527994968978055,1.3932450552629885
-0.49190038402433434,-0.6024032054610833,0.08923487321400798
-0.08431843910725746,-1.0599561458460973,-1.415392259919431
-0.7493205597614351,-0.8390685194533318,0.49046877538292505
0.47342527498979403,-1.0126230830476475,-1.3150837843772019
0.6450387254811948,-1.0459315346465565,-1.1144668332927432
0.8595555385954455,-1.0950176738449489,-2.3181685397994944
-0.47044870271290895,-0.5585762954625187,0.18954334875623724
-0.44899702140148434,-0.1308256538765287,0.18954334875623724
-0.2344802082872336,-0.9617838674493127,-0.7132329311238262
0.40907023105551865,-1.0687215278458102,-2.3181685397994944
0.02293996744986792,-1.0634622986459823,-2.117551588715036
-0.9209340102528358,0.012926610918763022,1.19262810417853
-0.04141507648440746,-0.8828954294518965,-0.3119990289549091
-0.12722180173010822,-0.9039323462512074,-0.5126159800393677
-0.47044870271290895,-0.8706238946522984,0.3901602998406958
-0.3631902961557836,-0.39203403746797344,0.6910857264673836
-1.3499676364813373,0.5721579825004467,-0.5126159800393677
-1.328515955169912,0.042728909717786916,1.5938620063474471
-0.38464197746720896,-0.8601054362526429,1.2929365797207593
-0.6635138345157351,-0.7110939422575234,0.3901602998406958
-0.7278688784500097,-0.23425716147314105,1.6941704818896763
-0.12722180173010822,-0.8250439082537913,0.6910857264673836
-1.1569025046785113,-0.4639101698656193,1.3932450552629885
0.7522971320383202,-0.414824030667227,-0.11138207787045057
-1.1354508233670866,-0.31314559947055726,0.6910857264673836
-0.7278688784500097,1.6397815100654791,-0.7132329311238262
-0.5348037466471843,-0.3885278846680883,1.0923196286363006
-0.14867348304153283,-0.725118553457064,0.6910857264673836
0.5592320002354948,0.22329577891187288,0.6910857264673836
-0.49190038402433434,-0.9354877214501739,-0.3119990289549091
-0.14867348304153283,-0.38326865546826056,0.49046877538292505
-1.9720663945126642,1.4890169396704172,0.49046877538292505
-0.47044870271290895,-0.7426493174564899,0.3901602998406958
-1.2641609112356367,2.481258182037919,1.2929365797207593
-0.7278688784500097,-0.0729741326784235,0.9920111530940714
0.6879420881040448,-0.0729741326784235,-0.6129244555815969
-1.564484449595588,-0.5515639898627485,-0.8135414066660555
-0.7278688784500097,-0.6777854906586144,0.49046877538292505
-0.12722180173010822,-0.7110939422575234,1.0923196286363006
-0.01996339517298284,-0.9442531034498868,-2.2178600642572652
0.9668139451525709,-0.456897864265849,-0.7132329311238262
0.28036014318696867,-1.0967707502448913,-1.8166261620883482
-0.19157684566438285,-0.7566739286560306,-1.014158357750514
1.2671374835125218,-0.29561483547113143,-0.9138498822082848
0.6021353628583448,2.3515305284421677,1.5938620063474471
0.5806836815469194,-1.0757338334455804,-1.3150837843772019
-0.49190038402433434,-0.35171328026929405,1.19262810417853
-0.40609365877863357,-0.8741300474521835,-0.5126159800393677
-3.0875538227067683,-0.16939333467526552,0.49046877538292505
-1.199805867301362,0.23556731371147094,1.0923196286363006
0.10874669269556791,-0.9880800134484513,-2.3181685397994944
0.7952004946611702,-0.22549177947342813,-0.9138498822082848
-0.06286675779583284,-1.065215375045925,-1.9169346376305774
-0.7064171971385851,0.09707427811600697,0.6910857264673836
-0.06286675779583284,-0.8671177418524132,-0.11138207787045057
-0.8351272850071351,0.09532120171606438,1.0923196286363006
0.4948769563012194,1.4749923284708766,0.7913942020096129
0.40907023105551865,0.40386264810595884,-0.7132329311238262
1.0740723517096964,-0.16764025827532295,-0.8135414066660555
-1.0067407354985358,-0.5936378234613704,0.9920111530940714
-2.5298101086097167,0.0830496669164663,0.18954334875623724
0.4519735936783694,0.2022588621125619,0.5907772509251543
-0.6635138345157351,-0.5427986078630355,0.5907772509251543
0.8810072199068709,-0.9950923190482217,-2.3181685397994944
-2.5727134712325666,-0.6111685874607962,1.2929365797207593
0.5806836815469194,0.3127026753089446,0.3901602998406958
-0.2988352522215082,-0.9758084786488532,-0.6129244555815969
0.5806836815469194,2.551381238035622,0.7913942020096129
-1.5215810869727382,-0.2307510086732559,-0.5126159800393677
0.7522971320383202,0.2881596057097484,0.08923487321400798
1.1169757143325463,1.133142430482073,0.7913942020096129
-0.38464197746720896,-0.7496616230562602,0.49046877538292505
0.7737488133497455,0.10934581291560504,0.3901602998406958
0.8810072199068709,0.5300841489018248,-0.11138207787045057
-0.6206104718928843,-0.9197100338506906,0.2898518242984665
1.1813307582668218,-0.4709224754653896,-0.21169055341267984
0.001488286138442538,2.1359021312492303,0.6910857264673836
-0.7064171971385851,-0.7023285602578104,0.2898518242984665
0.7093937694154702,0.1426542645145141,-0.011073602328221294
-0.2988352522215082,3.0071811020206933,0.9920111530940714
0.32326350580981866,0.14791349371434184,-0.11138207787045057
-0.5991587905814597,-0.7917354566548822,-0.4123075044971384
0.8810072199068709,0.16719733411371024,0.49046877538292505
-0.44899702140148434,-0.8162785262540783,-0.21169055341267984
-0.6420621532043097,-0.8916608114516094,-0.011073602328221294
-0.7922239223842851,0.07077813211686823,1.2929365797207593
0.8166521759725955,-1.073980757045638,-1.2147753088349726
-0.1701251643529582,-0.9635369438492553,-1.415392259919431
2.2539148238380755,-0.5147493854639542,-1.2147753088349726
-1.5215810869727382,0.5528741421010783,-0.7132329311238262
0.8810072199068709,0.02695122211830368,0.6910857264673836
0.2160050992526933,0.012926610918763022,-0.011073602328221294
-0.47044870271290895,-0.7093408658575808,0.49046877538292505
-0.3631902961557836,-0.7777108454553415,0.5907772509251543
0.7522971320383202,0.3179619045087723,0.08923487321400798
-1.1354508233670866,-0.6742793378587292,0.8917026775518422
0.9882656264639963,-0.6847977962583847,-1.9169346376305774
0.9882656264639963,-0.06771490347859575,0.9920111530940714
0.47342527498979403,-1.0950176738449489,-2.3181685397994944
-1.4572260430384627,-0.6216870458604516,1.0923196286363006
-0.6206104718928843,-0.842574672253217,0.08923487321400798
-0.34173861484435897,1.1927470280801207,1.0923196286363006
-1.6717428561527135,2.414641278840101,-0.5126159800393677
-1.2212575486127866,-0.5498109134628059,-0.21169055341267984
0.9239105825297209,0.009420458118877857,0.5907772509251543
-0.01996339517298284,-1.0038577010479346,-1.014158357750514
-0.06286675779583284,-0.9565246382494849,-2.117551588715036
0.06584333007271792,-0.7531677758561454,0.49046877538292505
0.001488286138442538,0.8877117344901115,1.5938620063474471
0.6450387254811948,-0.19744255707434683,-0.6129244555815969
1.0740723517096964,0.19699963291273415,0.7913942020096129
-0.49190038402433434,-0.8443277486531596,-0.7132329311238262
1.5889127031838979,-0.5375393786632078,-2.4184770153417237
-0.8780306476299858,-0.45865094066579154,0.9920111530940714
0.7952004946611702,1.6380284336655366,0.2898518242984665
0.6879420881040448,0.06727197931698306,-0.011073602328221294
-0.9209340102528358,-0.11855411907693064,1.2929365797207593
-0.10577012041868285,-0.767192387055686,-0.3119990289549091
-0.6420621532043097,-0.8478339014530448,0.2898518242984665
1.2885891648239471,0.3688011201071072,0.08923487321400798
-1.8004529440212635,-0.5848724414616575,-0.21169055341267984
-0.2773835709100836,0.23732039011141354,0.3901602998406958
0.9453622638411455,-0.11329488987710289,0.18954334875623724
1.6318160658067487,-0.8688708182523558,-1.1144668332927432
0.1516500553184179,2.521578939236598,1.5938620063474471
1.1169757143325463,-0.3569725094691218,0.49046877538292505
1.1598790769553964,0.011173534518820439,0.2898518242984665
0.7952004946611702,-0.36223173866894953,-1.1144668332927432
-0.7493205597614351,-0.49195939226470065,1.3932450552629885
-0.2773835709100836,-0.758427005055973,-0.11138207787045057
-0.2773835709100836,0.34250497410796843,0.2898518242984665
0.8381038572840201,-0.016875687880260875,0.49046877538292505
0.02293996744986792,-0.9600307910493701,-0.8135414066660555
0.8381038572840201,-0.09050489667784932,-1.415392259919431
-2.7657786030353924,-0.3674909678687773,-0.011073602328221294
2.1895597799038007,-0.6655139558590163,-1.9169346376305774
1.996494648100974,-0.8513400542529299,-1.6160092110038897
1.0955240330211218,-0.11504796627704547,-0.011073602328221294
0.7522971320383202,-1.0424253818466713,-2.2178600642572652
0.9668139451525709,1.0121801588860349,0.2898518242984665
-0.6635138345157351,-0.7023285602578104,-0.011073602328221294
1.1169757143325463,0.5511210657011357,1.2929365797207593
-0.8136756036957105,0.5458618365013079,1.4935535308052177
-0.47044870271290895,-0.7864762274550544,0.49046877538292505
1.0955240330211218,-0.788229303854997,-1.6160092110038897
1.1813307582668218,-0.3008740646709592,0.08923487321400798
-0.6849655158271597,-0.6602547266591885,0.6910857264673836
0.6021353628583448,0.2022588621125619,0.08923487321400798
-0.34173861484435897,-0.6427239626597627,-0.11138207787045057
-0.5991587905814597,-0.6444770390597052,0.5907772509251543
0.5592320002354948,0.04974121531755724,-0.011073602328221294
-0.8351272850071351,1.8378791432589912,0.7913942020096129
1.1813307582668218,-0.32366405787021274,-0.7132329311238262
0.5592320002354948,1.7344476356623786,0.9920111530940714
0.044391648761292535,0.8473909772914321,1.19262810417853
-1.7146462187755636,-0.24302254347285396,0.2898518242984665
-0.2130285269758082,-0.981067707848681,-1.3150837843772019
0.8810072199068709,1.4749923284708766,0.18954334875623724
-0.2130285269758082,-0.5708478302621168,1.0923196286363006
-0.8351272850071351,-0.43060171826671023,1.4935535308052177
1.1384273956439717,2.114865214449919,0.6910857264673836
1.996494648100974,-0.5971439762612556,-2.117551588715036
0.4948769563012194,2.418147431639986,0.6910857264673836
-0.04141507648440746,-0.53228014946338,-0.011073602328221294
0.47342527498979403,1.774768392861058,0.9920111530940714
0.8810072199068709,-0.5287739966634949,-0.5126159800393677
0.43052191236694404,0.38983803690641816,-0.11138207787045057
0.02293996744986792,-1.0354130762469012,-2.4184770153417237
0.9239105825297209,-0.030900299079801533,0.49046877538292505
-0.8565789663185605,0.45996109290412146,1.0923196286363006
0.43052191236694404,0.1899873273129638,0.18954334875623724
0.43052191236694404,-1.0126230830476475,-1.2147753088349726
-0.6635138345157351,0.8771932760904559,1.3932450552629885
2.0823013733466755,-0.6409708862598201,-1.3150837843772019
1.3529442087582224,-0.18517102227474874,-0.6129244555815969
1.2885891648239471,-0.8460808250531022,-1.3150837843772019
-1.8648079879555388,0.33549266850819814,0.08923487321400798
0.43052191236694404,0.2495919249110116,-0.11138207787045057
0.8595555385954455,0.02169199291847593,-1.1144668332927432
1.5460093405610487,-0.7461554702563751,-1.716317686546119
1.009717307775421,0.3144557517088871,0.7913942020096129
0.36616686843266866,-0.11680104267698806,0.2898518242984665
0.6235870441697694,1.6485468920651922,0.5907772509251543
0.7522971320383202,-0.07648028547830867,-1.3150837843772019
0.1731017366298433,0.7316879348952217,1.3932450552629885
0.6021353628583448,-0.1027764314774474,-0.6129244555815969
0.32326350580981866,0.46872647490383434,0.08923487321400798
0.5592320002354948,-0.21847947387365782,-0.4123075044971384
0.6879420881040448,0.4564549401042363,-0.011073602328221294
0.40907023105551865,0.3950972661062459,-0.5126159800393677
0.1731017366298433,-0.34294789826958116,-0.4123075044971384
0.6879420881040448,0.46171416930406406,0.49046877538292505
1.6961711097410233,-0.7864762274550544,-1.9169346376305774
0.8595555385954455,-0.15536872347572486,-0.7132329311238262
0.9024589012182955,1.5275846204691539,0.2898518242984665
1.2671374835125218,-0.0642087506787106,-1.415392259919431
0.7522971320383202,0.27588807091015033,-0.011073602328221294
2.0393980107238248,-0.6339585806600497,-1.2147753088349726
0.9024589012182955,1.0437355340850012,0.3901602998406958
0.7093937694154702,2.009680630453364,0.8917026775518422
0.516328637612644,0.1338888825148012,-0.11138207787045057
1.8034295162981486,-0.7286247062569492,-2.2178600642572652
0.4948769563012194,0.35127035610768137,0.49046877538292505
0.6664904067926202,0.3547765089075665,0.2898518242984665
1.653267747118174,-0.6146747402606814,-1.8166261620883482
1.1169757143325463,0.002408152519107529,1.19262810417853
0.7522971320383202,-0.3061332938707869,-0.3119990289549091
0.32326350580981866,-0.2991209882710166,-0.3119990289549091
0.516328637612644,2.34627129924234,1.6941704818896763
-0.5777071092700343,0.41262803010567173,0.08923487321400798
1.0740723517096964,-0.43060171826671023,-0.9138498822082848
1.0311689890868463,-0.19568948067440425,-0.21169055341267984
0.6879420881040448,-0.24652869627273913,-1.415392259919431
1.052620670398271,1.4241531128725415,0.18954334875623724
-0.9209340102528358,2.749478871229134,0.6910857264673836
0.34471518712124405,2.623257370433268,0.6910857264673836
-1.4143226804156128,1.2558577784780538,-0.011073602328221294
0.8381038572840201,-0.2395163906729688,-1.3150837843772019
1.1813307582668218,-0.4937124686646432,-1.415392259919431
1.7819778349867232,-0.6900570254582123,-1.716317686546119
2.1895597799038007,-0.7777108454553415,-2.2178600642572652
1.331492527446797,0.3144557517088871,-0.011073602328221294
0.40907023105551865,0.5055410793026286,1.5938620063474471
0.5592320002354948,0.4774918569035473,0.5907772509251543
1.8677845602324248,-0.6602547266591885,-2.117551588715036
0.5377803189240694,0.3267272865084852,0.6910857264673836
0.6664904067926202,1.4837577104705895,1.0923196286363006
1.1384273956439717,1.6292630516658237,1.2929365797207593
-0.5348037466471843,0.5914418228998151,1.5938620063474471
1.1813307582668218,1.12437704848236,0.5907772509251543
-0.5562554279586097,2.6618250512320047,0.8917026775518422
1.2885891648239471,-0.5094901562641264,-1.415392259919431
0.6021353628583448,0.07253120851681082,-0.3119990289549091
0.02293996744986792,0.29166575850963355,0.5907772509251543
0.8810072199068709,0.1829750217131935,0.08923487321400798
-0.01996339517298284,1.834372990459106,1.6941704818896763
-1.8004529440212635,1.4276592656724267,1.5938620063474471
0.23745678056411867,2.412888202440158,0.7913942020096129
0.9239105825297209,0.39159111330636076,0.8917026775518422
0.8810072199068709,-0.5480578370628633,-0.3119990289549091
0.1516500553184179,0.0742842849167534,0.3901602998406958
0.6879420881040448,1.0770439856839102,1.2929365797207593
0.02293996744986792,3.2473525688128273,1.3932450552629885
0.7522971320383202,2.6372819816328086,0.6910857264673836
1.052620670398271,-0.3762563498684902,-0.11138207787045057
1.5460093405610487,-0.6742793378587292,-1.716317686546119
0.9453622638411455,-0.372750197068605,-0.5126159800393677
1.1598790769553964,-0.4639101698656193,-0.9138498822082848
0.7308454507268948,-0.4007994194676864,-0.21169055341267984
-1.4143226804156128,0.6142318160990686,0.7913942020096129
2.2539148238380755,-0.5796132122618297,-2.117551588715036
-0.2988352522215082,2.8143426980270094,1.0923196286363006
2.14665641728095,-0.5585762954625187,-1.415392259919431
-0.2559318895986582,1.55212769006835,1.2929365797207593
0.7308454507268948,0.36003573810739425,0.18954334875623724
1.245685802201097,-0.6900570254582123,-1.1144668332927432
1.1384273956439717,0.8105763728926378,1.0923196286363006
0.2589084618755433,0.09707427811600697,0.18954334875623724
2.2110114612152247,-0.6830447198584421,-1.3150837843772019
0.7093937694154702,-0.01336953508037571,0.08923487321400798
0.5377803189240694,1.91852065765635,1.19262810417853
0.5806836815469194,0.9385509500884464,1.19262810417853
0.6450387254811948,-0.08699874387796416,0.5907772509251543
0.5806836815469194,-0.025641069879973784,0.2898518242984665
2.23246314252665,-0.8162785262540783,-2.4184770153417237
0.47342527498979403,3.03873647721966,0.7913942020096129
-1.3499676364813373,2.9212803584235068,0.8917026775518422
1.4602026153153471,-0.7426493174564899,-2.117551588715036
1.1598790769553964,-0.10628258427733256,-1.1144668332927432
-1.8433563066441143,-0.06596182707865317,-0.7132329311238262
0.6021353628583448,0.06201275011715532,0.18954334875623724
1.1813307582668218,-0.5235147674636671,-1.415392259919431
0.4948769563012194,0.7124040944958533,1.0923196286363006
0.43052191236694404,0.16544425771376767,-0.11138207787045057
1.0740723517096964,1.6713368852644457,0.3901602998406958
1.0311689890868463,-0.15010949427589712,-0.011073602328221294
2.1681080985923753,-0.7128470186574659,-1.2147753088349726
0.9668139451525709,0.09882735451594954,0.3901602998406958
0.8595555385954455,0.2723819181102652,0.49046877538292505
-0.06286675779583284,0.7299348584952791,0.6910857264673836
-0.5991587905814597,2.3567897576419954,-0.21169055341267984
0.7093937694154702,-0.5673416774622316,-0.6129244555815969
-0.8994823289414104,1.1348955068820155,1.5938620063474471
1.0311689890868463,-0.22373870307348556,-1.1144668332927432
-0.8351272850071351,1.3487708276750106,0.9920111530940714
0.32326350580981866,0.005914305318992693,0.18954334875623724
1.245685802201097,-0.4428732530663083,-0.9138498822082848
1.3100408461353725,0.4389241761048105,-0.5126159800393677
0.5806836815469194,-0.006357229480605382,0.2898518242984665
0.9453622638411455,-0.17815871667497843,-0.5126159800393677
0.3018118244983933,1.4714861756709914,1.6941704818896763
0.5806836815469194,1.3592892860746661,0.8917026775518422
1.6747194284295979,-0.704081636657753,-1.6160092110038897
0.516328637612644,-0.09576412587767706,0.49046877538292505
0.4948769563012194,2.7319481072297083,1.19262810417853
1.0955240330211218,1.872940671257843,0.6910857264673836
0.1301983740069933,1.2383270144786278,1.5938620063474471
1.2242341208896717,-0.7005754838578679,-1.9169346376305774
1.331492527446797,-0.14835641787595452,-0.7132329311238262
0.4948769563012194,0.33373959210825554,0.18954334875623724
2.23246314252665,-0.5690947538621742,-1.3150837843772019
0.5377803189240694,0.13914811171462893,0.18954334875623724
0.9239105825297209,-0.4831940102649877,-0.4123075044971384
-0.38464197746720896,2.8178488508268944,-0.4123075044971384
0.9239105825297209,-0.318404828670385,-0.7132329311238262
0.5592320002354948,0.2723819181102652,0.49046877538292505
-1.9935180758240896,0.7544779280944752,1.2929365797207593
0.9668139451525709,2.472492800038206,1.19262810417853
0.5377803189240694,-0.4007994194676864,-0.3119990289549091
0.9453622638411455,-0.4288486418667677,-0.8135414066660555
0.5377803189240694,1.955335262055144,0.8917026775518422
1.245685802201097,-0.9039323462512074,-1.415392259919431
1.3529442087582224,-0.5252678438636097,-1.3150837843772019
1.2027824395782472,-0.3762563498684902,-0.8135414066660555
1.4387509340039233,-0.8145254498541358,-1.8166261620883482
0.8595555385954455,-0.40781172506745667,-1.3150837843772019
0.2160050992526933,2.45496203603878,0.7913942020096129
0.6021353628583448,2.2480990208455554,1.19262810417853
0.9668139451525709,-0.14485026507606938,-0.4123075044971384
0.8810072199068709,1.247092396478341,0.2898518242984665
1.2242341208896717,-0.12030719547687321,-0.21169055341267984
0.001488286138442538,1.3400054456752977,0.8917026775518422
1.0955240330211218,-0.2886025298713611,-0.7132329311238262
2.1252047359695245,-0.725118553457064,-1.8166261620883482
0.6664904067926202,-0.2640594602721649,-0.3119990289549091
0.6450387254811948,0.037469680517959174,0.18954334875623724
0.4519735936783694,0.5160595377022841,0.2898518242984665
0.1945534179412679,0.4845041625033176,0.08923487321400798
0.6664904067926202,2.8774534484249426,0.49046877538292505
1.2885891648239471,-0.8373154430533893,-1.2147753088349726
1.2242341208896717,0.5178126141022267,0.5907772509251543
-0.513352065335759,0.09006197251623663,-0.8135414066660555
0.6879420881040448,0.48976339170314537,0.2898518242984665
0.6879420881040448,0.09707427811600697,0.5907772509251543
0.516328637612644,2.4917766404375743,1.19262810417853
0.8166521759725955,0.40035649530607365,0.18954334875623724
0.38761854974409404,0.33373959210825554,0.18954334875623724
0.34471518712124405,0.09006197251623663,0.2898518242984665
1.052620670398271,0.8491440536913747,0.8917026775518422
1.2027824395782472,-0.3376886690697534,-0.11138207787045057
0.7308454507268948,3.059773394018971,1.2929365797207593
-1.6073878122184382,2.518072786436713,0.8917026775518422
2.0393980107238248,-0.8145254498541358,-2.117551588715036
-0.8351272850071351,1.3645485152744938,-0.21169055341267984
1.9535912854781248,-0.7689454634556286,-1.5157007354616603
0.6450387254811948,1.0349701520852883,0.49046877538292505
1.1598790769553964,-0.17640564027503586,-0.7132329311238262
-0.9209340102528358,0.23381423731152837,1.3932450552629885
-0.6420621532043097,2.5741712312348755,-0.011073602328221294
1.9750429667895502,-0.8215377554539061,-1.2147753088349726
-0.6635138345157351,1.804570691660082,0.9920111530940714
0.7308454507268948,0.10058043091589212,0.2898518242984665
1.3743958900696471,-0.19568948067440425,-1.415392259919431
1.0311689890868463,-0.553317066262691,-0.5126159800393677
-1.4786777243498874,0.3582826617074517,1.5938620063474471
0.1731017366298433,-0.2517879254725669,-0.3119990289549091
0.6879420881040448,1.1945001044800634,1.2929365797207593
1.1169757143325463,-0.018628764280203457,-0.7132329311238262
0.43052191236694404,0.558133371300906,1.0923196286363006
0.6450387254811948,-0.4130709542672844,-0.5126159800393677
0.044391648761292535,1.5083007800697856,0.6910857264673836
0.40907023105551865,-0.3078863702707295,-0.011073602328221294
0.9453622638411455,0.7439594696948197,0.9920111530940714
0.43052191236694404,0.10233350731583471,-0.3119990289549091
1.2242341208896717,0.30569036970917424,-0.21169055341267984
0.9239105825297209,-0.12731950107664355,0.3901602998406958
0.34471518712124405,0.0742842849167534,0.49046877538292505
1.0740723517096964,0.12687657691503085,-0.11138207787045057
0.7522971320383202,-0.3780094262684328,-0.7132329311238262
1.2671374835125218,-0.7426493174564899,-2.2178600642572652
0.5806836815469194,0.2566042305107819,-0.21169055341267984
0.36616686843266866,0.21277732051221737,-0.11138207787045057
-1.2641609112356367,1.301437764876561,1.3932450552629885
0.6664904067926202,1.0980809024832214,1.2929365797207593
0.5806836815469194,2.744219642029306,0.18954334875623724
0.9239105825297209,0.6159848924990112,0.3901602998406958
0.3018118244983933,3.445450202006339,1.5938620063474471
0.6879420881040448,2.9177742056236218,1.5938620063474471
0.7308454507268948,1.7642499344614024,0.7913942020096129
1.5460093405610487,-0.7075877894576382,-1.415392259919431
1.245685802201097,-0.1904302514745765,0.18954334875623724
0.1301983740069933,1.6310161280657662,0.7913942020096129
1.1169757143325463,1.7221761008627805,0.6910857264673836
0.9668139451525709,-0.2482817726726817,-0.7132329311238262
1.2242341208896717,0.2706288417103226,-0.21169055341267984
0.9453622638411455,0.9666001724875277,0.5907772509251543
0.6021353628583448,-0.09401104947773449,0.8917026775518422
1.8034295162981486,-0.7531677758561454,-1.1144668332927432
0.6021353628583448,2.116618290849862,0.3901602998406958
2.23246314252665,-0.8793892766520113,-1.9169346376305774
-0.7278688784500097,2.7862934756279283,0.3901602998406958
0.9239105825297209,-0.011616458680433128,0.18954334875623724
0.1301983740069933,2.505801251637115,0.8917026775518422
0.06584333007271792,3.1877479712147796,0.9920111530940714
1.2885891648239471,-0.03791260467957186,-0.4123075044971384
0.516328637612644,0.17771579251336575,-0.4123075044971384
1.4387509340039233,-0.7969946858547099,-1.1144668332927432
0.5806836815469194,0.004161228919050111,0.49046877538292505
1.009717307775421,-0.3306763634699831,-0.7132329311238262
0.6879420881040448,0.36354189090727945,1.19262810417853
0.40907023105551865,2.7354542600295932,0.7913942020096129
0.47342527498979403,-0.07823336187825125,0.18954334875623724
0.7093937694154702,-0.05894952147888285,0.6910857264673836
0.5592320002354948,0.5300841489018248,0.7913942020096129
1.9750429667895502,-0.8250439082537913,-1.5157007354616603
1.245685802201097,-0.5901316706614852,-2.2178600642572652
1.8892362415438486,-0.5182555382638393,-1.3150837843772019
0.5592320002354948,-0.16764025827532295,-0.21169055341267984
0.7522971320383202,-0.1711464110752081,-0.011073602328221294
2.23246314252665,-0.53228014946338,-2.4184770153417237
0.7522971320383202,0.2583573069107245,0.3901602998406958
0.32326350580981866,0.9893901656867813,1.0923196286363006
0.8381038572840201,0.20050578571261932,-0.11138207787045057
-1.2212575486127866,0.5230718433020544,1.19262810417853
1.3100408461353725,-0.5550701426626335,-2.117551588715036
0.34471518712124405,2.807330392427239,0.8917026775518422
0.23745678056411867,0.2706288417103226,-0.4123075044971384
0.08729501138414254,1.44343695327191,0.6910857264673836
0.34471518712124405,-0.35171328026929405,-0.6129244555815969
2.0393980107238248,-0.6585016502592459,-1.3150837843772019
-0.6206104718928843,0.407368800905844,1.19262810417853
0.32326350580981866,2.090322144850723,0.9920111530940714
0.8166521759725955,-0.4060586486675141,-0.4123075044971384
-1.7146462187755636,2.8108365452271245,-0.011073602328221294
1.0955240330211218,0.8386255952917192,0.5907772509251543
-0.2344802082872336,0.9560817140878722,-0.011073602328221294
0.32326350580981866,0.08655581971635147,0.3901602998406958
0.1945534179412679,0.20050578571261932,-0.011073602328221294
2.0393980107238248,-0.7461554702563751,-1.6160092110038897
1.052620670398271,-0.09401104947773449,1.0923196286363006
0.38761854974409404,2.2516051736454408,1.19262810417853
1.6961711097410233,-0.5726009066620594,-2.117551588715036
-0.3202869335329336,2.5250850920364836,0.9920111530940714
0.34471518712124405,0.3950972661062459,0.2898518242984665
0.6235870441697694,0.9701063252874128,0.3901602998406958
0.8381038572840201,0.973612478087298,0.08923487321400798
0.8810072199068709,0.3302334393083704,0.18954334875623724
1.1813307582668218,-0.5726009066620594,-1.415392259919431
1.331492527446797,-0.5585762954625187,-1.2147753088349726
2.0393980107238248,-0.7303777826568918,-1.6160092110038897
0.36616686843266866,2.0412360056523307,0.8917026775518422
0.38761854974409404,0.2881596057097484,0.2898518242984665
0.40907023105551865,0.8789463524903985,1.5938620063474471
1.1384273956439717,0.25309807771089676,0.9920111530940714
-1.371419317792762,2.132395978449345,-0.5126159800393677
1.331492527446797,-0.38151557906831796,-1.3150837843772019
1.3529442087582224,-0.04843106307922735,-1.2147753088349726
0.23745678056411867,2.4058758968403877,1.6941704818896763
2.0823013733466755,-0.8653646654524706,-1.1144668332927432
0.7522971320383202,1.5959546000669147,0.3901602998406958
0.7522971320383202,0.7474656224947049,0.5907772509251543
0.6450387254811948,1.9027429700568668,1.0923196286363006
0.10874669269556791,1.3364992928754125,1.19262810417853
0.6664904067926202,0.3021842169092891,0.6910857264673836
1.2027824395782472,-0.3972932666678012,-0.3119990289549091
1.6103643844953233,-0.6479831918595904,-1.9169346376305774
0.4519735936783694,-0.0729741326784235,-0.6129244555815969
1.0955240330211218,-0.6427239626597627,-2.017243113172807
0.6235870441697694,0.30569036970917424,0.18954334875623724
0.8381038572840201,0.06727197931698306,0.2898518242984665
0.47342527498979403,0.449442634504466,0.18954334875623724
0.38761854974409404,-0.029147222679858947,0.6910857264673836
0.6450387254811948,0.0742842849167534,0.2898518242984665
-0.01996339517298284,2.572418154834933,1.3932450552629885
0.6021353628583448,-0.2605533074722798,-0.21169055341267984
1.245685802201097,-0.6988224074579253,-2.3181685397994944
1.0955240330211218,1.5328438496689818,0.6910857264673836
0.5377803189240694,0.19699963291273415,0.3901602998406958
0.08729501138414254,2.1902474996474504,-0.7132329311238262
0.38761854974409404,0.11986427131526053,0.2898518242984665
0.08729501138414254,0.6440341148980926,0.6910857264673836
1.2671374835125218,-0.5217616910637245,-2.017243113172807
-0.19157684566438285,-0.5340332258633226,1.0923196286363006
-0.2559318895986582,-0.7514146994562028,0.3901602998406958
0.38761854974409404,-1.0932645974450064,-2.3181685397994944
0.23745678056411867,-0.9758084786488532,-1.3150837843772019
-1.371419317792762,-0.030900299079801533,0.18954334875623724
-0.9852890541871112,-0.6812916434584995,1.2929365797207593
-0.3631902961557836,-0.6357116570599923,-0.5126159800393677
-1.4572260430384627,0.20927116771233223,-0.6129244555815969
-0.6849655158271597,0.39159111330636076,1.3932450552629885
0.6664904067926202,-1.0336599998469584,-2.117551588715036
0.02293996744986792,-1.073980757045638,-2.017243113172807
0.8166521759725955,-1.031906923447016,-1.5157007354616603
-0.14867348304153283,-0.4744286282652748,0.2898518242984665
0.08729501138414254,-1.1230668962440302,-1.3150837843772019
-0.1701251643529582,-0.8057600678544228,-0.8135414066660555
-0.6420621532043097,-0.6655139558590163,-0.011073602328221294
-0.2130285269758082,-0.2868494534714185,1.19262810417853
-0.3202869335329336,-0.7479085466563176,-1.014158357750514
-0.42754534009005896,-0.9179569574507481,0.18954334875623724
-0.7064171971385851,-0.8110192970542506,-0.5126159800393677
-0.49190038402433434,-0.3271702106700979,1.0923196286363006
0.28036014318696867,-1.0143761594475902,-2.2178600642572652
0.7737488133497455,-1.0143761594475902,-2.3181685397994944
-0.2988352522215082,-0.884648505851839,-0.3119990289549091
-1.4572260430384627,-0.2886025298713611,-0.4123075044971384
-0.8565789663185605,-0.830303137453619,0.6910857264673836
-0.6420621532043097,-0.7724516162555137,-0.011073602328221294
0.10874669269556791,-0.8408215958532744,-1.2147753088349726
-3.023198778772493,-0.034406451879686696,-0.4123075044971384
-0.34173861484435897,-0.3780094262684328,0.2898518242984665
-0.6420621532043097,0.26536961251049485,0.7913942020096129
-2.8515853282810926,0.11986427131526053,0.2898518242984665
0.1301983740069933,-1.1002769030447765,-2.017243113172807
-0.3631902961557836,-0.6988224074579253,0.2898518242984665
0.06584333007271792,-0.9214631102506332,0.6910857264673836
-1.3070642738584874,-0.1728994874751507,-0.011073602328221294
0.9024589012182955,-1.0809930626454083,-1.415392259919431
0.34471518712124405,-1.098523826644834,-1.415392259919431
-0.6635138345157351,-0.7058347130576956,-0.11138207787045057
-2.358196658118316,-0.13608488307635647,-0.9138498822082848
-0.7922239223842851,0.042728909717786916,1.3932450552629885
-0.8351272850071351,-0.8478339014530448,0.6910857264673836
-0.1701251643529582,-0.8390685194533318,-0.8135414066660555
-0.8994823289414104,-0.5796132122618297,0.9920111530940714
-0.2988352522215082,-0.7444023938564325,1.2929365797207593
-0.8780306476299858,0.3372457449081407,0.9920111530940714
-0.04141507648440746,-0.7268716298570066,0.18954334875623724
-0.2773835709100836,-0.11329488987710289,0.49046877538292505
-0.6635138345157351,0.11635811851537536,0.9920111530940714
-0.6635138345157351,-0.16238102907549518,1.2929365797207593
-0.2559318895986582,0.26887576531038,0.7913942020096129
-0.2130285269758082,-0.7689454634556286,0.3901602998406958
0.044391648761292535,-0.7636862342558008,-0.9138498822082848
-1.7146462187755636,-0.22724485587337073,-0.7132329311238262
-2.25093825156119,0.4108749537057292,-0.5126159800393677
-0.47044870271290895,-0.6024032054610833,0.2898518242984665
-1.4357743617270373,-0.09050489667784932,1.19262810417853
0.38761854974409404,-0.9354877214501739,-2.017243113172807
-1.4572260430384627,0.5055410793026286,1.19262810417853
-0.7064171971385851,-0.7391431646566047,-0.011073602328221294
-0.04141507648440746,-0.8583523598527003,-0.8135414066660555
-0.9209340102528358,-0.3955401902678586,0.9920111530940714
0.34471518712124405,-1.0617092222460398,-2.117551588715036
-0.2773835709100836,-0.4007994194676864,0.49046877538292505
-0.10577012041868285,-0.9179569574507481,-2.4184770153417237
-0.34173861484435897,-0.9004261934513222,-1.014158357750514
-0.7064171971385851,-0.5796132122618297,0.49046877538292505
-0.49190038402433434,-0.6129216638607388,0.18954334875623724
-1.2641609112356367,-0.3780094262684328,1.2929365797207593
-0.8565789663185605,-0.3482071274694089,1.5938620063474471
-0.01996339517298284,-0.9652900202491977,-1.3150837843772019
-0.7064171971385851,-0.5375393786632078,0.49046877538292505
-0.10577012041868285,-0.7514146994562028,-0.7132329311238262
-0.14867348304153283,-0.6620078030591311,0.08923487321400798
0.7308454507268948,-1.0950176738449489,-1.3150837843772019
-1.4143226804156128,-0.7356370118567195,1.3932450552629885
-1.1783541859899367,-0.6304524278601646,1.2929365797207593
-0.9209340102528358,-0.7005754838578679,0.6910857264673836
-0.6635138345157351,-0.7514146994562028,0.3901602998406958
-1.285612592547062,-0.5585762954625187,-0.3119990289549091
-1.0925474607442367,-0.07648028547830867,0.7913942020096129
-0.5777071092700343,-0.6760324142586718,-0.7132329311238262
0.001488286138442538,-0.893413887851552,-0.8135414066660555
-0.1701251643529582,-0.027394146279916366,0.7913942020096129
0.7737488133497455,-1.0248946178472456,-1.415392259919431
-0.6849655158271597,-0.7636862342558008,0.08923487321400798
-0.5562554279586097,-0.7146000950574085,-0.3119990289549091
-0.3631902961557836,-0.2658125366721075,0.2898518242984665
-0.42754534009005896,0.35302343250762397,0.49046877538292505
-0.3202869335329336,-0.733883935456777,-0.21169055341267984
-0.34173861484435897,-0.3955401902678586,0.5907772509251543
-0.47044870271290895,-0.8145254498541358,-0.4123075044971384
-0.2559318895986582,-0.9863269370485088,0.2898518242984665
-0.19157684566438285,-0.2289979322733133,1.19262810417853
-0.40609365877863357,0.26361653611055225,0.8917026775518422
-0.7064171971385851,-0.7636862342558008,0.5907772509251543
-0.49190038402433434,0.28465345290986327,1.2929365797207593
0.1945534179412679,-1.0617092222460398,-2.3181685397994944
0.6235870441697694,-1.098523826644834,-2.117551588715036
-0.8565789663185605,0.4757387805036047,0.9920111530940714
-0.7278688784500097,-0.8601054362526429,0.49046877538292505
-0.44899702140148434,-0.7601800814559156,0.2898518242984665
-0.34173861484435897,0.38983803690641816,0.08923487321400798
-0.2988352522215082,-0.8618585126525854,-0.3119990289549091
-0.7064171971385851,-0.6970693310579827,0.5907772509251543
-0.2344802082872336,-0.8653646654524706,-0.6129244555815969
0.1945534179412679,-1.1090422850444894,-1.415392259919431
0.23745678056411867,-0.981067707848681,-2.3181685397994944
0.28036014318696867,-1.0722276806456954,-1.1144668332927432
-0.40609365877863357,-0.926722339450461,-0.4123075044971384
0.001488286138442538,-1.0827461390453508,-1.5157007354616603
-2.5727134712325666,-0.3692440442687199,0.2898518242984665
-1.0925474607442367,-0.5936378234613704,0.8917026775518422
-1.650291174841288,0.23556731371147094,0.18954334875623724
-0.7922239223842851,-0.32191098147027014,0.8917026775518422
0.8810072199068709,-1.0582030694461546,-1.415392259919431
-0.1701251643529582,-0.6690201086589014,1.2929365797207593
-0.01996339517298284,-1.0406723054467288,-2.3181685397994944
-1.0925474607442367,0.407368800905844,1.6941704818896763
-0.7064171971385851,-0.8057600678544228,0.5907772509251543
-0.5348037466471843,-0.5638355246623465,0.08923487321400798
-0.34173861484435897,-0.8530931306528725,-0.5126159800393677
-2.6156168338554164,-0.511243232664069,-0.6129244555815969
-1.0710957794328113,-0.0028510766807202173,1.5938620063474471
-0.40609365877863357,-0.3271702106700979,0.8917026775518422
-0.5991587905814597,-0.5761070594619445,0.08923487321400798
0.9453622638411455,-0.9863269370485088,-1.6160092110038897
-1.9720663945126642,0.10759273651566245,0.7913942020096129
-0.2344802082872336,-0.7601800814559156,0.6910857264673836
-1.4143226804156128,0.46872647490383434,0.18954334875623724
-0.2559318895986582,-0.9530184854495997,-1.3150837843772019
-1.6717428561527135,-0.7005754838578679,-0.11138207787045057
-0.47044870271290895,-0.830303137453619,0.49046877538292505
-0.7064171971385851,-0.7514146994562028,0.5907772509251543
-0.513352065335759,-0.14835641787595452,0.7913942020096129
0.06584333007271792,-0.7023285602578104,-1.415392259919431
-1.1569025046785113,0.36003573810739425,1.5938620063474471
-0.47044870271290895,-0.3990463430677438,0.5907772509251543
-2.358196658118316,-0.6742793378587292,-0.9138498822082848
-1.650291174841288,-0.5375393786632078,1.4935535308052177
0.8166521759725955,-0.9512654090496572,-1.5157007354616603
-2.315293295495466,-0.7216124006571789,1.3932450552629885
-0.38464197746720896,-0.7812169982552266,-0.011073602328221294
-0.40609365877863357,-0.649736268259533,0.49046877538292505
0.02293996744986792,-0.8127723734541932,-0.7132329311238262
-1.9506147132012397,0.3793195785067627,1.4935535308052177
-0.6635138345157351,-0.7514146994562028,0.3901602998406958
-0.2344802082872336,-0.7794639218552841,0.49046877538292505
-0.3631902961557836,-0.4954655450645858,0.5907772509251543
-0.3631902961557836,-0.29386175907118883,1.19262810417853
0.1301983740069933,-1.052943840246327,-2.4184770153417237
-0.8994823289414104,0.35127035610768137,0.8917026775518422
-0.47044870271290895,-0.8583523598527003,-0.7132329311238262
-0.2988352522215082,-0.8618585126525854,-0.4123075044971384
-0.5777071092700343,-0.5918847470614278,0.5907772509251543
0.7093937694154702,-1.1213138198440875,-1.716317686546119
-2.915940372215368,-0.6059093582609685,0.8917026775518422
0.8810072199068709,-1.0354130762469012,-2.2178600642572652
-0.38464197746720896,-0.7514146994562028,-1.014158357750514
-0.6849655158271597,0.738700240494992,0.7913942020096129
-0.01996339517298284,-1.0389192290467861,-1.5157007354616603
-0.1701251643529582,-0.47618170466521736,1.0923196286363006
-0.7707722410728605,-0.221985626673543,1.3932450552629885
-0.12722180173010822,-0.5585762954625187,-0.21169055341267984
-0.44899702140148434,-0.6427239626597627,0.5907772509251543
-0.42754534009005896,-0.6865508726583273,-0.11138207787045057
-0.19157684566438285,-0.4428732530663083,0.3901602998406958
-0.44899702140148434,-0.6883039490582699,0.6910857264673836
-0.44899702140148434,-0.6374647334599349,0.6910857264673836
-0.1701251643529582,0.33549266850819814,0.08923487321400798
-2.4869067459868663,-0.6760324142586718,0.6910857264673836
0.1301983740069933,-1.0301538470470732,-1.8166261620883482
-2.5512617899211416,0.23381423731152837,1.3932450552629885
-2.7872302843468173,-0.19919563347428942,-0.21169055341267984
-0.9638373728756858,-0.7391431646566047,0.5907772509251543
-0.01996339517298284,-1.0424253818466713,-1.6160092110038897
-0.6849655158271597,-0.725118553457064,0.18954334875623724
-0.2559318895986582,-1.0143761594475902,-0.3119990289549091
0.40907023105551865,-1.0476846110464992,-2.017243113172807
-0.2130285269758082,-0.7181062478572937,0.49046877538292505
0.001488286138442538,-1.0389192290467861,-2.117551588715036
-0.42754534009005896,-0.49020631586475805,0.8917026775518422
-0.1701251643529582,-0.7216124006571789,0.3901602998406958
-0.42754534009005896,-0.7426493174564899,-0.8135414066660555
-0.10577012041868285,-0.21146716827388748,0.7913942020096129
-2.336744976806891,0.36178881450733685,0.6910857264673836
-0.47044870271290895,-0.7391431646566047,-0.011073602328221294
-0.14867348304153283,-0.2658125366721075,1.2929365797207593
-3.001747097461068,0.6913671776965423,-0.8135414066660555
-0.6420621532043097,-0.29561483547113143,1.5938620063474471
-0.3631902961557836,-0.5165024618638968,0.6910857264673836
-0.14867348304153283,-0.9162038810508055,-0.11138207787045057
-0.19157684566438285,0.13739503531468636,0.9920111530940714
-0.5562554279586097,-0.725118553457064,0.49046877538292505
-0.9209340102528358,-0.8653646654524706,0.5907772509251543
-0.14867348304153283,-0.7128470186574659,0.3901602998406958
-0.3202869335329336,-0.8653646654524706,-0.7132329311238262
-1.5001294056613128,-0.034406451879686696,0.8917026775518422
-2.830133646969667,-0.13783795947629904,-0.9138498822082848
-0.2130285269758082,-0.7566739286560306,0.5907772509251543
-2.679971877789692,-0.5305270730634374,-0.3119990289549091
-0.3631902961557836,0.35302343250762397,0.2898518242984665
-0.513352065335759,-0.616427816660624,0.49046877538292505
-0.3631902961557836,-0.3552194330691792,0.2898518242984665
-0.42754534009005896,0.047988138917614664,0.5907772509251543
-0.3202869335329336,-0.6988224074579253,1.2929365797207593
-3.0661021413953433,-0.3078863702707295,1.3932450552629885
-0.7493205597614351,-0.12556642467670096,1.3932450552629885
0.8810072199068709,-1.073980757045638,-2.017243113172807
-0.04141507648440746,-1.0494376874464417,-1.2147753088349726
-2.915940372215368,0.6598118024975758,1.5938620063474471
-2.07932480106979,-0.42358941266693995,1.4935535308052177
-0.3631902961557836,-1.0196353886474179,-1.3150837843772019
0.4519735936783694,-0.9652900202491977,-1.9169346376305774
-0.06286675779583284,-1.0196353886474179,-1.415392259919431
-0.49190038402433434,-0.46215709346567674,0.3901602998406958
-0.40609365877863357,-0.9740554022489107,-1.3150837843772019
-0.7707722410728605,0.42840571770515495,1.0923196286363006
-0.8136756036957105,-0.7408962410565473,0.8917026775518422
-0.7064171971385851,-0.6760324142586718,0.49046877538292505
-0.9638373728756858,-0.7601800814559156,0.8917026775518422
-0.8780306476299858,-0.13783795947629904,0.8917026775518422
-0.2130285269758082,-0.884648505851839,0.6910857264673836
0.10874669269556791,-1.0406723054467288,-1.3150837843772019
0.06584333007271792,-0.4691693990654471,0.6910857264673836
-0.6635138345157351,-0.34119482186963856,1.6941704818896763
0.10874669269556791,-0.7531677758561454,-0.6129244555815969
-0.40609365877863357,-0.758427005055973,0.5907772509251543
-0.5777071092700343,0.2303080845116432,0.6910857264673836
-0.7064171971385851,0.20927116771233223,0.6910857264673836
-1.0067407354985358,-0.3552194330691792,1.0923196286363006
-2.143679845004065,-0.7601800814559156,1.3932450552629885
-0.5348037466471843,-0.7899823802549396,-0.011073602328221294
-0.1701251643529582,-0.360478662269007,0.49046877538292505
-0.7922239223842851,-0.04492491027934219,1.0923196286363006
-0.5991587905814597,0.23732039011141354,1.3932450552629885
-2.6585201964782668,-0.22724485587337073,0.2898518242984665
0.1945534179412679,-1.0091169302477623,-1.1144668332927432
-0.06286675779583284,-0.8022539150545377,-0.11138207787045057
-0.1701251643529582,-0.6690201086589014,0.3901602998406958
0.08729501138414254,-0.6742793378587292,-0.4123075044971384
-1.0925474607442367,-0.5796132122618297,1.5938620063474471
-1.1783541859899367,-0.7216124006571789,-0.7132329311238262
0.47342527498979403,-1.0669684514458675,-2.3181685397994944
-0.5348037466471843,-0.46040401706573414,0.8917026775518422
-0.34173861484435897,-0.511243232664069,0.5907772509251543
-0.5348037466471843,-0.7952416094547673,-1.415392259919431
-0.47044870271290895,-0.6024032054610833,0.6910857264673836
-0.5348037466471843,-0.3078863702707295,0.8917026775518422
-0.8994823289414104,-0.09927027867756223,0.7913942020096129
-0.513352065335759,-0.18517102227474874,0.8917026775518422
-0.3631902961557836,-0.863611589052528,-1.2147753088349726
-0.7493205597614351,-0.5270209202635523,0.5907772509251543
-3.001747097461068,-0.4709224754653896,1.5938620063474471
-1.9720663945126642,-0.16939333467526552,1.4935535308052177
-0.08431843910725746,-0.8180316026540209,-0.011073602328221294
-1.1569025046785113,-0.4165771070671696,1.0923196286363006
-0.3631902961557836,-0.5673416774622316,0.08923487321400798
-0.49190038402433434,-0.14485026507606938,0.8917026775518422
-0.2344802082872336,0.3582826617074517,0.2898518242984665
-3.0875538227067683,-0.08173951467813641,0.8917026775518422
-0.40609365877863357,-0.7724516162555137,0.18954334875623724
-0.5562554279586097,-0.7759577690553989,-0.011073602328221294
-0.01996339517298284,-0.7391431646566047,-0.11138207787045057
0.08729501138414254,-0.7934885330548247,-0.9138498822082848
-0.7064171971385851,-0.565588601062289,0.5907772509251543
-0.34173861484435897,-0.830303137453619,-0.9138498822082848
0.2160050992526933,-1.052943840246327,-1.415392259919431
-1.0925474607442367,-0.5866255178616001,0.9920111530940714
-0.2988352522215082,-0.17640564027503586,1.2929365797207593
-0.8565789663185605,-0.9582777146494275,-0.7132329311238262
-0.7064171971385851,-0.43235479466665283,0.7913942020096129
-0.9209340102528358,-0.4831940102649877,1.19262810417853
0.32326350580981866,-1.044178458246614,-2.117551588715036
0.6021353628583448,-0.9915861662483365,-1.3150837843772019
-0.6849655158271597,-0.8373154430533893,0.9920111530940714
-0.5991587905814597,-0.6041562818610259,-0.011073602328221294
0.1516500553184179,-1.0371661526468436,-2.2178600642572652
-0.49190038402433434,-0.863611589052528,-1.014158357750514
-0.5562554279586097,0.05500044451738499,1.6941704818896763
-0.3631902961557836,-0.830303137453619,-0.7132329311238262
-0.5777071092700343,-0.5305270730634374,0.5907772509251543
-1.0281924168099612,-0.01336953508037571,1.4935535308052177
-2.8730370095925175,-0.23601023787308364,-0.4123075044971384
-0.42754534009005896,-0.8583523598527003,0.2898518242984665
-1.0067407354985358,0.19699963291273415,1.0923196286363006
0.08729501138414254,-0.863611589052528,-0.4123075044971384
-2.4011000207411657,-0.7391431646566047,-0.7132329311238262
0.28036014318696867,-1.1090422850444894,-2.3181685397994944
0.8166521759725955,-1.0494376874464417,-2.3181685397994944
-0.6635138345157351,-0.8075131442543654,-0.11138207787045057
-0.3631902961557836,-0.9039323462512074,-0.5126159800393677
0.2589084618755433,-1.010870006647705,-2.2178600642572652
-3.001747097461068,-0.5690947538621742,0.2898518242984665
-0.2344802082872336,-0.809266220654308,-0.4123075044971384
-0.2559318895986582,-0.28159022427159075,0.8917026775518422
-0.8780306476299858,-0.12907257747658613,0.8917026775518422
-0.3202869335329336,-0.8197846790539635,-1.3150837843772019
-0.2988352522215082,-0.6479831918595904,0.49046877538292505
-0.6206104718928843,-0.7566739286560306,0.6910857264673836
1.1813307582668218,-0.1728994874751507,-1.415392259919431
0.8166521759725955,0.018185840118590767,-1.1144668332927432
2.103753054658099,-0.6549954974593608,-1.9169346376305774
-1.6073878122184382,-0.6129216638607388,0.7913942020096129
0.7093937694154702,-0.28159022427159075,-0.9138498822082848
-0.2130285269758082,-0.06596182707865317,-0.9138498822082848
-0.5348037466471843,-0.9319815686502887,-0.4123075044971384
0.02293996744986792,2.1920005760473926,1.6941704818896763
-0.3631902961557836,-0.5813662886617723,0.3901602998406958
-0.38464197746720896,-0.7847231510551118,0.5907772509251543
-0.34173861484435897,-0.7444023938564325,-1.1144668332927432
-2.143679845004065,0.05500044451738499,0.08923487321400798
-0.01996339517298284,0.4161341829055569,-0.6129244555815969
-0.49190038402433434,-0.830303137453619,0.49046877538292505
-0.10577012041868285,-0.9337346450502313,-0.9138498822082848
0.001488286138442538,-0.9389938742500591,-0.4123075044971384
-0.6420621532043097,-0.7777108454553415,0.18954334875623724
-0.2988352522215082,-0.47618170466521736,-0.21169055341267984
0.8595555385954455,0.08480274331640889,-0.011073602328221294
0.9453622638411455,0.15317272291416958,0.5907772509251543
1.7605261536752994,-0.6865508726583273,-1.5157007354616603
0.8595555385954455,0.3828257313066478,-0.011073602328221294
0.8810072199068709,0.16544425771376767,0.18954334875623724
-0.40609365877863357,-0.9740554022489107,-0.4123075044971384
0.7308454507268948,0.6107256632991835,0.18954334875623724
1.2885891648239471,-0.8075131442543654,-1.3150837843772019
-1.0710957794328113,-0.4639101698656193,0.5907772509251543
-2.915940372215368,0.025198145718361094,0.6910857264673836
0.7522971320383202,2.2936790072440627,1.0923196286363006
-0.40609365877863357,-0.9337346450502313,-0.7132329311238262
-3.023198778772493,-0.6725262614587866,0.08923487321400798
0.43052191236694404,0.19699963291273415,-0.11138207787045057
-1.1569025046785113,-0.22724485587337073,0.5907772509251543
0.8595555385954455,0.9105017276893651,0.2898518242984665
-0.42754534009005896,-0.6444770390597052,-0.11138207787045057
0.5806836815469194,2.076297533651182,0.9920111530940714
0.8595555385954455,0.10058043091589212,0.2898518242984665
0.9882656264639963,1.5205723148693837,0.9920111530940714
-1.907711350578389,0.6159848924990112,-0.3119990289549091
-1.1569025046785113,-0.6024032054610833,0.5907772509251543
0.5592320002354948,2.6109858356336697,0.5907772509251543
-0.06286675779583284,2.1779759648478523,1.19262810417853
-0.44899702140148434,3.0439957064194876,0.7913942020096129
2.103753054658099,-0.7093408658575808,-1.6160092110038897
-1.907711350578389,1.955335262055144,-0.11138207787045057
-1.3928709991041874,0.6843548720967719,1.19262810417853
1.8892362415438486,-0.5673416774622316,-1.6160092110038897
-0.8136756036957105,-0.8688708182523558,0.2898518242984665
1.2885891648239471,-0.14309718867612678,-1.014158357750514
-1.7790012627098388,1.0717847564840826,-0.011073602328221294
0.7308454507268948,1.645040739265307,0.9920111530940714
0.40907023105551865,0.04974121531755724,0.5907772509251543
0.6450387254811948,-0.11504796627704547,-0.3119990289549091
-0.38464197746720896,-0.39028096106803084,0.7913942020096129
0.40907023105551865,1.55212769006835,1.6941704818896763
2.06084969203525,-0.7864762274550544,-1.1144668332927432
-2.2080348889383403,-0.2658125366721075,-0.6129244555815969
-1.0067407354985358,0.023445069318418513,1.2929365797207593
0.6235870441697694,3.4910301884048462,1.19262810417853
-2.143679845004065,-0.8565992834527577,-0.11138207787045057
0.4948769563012194,1.6643245796646753,1.2929365797207593
0.34471518712124405,0.7947986852931547,0.8917026775518422
1.1813307582668218,-0.12556642467670096,-1.1144668332927432
-0.2988352522215082,-0.04317183387939961,0.2898518242984665
-3.001747097461068,-0.4025524958676289,1.5938620063474471
0.6235870441697694,0.6808487192968868,1.19262810417853
-1.7146462187755636,1.0823032148837382,-0.011073602328221294
1.910687922855274,-0.7619331578558582,-1.716317686546119
1.2671374835125218,-0.8040069914544802,-1.2147753088349726
-1.5859361309070128,2.630269676033038,-0.7132329311238262
-0.6849655158271597,-0.13783795947629904,1.4935535308052177
0.7737488133497455,-1.0950176738449489,-2.2178600642572652
-0.513352065335759,-0.9407469506500017,-1.014158357750514
0.2589084618755433,-1.1125484378443746,-1.6160092110038897
0.8595555385954455,-0.25354100187250944,0.49046877538292505
0.7522971320383202,1.7063984132632972,0.49046877538292505
-0.513352065335759,-0.7146000950574085,0.49046877538292505
-0.5991587905814597,-0.3289232870700405,0.7913942020096129
-1.9935180758240896,0.15667887571405475,0.7913942020096129
0.6664904067926202,0.002408152519107529,-0.5126159800393677
0.9882656264639963,-0.8548462070528151,-2.3181685397994944
-0.8136756036957105,-0.6339585806600497,1.6941704818896763
-1.5001294056613128,3.3805863752084635,-0.8135414066660555
-0.6420621532043097,3.105353380417478,-0.6129244555815969
-1.1354508233670866,-0.16939333467526552,0.5907772509251543
-0.06286675779583284,-1.044178458246614,-1.8166261620883482
0.08729501138414254,1.3943508140735177,0.9920111530940714
1.245685802201097,0.2303080845116432,-0.6129244555815969
-1.049644098121386,0.04974121531755724,1.2929365797207593
-0.12722180173010822,-0.9144508046508629,-0.8135414066660555
0.9239105825297209,-0.10628258427733256,0.3901602998406958
1.653267747118174,-0.4937124686646432,-2.3181685397994944
0.9882656264639963,0.48801031530320277,-0.5126159800393677
1.7176227910524486,-0.6269462750602794,-1.716317686546119
0.4519735936783694,1.4399308004720248,0.7913942020096129
-1.0710957794328113,-0.025641069879973784,0.5907772509251543
1.6103643844953233,-0.7426493174564899,-2.117551588715036
-0.08431843910725746,0.9701063252874128,1.0923196286363006
0.2160050992526933,2.647800440032464,1.5938620063474471
0.43052191236694404,-0.09401104947773449,0.08923487321400798
-2.358196658118316,0.25309807771089676,-0.4123075044971384
0.8810072199068709,0.0006550761191649468,0.18954334875623724
-0.6635138345157351,-0.6865508726583273,0.18954334875623724
-2.014969757135514,0.35127035610768137,0.7913942020096129
-0.40609365877863357,-0.8811423530519539,-0.4123075044971384
0.9024589012182955,-0.9863269370485088,-1.6160092110038897
-0.7278688784500097,-0.5988970526611981,-0.21169055341267984
0.38761854974409404,-0.19393640427446165,0.49046877538292505
-0.40609365877863357,-0.4674163226655045,0.6910857264673836
0.8810072199068709,-0.3447009746695237,-0.9138498822082848
0.10874669269556791,-0.9985984718481068,-1.8166261620883482
-0.3202869335329336,-0.7496616230562602,-0.5126159800393677
0.10874669269556791,-1.0424253818466713,-1.3150837843772019
0.7737488133497455,0.24608577211112645,0.2898518242984665
-0.40609365877863357,-0.7899823802549396,-0.3119990289549091
-0.12722180173010822,-0.8530931306528725,-0.9138498822082848
-0.6206104718928843,-0.6006501290611407,1.6941704818896763
0.7952004946611702,-0.45865094066579154,-0.6129244555815969
-0.513352065335759,-0.6532424210594182,0.6910857264673836
-0.7493205597614351,-0.6322055042601072,0.18954334875623724
-0.34173861484435897,-0.8355623666534467,0.5907772509251543
1.0740723517096964,-0.14309718867612678,0.3901602998406958
0.38761854974409404,1.8238545320594506,1.5938620063474471
1.052620670398271,-0.10452950787738997,1.2929365797207593
-0.06286675779583284,-1.0915115210450637,-2.2178600642572652
-0.44899702140148434,0.018185840118590767,0.8917026775518422
0.6664904067926202,-0.018628764280203457,0.5907772509251543
0.08729501138414254,1.0682786036841974,1.5938620063474471
1.8892362415438486,-0.8285500610536763,-2.3181685397994944
0.47342527498979403,-0.9635369438492553,-1.8166261620883482
-0.10577012041868285,0.5423556837014228,0.6910857264673836
0.8595555385954455,0.34951727970773877,0.5907772509251543
-1.5215810869727382,0.6492933440979203,-0.9138498822082848
-1.9720663945126642,-0.48670016306487285,-0.3119990289549091
0.1516500553184179,2.5741712312348755,1.2929365797207593
0.5592320002354948,-1.0792399862454656,-1.6160092110038897
0.6450387254811948,2.5864427660344735,1.4935535308052177
-0.6420621532043097,-0.5515639898627485,0.6910857264673836
-0.3202869335329336,-0.9933392426482791,-0.11138207787045057
0.9453622638411455,1.2102777920795467,0.18954334875623724
1.1384273956439717,-0.09050489667784932,-1.3150837843772019
1.245685802201097,-0.5147493854639542,-0.11138207787045057
-0.3202869335329336,-0.9635369438492553,-0.5126159800393677
0.9668139451525709,0.41964033570544207,0.2898518242984665
-2.422551702052591,-0.754920852256088,1.2929365797207593
-0.5562554279586097,-0.6357116570599923,-0.011073602328221294
0.8381038572840201,-0.04141875747945702,0.6910857264673836
-0.6635138345157351,-0.9214631102506332,0.2898518242984665
0.10874669269556791,0.69662640689637,0.7913942020096129
-0.04141507648440746,-0.7496616230562602,-0.11138207787045057
0.7308454507268948,-0.2868494534714185,-1.014158357750514
-0.7707722410728605,0.3004311405093465,1.3932450552629885
-0.2344802082872336,-0.649736268259533,-0.3119990289549091
0.3018118244983933,-0.14660334147601195,-0.7132329311238262
0.1301983740069933,0.7194164000956236,0.8917026775518422
1.1813307582668218,-0.5007247742644135,-1.1144668332927432
0.6021353628583448,2.3813328272411916,0.6910857264673836
0.7737488133497455,-0.34119482186963856,-0.3119990289549091
1.0740723517096964,-0.07823336187825125,-0.6129244555815969
1.3743958900696471,-0.5305270730634374,-1.3150837843772019
0.32326350580981866,-1.098523826644834,-1.6160092110038897
0.5806836815469194,0.05500044451738499,-0.11138207787045057
-1.8004529440212635,0.7229225528955088,-0.3119990289549091
0.9668139451525709,0.2706288417103226,-0.11138207787045057
-1.9935180758240896,2.372567445241479,0.3901602998406958
-0.38464197746720896,-0.8215377554539061,-0.011073602328221294
0.9882656264639963,-0.1413441122761842,0.2898518242984665
1.0740723517096964,-0.628699351460222,-2.3181685397994944
-1.5001294056613128,1.0682786036841974,-0.5126159800393677
0.4948769563012194,1.1945001044800634,1.2929365797207593
0.5592320002354948,1.900989893656924,1.6941704818896763
0.38761854974409404,0.15843195211399733,0.6910857264673836
-2.057873119758365,-0.36398481506889213,0.2898518242984665
-1.3499676364813373,3.322734854010358,-0.5126159800393677
1.1598790769553964,1.876446824057728,0.8917026775518422
-2.937392053526793,-0.48670016306487285,-0.21169055341267984
0.6450387254811948,-0.12381334827675838,-1.1144668332927432
-0.7707722410728605,0.34951727970773877,0.9920111530940714
1.2242341208896717,-0.43410787106659543,-0.4123075044971384
0.9239105825297209,-0.1518625706758397,0.18954334875623724
0.10874669269556791,1.729188406462551,1.5938620063474471
0.7522971320383202,0.36178881450733685,-0.11138207787045057
0.8810072199068709,1.8834591296574983,0.49046877538292505
-0.5348037466471843,-0.3008740646709592,1.0923196286363006
0.38761854974409404,0.04974121531755724,0.08923487321400798
0.6879420881040448,1.401363119673288,0.7913942020096129
-0.2130285269758082,-0.7093408658575808,-0.5126159800393677
1.245685802201097,-0.39378711386791604,-0.4123075044971384
0.7952004946611702,-0.3674909678687773,-0.4123075044971384
0.6235870441697694,-0.21847947387365782,-0.8135414066660555
-0.7493205597614351,-0.8688708182523558,-0.011073602328221294
0.9668139451525709,-0.5094901562641264,-0.4123075044971384
-1.907711350578389,0.7246756292954514,1.0923196286363006
0.34471518712124405,0.2793942237100355,0.08923487321400798
-0.01996339517298284,-1.0266476942471883,-1.8166261620883482
1.1598790769553964,0.8421317480916044,0.18954334875623724
2.2110114612152247,-0.6847977962583847,-2.2178600642572652
-0.9423856915642604,0.002408152519107529,1.19262810417853
1.331492527446797,-0.32191098147027014,-0.11138207787045057
-1.821904625332689,1.3417585220752402,0.8917026775518422
-0.7064171971385851,-0.5024778506643561,0.6910857264673836
0.7093937694154702,2.3129628476434307,1.19262810417853
-0.47044870271290895,0.19875270931267672,1.2929365797207593
-1.650291174841288,1.5275846204691539,1.19262810417853
-2.958843734838218,0.5686518297005615,-0.21169055341267984
-0.9638373728756858,-0.6865508726583273,1.2929365797207593
-0.2559318895986582,-0.6725262614587866,0.6910857264673836
-0.9852890541871112,-0.5550701426626335,0.8917026775518422
-0.01996339517298284,-0.9319815686502887,-0.5126159800393677
0.6450387254811948,0.4266526413052124,0.2898518242984665
-0.3631902961557836,-1.0161292358475327,-0.8135414066660555
-0.40609365877863357,-0.9232161866505758,-0.5126159800393677
-0.40609365877863357,0.12337042411514569,0.3901602998406958
0.516328637612644,-0.9950923190482217,-1.1144668332927432
0.34471518712124405,0.17420963971348058,-0.011073602328221294
0.1731017366298433,1.2663762368777092,1.5938620063474471
1.2242341208896717,-0.7899823802549396,-1.3150837843772019
-0.3631902961557836,-0.27107176587193527,0.2898518242984665
-0.04141507648440746,-0.8811423530519539,0.5907772509251543
-0.3202869335329336,-0.9460061798498294,-1.415392259919431
-1.7575495813984134,1.0051678532862645,0.49046877538292505
1.331492527446797,-0.14660334147601195,-0.3119990289549091
0.34471518712124405,-0.09050489667784932,0.6910857264673836
0.02293996744986792,-0.8390685194533318,-0.5126159800393677
-2.143679845004065,-0.3464540510694663,0.9920111530940714
-0.7064171971385851,-0.8250439082537913,-0.11138207787045057
-0.04141507648440746,-1.0459315346465565,-2.017243113172807
0.1731017366298433,-0.8951669642514946,-1.6160092110038897
1.1813307582668218,-0.2500348490726243,-0.5126159800393677
1.1384273956439717,-0.6462301154596478,-2.2178600642572652
-0.3631902961557836,-0.8653646654524706,0.18954334875623724
-0.42754534009005896,-0.47968785746510256,0.6910857264673836
-0.19157684566438285,-0.7619331578558582,-1.2147753088349726
1.6961711097410233,-0.8197846790539635,-1.3150837843772019
-0.6849655158271597,-0.767192387055686,-0.011073602328221294
-0.3202869335329336,0.3810726549067053,-0.011073602328221294
0.6235870441697694,1.7660030108613451,1.0923196286363006
-0.6206104718928843,-0.6935631782580975,0.49046877538292505
0.7737488133497455,0.1829750217131935,0.08923487321400798
-0.7707722410728605,-0.36573789146883473,1.0923196286363006
-0.9209340102528358,-0.6111685874607962,0.3901602998406958
0.6021353628583448,0.22154270251193028,0.2898518242984665
1.6318160658067487,-0.5200086146637819,-1.3150837843772019
0.2589084618755433,-1.0073638538478198,-1.5157007354616603
-0.5348037466471843,-0.21497332107377265,1.4935535308052177
-0.49190038402433434,-0.8408215958532744,-1.014158357750514
-0.42754534009005896,-0.754920852256088,0.3901602998406958
1.1169757143325463,-0.21672639747371522,-0.4123075044971384
-0.7922239223842851,-0.09576412587767706,0.9920111530940714
1.1813307582668218,1.5030415508699577,0.6910857264673836
0.7093937694154702,1.7975583860603117,0.5907772509251543
0.10874669269556791,-0.7864762274550544,-0.5126159800393677
-0.10577012041868285,0.8859586580901689,1.6941704818896763
0.5377803189240694,0.3091965225090594,-0.11138207787045057
0.5377803189240694,0.042728909717786916,0.08923487321400798
-1.0925474607442367,0.24433269571118385,1.3932450552629885
0.5592320002354948,1.611732287666398,0.49046877538292505
0.36616686843266866,-1.0371661526468436,-2.3181685397994944
1.3958475713810725,-0.7619331578558582,-1.6160092110038897
0.001488286138442538,-0.9565246382494849,-0.5126159800393677
1.996494648100974,-0.8127723734541932,-1.2147753088349726
-0.49190038402433434,-0.6549954974593608,0.08923487321400798
-0.47044870271290895,-0.8040069914544802,-1.2147753088349726
-0.42754534009005896,-0.8548462070528151,-0.6129244555815969
0.23745678056411867,1.573164606867661,1.3932450552629885
-0.34173861484435897,-0.53228014946338,0.08923487321400798
-0.8565789663185605,-0.2517879254725669,0.9920111530940714
0.6664904067926202,-0.36573789146883473,-1.014158357750514
-1.1783541859899367,0.35302343250762397,0.7913942020096129
-1.5859361309070128,3.4752525008053627,0.2898518242984665
0.7093937694154702,-0.12907257747658613,-1.014158357750514
0.34471518712124405,1.8431383724588188,1.6941704818896763
-1.5215810869727382,-0.5094901562641264,0.8917026775518422
-0.7707722410728605,-0.6251931986603368,-0.5126159800393677
-0.5991587905814597,-0.8250439082537913,0.08923487321400798
-0.513352065335759,-0.7233654770571215,-0.011073602328221294
1.1384273956439717,-0.27282484227187787,0.6910857264673836
0.6450387254811948,-0.4849470866649303,-1.415392259919431
0.1301983740069933,0.11986427131526053,0.3901602998406958
0.06584333007271792,1.7274353300626084,0.18954334875623724
-0.513352065335759,-0.6970693310579827,-0.011073602328221294
-0.47044870271290895,-0.372750197068605,0.08923487321400798
0.06584333007271792,2.02019908885302,1.3932450552629885
0.08729501138414254,-0.8986731170513796,-1.1144668332927432
1.2671374835125218,-0.6988224074579253,-2.117551588715036
-1.564484449595588,2.060519846051699,1.4935535308052177
0.4948769563012194,0.2601103833106671,0.2898518242984665
1.2885891648239471,-0.616427816660624,-0.11138207787045057
-2.186583207626915,-0.8443277486531596,-0.9138498822082848
-0.9638373728756858,0.6738364136971164,1.6941704818896763
-1.4786777243498874,0.48801031530320277,0.18954334875623724
1.7176227910524486,-0.5340332258633226,-1.3150837843772019
-0.47044870271290895,2.8809596012248275,0.8917026775518422
0.5377803189240694,0.16018502851393993,-0.011073602328221294
-0.3202869335329336,-0.27282484227187787,0.49046877538292505
0.5592320002354948,2.3690612924415935,0.6910857264673836
0.6021353628583448,0.10058043091589212,0.5907772509251543
0.6664904067926202,2.4602212652386077,0.3901602998406958
0.7952004946611702,0.889464810890054,0.49046877538292505
-0.14867348304153283,-0.5988970526611981,0.6910857264673836
-0.38464197746720896,-0.691810101858155,0.6910857264673836
-0.6420621532043097,0.151419646514227,1.3932450552629885
-0.8994823289414104,0.01993891651853335,0.7913942020096129
-0.49190038402433434,-0.6392178098598775,-0.011073602328221294
-0.19157684566438285,-0.32191098147027014,0.2898518242984665
-0.44899702140148434,-0.6339585806600497,0.2898518242984665
-2.679971877789692,-0.7163531714573511,1.19262810417853
-0.3631902961557836,-0.5568232190625761,0.08923487321400798
0.5806836815469194,-1.0915115210450637,-1.2147753088349726
-0.47044870271290895,-0.32366405787021274,0.7913942020096129
-2.679971877789692,-0.4937124686646432,1.5938620063474471
-0.14867348304153283,-0.8548462070528151,-0.8135414066660555
0.1731017366298433,-1.0915115210450637,-1.8166261620883482
-0.1701251643529582,-0.8688708182523558,-0.21169055341267984
-0.6206104718928843,-0.5831193650617149,0.9920111530940714
0.8166521759725955,-1.002104624647992,-2.3181685397994944
-0.34173861484435897,-0.2517879254725669,0.18954334875623724
-3.0875538227067683,-0.42008325986705475,1.0923196286363006
-0.6206104718928843,-0.8758831238521261,0.5907772509251543
-0.19157684566438285,-0.05719644507894026,0.08923487321400798
-1.6073878122184382,-0.015122611480318291,0.3901602998406958
0.06584333007271792,-1.1125484378443746,-2.2178600642572652
-0.8565789663185605,-0.8793892766520113,0.3901602998406958
-0.10577012041868285,-0.9337346450502313,-1.2147753088349726
-0.44899702140148434,-0.5480578370628633,0.3901602998406958
-0.14867348304153283,-0.8951669642514946,-0.6129244555815969
-0.5348037466471843,-0.6357116570599923,0.08923487321400798
0.7308454507268948,-1.0406723054467288,-1.716317686546119
-0.2130285269758082,-0.8285500610536763,-1.014158357750514
-0.34173861484435897,-0.8951669642514946,-0.8135414066660555
-0.6849655158271597,-0.15010949427589712,1.0923196286363006
-0.34173861484435897,-0.6865508726583273,-0.6129244555815969
-0.34173861484435897,-0.8688708182523558,0.49046877538292505
-0.06286675779583284,-0.9039323462512074,-0.5126159800393677
-0.2773835709100836,-0.9162038810508055,-0.6129244555815969
-1.8862596692669642,-0.3762563498684902,-0.6129244555815969
0.1945534179412679,-0.9460061798498294,-1.5157007354616603
0.3018118244983933,-1.031906923447016,-1.716317686546119
-1.564484449595588,-0.4270955654668251,-0.011073602328221294
-0.6635138345157351,-0.8355623666534467,0.49046877538292505
-0.49190038402433434,-0.9197100338506906,-0.011073602328221294
0.06584333007271792,-0.47793478106515996,-0.3119990289549091
-0.34173861484435897,-0.9460061798498294,-1.014158357750514
-0.04141507648440746,-0.7514146994562028,-0.5126159800393677
-0.38464197746720896,-0.6953162546580401,-0.011073602328221294
-0.3631902961557836,-0.8741300474521835,-1.3150837843772019
-0.40609365877863357,-0.7917354566548822,0.3901602998406958
0.10874669269556791,-1.077486909845523,-2.2178600642572652
-0.47044870271290895,-1.002104624647992,-0.5126159800393677
0.8810072199068709,-1.0669684514458675,-1.5157007354616603
-0.513352065335759,-0.9249692630505184,-0.011073602328221294
-0.513352065335759,-0.0010980002807776353,0.08923487321400798
0.43052191236694404,-1.0844992154452933,-1.5157007354616603
-0.7278688784500097,-0.6129216638607388,0.2898518242984665
-0.7922239223842851,-0.41833018346711215,-0.6129244555815969
-0.7278688784500097,-0.8338092902535041,0.2898518242984665
-1.650291174841288,0.15667887571405475,0.9920111530940714
-0.6635138345157351,-0.6620078030591311,-0.4123075044971384
-0.5991587905814597,-0.7619331578558582,0.08923487321400798
0.7093937694154702,-1.023141541447303,-1.2147753088349726
-0.3202869335329336,-0.6462301154596478,0.18954334875623724
-0.47044870271290895,-0.8758831238521261,0.3901602998406958
-0.8136756036957105,-0.08173951467813641,1.3932450552629885
-2.315293295495466,-0.18692409867469134,-0.11138207787045057
-0.5348037466471843,-0.5410455314630929,-0.5126159800393677
0.06584333007271792,-0.9845738606485662,-1.415392259919431
0.6879420881040448,-0.9495123326497146,-2.117551588715036
-0.6849655158271597,0.5896887464998726,0.8917026775518422
0.10874669269556791,-1.044178458246614,-0.8135414066660555
-1.3499676364813373,0.4564549401042363,-0.8135414066660555
0.6235870441697694,-0.9407469506500017,-2.017243113172807
-0.38464197746720896,-0.7093408658575808,-0.11138207787045057
0.1731017366298433,-1.0371661526468436,-2.3181685397994944
-0.01996339517298284,-0.8618585126525854,-0.6129244555815969
-0.06286675779583284,-0.7531677758561454,-0.11138207787045057
-0.5348037466471843,-0.5866255178616001,1.2929365797207593
0.02293996744986792,-0.9740554022489107,-2.117551588715036
-0.513352065335759,-0.24652869627273913,0.08923487321400798
-1.2641609112356367,-0.08524566747802158,1.4935535308052177
-2.5512617899211416,-0.7163531714573511,-0.7132329311238262
-0.7278688784500097,-0.893413887851552,0.18954334875623724
0.06584333007271792,-0.9004261934513222,-0.4123075044971384
-0.19157684566438285,-0.3569725094691218,0.3901602998406958
-0.38464197746720896,-0.754920852256088,0.08923487321400798
-0.38464197746720896,-0.2605533074722798,0.5907772509251543
-0.5562554279586097,-0.5270209202635523,0.49046877538292505
0.1516500553184179,-1.0687215278458102,-1.716317686546119
-0.7278688784500097,0.1040865837157773,0.8917026775518422
-2.358196658118316,-0.029147222679858947,0.49046877538292505
-0.19157684566438285,-0.9880800134484513,-0.4123075044971384
0.4948769563012194,-0.9162038810508055,-1.716317686546119
-1.9291630318898143,0.5143064613023415,1.2929365797207593
-0.8994823289414104,0.5318372253017674,0.9920111530940714
-0.12722180173010822,-0.27107176587193527,0.5907772509251543
-3.001747097461068,0.21453039691215997,1.3932450552629885
-0.14867348304153283,-0.733883935456777,-0.11138207787045057
-0.44899702140148434,-0.9915861662483365,-1.014158357750514
-0.10577012041868285,-0.7987477622546525,-0.3119990289549091
-0.7922239223842851,-0.7952416094547673,0.5907772509251543
-0.40609365877863357,-0.7829700746551692,-0.4123075044971384
-0.06286675779583284,-0.9021792698512648,-0.7132329311238262
-0.44899702140148434,-0.8899077350516668,-0.8135414066660555
-1.049644098121386,-0.4007994194676864,1.2929365797207593
-0.2344802082872336,-0.8864015822517816,-1.415392259919431
-0.2773835709100836,-0.767192387055686,0.6910857264673836
0.02293996744986792,-1.0617092222460398,-2.2178600642572652
-0.40609365877863357,-0.40956480146739926,0.49046877538292505
-0.2559318895986582,-0.5059840034642413,0.3901602998406958
-0.2344802082872336,-0.7373900882566621,-1.3150837843772019
-0.3631902961557836,-0.565588601062289,0.2898518242984665
-1.1354508233670866,0.3968503425061885,0.6910857264673836
-0.513352065335759,-0.7408962410565473,-0.5126159800393677
-0.8136756036957105,-0.5094901562641264,1.6941704818896763
-0.2559318895986582,-0.3376886690697534,1.0923196286363006
-2.014969757135514,-0.595390899861313,0.8917026775518422
-0.513352065335759,-0.9652900202491977,-0.3119990289549091
-0.7064171971385851,-0.7847231510551118,-0.11138207787045057
0.5806836815469194,-1.0809930626454083,-1.415392259919431
-1.0281924168099612,-0.0028510766807202173,0.5907772509251543
-0.2988352522215082,-0.6479831918595904,-0.011073602328221294
-0.5777071092700343,-0.5024778506643561,0.9920111530940714
0.001488286138442538,-0.9933392426482791,-1.1144668332927432
-0.2773835709100836,-0.7689454634556286,1.0923196286363006
-1.0710957794328113,0.4354180233049253,0.6910857264673836
-0.6206104718928843,-0.21322024467383008,1.6941704818896763
-0.7493205597614351,-0.38326865546826056,0.5907772509251543
-0.34173861484435897,-0.896920040651437,-0.3119990289549091
-0.49190038402433434,-0.733883935456777,-0.8135414066660555
-0.06286675779583284,-0.9512654090496572,-0.4123075044971384
-0.6635138345157351,-0.6146747402606814,0.08923487321400798
0.5592320002354948,-1.1178076670442025,-1.3150837843772019
-0.8351272850071351,0.2706288417103226,1.19262810417853
-2.16513152631549,-0.03265337547974411,1.0923196286363006
-2.186583207626915,0.030457374918188843,1.4935535308052177
-1.5215810869727382,-0.3166517522704424,-0.6129244555815969
-0.1701251643529582,-0.5971439762612556,0.49046877538292505
-1.3928709991041874,-0.5673416774622316,0.49046877538292505
-0.49190038402433434,-0.6374647334599349,0.8917026775518422
-0.1701251643529582,-0.758427005055973,0.5907772509251543
-1.242709229924212,-0.7952416094547673,0.18954334875623724
-1.049644098121386,-0.372750197068605,0.8917026775518422
-0.9423856915642604,-0.8057600678544228,-0.7132329311238262
-0.6635138345157351,-0.8250439082537913,0.5907772509251543
-0.38464197746720896,-0.8197846790539635,-0.011073602328221294
-0.12722180173010822,-0.08699874387796416,0.18954334875623724
-0.513352065335759,-0.6269462750602794,-0.3119990289549091
0.08729501138414254,-0.9495123326497146,-0.6129244555815969
-1.7790012627098388,-0.6444770390597052,0.2898518242984665
-0.513352065335759,-0.35346635666923665,0.8917026775518422
0.3018118244983933,-1.0476846110464992,-1.3150837843772019
-0.5348037466471843,-0.6988224074579253,-0.3119990289549091
-0.44899702140148434,-0.9249692630505184,-0.4123075044971384
-0.3631902961557836,-0.7619331578558582,0.18954334875623724
-1.0067407354985358,0.29517191130951875,1.2929365797207593
-2.100776482381215,-0.18341794587480617,1.0923196286363006
-0.6420621532043097,0.03571660411801659,0.9920111530940714
0.08729501138414254,-0.9197100338506906,0.2898518242984665
-0.04141507648440746,-0.7233654770571215,0.49046877538292505
-0.44899702140148434,-0.6900570254582123,0.49046877538292505
-0.5562554279586097,-0.6690201086589014,0.3901602998406958
-0.01996339517298284,-0.9635369438492553,-1.415392259919431
-1.8004529440212635,0.5861825936999874,-0.21169055341267984
-0.47044870271290895,-1.0371661526468436,-0.4123075044971384
-0.5562554279586097,-0.7724516162555137,0.3901602998406958
-2.12222816369264,-0.595390899861313,0.49046877538292505
-1.6073878122184382,0.3547765089075665,0.7913942020096129
-0.6420621532043097,-0.5392924550631504,-0.011073602328221294
-0.38464197746720896,-0.06946797987853834,0.8917026775518422
-0.19157684566438285,-0.40956480146739926,0.8917026775518422
-0.2344802082872336,-0.0010980002807776353,0.08923487321400798
-0.5562554279586097,-0.5024778506643561,1.0923196286363006
0.8381038572840201,-1.0143761594475902,-1.5157007354616603
-1.4357743617270373,-0.7742046926554563,0.08923487321400798
-0.34173861484435897,-0.8478339014530448,-0.5126159800393677
-0.44899702140148434,-0.7864762274550544,-0.011073602328221294
-0.1701251643529582,-0.9126977282509203,-0.21169055341267984
-0.08431843910725746,-1.0827461390453508,-1.415392259919431
-0.47044870271290895,-0.7303777826568918,0.18954334875623724
-0.7278688784500097,-0.09576412587767706,1.6941704818896763
-0.3631902961557836,-0.09050489667784932,1.19262810417853
-0.3631902961557836,-0.733883935456777,0.5907772509251543
-0.04141507648440746,-0.8250439082537913,-1.3150837843772019
-0.7278688784500097,-0.7093408658575808,-0.21169055341267984
-0.40609365877863357,-0.7373900882566621,0.5907772509251543
0.4948769563012194,-1.0143761594475902,-2.017243113172807
-0.3202869335329336,-0.7163531714573511,0.7913942020096129
-0.47044870271290895,-0.20445486267411717,0.9920111530940714
-0.49190038402433434,-0.7461554702563751,0.49046877538292505
0.001488286138442538,-0.9074384990510925,-0.3119990289549091
-0.42754534009005896,-0.7146000950574085,0.5907772509251543
-0.47044870271290895,-0.6988224074579253,-0.011073602328221294
-0.6420621532043097,-0.7706985398555711,0.2898518242984665
-0.513352065335759,-0.8741300474521835,0.3901602998406958
-1.650291174841288,0.4161341829055569,-0.6129244555815969
0.001488286138442538,-0.863611589052528,-0.5126159800393677
-0.5991587905814597,-0.2412694670729114,1.6941704818896763
-1.9935180758240896,0.33549266850819814,-0.7132329311238262
-0.7493205597614351,-0.44813248226613606,0.7913942020096129
-0.6849655158271597,-0.1606279526755526,1.0923196286363006
-0.19157684566438285,-1.010870006647705,-0.8135414066660555
-1.3070642738584874,0.26536961251049485,0.3901602998406958
0.9239105825297209,-0.9687961730490829,-1.3150837843772019
-2.07932480106979,-0.48845323946481545,1.3932450552629885
-0.513352065335759,-0.7128470186574659,-0.011073602328221294
-0.5348037466471843,-0.9705492494490255,-0.3119990289549091
-0.6420621532043097,-0.8618585126525854,0.6910857264673836
-1.564484449595588,0.007667381718935275,-0.6129244555815969
-0.7922239223842851,-0.4691693990654471,0.49046877538292505
-0.42754534009005896,-0.6199339694605092,0.08923487321400798
-1.0925474607442367,-0.4428732530663083,1.6941704818896763
-1.8433563066441143,-0.5936378234613704,1.19262810417853
-0.3631902961557836,0.1040865837157773,0.18954334875623724
-0.38464197746720896,-0.5007247742644135,-0.11138207787045057
-0.5562554279586097,-0.896920040651437,0.08923487321400798
-0.2344802082872336,-0.7479085466563176,0.49046877538292505
0.6664904067926202,-1.1107953614444321,-1.9169346376305774
-0.7707722410728605,-0.36223173866894953,1.2929365797207593
-0.8351272850071351,-0.2921086826712463,1.3932450552629885
-0.10577012041868285,-0.7514146994562028,0.08923487321400798
0.6021353628583448,-1.0844992154452933,-1.415392259919431
-0.5991587905814597,0.1216173477152031,0.5907772509251543
-0.3202869335329336,-0.036159528279629274,0.49046877538292505
-0.44899702140148434,-0.8110192970542506,0.3901602998406958
0.08729501138414254,-1.0178823122474752,-1.014158357750514
-0.47044870271290895,-0.8145254498541358,0.5907772509251543
-0.2344802082872336,-0.7233654770571215,-1.2147753088349726
-0.34173861484435897,-0.11504796627704547,0.18954334875623724
-0.2559318895986582,0.2495919249110116,0.5907772509251543
-0.3631902961557836,-0.8267969846537339,0.3901602998406958
-2.6585201964782668,-0.0642087506787106,-0.6129244555815969
-0.2988352522215082,-0.9845738606485662,-0.4123075044971384
0.06584333007271792,-1.065215375045925,-1.8166261620883482
-1.3928709991041874,-0.5077370798641838,-0.9138498822082848
0.06584333007271792,-0.5568232190625761,-0.5126159800393677
-1.8862596692669642,0.11285196571549021,0.49046877538292505
-0.12722180173010822,-0.830303137453619,0.6910857264673836
-0.7278688784500097,-0.6795385670585569,0.2898518242984665
-0.49190038402433434,-0.1325787302764713,0.18954334875623724
-0.19157684566438285,-0.7373900882566621,-1.3150837843772019
-0.2559318895986582,-0.7181062478572937,0.6910857264673836
-0.40609365877863357,-0.595390899861313,0.6910857264673836
-0.49190038402433434,-0.1395910358762416,0.8917026775518422
-0.12722180173010822,0.407368800905844,0.9920111530940714
-2.637068515166842,-0.17465256387509326,1.4935535308052177
-0.6635138345157351,-0.7864762274550544,0.2898518242984665
-0.19157684566438285,0.1917404037129064,0.08923487321400798
-2.186583207626915,0.12687657691503085,0.49046877538292505
0.08729501138414254,-0.90568542265115,-0.5126159800393677
-0.2988352522215082,-0.6953162546580401,-0.8135414066660555
-0.04141507648440746,-0.9004261934513222,-0.6129244555815969
0.044391648761292535,-0.7969946858547099,-0.4123075044971384
-0.5348037466471843,-0.2289979322733133,0.5907772509251543
-0.2988352522215082,-0.6549954974593608,0.49046877538292505
0.47342527498979403,-0.9933392426482791,-1.1144668332927432
-0.7064171971385851,-0.8548462070528151,-0.11138207787045057
0.02293996744986792,-0.9723023258489681,-1.716317686546119
-0.2559318895986582,-0.6830447198584421,0.18954334875623724
-2.7443269217239674,-0.7514146994562028,1.3932450552629885
-1.0067407354985358,0.3828257313066478,0.7913942020096129
-0.5348037466471843,-0.725118553457064,0.49046877538292505
-0.6206104718928843,-0.10102335507750482,1.3932450552629885
-0.2773835709100836,-0.7268716298570066,-1.2147753088349726
-1.0067407354985358,0.005914305318992693,0.6910857264673836
-0.5562554279586097,-0.6514893446594756,0.5907772509251543
-0.7493205597614351,-0.9302284922503461,0.08923487321400798
-0.44899702140148434,-0.6532424210594182,0.3901602998406958
-0.7278688784500097,-0.4551447878659064,1.2929365797207593
-0.47044870271290895,-0.6637608794590737,0.3901602998406958
0.10874669269556791,-0.9004261934513222,0.5907772509251543
-0.8565789663185605,-0.7987477622546525,-0.011073602328221294
-0.7707722410728605,-0.8548462070528151,-0.011073602328221294
-1.328515955169912,0.06201275011715532,0.2898518242984665
-0.6420621532043097,-0.8776362002520687,0.18954334875623724
-0.6420621532043097,-0.46215709346567674,-0.3119990289549091
-0.9638373728756858,-0.8022539150545377,-0.21169055341267984
-0.49190038402433434,-0.02213491708008862,0.08923487321400798
0.7522971320383202,-0.9740554022489107,-1.5157007354616603
-1.6073878122184382,-0.616427816660624,0.8917026775518422
-0.2988352522215082,-0.5024778506643561,-0.21169055341267984
-0.38464197746720896,0.014679687318705604,0.08923487321400798
0.02293996744986792,-0.6900570254582123,-0.5126159800393677
0.23745678056411867,-1.0424253818466713,-1.8166261620883482
-0.8136756036957105,-0.46215709346567674,0.8917026775518422
-0.2559318895986582,-0.8548462070528151,0.5907772509251543
-0.6849655158271597,-0.9354877214501739,0.18954334875623724
-0.3631902961557836,-0.9004261934513222,-0.5126159800393677
-0.513352065335759,-0.7356370118567195,0.49046877538292505
-0.38464197746720896,-0.06596182707865317,1.0923196286363006
-0.7064171971385851,-0.6883039490582699,-0.011073602328221294
-0.5777071092700343,0.15667887571405475,0.5907772509251543
0.38761854974409404,-0.9565246382494849,-1.3150837843772019
-0.7064171971385851,-0.8408215958532744,0.3901602998406958
-0.5991587905814597,0.4652203221039492,1.3932450552629885
-0.8136756036957105,-0.6409708862598201,0.6910857264673836
-1.6717428561527135,-0.6637608794590737,-0.6129244555815969
-0.513352065335759,-0.5445516842629781,-0.11138207787045057
-2.937392053526793,0.1899873273129638,0.49046877538292505
-0.2988352522215082,-0.7706985398555711,-0.6129244555815969
-0.2773835709100836,-0.04843106307922735,0.7913942020096129
-0.5562554279586097,-0.8548462070528151,0.5907772509251543
0.6664904067926202,-1.0669684514458675,-2.2178600642572652
0.40907023105551865,0.8719340468906283,0.5907772509251543
-1.7146462187755636,0.8281071368920637,-0.11138207787045057
0.8166521759725955,0.27764114731009293,0.5907772509251543
0.1731017366298433,-0.9898330898483939,-1.716317686546119
-0.34173861484435897,-0.767192387055686,0.2898518242984665
-0.49190038402433434,-0.8110192970542506,0.3901602998406958
-0.6206104718928843,-0.3008740646709592,0.8917026775518422
-2.4011000207411657,0.3127026753089446,-0.8135414066660555
0.2160050992526933,-1.0073638538478198,-1.8166261620883482
1.0955240330211218,0.5511210657011357,0.18954334875623724
-0.08431843910725746,-1.0844992154452933,-1.415392259919431
0.5592320002354948,2.421653584439871,0.9920111530940714
1.2027824395782472,-0.5007247742644135,-0.9138498822082848
0.044391648761292535,2.3147159240433735,1.0923196286363006
-1.0067407354985358,0.5423556837014228,1.19262810417853
0.5377803189240694,0.26361653611055225,0.6910857264673836
0.7093937694154702,-1.107289208644547,-2.4184770153417237
0.4519735936783694,0.36003573810739425,0.3901602998406958
0.5806836815469194,1.0542539924846568,1.0923196286363006
-1.9720663945126642,2.3287405352429142,-0.5126159800393677
-0.01996339517298284,1.4294123420723694,0.5907772509251543
-2.2080348889383403,0.09181504891617921,1.19262810417853
1.6103643844953233,-0.6988224074579253,-1.415392259919431
0.32326350580981866,0.17771579251336575,0.3901602998406958
-0.7064171971385851,0.22855500811170062,1.5938620063474471
0.7522971320383202,-1.0704746042457527,-1.6160092110038897
1.245685802201097,-0.36223173866894953,-0.7132329311238262
-0.513352065335759,-0.8706238946522984,0.3901602998406958
1.245685802201097,-0.4376140238664806,-0.11138207787045057
-1.1569025046785113,-0.06771490347859575,1.5938620063474471
-0.1701251643529582,-0.8758831238521261,-0.21169055341267984
-2.07932480106979,0.20401193851250446,0.5907772509251543
-0.2344802082872336,1.9886437136540533,1.5938620063474471
0.34471518712124405,0.1899873273129638,0.5907772509251543
1.2242341208896717,-0.1711464110752081,-0.8135414066660555
0.1731017366298433,-1.0546969166462694,-1.716317686546119
-0.2559318895986582,-0.6024032054610833,0.5907772509251543
-0.513352065335759,-0.6970693310579827,0.08923487321400798
0.9882656264639963,0.8228479076922359,0.08923487321400798
-0.513352065335759,-0.8618585126525854,-0.21169055341267984
-0.06286675779583284,-1.0564499930462121,-2.017243113172807
-0.8780306476299858,-0.3078863702707295,0.5907772509251543
-0.38464197746720896,-0.34996020386935145,0.2898518242984665
0.9024589012182955,0.3144557517088871,0.18954334875623724
0.9024589012182955,1.5170661620694985,1.0923196286363006
1.1169757143325463,0.19524655651279155,-0.5126159800393677
-0.9423856915642604,-0.6777854906586144,0.18954334875623724
-0.2559318895986582,2.1639513536483115,-0.6129244555815969
-0.7707722410728605,2.8599226844255163,1.4935535308052177
0.06584333007271792,-1.0634622986459823,-2.3181685397994944
-0.2344802082872336,-0.5901316706614852,0.2898518242984665
0.1301983740069933,1.5381030788688095,0.6910857264673836
-2.2723899328726156,0.5213187669021119,1.19262810417853
-0.40609365877863357,-0.8864015822517816,0.18954334875623724
-0.40609365877863357,-0.6830447198584421,0.6910857264673836
-2.7872302843468173,-0.31314559947055726,-0.5126159800393677
0.06584333007271792,-0.9845738606485662,-1.5157007354616603
0.9668139451525709,0.047988138917614664,0.08923487321400798
-0.40609365877863357,-0.565588601062289,0.49046877538292505
0.044391648761292535,-0.9389938742500591,-0.6129244555815969
0.47342527498979403,0.29341883490957615,0.49046877538292505
0.6664904067926202,2.6250104468332105,1.2929365797207593
-0.34173861484435897,-0.7373900882566621,0.6910857264673836
-1.4143226804156128,-0.511243232664069,1.0923196286363006
0.7737488133497455,0.6878610248966571,0.49046877538292505
0.08729501138414254,-0.6742793378587292,-0.7132329311238262
0.6664904067926202,0.5791702881002171,0.08923487321400798
0.4519735936783694,2.686368120831201,0.7913942020096129
-0.3631902961557836,-0.6532424210594182,0.18954334875623724
0.4519735936783694,0.012926610918763022,0.49046877538292505
0.2589084618755433,-0.11504796627704547,-0.7132329311238262
0.9882656264639963,-0.4270955654668251,-0.011073602328221294
-1.1139991420556612,2.2182967220465315,-0.5126159800393677
1.1169757143325463,0.6159848924990112,0.2898518242984665
0.08729501138414254,3.0282180188200045,1.2929365797207593
-0.38464197746720896,-0.8373154430533893,0.08923487321400798
0.6664904067926202,2.120124443649747,0.2898518242984665
0.40907023105551865,-1.0634622986459823,-1.5157007354616603
-0.47044870271290895,-0.6620078030591311,0.18954334875623724
0.6450387254811948,0.41262803010567173,-0.011073602328221294
-1.9506147132012397,0.1409011881145715,0.49046877538292505
0.4519735936783694,2.165704430048254,1.3932450552629885
-1.821904625332689,2.8266142328266075,0.49046877538292505
-0.49190038402433434,-0.13783795947629904,0.5907772509251543
-2.8730370095925175,0.5844295173000448,0.2898518242984665
-0.3202869335329336,-0.7934885330548247,-0.11138207787045057
1.1384273956439717,-0.6672670322589588,-1.6160092110038897
0.8595555385954455,2.0254583180528476,1.2929365797207593
-1.8862596692669642,-0.3043802174708443,0.5907772509251543
1.0311689890868463,-0.809266220654308,-2.4184770153417237
-0.6635138345157351,0.2303080845116432,1.0923196286363006
0.1731017366298433,-0.9793146314487384,-2.117551588715036
0.4519735936783694,0.19875270931267672,0.08923487321400798
-0.06286675779583284,1.590695370867087,1.2929365797207593
-0.3631902961557836,0.05149429171749983,0.08923487321400798
1.1598790769553964,0.5826764409001022,0.49046877538292505
0.10874669269556791,0.5055410793026286,0.18954334875623724
1.7605261536752994,-0.6076624346609111,-1.415392259919431
1.8892362415438486,-0.8232908318538487,-2.117551588715036
-0.7064171971385851,-0.830303137453619,0.2898518242984665
1.2242341208896717,0.5774172117002745,-0.011073602328221294
-0.5348037466471843,-0.5375393786632078,0.8917026775518422
0.06584333007271792,-0.6725262614587866,-0.11138207787045057
0.044391648761292535,1.112105513682762,1.0923196286363006
-0.5991587905814597,-0.9004261934513222,0.49046877538292505
-2.16513152631549,0.009420458118877857,0.18954334875623724
0.7952004946611702,0.2601103833106671,0.08923487321400798
0.9668139451525709,0.9034894220895947,0.7913942020096129
-1.0710957794328113,-0.0010980002807776353,1.6941704818896763
1.3743958900696471,0.06902505571692565,0.08923487321400798
1.3743958900696471,-0.29386175907118883,0.3901602998406958
0.4948769563012194,-0.11855411907693064,-0.5126159800393677
-0.44899702140148434,-0.8618585126525854,0.6910857264673836
0.36616686843266866,0.40210957170601624,0.18954334875623724
0.9668139451525709,-0.6812916434584995,-1.2147753088349726
-1.8433563066441143,3.5173263344039847,1.0923196286363006
-0.6420621532043097,-0.7005754838578679,0.3901602998406958
-0.7922239223842851,0.11986427131526053,0.6910857264673836
-0.6206104718928843,-0.7636862342558008,0.3901602998406958
0.4519735936783694,0.3091965225090594,-0.011073602328221294
0.5806836815469194,-0.1518625706758397,-1.3150837843772019
-0.5991587905814597,3.2894264024114492,0.08923487321400798
1.1813307582668218,-0.8022539150545377,-2.2178600642572652
-2.2938416141840405,-0.34996020386935145,-0.21169055341267984
-0.7064171971385851,0.10233350731583471,1.2929365797207593
-0.8994823289414104,-0.947759256249772,0.49046877538292505
-0.42754534009005896,-0.947759256249772,-0.11138207787045057
-0.14867348304153283,-0.5708478302621168,0.18954334875623724
1.503105977938198,-0.7461554702563751,-1.1144668332927432
0.32326350580981866,2.593455071634244,1.5938620063474471
-0.2559318895986582,-0.8828954294518965,-1.3150837843772019
0.2160050992526933,2.0026683248535937,0.5907772509251543
0.40907023105551865,0.26712268891043744,0.2898518242984665
-0.8565789663185605,-0.2412694670729114,0.8917026775518422
0.7093937694154702,1.581929988867374,1.19262810417853
-1.907711350578389,-0.3061332938707869,0.6910857264673836
0.02293996744986792,0.8298602132920063,1.3932450552629885
-1.5430327682841627,-0.3885278846680883,-0.21169055341267984
0.7093937694154702,0.8473909772914321,0.3901602998406958
-0.7278688784500097,-0.5936378234613704,0.18954334875623724
-0.19157684566438285,-0.7794639218552841,-0.11138207787045057
-0.04141507648440746,-0.926722339450461,-1.415392259919431
-0.12722180173010822,-0.05719644507894026,0.6910857264673836
-0.7922239223842851,-0.46215709346567674,0.7913942020096129
1.1813307582668218,-0.3885278846680883,-0.3119990289549091
-0.8780306476299858,-0.8355623666534467,0.6910857264673836
1.2885891648239471,-0.2798371478716482,-0.21169055341267984
-0.7278688784500097,-0.8951669642514946,-0.11138207787045057
-0.9852890541871112,0.6773425664970016,0.9920111530940714
-0.12722180173010822,0.06727197931698306,0.7913942020096129
-2.722875240412542,-0.8320562138535615,0.5907772509251543
-0.5562554279586097,-0.7444023938564325,0.2898518242984665
-0.08431843910725746,-0.3990463430677438,-0.11138207787045057
-0.42754534009005896,-0.6830447198584421,0.5907772509251543
-0.2988352522215082,-0.10628258427733256,0.2898518242984665
-0.40609365877863357,-0.7198593242572363,0.18954334875623724
0.02293996744986792,-1.010870006647705,-1.1144668332927432
-0.10577012041868285,-0.9302284922503461,0.2898518242984665
0.7737488133497455,-1.0546969166462694,-2.4184770153417237
0.28036014318696867,-1.0073638538478198,-2.2178600642572652
-0.19157684566438285,-0.19744255707434683,1.2929365797207593
-0.10577012041868285,-0.9407469506500017,-2.3181685397994944
-0.40609365877863357,-0.9214631102506332,-0.11138207787045057
-0.6849655158271597,-0.5778601358618871,0.49046877538292505
-0.2988352522215082,-0.5217616910637245,-0.3119990289549091
-0.9209340102528358,-0.863611589052528,0.49046877538292505
-0.5562554279586097,-0.7058347130576956,1.0923196286363006
-0.7064171971385851,-0.8653646654524706,0.49046877538292505
-0.49190038402433434,-0.48670016306487285,1.2929365797207593
-1.3499676364813373,-0.6076624346609111,1.19262810417853
-0.5348037466471843,-0.6935631782580975,-0.4123075044971384
0.34471518712124405,-1.010870006647705,-2.2178600642572652
0.1945534179412679,-1.044178458246614,-1.8166261620883482
0.044391648761292535,-0.5357863022632652,0.49046877538292505
-0.7493205597614351,-0.6585016502592459,0.49046877538292505
-1.6288394935298636,-0.016875687880260875,-0.7132329311238262
-0.7707722410728605,-0.6830447198584421,0.49046877538292505
-0.8565789663185605,0.5072941557025712,1.5938620063474471
-0.1701251643529582,-0.9162038810508055,0.49046877538292505
-0.2773835709100836,-0.725118553457064,0.8917026775518422
-0.04141507648440746,-0.9933392426482791,-1.6160092110038897
-1.4786777243498874,-0.6760324142586718,0.8917026775518422
-0.8994823289414104,0.7124040944958533,1.6941704818896763
-0.38464197746720896,-1.005610777447877,-1.2147753088349726
-2.5083584272982913,-0.8250439082537913,0.8917026775518422
-0.6206104718928843,-0.43060171826671023,1.0923196286363006
-0.5348037466471843,-0.7268716298570066,0.49046877538292505
-0.34173861484435897,-0.7514146994562028,-0.011073602328221294
-0.5777071092700343,-0.6585016502592459,0.3901602998406958
-0.47044870271290895,-0.44988555866607866,0.5907772509251543
-0.5777071092700343,-0.7128470186574659,0.7913942020096129
0.10874669269556791,-1.1055361322446045,-2.2178600642572652
-0.5348037466471843,-0.7005754838578679,0.3901602998406958
0.47342527498979403,-0.9775615550487958,-2.2178600642572652
-0.40609365877863357,-0.9004261934513222,0.5907772509251543
-2.2938416141840405,0.7018856360961978,-0.11138207787045057
-3.1090055040181936,0.2864065293098058,-0.11138207787045057
-0.42754534009005896,-0.9232161866505758,-0.11138207787045057
-0.513352065335759,-0.6620078030591311,0.18954334875623724
-0.44899702140148434,-0.5778601358618871,0.6910857264673836
-0.3202869335329336,0.365294967307222,1.0923196286363006
-0.40609365877863357,-0.8180316026540209,-1.415392259919431
-1.8433563066441143,-0.8232908318538487,-0.9138498822082848
-0.44899702140148434,0.11811119491531795,0.08923487321400798
-0.47044870271290895,-0.7531677758561454,0.7913942020096129
-0.2773835709100836,-0.8583523598527003,-0.11138207787045057
-0.6635138345157351,-0.7058347130576956,-0.11138207787045057
-0.08431843910725746,-1.0301538470470732,-1.2147753088349726
0.9024589012182955,-1.0161292358475327,-2.3181685397994944
-1.2212575486127866,-0.34996020386935145,0.8917026775518422
-0.14867348304153283,-0.9512654090496572,-1.014158357750514
-0.7064171971385851,-0.18341794587480617,0.8917026775518422
-0.8994823289414104,-0.20445486267411717,0.9920111530940714
-0.6635138345157351,-0.4814409338650451,0.9920111530940714
-0.12722180173010822,-0.6059093582609685,0.18954334875623724
-0.2130285269758082,-0.6725262614587866,0.8917026775518422
-0.7064171971385851,-0.767192387055686,0.18954334875623724
-0.2988352522215082,-0.15887487627561003,1.2929365797207593
-0.47044870271290895,-0.4007994194676864,1.19262810417853
-0.5562554279586097,-0.1220602718768158,1.6941704818896763
-1.9720663945126642,-0.2991209882710166,-0.7132329311238262
-0.8994823289414104,-0.9109446518509777,-0.6129244555815969
-0.5348037466471843,-0.5077370798641838,-0.11138207787045057
-0.3631902961557836,-0.7531677758561454,0.3901602998406958
-0.7707722410728605,-0.8741300474521835,-0.7132329311238262
0.9239105825297209,-1.0967707502448913,-2.3181685397994944
-0.9638373728756858,-0.4130709542672844,1.0923196286363006
-1.3928709991041874,-0.1220602718768158,0.7913942020096129
-0.513352065335759,-0.9091915754510351,-1.014158357750514
0.4519735936783694,-1.0757338334455804,-1.6160092110038897
0.06584333007271792,-0.8916608114516094,-0.8135414066660555
-0.9852890541871112,-0.5340332258633226,1.6941704818896763
-0.9638373728756858,-0.8022539150545377,0.08923487321400798
-0.7278688784500097,-0.7058347130576956,0.2898518242984665
-2.6585201964782668,-0.14309718867612678,-0.6129244555815969
-0.7064171971385851,0.15317272291416958,0.8917026775518422
-0.44899702140148434,-0.893413887851552,0.3901602998406958
0.001488286138442538,-0.8338092902535041,-0.9138498822082848
0.516328637612644,-1.065215375045925,-1.2147753088349726
-1.1569025046785113,-0.29736791187107403,1.0923196286363006
0.9453622638411455,-1.098523826644834,-2.4184770153417237
-0.38464197746720896,-0.6672670322589588,0.5907772509251543
-0.1701251643529582,0.0830496669164663,0.2898518242984665
-0.47044870271290895,-0.8373154430533893,0.08923487321400798
-2.143679845004065,-0.4411201766663657,-0.5126159800393677
-1.8862596692669642,0.037469680517959174,0.8917026775518422
-0.40609365877863357,-0.6847977962583847,0.18954334875623724
-0.01996339517298284,-0.8864015822517816,0.49046877538292505
-0.08431843910725746,-0.6883039490582699,0.08923487321400798
-2.6585201964782668,-0.5690947538621742,-0.21169055341267984
-1.0925474607442367,-0.7093408658575808,1.5938620063474471
-0.6849655158271597,-0.809266220654308,0.18954334875623724
-3.0661021413953433,-0.221985626673543,0.2898518242984665
-0.5991587905814597,-0.6953162546580401,0.2898518242984665
-0.2344802082872336,0.15317272291416958,0.9920111530940714
0.8595555385954455,-1.0424253818466713,-2.3181685397994944
-0.42754534009005896,-0.7619331578558582,-0.11138207787045057
0.1731017366298433,-1.010870006647705,-1.1144668332927432
-0.10577012041868285,-1.0389192290467861,-0.9138498822082848
-1.1354508233670866,-0.6444770390597052,0.5907772509251543
-3.1090055040181936,-0.6847977962583847,-0.4123075044971384
-0.6206104718928843,-0.2588002310723372,1.4935535308052177
-0.5777071092700343,-0.6865508726583273,0.6910857264673836
0.044391648761292535,-0.8758831238521261,-0.8135414066660555
0.43052191236694404,-1.098523826644834,-1.2147753088349726
0.10874669269556791,-1.0213884650473604,-1.716317686546119
-0.7493205597614351,0.23732039011141354,0.8917026775518422
-0.5777071092700343,-0.41131787786734186,1.3932450552629885
-2.7657786030353924,-0.7005754838578679,-0.7132329311238262
-2.5512617899211416,0.1216173477152031,0.2898518242984665
-1.1569025046785113,-0.2658125366721075,0.5907772509251543
0.08729501138414254,-0.9950923190482217,-0.3119990289549091
-0.38464197746720896,-0.9091915754510351,-1.415392259919431
-0.6206104718928843,-0.788229303854997,0.08923487321400798
-0.49190038402433434,-0.9828207842486236,-1.415392259919431
-0.08431843910725746,-0.9652900202491977,-1.9169346376305774
-1.0925474607442367,-0.3885278846680883,1.19262810417853
-0.8994823289414104,-0.9828207842486236,0.6910857264673836
-0.7922239223842851,-0.7426493174564899,0.49046877538292505
-3.023198778772493,0.10759273651566245,1.3932450552629885
-0.08431843910725746,-0.947759256249772,-1.415392259919431
0.06584333007271792,-0.8040069914544802,-0.6129244555815969
-0.7278688784500097,-0.6304524278601646,-0.21169055341267984
0.08729501138414254,-1.0722276806456954,-2.117551588715036
-0.2130285269758082,-0.1711464110752081,0.8917026775518422
-1.9506147132012397,-0.49897169786447093,-0.6129244555815969
0.10874669269556791,-1.0248946178472456,-1.415392259919431
-2.143679845004065,-0.3867748082681457,1.19262810417853
-0.5562554279586097,-0.8513400542529299,0.5907772509251543
-0.14867348304153283,-0.4130709542672844,0.18954334875623724
-1.5859361309070128,-0.40956480146739926,0.3901602998406958
-0.5777071092700343,-0.6532424210594182,0.3901602998406958
-0.2988352522215082,-0.24302254347285396,0.5907772509251543
-1.1139991420556612,0.09181504891617921,1.4935535308052177
-0.47044870271290895,-0.8460808250531022,-1.1144668332927432
0.1945534179412679,-1.005610777447877,-2.3181685397994944
-0.5348037466471843,-0.5007247742644135,0.3901602998406958
0.06584333007271792,-1.031906923447016,-1.716317686546119
-2.5727134712325666,-0.5778601358618871,0.3901602998406958
1.052620670398271,1.4784984812707616,1.2929365797207593
0.4948769563012194,1.8326199140591635,1.5938620063474471
0.001488286138442538,1.4732392520709339,-0.011073602328221294
-1.1783541859899367,3.20177258241432,0.18954334875623724
2.1252047359695245,-0.6795385670585569,-1.716317686546119
0.6664904067926202,-0.39378711386791604,-0.3119990289549091
2.0179463294123994,-0.649736268259533,-1.716317686546119
0.9668139451525709,0.6703302608972314,0.2898518242984665
1.1598790769553964,0.29517191130951875,0.49046877538292505
0.9882656264639963,-0.3201579050703276,-1.3150837843772019
1.0955240330211218,-0.5813662886617723,-2.2178600642572652
0.4519735936783694,0.004161228919050111,-0.011073602328221294
0.6879420881040448,0.8491440536913747,1.2929365797207593
0.43052191236694404,0.01993891651853335,0.08923487321400798
-0.6849655158271597,1.7922991568604838,0.2898518242984665
2.0179463294123994,-0.7233654770571215,-1.6160092110038897
2.1681080985923753,-0.8197846790539635,-2.2178600642572652
0.36616686843266866,0.19875270931267672,0.6910857264673836
0.7952004946611702,0.011173534518820439,0.3901602998406958
0.9239105825297209,0.4564549401042363,1.2929365797207593
0.9882656264639963,-0.5182555382638393,-0.11138207787045057
-1.328515955169912,3.075551081618454,0.49046877538292505
1.3100408461353725,-0.6900570254582123,-1.9169346376305774
0.1731017366298433,2.2691359376448665,1.2929365797207593
2.23246314252665,-0.8653646654524706,-1.5157007354616603
0.7308454507268948,1.145413965281671,1.0923196286363006
0.7737488133497455,-0.4463794058661935,0.49046877538292505
0.6664904067926202,-0.034406451879686696,0.6910857264673836
1.2027824395782472,0.37581342570687754,-0.4123075044971384
-0.06286675779583284,1.3996100432733454,-0.3119990289549091
0.9668139451525709,0.018185840118590767,-0.11138207787045057
0.8166521759725955,-0.20445486267411717,-1.2147753088349726
1.2671374835125218,-0.809266220654308,-1.9169346376305774
-1.9506147132012397,0.9157609568891928,0.9920111530940714
1.7176227910524486,-0.8267969846537339,-1.415392259919431
1.331492527446797,0.4845041625033176,-0.4123075044971384
0.9668139451525709,0.08129659051652373,-0.011073602328221294
0.6450387254811948,2.2726420904447515,1.0923196286363006
0.8595555385954455,-0.027394146279916366,0.2898518242984665
0.9239105825297209,-0.15712179987566743,-0.11138207787045057
0.08729501138414254,2.4654804944384354,0.6910857264673836
0.9239105825297209,0.011173534518820439,-0.8135414066660555
1.2671374835125218,-0.49020631586475805,-1.9169346376305774
1.1598790769553964,-0.31139252307061466,-0.7132329311238262
0.6021353628583448,-0.04492491027934219,0.6910857264673836
1.2242341208896717,-0.35171328026929405,0.18954334875623724
0.6235870441697694,1.9027429700568668,0.6910857264673836
0.7522971320383202,0.3091965225090594,0.18954334875623724
0.47342527498979403,2.7214296488300525,1.5938620063474471
1.3529442087582224,0.6405279620982074,0.49046877538292505
0.10874669269556791,2.9072557472239664,0.7913942020096129
0.7093937694154702,0.6808487192968868,1.2929365797207593
0.6664904067926202,0.12687657691503085,-0.6129244555815969
-1.8433563066441143,1.247092396478341,-0.4123075044971384
0.5377803189240694,0.40035649530607365,0.8917026775518422
0.9024589012182955,0.3775665021068201,0.08923487321400798
0.7093937694154702,-0.40781172506745667,-1.1144668332927432
1.8677845602324248,-0.8005008386545951,-1.415392259919431
0.5592320002354948,0.1899873273129638,0.08923487321400798
0.4519735936783694,0.27764114731009293,-0.11138207787045057
0.8381038572840201,-0.09050489667784932,0.49046877538292505
-1.5859361309070128,1.4381777240720823,0.8917026775518422
0.516328637612644,-0.3043802174708443,-0.4123075044971384
1.8463328789209994,-0.6637608794590737,-1.2147753088349726
2.23246314252665,-0.7777108454553415,-1.6160092110038897
1.0311689890868463,2.220049798446474,0.49046877538292505
0.9882656264639963,-0.788229303854997,-2.4184770153417237
0.6664904067926202,0.25309807771089676,0.2898518242984665
1.3743958900696471,-0.2658125366721075,-0.21169055341267984
-1.9291630318898143,2.6916273500310286,0.8917026775518422
0.9024589012182955,2.032470623652618,0.2898518242984665
0.516328637612644,0.17771579251336575,0.49046877538292505
0.7952004946611702,0.26536961251049485,0.3901602998406958
0.9668139451525709,0.39334418970630336,0.18954334875623724
0.044391648761292535,2.6039735300338998,0.7913942020096129
0.6879420881040448,-0.1711464110752081,-1.014158357750514
0.36616686843266866,0.0006550761191649468,0.2898518242984665
-1.1139991420556612,1.2698823896775944,-0.5126159800393677
-1.5430327682841627,1.247092396478341,-0.7132329311238262
0.43052191236694404,-0.04317183387939961,0.2898518242984665
1.8034295162981486,-0.7706985398555711,-2.3181685397994944
0.7952004946611702,0.2566042305107819,0.49046877538292505
1.3100408461353725,-0.670773185058844,-2.4184770153417237
-0.3631902961557836,3.005428025620751,-0.4123075044971384
1.2027824395782472,-0.221985626673543,-0.9138498822082848
0.7308454507268948,-0.1325787302764713,-1.1144668332927432
0.2160050992526933,-0.050184139479169936,0.08923487321400798
0.8166521759725955,1.6853614964639863,0.9920111530940714
0.6021353628583448,0.3302334393083704,0.2898518242984665
0.10874669269556791,2.253358250045383,1.19262810417853
0.3018118244983933,0.2618634597106097,0.2898518242984665
-0.08431843910725746,2.521578939236598,1.0923196286363006
-0.8136756036957105,1.3592892860746661,0.2898518242984665
0.7737488133497455,0.17596271611342315,0.6910857264673836
1.3100408461353725,0.14791349371434184,-0.7132329311238262
0.02293996744986792,0.5844295173000448,1.3932450552629885
0.34471518712124405,0.27588807091015033,0.3901602998406958
1.2671374835125218,-0.30963944667067206,-0.4123075044971384
1.2242341208896717,0.3705541965070498,-0.7132329311238262
-1.3928709991041874,1.4995353980700727,-0.4123075044971384
1.9750429667895502,-0.6865508726583273,-1.3150837843772019
1.1384273956439717,2.3392589936425696,1.2929365797207593
1.6961711097410233,-0.7566739286560306,-2.017243113172807
0.8381038572840201,-0.15010949427589712,-0.11138207787045057
-1.0925474607442367,0.6983794832963126,0.9920111530940714
0.32326350580981866,0.09707427811600697,-0.11138207787045057
1.9535912854781248,-0.8338092902535041,-1.6160092110038897
0.9239105825297209,0.2320611609115858,0.5907772509251543
0.2589084618755433,-0.2079610154740023,-0.3119990289549091
1.6747194284295979,-0.7479085466563176,-2.2178600642572652
0.8595555385954455,1.1857347224803505,1.19262810417853
1.0955240330211218,1.1769693404806376,0.9920111530940714
-0.5991587905814597,1.4153877308728287,-0.011073602328221294
1.0740723517096964,-0.8408215958532744,-1.5157007354616603
0.8166521759725955,0.8806994288903411,1.0923196286363006
-0.04141507648440746,0.11285196571549021,0.3901602998406958
2.103753054658099,-0.5603293718624613,-2.4184770153417237
0.23745678056411867,3.189501047614722,0.6910857264673836
0.5377803189240694,0.2180365497120451,0.18954334875623724
1.1384273956439717,-0.16238102907549518,-0.8135414066660555
0.6021353628583448,-0.10978873707721773,0.49046877538292505
0.2589084618755433,0.6492933440979203,-0.6129244555815969
1.9535912854781248,-0.6462301154596478,-1.415392259919431
0.4519735936783694,0.6089725868992409,1.19262810417853
1.1813307582668218,0.0444819861177295,-0.4123075044971384
0.34471518712124405,0.03571660411801659,0.2898518242984665
0.5592320002354948,0.3267272865084852,0.18954334875623724
1.1169757143325463,-0.5831193650617149,-1.2147753088349726
-1.1139991420556612,1.581929988867374,-0.8135414066660555
1.5889127031838979,-0.7864762274550544,-1.1144668332927432
0.1945534179412679,-0.17465256387509326,-0.7132329311238262
0.6879420881040448,0.22680193171175803,0.5907772509251543
1.1169757143325463,-0.5796132122618297,-1.6160092110038897
-0.06286675779583284,0.5931948992997577,1.0923196286363006
1.653267747118174,-0.6830447198584421,-1.1144668332927432
0.08729501138414254,2.321728229643144,1.0923196286363006
-0.5562554279586097,2.7161704196302248,0.6910857264673836
0.8166521759725955,0.4774918569035473,-0.21169055341267984
1.3529442087582224,-0.6357116570599923,-1.9169346376305774
0.7308454507268948,0.4809980097034324,0.3901602998406958
1.2027824395782472,0.1812219453132509,-0.21169055341267984
0.5377803189240694,-0.2079610154740023,-0.3119990289549091
0.7737488133497455,0.1917404037129064,-0.011073602328221294
0.7737488133497455,2.3778266744413066,0.49046877538292505
-0.42754534009005896,2.761750406028732,0.5907772509251543
0.34471518712124405,0.20751809131238963,-0.21169055341267984
0.001488286138442538,1.0069209296862072,0.5907772509251543
1.0740723517096964,0.5195656905021693,0.5907772509251543
1.1813307582668218,-0.8110192970542506,-1.716317686546119
0.3018118244983933,2.3778266744413066,0.7913942020096129
0.43052191236694404,0.3582826617074517,-0.11138207787045057
0.6235870441697694,0.032210451318131425,1.2929365797207593
1.1598790769553964,-0.7128470186574659,-1.415392259919431
-0.42754534009005896,-0.9600307910493701,-1.2147753088349726
-0.1701251643529582,-0.07998643827819384,0.5907772509251543
-0.2559318895986582,-0.893413887851552,-1.2147753088349726
-0.2130285269758082,-0.5550701426626335,0.9920111530940714
0.34471518712124405,0.22329577891187288,0.6910857264673836
0.9453622638411455,0.15317272291416958,0.6910857264673836
-0.6849655158271597,0.6510464204978629,0.5907772509251543
1.1813307582668218,0.033963527718074,-0.7132329311238262
1.1384273956439717,0.5511210657011357,0.2898518242984665
-0.8565789663185605,-0.9109446518509777,0.2898518242984665
0.044391648761292535,-0.8022539150545377,0.5907772509251543
0.001488286138442538,-0.9144508046508629,-1.2147753088349726
-0.08431843910725746,-0.8951669642514946,-0.5126159800393677
0.7093937694154702,0.13213580611485862,0.49046877538292505
1.2027824395782472,-0.3464540510694663,-1.3150837843772019
-0.06286675779583284,3.298191784411162,-0.7132329311238262
0.1731017366298433,-1.065215375045925,-2.017243113172807
0.6879420881040448,2.3515305284421677,1.2929365797207593
0.516328637612644,-1.077486909845523,-2.017243113172807
0.43052191236694404,2.372567445241479,1.3932450552629885
0.36616686843266866,-0.36573789146883473,0.08923487321400798
0.43052191236694404,-0.9547715618495423,-2.3181685397994944
0.1301983740069933,2.623257370433268,1.0923196286363006
-0.47044870271290895,-0.7724516162555137,-0.4123075044971384
-0.19157684566438285,-0.553317066262691,0.3901602998406958
0.06584333007271792,-0.9284754158504036,-0.21169055341267984
-2.637068515166842,0.5633926005007338,0.49046877538292505
-0.5991587905814597,-0.7759577690553989,0.5907772509251543
0.6664904067926202,0.1338888825148012,0.2898518242984665
-0.38464197746720896,-0.8320562138535615,0.3901602998406958
-0.08431843910725746,-1.0687215278458102,-2.2178600642572652
1.2885891648239471,-0.6742793378587292,-1.415392259919431
-0.6849655158271597,-0.5094901562641264,0.08923487321400798
-0.44899702140148434,-0.7531677758561454,0.2898518242984665
1.1598790769553964,1.573164606867661,1.2929365797207593
-0.513352065335759,-0.49195939226470065,-0.011073602328221294
-0.8136756036957105,-0.8232908318538487,-0.4123075044971384
-0.9638373728756858,-0.2921086826712463,0.8917026775518422
-0.14867348304153283,-0.5761070594619445,0.3901602998406958
0.1945534179412679,2.6004673772340143,1.4935535308052177
-0.7064171971385851,-0.754920852256088,0.6910857264673836
0.02293996744986792,-0.9968453954481643,-0.4123075044971384
0.43052191236694404,0.151419646514227,0.5907772509251543
-0.7064171971385851,0.10233350731583471,0.9920111530940714
0.40907023105551865,-1.0336599998469584,-2.4184770153417237
0.43052191236694404,1.455708488071508,0.6910857264673836
0.38761854974409404,-0.9915861662483365,-1.6160092110038897
0.10874669269556791,2.8984903652242533,1.2929365797207593
0.044391648761292535,1.834372990459106,0.8917026775518422
-0.5777071092700343,-0.3885278846680883,1.5938620063474471
0.6879420881040448,-0.14835641787595452,-1.3150837843772019
-0.5991587905814597,3.008934178420636,0.2898518242984665
0.6664904067926202,-0.025641069879973784,0.2898518242984665
0.9668139451525709,1.4697330992710487,0.2898518242984665
1.052620670398271,0.6668241080973462,0.5907772509251543
0.8810072199068709,-0.32541713427015534,-1.014158357750514
0.6021353628583448,3.03873647721966,0.5907772509251543
-0.513352065335759,-0.7847231510551118,-0.4123075044971384
-0.5348037466471843,2.0289644708527326,0.49046877538292505
0.6664904067926202,0.17420963971348058,-0.6129244555815969
0.7737488133497455,0.1829750217131935,0.5907772509251543
-0.49190038402433434,-0.5778601358618871,0.5907772509251543
-0.7493205597614351,-0.5270209202635523,1.2929365797207593
-0.7278688784500097,-0.7654393106557434,0.6910857264673836
0.6235870441697694,2.5583935436353924,1.0923196286363006
0.9882656264639963,-0.23776331427302622,-0.8135414066660555
-0.04141507648440746,-0.8530931306528725,-0.4123075044971384
-0.9852890541871112,-0.3026271410709018,0.6910857264673836
-0.44899702140148434,2.372567445241479,-0.8135414066660555
0.06584333007271792,-0.9652900202491977,-1.2147753088349726
-0.40609365877863357,-0.6690201086589014,-0.011073602328221294
0.516328637612644,-1.0126230830476475,-2.017243113172807
1.245685802201097,-0.3745032734685476,-0.9138498822082848
-0.7493205597614351,-0.1413441122761842,1.19262810417853
-0.6420621532043097,-0.7759577690553989,0.2898518242984665
0.6235870441697694,1.888718358857326,0.5907772509251543
-0.12722180173010822,-0.7461554702563751,-0.7132329311238262
1.6961711097410233,-0.7216124006571789,-1.716317686546119
0.7952004946611702,-0.15536872347572486,0.2898518242984665
-0.2988352522215082,-0.7706985398555711,-1.1144668332927432
0.6664904067926202,1.3575362096747234,1.5938620063474471
-0.2130285269758082,0.03571660411801659,0.3901602998406958
-0.8136756036957105,-0.8583523598527003,0.49046877538292505
0.38761854974409404,0.5160595377022841,0.3901602998406958
-0.5562554279586097,-0.7742046926554563,-0.011073602328221294
0.044391648761292535,2.3129628476434307,1.6941704818896763
-0.19157684566438285,-0.3061332938707869,1.0923196286363006
-0.04141507648440746,0.48801031530320277,1.2929365797207593
0.36616686843266866,-0.050184139479169936,0.6910857264673836
1.0740723517096964,-0.8443277486531596,-2.4184770153417237
0.10874669269556791,1.8308668376592208,1.4935535308052177
-2.057873119758365,-0.4270955654668251,0.5907772509251543
0.4519735936783694,-0.9898330898483939,-1.5157007354616603
-2.0364214384469395,-0.12030719547687321,-0.4123075044971384
-0.44899702140148434,-0.6585016502592459,0.3901602998406958
0.08729501138414254,-1.044178458246614,-2.117551588715036
-1.0281924168099612,-0.7496616230562602,1.3932450552629885
0.9882656264639963,-0.2675656130720501,-1.415392259919431
0.5806836815469194,-0.1413441122761842,-1.2147753088349726
0.9453622638411455,2.4497028068389524,0.49046877538292505
-0.9852890541871112,-0.3166517522704424,1.5938620063474471
-1.285612592547062,-0.3376886690697534,0.7913942020096129
0.6021353628583448,-0.04317183387939961,0.18954334875623724
0.6879420881040448,-0.4446263294662509,-0.11138207787045057
-0.6849655158271597,-0.8706238946522984,0.08923487321400798
-0.5348037466471843,-0.8495869778529874,0.5907772509251543
-0.47044870271290895,-0.9495123326497146,-1.2147753088349726
0.47342527498979403,-0.9933392426482791,-1.5157007354616603
-1.5859361309070128,-0.5708478302621168,0.9920111530940714
0.34471518712124405,2.270889014044809,1.0923196286363006
0.001488286138442538,2.014939859653192,1.0923196286363006
0.6450387254811948,0.10058043091589212,1.0923196286363006
-0.5562554279586097,-0.8530931306528725,0.2898518242984665
-1.7575495813984134,2.3673082160416508,-0.8135414066660555
-0.47044870271290895,-0.8022539150545377,0.3901602998406958
0.7308454507268948,0.3793195785067627,0.6910857264673836
0.7522971320383202,-1.005610777447877,-2.3181685397994944
0.8381038572840201,-1.0266476942471883,-2.3181685397994944
2.14665641728095,-0.8355623666534467,-1.8166261620883482
0.6664904067926202,0.10934581291560504,0.6910857264673836
-0.06286675779583284,0.10934581291560504,1.19262810417853
0.5592320002354948,0.01993891651853335,-0.011073602328221294
-0.3202869335329336,-0.6234401222603942,-0.21169055341267984
-0.08431843910725746,-0.8565992834527577,-0.3119990289549091
-0.3631902961557836,2.6127389120336124,0.3901602998406958
-0.14867348304153283,-0.9249692630505184,-1.3150837843772019
-0.2559318895986582,-0.7461554702563751,0.9920111530940714
-0.34173861484435897,-0.7514146994562028,0.6910857264673836
-0.49190038402433434,-0.5357863022632652,0.08923487321400798
1.052620670398271,-0.6900570254582123,-1.5157007354616603
0.34471518712124405,0.05149429171749983,-0.7132329311238262
-1.736097900086989,2.213037492846704,-0.4123075044971384
0.8810072199068709,0.7404533168949345,0.8917026775518422
0.7952004946611702,-1.1248199726439727,-2.2178600642572652
0.8810072199068709,-0.04667798667928477,-0.21169055341267984
-0.38464197746720896,0.032210451318131425,0.8917026775518422
1.245685802201097,-0.1886771750746339,-0.5126159800393677
0.40907023105551865,0.386331884106533,-0.6129244555815969
-0.12722180173010822,-0.7426493174564899,-1.3150837843772019
0.516328637612644,2.3410120700425123,0.5907772509251543
1.1384273956439717,-0.036159528279629274,-1.2147753088349726
1.0740723517096964,0.39334418970630336,1.2929365797207593
-0.47044870271290895,-0.7566739286560306,0.6910857264673836
0.9024589012182955,0.5195656905021693,-0.21169055341267984
0.6235870441697694,-0.0536902922790551,-0.11138207787045057
-0.7064171971385851,-0.06946797987853834,1.19262810417853
-0.9638373728756858,0.06902505571692565,1.0923196286363006
0.10874669269556791,-1.073980757045638,-1.2147753088349726
-0.2559318895986582,-0.9968453954481643,-0.4123075044971384
0.8810072199068709,-0.15536872347572486,0.3901602998406958
0.6879420881040448,2.912514976423794,0.5907772509251543
-2.12222816369264,-0.10628258427733256,-0.5126159800393677
-0.6420621532043097,-0.6462301154596478,0.7913942020096129
-0.9423856915642604,-0.9635369438492553,0.08923487321400798
-1.0281924168099612,-0.36398481506889213,1.3932450552629885
0.5377803189240694,-1.0599561458460973,-2.2178600642572652
0.516328637612644,-1.0511907638463842,-2.017243113172807
-0.5562554279586097,-0.6620078030591311,0.08923487321400798
-0.2130285269758082,-0.788229303854997,0.7913942020096129
-2.3796483394297407,-0.04141875747945702,-0.7132329311238262
-1.3499676364813373,1.7379537884622638,0.9920111530940714
0.7952004946611702,-0.3762563498684902,-0.8135414066660555
0.6879420881040448,0.3705541965070498,0.08923487321400798
1.1384273956439717,2.156939048048541,0.8917026775518422
0.6664904067926202,-1.010870006647705,-2.3181685397994944
0.7737488133497455,1.1015870552831064,0.08923487321400798
0.7952004946611702,0.11460504211543278,0.2898518242984665
0.516328637612644,-1.0476846110464992,-2.117551588715036
2.1681080985923753,-0.8408215958532744,-1.9169346376305774
-1.8648079879555388,1.2698823896775944,1.3932450552629885
0.5592320002354948,-0.03966568107951444,0.2898518242984665
0.47342527498979403,-0.1904302514745765,-0.21169055341267984
-0.2130285269758082,2.207778263646876,-0.5126159800393677
0.5377803189240694,1.6801022672641586,0.9920111530940714
-1.7575495813984134,-0.6514893446594756,0.2898518242984665
-0.38464197746720896,-0.767192387055686,0.08923487321400798
-0.34173861484435897,-0.863611589052528,-0.011073602328221294
-0.44899702140148434,-0.44988555866607866,0.5907772509251543
0.9239105825297209,0.6247502744987242,1.2929365797207593
0.8595555385954455,0.10233350731583471,0.08923487321400798
1.331492527446797,-0.5971439762612556,-1.6160092110038897
1.0311689890868463,-0.04317183387939961,-0.3119990289549091
0.6879420881040448,1.0262047700855754,0.7913942020096129
0.6021353628583448,1.485510786870532,0.3901602998406958
1.1813307582668218,1.4925230924703023,0.6910857264673836
-0.8565789663185605,-0.39028096106803084,1.5938620063474471
-2.8515853282810926,-0.5866255178616001,0.49046877538292505
1.3743958900696471,0.10934581291560504,-0.4123075044971384
-0.2988352522215082,-0.6392178098598775,0.8917026775518422
-1.5430327682841627,2.2743951668446942,-0.11138207787045057
1.1169757143325463,-0.7391431646566047,-2.4184770153417237
-0.49190038402433434,-0.8706238946522984,-0.4123075044971384
0.9453622638411455,-0.03265337547974411,0.49046877538292505
-0.1701251643529582,-0.4446263294662509,1.2929365797207593
1.5460093405610487,-0.6146747402606814,-1.8166261620883482
0.8381038572840201,-0.05544336867899768,0.08923487321400798
-0.1701251643529582,-0.9950923190482217,-1.415392259919431
-0.6420621532043097,-0.5200086146637819,0.6910857264673836
-0.04141507648440746,2.439184348439297,0.9920111530940714
0.3018118244983933,-1.1037830558446617,-1.8166261620883482
0.2160050992526933,-0.050184139479169936,0.2898518242984665
-0.04141507648440746,1.3663015916744363,1.3932450552629885
-0.7064171971385851,-0.7075877894576382,0.6910857264673836
0.4948769563012194,-0.004604153080662799,-0.011073602328221294
-0.44899702140148434,0.1812219453132509,1.2929365797207593
0.044391648761292535,-0.5410455314630929,-0.11138207787045057
-2.6585201964782668,-0.6111685874607962,-0.8135414066660555
0.3018118244983933,1.3329931400755273,1.0923196286363006
1.0740723517096964,-0.05719644507894026,-0.21169055341267984
0.6021353628583448,-0.15712179987566743,-1.014158357750514
0.6235870441697694,2.5881958424344162,0.8917026775518422
0.4519735936783694,0.39334418970630336,0.2898518242984665
0.06584333007271792,-1.0424253818466713,-2.4184770153417237
-0.42754534009005896,-0.7566739286560306,-0.6129244555815969
1.3529442087582224,-0.5410455314630929,-0.21169055341267984
-0.06286675779583284,2.9019965180241387,0.5907772509251543
0.38761854974409404,0.4476895581045234,0.49046877538292505
0.6879420881040448,1.031463999285403,1.2929365797207593
-0.6849655158271597,0.1409011881145715,1.2929365797207593
-0.01996339517298284,-0.9547715618495423,-0.3119990289549091
-0.01996339517298284,-0.8373154430533893,-1.415392259919431
-0.3202869335329336,0.012926610918763022,0.5907772509251543
0.6450387254811948,-0.5270209202635523,-1.415392259919431
1.8034295162981486,-0.6216870458604516,-2.3181685397994944
0.7522971320383202,-0.08173951467813641,-0.5126159800393677
-0.9852890541871112,-0.32366405787021274,1.6941704818896763
-0.12722180173010822,-0.6988224074579253,-0.3119990289549091
-0.49190038402433434,-0.7759577690553989,0.6910857264673836
0.6450387254811948,0.2197896261119877,-0.7132329311238262
-0.7278688784500097,-0.12731950107664355,0.6910857264673836
0.8810072199068709,0.3372457449081407,0.49046877538292505
0.9453622638411455,0.037469680517959174,0.18954334875623724
0.6235870441697694,1.2120308684794892,0.7913942020096129
0.6879420881040448,0.6545525732977481,0.7913942020096129
-0.3631902961557836,1.783533774860771,0.49046877538292505
0.2589084618755433,0.6738364136971164,0.8917026775518422
0.4948769563012194,0.023445069318418513,0.18954334875623724
0.5377803189240694,-0.5620824482624039,-1.1144668332927432
-0.8994823289414104,-0.2868494534714185,0.8917026775518422
1.2671374835125218,-0.7216124006571789,-2.117551588715036
-0.42754534009005896,-0.28509637707147595,1.19262810417853
0.28036014318696867,-1.0143761594475902,-1.2147753088349726
-1.564484449595588,-0.6532424210594182,0.3901602998406958
-2.444003383364016,-0.1027764314774474,-0.8135414066660555
-1.1139991420556612,-0.574353983062002,0.8917026775518422
-1.0710957794328113,0.19524655651279155,1.4935535308052177
1.0955240330211218,1.9833844844542254,0.18954334875623724
-1.907711350578389,-0.5129963090640116,1.2929365797207593
-0.3202869335329336,-0.6953162546580401,-0.7132329311238262
-2.830133646969667,-0.0729741326784235,1.2929365797207593
-0.47044870271290895,-0.6812916434584995,0.9920111530940714
-2.186583207626915,-0.6585016502592459,1.0923196286363006
0.1731017366298433,0.023445069318418513,-0.5126159800393677
0.9882656264639963,0.19699963291273415,-0.5126159800393677
0.10874669269556791,-1.005610777447877,-2.3181685397994944
0.7308454507268948,0.10759273651566245,0.5907772509251543
1.6318160658067487,-0.670773185058844,-1.3150837843772019
0.4519735936783694,2.9317988168231626,0.7913942020096129
0.34471518712124405,-0.01336953508037571,-0.011073602328221294
-0.7064171971385851,-0.8355623666534467,0.49046877538292505
0.7093937694154702,0.3845788077065904,0.8917026775518422
-0.40609365877863357,-0.7952416094547673,-1.3150837843772019
0.6021353628583448,2.0798036864510676,1.4935535308052177
-0.2559318895986582,-0.34119482186963856,0.6910857264673836
-0.8351272850071351,-0.6637608794590737,1.0923196286363006
-0.49190038402433434,-0.6725262614587866,0.49046877538292505
-0.06286675779583284,-0.9898330898483939,-1.3150837843772019
-0.513352065335759,-0.8986731170513796,-0.11138207787045057
0.40907023105551865,0.45996109290412146,0.8917026775518422
-0.49190038402433434,-0.8215377554539061,-0.7132329311238262
0.001488286138442538,-0.6339585806600497,-0.21169055341267984
0.8810072199068709,0.36003573810739425,0.5907772509251543
0.36616686843266866,0.24608577211112645,0.5907772509251543
-0.42754534009005896,-0.3464540510694663,0.9920111530940714
0.6450387254811948,0.19524655651279155,0.3901602998406958
-0.44899702140148434,0.08129659051652373,0.08923487321400798
1.996494648100974,-0.628699351460222,-2.2178600642572652
0.6235870441697694,-1.0161292358475327,-1.1144668332927432
0.34471518712124405,0.13038272971491602,0.6910857264673836
0.8166521759725955,-0.16413410547543777,-1.3150837843772019
0.02293996744986792,2.3410120700425123,1.5938620063474471
-0.6420621532043097,-0.8513400542529299,0.2898518242984665
0.5806836815469194,2.116618290849862,0.18954334875623724
2.1895597799038007,-0.6146747402606814,-1.3150837843772019
0.1945534179412679,-1.0564499930462121,-2.117551588715036
-0.2130285269758082,0.13914811171462893,0.18954334875623724
-2.894488690903943,0.0006550761191649468,1.2929365797207593
0.516328637612644,-1.0757338334455804,-1.3150837843772019
-2.980295416149643,-0.5235147674636671,-0.3119990289549091
-0.9638373728756858,-0.6374647334599349,0.6910857264673836
0.6450387254811948,0.34601112690785363,0.2898518242984665
-0.2773835709100836,-0.8127723734541932,0.08923487321400798
-0.6849655158271597,-0.8899077350516668,-0.6129244555815969
1.3958475713810725,-0.8180316026540209,-1.3150837843772019
0.9882656264639963,-0.39203403746797344,0.49046877538292505
1.2242341208896717,0.23732039011141354,0.5907772509251543
-0.513352065335759,-0.8881546586517242,-0.9138498822082848
1.1813307582668218,-0.3482071274694089,0.2898518242984665
-0.10577012041868285,-0.9530184854495997,-0.11138207787045057
0.8166521759725955,0.3688011201071072,-0.11138207787045057
1.0740723517096964,0.29166575850963355,-0.6129244555815969
-0.7278688784500097,0.7246756292954514,1.6941704818896763
0.9882656264639963,2.078050610051125,0.49046877538292505
0.4948769563012194,0.35302343250762397,-0.011073602328221294
-0.44899702140148434,-0.49897169786447093,0.3901602998406958
-0.44899702140148434,-0.7321308590568344,-0.21169055341267984
-2.057873119758365,-0.5708478302621168,0.5907772509251543
-0.42754534009005896,-0.7128470186574659,0.08923487321400798
0.9239105825297209,-0.050184139479169936,-0.11138207787045057
-0.2988352522215082,-0.8162785262540783,0.3901602998406958
0.8810072199068709,-0.9389938742500591,-1.5157007354616603
-2.958843734838218,0.012926610918763022,-0.5126159800393677
-0.8136756036957105,-0.42183633626699735,1.0923196286363006
-1.5215810869727382,-0.7303777826568918,-0.7132329311238262
-0.40609365877863357,-0.9337346450502313,0.3901602998406958
-0.3202869335329336,-0.5813662886617723,-0.6129244555815969
-0.1701251643529582,-0.14660334147601195,0.08923487321400798
0.001488286138442538,-1.0406723054467288,-1.1144668332927432
-0.40609365877863357,-0.8145254498541358,0.08923487321400798
-0.14867348304153283,-0.9354877214501739,-0.3119990289549091
1.739074472363874,-0.6742793378587292,-1.3150837843772019
-0.44899702140148434,-0.8005008386545951,-1.415392259919431
-0.10577012041868285,-0.36573789146883473,0.3901602998406958
-0.2130285269758082,0.22680193171175803,0.9920111530940714
-0.12722180173010822,-0.006357229480605382,0.9920111530940714
-0.40609365877863357,0.3828257313066478,0.6910857264673836
-0.40609365877863357,-0.9004261934513222,-0.3119990289549091
-1.3928709991041874,2.551381238035622,1.5938620063474471
-0.2773835709100836,-0.7899823802549396,-1.2147753088349726
0.6879420881040448,0.17420963971348058,0.08923487321400798
0.47342527498979403,1.0875624440835658,0.9920111530940714
-0.5348037466471843,-0.947759256249772,0.6910857264673836
0.3018118244983933,2.8897249832245406,1.6941704818896763
-0.44899702140148434,-0.947759256249772,-1.3150837843772019
-0.34173861484435897,-0.8864015822517816,-0.7132329311238262
-2.5727134712325666,-0.8215377554539061,0.08923487321400798
-0.04141507648440746,-0.5726009066620594,0.2898518242984665
-0.5991587905814597,-0.7408962410565473,0.08923487321400798
-0.8565789663185605,-0.767192387055686,-0.21169055341267984
0.9239105825297209,-0.3482071274694089,-0.7132329311238262
0.06584333007271792,3.31046331921076,-0.7132329311238262
-0.1701251643529582,0.8929709636899392,0.3901602998406958
0.9882656264639963,-0.6953162546580401,-2.3181685397994944
1.0955240330211218,2.77402194082833,0.2898518242984665
0.47342527498979403,1.1576855000812691,1.19262810417853
-0.5777071092700343,0.3950972661062459,1.5938620063474471
-0.12722180173010822,-0.809266220654308,1.0923196286363006
-0.2130285269758082,-0.8355623666534467,-0.7132329311238262
0.5592320002354948,0.24433269571118385,-0.11138207787045057
-0.8994823289414104,-0.8530931306528725,-0.4123075044971384
0.06584333007271792,3.5488817096029512,1.19262810417853
0.8595555385954455,1.9132614284565221,0.6910857264673836
0.7308454507268948,-0.34119482186963856,-0.11138207787045057
0.32326350580981866,-1.0932645974450064,-1.9169346376305774
0.6879420881040448,0.25485115411083936,-0.011073602328221294
-2.894488690903943,-0.6637608794590737,1.0923196286363006
0.5592320002354948,0.24082654291129868,0.6910857264673836
-1.8862596692669642,2.0710383044513545,0.7913942020096129
1.5460093405610487,-0.8530931306528725,-1.8166261620883482
-0.38464197746720896,-0.8320562138535615,0.3901602998406958
-0.14867348304153283,-0.435860947466538,0.08923487321400798
-0.7922239223842851,0.24433269571118385,1.2929365797207593
1.0311689890868463,-0.28334330067153335,-0.8135414066660555
0.6021353628583448,1.045488610484944,1.3932450552629885
-0.08431843910725746,-1.0126230830476475,-1.6160092110038897
0.9668139451525709,-0.4411201766663657,-1.1144668332927432
-0.34173861484435897,2.362048986841823,1.19262810417853
0.3018118244983933,-1.0704746042457527,-1.5157007354616603
-0.5777071092700343,-0.6392178098598775,0.2898518242984665
0.8810072199068709,0.27588807091015033,0.18954334875623724
0.6879420881040448,0.047988138917614664,-1.3150837843772019
1.8677845602324248,-0.8373154430533893,-2.117551588715036
0.7737488133497455,0.5949479756997003,0.9920111530940714
0.9239105825297209,-1.0687215278458102,-2.117551588715036
1.1384273956439717,-0.754920852256088,-1.8166261620883482
0.8381038572840201,0.29517191130951875,0.08923487321400798
0.5377803189240694,0.07253120851681082,0.6910857264673836
-0.1701251643529582,-0.7146000950574085,0.18954334875623724
-0.47044870271290895,-0.43060171826671023,0.6910857264673836
0.6879420881040448,0.1409011881145715,0.08923487321400798
0.516328637612644,-0.9863269370485088,-1.2147753088349726
-0.7707722410728605,1.0332170756853458,-0.21169055341267984
-0.7922239223842851,0.2303080845116432,1.0923196286363006
0.7952004946611702,-0.47968785746510256,-1.1144668332927432
0.4519735936783694,2.2182967220465315,1.6941704818896763
0.6664904067926202,0.012926610918763022,0.08923487321400798
-3.0661021413953433,-0.4656632462655619,0.2898518242984665
0.7308454507268948,-0.981067707848681,-1.8166261620883482
0.02293996744986792,-0.6251931986603368,0.3901602998406958
-0.6206104718928843,-0.7794639218552841,-0.011073602328221294
-0.5348037466471843,-0.7899823802549396,-0.11138207787045057
1.503105977938198,-0.6795385670585569,-1.415392259919431
0.5377803189240694,0.2320611609115858,0.7913942020096129
0.9668139451525709,1.0104270824860921,0.6910857264673836
-2.07932480106979,-0.11680104267698806,0.7913942020096129
-0.2344802082872336,-0.809266220654308,1.2929365797207593
-0.10577012041868285,-0.981067707848681,-0.3119990289549091
-0.6420621532043097,-0.7969946858547099,-0.6129244555815969
-0.12722180173010822,0.1899873273129638,0.08923487321400798
-0.44899702140148434,-0.7742046926554563,-0.7132329311238262
-0.14867348304153283,-0.7075877894576382,-0.6129244555815969
0.044391648761292535,-0.7268716298570066,0.6910857264673836
0.044391648761292535,0.4371710997048679,-0.21169055341267984
0.6450387254811948,3.03873647721966,0.8917026775518422
1.1169757143325463,0.58793567009993,0.3901602998406958
-0.2988352522215082,-0.7146000950574085,0.2898518242984665
-0.47044870271290895,-0.6234401222603942,0.8917026775518422
1.1813307582668218,-0.7444023938564325,-1.716317686546119
-2.315293295495466,-0.02213491708008862,-0.7132329311238262
-1.0925474607442367,0.4056157245059014,0.7913942020096129
0.02293996744986792,1.7589907052615747,0.08923487321400798
0.1945534179412679,1.0875624440835658,0.9920111530940714
-0.5348037466471843,-0.6269462750602794,0.08923487321400798
-0.8136756036957105,-0.2202325502736004,1.2929365797207593
-0.2344802082872336,-0.36223173866894953,0.18954334875623724
-0.01996339517298284,-1.0213884650473604,-1.1144668332927432
-0.5562554279586097,-0.6129216638607388,0.5907772509251543
1.1169757143325463,2.2323213332460723,1.19262810417853
0.9453622638411455,-0.02038184068014604,0.6910857264673836
-0.2344802082872336,-0.8758831238521261,-1.2147753088349726
0.7522971320383202,-0.05544336867899768,-0.11138207787045057
-2.7872302843468173,-0.616427816660624,0.8917026775518422
1.0955240330211218,0.06551890291704049,-0.3119990289549091
0.3018118244983933,2.9317988168231626,0.5907772509251543
0.7093937694154702,-0.01336953508037571,-0.011073602328221294
-0.5991587905814597,0.5756641353003319,0.9920111530940714
-1.1783541859899367,0.24257961931124128,1.3932450552629885
0.02293996744986792,-0.8530931306528725,0.49046877538292505
0.5377803189240694,-0.24302254347285396,-1.014158357750514
-0.42754534009005896,3.080810310818282,-0.4123075044971384
0.9882656264639963,0.621244121698839,0.5907772509251543
-0.38464197746720896,0.3389988213080833,0.18954334875623724
0.8810072199068709,2.0377298528524457,0.18954334875623724
0.9668139451525709,0.365294967307222,0.2898518242984665
1.1169757143325463,0.10934581291560504,-0.3119990289549091
-0.12722180173010822,-0.2886025298713611,0.49046877538292505
-1.0710957794328113,-0.34119482186963856,1.2929365797207593
0.34471518712124405,3.4507094312061666,1.6941704818896763
-0.9638373728756858,1.8659283656580725,0.7913942020096129
-0.42754534009005896,-0.6585016502592459,1.2929365797207593
1.0955240330211218,1.6836084200640438,0.6910857264673836
1.1598790769553964,-0.7461554702563751,-2.3181685397994944
0.43052191236694404,0.2618634597106097,0.5907772509251543
0.9882656264639963,0.1812219453132509,-0.3119990289549091
-1.7146462187755636,-0.5305270730634374,-0.3119990289549091
0.34471518712124405,0.11460504211543278,0.3901602998406958
-0.06286675779583284,-0.5831193650617149,-0.21169055341267984
-0.6206104718928843,-0.4814409338650451,0.3901602998406958
-0.7278688784500097,-0.5235147674636671,-0.011073602328221294
1.1813307582668218,-0.8057600678544228,-2.2178600642572652
-2.4869067459868663,-0.7777108454553415,-0.9138498822082848
1.331492527446797,-0.8320562138535615,-1.5157007354616603
-1.0067407354985358,-0.04317183387939961,1.6941704818896763
0.28036014318696867,0.42840571770515495,-0.4123075044971384
-2.186583207626915,0.2618634597106097,-0.9138498822082848
-0.6849655158271597,0.558133371300906,0.6910857264673836
0.1516500553184179,0.856156359291145,0.7913942020096129
-0.3202869335329336,-0.7444023938564325,0.08923487321400798
0.9882656264639963,-0.09401104947773449,1.19262810417853
-0.3202869335329336,0.04974121531755724,0.2898518242984665
-0.6420621532043097,-0.6409708862598201,0.18954334875623724
1.2885891648239471,-0.7461554702563751,-1.9169346376305774
0.6450387254811948,-0.21322024467383008,0.8917026775518422
-1.821904625332689,2.064025998851584,-0.21169055341267984
0.044391648761292535,-1.0582030694461546,-2.3181685397994944
-0.6635138345157351,-0.8495869778529874,0.6910857264673836
-0.9638373728756858,2.391851285640847,0.5907772509251543
-0.9852890541871112,0.25134500131095416,-0.9138498822082848
-1.5215810869727382,2.467233570838378,-0.9138498822082848
0.6450387254811948,-0.5165024618638968,-1.3150837843772019
-0.08431843910725746,-0.788229303854997,-0.5126159800393677
-0.40609365877863357,-0.8864015822517816,-0.011073602328221294
-2.915940372215368,0.30393729330923164,1.19262810417853
0.7308454507268948,-1.0564499930462121,-2.017243113172807
-1.4572260430384627,2.9773788032216695,0.5907772509251543
0.08729501138414254,-0.47968785746510256,-0.4123075044971384
-0.42754534009005896,0.14791349371434184,0.7913942020096129
0.08729501138414254,2.116618290849862,0.2898518242984665
-0.38464197746720896,-0.6514893446594756,0.3901602998406958
-0.3202869335329336,-0.8110192970542506,0.5907772509251543
-3.044650460083918,-0.12030719547687321,-0.6129244555815969
-0.7493205597614351,-0.3078863702707295,1.2929365797207593
0.8810072199068709,-0.3061332938707869,-1.2147753088349726
0.1945534179412679,0.7194164000956236,0.9920111530940714
0.7737488133497455,-0.2500348490726243,-0.5126159800393677
-0.3631902961557836,0.033963527718074,0.3901602998406958
0.2589084618755433,1.3943508140735177,0.6910857264673836
-0.7064171971385851,-0.8320562138535615,0.2898518242984665
-0.06286675779583284,-0.456897864265849,0.2898518242984665
0.7952004946611702,0.03571660411801659,0.6910857264673836
1.052620670398271,-0.008110305880547964,0.9920111530940714
-0.04141507648440746,-0.9214631102506332,0.5907772509251543
-0.47044870271290895,-0.8601054362526429,-0.21169055341267984
-0.513352065335759,2.668837356831775,1.2929365797207593
-0.08431843910725746,1.5468684608685224,1.0923196286363006
-1.0067407354985358,-0.1606279526755526,0.5907772509251543
-2.7443269217239674,0.4739857041036621,0.2898518242984665
-1.5859361309070128,-0.3271702106700979,0.18954334875623724
0.516328637612644,0.3389988213080833,-0.5126159800393677
-0.47044870271290895,-0.6672670322589588,0.5907772509251543
-2.830133646969667,0.22680193171175803,0.08923487321400798
1.2242341208896717,-0.6847977962583847,-1.716317686546119
0.7522971320383202,-0.31139252307061466,-0.6129244555815969
-0.40609365877863357,-0.12556642467670096,0.2898518242984665
-0.2988352522215082,-0.6602547266591885,0.9920111530940714
0.7308454507268948,0.3021842169092891,0.5907772509251543
1.331492527446797,-0.46040401706573414,-0.7132329311238262
0.6450387254811948,2.616245064833498,1.19262810417853
0.2589084618755433,-1.0722276806456954,-2.2178600642572652
-0.2344802082872336,-0.8215377554539061,1.2929365797207593
-0.12722180173010822,-0.9495123326497146,-0.6129244555815969
0.7737488133497455,-0.5445516842629781,-0.5126159800393677
-0.6849655158271597,-0.1115418134771603,0.7913942020096129
0.6021353628583448,0.18472809811313606,0.18954334875623724
-1.049644098121386,0.002408152519107529,1.19262810417853
-0.5991587905814597,-0.8390685194533318,-0.11138207787045057
-2.07932480106979,0.47047955130377694,0.3901602998406958
-2.186583207626915,-0.23776331427302622,1.4935535308052177
0.8166521759725955,0.5476149129012505,0.18954334875623724
-1.8433563066441143,0.011173534518820439,-0.8135414066660555
-0.44899702140148434,-0.9758084786488532,-1.415392259919431
2.2110114612152247,-0.6076624346609111,-1.6160092110038897
-0.19157684566438285,-0.4937124686646432,0.8917026775518422
0.8166521759725955,0.1426542645145141,0.3901602998406958
-1.371419317792762,1.1576855000812691,0.18954334875623724
0.8595555385954455,-0.15010949427589712,0.18954334875623724
0.06584333007271792,-0.90568542265115,-1.1144668332927432
0.9024589012182955,-1.0844992154452933,-1.415392259919431
-0.8351272850071351,-0.4849470866649303,-0.5126159800393677
-0.04141507648440746,-1.005610777447877,-1.716317686546119
-0.19157684566438285,0.9280324916887909,-0.7132329311238262
-0.38464197746720896,-0.8408215958532744,-0.4123075044971384
-1.1139991420556612,-0.3780094262684328,0.9920111530940714
1.6961711097410233,-0.8390685194533318,-1.8166261620883482
-0.47044870271290895,1.922026810456235,1.2929365797207593
-0.5991587905814597,-0.9512654090496572,-0.6129244555815969
-0.9852890541871112,0.023445069318418513,1.0923196286363006
-0.3631902961557836,-0.4937124686646432,-0.11138207787045057
-0.5991587905814597,-0.2921086826712463,0.5907772509251543
-0.3202869335329336,-0.6444770390597052,-0.3119990289549091
-0.9209340102528358,-0.8741300474521835,0.6910857264673836
0.7093937694154702,-0.21847947387365782,-0.011073602328221294
-0.7493205597614351,0.6247502744987242,1.4935535308052177
-1.8648079879555388,1.1208708956824749,-0.11138207787045057
0.38761854974409404,2.8055773160272963,0.9920111530940714
-0.34173861484435897,-0.5568232190625761,0.08923487321400798
-0.47044870271290895,1.0191924644858052,0.6910857264673836
1.0740723517096964,-0.3955401902678586,-0.4123075044971384
-1.7146462187755636,-0.060702597878825426,1.3932450552629885
0.06584333007271792,2.5548873908355074,1.5938620063474471
0.7093937694154702,0.004161228919050111,0.2898518242984665
0.1945534179412679,1.0823032148837382,0.8917026775518422
1.0311689890868463,2.6548127456322343,1.0923196286363006
0.6235870441697694,2.71266426683034,1.0923196286363006
-0.06286675779583284,0.8281071368920637,0.6910857264673836
-0.6849655158271597,-0.7689454634556286,-0.11138207787045057
0.8810072199068709,0.11811119491531795,-0.11138207787045057
-0.5562554279586097,-0.6076624346609111,0.49046877538292505
-1.2641609112356367,3.6961401271981282,0.8917026775518422
0.7952004946611702,-0.21146716827388748,-0.21169055341267984
0.34471518712124405,1.76249685806146,1.0923196286363006
0.8810072199068709,1.2611170076778815,0.3901602998406958
0.044391648761292535,-0.9880800134484513,-0.5126159800393677
1.009717307775421,-0.018628764280203457,0.6910857264673836
0.6021353628583448,2.2270621040462446,0.08923487321400798
0.001488286138442538,-0.9617838674493127,-1.3150837843772019
1.009717307775421,2.761750406028732,1.0923196286363006
-0.7064171971385851,-0.7268716298570066,-0.11138207787045057
-0.6206104718928843,-0.6059093582609685,0.5907772509251543
-1.0281924168099612,0.07253120851681082,0.9920111530940714
-0.47044870271290895,-0.18692409867469134,0.8917026775518422
0.8166521759725955,0.4354180233049253,0.49046877538292505
0.6235870441697694,2.120124443649747,1.2929365797207593
-0.513352065335759,-0.5007247742644135,0.18954334875623724
-0.08431843910725746,-0.6830447198584421,-1.014158357750514
-2.100776482381215,-0.1115418134771603,-0.3119990289549091
-2.8730370095925175,-0.32541713427015534,-0.011073602328221294
0.08729501138414254,0.7527248516945326,1.2929365797207593
1.5460093405610487,-0.733883935456777,-1.8166261620883482
-0.7493205597614351,0.02695122211830368,1.2929365797207593
-0.7278688784500097,2.8143426980270094,-0.8135414066660555
0.1731017366298433,-1.0950176738449489,-1.8166261620883482
-0.49190038402433434,-0.7286247062569492,0.08923487321400798
-0.08431843910725746,-0.9687961730490829,-1.9169346376305774
2.1681080985923753,-0.6830447198584421,-1.1144668332927432
0.1731017366298433,1.8624222128581873,0.5907772509251543
-0.19157684566438285,-0.5094901562641264,0.3901602998406958
-0.14867348304153283,-0.1325787302764713,0.2898518242984665
-0.5348037466471843,-0.6094155110608537,0.18954334875623724
-2.5941651525439915,-0.2588002310723372,1.2929365797207593
-2.25093825156119,-0.24652869627273913,-0.5126159800393677
-0.2344802082872336,-0.7181062478572937,0.5907772509251543
-0.5348037466471843,1.2050185628797188,-0.011073602328221294
-0.7922239223842851,-0.9547715618495423,-0.011073602328221294
-0.3631902961557836,-0.7110939422575234,0.2898518242984665
-0.2773835709100836,-0.6988224074579253,0.49046877538292505
-0.08431843910725746,1.112105513682762,1.19262810417853
0.6879420881040448,2.7424665656293636,0.49046877538292505
-0.40609365877863357,-0.8618585126525854,-1.415392259919431
0.08729501138414254,-0.8267969846537339,-0.3119990289549091
0.08729501138414254,1.296178535676733,1.3932450552629885
-1.049644098121386,0.3828257313066478,1.19262810417853
0.001488286138442538,-0.8793892766520113,-0.21169055341267984
-0.12722180173010822,-0.9915861662483365,-0.3119990289549091
-2.100776482381215,0.02870429851824626,0.8917026775518422
-0.04141507648440746,2.5846896896345313,0.9920111530940714
-2.7872302843468173,-0.12030719547687321,-0.4123075044971384
0.8381038572840201,-0.22549177947342813,-0.6129244555815969
-0.6206104718928843,-0.7899823802549396,0.5907772509251543
-1.328515955169912,1.6976330312635843,1.19262810417853
-0.19157684566438285,0.3950972661062459,0.7913942020096129
-1.199805867301362,0.09006197251623663,-0.011073602328221294
0.40907023105551865,-0.9740554022489107,-2.2178600642572652
-1.9935180758240896,3.210537964414033,-0.3119990289549091
0.02293996744986792,-1.1002769030447765,-1.3150837843772019
-1.285612592547062,-0.5480578370628633,1.5938620063474471
0.4519735936783694,0.17946886891330832,-0.3119990289549091
1.3743958900696471,-0.17465256387509326,-0.5126159800393677
-0.5348037466471843,-0.8338092902535041,0.6910857264673836
-0.2130285269758082,-0.43235479466665283,1.19262810417853
-0.513352065335759,-0.2886025298713611,1.19262810417853
-0.47044870271290895,-0.9126977282509203,-0.11138207787045057
1.3529442087582224,-0.06946797987853834,-0.3119990289549091
0.9453622638411455,0.22680193171175803,0.6910857264673836
-2.186583207626915,0.151419646514227,-0.21169055341267984
-0.01996339517298284,2.7459727184292486,-0.6129244555815969
0.9668139451525709,0.310949598909002,0.08923487321400798
1.1598790769553964,1.9903967900539958,0.49046877538292505
0.47342527498979403,-0.018628764280203457,0.18954334875623724
-0.6849655158271597,-0.3464540510694663,1.4935535308052177
-1.6717428561527135,2.2393336388458427,0.9920111530940714
-0.6420621532043097,-0.6812916434584995,-0.011073602328221294
1.1813307582668218,-0.8373154430533893,-1.2147753088349726
-0.10577012041868285,-0.9933392426482791,-1.014158357750514
0.5592320002354948,-0.2517879254725669,-0.21169055341267984
0.7308454507268948,-0.1325787302764713,-0.011073602328221294
-0.9209340102528358,-0.14660334147601195,0.9920111530940714
-2.422551702052591,-0.14660334147601195,0.2898518242984665
-0.01996339517298284,2.4987889460373447,0.5907772509251543
0.8595555385954455,-0.9985984718481068,-1.716317686546119
0.6450387254811948,-0.3762563498684902,-1.2147753088349726
-0.7493205597614351,-0.8127723734541932,0.49046877538292505
-1.0925474607442367,2.5566404672354497,-0.11138207787045057
0.8166521759725955,0.7141571708957959,0.08923487321400798
0.8595555385954455,-0.3447009746695237,-0.8135414066660555
-0.7064171971385851,-0.6900570254582123,0.08923487321400798
0.8595555385954455,0.6072195104992983,0.49046877538292505
-0.2988352522215082,-0.9460061798498294,-1.1144668332927432
-0.2988352522215082,-0.7426493174564899,-0.4123075044971384
-0.2559318895986582,1.0560070688845993,0.6910857264673836
-0.12722180173010822,-0.9284754158504036,-0.7132329311238262
0.3018118244983933,-1.0073638538478198,-1.1144668332927432
0.9024589012182955,0.2180365497120451,-0.21169055341267984
0.044391648761292535,1.6853614964639863,0.5907772509251543
0.6235870441697694,0.2303080845116432,0.6910857264673836
-0.2559318895986582,-0.5182555382638393,0.2898518242984665
-0.513352065335759,-0.6269462750602794,-0.011073602328221294
1.1384273956439717,0.2320611609115858,-0.7132329311238262
1.3529442087582224,-0.8285500610536763,-1.415392259919431
0.34471518712124405,-0.8951669642514946,-1.716317686546119
-1.9720663945126642,0.4547018637042937,0.49046877538292505
-0.6206104718928843,-0.6988224074579253,0.18954334875623724
1.052620670398271,-0.11504796627704547,-0.6129244555815969
-1.1569025046785113,2.8564165316256314,-0.6129244555815969
0.08729501138414254,-1.0091169302477623,-1.6160092110038897
0.8381038572840201,-0.21322024467383008,-1.2147753088349726
-0.7064171971385851,-0.649736268259533,-0.11138207787045057
-0.2130285269758082,-0.7601800814559156,1.2929365797207593
-0.6206104718928843,-0.7514146994562028,0.49046877538292505
-0.7278688784500097,-0.6549954974593608,-0.5126159800393677
0.7308454507268948,0.24608577211112645,0.2898518242984665
0.9668139451525709,-0.02213491708008862,0.3901602998406958
-0.8565789663185605,-0.21672639747371522,1.5938620063474471
-0.44899702140148434,-0.6777854906586144,0.18954334875623724
-1.9291630318898143,0.4266526413052124,1.3932450552629885
-1.1354508233670866,3.4910301884048462,-0.5126159800393677
0.34471518712124405,0.4564549401042363,-0.5126159800393677
0.32326350580981866,-1.0073638538478198,-1.1144668332927432
-0.6420621532043097,-0.691810101858155,0.3901602998406958
-0.14867348304153283,-0.7461554702563751,-0.21169055341267984
0.23745678056411867,0.09006197251623663,0.18954334875623724
-0.3202869335329336,-0.43060171826671023,0.18954334875623724
-1.0067407354985358,-0.5778601358618871,1.5938620063474471
0.7737488133497455,-0.05544336867899768,0.6910857264673836
0.6879420881040448,-0.23601023787308364,-0.3119990289549091
1.6103643844953233,-0.6795385670585569,-1.1144668332927432
1.3743958900696471,0.07954351411658114,0.2898518242984665
0.6021353628583448,0.3127026753089446,0.08923487321400798
0.9239105825297209,1.5345969260689243,0.49046877538292505
1.9750429667895502,-0.6514893446594756,-2.017243113172807
0.6450387254811948,-0.07122105627848092,-0.6129244555815969
0.4948769563012194,3.252611798012655,1.6941704818896763
-0.6420621532043097,-0.6444770390597052,0.3901602998406958
0.5806836815469194,1.5836830652673166,0.5907772509251543
-1.049644098121386,-0.29386175907118883,0.5907772509251543
0.02293996744986792,-0.9933392426482791,-0.9138498822082848
0.7093937694154702,-0.43060171826671023,-0.8135414066660555
-0.06286675779583284,-0.8899077350516668,-1.3150837843772019
0.1731017366298433,3.1071064568174207,1.19262810417853
-0.6420621532043097,-0.90568542265115,0.49046877538292505
-0.2773835709100836,-0.5603293718624613,0.6910857264673836
-0.49190038402433434,-0.7075877894576382,0.2898518242984665
-1.4143226804156128,-0.3341825162698682,0.8917026775518422
-0.40609365877863357,-0.7689454634556286,-0.11138207787045057
-0.7278688784500097,-0.04141875747945702,1.2929365797207593
-0.38464197746720896,-0.9144508046508629,0.49046877538292505
-0.42754534009005896,-0.5182555382638393,0.49046877538292505
0.6235870441697694,1.464473870071221,0.6910857264673836
-0.7064171971385851,-0.1518625706758397,1.6941704818896763
-0.6206104718928843,-0.628699351460222,0.2898518242984665
-0.3202869335329336,-0.8864015822517816,-1.1144668332927432
0.6021353628583448,0.09006197251623663,0.2898518242984665
0.1301983740069933,2.5741712312348755,0.7913942020096129
-0.9423856915642604,-0.6532424210594182,1.5938620063474471
-0.34173861484435897,-0.5515639898627485,-0.011073602328221294
0.32326350580981866,0.3407518977080259,0.49046877538292505
0.9668139451525709,0.2864065293098058,0.08923487321400798
1.7819778349867232,-0.6602547266591885,-1.5157007354616603
0.8166521759725955,-0.2289979322733133,0.08923487321400798
-0.01996339517298284,-1.1230668962440302,-2.2178600642572652
1.910687922855274,-0.7742046926554563,-2.2178600642572652
0.1516500553184179,2.4865174112377466,1.2929365797207593
1.7819778349867232,-0.8267969846537339,-1.2147753088349726
0.6235870441697694,-1.005610777447877,-2.117551588715036
-0.7707722410728605,0.13739503531468636,1.6941704818896763
0.10874669269556791,2.7880465520278706,1.3932450552629885
-0.44899702140148434,-0.7566739286560306,1.0923196286363006
0.5806836815469194,1.3119562232762163,1.5938620063474471
0.06584333007271792,-1.0494376874464417,-1.8166261620883482
0.4948769563012194,0.13213580611485862,-0.21169055341267984
0.6450387254811948,1.1138585900827045,1.6941704818896763
-0.04141507648440746,-1.1055361322446045,-1.8166261620883482
0.7737488133497455,-0.07823336187825125,0.6910857264673836
0.32326350580981866,0.864921741290858,0.7913942020096129
0.5806836815469194,-1.0003515482480494,-1.6160092110038897
0.6450387254811948,-0.15536872347572486,-1.2147753088349726
0.43052191236694404,2.7512319476290763,1.6941704818896763
-2.830133646969667,-0.5077370798641838,0.3901602998406958
-0.40609365877863357,-0.4060586486675141,0.7913942020096129
0.5377803189240694,2.451455883238895,0.8917026775518422
0.5377803189240694,-0.37976250266837536,-1.014158357750514
-1.3070642738584874,3.2122910408139758,0.5907772509251543
0.7522971320383202,0.17596271611342315,0.49046877538292505
-0.12722180173010822,-0.5936378234613704,0.08923487321400798
2.06084969203525,-0.6760324142586718,-2.4184770153417237
-0.42754534009005896,-0.179911793074921,0.7913942020096129
-0.7278688784500097,-0.5252678438636097,0.2898518242984665
0.6664904067926202,0.29517191130951875,0.3901602998406958
0.9453622638411455,0.28114730010997807,0.49046877538292505
-0.2988352522215082,-0.6725262614587866,-1.3150837843772019
-0.3202869335329336,-0.8741300474521835,-1.014158357750514
0.001488286138442538,-0.8565992834527577,-0.21169055341267984
-0.5562554279586097,-0.8881546586517242,-0.4123075044971384
-0.42754534009005896,-0.9074384990510925,-0.011073602328221294
-0.3631902961557836,-0.6129216638607388,0.49046877538292505
1.1598790769553964,0.4371710997048679,0.5907772509251543
0.6021353628583448,0.4845041625033176,1.4935535308052177
0.40907023105551865,0.10058043091589212,-0.3119990289549091
-0.34173861484435897,-0.6006501290611407,0.49046877538292505
-0.7707722410728605,0.3021842169092891,1.6941704818896763
0.8595555385954455,0.3091965225090594,-0.011073602328221294
0.5377803189240694,0.4459364817045808,0.08923487321400798
-2.3796483394297407,-0.3078863702707295,0.08923487321400798
0.8381038572840201,-0.9442531034498868,-1.2147753088349726
0.1516500553184179,-0.9126977282509203,-1.3150837843772019
-1.9291630318898143,1.3785731264740344,0.9920111530940714
-0.5991587905814597,-0.7286247062569492,0.08923487321400798
0.8381038572840201,-1.0406723054467288,-2.117551588715036
1.6103643844953233,-0.6602547266591885,-1.415392259919431
-0.38464197746720896,-0.29386175907118883,0.08923487321400798
-0.1701251643529582,-0.8951669642514946,-0.4123075044971384
-0.6206104718928843,-0.2903556062713037,1.6941704818896763
0.8810072199068709,1.8571629836583596,1.0923196286363006
0.9239105825297209,0.3389988213080833,0.2898518242984665
0.8595555385954455,-0.04141875747945702,0.6910857264673836
2.06084969203525,-0.649736268259533,-1.3150837843772019
1.245685802201097,-0.23425716147314105,-0.8135414066660555
0.1945534179412679,0.0637658265170979,0.5907772509251543
-0.6849655158271597,-0.8478339014530448,-0.5126159800393677
1.417299252692498,-0.7146000950574085,-1.716317686546119
-0.9852890541871112,0.3688011201071072,1.4935535308052177
-0.6849655158271597,1.8904714352572687,1.5938620063474471
1.503105977938198,-0.6549954974593608,-1.5157007354616603
-0.12722180173010822,-0.42008325986705475,0.6910857264673836
1.0311689890868463,0.30569036970917424,0.5907772509251543
0.6235870441697694,0.05675352091732758,-0.011073602328221294
-0.7278688784500097,-0.35346635666923665,0.6910857264673836
-2.16513152631549,-0.08524566747802158,-0.21169055341267984
-0.7064171971385851,-0.8548462070528151,-0.011073602328221294
-0.40609365877863357,-0.5305270730634374,-0.11138207787045057
-0.47044870271290895,-0.30963944667067206,0.6910857264673836
-0.2130285269758082,-1.010870006647705,-0.9138498822082848
-0.6635138345157351,-0.8285500610536763,0.2898518242984665
0.9668139451525709,1.099833978883164,0.2898518242984665
0.7308454507268948,2.2743951668446942,0.5907772509251543
0.5377803189240694,-1.0266476942471883,-1.415392259919431
-0.49190038402433434,-0.6777854906586144,0.3901602998406958
-0.6206104718928843,-0.8250439082537913,-0.6129244555815969
-0.9423856915642604,-0.7146000950574085,1.3932450552629885
-0.49190038402433434,-0.17640564027503586,0.3901602998406958
-2.5941651525439915,-0.7864762274550544,-0.8135414066660555
1.3100408461353725,-0.6672670322589588,-1.8166261620883482
1.3743958900696471,-0.0642087506787106,-1.2147753088349726
0.1516500553184179,-0.9985984718481068,-1.6160092110038897
-0.2773835709100836,-0.3709971206686625,0.5907772509251543
0.6450387254811948,-0.11855411907693064,-0.9138498822082848
1.824881197609574,-0.7759577690553989,-2.4184770153417237
1.1813307582668218,0.365294967307222,-0.11138207787045057
-1.199805867301362,3.2298218048134015,1.3932450552629885
-0.2130285269758082,-0.754920852256088,-1.2147753088349726
-0.49190038402433434,-0.6988224074579253,-0.4123075044971384
0.34471518712124405,0.5633926005007338,1.5938620063474471
0.7308454507268948,1.2874131536770201,1.19262810417853
-1.1139991420556612,-0.1816648694748636,1.5938620063474471
0.7093937694154702,2.363802063241766,1.19262810417853
-0.42754534009005896,-0.7110939422575234,0.18954334875623724
-0.44899702140148434,-0.2289979322733133,0.08923487321400798
0.5592320002354948,-0.027394146279916366,-0.011073602328221294
-2.4011000207411657,-0.1395910358762416,1.2929365797207593
-0.1701251643529582,-0.8250439082537913,-0.21169055341267984
0.5377803189240694,1.5328438496689818,0.7913942020096129
-0.47044870271290895,-0.7075877894576382,-0.011073602328221294
-1.3499676364813373,1.8291137612592783,0.9920111530940714
-0.8351272850071351,-0.6567485738593033,-0.7132329311238262
-0.9852890541871112,-0.15712179987566743,1.19262810417853
1.2242341208896717,-0.49897169786447093,-0.21169055341267984
0.9453622638411455,-0.3482071274694089,-0.7132329311238262
-0.9852890541871112,-0.23776331427302622,1.3932450552629885
0.8810072199068709,0.0935681253161218,0.2898518242984665
0.7737488133497455,-0.372750197068605,-0.6129244555815969
-0.6849655158271597,2.82836730922655,0.2898518242984665
0.8810072199068709,-0.25529407827245204,-0.9138498822082848
-1.736097900086989,1.3066969940763886,1.0923196286363006
1.0740723517096964,0.9630940196876425,0.2898518242984665
-0.34173861484435897,-0.5638355246623465,0.5907772509251543
0.9668139451525709,0.02870429851824626,0.49046877538292505
-0.12722180173010822,-0.49195939226470065,0.5907772509251543
-0.12722180173010822,-0.8478339014530448,-0.3119990289549091
0.7737488133497455,0.15667887571405475,0.3901602998406958
-0.6206104718928843,0.06201275011715532,0.7913942020096129
-0.08431843910725746,3.185994894814837,0.3901602998406958
2.1681080985923753,-0.8355623666534467,-2.4184770153417237
-2.2294865702497653,-0.43936710026642317,1.19262810417853
-2.637068515166842,-0.29736791187107403,0.2898518242984665
-0.47044870271290895,0.29166575850963355,0.18954334875623724
0.8595555385954455,-0.43235479466665283,-1.415392259919431
1.8463328789209994,-0.7058347130576956,-1.2147753088349726
-0.513352065335759,-0.6339585806600497,-0.011073602328221294
0.8166521759725955,0.2618634597106097,0.5907772509251543
0.7522971320383202,0.3477642033077962,-0.21169055341267984
-0.8351272850071351,-0.8145254498541358,0.3901602998406958
-1.5215810869727382,-0.05719644507894026,1.19262810417853
0.4519735936783694,0.025198145718361094,0.49046877538292505
-2.3796483394297407,-0.42008325986705475,-0.7132329311238262
0.044391648761292535,-0.9775615550487958,-1.3150837843772019
-1.0281924168099612,2.980884956021555,0.7913942020096129
-0.5348037466471843,-0.53228014946338,-0.11138207787045057
0.8810072199068709,-0.2903556062713037,-0.5126159800393677
0.9453622638411455,-0.47968785746510256,-0.7132329311238262
0.7952004946611702,1.0069209296862072,0.08923487321400798
-0.2130285269758082,-0.6795385670585569,1.0923196286363006
-0.01996339517298284,-0.8197846790539635,0.49046877538292505
-0.5991587905814597,0.7579840808943604,0.9920111530940714
-0.2559318895986582,-0.6725262614587866,0.49046877538292505
1.1384273956439717,-0.16413410547543777,-1.3150837843772019
-0.47044870271290895,-0.7005754838578679,0.2898518242984665
0.1731017366298433,0.10058043091589212,-0.7132329311238262
0.5377803189240694,0.14440734091445667,0.18954334875623724
0.02293996744986792,-0.8986731170513796,-0.9138498822082848
1.0311689890868463,-0.4043055722675715,-0.9138498822082848
-0.2559318895986582,-0.7216124006571789,-1.2147753088349726
-0.44899702140148434,-0.670773185058844,0.49046877538292505
1.2671374835125218,0.04097583331784434,-0.4123075044971384
-0.7493205597614351,-0.8145254498541358,0.2898518242984665
-0.6849655158271597,1.97286602605457,-0.3119990289549091
0.6021353628583448,2.370814368841536,1.0923196286363006
-0.6635138345157351,-0.6234401222603942,0.49046877538292505
0.7522971320383202,-0.06771490347859575,0.18954334875623724
-0.42754534009005896,-0.758427005055973,0.49046877538292505
-0.7922239223842851,0.15843195211399733,1.19262810417853
0.7308454507268948,-1.0213884650473604,-2.017243113172807
1.009717307775421,-0.179911793074921,-0.7132329311238262
-0.8136756036957105,1.5030415508699577,0.08923487321400798
-1.1139991420556612,-0.2307510086732559,1.5938620063474471
-0.3202869335329336,-0.7847231510551118,-0.8135414066660555
0.9668139451525709,1.0893155204835083,0.3901602998406958
-0.40609365877863357,-0.7356370118567195,-0.011073602328221294
1.3958475713810725,0.4091218773057866,0.3901602998406958
-0.04141507648440746,-1.073980757045638,-2.2178600642572652
-0.6849655158271597,0.6019602812994707,-0.9138498822082848
-3.044650460083918,-0.4463794058661935,1.0923196286363006
1.009717307775421,1.4259061892724842,1.19262810417853
0.7952004946611702,2.982638032421497,0.6910857264673836
-1.1569025046785113,-0.7005754838578679,1.19262810417853
-1.9935180758240896,-0.3867748082681457,-0.11138207787045057
-0.44899702140148434,-0.4744286282652748,0.08923487321400798
0.6879420881040448,0.13914811171462893,0.18954334875623724
-1.6931945374641382,-0.2693186894719927,1.19262810417853
-0.7278688784500097,-0.7075877894576382,-0.011073602328221294
-0.3202869335329336,-0.9109446518509777,-0.11138207787045057
0.4948769563012194,1.7186699480628953,0.5907772509251543
0.9453622638411455,0.12512350051508828,0.18954334875623724
0.7093937694154702,0.09532120171606438,-0.21169055341267984
0.4519735936783694,0.08830889611629406,-0.11138207787045057
0.7093937694154702,0.5020349265027434,0.2898518242984665
0.9239105825297209,0.21277732051221737,0.2898518242984665
1.3958475713810725,-0.788229303854997,-1.9169346376305774
0.5806836815469194,-0.28159022427159075,-0.6129244555815969
-1.6073878122184382,-0.1220602718768158,0.7913942020096129
0.044391648761292535,-1.0827461390453508,-1.1144668332927432
0.7308454507268948,2.879206524824885,0.6910857264673836
-0.9423856915642604,-0.5936378234613704,1.3932450552629885
-1.8004529440212635,-0.7742046926554563,1.0923196286363006
1.3743958900696471,-0.2412694670729114,-0.6129244555815969
-0.2559318895986582,-0.8390685194533318,-0.6129244555815969
-0.10577012041868285,1.325980834475757,1.2929365797207593
-0.7493205597614351,-0.4656632462655619,1.19262810417853
-0.04141507648440746,-0.9915861662483365,-0.7132329311238262
0.06584333007271792,-0.4831940102649877,-0.5126159800393677
0.516328637612644,2.40061666764056,0.5907772509251543
0.34471518712124405,0.8964771164898244,0.5907772509251543
1.6961711097410233,-0.758427005055973,-2.4184770153417237
0.7522971320383202,2.1902474996474504,0.5907772509251543
-1.650291174841288,-0.7444023938564325,-0.3119990289549091
-0.2559318895986582,-0.884648505851839,-0.9138498822082848
-0.7278688784500097,-0.49020631586475805,0.2898518242984665
0.3018118244983933,0.18648117451307866,-0.21169055341267984
1.1813307582668218,-0.051937215879112514,-1.2147753088349726
-0.08431843910725746,-1.0757338334455804,-2.3181685397994944
0.2589084618755433,0.7983048380930398,1.3932450552629885
-0.6635138345157351,3.072044928818569,1.19262810417853
-1.1354508233670866,-0.25704715467239464,1.6941704818896763
0.7093937694154702,0.0444819861177295,0.08923487321400798
1.1384273956439717,-0.19568948067440425,0.08923487321400798
-1.1783541859899367,0.5055410793026286,0.5907772509251543
0.8381038572840201,0.28465345290986327,0.2898518242984665
-0.7278688784500097,2.1236305964496323,0.2898518242984665
0.6450387254811948,2.602220453633957,1.4935535308052177
0.7737488133497455,0.2495919249110116,0.6910857264673836
-0.5991587905814597,-0.7829700746551692,0.3901602998406958
-0.2559318895986582,-1.0371661526468436,-0.6129244555815969
-0.513352065335759,-0.6392178098598775,0.3901602998406958
-0.34173861484435897,-0.9004261934513222,-0.3119990289549091
0.6664904067926202,2.023705241652905,0.18954334875623724
-0.42754534009005896,-0.49195939226470065,1.19262810417853
0.47342527498979403,2.5829366132345886,1.4935535308052177
0.4519735936783694,-0.16764025827532295,-0.21169055341267984
-0.42754534009005896,-0.9179569574507481,-0.4123075044971384
-0.7278688784500097,-0.6725262614587866,-0.011073602328221294
1.1169757143325463,0.5195656905021693,1.2929365797207593
0.1731017366298433,-0.04141875747945702,-0.7132329311238262
-1.5859361309070128,1.2400800908785705,-0.21169055341267984
-2.358196658118316,0.8631686648909154,0.18954334875623724
-1.4143226804156128,-0.18341794587480617,1.3932450552629885
1.5460093405610487,-0.7005754838578679,-1.1144668332927432
0.3018118244983933,0.10583966011571987,0.2898518242984665
0.8166521759725955,1.3627954388745511,1.2929365797207593
-0.6206104718928843,-0.10803566067727514,1.3932450552629885
-2.2938416141840405,0.004161228919050111,-0.8135414066660555
-0.06286675779583284,-0.9793146314487384,-1.415392259919431
0.6450387254811948,0.1426542645145141,0.18954334875623724
1.0311689890868463,-0.2605533074722798,0.18954334875623724
-0.19157684566438285,-0.7163531714573511,-0.21169055341267984
0.7952004946611702,-0.018628764280203457,0.2898518242984665
0.5377803189240694,0.004161228919050111,0.5907772509251543
-2.444003383364016,-0.2658125366721075,0.49046877538292505
-0.12722180173010822,-0.872376971052241,-0.11138207787045057
-0.513352065335759,-0.41131787786734186,0.18954334875623724
-0.2773835709100836,-0.5392924550631504,0.9920111530940714
0.5592320002354948,0.11986427131526053,0.6910857264673836
0.6879420881040448,-0.19568948067440425,-1.2147753088349726
0.6235870441697694,2.065779075251527,1.0923196286363006
1.3100408461353725,-0.06596182707865317,-0.8135414066660555
0.8381038572840201,-1.0178823122474752,-1.3150837843772019
0.7522971320383202,0.4248995649052698,0.18954334875623724
0.40907023105551865,0.10759273651566245,-0.011073602328221294
1.2027824395782472,0.20401193851250446,-0.4123075044971384
0.7952004946611702,0.3407518977080259,-0.011073602328221294
-1.2641609112356367,2.602220453633957,-0.6129244555815969
-1.2641609112356367,-0.35171328026929405,-0.5126159800393677
-0.9209340102528358,-0.34119482186963856,0.8917026775518422
0.1516500553184179,-0.9828207842486236,-1.716317686546119
0.10874669269556791,-1.0687215278458102,-1.3150837843772019
-0.47044870271290895,-0.9495123326497146,-1.014158357750514
-0.9423856915642604,2.470739723638263,0.2898518242984665
-0.9209340102528358,-0.7864762274550544,-0.4123075044971384
0.1731017366298433,0.3793195785067627,0.6910857264673836
0.7308454507268948,0.9210201860890206,0.5907772509251543
0.5592320002354948,1.2891662300769628,1.2929365797207593
0.32326350580981866,0.4389241761048105,-0.4123075044971384
-0.2130285269758082,-0.9565246382494849,-0.6129244555815969
-0.5991587905814597,-0.8408215958532744,0.49046877538292505
-0.9209340102528358,-0.8320562138535615,0.5907772509251543
0.044391648761292535,2.0710383044513545,1.5938620063474471
0.6235870441697694,-0.4288486418667677,-0.4123075044971384
1.1813307582668218,-0.6847977962583847,-1.1144668332927432
0.8166521759725955,-0.9985984718481068,-1.2147753088349726
0.02293996744986792,0.9911432420867239,1.3932450552629885
-0.7922239223842851,-0.5708478302621168,1.19262810417853
-3.044650460083918,0.24257961931124128,-0.011073602328221294
-1.9291630318898143,0.9893901656867813,0.49046877538292505
0.5377803189240694,1.301437764876561,1.19262810417853
0.6235870441697694,-0.2079610154740023,-0.11138207787045057
1.3100408461353725,-0.7321308590568344,-1.9169346376305774
-0.6206104718928843,0.21628347331210254,0.6910857264673836
1.0740723517096964,-0.8320562138535615,-1.415392259919431
-1.7146462187755636,1.5871892180672018,0.3901602998406958
1.8677845602324248,-0.6532424210594182,-2.4184770153417237
-1.7146462187755636,0.5108003085024564,0.7913942020096129
1.0311689890868463,0.37230727290699234,0.8917026775518422
0.8595555385954455,-1.010870006647705,-2.2178600642572652
1.1169757143325463,-0.6216870458604516,-1.6160092110038897
-0.6420621532043097,-0.6585016502592459,-0.11138207787045057
0.23745678056411867,-0.9407469506500017,-1.2147753088349726
1.1598790769553964,0.3389988213080833,1.0923196286363006
-0.49190038402433434,-0.6094155110608537,0.7913942020096129
-1.0067407354985358,-0.14660334147601195,1.0923196286363006
0.6879420881040448,2.086815992050838,1.5938620063474471
1.3100408461353725,0.3162088281088297,0.6910857264673836
0.7522971320383202,-1.0582030694461546,-1.6160092110038897
-0.44899702140148434,-0.6392178098598775,0.18954334875623724
0.08729501138414254,-1.1020299794447193,-2.2178600642572652
1.331492527446797,-0.6988224074579253,-2.2178600642572652
0.32326350580981866,0.7194164000956236,1.5938620063474471
-0.42754534009005896,-0.42358941266693995,0.8917026775518422
-0.6635138345157351,-0.4849470866649303,1.2929365797207593
-3.044650460083918,-0.5059840034642413,-0.21169055341267984
1.503105977938198,-0.7812169982552266,-1.6160092110038897
-1.4143226804156128,-0.6094155110608537,0.5907772509251543
-1.5859361309070128,2.605726606433842,0.9920111530940714
1.1813307582668218,0.2197896261119877,0.08923487321400798
0.9239105825297209,-1.0897584446451212,-2.2178600642572652
-1.049644098121386,-0.5550701426626335,0.8917026775518422
0.6235870441697694,-1.073980757045638,-1.3150837843772019
0.5592320002354948,0.17946886891330832,-0.11138207787045057
1.7819778349867232,-0.842574672253217,-1.2147753088349726
-0.38464197746720896,-0.8180316026540209,-0.4123075044971384
0.6021353628583448,3.091328769217937,0.5907772509251543
-0.49190038402433434,0.3793195785067627,0.7913942020096129
-2.6156168338554164,0.16544425771376767,0.7913942020096129
0.516328637612644,-0.9617838674493127,-1.415392259919431
-0.6635138345157351,-0.8495869778529874,0.49046877538292505
-0.1701251643529582,-0.6514893446594756,0.7913942020096129
0.4519735936783694,-0.009863382280490546,0.6910857264673836
0.32326350580981866,-0.9933392426482791,-1.5157007354616603
1.1169757143325463,-0.42183633626699735,-1.415392259919431
-0.513352065335759,-0.6427239626597627,0.18954334875623724
-1.3499676364813373,0.2110242441122748,-0.7132329311238262
0.6021353628583448,1.2453393200783982,0.49046877538292505
0.5806836815469194,-0.10628258427733256,-0.4123075044971384
-0.7064171971385851,-0.42183633626699735,0.9920111530940714
0.6450387254811948,2.1341490548492876,1.19262810417853
-0.10577012041868285,1.4171408072727714,1.2929365797207593
-0.8136756036957105,0.3845788077065904,0.9920111530940714
-0.5348037466471843,-0.8110192970542506,0.3901602998406958
2.1681080985923753,-0.7093408658575808,-1.716317686546119
-0.5562554279586097,-0.733883935456777,0.6910857264673836
0.08729501138414254,-0.8671177418524132,-0.8135414066660555
-0.8780306476299858,-0.7391431646566047,-0.6129244555815969
-0.42754534009005896,-0.7268716298570066,0.5907772509251543
-2.2080348889383403,-0.25354100187250944,1.19262810417853
-0.47044870271290895,-0.8040069914544802,1.19262810417853
-1.0067407354985358,0.2601103833106671,1.3932450552629885
0.7952004946611702,-1.0950176738449489,-1.8166261620883482
-1.7146462187755636,0.7246756292954514,-0.9138498822082848
-1.1354508233670866,-0.24302254347285396,0.8917026775518422
-2.679971877789692,0.32497421010854266,-0.011073602328221294
-0.19157684566438285,-0.5235147674636671,-0.21169055341267984
-1.7790012627098388,-0.0729741326784235,0.08923487321400798
1.331492527446797,-0.19744255707434683,-1.2147753088349726
-0.12722180173010822,-0.788229303854997,0.18954334875623724
-0.14867348304153283,-0.5568232190625761,0.18954334875623724
-0.3202869335329336,-0.649736268259533,0.8917026775518422
0.7522971320383202,-0.21672639747371522,0.3901602998406958
-0.3202869335329336,-1.005610777447877,-1.3150837843772019
-0.34173861484435897,-0.9442531034498868,-0.4123075044971384
0.5806836815469194,-0.19568948067440425,-1.2147753088349726
0.32326350580981866,-0.32541713427015534,-0.3119990289549091
-0.8351272850071351,2.253358250045383,-0.8135414066660555
-0.9852890541871112,0.32497421010854266,1.4935535308052177
0.7737488133497455,-0.9705492494490255,-1.6160092110038897
1.331492527446797,-0.29561483547113143,-1.014158357750514
1.1384273956439717,0.42840571770515495,0.2898518242984665
-0.08431843910725746,2.1621982772483688,0.6910857264673836
1.6318160658067487,-0.8390685194533318,-1.1144668332927432
-0.19157684566438285,-0.767192387055686,-1.3150837843772019
0.5806836815469194,1.1734631876807524,0.7913942020096129
-0.38464197746720896,-0.9214631102506332,-1.1144668332927432
-1.0710957794328113,0.047988138917614664,0.5907772509251543
0.9668139451525709,0.17420963971348058,0.18954334875623724
0.5377803189240694,0.42840571770515495,0.6910857264673836
1.3100408461353725,-0.7321308590568344,-1.6160092110038897
1.1169757143325463,-0.015122611480318291,-0.21169055341267984
-0.44899702140148434,-0.3166517522704424,0.49046877538292505
-1.8862596692669642,0.3688011201071072,1.4935535308052177
-2.915940372215368,-0.6672670322589588,0.9920111530940714
-0.6849655158271597,-0.4849470866649303,1.2929365797207593
1.3529442087582224,-0.23250408507319847,-0.9138498822082848
-0.2988352522215082,0.17245656331353798,0.2898518242984665
-0.38464197746720896,-0.5305270730634374,0.18954334875623724
0.4948769563012194,-1.0967707502448913,-2.4184770153417237
1.245685802201097,0.14440734091445667,0.3901602998406958
-1.1139991420556612,-0.2605533074722798,1.19262810417853
0.9668139451525709,0.22154270251193028,0.2898518242984665
-1.4357743617270373,0.3407518977080259,-0.7132329311238262
1.009717307775421,-0.011616458680433128,-0.5126159800393677
-3.044650460083918,-0.2412694670729114,0.3901602998406958
2.0823013733466755,-0.884648505851839,-2.2178600642572652
-0.6420621532043097,-0.7531677758561454,0.3901602998406958
-0.2559318895986582,0.058506597317270155,0.5907772509251543
-0.40609365877863357,-0.6339585806600497,-0.3119990289549091
-0.42754534009005896,-0.6216870458604516,-0.11138207787045057
1.1169757143325463,-0.11680104267698806,-0.7132329311238262
0.7093937694154702,-0.3008740646709592,-0.9138498822082848
-1.0925474607442367,2.8353796148263206,0.8917026775518422
-0.04141507648440746,-0.9985984718481068,-2.117551588715036
0.6021353628583448,0.45996109290412146,-0.011073602328221294
-0.12722180173010822,-0.6812916434584995,-0.7132329311238262
-0.2773835709100836,0.24082654291129868,0.18954334875623724
1.6103643844953233,-0.7093408658575808,-2.117551588715036
-1.5859361309070128,-0.6094155110608537,0.6910857264673836
0.516328637612644,-0.23250408507319847,-0.4123075044971384
-0.10577012041868285,-0.5427986078630355,0.5907772509251543
-0.1701251643529582,0.2618634597106097,0.18954334875623724
-0.5991587905814597,-0.6883039490582699,-0.11138207787045057
-0.42754534009005896,-0.8355623666534467,-0.8135414066660555
-0.19157684566438285,-0.42358941266693995,0.9920111530940714
0.02293996744986792,0.7912925324932695,1.0923196286363006
-1.564484449595588,1.8957306644570964,0.7913942020096129
0.7093937694154702,-1.002104624647992,-1.1144668332927432
0.6879420881040448,0.8070702200927528,1.19262810417853
-1.1783541859899367,2.577677384034761,-0.5126159800393677
-0.513352065335759,-0.7426493174564899,0.49046877538292505
0.2160050992526933,0.14791349371434184,-0.011073602328221294
-0.34173861484435897,-0.595390899861313,-0.11138207787045057
0.8810072199068709,0.5002818501028008,0.6910857264673836
0.6021353628583448,-0.22373870307348556,-1.2147753088349726
0.9882656264639963,-0.5007247742644135,-1.3150837843772019
-0.44899702140148434,-0.8127723734541932,-0.011073602328221294
-0.7493205597614351,-0.42358941266693995,1.0923196286363006
0.9453622638411455,1.6467938156652495,1.2929365797207593
-0.42754534009005896,-0.896920040651437,-0.3119990289549091
0.8166521759725955,1.9974090956537662,0.2898518242984665
0.6021353628583448,-0.22373870307348556,-0.4123075044971384
0.7093937694154702,-0.21672639747371522,-0.11138207787045057
1.1598790769553964,0.8579094356910876,0.49046877538292505
0.6235870441697694,-0.9389938742500591,-1.415392259919431
1.9535912854781248,-0.6479831918595904,-1.415392259919431
0.6235870441697694,-1.0511907638463842,-2.4184770153417237
-0.01996339517298284,-1.0599561458460973,-1.2147753088349726
-0.8351272850071351,-0.4025524958676289,1.2929365797207593
1.3743958900696471,-0.1886771750746339,-1.415392259919431
0.5592320002354948,1.0945747496833362,0.08923487321400798
-1.821904625332689,0.3389988213080833,-0.11138207787045057
1.1384273956439717,-0.21497332107377265,-1.3150837843772019
-2.5083584272982913,-0.7128470186574659,0.5907772509251543
-0.06286675779583284,0.5931948992997577,1.3932450552629885
-0.5777071092700343,-0.7829700746551692,-0.7132329311238262
-0.3202869335329336,-0.9337346450502313,-0.7132329311238262
-0.44899702140148434,1.9693598732546849,-0.4123075044971384
0.38761854974409404,1.254104702078111,0.8917026775518422
-0.47044870271290895,-0.7181062478572937,0.5907772509251543
2.1252047359695245,-0.7058347130576956,-2.017243113172807
-0.513352065335759,-0.5761070594619445,0.6910857264673836
-0.2344802082872336,-0.8145254498541358,0.6910857264673836
2.1681080985923753,-0.7321308590568344,-1.415392259919431
-0.19157684566438285,-0.42008325986705475,0.49046877538292505
1.1169757143325463,-0.43235479466665283,-0.9138498822082848
-0.2559318895986582,-0.8513400542529299,0.2898518242984665
-1.3070642738584874,1.66081842686479,-0.7132329311238262
-0.5348037466471843,-0.6181808930605666,1.5938620063474471
-0.8994823289414104,0.3477642033077962,1.4935535308052177
-0.8994823289414104,0.3582826617074517,0.6910857264673836
-1.8862596692669642,-0.04141875747945702,-0.5126159800393677
0.9024589012182955,0.42139341210538467,0.49046877538292505
-2.5941651525439915,-0.5340332258633226,0.3901602998406958
0.40907023105551865,2.526838168436426,0.8917026775518422
-0.7064171971385851,-0.8075131442543654,0.7913942020096129
-0.8780306476299858,-0.3569725094691218,0.5907772509251543
-2.5727134712325666,-0.43235479466665283,0.7913942020096129
-0.08431843910725746,-0.8180316026540209,-0.011073602328221294
0.4519735936783694,0.42840571770515495,0.5907772509251543
-0.7064171971385851,-0.8075131442543654,-0.5126159800393677
0.7093937694154702,-0.28334330067153335,-1.2147753088349726
0.34471518712124405,0.42139341210538467,-0.21169055341267984
0.47342527498979403,0.1216173477152031,0.08923487321400798
-0.7922239223842851,-0.6427239626597627,-0.3119990289549091
-0.3202869335329336,-0.7952416094547673,0.8917026775518422
-0.6206104718928843,-0.6129216638607388,0.18954334875623724
-0.7278688784500097,2.4777520292380335,1.5938620063474471
-0.14867348304153283,-0.8548462070528151,-0.5126159800393677
-0.34173861484435897,-1.0354130762469012,-0.5126159800393677
0.6879420881040448,-1.065215375045925,-2.4184770153417237
-0.6635138345157351,-0.8022539150545377,0.6910857264673836
-0.9423856915642604,-0.4814409338650451,1.19262810417853
0.6021353628583448,1.741459941262149,0.5907772509251543
1.5674610218724725,-0.5761070594619445,-1.3150837843772019
0.7952004946611702,-0.2623063838722224,-0.5126159800393677
-1.8433563066441143,-0.25354100187250944,0.18954334875623724
0.8595555385954455,-1.0669684514458675,-1.8166261620883482
-0.8994823289414104,0.6037133576994131,1.0923196286363006
-0.47044870271290895,-0.4656632462655619,0.6910857264673836
-0.06286675779583284,-0.9407469506500017,-0.7132329311238262
0.6235870441697694,0.2706288417103226,-0.011073602328221294
-1.564484449595588,-0.6409708862598201,-0.8135414066660555
0.6664904067926202,1.0928216732833935,0.18954334875623724
-0.42754534009005896,-0.5200086146637819,0.8917026775518422
0.08729501138414254,-0.9740554022489107,-0.8135414066660555
-0.1701251643529582,-0.8864015822517816,-0.3119990289549091
0.7522971320383202,0.002408152519107529,1.2929365797207593
-0.513352065335759,-0.5638355246623465,0.2898518242984665
0.08729501138414254,-0.9898330898483939,-2.3181685397994944
0.2589084618755433,0.19875270931267672,-0.3119990289549091
0.4519735936783694,0.5616395241007912,1.5938620063474471
1.331492527446797,-0.4831940102649877,-0.7132329311238262
-1.0067407354985358,2.3234813060430866,1.2929365797207593
1.9321396041666994,-0.8162785262540783,-1.5157007354616603
0.28036014318696867,1.590695370867087,0.5907772509251543
0.28036014318696867,2.305950542043661,1.2929365797207593
-0.06286675779583284,-1.0406723054467288,-1.415392259919431
-0.7278688784500097,-0.23776331427302622,0.8917026775518422
-0.3631902961557836,-0.8741300474521835,0.5907772509251543
0.6235870441697694,-0.0028510766807202173,-0.011073602328221294
0.001488286138442538,-0.7601800814559156,-1.3150837843772019
-0.2988352522215082,-0.6795385670585569,0.3901602998406958
0.6450387254811948,-0.14309718867612678,-0.4123075044971384
-0.513352065335759,0.07253120851681082,1.2929365797207593
-0.42754534009005896,-0.7444023938564325,0.3901602998406958
0.8810072199068709,-1.0196353886474179,-1.6160092110038897
-0.40609365877863357,-0.893413887851552,-0.11138207787045057
1.3529442087582224,-0.6339585806600497,-1.9169346376305774
-0.1701251643529582,-0.7216124006571789,0.2898518242984665
1.2885891648239471,-0.43235479466665283,-0.4123075044971384
1.1384273956439717,-0.4744286282652748,-0.7132329311238262
1.2242341208896717,-0.44988555866607866,-1.415392259919431
-0.38464197746720896,3.566412473602377,-0.8135414066660555
-2.422551702052591,-0.5165024618638968,-0.3119990289549091
2.14665641728095,-0.48845323946481545,-1.3150837843772019
-0.2344802082872336,-0.8881546586517242,-1.014158357750514
-2.4011000207411657,-0.3376886690697534,1.3932450552629885
-0.6849655158271597,2.7757750172282725,0.2898518242984665
-1.6073878122184382,2.169210582848139,0.9920111530940714
-0.2130285269758082,-0.830303137453619,1.19262810417853
-0.7064171971385851,-0.6041562818610259,-0.11138207787045057
0.06584333007271792,-0.9179569574507481,-2.2178600642572652
0.7737488133497455,-0.3341825162698682,-0.4123075044971384
-0.04141507648440746,-0.9372407978501165,-0.5126159800393677
1.0740723517096964,-0.16413410547543777,-1.2147753088349726
-0.7064171971385851,-0.22373870307348556,1.6941704818896763
-0.10577012041868285,-0.4253424890668825,1.2929365797207593
0.08729501138414254,-1.0213884650473604,-2.2178600642572652
0.43052191236694404,0.14966657011428441,0.18954334875623724
-1.907711350578389,3.2543648744125977,1.5938620063474471
-0.2344802082872336,-0.9284754158504036,-1.014158357750514
-0.47044870271290895,-0.4007994194676864,1.0923196286363006
0.38761854974409404,-1.0757338334455804,-2.3181685397994944
0.9024589012182955,-0.9670430966491403,-1.8166261620883482
-0.34173861484435897,-0.5620824482624039,0.18954334875623724
0.36616686843266866,-1.0511907638463842,-1.1144668332927432
0.8810072199068709,-0.9565246382494849,-1.5157007354616603
-0.7278688784500097,-0.7023285602578104,0.08923487321400798
-0.7064171971385851,-0.926722339450461,0.08923487321400798
0.9239105825297209,0.11635811851537536,0.08923487321400798
-1.0925474607442367,1.9746191024545126,-0.011073602328221294
0.5592320002354948,0.14791349371434184,-0.5126159800393677
0.8166521759725955,-0.43060171826671023,-0.11138207787045057
-0.12722180173010822,-0.7216124006571789,-0.11138207787045057
1.4602026153153471,-0.5813662886617723,-1.1144668332927432
-0.49190038402433434,0.7965517616930973,1.3932450552629885
-1.242709229924212,2.9440703516227607,-0.8135414066660555
0.8595555385954455,0.4915164681030879,-0.11138207787045057
-0.44899702140148434,-0.8671177418524132,-0.3119990289549091
1.4816542966267725,-0.7391431646566047,-2.017243113172807
0.7093937694154702,2.3094566948435458,0.08923487321400798
-0.1701251643529582,0.9666001724875277,0.2898518242984665
-0.7278688784500097,-0.5971439762612556,0.08923487321400798
-0.6849655158271597,-0.7268716298570066,-0.011073602328221294
-1.2212575486127866,1.906249122856752,-0.21169055341267984
0.5592320002354948,0.5002818501028008,0.49046877538292505
0.5806836815469194,-1.0161292358475327,-1.8166261620883482
0.5806836815469194,-0.2605533074722798,-0.6129244555815969
0.6879420881040448,-1.065215375045925,-2.117551588715036
1.3529442087582224,-0.4007994194676864,-0.9138498822082848
1.331492527446797,0.02695122211830368,0.08923487321400798
-0.5777071092700343,-0.6041562818610259,0.5907772509251543
0.40907023105551865,-1.0897584446451212,-2.2178600642572652
0.7737488133497455,1.296178535676733,0.49046877538292505
-0.08431843910725746,2.795058857627641,1.4935535308052177
-0.6206104718928843,-0.5831193650617149,0.08923487321400798
-0.7278688784500097,-0.7181062478572937,0.3901602998406958
-0.2559318895986582,-0.05719644507894026,0.9920111530940714
-0.1701251643529582,0.41788725930549947,0.08923487321400798
0.9024589012182955,0.1040865837157773,0.49046877538292505
1.3529442087582224,0.5493679893011931,-0.3119990289549091
0.6235870441697694,0.36354189090727945,1.4935535308052177
-0.2130285269758082,-0.8495869778529874,1.0923196286363006
1.0311689890868463,0.3389988213080833,-0.7132329311238262
-0.47044870271290895,-0.9126977282509203,-0.5126159800393677
0.5377803189240694,-0.36398481506889213,-0.9138498822082848
0.6450387254811948,-1.0301538470470732,-1.415392259919431
0.7522971320383202,0.13213580611485862,0.2898518242984665
0.10874669269556791,0.03571660411801659,0.08923487321400798
0.5592320002354948,-0.44988555866607866,-1.1144668332927432
-0.2559318895986582,-0.7636862342558008,-0.3119990289549091
-0.3202869335329336,-0.8250439082537913,-0.6129244555815969
0.36616686843266866,0.14440734091445667,0.08923487321400798
-0.6420621532043097,-0.9179569574507481,0.5907772509251543
0.9668139451525709,0.11986427131526053,0.49046877538292505
-0.38464197746720896,2.40061666764056,0.49046877538292505
0.9024589012182955,0.12512350051508828,0.5907772509251543
0.5806836815469194,1.9851375608541681,0.08923487321400798
1.0740723517096964,0.49852877370285825,0.6910857264673836
0.5592320002354948,0.21277732051221737,0.3901602998406958
-1.1783541859899367,-0.5831193650617149,0.5907772509251543
0.5592320002354948,0.13914811171462893,-0.11138207787045057
0.7952004946611702,0.4091218773057866,0.6910857264673836
0.4519735936783694,-1.0494376874464417,-1.3150837843772019
-0.5777071092700343,-0.8267969846537339,0.2898518242984665
-0.6849655158271597,-0.21322024467383008,1.6941704818896763
-0.2773835709100836,-0.9021792698512648,-0.3119990289549091
0.23745678056411867,1.6976330312635843,0.6910857264673836
0.6235870441697694,0.018185840118590767,0.18954334875623724
-0.12722180173010822,-0.7636862342558008,-0.7132329311238262
-1.1139991420556612,0.6317625800984945,0.5907772509251543
0.08729501138414254,-1.0617092222460398,-1.3150837843772019
0.6021353628583448,1.5679053776678333,1.2929365797207593
0.6021353628583448,1.7063984132632972,0.9920111530940714
-1.9935180758240896,-0.6216870458604516,-0.8135414066660555
1.2027824395782472,-0.6374647334599349,-1.3150837843772019
-2.830133646969667,0.7229225528955088,0.3901602998406958
0.47342527498979403,0.3407518977080259,0.6910857264673836
-0.42754534009005896,-0.9425000270499442,-0.4123075044971384
0.8166521759725955,0.10058043091589212,-0.011073602328221294
0.8381038572840201,-0.35171328026929405,-0.7132329311238262
0.5377803189240694,2.090322144850723,0.5907772509251543
-1.285612592547062,-0.36573789146883473,-0.8135414066660555
-0.6635138345157351,-0.8864015822517816,0.08923487321400798
-0.2988352522215082,3.4191540560072,0.2898518242984665
-0.6635138345157351,-0.9004261934513222,0.5907772509251543
-1.8433563066441143,-0.4551447878659064,1.0923196286363006
-0.8994823289414104,0.5055410793026286,0.9920111530940714
-0.1701251643529582,-0.9179569574507481,-0.5126159800393677
-0.08431843910725746,-0.9705492494490255,0.08923487321400798
1.245685802201097,-0.4709224754653896,-1.415392259919431
-0.5562554279586097,-0.4446263294662509,0.9920111530940714
0.6664904067926202,-1.0213884650473604,-1.5157007354616603
1.2671374835125218,0.06902505571692565,-1.415392259919431
0.5806836815469194,0.7737617684938437,1.2929365797207593
1.331492527446797,-0.13433180667641387,-1.1144668332927432
0.43052191236694404,0.042728909717786916,0.18954334875623724
-0.7707722410728605,2.199012881647163,1.0923196286363006
1.5245576592496233,-0.8040069914544802,-1.2147753088349726
0.5592320002354948,0.22329577891187288,-0.7132329311238262
0.6450387254811948,2.011433706853307,0.9920111530940714
1.2027824395782472,-0.8250439082537913,-2.117551588715036
0.6450387254811948,1.3540300568748382,1.6941704818896763
1.996494648100974,-0.8916608114516094,-1.716317686546119
0.5592320002354948,2.0535075404519287,0.7913942020096129
0.5377803189240694,1.4714861756709914,1.2929365797207593
1.3743958900696471,-0.23601023787308364,0.18954334875623724
0.6021353628583448,0.26712268891043744,0.3901602998406958
1.503105977938198,-0.7216124006571789,-1.415392259919431
-0.06286675779583284,0.7509717752945901,0.8917026775518422
1.3958475713810725,-0.4130709542672844,-0.11138207787045057
-1.2212575486127866,2.6495535164324067,1.3932450552629885
0.5377803189240694,-0.15887487627561003,0.2898518242984665
0.9024589012182955,0.64228103849815,0.5907772509251543
-1.9935180758240896,1.5766707596675462,-0.3119990289549091
0.516328637612644,0.5125533849023989,-0.011073602328221294
-0.9423856915642604,1.5030415508699577,-0.011073602328221294
0.7093937694154702,-0.5165024618638968,-0.4123075044971384
0.7952004946611702,0.05500044451738499,1.19262810417853
-0.08431843910725746,2.4619743416385504,0.7913942020096129
0.23745678056411867,-0.07823336187825125,0.08923487321400798
0.28036014318696867,0.10058043091589212,-0.5126159800393677
0.7093937694154702,1.5977076764668572,0.3901602998406958
0.5592320002354948,0.20401193851250446,0.49046877538292505
0.7737488133497455,0.0444819861177295,0.08923487321400798
0.10874669269556791,2.021952165252962,1.5938620063474471
-0.6420621532043097,0.3091965225090594,0.5907772509251543
0.28036014318696867,-0.16413410547543777,-0.6129244555815969
0.6664904067926202,1.560893072068063,1.19262810417853
0.6450387254811948,1.7642499344614024,0.5907772509251543
0.2160050992526933,0.7001325596962552,1.0923196286363006
-0.10577012041868285,1.741459941262149,0.6910857264673836
0.7952004946611702,-0.02038184068014604,-0.8135414066660555
0.9453622638411455,0.2320611609115858,0.2898518242984665
0.8595555385954455,0.26712268891043744,0.49046877538292505
0.7952004946611702,1.6082261348665128,1.19262810417853
1.2885891648239471,0.5090472321025138,0.3901602998406958
0.6664904067926202,0.01993891651853335,0.08923487321400798
0.7093937694154702,0.27413499451020773,-0.011073602328221294
0.1301983740069933,2.374320521641421,0.6910857264673836
0.5592320002354948,-0.318404828670385,-1.2147753088349726
0.7952004946611702,2.211284416446761,0.8917026775518422
-1.821904625332689,3.668090904799047,-0.4123075044971384
-1.9935180758240896,3.631276300400253,0.7913942020096129
0.43052191236694404,0.449442634504466,0.5907772509251543
0.4519735936783694,2.0412360056523307,1.0923196286363006
1.2885891648239471,-0.4130709542672844,-0.21169055341267984
0.9024589012182955,0.3810726549067053,-0.4123075044971384
1.0740723517096964,-0.7216124006571789,-1.8166261620883482
1.2242341208896717,-0.09576412587767706,-0.7132329311238262
0.7522971320383202,0.0935681253161218,0.49046877538292505
0.9024589012182955,-0.29736791187107403,-0.7132329311238262
-1.4786777243498874,0.856156359291145,-0.6129244555815969
0.34471518712124405,0.39334418970630336,-0.5126159800393677
0.36616686843266866,-0.051937215879112514,0.49046877538292505
1.4602026153153471,-0.8548462070528151,-1.716317686546119
0.9024589012182955,0.38983803690641816,-0.4123075044971384
1.2027824395782472,-0.2588002310723372,-1.1144668332927432
1.1598790769553964,2.2849136252443496,0.6910857264673836
-0.08431843910725746,1.0928216732833935,0.9920111530940714
0.9882656264639963,-0.1308256538765287,-0.3119990289549091
-0.10577012041868285,0.7912925324932695,1.4935535308052177
1.1384273956439717,-0.1536156470757823,-1.3150837843772019
0.6235870441697694,-0.009863382280490546,-0.7132329311238262
-1.3070642738584874,2.2586174792452107,1.5938620063474471
0.7522971320383202,0.8806994288903411,0.5907772509251543
0.9239105825297209,-0.4709224754653896,-1.3150837843772019
0.9668139451525709,0.13739503531468636,0.08923487321400798
0.5592320002354948,-0.3569725094691218,-0.5126159800393677
0.7093937694154702,0.7053917888960829,0.5907772509251543
0.6450387254811948,-0.1115418134771603,-0.11138207787045057
1.1813307582668218,0.7404533168949345,0.5907772509251543
0.8381038572840201,1.4153877308728287,0.08923487321400798
0.7308454507268948,-0.3709971206686625,-0.11138207787045057
1.2885891648239471,0.33373959210825554,-0.3119990289549091
0.7308454507268948,-0.09401104947773449,0.18954334875623724
0.10874669269556791,0.2793942237100355,-0.5126159800393677
-1.7790012627098388,1.283907000877135,1.0923196286363006
0.9882656264639963,-0.7408962410565473,-1.5157007354616603
0.044391648761292535,1.3154623760761015,-0.3119990289549091
0.6021353628583448,1.6906207256638142,1.0923196286363006
0.9882656264639963,-0.5778601358618871,-1.3150837843772019
2.0393980107238248,-0.5550701426626335,-2.4184770153417237
1.2027824395782472,-0.30963944667067206,-1.3150837843772019
0.6879420881040448,0.6124787396991261,1.2929365797207593
-0.44899702140148434,-0.036159528279629274,0.2898518242984665
0.6235870441697694,-0.3289232870700405,-0.4123075044971384
0.6664904067926202,1.9798783316543402,0.08923487321400798
0.7737488133497455,0.3127026753089446,0.18954334875623724
0.9453622638411455,-0.02038184068014604,0.2898518242984665
0.7737488133497455,0.3162088281088297,-0.011073602328221294
0.8595555385954455,-0.11329488987710289,1.19262810417853
1.5460093405610487,-0.8565992834527577,-2.3181685397994944
-0.9852890541871112,1.4276592656724267,0.2898518242984665
1.503105977938198,-0.5217616910637245,-2.117551588715036
1.1813307582668218,1.247092396478341,0.6910857264673836
0.6450387254811948,-0.14309718867612678,-0.5126159800393677
0.43052191236694404,-0.34119482186963856,0.08923487321400798
0.8166521759725955,0.4056157245059014,0.18954334875623724
1.3743958900696471,-0.2289979322733133,-0.21169055341267984
1.2885891648239471,-0.7163531714573511,-1.8166261620883482
-0.3202869335329336,1.3540300568748382,-0.9138498822082848
0.7522971320383202,0.004161228919050111,-0.011073602328221294
0.6664904067926202,-0.318404828670385,-0.9138498822082848
0.6664904067926202,2.0342237000525603,0.18954334875623724
0.9882656264639963,-0.8408215958532744,-1.3150837843772019
1.3743958900696471,-0.7724516162555137,-1.8166261620883482
-1.9935180758240896,0.8701809704906857,0.08923487321400798
0.7308454507268948,0.7965517616930973,0.9920111530940714
0.40907023105551865,0.01993891651853335,0.49046877538292505
1.0955240330211218,-0.8671177418524132,-1.5157007354616603
1.3100408461353725,-0.809266220654308,-2.3181685397994944
0.9453622638411455,-0.18692409867469134,-1.014158357750514
1.052620670398271,-0.45865094066579154,-1.2147753088349726
0.1301983740069933,-0.16764025827532295,-0.6129244555815969
0.6879420881040448,-0.016875687880260875,-0.011073602328221294
0.6450387254811948,-0.4043055722675715,0.18954334875623724
-0.3202869335329336,2.5987143008340716,0.9920111530940714
-0.5777071092700343,2.623257370433268,1.5938620063474471
1.009717307775421,-0.12030719547687321,-0.8135414066660555
1.8677845602324248,-0.8250439082537913,-2.017243113172807
2.1252047359695245,-0.8197846790539635,-2.4184770153417237
-1.242709229924212,1.5363500024688668,0.6910857264673836
0.06584333007271792,1.44343695327191,0.9920111530940714
0.5806836815469194,0.8386255952917192,0.7913942020096129
0.23745678056411867,2.5969612244341294,0.9920111530940714
0.34471518712124405,0.23381423731152837,0.3901602998406958
0.8595555385954455,-0.3552194330691792,-0.8135414066660555
0.47342527498979403,1.4031161960732306,0.6910857264673836
0.10874669269556791,2.861675760825459,0.7913942020096129
1.0740723517096964,-0.8828954294518965,-2.2178600642572652
0.9668139451525709,-0.12731950107664355,-0.21169055341267984
1.6961711097410233,-0.5988970526611981,-1.415392259919431
0.43052191236694404,0.34250497410796843,-0.011073602328221294
0.8381038572840201,-0.14660334147601195,-0.11138207787045057
0.7093937694154702,0.20751809131238963,-0.11138207787045057
0.7308454507268948,0.05500044451738499,-0.3119990289549091
0.7093937694154702,-0.13608488307635647,-0.5126159800393677
0.6021353628583448,1.5118069328696706,1.0923196286363006
-0.8565789663185605,1.91852065765635,0.49046877538292505
2.1681080985923753,-0.725118553457064,-1.9169346376305774
0.6664904067926202,2.0850629156508953,0.5907772509251543
0.8595555385954455,-0.2517879254725669,-0.3119990289549091
-0.2773835709100836,1.4259061892724842,-0.11138207787045057
2.14665641728095,-0.5427986078630355,-1.415392259919431
0.7308454507268948,0.36178881450733685,0.08923487321400798
-0.2130285269758082,-0.7917354566548822,-0.7132329311238262
1.009717307775421,-0.3850217318682031,-0.11138207787045057
0.9239105825297209,1.5433623080686372,1.0923196286363006
2.0823013733466755,-0.8793892766520113,-1.9169346376305774
-1.1783541859899367,-0.3376886690697534,1.5938620063474471
0.8166521759725955,0.11811119491531795,0.6910857264673836
1.2885891648239471,0.36003573810739425,0.08923487321400798
1.9535912854781248,-0.5901316706614852,-1.1144668332927432
0.5377803189240694,1.7589907052615747,0.3901602998406958
0.9024589012182955,-0.07472720907836608,-0.4123075044971384
-0.01996339517298284,0.6159848924990112,-0.6129244555815969
0.3018118244983933,-1.052943840246327,-1.5157007354616603
-1.3928709991041874,-0.12731950107664355,0.6910857264673836
-0.12722180173010822,-0.8250439082537913,-1.3150837843772019
2.2539148238380755,-0.9039323462512074,-2.117551588715036
-0.12722180173010822,0.2706288417103226,0.8917026775518422
-0.5348037466471843,-0.9319815686502887,-0.6129244555815969
0.02293996744986792,-1.107289208644547,-1.2147753088349726
-0.5777071092700343,-0.2658125366721075,1.3932450552629885
0.9239105825297209,0.5931948992997577,1.19262810417853
0.9239105825297209,0.023445069318418513,0.08923487321400798
0.9239105825297209,-0.2202325502736004,-0.8135414066660555
2.1681080985923753,-0.7163531714573511,-1.5157007354616603
0.044391648761292535,-0.8601054362526429,-0.3119990289549091
-0.2344802082872336,0.365294967307222,1.0923196286363006
-0.5991587905814597,2.305950542043661,-0.4123075044971384
1.2242341208896717,0.30569036970917424,-0.21169055341267984
-0.513352065335759,-0.6847977962583847,0.3901602998406958
0.32326350580981866,-1.0476846110464992,-2.4184770153417237
1.3529442087582224,-0.2588002310723372,-0.7132329311238262
-0.2773835709100836,-0.758427005055973,-0.21169055341267984
0.516328637612644,0.08655581971635147,0.5907772509251543
0.08729501138414254,-0.9319815686502887,-1.2147753088349726
-0.34173861484435897,-0.8565992834527577,0.08923487321400798
1.1384273956439717,2.56365277283522,1.0923196286363006
-0.6206104718928843,-0.41833018346711215,0.8917026775518422
1.1598790769553964,-0.20620793907405974,-1.014158357750514
-0.5348037466471843,-0.49195939226470065,-0.11138207787045057
1.052620670398271,0.32322113370860006,-0.7132329311238262
-0.6420621532043097,-0.1115418134771603,0.6910857264673836
1.417299252692498,-0.7934885330548247,-1.415392259919431
-2.315293295495466,0.45820801650417886,1.4935535308052177
-0.8994823289414104,-0.8232908318538487,-0.7132329311238262
-0.1701251643529582,0.13564195891474376,0.9920111530940714
-0.2559318895986582,0.27588807091015033,0.08923487321400798
-0.06286675779583284,-0.8127723734541932,-0.11138207787045057
-0.8351272850071351,0.30569036970917424,0.6910857264673836
0.08729501138414254,1.0542539924846568,1.2929365797207593
0.5377803189240694,-1.0634622986459823,-1.9169346376305774
-1.1783541859899367,0.0830496669164663,1.19262810417853
-0.10577012041868285,-0.5059840034642413,-0.011073602328221294
0.6021353628583448,0.08129659051652373,0.2898518242984665
1.2242341208896717,0.18823425091302123,0.5907772509251543
1.7819778349867232,-0.7444023938564325,-1.6160092110038897
-1.1354508233670866,3.185994894814837,-0.11138207787045057
-0.2130285269758082,-0.6532424210594182,0.8917026775518422
-0.8565789663185605,-0.8899077350516668,-0.6129244555815969
0.5806836815469194,0.29517191130951875,0.18954334875623724
0.7522971320383202,-0.21672639747371522,-0.6129244555815969
-0.1701251643529582,-0.6532424210594182,-0.21169055341267984
-0.49190038402433434,-0.3850217318682031,0.7913942020096129
0.7093937694154702,0.2320611609115858,0.49046877538292505
0.5377803189240694,-1.0792399862454656,-1.3150837843772019
1.331492527446797,-0.16238102907549518,-1.014158357750514
0.9024589012182955,-0.38151557906831796,-0.3119990289549091
-1.8433563066441143,-0.2079610154740023,1.3932450552629885
0.9668139451525709,1.4153877308728287,0.9920111530940714
-0.2988352522215082,-0.7408962410565473,0.5907772509251543
0.32326350580981866,-0.04141875747945702,0.18954334875623724
0.8381038572840201,-1.0827461390453508,-2.2178600642572652
0.43052191236694404,-1.0161292358475327,-1.8166261620883482
-0.3202869335329336,-0.7742046926554563,0.5907772509251543
-0.8994823289414104,-0.6444770390597052,0.5907772509251543
-0.2130285269758082,2.858169608025574,-0.9138498822082848
0.10874669269556791,-1.0844992154452933,-1.2147753088349726
-2.980295416149643,0.5598864477008486,-0.4123075044971384
0.9668139451525709,0.6843548720967719,0.9920111530940714
-0.44899702140148434,-0.8653646654524706,-0.11138207787045057
0.7522971320383202,2.2638767084450384,0.7913942020096129
0.5806836815469194,-0.0922579730777919,-0.11138207787045057
0.2589084618755433,1.347017751275068,0.9920111530940714
-0.9852890541871112,-0.37976250266837536,1.19262810417853
0.10874669269556791,0.3021842169092891,1.6941704818896763
1.3529442087582224,0.10934581291560504,-0.21169055341267984
-1.1569025046785113,-0.1816648694748636,1.19262810417853
1.2027824395782472,-0.3709971206686625,-0.3119990289549091
-0.08431843910725746,3.2245625756135734,1.6941704818896763
0.23745678056411867,0.5598864477008486,0.9920111530940714
0.6879420881040448,0.10934581291560504,0.5907772509251543
-0.9423856915642604,-0.5410455314630929,-0.011073602328221294
-2.057873119758365,-0.1308256538765287,0.7913942020096129
-0.3202869335329336,-0.9179569574507481,0.6910857264673836
-0.19157684566438285,-0.29561483547113143,0.7913942020096129
0.8810072199068709,-0.16413410547543777,-1.014158357750514
0.7093937694154702,-0.034406451879686696,-0.21169055341267984
0.7093937694154702,0.22154270251193028,-0.011073602328221294
1.3100408461353725,0.45996109290412146,-0.6129244555815969
1.1813307582668218,-0.09927027867756223,-0.5126159800393677
-1.9935180758240896,0.5318372253017674,0.8917026775518422
1.8034295162981486,-0.8373154430533893,-1.5157007354616603
1.9321396041666994,-0.8197846790539635,-1.415392259919431
0.6664904067926202,-0.4533917114659638,-0.4123075044971384
0.516328637612644,0.3284803629084278,-0.5126159800393677
-1.328515955169912,0.19875270931267672,-0.4123075044971384
-1.1569025046785113,-0.7408962410565473,1.19262810417853
0.32326350580981866,-0.9687961730490829,-1.415392259919431
0.3018118244983933,0.9595878668877573,1.0923196286363006
-0.7493205597614351,-0.6690201086589014,0.6910857264673836
-0.5348037466471843,-0.7706985398555711,0.08923487321400798
-0.40609365877863357,-0.11855411907693064,0.2898518242984665
0.3018118244983933,0.3477642033077962,0.18954334875623724
0.08729501138414254,-0.9600307910493701,-0.8135414066660555
0.1945534179412679,1.33474621647547,0.9920111530940714
-1.049644098121386,-0.46040401706573414,1.2929365797207593
1.503105977938198,-0.5936378234613704,-2.017243113172807
-0.7064171971385851,-0.5726009066620594,0.8917026775518422
0.7308454507268948,0.3810726549067053,0.5907772509251543
1.2027824395782472,-0.2675656130720501,-0.11138207787045057
-0.14867348304153283,0.22329577891187288,0.3901602998406958
-0.47044870271290895,-0.5866255178616001,0.5907772509251543
0.5377803189240694,1.1927470280801207,1.5938620063474471
-1.4572260430384627,2.3094566948435458,-0.3119990289549091
-0.1701251643529582,-0.9021792698512648,-0.11138207787045057
-0.8136756036957105,-0.12731950107664355,1.6941704818896763
0.8595555385954455,0.17771579251336575,0.3901602998406958
0.9453622638411455,0.12687657691503085,1.0923196286363006
-0.513352065335759,2.626763523233153,0.9920111530940714
-0.1701251643529582,-0.8355623666534467,-1.3150837843772019
1.2671374835125218,-0.6024032054610833,-1.014158357750514
-0.3631902961557836,-0.3078863702707295,0.18954334875623724
-0.513352065335759,-0.2640594602721649,1.19262810417853
0.001488286138442538,-1.0301538470470732,-1.6160092110038897
-0.49190038402433434,-0.7426493174564899,-0.3119990289549091
-0.5991587905814597,0.6282564272986093,-0.3119990289549091
-0.38464197746720896,-0.5901316706614852,0.49046877538292505
0.6664904067926202,-0.11855411907693064,-0.11138207787045057
-0.14867348304153283,-0.788229303854997,-0.3119990289549091
0.34471518712124405,0.7404533168949345,0.6910857264673836
0.36616686843266866,-0.10452950787738997,-0.11138207787045057
0.6450387254811948,1.5118069328696706,1.19262810417853
0.6664904067926202,-0.4428732530663083,-1.415392259919431
-0.12722180173010822,-0.3587255858690644,0.2898518242984665
-0.5991587905814597,-0.6830447198584421,-0.11138207787045057
-0.19157684566438285,-0.42183633626699735,0.8917026775518422
1.3743958900696471,-0.2675656130720501,-1.3150837843772019
0.7737488133497455,2.463727418038493,1.19262810417853
-1.242709229924212,-0.09751720227761965,0.7913942020096129
0.6664904067926202,-1.0932645974450064,-2.117551588715036
-0.9638373728756858,-0.5094901562641264,1.6941704818896763
0.9453622638411455,-1.1248199726439727,-1.2147753088349726
-0.7278688784500097,-0.7233654770571215,-0.3119990289549091
0.7952004946611702,-0.04843106307922735,-0.6129244555815969
-1.9720663945126642,-0.21672639747371522,-0.7132329311238262
0.9882656264639963,2.035976776452503,0.5907772509251543
1.2671374835125218,-0.22549177947342813,-1.3150837843772019
-0.6206104718928843,-0.31314559947055726,1.4935535308052177
-0.7922239223842851,0.2583573069107245,1.6941704818896763
-0.44899702140148434,-0.9004261934513222,1.0923196286363006
-0.38464197746720896,-0.8986731170513796,0.5907772509251543
-0.8565789663185605,-0.6234401222603942,0.3901602998406958
-0.12722180173010822,-0.33944174546969597,0.9920111530940714
-0.42754534009005896,-0.7303777826568918,-0.8135414066660555
0.08729501138414254,-0.8005008386545951,-0.3119990289549091
-2.915940372215368,0.0637658265170979,1.4935535308052177
0.6664904067926202,-0.9968453954481643,-1.3150837843772019
-2.980295416149643,-0.5182555382638393,0.6910857264673836
1.5674610218724725,-0.8671177418524132,-1.5157007354616603
-2.07932480106979,-0.3482071274694089,1.0923196286363006
-1.7575495813984134,0.2303080845116432,-0.6129244555815969
1.1598790769553964,-0.5708478302621168,-1.716317686546119
-0.5348037466471843,-0.15010949427589712,1.2929365797207593
-1.3928709991041874,0.5002818501028008,0.8917026775518422
-0.49190038402433434,-0.21146716827388748,1.0923196286363006
-0.2988352522215082,-0.4639101698656193,1.2929365797207593
-1.1139991420556612,-0.2517879254725669,0.8917026775518422
0.28036014318696867,-0.9547715618495423,-1.3150837843772019
1.3958475713810725,-0.6777854906586144,-2.2178600642572652
0.8166521759725955,0.16895041051365284,0.08923487321400798
-0.12722180173010822,-0.8180316026540209,-0.11138207787045057
1.739074472363874,-0.7321308590568344,-2.117551588715036
0.47342527498979403,3.46648711880565,0.9920111530940714
0.5377803189240694,0.7229225528955088,1.4935535308052177
0.8166521759725955,-0.3289232870700405,-0.11138207787045057
-0.2130285269758082,-0.691810101858155,0.2898518242984665
-0.3202869335329336,-0.23250408507319847,1.0923196286363006
-1.0281924168099612,2.8423919204260906,1.4935535308052177
0.8166521759725955,0.16369118131382507,-0.011073602328221294
-1.0067407354985358,0.007667381718935275,0.5907772509251543
0.5592320002354948,-0.9863269370485088,-2.3181685397994944
2.1681080985923753,-0.8285500610536763,-1.9169346376305774
-2.014969757135514,-0.34294789826958116,-0.4123075044971384
0.36616686843266866,2.4111351260402154,0.5907772509251543
-0.34173861484435897,-0.1027764314774474,1.19262810417853
1.009717307775421,-0.8828954294518965,-1.3150837843772019
-0.5991587905814597,-0.49195939226470065,1.2929365797207593
0.8166521759725955,-1.0564499930462121,-2.117551588715036
-0.7493205597614351,0.2390734665113561,-0.5126159800393677
0.9882656264639963,1.0717847564840826,0.8917026775518422
1.245685802201097,-0.4446263294662509,-0.4123075044971384
1.2027824395782472,-0.6339585806600497,-1.8166261620883482
1.6318160658067487,-0.6006501290611407,-2.117551588715036
0.5592320002354948,1.0682786036841974,0.3901602998406958
1.8034295162981486,-0.8443277486531596,-2.4184770153417237
-0.42754534009005896,-0.8040069914544802,0.2898518242984665
-0.49190038402433434,-0.9232161866505758,-1.1144668332927432
0.6450387254811948,-0.04317183387939961,0.2898518242984665
0.23745678056411867,-0.13433180667641387,-0.21169055341267984
0.001488286138442538,-0.9039323462512074,-1.2147753088349726
-0.38464197746720896,-0.896920040651437,0.5907772509251543
0.6879420881040448,-1.0038577010479346,-1.1144668332927432
-0.38464197746720896,2.928292664023277,-0.5126159800393677
-0.2988352522215082,-0.8355623666534467,-0.11138207787045057
0.6450387254811948,0.31971498090871486,0.6910857264673836
-0.08431843910725746,-0.4744286282652748,-0.7132329311238262
0.06584333007271792,-0.8320562138535615,-0.5126159800393677
1.331492527446797,-0.5129963090640116,-0.11138207787045057
-0.9209340102528358,-0.22373870307348556,1.19262810417853
0.6450387254811948,1.7554845524616896,1.0923196286363006
-1.1569025046785113,-0.006357229480605382,1.2929365797207593
0.8595555385954455,-0.200948709874232,0.5907772509251543
-0.44899702140148434,-0.31314559947055726,0.8917026775518422
-0.08431843910725746,-1.1107953614444321,-1.415392259919431
1.9750429667895502,-0.758427005055973,-1.9169346376305774
0.9239105825297209,0.26887576531038,0.08923487321400798
0.7093937694154702,0.21453039691215997,0.5907772509251543
0.38761854974409404,0.2566042305107819,0.6910857264673836
0.9239105825297209,1.7502253232618619,0.18954334875623724
0.9453622638411455,-1.0476846110464992,-2.4184770153417237
0.1731017366298433,-0.13433180667641387,-0.3119990289549091
-0.6420621532043097,-0.7812169982552266,-0.011073602328221294
-0.8351272850071351,-0.8864015822517816,-0.7132329311238262
0.4948769563012194,0.24783884851106902,-0.6129244555815969
0.9453622638411455,2.616245064833498,0.8917026775518422
-2.057873119758365,-0.6041562818610259,-0.011073602328221294
0.9882656264639963,-0.6567485738593033,-1.415392259919431
-0.1701251643529582,-0.49020631586475805,0.7913942020096129
-0.2130285269758082,-1.0038577010479346,-1.1144668332927432
-0.2559318895986582,3.0685387760186837,1.5938620063474471
0.38761854974409404,0.3950972661062459,0.3901602998406958
-1.3928709991041874,-0.6357116570599923,-0.7132329311238262
0.06584333007271792,1.7221761008627805,1.2929365797207593
-0.8136756036957105,-0.7987477622546525,-0.011073602328221294
0.9668139451525709,-0.08173951467813641,0.18954334875623724
1.8463328789209994,-0.5077370798641838,-1.2147753088349726
-1.199805867301362,0.43366494690498275,-0.4123075044971384
0.47342527498979403,0.26887576531038,0.7913942020096129
0.6235870441697694,0.44418340530463823,0.5907772509251543
-0.42754534009005896,-0.6146747402606814,-0.4123075044971384
-0.8136756036957105,-0.6146747402606814,1.4935535308052177
-1.1139991420556612,-0.2605533074722798,0.6910857264673836
-0.7493205597614351,-0.08524566747802158,1.19262810417853
-0.40609365877863357,-0.9687961730490829,-0.6129244555815969
-1.242709229924212,2.7582442532288467,-0.6129244555815969
-0.9423856915642604,-0.360478662269007,1.4935535308052177
-0.3631902961557836,0.047988138917614664,1.3932450552629885
0.43052191236694404,0.19699963291273415,0.08923487321400798
-0.12722180173010822,-0.8320562138535615,-0.7132329311238262
-0.2988352522215082,-0.6900570254582123,-0.8135414066660555
1.1813307582668218,-0.7496616230562602,-1.6160092110038897
-0.9423856915642604,0.18823425091302123,0.9920111530940714
0.2160050992526933,0.08830889611629406,0.5907772509251543
0.9239105825297209,-0.13608488307635647,0.5907772509251543
0.32326350580981866,0.566898753300619,1.19262810417853
0.6879420881040448,0.03571660411801659,0.2898518242984665
-0.3631902961557836,-0.5007247742644135,1.2929365797207593
0.36616686843266866,0.04974121531755724,-0.11138207787045057
1.0955240330211218,2.0044214012535364,1.2929365797207593
0.9239105825297209,0.07779043771663856,-0.011073602328221294
-0.01996339517298284,-0.5007247742644135,-0.011073602328221294
0.40907023105551865,-1.052943840246327,-2.017243113172807
0.5806836815469194,0.537096454501595,0.18954334875623724
-0.42754534009005896,-0.8408215958532744,0.18954334875623724
-0.47044870271290895,-0.22549177947342813,1.19262810417853
-0.9209340102528358,-0.8601054362526429,-0.011073602328221294
0.6021353628583448,-0.32366405787021274,-0.5126159800393677
-2.057873119758365,0.16544425771376767,-0.6129244555815969
1.2242341208896717,-0.0536902922790551,-0.3119990289549091
0.7093937694154702,-0.25704715467239464,-0.11138207787045057
-0.49190038402433434,1.3277339108756996,1.0923196286363006
-0.2773835709100836,-0.2675656130720501,1.0923196286363006
1.3100408461353725,-0.27282484227187787,-0.7132329311238262
-1.5001294056613128,2.277901319644579,-0.11138207787045057
0.5592320002354948,3.1106126096173057,0.9920111530940714
-0.6635138345157351,-0.4428732530663083,1.3932450552629885
-1.0281924168099612,-0.09927027867756223,0.7913942020096129
0.32326350580981866,0.18472809811313606,0.08923487321400798
-0.01996339517298284,-0.6865508726583273,-0.21169055341267984
-0.42754534009005896,-0.6760324142586718,-0.11138207787045057
-1.1354508233670866,-0.015122611480318291,0.8917026775518422
-0.49190038402433434,-0.7601800814559156,0.49046877538292505
-0.6849655158271597,-0.6725262614587866,0.2898518242984665
1.1384273956439717,-0.4726755518653322,-1.415392259919431
0.044391648761292535,-0.9109446518509777,-1.3150837843772019
-0.9209340102528358,-0.9091915754510351,0.08923487321400798
-1.3070642738584874,1.6836084200640438,0.5907772509251543
0.6235870441697694,-0.07648028547830867,-1.415392259919431
1.5674610218724725,-0.7110939422575234,-1.2147753088349726
-0.1701251643529582,-0.2097140918739449,1.19262810417853
0.9668139451525709,-0.5200086146637819,-0.3119990289549091
0.5377803189240694,-0.4060586486675141,-0.4123075044971384
0.8810072199068709,0.11811119491531795,0.08923487321400798
0.38761854974409404,0.3284803629084278,0.18954334875623724
-0.6206104718928843,2.982638032421497,0.08923487321400798
1.1813307582668218,-0.6795385670585569,-2.117551588715036
1.0740723517096964,-0.23425716147314105,-0.4123075044971384
2.0393980107238248,-0.8180316026540209,-2.2178600642572652
0.34471518712124405,0.7947986852931547,1.5938620063474471
1.6103643844953233,-0.842574672253217,-1.716317686546119
-1.6073878122184382,0.40386264810595884,-0.011073602328221294
0.43052191236694404,0.4792449333034899,0.3901602998406958
0.7308454507268948,2.9230334348234495,0.9920111530940714
-1.4357743617270373,0.7737617684938437,0.6910857264673836
-1.242709229924212,1.422400036472599,-0.3119990289549091
1.824881197609574,-0.8495869778529874,-1.3150837843772019
-1.6288394935298636,-0.07472720907836608,0.49046877538292505
0.10874669269556791,0.8193417548923508,0.5907772509251543
0.6450387254811948,1.955335262055144,1.0923196286363006
-0.7278688784500097,1.1436608888817286,1.0923196286363006
2.1895597799038007,-0.53228014946338,-1.5157007354616603
0.7737488133497455,2.791552704827756,0.8917026775518422
0.43052191236694404,0.20576501491244706,0.5907772509251543
0.4948769563012194,-0.025641069879973784,0.2898518242984665
0.6664904067926202,3.198266429614435,1.4935535308052177
0.23745678056411867,1.3312400636755848,0.5907772509251543
-1.7575495813984134,1.3873385084737473,-0.3119990289549091
0.6021353628583448,-0.11329488987710289,0.9920111530940714
0.06584333007271792,0.8736871232905709,0.8917026775518422
1.1169757143325463,2.3515305284421677,1.19262810417853
1.2885891648239471,-0.6988224074579253,-2.017243113172807
0.7522971320383202,2.363802063241766,0.9920111530940714
0.36616686843266866,0.37230727290699234,0.3901602998406958
1.1813307582668218,-0.6883039490582699,-1.1144668332927432
0.6450387254811948,1.9325452688558906,1.0923196286363006
-1.6073878122184382,0.3845788077065904,-0.21169055341267984
-0.9423856915642604,1.187487798880293,-0.8135414066660555
-1.371419317792762,2.4409374248392393,-0.011073602328221294
0.7093937694154702,-0.276330995071763,0.18954334875623724
0.40907023105551865,2.8984903652242533,1.6941704818896763
0.06584333007271792,0.6685771844972888,1.3932450552629885
0.8810072199068709,1.0209455408857477,0.2898518242984665
0.7522971320383202,1.876446824057728,0.7913942020096129
0.9668139451525709,0.20927116771233223,0.6910857264673836
1.653267747118174,-0.7023285602578104,-1.2147753088349726
0.9024589012182955,2.2516051736454408,1.19262810417853
0.7308454507268948,-0.21146716827388748,-0.9138498822082848
-0.5348037466471843,0.36354189090727945,1.0923196286363006
0.3018118244983933,2.5846896896345313,0.6910857264673836
1.0311689890868463,-0.004604153080662799,1.0923196286363006
0.8166521759725955,-0.08349259107807899,-0.11138207787045057
-1.1354508233670866,0.3267272865084852,0.2898518242984665
-1.242709229924212,-0.016875687880260875,0.08923487321400798
1.3100408461353725,-0.6076624346609111,-0.21169055341267984
1.245685802201097,-0.8005008386545951,-1.2147753088349726
0.1731017366298433,-0.1711464110752081,-0.3119990289549091
0.47342527498979403,-0.25354100187250944,0.5907772509251543
0.36616686843266866,0.20050578571261932,-0.11138207787045057
0.32326350580981866,2.942317275222818,0.8917026775518422
0.43052191236694404,3.3630556112090377,0.7913942020096129
-0.04141507648440746,1.6082261348665128,0.49046877538292505
0.7737488133497455,0.03571660411801659,0.5907772509251543
-1.4572260430384627,0.6089725868992409,-0.9138498822082848
0.516328637612644,-0.023887993480031202,0.08923487321400798
0.8595555385954455,0.08480274331640889,0.18954334875623724
1.2885891648239471,0.4915164681030879,0.5907772509251543
-1.242709229924212,2.0885690684507803,-0.9138498822082848
0.9024589012182955,-0.09927027867756223,-0.21169055341267984
0.6021353628583448,-0.09050489667784932,-0.8135414066660555
-0.01996339517298284,2.4444435776391247,-0.21169055341267984
0.9668139451525709,0.04097583331784434,0.6910857264673836
0.7308454507268948,-0.23250408507319847,-1.415392259919431
-0.8136756036957105,1.7116576424631251,0.49046877538292505
0.6879420881040448,2.8721942192251144,1.3932450552629885
0.5806836815469194,2.120124443649747,0.8917026775518422
0.7093937694154702,0.002408152519107529,0.5907772509251543
0.2589084618755433,0.621244121698839,1.5938620063474471
1.1169757143325463,1.560893072068063,0.2898518242984665
0.9024589012182955,2.4339251192394693,0.08923487321400798
-0.12722180173010822,2.0342237000525603,1.3932450552629885
0.9668139451525709,-0.2307510086732559,-0.6129244555815969
0.6450387254811948,0.9175140332891354,0.5907772509251543
0.43052191236694404,2.5496281616356793,0.6910857264673836
0.02293996744986792,2.265629784844981,-0.8135414066660555
0.6450387254811948,0.05675352091732758,0.49046877538292505
0.8381038572840201,0.21453039691215997,0.6910857264673836
1.3100408461353725,-0.10628258427733256,-0.9138498822082848
0.34471518712124405,1.3417585220752402,0.6910857264673836
0.5592320002354948,0.030457374918188843,0.08923487321400798
1.1598790769553964,-0.38151557906831796,-0.3119990289549091
0.6450387254811948,0.09006197251623663,0.3901602998406958
-0.44899702140148434,2.8546634552256887,0.49046877538292505
0.7522971320383202,0.04974121531755724,0.49046877538292505
0.7737488133497455,0.19524655651279155,0.3901602998406958
2.103753054658099,-0.6514893446594756,-2.117551588715036
0.47342527498979403,-0.11680104267698806,-0.011073602328221294
-0.2559318895986582,1.199759333679891,1.19262810417853
1.052620670398271,0.25309807771089676,-0.011073602328221294
1.8463328789209994,-0.7216124006571789,-1.716317686546119
1.7176227910524486,-0.595390899861313,-2.4184770153417237
1.1384273956439717,-0.23425716147314105,-0.21169055341267984
0.7093937694154702,0.7579840808943604,1.2929365797207593
1.0311689890868463,2.4882704876376893,1.19262810417853
0.4948769563012194,0.1216173477152031,-0.11138207787045057
0.6235870441697694,0.6300095036985519,0.2898518242984665
-0.6420621532043097,2.807330392427239,1.19262810417853
1.910687922855274,-0.7724516162555137,-1.9169346376305774
0.4519735936783694,-0.03966568107951444,0.6910857264673836
0.7093937694154702,0.6492933440979203,0.7913942020096129
0.6664904067926202,2.0412360056523307,0.18954334875623724
0.06584333007271792,1.0945747496833362,0.9920111530940714
1.0955240330211218,-0.2991209882710166,-0.21169055341267984
0.9024589012182955,0.23556731371147094,0.5907772509251543
-0.6206104718928843,2.3112097712434885,1.5938620063474471
-1.3928709991041874,1.7344476356623786,-0.3119990289549091
0.6021353628583448,-0.3306763634699831,-1.415392259919431
0.9024589012182955,0.7877863796933843,0.3901602998406958
0.1516500553184179,2.007927554053422,1.3932450552629885
-0.6420621532043097,-0.09751720227761965,0.5907772509251543
0.5377803189240694,0.4161341829055569,0.49046877538292505
0.43052191236694404,-0.28509637707147595,-0.6129244555815969
1.503105977938198,-0.8653646654524706,-2.017243113172807
1.7605261536752994,-0.8040069914544802,-2.017243113172807
0.1731017366298433,-0.04667798667928477,0.08923487321400798
1.7176227910524486,-0.6094155110608537,-2.2178600642572652
0.8810072199068709,1.3663015916744363,0.8917026775518422
0.6450387254811948,-0.13608488307635647,-0.011073602328221294
1.2242341208896717,-0.13783795947629904,-0.21169055341267984
0.9024589012182955,0.2986780641094039,0.5907772509251543
2.1252047359695245,-0.7128470186574659,-2.4184770153417237
0.6021353628583448,0.4108749537057292,0.8917026775518422
1.0311689890868463,1.3645485152744938,1.0923196286363006
0.6450387254811948,0.24082654291129868,0.08923487321400798
-1.4143226804156128,1.0209455408857477,1.3932450552629885
0.47342527498979403,3.180735665615009,0.5907772509251543
0.34471518712124405,0.37230727290699234,0.2898518242984665
1.0740723517096964,-0.435860947466538,-0.6129244555815969
0.38761854974409404,0.8614155884909728,0.5907772509251543
-1.8433563066441143,1.9027429700568668,0.18954334875623724
-0.47044870271290895,0.36003573810739425,-0.4123075044971384
1.4387509340039233,-0.7899823802549396,-1.8166261620883482
0.2589084618755433,0.8088232964926952,1.4935535308052177
0.9453622638411455,2.4023697440405027,1.0923196286363006
1.2027824395782472,0.27413499451020773,0.08923487321400798
0.6664904067926202,0.2320611609115858,-0.011073602328221294
0.1301983740069933,-0.29386175907118883,-0.6129244555815969
0.6450387254811948,-0.2517879254725669,-1.014158357750514
1.331492527446797,-0.8040069914544802,-1.1144668332927432
2.2110114612152247,-0.5340332258633226,-2.3181685397994944
1.009717307775421,-0.2395163906729688,0.5907772509251543
1.009717307775421,-0.2868494534714185,-0.11138207787045057
1.0740723517096964,-0.221985626673543,-0.7132329311238262
1.8034295162981486,-0.6532424210594182,-1.6160092110038897
0.9024589012182955,1.7712622400611728,0.9920111530940714
1.009717307775421,-0.10452950787738997,-0.7132329311238262
1.1169757143325463,0.18823425091302123,0.3901602998406958
0.7737488133497455,0.5388495309015376,0.49046877538292505
0.2160050992526933,0.10233350731583471,0.08923487321400798
1.4816542966267725,-0.6532424210594182,-1.716317686546119
1.4387509340039233,-0.8478339014530448,-1.8166261620883482
0.9024589012182955,0.151419646514227,0.49046877538292505
1.4602026153153471,-0.6129216638607388,-2.3181685397994944
0.9882656264639963,-0.3201579050703276,-0.3119990289549091
0.38761854974409404,2.426912813639699,1.4935535308052177
1.3743958900696471,-0.4674163226655045,-0.3119990289549091
-0.7493205597614351,1.3838323556738623,-0.011073602328221294
0.9024589012182955,0.25134500131095416,0.2898518242984665
0.5806836815469194,0.8105763728926378,0.5907772509251543
0.10874669269556791,0.5721579825004467,0.8917026775518422
1.0311689890868463,-0.616427816660624,-1.415392259919431
0.8166521759725955,-0.31314559947055726,0.49046877538292505
0.7093937694154702,-0.04843106307922735,0.49046877538292505
0.9239105825297209,-0.23601023787308364,-0.21169055341267984
1.8463328789209994,-0.6532424210594182,-1.6160092110038897
-1.6073878122184382,0.11109888931554762,0.18954334875623724
-0.5348037466471843,0.5178126141022267,0.18954334875623724
0.7522971320383202,2.9090088236239087,0.9920111530940714
0.7737488133497455,-0.4060586486675141,-0.7132329311238262
0.9024589012182955,-0.12907257747658613,-0.9138498822082848
0.7522971320383202,0.08480274331640889,0.18954334875623724
1.331492527446797,-0.3482071274694089,-0.8135414066660555
1.2242341208896717,0.10934581291560504,-0.21169055341267984
1.3743958900696471,-0.8075131442543654,-1.8166261620883482
0.23745678056411867,0.01993891651853335,0.5907772509251543
0.2160050992526933,2.0429890820522734,0.6910857264673836
0.8166521759725955,-0.1886771750746339,-0.5126159800393677
0.5806836815469194,-0.4709224754653896,-1.2147753088349726
0.6664904067926202,1.0595132216844845,1.6941704818896763
-1.7575495813984134,0.8491440536913747,-0.5126159800393677
0.1731017366298433,3.0983410748177076,1.5938620063474471
-1.0281924168099612,2.0675321516514695,-0.5126159800393677
-0.7064171971385851,0.32146805730865746,-0.4123075044971384
0.6879420881040448,-0.42183633626699735,-0.11138207787045057
0.7093937694154702,0.18648117451307866,0.5907772509251543
0.08729501138414254,2.5198258628366554,1.0923196286363006
1.245685802201097,-0.842574672253217,-2.117551588715036
2.14665641728095,-0.6602547266591885,-1.5157007354616603
0.9239105825297209,0.1040865837157773,0.08923487321400798
2.14665641728095,-0.6883039490582699,-1.415392259919431
0.8595555385954455,1.5275846204691539,0.3901602998406958
1.1169757143325463,-0.7724516162555137,-1.8166261620883482
1.5889127031838979,-0.8145254498541358,-2.117551588715036
0.9239105825297209,-0.04667798667928477,-0.11138207787045057
1.331492527446797,-0.016875687880260875,-0.3119990289549091
2.1895597799038007,-0.6637608794590737,-1.2147753088349726
0.5592320002354948,-0.19568948067440425,-0.21169055341267984
1.0311689890868463,0.5002818501028008,0.3901602998406958
-1.4357743617270373,1.7256822536626657,-0.7132329311238262
0.9882656264639963,1.5801769124674314,1.19262810417853
-0.8994823289414104,2.1972598052472203,1.3932450552629885
2.0179463294123994,-0.8215377554539061,-1.5157007354616603
0.7308454507268948,-0.2482817726726817,-1.014158357750514
0.8166521759725955,-0.3674909678687773,-1.2147753088349726
0.6450387254811948,0.9245263388889057,0.2898518242984665
0.8810072199068709,-0.5182555382638393,-0.9138498822082848
1.1169757143325463,2.2638767084450384,0.9920111530940714
1.2885891648239471,0.7492186988946475,-0.7132329311238262
0.8595555385954455,0.25309807771089676,-0.11138207787045057
0.2160050992526933,3.0527610884192007,1.3932450552629885
0.2589084618755433,2.363802063241766,1.6941704818896763
1.3529442087582224,0.06025967371721274,0.08923487321400798
0.02293996744986792,2.756491176828904,1.6941704818896763
0.5806836815469194,2.086815992050838,1.0923196286363006
0.38761854974409404,0.2390734665113561,0.5907772509251543
1.2671374835125218,-0.19744255707434683,-0.3119990289549091
-1.8004529440212635,3.387598680808234,-0.7132329311238262
0.47342527498979403,0.012926610918763022,-0.11138207787045057
0.38761854974409404,-0.008110305880547964,0.18954334875623724
-0.8565789663185605,1.7712622400611728,0.18954334875623724
0.1945534179412679,0.15317272291416958,0.18954334875623724
2.14665641728095,-0.809266220654308,-1.716317686546119
0.044391648761292535,1.9413106508556035,-0.11138207787045057
1.1598790769553964,-0.31489867587049986,-0.7132329311238262
1.009717307775421,-0.5550701426626335,-1.1144668332927432
0.516328637612644,2.635528905232866,0.9920111530940714
0.9882656264639963,0.48625723890326017,0.5907772509251543
0.1945534179412679,0.973612478087298,1.3932450552629885
0.9882656264639963,1.9360514216557758,1.0923196286363006
1.052620670398271,-0.29386175907118883,0.49046877538292505
0.6450387254811948,0.06025967371721274,0.08923487321400798
0.8595555385954455,0.43015879410509755,0.9920111530940714
1.417299252692498,-0.8495869778529874,-1.3150837843772019
0.8381038572840201,0.7229225528955088,0.08923487321400798
0.1945534179412679,3.0492549356193153,0.8917026775518422
0.9024589012182955,-0.01336953508037571,0.5907772509251543
1.0955240330211218,0.15843195211399733,0.6910857264673836
1.2242341208896717,-0.05719644507894026,-0.11138207787045057
0.7522971320383202,2.349777452042225,1.2929365797207593
0.32326350580981866,-0.1536156470757823,0.08923487321400798
0.5806836815469194,1.922026810456235,0.8917026775518422
1.1384273956439717,2.34627129924234,1.0923196286363006
0.9239105825297209,-0.0028510766807202173,0.3901602998406958
-1.7146462187755636,2.7968119340275837,1.5938620063474471
0.6450387254811948,0.07603736131669597,0.18954334875623724
1.9321396041666994,-0.7531677758561454,-2.117551588715036
0.1731017366298433,1.7011391840634695,1.4935535308052177
-0.08431843910725746,1.4066223488731158,-0.9138498822082848
-1.5001294056613128,1.6941268784636994,0.2898518242984665
1.1598790769553964,1.2909193064769053,0.9920111530940714
0.9024589012182955,1.3452646748751254,0.9920111530940714
0.7952004946611702,0.2197896261119877,0.5907772509251543
1.5245576592496233,-0.767192387055686,-1.5157007354616603
1.6103643844953233,-0.7216124006571789,-2.4184770153417237
0.5377803189240694,1.091068596883451,0.2898518242984665
0.4519735936783694,-0.2886025298713611,-0.011073602328221294
-1.7146462187755636,0.49852877370285825,-0.4123075044971384
-1.242709229924212,2.572418154834933,-0.4123075044971384
0.47342527498979403,0.1216173477152031,-0.6129244555815969
0.6235870441697694,0.3021842169092891,0.08923487321400798
1.2027824395782472,0.1619381049138825,-0.6129244555815969
0.02293996744986792,2.0500013876520438,1.19262810417853
-0.7493205597614351,0.6265033508986667,-0.8135414066660555
1.2671374835125218,-0.19218332787451908,-1.014158357750514
0.7093937694154702,-0.49195939226470065,-0.3119990289549091
-0.2559318895986582,0.030457374918188843,1.0923196286363006
0.23745678056411867,1.6029669056666849,0.9920111530940714
1.3958475713810725,-0.7724516162555137,-1.9169346376305774
0.516328637612644,0.39334418970630336,0.49046877538292505
-0.5348037466471843,2.1902474996474504,-0.9138498822082848
0.8381038572840201,1.5679053776678333,0.49046877538292505
0.9453622638411455,0.18823425091302123,-0.5126159800393677
0.9668139451525709,0.4792449333034899,-0.3119990289549091
-1.2212575486127866,0.780774074093614,1.2929365797207593
0.4519735936783694,-0.3464540510694663,0.5907772509251543
0.6879420881040448,1.939557574455661,0.6910857264673836
0.36616686843266866,1.031463999285403,1.6941704818896763
0.1301983740069933,0.31971498090871486,1.2929365797207593
-1.3928709991041874,0.19524655651279155,-0.4123075044971384
-0.06286675779583284,1.2015124100798338,0.5907772509251543
-1.6288394935298636,2.0254583180528476,0.8917026775518422
0.1301983740069933,1.4031161960732306,0.8917026775518422
0.9453622638411455,0.19524655651279155,0.18954334875623724
0.516328637612644,0.26887576531038,-0.21169055341267984
0.9882656264639963,0.9490694084881018,0.5907772509251543
0.7093937694154702,0.5651456769006764,0.49046877538292505
0.6450387254811948,2.9528357336224733,1.6941704818896763
0.8381038572840201,0.34951727970773877,0.08923487321400798
1.2027824395782472,-0.5901316706614852,-1.2147753088349726
0.10874669269556791,2.630269676033038,1.6941704818896763
1.3743958900696471,-0.27282484227187787,-0.5126159800393677
0.6021353628583448,-0.9863269370485088,-2.4184770153417237
-0.7278688784500097,-0.7619331578558582,-0.011073602328221294
-0.5991587905814597,-0.8653646654524706,-0.6129244555815969
-0.49190038402433434,-0.6199339694605092,0.49046877538292505
-0.19157684566438285,-0.9162038810508055,-0.21169055341267984
-2.7443269217239674,-0.6865508726583273,1.5938620063474471
-0.5991587905814597,-0.3587255858690644,1.4935535308052177
-0.9209340102528358,-0.07472720907836608,1.6941704818896763
-0.5348037466471843,-0.6935631782580975,-0.11138207787045057
-0.6206104718928843,-0.6602547266591885,0.3901602998406958
0.08729501138414254,-1.0722276806456954,-2.117551588715036
-0.7278688784500097,-0.7812169982552266,0.2898518242984665
-0.08431843910725746,-0.8180316026540209,-0.3119990289549091
0.34471518712124405,-1.1143015142443173,-2.4184770153417237
-0.9638373728756858,-0.5200086146637819,0.9920111530940714
-0.7922239223842851,-0.5883785942615426,0.6910857264673836
-0.5777071092700343,-0.649736268259533,0.3901602998406958
-0.19157684566438285,-0.7110939422575234,-0.6129244555815969
-0.6420621532043097,-0.8864015822517816,-0.11138207787045057
-0.3631902961557836,-0.842574672253217,0.49046877538292505
0.02293996744986792,-1.0284007706471308,-1.415392259919431
-1.049644098121386,-0.3359355926698108,1.6941704818896763
-0.38464197746720896,-0.691810101858155,-0.4123075044971384
-1.0925474607442367,0.02695122211830368,0.7913942020096129
-0.10577012041868285,-0.8548462070528151,-1.3150837843772019
-0.2988352522215082,-0.6532424210594182,0.18954334875623724
0.08729501138414254,-0.7636862342558008,-0.4123075044971384
-0.40609365877863357,-0.05894952147888285,0.5907772509251543
-0.3631902961557836,-0.5988970526611981,0.6910857264673836
-2.8086819656582422,-0.39378711386791604,0.8917026775518422
-0.06286675779583284,-0.9232161866505758,-0.21169055341267984
-0.7278688784500097,-0.628699351460222,0.5907772509251543
-0.6420621532043097,-0.7426493174564899,0.3901602998406958
0.1731017366298433,-1.052943840246327,-1.6160092110038897
-1.736097900086989,-0.3447009746695237,-0.8135414066660555
-0.513352065335759,-0.46215709346567674,-0.5126159800393677
-0.2988352522215082,-0.725118553457064,0.6910857264673836
0.10874669269556791,-1.0599561458460973,-2.3181685397994944
-0.513352065335759,-0.6392178098598775,0.49046877538292505
-0.7493205597614351,-0.830303137453619,0.5907772509251543
0.23745678056411867,-1.0599561458460973,-2.2178600642572652
-0.6206104718928843,-0.38151557906831796,0.5907772509251543
-0.7493205597614351,-0.7479085466563176,-0.11138207787045057
-2.2723899328726156,0.3968503425061885,0.7913942020096129
0.1731017366298433,-0.9600307910493701,-1.415392259919431
-2.336744976806891,-0.5620824482624039,1.0923196286363006
-2.2080348889383403,-0.7058347130576956,-0.3119990289549091
0.7522971320383202,-0.9600307910493701,-2.117551588715036
-0.01996339517298284,-0.8338092902535041,-0.11138207787045057
-0.8565789663185605,-0.3043802174708443,1.19262810417853
0.1301983740069933,-0.9828207842486236,-1.3150837843772019
-0.7707722410728605,-0.3885278846680883,1.6941704818896763
-2.830133646969667,0.032210451318131425,0.6910857264673836
-2.16513152631549,0.12512350051508828,1.19262810417853
-0.9852890541871112,-0.07472720907836608,0.8917026775518422
-1.049644098121386,-0.08524566747802158,0.6910857264673836
-0.38464197746720896,-0.8215377554539061,0.08923487321400798
0.08729501138414254,-0.8180316026540209,-0.4123075044971384
-0.5991587905814597,-0.4639101698656193,0.8917026775518422
-0.12722180173010822,-0.8075131442543654,0.18954334875623724
-0.5777071092700343,-0.7952416094547673,-0.011073602328221294
-0.2773835709100836,0.18472809811313606,0.08923487321400798
-0.3202869335329336,-0.6374647334599349,0.2898518242984665
-0.34173861484435897,-0.8285500610536763,0.6910857264673836
-0.42754534009005896,-0.8180316026540209,-0.9138498822082848
-2.8515853282810926,-0.3026271410709018,-0.5126159800393677
-0.2130285269758082,-0.8460808250531022,-0.6129244555815969
0.4948769563012194,-0.9337346450502313,-1.415392259919431
0.4948769563012194,-1.0687215278458102,-2.017243113172807
-1.5215810869727382,-0.5235147674636671,0.08923487321400798
0.6450387254811948,-0.9933392426482791,-1.716317686546119
-2.937392053526793,-0.5480578370628633,0.2898518242984665
-0.5777071092700343,-0.830303137453619,-0.5126159800393677
-0.513352065335759,-0.9530184854495997,-1.1144668332927432
-0.3631902961557836,-0.5463047606629207,0.3901602998406958
-0.513352065335759,-0.7216124006571789,0.49046877538292505
-0.5991587905814597,-0.6041562818610259,0.2898518242984665
-0.5991587905814597,-0.5883785942615426,-0.4123075044971384
-0.19157684566438285,-0.47968785746510256,0.8917026775518422
-0.38464197746720896,-0.2991209882710166,0.8917026775518422
-0.2130285269758082,-0.9863269370485088,-0.4123075044971384
0.32326350580981866,-1.1020299794447193,-2.4184770153417237
0.6879420881040448,-1.073980757045638,-1.3150837843772019
-0.6635138345157351,-0.7058347130576956,0.49046877538292505
-0.8994823289414104,-0.5568232190625761,1.0923196286363006
-0.06286675779583284,-0.8548462070528151,-0.3119990289549091
-0.5348037466471843,-0.29736791187107403,1.19262810417853
0.10874669269556791,-0.9425000270499442,-1.9169346376305774
-0.513352065335759,-0.8075131442543654,-0.011073602328221294
-0.42754534009005896,-0.6374647334599349,-0.011073602328221294
-0.513352065335759,-0.30963944667067206,0.49046877538292505
-0.42754534009005896,-0.8583523598527003,-0.3119990289549091
0.28036014318696867,-0.9968453954481643,-1.3150837843772019
-0.42754534009005896,-0.15536872347572486,0.18954334875623724
0.6664904067926202,-0.9828207842486236,-2.017243113172807
-0.34173861484435897,-0.4674163226655045,0.08923487321400798
-0.1701251643529582,0.07603736131669597,0.6910857264673836
-1.0710957794328113,-0.43060171826671023,1.19262810417853
0.001488286138442538,-1.0266476942471883,-1.1144668332927432
-2.2938416141840405,-0.5585762954625187,0.49046877538292505
-0.6635138345157351,-0.48845323946481545,1.5938620063474471
-0.2988352522215082,-0.060702597878825426,0.8917026775518422
-0.2559318895986582,-0.5270209202635523,0.9920111530940714
-0.7493205597614351,-0.6111685874607962,-0.6129244555815969
-0.40609365877863357,-0.7794639218552841,0.3901602998406958
-0.2988352522215082,-0.8390685194533318,0.3901602998406958
-0.40609365877863357,-0.7654393106557434,-0.3119990289549091
0.7093937694154702,-0.9284754158504036,-1.8166261620883482
-0.12722180173010822,-0.8460808250531022,0.49046877538292505
-0.34173861484435897,-0.7110939422575234,0.3901602998406958
-0.2130285269758082,0.06551890291704049,0.18954334875623724
-1.5215810869727382,-0.036159528279629274,0.5907772509251543
-0.7707722410728605,-0.8793892766520113,-0.6129244555815969
-0.06286675779583284,-0.7619331578558582,-0.21169055341267984
-0.7064171971385851,-0.754920852256088,-0.3119990289549091
0.36616686843266866,-0.9775615550487958,-1.716317686546119
-0.3631902961557836,-0.595390899861313,0.2898518242984665
-1.0710957794328113,-0.4411201766663657,0.9920111530940714
-0.42754534009005896,-0.0028510766807202173,1.0923196286363006
-1.1569025046785113,0.06727197931698306,1.6941704818896763
-1.9720663945126642,-0.8180316026540209,-0.21169055341267984
-0.44899702140148434,-0.32191098147027014,0.49046877538292505
-0.5562554279586097,-0.6129216638607388,0.2898518242984665
-0.3631902961557836,-0.6374647334599349,-0.11138207787045057
-2.8730370095925175,-0.29561483547113143,0.3901602998406958
-1.6717428561527135,-0.7181062478572937,-0.11138207787045057
-0.1701251643529582,-0.2079610154740023,0.2898518242984665
-1.1354508233670866,-0.1886771750746339,1.0923196286363006
-0.34173861484435897,-0.7864762274550544,0.08923487321400798
-0.7064171971385851,-0.6760324142586718,0.5907772509251543
-0.34173861484435897,-0.9670430966491403,-0.6129244555815969
0.06584333007271792,-1.0284007706471308,-1.6160092110038897
0.06584333007271792,-0.9687961730490829,-1.3150837843772019
-3.023198778772493,-0.07648028547830867,-0.7132329311238262
-0.7278688784500097,0.28290037650992067,1.6941704818896763
0.02293996744986792,-0.9968453954481643,-2.4184770153417237
-0.5991587905814597,-0.6690201086589014,1.0923196286363006
-1.285612592547062,0.151419646514227,-0.5126159800393677
-0.3631902961557836,-0.5568232190625761,0.08923487321400798
-0.513352065335759,-0.9565246382494849,-0.6129244555815969
-0.40609365877863357,-0.7216124006571789,0.18954334875623724
-0.2344802082872336,-1.005610777447877,-0.5126159800393677
-0.04141507648440746,-0.8565992834527577,-0.5126159800393677
-0.5777071092700343,0.16018502851393993,0.9920111530940714
-1.049644098121386,0.4389241761048105,1.2929365797207593
-0.513352065335759,-0.6129216638607388,0.3901602998406958
0.08729501138414254,-0.4691693990654471,0.2898518242984665
-3.0875538227067683,0.4774918569035473,-0.9138498822082848
-1.0710957794328113,-0.16238102907549518,1.2929365797207593
-0.8565789663185605,-0.6041562818610259,-0.4123075044971384
0.06584333007271792,-1.010870006647705,-2.4184770153417237
0.06584333007271792,-0.9337346450502313,-1.415392259919431
-3.0875538227067683,-0.37976250266837536,1.0923196286363006
-2.7657786030353924,-0.5270209202635523,0.8917026775518422
-0.34173861484435897,-0.7969946858547099,-0.11138207787045057
-0.3631902961557836,-0.6585016502592459,-1.3150837843772019
-2.2723899328726156,-0.2658125366721075,0.9920111530940714
0.23745678056411867,-1.002104624647992,-1.6160092110038897
0.6450387254811948,-1.0038577010479346,-1.716317686546119
-1.371419317792762,-0.35346635666923665,-0.5126159800393677
-2.4869067459868663,-0.5165024618638968,0.6910857264673836
-0.3202869335329336,-0.8671177418524132,-0.5126159800393677
-0.5777071092700343,0.2618634597106097,1.2929365797207593
-0.06286675779583284,-0.9425000270499442,-0.21169055341267984
-0.44899702140148434,-0.9723023258489681,-0.9138498822082848
0.32326350580981866,-1.0424253818466713,-2.017243113172807
-0.7922239223842851,-0.0010980002807776353,1.5938620063474471
0.02293996744986792,-1.0459315346465565,-2.2178600642572652
-0.6420621532043097,-0.8197846790539635,0.6910857264673836
-0.7064171971385851,-0.8583523598527003,0.3901602998406958
-0.7278688784500097,-0.6514893446594756,0.6910857264673836
-1.1139991420556612,0.11811119491531795,0.6910857264673836
0.9453622638411455,-0.9968453954481643,-1.3150837843772019
-0.42754534009005896,-0.7987477622546525,-1.2147753088349726
-1.0067407354985358,0.46872647490383434,1.5938620063474471
-0.7278688784500097,-0.7444023938564325,0.3901602998406958
-0.04141507648440746,-0.9179569574507481,-0.21169055341267984
-0.06286675779583284,-0.9179569574507481,-0.3119990289549091
-0.2559318895986582,-0.6883039490582699,-0.21169055341267984
-1.3928709991041874,-0.24652869627273913,1.4935535308052177
0.2160050992526933,-1.0617092222460398,-1.3150837843772019
-0.47044870271290895,-0.9933392426482791,0.3901602998406958
-0.19157684566438285,-0.8916608114516094,-0.8135414066660555
-0.2559318895986582,-0.1518625706758397,1.0923196286363006
-0.2130285269758082,-0.8355623666534467,1.2929365797207593
-0.9209340102528358,-0.6795385670585569,1.3932450552629885
-2.8515853282810926,0.5511210657011357,-0.5126159800393677
-0.19157684566438285,-0.6129216638607388,1.19262810417853
-2.830133646969667,0.3845788077065904,-0.4123075044971384
0.23745678056411867,-1.0336599998469584,-1.5157007354616603
0.7093937694154702,-1.0634622986459823,-1.5157007354616603
-0.19157684566438285,-0.37976250266837536,0.8917026775518422
-0.47044870271290895,-0.006357229480605382,0.8917026775518422
-0.38464197746720896,-0.12556642467670096,0.7913942020096129
-0.8780306476299858,-0.23425716147314105,1.2929365797207593
-0.2559318895986582,-0.8793892766520113,-0.9138498822082848
0.02293996744986792,-0.7444023938564325,-0.5126159800393677
-2.358196658118316,-0.3850217318682031,-0.4123075044971384
0.044391648761292535,-0.9635369438492553,-0.4123075044971384
-0.5991587905814597,0.7281817820953366,1.5938620063474471
-0.38464197746720896,-0.8338092902535041,0.3901602998406958
-0.7922239223842851,-0.7829700746551692,1.5938620063474471
-0.9638373728756858,-0.1518625706758397,0.7913942020096129
-2.980295416149643,-0.5585762954625187,1.4935535308052177
-0.47044870271290895,-0.2395163906729688,0.18954334875623724
-0.19157684566438285,-0.6041562818610259,0.2898518242984665
-0.44899702140148434,-0.7952416094547673,-0.5126159800393677
-0.38464197746720896,-0.15536872347572486,0.7913942020096129
-0.14867348304153283,-0.16764025827532295,0.9920111530940714
0.044391648761292535,-1.0284007706471308,-0.4123075044971384
-0.513352065335759,-0.1027764314774474,0.08923487321400798
-1.3928709991041874,-0.7899823802549396,-0.011073602328221294
-0.14867348304153283,-0.9179569574507481,-0.11138207787045057
-1.821904625332689,-0.18341794587480617,0.08923487321400798
-0.2559318895986582,-0.8320562138535615,0.2898518242984665
-0.40609365877863357,-0.8495869778529874,-1.1144668332927432
-0.5562554279586097,-0.863611589052528,0.5907772509251543
-2.5512617899211416,-0.6847977962583847,-0.21169055341267984
-0.44899702140148434,-0.8565992834527577,-0.5126159800393677
-0.04141507648440746,-0.9337346450502313,-0.11138207787045057
-0.6849655158271597,-0.6006501290611407,-0.11138207787045057
-0.6206104718928843,-0.43060171826671023,1.0923196286363006
-0.2773835709100836,-0.7408962410565473,-0.6129244555815969
0.9453622638411455,-1.1125484378443746,-1.6160092110038897
-0.513352065335759,-0.8338092902535041,-0.8135414066660555
-0.7922239223842851,-0.03966568107951444,1.3932450552629885
-0.38464197746720896,-0.6479831918595904,0.3901602998406958
-0.10577012041868285,-0.788229303854997,-0.21169055341267984
-0.1701251643529582,-0.9460061798498294,-0.3119990289549091
0.38761854974409404,-0.9828207842486236,-1.8166261620883482
-0.2988352522215082,-0.29561483547113143,0.7913942020096129
-0.40609365877863357,0.15317272291416958,0.9920111530940714
-0.2559318895986582,-0.8706238946522984,-0.7132329311238262
-0.44899702140148434,-0.1518625706758397,1.2929365797207593
-1.0925474607442367,0.30744344610911684,0.6910857264673836
-2.2294865702497653,-0.4428732530663083,0.8917026775518422
-0.7278688784500097,-0.6339585806600497,-0.3119990289549091
-0.5348037466471843,-0.08524566747802158,0.9920111530940714
-0.47044870271290895,-0.8075131442543654,-0.3119990289549091
-0.3631902961557836,-0.8197846790539635,-0.5126159800393677
-0.49190038402433434,-1.0371661526468436,-1.014158357750514
0.8166521759725955,-1.0915115210450637,-1.716317686546119
-0.2559318895986582,-0.9389938742500591,-1.2147753088349726
-0.40609365877863357,-0.8565992834527577,0.6910857264673836
0.044391648761292535,-0.8355623666534467,-0.5126159800393677
-0.38464197746720896,0.09532120171606438,0.7913942020096129
-0.01996339517298284,-0.981067707848681,-1.6160092110038897
-0.6420621532043097,-0.7321308590568344,-0.011073602328221294
-1.4572260430384627,-0.40781172506745667,1.3932450552629885
0.7093937694154702,-1.0599561458460973,-1.716317686546119
-0.49190038402433434,-0.7479085466563176,-0.6129244555815969
-2.722875240412542,0.0742842849167534,0.7913942020096129
-0.1701251643529582,-0.3745032734685476,0.7913942020096129
-0.06286675779583284,-0.90568542265115,-1.014158357750514
0.2589084618755433,-1.0196353886474179,-1.6160092110038897
0.43052191236694404,-1.098523826644834,-1.5157007354616603
-0.513352065335759,-0.5690947538621742,0.6910857264673836
-0.6849655158271597,-0.5305270730634374,-0.6129244555815969
0.08729501138414254,-0.6970693310579827,-1.2147753088349726
-0.49190038402433434,-0.754920852256088,-0.11138207787045057
-0.12722180173010822,0.07779043771663856,0.8917026775518422
-0.10577012041868285,-0.6409708862598201,0.2898518242984665
-0.2988352522215082,0.4634672457040066,0.9920111530940714
-0.5991587905814597,-0.0922579730777919,1.19262810417853
0.8166521759725955,-1.023141541447303,-2.117551588715036
-0.7922239223842851,-0.16238102907549518,1.4935535308052177
-0.9209340102528358,-0.3850217318682031,0.6910857264673836
-0.40609365877863357,-0.8215377554539061,0.9920111530940714
-0.9423856915642604,0.32322113370860006,1.2929365797207593
-0.47044870271290895,-0.7110939422575234,-0.011073602328221294
0.43052191236694404,-1.0126230830476475,-1.8166261620883482
-2.186583207626915,-0.025641069879973784,-0.011073602328221294
-0.2988352522215082,-0.3359355926698108,0.7913942020096129
-0.42754534009005896,-0.5761070594619445,-0.11138207787045057
-0.10577012041868285,-0.8741300474521835,-1.2147753088349726
-0.14867348304153283,-0.1027764314774474,0.5907772509251543
0.9453622638411455,-1.0196353886474179,-2.3181685397994944
-2.980295416149643,-0.8618585126525854,0.6910857264673836
0.1516500553184179,-1.073980757045638,-1.6160092110038897
-2.0364214384469395,-0.5936378234613704,0.8917026775518422
-1.2641609112356367,-0.6357116570599923,0.9920111530940714
-1.6073878122184382,0.6510464204978629,1.3932450552629885
-0.6420621532043097,0.0830496669164663,0.5907772509251543
0.7737488133497455,-1.0669684514458675,-1.9169346376305774
0.10874669269556791,-0.7321308590568344,-0.21169055341267984
-0.5777071092700343,-0.7391431646566047,-0.7132329311238262
-0.5991587905814597,-0.5620824482624039,0.3901602998406958
-0.7064171971385851,-0.21847947387365782,1.5938620063474471
0.02293996744986792,-1.0704746042457527,-1.8166261620883482
-0.2988352522215082,-0.9126977282509203,-0.7132329311238262
-0.8994823289414104,-0.018628764280203457,1.4935535308052177
-0.9209340102528358,-0.4831940102649877,0.8917026775518422
-0.40609365877863357,-0.5708478302621168,0.7913942020096129
0.06584333007271792,-1.010870006647705,-1.1144668332927432
-1.242709229924212,0.02169199291847593,-0.6129244555815969
-0.8351272850071351,-0.38326865546826056,1.5938620063474471
-2.4654550646754414,0.503788002902686,-0.5126159800393677
-1.0925474607442367,-0.13783795947629904,1.0923196286363006
-0.8994823289414104,-0.4253424890668825,1.2929365797207593
0.06584333007271792,-0.8460808250531022,-0.4123075044971384
-0.2988352522215082,-0.7952416094547673,-0.4123075044971384
-2.722875240412542,-0.5427986078630355,0.6910857264673836
-2.315293295495466,-0.6409708862598201,0.5907772509251543
-0.513352065335759,-0.7356370118567195,-0.5126159800393677
-1.199805867301362,0.25134500131095416,1.5938620063474471
-0.2559318895986582,-0.9389938742500591,0.2898518242984665
-0.2344802082872336,-0.7146000950574085,-0.3119990289549091
-0.34173861484435897,-0.6935631782580975,-0.011073602328221294
0.1731017366298433,-1.0038577010479346,-2.4184770153417237
-0.04141507648440746,-0.7917354566548822,-0.21169055341267984
-0.2344802082872336,-0.7601800814559156,0.7913942020096129
-0.2130285269758082,-0.9319815686502887,-1.014158357750514
-2.100776482381215,-0.8320562138535615,1.4935535308052177
-0.12722180173010822,0.18823425091302123,0.6910857264673836
-0.7493205597614351,0.46872647490383434,1.0923196286363006
-0.7064171971385851,-0.7724516162555137,0.08923487321400798
-0.5991587905814597,-0.616427816660624,0.18954334875623724
-1.285612592547062,-0.28334330067153335,-0.011073602328221294
-1.2641609112356367,-0.6567485738593033,0.6910857264673836
-0.42754534009005896,-0.7163531714573511,0.9920111530940714
-0.7064171971385851,-0.8548462070528151,-0.11138207787045057
-0.34173861484435897,-0.6462301154596478,0.08923487321400798
-0.1701251643529582,-0.8881546586517242,-0.21169055341267984
-1.7790012627098388,-0.7724516162555137,0.18954334875623724
0.08729501138414254,-1.0494376874464417,-2.017243113172807
-0.38464197746720896,-0.6830447198584421,0.6910857264673836
-1.1354508233670866,0.5318372253017674,1.6941704818896763
-0.2130285269758082,-0.8180316026540209,0.18954334875623724
-0.9423856915642604,-0.7566739286560306,-0.011073602328221294
-1.0925474607442367,0.10583966011571987,0.9920111530940714
0.38761854974409404,-1.052943840246327,-2.2178600642572652
-0.6849655158271597,-0.7286247062569492,0.6910857264673836
-0.5348037466471843,-0.6725262614587866,0.18954334875623724
-2.8086819656582422,0.24433269571118385,-0.21169055341267984
-0.7064171971385851,0.7527248516945326,0.6910857264673836
-0.04141507648440746,-0.9179569574507481,-0.4123075044971384
-2.07932480106979,-0.3972932666678012,-0.4123075044971384
-0.7922239223842851,0.3582826617074517,0.6910857264673836
0.08729501138414254,-0.8916608114516094,-1.3150837843772019
-0.34173861484435897,-0.8618585126525854,-0.7132329311238262
0.7522971320383202,-1.1020299794447193,-1.1144668332927432
-0.3631902961557836,-0.842574672253217,-0.3119990289549091
-2.5941651525439915,0.37581342570687754,1.0923196286363006
-0.3202869335329336,-0.12381334827675838,0.7913942020096129
-0.2988352522215082,-0.8916608114516094,-0.8135414066660555
-1.1569025046785113,0.1426542645145141,1.4935535308052177
-2.014969757135514,-0.5392924550631504,-0.9138498822082848
0.06584333007271792,-0.628699351460222,0.3901602998406958
-0.7278688784500097,-0.8127723734541932,0.3901602998406958
-0.5777071092700343,-0.9179569574507481,-0.21169055341267984
-0.5777071092700343,-0.7110939422575234,0.3901602998406958
0.044391648761292535,-0.8495869778529874,-0.9138498822082848
0.06584333007271792,-0.8495869778529874,-1.1144668332927432
-1.8433563066441143,-0.07998643827819384,0.5907772509251543
0.2589084618755433,-0.9425000270499442,-1.1144668332927432
-0.2130285269758082,-0.39203403746797344,0.08923487321400798
-2.5727134712325666,-0.7233654770571215,-0.5126159800393677
-0.2773835709100836,-1.0126230830476475,-1.415392259919431
0.06584333007271792,-0.7759577690553989,-0.7132329311238262
0.1731017366298433,-0.9915861662483365,-1.3150837843772019
-0.44899702140148434,-0.8005008386545951,0.18954334875623724
-2.315293295495466,0.30393729330923164,1.5938620063474471
-0.14867348304153283,-0.5638355246623465,-0.5126159800393677
-0.1701251643529582,-0.9758084786488532,-1.3150837843772019
-0.5348037466471843,-0.7847231510551118,-0.9138498822082848
-0.3631902961557836,-0.21672639747371522,0.6910857264673836
0.06584333007271792,-0.7987477622546525,-1.014158357750514
-0.2559318895986582,-0.9705492494490255,-0.9138498822082848
-0.6635138345157351,-0.7514146994562028,0.5907772509251543
-1.1354508233670866,-0.18692409867469134,1.19262810417853
-0.8994823289414104,-0.23425716147314105,1.4935535308052177
-0.19157684566438285,-0.5427986078630355,0.5907772509251543
0.5377803189240694,-1.023141541447303,-1.1144668332927432
-0.5348037466471843,-0.8460808250531022,-1.1144668332927432
-0.12722180173010822,-0.6234401222603942,0.8917026775518422
-2.701423559101117,0.17420963971348058,0.7913942020096129
-0.7278688784500097,-0.5445516842629781,0.5907772509251543
0.38761854974409404,-0.9600307910493701,-1.1144668332927432
-2.2938416141840405,-0.8565992834527577,0.8917026775518422
-1.7146462187755636,-0.034406451879686696,1.19262810417853
-0.5348037466471843,-0.42183633626699735,1.2929365797207593
-0.8136756036957105,0.11635811851537536,0.6910857264673836
-0.513352065335759,-0.6883039490582699,0.49046877538292505
-0.6420621532043097,-0.6094155110608537,0.18954334875623724
-1.3070642738584874,-0.6024032054610833,0.3901602998406958
-0.40609365877863357,-0.7356370118567195,-0.8135414066660555
-0.2559318895986582,-0.7198593242572363,0.9920111530940714
-0.19157684566438285,-0.3867748082681457,0.7913942020096129
-0.10577012041868285,-0.7759577690553989,-0.6129244555815969
-0.7707722410728605,-0.5305270730634374,0.8917026775518422
-0.38464197746720896,-0.16939333467526552,1.19262810417853
-1.0710957794328113,-0.3674909678687773,0.7913942020096129
-0.40609365877863357,-0.8057600678544228,0.49046877538292505
-2.679971877789692,0.20576501491244706,1.3932450552629885
-0.49190038402433434,-0.649736268259533,0.6910857264673836
-1.0281924168099612,-0.44813248226613606,1.6941704818896763
-0.9638373728756858,0.005914305318992693,0.5907772509251543
-0.44899702140148434,-0.6216870458604516,0.2898518242984665
-1.6073878122184382,-0.1413441122761842,0.2898518242984665
-0.5348037466471843,-0.7268716298570066,-0.11138207787045057
-0.1701251643529582,-0.14309718867612678,0.2898518242984665
-1.1354508233670866,-0.4130709542672844,1.2929365797207593
-0.01996339517298284,-0.6777854906586144,0.08923487321400798
-0.47044870271290895,-0.6199339694605092,0.2898518242984665
0.044391648761292535,-0.947759256249772,-1.3150837843772019
-0.47044870271290895,-0.6760324142586718,0.08923487321400798
-0.47044870271290895,-0.8075131442543654,-1.1144668332927432
0.1516500553184179,-1.005610777447877,-2.2178600642572652
-0.42754534009005896,-0.8565992834527577,-0.21169055341267984
-1.736097900086989,0.07603736131669597,0.7913942020096129
0.6664904067926202,-1.0494376874464417,-1.9169346376305774
-0.12722180173010822,0.3670480437071646,0.6910857264673836
-0.2773835709100836,-0.7759577690553989,-1.415392259919431
-1.6717428561527135,-0.5129963090640116,-0.21169055341267984
-0.3202869335329336,-0.9530184854495997,-1.014158357750514
-0.2344802082872336,-0.5848724414616575,0.6910857264673836
-1.564484449595588,-0.27107176587193527,1.5938620063474471
-0.5991587905814597,-0.7321308590568344,0.18954334875623724
0.1945534179412679,-1.0950176738449489,-2.117551588715036
-0.34173861484435897,-0.6847977962583847,-0.011073602328221294
-0.6206104718928843,-0.2307510086732559,1.6941704818896763
-0.10577012041868285,-0.7216124006571789,0.2898518242984665
-0.49190038402433434,-0.5007247742644135,0.2898518242984665
-0.49190038402433434,-0.4411201766663657,0.08923487321400798
-1.4572260430384627,-0.5410455314630929,1.19262810417853
-2.894488690903943,0.41964033570544207,0.18954334875623724
-0.3202869335329336,-0.9635369438492553,-1.1144668332927432
-0.7922239223842851,-0.8145254498541358,-0.21169055341267984
-0.2773835709100836,-0.8250439082537913,0.2898518242984665
0.28036014318696867,-1.0687215278458102,-2.3181685397994944
-0.49190038402433434,-0.6251931986603368,0.3901602998406958
-0.7707722410728605,0.2864065293098058,0.8917026775518422
-0.3631902961557836,-0.4463794058661935,0.3901602998406958
-2.014969757135514,-0.360478662269007,-0.8135414066660555
-0.44899702140148434,-0.9389938742500591,-0.6129244555815969
0.4948769563012194,-1.0546969166462694,-1.2147753088349726
-1.049644098121386,-0.14660334147601195,1.3932450552629885
-0.5348037466471843,-0.3972932666678012,0.3901602998406958
-0.8994823289414104,-0.10978873707721773,1.19262810417853
-0.3631902961557836,-0.8986731170513796,-0.21169055341267984
-0.10577012041868285,-0.9302284922503461,-0.5126159800393677
-0.5348037466471843,-0.48845323946481545,0.6910857264673836
-0.9209340102528358,0.15667887571405475,0.9920111530940714
-0.5562554279586097,0.33549266850819814,0.5907772509251543
-0.2773835709100836,-0.595390899861313,-0.5126159800393677
-0.49190038402433434,-0.7899823802549396,-0.5126159800393677
-0.12722180173010822,-0.3780094262684328,-0.5126159800393677
-0.2988352522215082,-0.8110192970542506,-0.5126159800393677
-0.7707722410728605,0.3179619045087723,1.0923196286363006
-0.19157684566438285,-0.7917354566548822,-0.3119990289549091
-0.2988352522215082,-0.9425000270499442,-0.6129244555815969
-0.5562554279586097,-0.030900299079801533,1.5938620063474471
-0.9209340102528358,-0.6690201086589014,-0.11138207787045057
0.9668139451525709,-1.0301538470470732,-2.017243113172807
0.06584333007271792,-0.9162038810508055,0.5907772509251543
0.1516500553184179,-1.0915115210450637,-1.3150837843772019
-0.40609365877863357,-0.6059093582609685,0.5907772509251543
0.044391648761292535,-0.9407469506500017,-2.117551588715036
0.2160050992526933,-1.0564499930462121,-1.2147753088349726
-0.12722180173010822,-0.9530184854495997,0.2898518242984665
-0.6635138345157351,-0.6251931986603368,-0.011073602328221294
-1.6717428561527135,0.4161341829055569,-0.9138498822082848
-1.3928709991041874,-0.733883935456777,0.6910857264673836
-0.5348037466471843,-0.7794639218552841,0.08923487321400798
-1.9720663945126642,-0.2991209882710166,-0.3119990289549091
0.36616686843266866,-1.0196353886474179,-1.6160092110038897
-2.5727134712325666,0.033963527718074,-0.21169055341267984
-1.1354508233670866,-0.4639101698656193,1.3932450552629885
-0.04141507648440746,-0.9214631102506332,-0.6129244555815969
-0.8994823289414104,-0.5094901562641264,0.7913942020096129
-0.6420621532043097,-0.6392178098598775,-0.11138207787045057
-0.6420621532043097,-0.8267969846537339,0.08923487321400798
-2.5512617899211416,-0.22549177947342813,-0.5126159800393677
0.7952004946611702,-1.098523826644834,-1.1144668332927432
-2.7657786030353924,-0.5726009066620594,0.5907772509251543
-0.38464197746720896,-0.7110939422575234,0.3901602998406958
-0.01996339517298284,-0.9740554022489107,-2.4184770153417237
-0.7064171971385851,-0.7461554702563751,-0.3119990289549091
-2.7657786030353924,-0.4288486418667677,1.4935535308052177
-0.8780306476299858,-0.6585016502592459,0.7913942020096129
-0.12722180173010822,-0.884648505851839,-1.1144668332927432
0.2160050992526933,-0.9372407978501165,-1.8166261620883482
-0.49190038402433434,-0.8618585126525854,-0.11138207787045057
-0.38464197746720896,-0.8320562138535615,-1.2147753088349726
-0.3202869335329336,-0.6620078030591311,0.49046877538292505
0.4519735936783694,-1.0792399862454656,-2.2178600642572652
-0.5991587905814597,-0.47968785746510256,1.2929365797207593
-0.9209340102528358,-0.8513400542529299,0.3901602998406958
-0.2344802082872336,-0.35346635666923665,0.5907772509251543
-2.8730370095925175,-0.13783795947629904,-0.21169055341267984
-0.10577012041868285,-0.8916608114516094,-0.4123075044971384
-0.42754534009005896,-0.6059093582609685,0.3901602998406958
-0.7707722410728605,0.33373959210825554,1.6941704818896763
-0.1701251643529582,-0.3867748082681457,1.0923196286363006
-0.2344802082872336,0.3372457449081407,0.6910857264673836
-3.044650460083918,0.48625723890326017,0.7913942020096129
0.4948769563012194,-0.9898330898483939,-1.1144668332927432
-0.40609365877863357,-0.7233654770571215,-0.4123075044971384
-0.5348037466471843,-0.42358941266693995,0.49046877538292505
-0.7922239223842851,-0.07823336187825125,0.5907772509251543
-0.47044870271290895,-0.2921086826712463,0.6910857264673836
-0.6849655158271597,-0.4130709542672844,1.6941704818896763
-0.7064171971385851,-0.9074384990510925,-0.11138207787045057
-2.5941651525439915,-0.43936710026642317,-0.5126159800393677
-0.2559318895986582,-0.7408962410565473,-0.4123075044971384
0.044391648761292535,-0.926722339450461,-0.11138207787045057
-1.2212575486127866,-0.8618585126525854,-0.11138207787045057
-2.057873119758365,0.20401193851250446,-0.7132329311238262
0.08729501138414254,-0.8460808250531022,0.49046877538292505
-0.40609365877863357,-0.7198593242572363,0.49046877538292505
-0.5777071092700343,-0.015122611480318291,1.3932450552629885
-1.9935180758240896,-0.5200086146637819,0.08923487321400798
-0.10577012041868285,-1.0213884650473604,-1.3150837843772019
-0.44899702140148434,-0.8005008386545951,0.08923487321400798
-1.328515955169912,-0.12556642467670096,1.5938620063474471
-2.057873119758365,-0.34996020386935145,-0.5126159800393677
-0.8136756036957105,-0.842574672253217,-0.11138207787045057
-2.358196658118316,0.17596271611342315,0.5907772509251543
-0.2988352522215082,-0.16764025827532295,0.5907772509251543
-0.6420621532043097,-0.5498109134628059,-0.11138207787045057
0.8595555385954455,-1.0844992154452933,-2.3181685397994944
0.08729501138414254,-0.9758084786488532,-2.2178600642572652
0.6021353628583448,-1.1055361322446045,-2.4184770153417237
-0.7278688784500097,-0.8548462070528151,0.08923487321400798
-0.9209340102528358,-0.07823336187825125,1.19262810417853
-0.40609365877863357,-1.0213884650473604,-0.3119990289549091
-0.9423856915642604,-0.7601800814559156,1.19262810417853
-2.980295416149643,-0.36573789146883473,0.5907772509251543
-0.8351272850071351,-0.19744255707434683,0.9920111530940714
0.06584333007271792,-0.9530184854495997,0.3901602998406958
-0.6849655158271597,-0.3271702106700979,1.19262810417853
0.516328637612644,-0.9863269370485088,-2.017243113172807
-0.2773835709100836,-0.9775615550487958,-0.3119990289549091
-0.7278688784500097,-0.6024032054610833,1.5938620063474471
-0.1701251643529582,-0.7899823802549396,-1.415392259919431
-0.7493205597614351,-0.7847231510551118,0.18954334875623724
-0.47044870271290895,-0.926722339450461,-0.9138498822082848
0.9668139451525709,-1.0248946178472456,-1.8166261620883482
-0.2773835709100836,-0.7724516162555137,-0.6129244555815969
-1.5430327682841627,-0.3008740646709592,-0.6129244555815969
-1.1569025046785113,-0.4972186214645284,0.9920111530940714
-2.830133646969667,-0.7829700746551692,0.7913942020096129
-1.6288394935298636,-0.6637608794590737,0.2898518242984665
0.2160050992526933,-1.0669684514458675,-1.1144668332927432
-0.2344802082872336,-0.7777108454553415,0.6910857264673836
-0.1701251643529582,-0.8513400542529299,0.7913942020096129
0.9668139451525709,-1.0126230830476475,-1.3150837843772019
-0.04141507648440746,-0.767192387055686,0.3901602998406958
-0.9638373728756858,-0.8495869778529874,-0.6129244555815969
-1.371419317792762,-0.21497332107377265,1.3932450552629885
-0.44899702140148434,-0.5708478302621168,-0.3119990289549091
-0.34173861484435897,-0.3709971206686625,0.3901602998406958
-0.7493205597614351,0.4371710997048679,0.5907772509251543
-0.5991587905814597,-0.8916608114516094,0.6910857264673836
-2.057873119758365,-0.6514893446594756,-0.7132329311238262
-2.937392053526793,0.21277732051221737,-0.3119990289549091
-0.38464197746720896,-0.565588601062289,-0.11138207787045057
-0.3202869335329336,-0.42358941266693995,0.5907772509251543
-2.2938416141840405,-0.6304524278601646,-0.3119990289549091
-0.49190038402433434,-0.49020631586475805,0.3901602998406958
-1.371419317792762,-0.6812916434584995,-0.011073602328221294
-1.371419317792762,-0.5550701426626335,0.18954334875623724
-0.9423856915642604,-0.8408215958532744,0.3901602998406958
-2.980295416149643,-0.456897864265849,0.08923487321400798
-0.2130285269758082,-0.947759256249772,-0.5126159800393677
-0.47044870271290895,-0.8145254498541358,0.2898518242984665
-0.44899702140148434,0.1426542645145141,1.0923196286363006
-1.0281924168099612,-0.4744286282652748,1.2929365797207593
-0.42754534009005896,-0.21322024467383008,1.2929365797207593
-2.7443269217239674,-0.15712179987566743,0.6910857264673836
-0.44899702140148434,-0.6830447198584421,0.08923487321400798
0.3018118244983933,-1.0634622986459823,-1.1144668332927432
-1.1569025046785113,-0.03791260467957186,1.5938620063474471
-0.9852890541871112,0.15843195211399733,1.4935535308052177
-0.9638373728756858,-0.7023285602578104,1.2929365797207593
0.5377803189240694,-1.052943840246327,-2.017243113172807
-0.6420621532043097,-0.7216124006571789,0.49046877538292505
-0.8136756036957105,-0.179911793074921,1.3932450552629885
-0.9209340102528358,-0.9670430966491403,0.08923487321400798
-0.34173861484435897,-0.5024778506643561,0.6910857264673836
-0.08431843910725746,-0.5077370798641838,0.18954334875623724
0.7952004946611702,-1.002104624647992,-1.2147753088349726
-0.38464197746720896,-0.788229303854997,-0.8135414066660555
-0.1701251643529582,-0.9425000270499442,-0.7132329311238262
-0.47044870271290895,-0.6514893446594756,0.2898518242984665
-0.42754534009005896,-0.9530184854495997,-0.8135414066660555
-2.143679845004065,-0.49195939226470065,0.08923487321400798
-0.2773835709100836,-0.18517102227474874,0.6910857264673836
-0.42754534009005896,-0.8583523598527003,0.3901602998406958
-0.5991587905814597,-0.30963944667067206,1.4935535308052177
0.7522971320383202,-1.0844992154452933,-1.415392259919431
-0.6420621532043097,-0.565588601062289,0.3901602998406958
-0.9638373728756858,-0.8250439082537913,-0.6129244555815969
-0.49190038402433434,-0.03966568107951444,0.18954334875623724
-0.5777071092700343,-0.35171328026929405,1.3932450552629885
-0.01996339517298284,-0.8478339014530448,-0.4123075044971384
-1.0925474607442367,0.34601112690785363,1.3932450552629885
-0.38464197746720896,-0.8320562138535615,0.7913942020096129
0.36616686843266866,-1.0669684514458675,-1.6160092110038897
-0.08431843910725746,-0.9968453954481643,-2.3181685397994944
-0.513352065335759,-0.9372407978501165,-0.11138207787045057
-1.4143226804156128,-0.25704715467239464,0.3901602998406958
-2.7657786030353924,0.621244121698839,-0.11138207787045057
0.2589084618755433,0.537096454501595,0.7913942020096129
1.245685802201097,-0.6427239626597627,-1.415392259919431
-1.1783541859899367,2.3147159240433735,-0.011073602328221294
0.7952004946611702,0.25309807771089676,0.6910857264673836
0.7952004946611702,1.834372990459106,1.2929365797207593
-0.7493205597614351,-0.8390685194533318,0.08923487321400798
-0.06286675779583284,0.9385509500884464,0.9920111530940714
-0.34173861484435897,-0.9670430966491403,-0.8135414066660555
-2.2080348889383403,-0.5690947538621742,-0.8135414066660555
-0.34173861484435897,-0.7303777826568918,0.5907772509251543
0.5377803189240694,1.9641006440548572,0.18954334875623724
-0.5348037466471843,-0.6585016502592459,0.49046877538292505
0.7737488133497455,1.5696584540677758,0.5907772509251543
0.1945534179412679,3.105353380417478,0.9920111530940714
-0.2344802082872336,-0.18341794587480617,0.18954334875623724
0.9882656264639963,0.5388495309015376,1.2929365797207593
-0.9852890541871112,0.6265033508986667,1.2929365797207593
-0.9638373728756858,-0.011616458680433128,1.4935535308052177
-0.7064171971385851,0.30569036970917424,0.5907772509251543
0.5806836815469194,1.4364246476721396,1.2929365797207593
-2.12222816369264,-0.14660334147601195,-0.21169055341267984
-0.9209340102528358,-0.8250439082537913,0.3901602998406958
-2.5941651525439915,-0.7759577690553989,1.3932450552629885
0.1301983740069933,0.26361653611055225,0.49046877538292505
-0.6206104718928843,-0.6742793378587292,-0.11138207787045057
2.23246314252665,-0.733883935456777,-2.4184770153417237
1.1384273956439717,0.0935681253161218,-0.5126159800393677
0.08729501138414254,-0.8495869778529874,0.6910857264673836
1.7176227910524486,-0.8653646654524706,-1.3150837843772019
-0.5562554279586097,-0.5638355246623465,0.49046877538292505
-1.4786777243498874,-0.8215377554539061,-0.11138207787045057
1.2242341208896717,-0.574353983062002,-1.415392259919431
-0.06286675779583284,0.6457871912980352,1.5938620063474471
-1.8648079879555388,1.7695091636612303,0.3901602998406958
1.8034295162981486,-0.5831193650617149,-1.2147753088349726
0.5806836815469194,0.08480274331640889,0.3901602998406958
1.0311689890868463,-0.4726755518653322,-1.014158357750514
-0.8351272850071351,0.18648117451307866,0.8917026775518422
-0.9423856915642604,-0.7356370118567195,0.3901602998406958
0.5806836815469194,1.4872638632704747,0.3901602998406958
-0.7493205597614351,-0.565588601062289,0.49046877538292505
-0.42754534009005896,-0.7461554702563751,-0.21169055341267984
0.7093937694154702,-1.0669684514458675,-2.3181685397994944
0.36616686843266866,-0.09401104947773449,0.3901602998406958
0.5377803189240694,-0.9985984718481068,-2.4184770153417237
0.5806836815469194,2.428665890039641,0.18954334875623724
-0.8780306476299858,-0.5971439762612556,0.5907772509251543
0.6879420881040448,-0.08524566747802158,-1.014158357750514
1.0955240330211218,2.4777520292380335,1.0923196286363006
-0.9423856915642604,-0.4726755518653322,1.6941704818896763
0.08729501138414254,-0.8618585126525854,-1.3150837843772019
-0.6206104718928843,1.2102777920795467,0.5907772509251543
0.4519735936783694,-0.9670430966491403,-1.415392259919431
0.8810072199068709,0.2022588621125619,0.2898518242984665
1.4387509340039233,-0.8267969846537339,-1.6160092110038897
-0.2773835709100836,-0.8232908318538487,-1.415392259919431
-1.5215810869727382,-0.36573789146883473,0.9920111530940714
-2.4654550646754414,-0.8443277486531596,-0.8135414066660555
-1.7146462187755636,-0.5357863022632652,-0.4123075044971384
-0.49190038402433434,-0.6024032054610833,0.08923487321400798
-0.8780306476299858,-0.7321308590568344,-0.21169055341267984
-0.42754534009005896,-0.8215377554539061,-1.2147753088349726
0.2589084618755433,-1.0669684514458675,-2.3181685397994944
0.02293996744986792,-1.0091169302477623,-1.9169346376305774
-1.1569025046785113,-0.11680104267698806,0.5907772509251543
0.516328637612644,2.6250104468332105,0.6910857264673836
-0.08431843910725746,2.104346756050264,1.3932450552629885
0.23745678056411867,2.7459727184292486,0.8917026775518422
-0.01996339517298284,-0.9039323462512074,-0.8135414066660555
-0.34173861484435897,-0.43410787106659543,0.5907772509251543
-0.19157684566438285,-0.5690947538621742,0.49046877538292505
0.7093937694154702,-0.09751720227761965,0.49046877538292505
-0.38464197746720896,-0.7777108454553415,0.5907772509251543
1.0740723517096964,-0.7128470186574659,-2.117551588715036
-1.328515955169912,0.0006550761191649468,0.9920111530940714
0.8595555385954455,-1.1002769030447765,-1.3150837843772019
0.9882656264639963,-0.10102335507750482,-0.6129244555815969
1.0311689890868463,-0.6900570254582123,-2.017243113172807
-0.8994823289414104,-0.6234401222603942,-0.011073602328221294
-0.7064171971385851,-0.6795385670585569,0.49046877538292505
-0.8994823289414104,-0.767192387055686,0.08923487321400798
0.8166521759725955,-1.077486909845523,-2.117551588715036
-0.1701251643529582,-0.9319815686502887,-1.2147753088349726
-1.7146462187755636,-0.20620793907405974,0.2898518242984665
1.2242341208896717,-0.2412694670729114,-0.11138207787045057
-1.736097900086989,1.7502253232618619,-0.6129244555815969
-0.2344802082872336,-0.9337346450502313,-1.2147753088349726
0.38761854974409404,0.06201275011715532,-0.6129244555815969
-0.8136756036957105,-0.4428732530663083,1.2929365797207593
1.2242341208896717,-0.42358941266693995,-0.11138207787045057
1.1813307582668218,-0.6620078030591311,-2.4184770153417237
1.0955240330211218,-0.2588002310723372,-0.5126159800393677
-0.7064171971385851,-0.7496616230562602,-0.011073602328221294
2.1681080985923753,-0.6462301154596478,-1.716317686546119
-1.7146462187755636,3.484017882805076,1.19262810417853
-0.49190038402433434,-0.7356370118567195,0.2898518242984665
0.32326350580981866,2.4321720428395266,1.3932450552629885
0.3018118244983933,-0.9635369438492553,-2.2178600642572652
-3.1090055040181936,0.2706288417103226,0.8917026775518422
0.2160050992526933,-0.2097140918739449,0.2898518242984665
1.0955240330211218,-0.29561483547113143,-0.5126159800393677
-0.6635138345157351,-0.8285500610536763,0.6910857264673836
-0.9209340102528358,-0.7286247062569492,0.7913942020096129
0.8595555385954455,0.27413499451020773,0.6910857264673836
0.7093937694154702,-1.0178823122474752,-2.117551588715036
-0.3202869335329336,-0.8899077350516668,-0.21169055341267984
0.9024589012182955,2.7599973296287894,0.3901602998406958
1.1169757143325463,0.46171416930406406,0.5907772509251543
0.7952004946611702,-0.2307510086732559,-0.6129244555815969
-2.336744976806891,-0.06946797987853834,0.9920111530940714
0.9239105825297209,0.64228103849815,0.6910857264673836
-2.6585201964782668,-0.2097140918739449,-0.8135414066660555
-0.7493205597614351,-0.7969946858547099,0.6910857264673836
0.9453622638411455,1.753731476061747,0.5907772509251543
0.9239105825297209,0.22329577891187288,0.3901602998406958
0.1945534179412679,1.254104702078111,1.2929365797207593
0.9453622638411455,0.10759273651566245,-0.11138207787045057
0.5806836815469194,-1.107289208644547,-1.6160092110038897
0.6664904067926202,-1.0178823122474752,-1.5157007354616603
0.5592320002354948,0.1040865837157773,0.2898518242984665
1.4387509340039233,-0.733883935456777,-2.2178600642572652
-0.42754534009005896,-0.6795385670585569,-0.11138207787045057
0.5592320002354948,-0.9898330898483939,-1.6160092110038897
0.43052191236694404,2.172716735648024,0.6910857264673836
0.516328637612644,0.675589490097059,1.6941704818896763
0.001488286138442538,1.720423024462838,1.6941704818896763
-0.6420621532043097,-0.926722339450461,0.2898518242984665
-0.12722180173010822,-0.9179569574507481,-0.4123075044971384
-0.8994823289414104,-0.725118553457064,1.3932450552629885
2.1252047359695245,-0.6742793378587292,-1.716317686546119
0.7737488133497455,-1.010870006647705,-2.3181685397994944
-0.19157684566438285,-0.7303777826568918,-0.3119990289549091
0.7737488133497455,0.1899873273129638,0.08923487321400798
-0.38464197746720896,-0.8040069914544802,-0.7132329311238262
-0.34173861484435897,-0.5287739966634949,0.5907772509251543
0.7737488133497455,-1.073980757045638,-2.2178600642572652
-0.5348037466471843,0.07253120851681082,1.4935535308052177
-0.7922239223842851,2.4742458764381485,0.6910857264673836
-1.6288394935298636,1.250598549278226,1.2929365797207593
-1.1139991420556612,-0.6059093582609685,1.5938620063474471
-0.6635138345157351,-0.3850217318682031,1.19262810417853
-0.3202869335329336,-0.8127723734541932,-0.011073602328221294
1.910687922855274,-0.6585016502592459,-2.4184770153417237
0.7952004946611702,0.058506597317270155,-0.11138207787045057
0.43052191236694404,-1.0354130762469012,-1.5157007354616603
0.10874669269556791,1.888718358857326,1.2929365797207593
-1.0925474607442367,0.47223262770371954,-0.6129244555815969
-0.19157684566438285,0.1619381049138825,0.3901602998406958
-2.5727134712325666,-0.14835641787595452,-0.011073602328221294
-0.5562554279586097,-0.37976250266837536,1.2929365797207593
-0.3202869335329336,0.2986780641094039,0.5907772509251543
0.8381038572840201,0.23381423731152837,-0.6129244555815969
1.8463328789209994,-0.8513400542529299,-2.2178600642572652
0.6021353628583448,0.4143811065056143,0.49046877538292505
0.23745678056411867,0.07603736131669597,-0.6129244555815969
-0.34173861484435897,0.08480274331640889,1.19262810417853
2.06084969203525,-0.8022539150545377,-1.6160092110038897
-0.3631902961557836,2.3024443892437754,1.2929365797207593
2.0823013733466755,-0.595390899861313,-2.017243113172807
-0.49190038402433434,0.25134500131095416,0.3901602998406958
-0.49190038402433434,-1.0301538470470732,-0.3119990289549091
1.5460093405610487,-0.788229303854997,-1.9169346376305774
0.34471518712124405,0.25309807771089676,0.6910857264673836
-0.6420621532043097,-0.08173951467813641,1.4935535308052177
1.1384273956439717,0.9455632556882166,1.0923196286363006
-2.2294865702497653,0.3372457449081407,0.49046877538292505
0.43052191236694404,0.3407518977080259,-0.11138207787045057
0.8595555385954455,0.5756641353003319,-0.011073602328221294
-0.6849655158271597,0.9350447972885612,-0.3119990289549091
-2.980295416149643,-0.7198593242572363,-0.011073602328221294
0.8810072199068709,-0.18517102227474874,0.49046877538292505
0.7308454507268948,1.44343695327191,0.18954334875623724
-1.7790012627098388,-0.36223173866894953,0.49046877538292505
-1.4143226804156128,-0.8197846790539635,-0.21169055341267984
0.7093937694154702,0.8456379008914895,0.9920111530940714
0.23745678056411867,1.3925977376735752,0.8917026775518422
-1.0067407354985358,0.2320611609115858,0.5907772509251543
0.4948769563012194,-0.09927027867756223,-0.21169055341267984
-1.0281924168099612,-0.3587255858690644,0.9920111530940714
-0.6635138345157351,-0.6795385670585569,1.0923196286363006
-0.7493205597614351,-0.670773185058844,-0.21169055341267984
0.7952004946611702,0.4108749537057292,-0.11138207787045057
0.8810072199068709,2.635528905232866,0.7913942020096129
0.9882656264639963,-0.5094901562641264,-1.2147753088349726
0.08729501138414254,-0.7110939422575234,-0.21169055341267984
0.001488286138442538,2.2849136252443496,1.2929365797207593
2.23246314252665,-0.8180316026540209,-2.4184770153417237
-2.8515853282810926,-0.7777108454553415,0.5907772509251543
1.2885891648239471,-0.8986731170513796,-2.3181685397994944
-0.14867348304153283,-0.6041562818610259,1.19262810417853
0.6021353628583448,1.1629447292810968,1.5938620063474471
-0.7278688784500097,-0.5620824482624039,0.5907772509251543
-0.19157684566438285,0.5213187669021119,0.08923487321400798
-0.8136756036957105,-0.670773185058844,0.08923487321400798
-0.06286675779583284,1.4837577104705895,0.5907772509251543
0.9239105825297209,0.20576501491244706,0.3901602998406958
-0.2130285269758082,-0.8005008386545951,0.3901602998406958
-0.2344802082872336,-0.7759577690553989,0.6910857264673836
0.8381038572840201,0.5160595377022841,0.49046877538292505
0.6450387254811948,-1.1002769030447765,-1.1144668332927432
1.2885891648239471,0.025198145718361094,-0.011073602328221294
-0.01996339517298284,0.8824525052902837,0.6910857264673836
-1.9935180758240896,3.243846416012942,0.3901602998406958
-0.6849655158271597,-0.7619331578558582,-0.5126159800393677
1.245685802201097,-0.1220602718768158,-0.9138498822082848
-0.2988352522215082,-0.6900570254582123,0.08923487321400798
-1.8004529440212635,0.11460504211543278,-0.21169055341267984
0.47342527498979403,2.2603705556451534,0.9920111530940714
-0.9852890541871112,-0.051937215879112514,1.4935535308052177
-0.2988352522215082,-0.733883935456777,-1.2147753088349726
-1.6073878122184382,-0.29386175907118883,0.49046877538292505
-0.3202869335329336,-0.896920040651437,-0.11138207787045057
0.02293996744986792,-0.8005008386545951,-0.6129244555815969
-1.2212575486127866,-0.6672670322589588,0.9920111530940714
-0.14867348304153283,-0.6777854906586144,-0.4123075044971384
0.47342527498979403,2.72668887802988,0.6910857264673836
1.3100408461353725,-0.19744255707434683,-0.8135414066660555
-0.6635138345157351,0.37406034930693494,1.5938620063474471
0.5806836815469194,1.8501506780585892,0.3901602998406958
-2.958843734838218,-0.42183633626699735,1.3932450552629885
-1.049644098121386,-0.6181808930605666,0.9920111530940714
0.4519735936783694,-0.02213491708008862,0.18954334875623724
1.1598790769553964,1.531090773269039,0.5907772509251543
0.2160050992526933,2.8143426980270094,0.8917026775518422
1.1384273956439717,0.29517191130951875,-0.3119990289549091
-0.47044870271290895,-0.7864762274550544,-0.5126159800393677
0.7952004946611702,0.012926610918763022,0.49046877538292505
1.3743958900696471,0.11285196571549021,0.6910857264673836
-0.6635138345157351,-0.4060586486675141,1.4935535308052177
-0.9209340102528358,0.2303080845116432,-0.5126159800393677
-1.4572260430384627,2.72668887802988,0.49046877538292505
-0.2344802082872336,-0.07122105627848092,0.49046877538292505
0.7093937694154702,-0.3709971206686625,-1.415392259919431
-0.38464197746720896,-1.0091169302477623,-1.415392259919431
1.2027824395782472,-0.8443277486531596,-2.4184770153417237
-0.6849655158271597,-0.3447009746695237,1.4935535308052177
1.1384273956439717,0.44067725250475304,1.0923196286363006
1.1169757143325463,0.42840571770515495,0.18954334875623724
-1.0067407354985358,-0.53228014946338,1.6941704818896763
0.6879420881040448,0.08129659051652373,0.08923487321400798
0.3018118244983933,1.2383270144786278,1.19262810417853
-0.1701251643529582,0.2706288417103226,0.9920111530940714
-0.7278688784500097,-0.34996020386935145,0.9920111530940714
-2.7872302843468173,0.17245656331353798,1.3932450552629885
1.1169757143325463,-0.8215377554539061,-1.8166261620883482
-0.8780306476299858,-0.7181062478572937,-0.5126159800393677
1.2027824395782472,0.17245656331353798,0.18954334875623724
1.1813307582668218,-0.5866255178616001,-1.415392259919431
0.5592320002354948,-0.1220602718768158,0.3901602998406958
0.9024589012182955,-0.17640564027503586,-0.4123075044971384
1.6103643844953233,-0.6357116570599923,-2.2178600642572652
0.8595555385954455,-1.0248946178472456,-2.2178600642572652
0.38761854974409404,0.4845041625033176,0.6910857264673836
0.38761854974409404,1.045488610484944,0.9920111530940714
0.9668139451525709,-0.9372407978501165,-2.2178600642572652
1.3743958900696471,-0.7864762274550544,-1.3150837843772019
1.1169757143325463,-0.1904302514745765,-1.2147753088349726
-0.6849655158271597,-0.8390685194533318,0.6910857264673836
0.34471518712124405,0.5616395241007912,0.08923487321400798
-1.564484449595588,1.7940522332604265,0.9920111530940714
-0.01996339517298284,-0.9284754158504036,0.5907772509251543
-0.34173861484435897,-0.7777108454553415,0.6910857264673836
0.43052191236694404,0.4389241761048105,0.5907772509251543
-0.513352065335759,-0.8583523598527003,-0.9138498822082848
-0.19157684566438285,-0.7899823802549396,-1.1144668332927432
-0.08431843910725746,1.5924484472670295,0.6910857264673836
0.36616686843266866,1.3189685288759867,1.5938620063474471
-0.5348037466471843,-0.19919563347428942,1.19262810417853
0.7952004946611702,0.8070702200927528,0.2898518242984665
-0.6635138345157351,-0.6935631782580975,-0.11138207787045057
0.32326350580981866,0.053247368117442406,-0.21169055341267984
-2.958843734838218,0.09532120171606438,-0.21169055341267984
-0.01996339517298284,-0.7742046926554563,-0.5126159800393677
0.08729501138414254,-0.8899077350516668,-0.21169055341267984
-0.9852890541871112,-0.050184139479169936,1.0923196286363006
1.910687922855274,-0.7847231510551118,-1.5157007354616603
0.7522971320383202,0.36003573810739425,0.49046877538292505
1.4387509340039233,-0.830303137453619,-2.2178600642572652
0.06584333007271792,1.539856155268752,0.6910857264673836
-0.38464197746720896,-0.7303777826568918,0.2898518242984665
-0.9209340102528358,-0.6339585806600497,-0.5126159800393677
-0.01996339517298284,-1.1143015142443173,-2.2178600642572652
0.8381038572840201,0.28465345290986327,0.7913942020096129
1.0955240330211218,-0.24652869627273913,-0.3119990289549091
-1.2212575486127866,1.4416838768719675,-0.8135414066660555
0.7308454507268948,-1.052943840246327,-1.415392259919431
0.8381038572840201,0.1707034869135954,0.8917026775518422
0.02293996744986792,-0.5690947538621742,-0.7132329311238262
2.06084969203525,-0.7619331578558582,-1.415392259919431
-1.1783541859899367,0.7509717752945901,1.19262810417853
0.9882656264639963,-0.3972932666678012,-0.11138207787045057
0.7308454507268948,1.4942761688702448,0.7913942020096129
-1.6931945374641382,1.9711129496546274,0.3901602998406958
-2.894488690903943,-0.14485026507606938,1.5938620063474471
0.4519735936783694,0.07077813211686823,0.3901602998406958
0.02293996744986792,-1.0213884650473604,-1.6160092110038897
-0.2773835709100836,0.05675352091732758,1.0923196286363006
-1.1139991420556612,-0.47968785746510256,1.0923196286363006
0.9453622638411455,1.8448914488587616,0.3901602998406958
0.9453622638411455,0.15667887571405475,0.3901602998406958
0.044391648761292535,-0.8864015822517816,-1.1144668332927432
-0.3202869335329336,2.5075543280370574,-0.6129244555815969
-1.8648079879555388,1.3102031468762738,-0.3119990289549091
-0.7278688784500097,-0.8145254498541358,0.2898518242984665
1.0311689890868463,-0.2640594602721649,0.3901602998406958
-0.08431843910725746,2.372567445241479,0.6910857264673836
-0.40609365877863357,-0.6374647334599349,0.49046877538292505
-0.42754534009005896,-0.6392178098598775,0.2898518242984665
0.8810072199068709,0.007667381718935275,0.18954334875623724
0.10874669269556791,2.3567897576419954,0.5907772509251543
-0.8136756036957105,0.10583966011571987,0.9920111530940714
0.34471518712124405,-1.0389192290467861,-2.3181685397994944
-0.7064171971385851,-0.18517102227474874,1.6941704818896763
-0.5348037466471843,-0.8355623666534467,-0.011073602328221294
0.6664904067926202,-0.2482817726726817,-0.21169055341267984
-0.2130285269758082,-0.9495123326497146,-0.7132329311238262
-1.3928709991041874,1.8238545320594506,0.2898518242984665
-0.2130285269758082,-0.7198593242572363,-0.21169055341267984
1.0740723517096964,2.144667513248943,0.8917026775518422
0.6235870441697694,-1.1037830558446617,-2.117551588715036
1.1169757143325463,1.0823032148837382,1.0923196286363006
0.6235870441697694,-0.051937215879112514,0.5907772509251543
0.5377803189240694,-0.3692440442687199,-0.8135414066660555
0.5806836815469194,-1.0301538470470732,-1.415392259919431
0.8381038572840201,0.2881596057097484,0.18954334875623724
0.10874669269556791,0.9788717072871258,0.6910857264673836
0.47342527498979403,-1.0687215278458102,-1.415392259919431
1.1384273956439717,-0.3026271410709018,-0.21169055341267984
-1.1783541859899367,0.6265033508986667,0.2898518242984665
0.6664904067926202,0.002408152519107529,0.2898518242984665
-0.5562554279586097,-0.4060586486675141,1.19262810417853
0.044391648761292535,-0.9319815686502887,-1.3150837843772019
-1.285612592547062,2.966860344822014,0.2898518242984665
0.5806836815469194,0.26712268891043744,0.08923487321400798
0.8810072199068709,1.003414776886322,0.2898518242984665
-0.6635138345157351,-0.7934885330548247,-0.5126159800393677
-2.315293295495466,-0.7198593242572363,1.5938620063474471
-0.38464197746720896,0.20050578571261932,0.9920111530940714
0.08729501138414254,-1.010870006647705,-1.415392259919431
-0.38464197746720896,2.170963659248082,0.9920111530940714
-3.0661021413953433,0.48976339170314537,-0.9138498822082848
-0.47044870271290895,-0.7146000950574085,0.3901602998406958
0.06584333007271792,-0.9302284922503461,-1.3150837843772019
0.516328637612644,0.1899873273129638,0.08923487321400798
0.8810072199068709,-1.0459315346465565,-1.8166261620883482
0.5377803189240694,2.670590433231718,0.9920111530940714
-0.47044870271290895,-0.872376971052241,0.18954334875623724
0.1945534179412679,-0.9740554022489107,-1.716317686546119
0.34471518712124405,2.463727418038493,1.4935535308052177
-0.7707722410728605,0.016432763718648186,1.6941704818896763
-0.3631902961557836,-0.565588601062289,-0.6129244555815969
-0.5348037466471843,1.3592892860746661,0.9920111530940714
0.1516500553184179,-1.0757338334455804,-1.716317686546119
-0.2344802082872336,1.8063237680600248,-0.8135414066660555
0.5806836815469194,1.1138585900827045,0.08923487321400798
-0.2988352522215082,-0.8618585126525854,-1.014158357750514
1.3743958900696471,-0.3341825162698682,-0.9138498822082848
0.8166521759725955,0.5020349265027434,0.2898518242984665
0.9882656264639963,-0.35346635666923665,-0.11138207787045057
-0.01996339517298284,-0.9652900202491977,-0.7132329311238262
1.0311689890868463,-0.6444770390597052,-0.6129244555815969
0.6664904067926202,-1.010870006647705,-1.3150837843772019
-1.7790012627098388,0.030457374918188843,0.49046877538292505
-2.7657786030353924,-0.22549177947342813,1.5938620063474471
0.001488286138442538,-0.8285500610536763,0.49046877538292505
1.0311689890868463,-0.6760324142586718,-1.2147753088349726
-0.1701251643529582,-0.9197100338506906,-1.3150837843772019
-0.6849655158271597,-0.8408215958532744,0.08923487321400798
-0.3202869335329336,-0.7952416094547673,0.18954334875623724
-0.04141507648440746,-0.8232908318538487,0.08923487321400798
1.9750429667895502,-0.7373900882566621,-1.8166261620883482
0.28036014318696867,-1.1002769030447765,-1.9169346376305774
-2.5512617899211416,-0.2588002310723372,-0.5126159800393677
-0.2344802082872336,-0.276330995071763,1.0923196286363006
0.47342527498979403,-0.0536902922790551,0.6910857264673836
-0.2559318895986582,-0.4411201766663657,0.2898518242984665
0.06584333007271792,-1.052943840246327,-2.2178600642572652
1.2671374835125218,0.537096454501595,0.49046877538292505
1.3529442087582224,0.05675352091732758,0.5907772509251543
0.08729501138414254,-0.7146000950574085,-0.6129244555815969
-0.2130285269758082,-0.5235147674636671,0.49046877538292505
-0.34173861484435897,-0.9828207842486236,-0.6129244555815969
0.23745678056411867,-1.0687215278458102,-1.415392259919431
-0.7922239223842851,0.9928963184866664,1.5938620063474471
-1.9935180758240896,-0.13783795947629904,0.9920111530940714
-0.10577012041868285,-0.36573789146883473,-0.4123075044971384
-0.04141507648440746,-0.7531677758561454,0.3901602998406958
-0.7278688784500097,-0.8373154430533893,0.08923487321400798
1.331492527446797,-0.09401104947773449,0.3901602998406958
1.0955240330211218,-0.6392178098598775,-1.9169346376305774
0.5592320002354948,-0.9547715618495423,-2.4184770153417237
0.6021353628583448,1.6906207256638142,1.2929365797207593
-1.5001294056613128,-0.2675656130720501,-0.9138498822082848
0.34471518712124405,0.21453039691215997,0.2898518242984665
-0.3202869335329336,-0.6812916434584995,0.6910857264673836
-0.44899702140148434,-0.9126977282509203,-0.11138207787045057
0.7737488133497455,-0.47618170466521736,-0.8135414066660555
1.052620670398271,0.898230192889767,0.7913942020096129
-1.6931945374641382,-0.318404828670385,0.3901602998406958
1.3529442087582224,-0.5410455314630929,-1.9169346376305774
1.503105977938198,-0.6883039490582699,-1.1144668332927432
0.8381038572840201,1.4486961824717377,0.18954334875623724
-1.1139991420556612,-0.04492491027934219,1.5938620063474471
0.5806836815469194,0.15492579931411218,0.08923487321400798
1.3958475713810725,-0.18341794587480617,-0.11138207787045057
1.1598790769553964,-0.19744255707434683,-0.11138207787045057
1.3743958900696471,-0.19744255707434683,-0.9138498822082848
-0.34173861484435897,-0.21847947387365782,0.5907772509251543
-0.513352065335759,-0.34294789826958116,0.7913942020096129
-0.5348037466471843,-0.5550701426626335,-0.11138207787045057
0.9882656264639963,-0.14485026507606938,-0.3119990289549091
0.7093937694154702,-0.006357229480605382,0.6910857264673836
-0.3202869335329336,-0.8390685194533318,-1.415392259919431
-1.564484449595588,-0.17640564027503586,1.3932450552629885
0.7952004946611702,1.301437764876561,0.6910857264673836
-0.34173861484435897,-0.9232161866505758,-1.3150837843772019
-0.6849655158271597,-0.3850217318682031,0.5907772509251543
1.052620670398271,-0.767192387055686,-2.017243113172807
-2.4654550646754414,0.15492579931411218,-0.6129244555815969
-0.2344802082872336,-0.8162785262540783,-0.3119990289549091
-0.6635138345157351,-0.6655139558590163,1.0923196286363006
0.9239105825297209,0.2022588621125619,-0.11138207787045057
-1.0067407354985358,-0.29561483547113143,1.0923196286363006
-1.9506147132012397,2.670590433231718,-0.7132329311238262
0.7952004946611702,0.4354180233049253,1.2929365797207593
-2.2723899328726156,0.7632433100941881,0.6910857264673836
0.7737488133497455,0.1812219453132509,-0.11138207787045057
0.9668139451525709,0.7246756292954514,0.3901602998406958
-0.47044870271290895,-0.8267969846537339,-0.7132329311238262
-1.9291630318898143,2.225309027646302,0.08923487321400798
-0.49190038402433434,-0.6146747402606814,1.19262810417853
0.1516500553184179,3.0983410748177076,1.2929365797207593
-2.7657786030353924,0.2583573069107245,-0.11138207787045057
-0.04141507648440746,-1.0196353886474179,-0.9138498822082848
-1.6717428561527135,-0.6777854906586144,1.0923196286363006
-0.38464197746720896,-0.6444770390597052,0.18954334875623724
0.4948769563012194,-1.073980757045638,-1.8166261620883482
-0.7064171971385851,-0.6725262614587866,-0.11138207787045057
0.9668139451525709,0.23381423731152837,0.08923487321400798
-0.42754534009005896,-0.5463047606629207,-0.011073602328221294
-2.8730370095925175,-0.5726009066620594,1.0923196286363006
-0.5562554279586097,-0.8828954294518965,-0.4123075044971384
-2.915940372215368,-0.5550701426626335,-0.011073602328221294
0.6664904067926202,-0.19568948067440425,-0.9138498822082848
0.1516500553184179,-0.21497332107377265,0.18954334875623724
0.8381038572840201,-0.018628764280203457,-0.5126159800393677
-1.4357743617270373,-0.5340332258633226,1.5938620063474471
-0.38464197746720896,-0.5182555382638393,-0.11138207787045057
-0.38464197746720896,2.374320521641421,-0.9138498822082848
0.06584333007271792,2.891478059624483,1.3932450552629885
-0.5991587905814597,-0.4376140238664806,1.0923196286363006
0.001488286138442538,-0.7198593242572363,-0.4123075044971384
-2.358196658118316,0.44067725250475304,0.49046877538292505
-0.34173861484435897,-0.7233654770571215,0.2898518242984665
0.8381038572840201,-0.37976250266837536,-1.3150837843772019
-0.7922239223842851,0.1426542645145141,0.8917026775518422
0.8166521759725955,-0.08524566747802158,-0.21169055341267984
-1.650291174841288,2.72668887802988,-0.6129244555815969
-0.38464197746720896,-0.6374647334599349,-0.4123075044971384
0.6021353628583448,-1.0617092222460398,-2.017243113172807
0.10874669269556791,2.3445182228423973,1.2929365797207593
-1.7790012627098388,-0.3482071274694089,1.19262810417853
0.8166521759725955,-0.2798371478716482,-1.3150837843772019
1.052620670398271,0.4809980097034324,0.49046877538292505
0.8810072199068709,1.4837577104705895,1.0923196286363006
-0.19157684566438285,-0.036159528279629274,1.0923196286363006
0.9024589012182955,-1.0143761594475902,-1.9169346376305774
-0.34173861484435897,-0.43410787106659543,0.08923487321400798
-2.915940372215368,-0.3324294398699256,0.2898518242984665
-0.6849655158271597,-0.7005754838578679,0.5907772509251543
-2.6585201964782668,-0.3289232870700405,1.3932450552629885
0.7737488133497455,-0.011616458680433128,0.18954334875623724
0.4519735936783694,0.1409011881145715,0.2898518242984665
-0.3202869335329336,-0.7356370118567195,0.18954334875623724
0.3018118244983933,0.42840571770515495,0.08923487321400798
1.0311689890868463,0.8877117344901115,0.2898518242984665
-0.1701251643529582,-0.5918847470614278,0.2898518242984665
0.6450387254811948,1.5416092316686947,0.18954334875623724
-0.14867348304153283,-0.7198593242572363,-0.3119990289549091
-2.6585201964782668,0.24433269571118385,-0.6129244555815969
0.5377803189240694,-1.0722276806456954,-1.1144668332927432
-2.6585201964782668,-0.3552194330691792,0.08923487321400798
1.1384273956439717,0.37581342570687754,0.6910857264673836
-0.513352065335759,-0.36398481506889213,0.2898518242984665
0.044391648761292535,-0.8951669642514946,-1.2147753088349726
-0.513352065335759,-0.9758084786488532,-0.6129244555815969
1.052620670398271,-0.40956480146739926,-0.11138207787045057
0.6879420881040448,2.421653584439871,0.49046877538292505
-0.3631902961557836,-0.6795385670585569,-0.11138207787045057
-0.14867348304153283,-0.9600307910493701,-0.7132329311238262
0.5377803189240694,-0.04317183387939961,-0.7132329311238262
-1.5430327682841627,0.503788002902686,1.3932450552629885
-0.40609365877863357,-0.8530931306528725,-0.11138207787045057
0.5806836815469194,-0.10803566067727514,0.2898518242984665
0.10874669269556791,-1.010870006647705,-2.3181685397994944
0.6021353628583448,0.7246756292954514,0.6910857264673836
0.516328637612644,1.7309414828624934,1.3932450552629885
-0.14867348304153283,2.2270621040462446,-0.7132329311238262
0.8166521759725955,-1.0932645974450064,-1.9169346376305774
0.38761854974409404,-1.0704746042457527,-1.5157007354616603
1.1384273956439717,0.24082654291129868,-0.6129244555815969
-2.336744976806891,0.16369118131382507,1.0923196286363006
-0.2773835709100836,-0.4130709542672844,1.2929365797207593
1.331492527446797,-0.5550701426626335,-2.3181685397994944
0.9239105825297209,0.0444819861177295,0.6910857264673836
0.7522971320383202,-0.2886025298713611,-0.11138207787045057
0.43052191236694404,0.48801031530320277,-0.011073602328221294
-0.49190038402433434,-0.7110939422575234,-0.3119990289549091
-1.7575495813984134,1.5275846204691539,1.3932450552629885
-0.2773835709100836,-0.8110192970542506,1.0923196286363006
0.7308454507268948,-0.4411201766663657,-0.4123075044971384
-1.0925474607442367,-0.372750197068605,1.4935535308052177
1.1384273956439717,-0.565588601062289,-1.1144668332927432
-0.1701251643529582,2.8546634552256887,0.5907772509251543
-1.736097900086989,-0.6041562818610259,0.6910857264673836
0.1516500553184179,-0.1606279526755526,-0.5126159800393677
-2.7872302843468173,-0.3306763634699831,0.18954334875623724
-2.637068515166842,0.25485115411083936,-0.8135414066660555
-0.40609365877863357,-0.5620824482624039,0.18954334875623724
0.47342527498979403,0.04097583331784434,0.6910857264673836
0.044391648761292535,-0.9845738606485662,-2.4184770153417237
-0.8351272850071351,-0.6970693310579827,0.5907772509251543
-1.6288394935298636,-0.4551447878659064,0.18954334875623724
-1.1139991420556612,-0.33944174546969597,0.7913942020096129
-0.40609365877863357,-0.8530931306528725,-0.11138207787045057
1.2242341208896717,-0.3955401902678586,0.6910857264673836
-0.38464197746720896,-0.7654393106557434,-0.3119990289549091
-0.7278688784500097,-0.7128470186574659,0.5907772509251543
-1.8433563066441143,1.8238545320594506,-0.5126159800393677
0.8166521759725955,0.3302334393083704,0.6910857264673836
-0.34173861484435897,-0.6409708862598201,0.2898518242984665
1.8892362415438486,-0.5778601358618871,-1.6160092110038897
0.7737488133497455,-0.09050489667784932,-0.8135414066660555
-0.3202869335329336,-0.7391431646566047,0.8917026775518422
1.2027824395782472,-0.04141875747945702,-0.7132329311238262
0.8810072199068709,0.5739110589003893,-0.011073602328221294
-0.7493205597614351,-0.5603293718624613,0.3901602998406958
1.2885891648239471,-0.3201579050703276,-1.2147753088349726
1.3100408461353725,0.3091965225090594,0.49046877538292505
-1.3928709991041874,2.5285912448363685,0.3901602998406958
0.8381038572840201,-0.19568948067440425,-1.1144668332927432
-0.5348037466471843,-0.23601023787308364,1.2929365797207593
-1.1139991420556612,1.4714861756709914,-0.3119990289549091
0.5592320002354948,0.4564549401042363,0.3901602998406958
0.5592320002354948,-0.10102335507750482,0.18954334875623724
-0.1701251643529582,-0.842574672253217,0.6910857264673836
0.6664904067926202,0.058506597317270155,-0.011073602328221294
-0.3202869335329336,-0.9652900202491977,-0.9138498822082848
0.40907023105551865,-0.2588002310723372,0.49046877538292505
-0.3631902961557836,-0.5796132122618297,-0.011073602328221294
1.1384273956439717,-0.8145254498541358,-1.716317686546119
-0.9852890541871112,-0.29386175907118883,0.8917026775518422
0.9239105825297209,1.5468684608685224,0.3901602998406958
-1.1139991420556612,0.007667381718935275,-0.6129244555815969
0.5806836815469194,1.6012138292667424,0.7913942020096129
1.0955240330211218,0.47223262770371954,0.5907772509251543
-0.38464197746720896,-0.9582777146494275,-0.6129244555815969
-0.1701251643529582,-0.733883935456777,-0.5126159800393677
0.08729501138414254,1.8098299208599098,0.8917026775518422
-0.3202869335329336,-0.7356370118567195,0.7913942020096129
-0.6635138345157351,0.09707427811600697,0.7913942020096129
-0.7493205597614351,-0.7724516162555137,-0.7132329311238262
0.6235870441697694,-0.2903556062713037,-0.21169055341267984
-2.5512617899211416,-0.0028510766807202173,1.3932450552629885
-0.40609365877863357,-0.9793146314487384,-0.8135414066660555
-0.42754534009005896,-0.6777854906586144,-0.011073602328221294
0.7308454507268948,-0.49020631586475805,-1.2147753088349726
-0.34173861484435897,-0.48845323946481545,0.08923487321400798
0.4519735936783694,0.2495919249110116,0.5907772509251543
-0.10577012041868285,-0.9091915754510351,-1.3150837843772019
-0.5991587905814597,-0.9021792698512648,-0.6129244555815969
2.0823013733466755,-0.8495869778529874,-1.8166261620883482
-0.19157684566438285,-0.6847977962583847,0.08923487321400798
0.9024589012182955,-1.0967707502448913,-1.5157007354616603
1.0740723517096964,-0.8864015822517816,-1.9169346376305774
0.001488286138442538,1.0770439856839102,1.6941704818896763
-2.5083584272982913,-0.11504796627704547,-0.9138498822082848
-0.5562554279586097,-0.8373154430533893,-0.11138207787045057
-1.1354508233670866,2.0289644708527326,-0.3119990289549091
-0.2559318895986582,0.19875270931267672,0.9920111530940714
-0.01996339517298284,-0.9126977282509203,0.3901602998406958
0.1301983740069933,-0.9670430966491403,-1.5157007354616603
-2.8086819656582422,-0.45163863506602125,0.08923487321400798
-0.12722180173010822,0.48801031530320277,0.08923487321400798
0.2589084618755433,1.2768946952773648,1.4935535308052177
-1.2212575486127866,0.22504885531181545,-0.21169055341267984
-0.7064171971385851,0.7825271504935566,1.4935535308052177
-0.5348037466471843,-0.5761070594619445,0.9920111530940714
1.052620670398271,-0.39378711386791604,-0.7132329311238262
0.044391648761292535,-0.9442531034498868,-0.4123075044971384
-0.08431843910725746,2.1884944232475076,1.4935535308052177
-0.2559318895986582,-0.3464540510694663,0.9920111530940714
0.36616686843266866,-0.060702597878825426,0.18954334875623724
-0.38464197746720896,1.308450070476331,1.5938620063474471
-0.19157684566438285,-0.9670430966491403,-0.4123075044971384
2.1681080985923753,-0.6760324142586718,-1.8166261620883482
-0.12722180173010822,-0.32191098147027014,0.9920111530940714
0.9024589012182955,0.24082654291129868,0.08923487321400798
0.7952004946611702,-0.21672639747371522,-0.7132329311238262
0.1516500553184179,2.605726606433842,1.2929365797207593
0.1731017366298433,1.9763721788544553,0.6910857264673836
-0.6206104718928843,-0.7181062478572937,0.49046877538292505
0.2160050992526933,1.9237798868561777,1.0923196286363006
-0.10577012041868285,-0.5866255178616001,1.2929365797207593
-1.2212575486127866,-0.7110939422575234,0.08923487321400798
0.1516500553184179,0.4143811065056143,0.7913942020096129
1.245685802201097,-0.5235147674636671,-0.7132329311238262
1.009717307775421,-0.8864015822517816,-2.3181685397994944
-0.6849655158271597,-0.8005008386545951,0.3901602998406958
-0.5562554279586097,0.19699963291273415,1.19262810417853
0.044391648761292535,-1.1125484378443746,-2.4184770153417237
-0.34173861484435897,-0.8741300474521835,-1.1144668332927432
1.2671374835125218,-0.5340332258633226,-0.21169055341267984
0.47342527498979403,0.0006550761191649468,0.5907772509251543
1.2671374835125218,-0.6812916434584995,-2.117551588715036
1.245685802201097,0.3144557517088871,0.3901602998406958
0.516328637612644,1.5030415508699577,1.6941704818896763
-2.336744976806891,-0.08173951467813641,-0.3119990289549091
-0.7064171971385851,-0.5971439762612556,1.5938620063474471
0.6235870441697694,0.025198145718361094,-1.1144668332927432
-0.8565789663185605,0.0637658265170979,0.7913942020096129
1.417299252692498,-0.5200086146637819,-2.117551588715036
-0.5777071092700343,-0.6953162546580401,-0.11138207787045057
0.2589084618755433,-0.9179569574507481,-1.5157007354616603
0.6879420881040448,0.09181504891617921,0.3901602998406958
0.7308454507268948,-1.0687215278458102,-1.3150837843772019
0.8166521759725955,-0.03966568107951444,0.2898518242984665
0.1516500553184179,-0.9530184854495997,-2.2178600642572652
1.2885891648239471,-0.7636862342558008,-2.4184770153417237
0.7093937694154702,-0.3867748082681457,-0.3119990289549091
1.1598790769553964,-0.5796132122618297,-2.3181685397994944
-0.40609365877863357,-0.9021792698512648,-0.011073602328221294
0.5806836815469194,0.2723819181102652,0.3901602998406958
-0.5348037466471843,0.32322113370860006,0.5907772509251543
-0.49190038402433434,-0.5936378234613704,1.0923196286363006
1.2671374835125218,-0.6549954974593608,-1.5157007354616603
1.052620670398271,1.1559324236813266,0.9920111530940714
1.0740723517096964,2.523332015636541,0.8917026775518422
-1.9291630318898143,2.442690501239182,0.18954334875623724
-0.3202869335329336,-0.6041562818610259,0.49046877538292505
-2.8730370095925175,0.23732039011141354,0.6910857264673836
0.7952004946611702,0.28465345290986327,0.3901602998406958
-0.06286675779583284,-1.1090422850444894,-1.1144668332927432
-0.5777071092700343,-0.6812916434584995,0.49046877538292505
-1.9720663945126642,-0.3482071274694089,0.3901602998406958
-0.5777071092700343,-0.5094901562641264,1.2929365797207593
-1.6717428561527135,-0.5217616910637245,0.3901602998406958
-0.7064171971385851,-0.8548462070528151,0.2898518242984665
0.5592320002354948,-1.0494376874464417,-2.117551588715036
0.2589084618755433,0.3372457449081407,0.3901602998406958
-0.14867348304153283,-0.9021792698512648,-1.1144668332927432
-0.38464197746720896,-0.8513400542529299,0.49046877538292505
0.7093937694154702,-0.4972186214645284,-0.7132329311238262
-0.9638373728756858,-0.7391431646566047,-0.6129244555815969
-1.1139991420556612,-0.6076624346609111,0.6910857264673836
-0.7707722410728605,-0.16588718187538035,1.5938620063474471
0.06584333007271792,1.5468684608685224,-0.7132329311238262
2.1895597799038007,-0.7356370118567195,-1.2147753088349726
-0.6635138345157351,0.037469680517959174,0.9920111530940714
-0.5348037466471843,-0.9144508046508629,-0.11138207787045057
0.43052191236694404,3.431425590806798,0.6910857264673836
-0.34173861484435897,-0.9933392426482791,-0.3119990289549091
0.5592320002354948,-0.07122105627848092,0.08923487321400798
-1.1569025046785113,0.011173534518820439,1.6941704818896763
-0.6420621532043097,-0.6900570254582123,0.2898518242984665
-0.3202869335329336,-0.7601800814559156,0.08923487321400798
1.0740723517096964,-0.6234401222603942,-1.5157007354616603
-0.08431843910725746,-1.0511907638463842,-1.3150837843772019
1.2027824395782472,-0.32191098147027014,-0.5126159800393677
0.28036014318696867,1.55212769006835,1.3932450552629885
0.5806836815469194,2.2516051736454408,0.3901602998406958
-0.14867348304153283,-0.7496616230562602,-0.6129244555815969
-0.08431843910725746,2.186741346847565,0.7913942020096129
1.1384273956439717,-0.8040069914544802,-2.3181685397994944
0.8810072199068709,-0.034406451879686696,0.8917026775518422
-2.4654550646754414,0.24257961931124128,-0.4123075044971384
0.2589084618755433,0.11285196571549021,-0.3119990289549091
0.8381038572840201,2.0429890820522734,0.2898518242984665
0.4948769563012194,0.1899873273129638,0.6910857264673836
-0.9852890541871112,1.9676067968547422,1.4935535308052177
-3.023198778772493,0.58793567009993,1.2929365797207593
1.2027824395782472,-0.22549177947342813,-0.3119990289549091
-1.3928709991041874,2.8301203856264925,0.8917026775518422
0.6235870441697694,1.2979316120766757,0.08923487321400798
1.0740723517096964,0.3389988213080833,0.2898518242984665
-0.40609365877863357,-0.7058347130576956,0.49046877538292505
0.34471518712124405,-1.119560743444145,-1.3150837843772019
-0.10577012041868285,-0.9933392426482791,-0.11138207787045057
-0.42754534009005896,-0.8601054362526429,-1.2147753088349726
-0.1701251643529582,-0.9389938742500591,-0.6129244555815969
0.001488286138442538,2.526838168436426,1.5938620063474471
-0.3631902961557836,-0.5568232190625761,0.08923487321400798
0.4519735936783694,0.36178881450733685,0.08923487321400798
-0.8565789663185605,-0.5866255178616001,0.5907772509251543
-0.513352065335759,-0.9004261934513222,-0.7132329311238262
-0.513352065335759,-0.649736268259533,0.6910857264673836
0.06584333007271792,-0.8986731170513796,-0.9138498822082848
-2.014969757135514,-0.20445486267411717,-0.7132329311238262
-0.38464197746720896,0.4809980097034324,0.9920111530940714
0.5592320002354948,2.425159737239756,0.7913942020096129
1.1598790769553964,0.3372457449081407,0.6910857264673836
-1.907711350578389,0.22680193171175803,0.8917026775518422
1.3529442087582224,-0.08875182027790673,-0.11138207787045057
1.009717307775421,1.2821539244771925,0.18954334875623724
-0.47044870271290895,-0.6339585806600497,0.18954334875623724
0.2160050992526933,2.9230334348234495,0.7913942020096129
0.8810072199068709,1.741459941262149,1.0923196286363006
0.4519735936783694,0.17245656331353798,0.6910857264673836
0.5377803189240694,1.560893072068063,0.08923487321400798
0.38761854974409404,-1.0704746042457527,-1.8166261620883482
-0.6206104718928843,0.3968503425061885,1.5938620063474471
-0.8780306476299858,-0.6900570254582123,-0.11138207787045057
0.8166521759725955,-1.0582030694461546,-1.5157007354616603
0.5377803189240694,0.13564195891474376,-0.11138207787045057
-0.5348037466471843,-0.5988970526611981,0.2898518242984665
0.001488286138442538,-1.0266476942471883,-1.2147753088349726
-0.3202869335329336,-0.8197846790539635,-0.011073602328221294
-0.01996339517298284,2.6460473636325217,0.8917026775518422
-0.06286675779583284,-0.5007247742644135,-0.6129244555815969
0.36616686843266866,0.20751809131238963,0.2898518242984665
-0.44899702140148434,1.8378791432589912,0.18954334875623724
1.0955240330211218,1.3102031468762738,0.08923487321400798
-0.01996339517298284,-0.7742046926554563,-0.8135414066660555
0.02293996744986792,0.9350447972885612,-0.6129244555815969
-2.958843734838218,0.09006197251623663,1.3932450552629885
-0.7707722410728605,-0.051937215879112514,1.5938620063474471
-0.5991587905814597,0.6703302608972314,-0.9138498822082848
-0.6420621532043097,-0.8758831238521261,-0.011073602328221294
0.8166521759725955,0.39334418970630336,-0.4123075044971384
-0.2344802082872336,-0.7969946858547099,0.3901602998406958
1.052620670398271,-0.7321308590568344,-2.117551588715036
0.5592320002354948,0.02695122211830368,-0.6129244555815969
-1.5001294056613128,-0.1518625706758397,1.3932450552629885
0.8810072199068709,-0.414824030667227,-0.8135414066660555
-0.6420621532043097,-0.5638355246623465,0.6910857264673836
0.8381038572840201,1.699386107663527,0.2898518242984665
0.5377803189240694,-1.098523826644834,-1.2147753088349726
-1.8433563066441143,3.1579456724157553,-0.11138207787045057
-1.371419317792762,-0.4551447878659064,1.5938620063474471
0.9668139451525709,-0.18341794587480617,-1.014158357750514
1.9535912854781248,-0.7514146994562028,-2.017243113172807
0.5806836815469194,0.22680193171175803,0.6910857264673836
0.001488286138442538,-0.6514893446594756,-0.11138207787045057
-2.679971877789692,-0.2289979322733133,0.3901602998406958
1.5460093405610487,-0.5778601358618871,-2.2178600642572652
0.9882656264639963,-0.25354100187250944,-0.5126159800393677
0.516328637612644,0.08129659051652373,0.2898518242984665
0.7737488133497455,0.5546272185010209,0.9920111530940714
0.8166521759725955,0.2495919249110116,-0.011073602328221294
0.6450387254811948,-0.31139252307061466,-1.2147753088349726
-0.2344802082872336,-0.5077370798641838,0.8917026775518422
0.5806836815469194,1.33474621647547,0.9920111530940714
-0.06286675779583284,-1.0301538470470732,-2.3181685397994944
-0.9638373728756858,-0.5936378234613704,1.2929365797207593
1.8677845602324248,-0.758427005055973,-1.8166261620883482
0.6450387254811948,-1.0406723054467288,-1.8166261620883482
1.2027824395782472,-0.5726009066620594,-0.4123075044971384
0.9239105825297209,-0.034406451879686696,-0.7132329311238262
-0.49190038402433434,-0.9249692630505184,-0.21169055341267984
0.28036014318696867,2.1394082840491153,0.6910857264673836
-0.47044870271290895,-0.9319815686502887,-0.6129244555815969
1.1598790769553964,1.1682039584809247,1.2929365797207593
-0.6420621532043097,0.13213580611485862,0.6910857264673836
-0.6849655158271597,-0.09050489667784932,1.4935535308052177
-0.2130285269758082,-0.3447009746695237,0.08923487321400798
-1.7146462187755636,0.2618634597106097,1.2929365797207593
0.6235870441697694,0.30569036970917424,0.7913942020096129
-0.34173861484435897,-0.3306763634699831,0.6910857264673836
1.8463328789209994,-0.7952416094547673,-1.8166261620883482
-0.19157684566438285,-0.7742046926554563,0.7913942020096129
0.6664904067926202,0.22680193171175803,0.6910857264673836
1.1813307582668218,-0.18517102227474874,0.5907772509251543
-0.5348037466471843,-0.9144508046508629,0.3901602998406958
0.40907023105551865,0.005914305318992693,0.3901602998406958
-0.8565789663185605,-0.7777108454553415,-0.4123075044971384
0.8381038572840201,-0.0536902922790551,-0.4123075044971384
-1.0925474607442367,-0.3324294398699256,0.6910857264673836
-0.44899702140148434,-0.7075877894576382,-0.5126159800393677
0.7093937694154702,-0.04317183387939961,0.6910857264673836
0.38761854974409404,0.19524655651279155,0.6910857264673836
1.503105977938198,-0.725118553457064,-1.1144668332927432
1.3743958900696471,-0.5901316706614852,-1.014158357750514
-0.44899702140148434,-0.9039323462512074,-0.11138207787045057
0.47342527498979403,0.2706288417103226,0.5907772509251543
-0.7493205597614351,-0.6514893446594756,0.6910857264673836
-0.7278688784500097,0.3950972661062459,1.6941704818896763
1.1384273956439717,-0.7531677758561454,-1.9169346376305774
-0.01996339517298284,-0.8285500610536763,-1.014158357750514
0.044391648761292535,-1.0582030694461546,-1.716317686546119
0.5806836815469194,0.2197896261119877,0.08923487321400798
-0.2559318895986582,-0.5392924550631504,0.2898518242984665
0.23745678056411867,-1.0792399862454656,-1.8166261620883482
0.2160050992526933,1.3592892860746661,0.7913942020096129
0.40907023105551865,0.0444819861177295,0.18954334875623724
0.47342527498979403,-1.065215375045925,-2.117551588715036
0.7737488133497455,0.44243032890469564,0.3901602998406958
-0.42754534009005896,-0.15536872347572486,0.5907772509251543
1.331492527446797,0.4231464885053272,0.18954334875623724
-2.8086819656582422,0.19349348011284898,-0.4123075044971384
-0.5991587905814597,-0.7496616230562602,0.18954334875623724
-0.5777071092700343,0.06727197931698306,1.19262810417853
1.4816542966267725,-0.49020631586475805,-2.3181685397994944
-0.38464197746720896,-0.6269462750602794,0.8917026775518422
1.4816542966267725,-0.48670016306487285,-1.415392259919431
-0.47044870271290895,-0.1711464110752081,0.08923487321400798
-0.5348037466471843,-0.9319815686502887,-1.415392259919431
-0.5562554279586097,-0.8390685194533318,0.49046877538292505
-1.8004529440212635,-0.5165024618638968,-0.5126159800393677
0.28036014318696867,-0.1536156470757823,0.2898518242984665
0.8166521759725955,-0.051937215879112514,-0.7132329311238262
0.516328637612644,0.011173534518820439,0.08923487321400798
0.7737488133497455,-0.22373870307348556,-0.9138498822082848
0.7522971320383202,0.14791349371434184,0.6910857264673836
-0.5562554279586097,-0.6690201086589014,0.08923487321400798
-0.7278688784500097,-0.6024032054610833,1.3932450552629885
1.1813307582668218,-0.0028510766807202173,1.19262810417853
1.0955240330211218,0.3389988213080833,-0.3119990289549091
-0.49190038402433434,-0.8285500610536763,0.18954334875623724
-0.7278688784500097,-0.7444023938564325,0.08923487321400798
-0.2559318895986582,-0.5182555382638393,1.2929365797207593
1.009717307775421,-0.3587255858690644,-1.3150837843772019
-0.513352065335759,-0.8005008386545951,-0.11138207787045057
0.6450387254811948,2.6670842804318324,0.6910857264673836
0.38761854974409404,-1.0617092222460398,-1.3150837843772019
0.7522971320383202,0.44243032890469564,0.49046877538292505
0.43052191236694404,0.07603736131669597,-0.011073602328221294
-0.5562554279586097,-0.4937124686646432,0.7913942020096129
0.8595555385954455,1.0717847564840826,0.7913942020096129
-0.8565789663185605,3.1421679848162722,-0.4123075044971384
-2.444003383364016,-0.6742793378587292,-0.011073602328221294
0.38761854974409404,0.22329577891187288,0.6910857264673836
0.8166521759725955,2.470739723638263,0.18954334875623724
-0.8994823289414104,0.4757387805036047,-0.6129244555815969
-0.6206104718928843,-0.6514893446594756,-0.011073602328221294
-0.6206104718928843,-0.6216870458604516,0.6910857264673836
-0.7278688784500097,-0.7373900882566621,0.08923487321400798
0.06584333007271792,1.229561632478915,1.2929365797207593
-1.242709229924212,0.2618634597106097,1.4935535308052177
1.5460093405610487,-0.7146000950574085,-2.017243113172807
1.8677845602324248,-0.884648505851839,-2.4184770153417237
1.0740723517096964,-0.4411201766663657,-0.4123075044971384
0.8381038572840201,-0.27107176587193527,-0.3119990289549091
-0.8351272850071351,0.5546272185010209,1.0923196286363006
0.7737488133497455,-0.036159528279629274,0.49046877538292505
-0.19157684566438285,0.25309807771089676,1.19262810417853
-0.47044870271290895,-0.8618585126525854,-0.8135414066660555
-0.2988352522215082,-0.6812916434584995,0.6910857264673836
-0.44899702140148434,0.780774074093614,0.49046877538292505
0.06584333007271792,2.966860344822014,1.5938620063474471
0.43052191236694404,-0.19744255707434683,0.6910857264673836
0.6450387254811948,-1.086252291845236,-1.8166261620883482
-0.8565789663185605,-0.30963944667067206,0.6910857264673836
-0.14867348304153283,-0.6111685874607962,-0.7132329311238262
-0.6849655158271597,-0.7514146994562028,-0.011073602328221294
-0.47044870271290895,-0.8373154430533893,-0.21169055341267984
-0.2988352522215082,-0.7461554702563751,-0.9138498822082848
1.2671374835125218,-0.07472720907836608,0.18954334875623724
0.40907023105551865,0.7281817820953366,0.8917026775518422
1.0311689890868463,0.01993891651853335,0.5907772509251543
-0.513352065335759,-0.5918847470614278,0.7913942020096129
-0.6635138345157351,-0.7023285602578104,0.08923487321400798
0.6021353628583448,-1.0091169302477623,-1.2147753088349726
1.8034295162981486,-0.691810101858155,-2.2178600642572652
0.38761854974409404,1.8922245116572112,1.0923196286363006
0.6021353628583448,-0.0642087506787106,0.08923487321400798
-0.34173861484435897,-0.6322055042601072,0.2898518242984665
2.1681080985923753,-0.8320562138535615,-2.017243113172807
-0.7278688784500097,-0.1413441122761842,0.9920111530940714
0.1516500553184179,2.7003927320307417,0.6910857264673836
-0.38464197746720896,-0.6251931986603368,0.49046877538292505
-0.513352065335759,-0.6146747402606814,0.2898518242984665
-0.513352065335759,-0.9091915754510351,0.6910857264673836
0.7093937694154702,1.8869652824573835,1.0923196286363006
-0.6420621532043097,-0.7636862342558008,1.5938620063474471
0.8166521759725955,-0.34294789826958116,-1.415392259919431
0.001488286138442538,-0.9425000270499442,-1.1144668332927432
0.7308454507268948,-1.0266476942471883,-1.415392259919431
-0.9423856915642604,-0.2903556062713037,0.6910857264673836
-0.2344802082872336,-1.0371661526468436,-0.4123075044971384
0.6450387254811948,2.1639513536483115,0.18954334875623724
1.1598790769553964,-0.6251931986603368,-2.3181685397994944
0.4519735936783694,0.004161228919050111,0.6910857264673836
-0.3631902961557836,-0.8215377554539061,0.49046877538292505
0.06584333007271792,-1.0143761594475902,-1.415392259919431
-1.1139991420556612,-0.16413410547543777,1.0923196286363006
0.7952004946611702,0.09532120171606438,0.6910857264673836
0.1731017366298433,2.4321720428395266,0.5907772509251543
0.9239105825297209,0.02169199291847593,-0.7132329311238262
-0.2559318895986582,-0.863611589052528,-0.3119990289549091
-0.38464197746720896,-0.7233654770571215,0.2898518242984665
-0.49190038402433434,-0.6024032054610833,0.5907772509251543
0.9453622638411455,0.5651456769006764,1.0923196286363006
-1.242709229924212,1.0349701520852883,-0.11138207787045057
-2.722875240412542,0.1899873273129638,0.3901602998406958
0.08729501138414254,1.9623475676549145,1.0923196286363006
-0.34173861484435897,-0.704081636657753,0.08923487321400798
0.02293996744986792,1.313709299676159,1.4935535308052177
0.4519735936783694,0.34601112690785363,-0.21169055341267984
-0.49190038402433434,-0.42358941266693995,0.9920111530940714
0.40907023105551865,0.07077813211686823,0.6910857264673836
-1.8433563066441143,2.057013693251814,0.3901602998406958
-0.19157684566438285,-0.5603293718624613,1.19262810417853
0.9882656264639963,0.3986034189061311,0.8917026775518422
0.06584333007271792,-1.0091169302477623,-0.9138498822082848
0.6450387254811948,1.4714861756709914,1.2929365797207593
0.5806836815469194,0.30744344610911684,0.49046877538292505
0.7522971320383202,0.35302343250762397,0.49046877538292505
-1.1783541859899367,0.5826764409001022,0.9920111530940714
-1.049644098121386,-0.2658125366721075,1.2929365797207593
0.7093937694154702,1.0209455408857477,1.0923196286363006
0.5806836815469194,-0.22724485587337073,-0.21169055341267984
-0.6635138345157351,0.6931202540964849,1.19262810417853
-2.8730370095925175,-0.3026271410709018,1.5938620063474471
-1.5215810869727382,2.158692124448484,-0.6129244555815969
0.9453622638411455,-0.5340332258633226,-0.11138207787045057
-0.2344802082872336,-0.17640564027503586,0.2898518242984665
-0.3202869335329336,-0.8741300474521835,-1.1144668332927432
-0.5991587905814597,-0.7110939422575234,0.08923487321400798
-0.2559318895986582,-0.28334330067153335,0.08923487321400798
-0.513352065335759,-0.8688708182523558,-0.7132329311238262
-0.2344802082872336,1.4837577104705895,0.08923487321400798
0.9453622638411455,-0.1518625706758397,-0.9138498822082848
-0.38464197746720896,-0.6900570254582123,0.49046877538292505
-2.2723899328726156,-0.10978873707721773,-0.21169055341267984
-0.42754534009005896,-0.5235147674636671,-0.011073602328221294
-0.7278688784500097,0.8298602132920063,-0.11138207787045057
0.3018118244983933,-0.9985984718481068,-1.1144668332927432
-0.5562554279586097,0.7614902336942456,0.5907772509251543
0.40907023105551865,0.07954351411658114,0.18954334875623724
1.5674610218724725,-0.8338092902535041,-1.3150837843772019
-1.1139991420556612,0.014679687318705604,1.0923196286363006
1.1169757143325463,2.2936790072440627,0.5907772509251543
0.10874669269556791,-0.1027764314774474,0.6910857264673836
0.7737488133497455,-0.13608488307635647,-0.7132329311238262
-1.821904625332689,0.4459364817045808,-0.5126159800393677
-1.1569025046785113,0.7106510180959107,0.3901602998406958
-0.5991587905814597,-0.19919563347428942,0.9920111530940714
-0.49190038402433434,-0.6357116570599923,0.5907772509251543
0.8166521759725955,2.3936043620407896,1.2929365797207593
-0.49190038402433434,-0.7724516162555137,0.08923487321400798
0.9882656264639963,0.8947240400898818,0.9920111530940714
1.0311689890868463,-0.8320562138535615,-1.5157007354616603
0.1945534179412679,-0.050184139479169936,0.2898518242984665
0.6879420881040448,0.12687657691503085,-0.011073602328221294
-0.40609365877863357,-0.754920852256088,-0.011073602328221294
-0.14867348304153283,1.2996846884766182,1.0923196286363006
-0.513352065335759,-0.7110939422575234,0.6910857264673836
-0.08431843910725746,-0.6655139558590163,-0.6129244555815969
-0.6206104718928843,-0.5690947538621742,0.3901602998406958
-0.44899702140148434,-0.8548462070528151,0.2898518242984665
-0.34173861484435897,-0.5638355246623465,0.6910857264673836
1.1598790769553964,1.5293376968690966,1.0923196286363006
-0.3631902961557836,-0.8390685194533318,0.08923487321400798
-0.7922239223842851,-0.1115418134771603,0.7913942020096129
0.10874669269556791,0.34601112690785363,1.3932450552629885
-0.6849655158271597,-0.19218332787451908,0.8917026775518422
1.0955240330211218,-0.4744286282652748,-1.415392259919431
-0.2773835709100836,-0.8671177418524132,-0.3119990289549091
-2.16513152631549,-0.7181062478572937,-0.5126159800393677
0.9239105825297209,-0.4007994194676864,-0.8135414066660555
-0.7064171971385851,0.7649963864941307,-0.8135414066660555
2.14665641728095,-0.565588601062289,-2.2178600642572652
-1.2641609112356367,-0.11680104267698806,0.7913942020096129
0.5377803189240694,3.1123656860172484,1.0923196286363006
-0.8780306476299858,0.0830496669164663,1.4935535308052177
0.9882656264639963,-0.008110305880547964,1.19262810417853
-0.8136756036957105,0.22154270251193028,0.6910857264673836
-1.199805867301362,2.523332015636541,-0.3119990289549091
-0.6849655158271597,-0.49897169786447093,-0.6129244555815969
1.1598790769553964,-0.704081636657753,-2.2178600642572652
-2.0364214384469395,-0.08349259107807899,0.18954334875623724
-1.6288394935298636,0.27413499451020773,-0.5126159800393677
-0.40609365877863357,-0.6514893446594756,0.49046877538292505
-0.8351272850071351,-0.4270955654668251,1.2929365797207593
0.9239105825297209,0.11635811851537536,0.5907772509251543
0.7737488133497455,0.037469680517959174,0.6910857264673836
0.36616686843266866,0.1707034869135954,-0.011073602328221294
0.08729501138414254,1.611732287666398,0.2898518242984665
1.0955240330211218,-0.6357116570599923,-1.5157007354616603
1.009717307775421,-0.16413410547543777,-1.415392259919431
-0.6635138345157351,-0.6234401222603942,0.49046877538292505
0.6235870441697694,0.02695122211830368,-1.014158357750514
-0.2559318895986582,0.1917404037129064,0.18954334875623724
0.7308454507268948,-0.5252678438636097,-1.2147753088349726
0.1731017366298433,0.44243032890469564,-0.3119990289549091
-0.40609365877863357,-0.8513400542529299,-0.6129244555815969
0.4519735936783694,2.5846896896345313,1.19262810417853
-0.1701251643529582,-0.7373900882566621,-0.5126159800393677
-0.8994823289414104,0.12687657691503085,0.7913942020096129
-0.7493205597614351,-0.6777854906586144,0.18954334875623724
0.8810072199068709,0.2022588621125619,-0.11138207787045057
-0.2344802082872336,-0.372750197068605,0.08923487321400798
0.06584333007271792,-0.9389938742500591,-1.3150837843772019
0.7308454507268948,0.2390734665113561,0.5907772509251543
-2.5298101086097167,0.5563802949009635,-0.3119990289549091
-0.9423856915642604,-0.6532424210594182,-0.5126159800393677
-0.10577012041868285,-0.8916608114516094,-1.415392259919431
1.5889127031838979,-0.8460808250531022,-2.2178600642572652
0.6235870441697694,1.5240784676692687,1.4935535308052177
1.3958475713810725,-0.6041562818610259,-1.716317686546119
1.1384273956439717,-0.31489867587049986,-0.3119990289549091
1.9321396041666994,-0.8776362002520687,-1.415392259919431
1.331492527446797,0.3968503425061885,-0.011073602328221294
-1.8433563066441143,1.1857347224803505,-0.7132329311238262
-0.49190038402433434,-0.5585762954625187,0.6910857264673836
0.9453622638411455,-0.3359355926698108,-0.7132329311238262
0.9882656264639963,2.425159737239756,0.2898518242984665
0.516328637612644,-0.023887993480031202,0.18954334875623724
-0.513352065335759,-0.47968785746510256,0.7913942020096129
-0.8351272850071351,0.0006550761191649468,1.3932450552629885
-0.14867348304153283,-0.8145254498541358,0.49046877538292505
1.009717307775421,-0.3885278846680883,-0.11138207787045057
0.6235870441697694,-0.03265337547974411,0.08923487321400798
-0.19157684566438285,-0.5498109134628059,1.0923196286363006
-0.01996339517298284,-0.9179569574507481,0.08923487321400798
-0.40609365877863357,-0.9197100338506906,0.18954334875623724
0.8381038572840201,-1.073980757045638,-1.5157007354616603
-1.8004529440212635,-0.6549954974593608,0.08923487321400798
-0.9209340102528358,-0.200948709874232,1.4935535308052177
0.001488286138442538,-0.830303137453619,0.18954334875623724
-1.2212575486127866,1.9991621720537087,0.08923487321400798
0.2160050992526933,0.16018502851393993,0.6910857264673836
-1.7575495813984134,1.1629447292810968,0.3901602998406958
-0.34173861484435897,-0.9389938742500591,-0.3119990289549091
0.001488286138442538,-0.8565992834527577,0.5907772509251543
-0.5348037466471843,-0.830303137453619,0.08923487321400798
0.5592320002354948,-1.052943840246327,-2.3181685397994944
-1.0925474607442367,-0.47793478106515996,0.6910857264673836
-0.14867348304153283,-0.9091915754510351,-0.4123075044971384
-0.6206104718928843,-0.7654393106557434,-0.3119990289549091
0.8166521759725955,1.581929988867374,0.2898518242984665
-0.5991587905814597,-0.8267969846537339,-0.4123075044971384
0.6664904067926202,2.1516798188487134,0.7913942020096129
-0.2988352522215082,-0.842574672253217,-0.6129244555815969
0.23745678056411867,0.11986427131526053,0.49046877538292505
1.3529442087582224,0.4669733985038918,0.3901602998406958
0.5806836815469194,-0.1711464110752081,-0.21169055341267984
-0.513352065335759,0.10934581291560504,0.49046877538292505
-2.7872302843468173,-0.5200086146637819,-0.8135414066660555
-0.19157684566438285,-0.49195939226470065,0.7913942020096129
-2.8086819656582422,0.14440734091445667,-0.5126159800393677
-0.6635138345157351,-0.7794639218552841,-0.11138207787045057
0.5592320002354948,0.3968503425061885,0.08923487321400798
-0.04141507648440746,2.8634288372254018,0.6910857264673836
0.7308454507268948,2.593455071634244,0.7913942020096129
0.5592320002354948,-0.9845738606485662,-1.6160092110038897
-1.9720663945126642,-0.6357116570599923,-0.6129244555815969
0.8595555385954455,0.032210451318131425,-0.6129244555815969
-0.7064171971385851,-0.09927027867756223,0.8917026775518422
-0.6849655158271597,-0.33944174546969597,1.2929365797207593
-0.7493205597614351,-0.33944174546969597,0.9920111530940714
1.4602026153153471,-0.6953162546580401,-2.3181685397994944
-0.3631902961557836,-0.6374647334599349,-0.011073602328221294
-1.2641609112356367,-0.19218332787451908,0.8917026775518422
-0.06286675779583284,-0.6655139558590163,-0.7132329311238262
-2.894488690903943,-0.6462301154596478,0.9920111530940714
-0.44899702140148434,-0.1115418134771603,0.3901602998406958
-0.42754534009005896,-0.5603293718624613,0.2898518242984665
-0.47044870271290895,-0.7952416094547673,1.19262810417853
-2.637068515166842,-0.006357229480605382,0.5907772509251543
0.9882656264639963,-0.6725262614587866,-1.9169346376305774
0.4519735936783694,1.8378791432589912,1.0923196286363006
1.3529442087582224,-0.42183633626699735,-0.8135414066660555
1.996494648100974,-0.6357116570599923,-2.3181685397994944
-1.0925474607442367,-0.221985626673543,1.3932450552629885
-0.5562554279586097,-0.1325787302764713,0.7913942020096129
-0.1701251643529582,0.38808496050647556,0.7913942020096129
0.7952004946611702,0.09006197251623663,-0.7132329311238262
-2.5512617899211416,-0.616427816660624,-0.21169055341267984
-0.5562554279586097,-0.03791260467957186,1.0923196286363006
0.7308454507268948,0.34951727970773877,0.6910857264673836
-0.5348037466471843,-0.5147493854639542,0.9920111530940714
-0.12722180173010822,-0.9179569574507481,-0.21169055341267984
-0.10577012041868285,-0.9074384990510925,-1.2147753088349726
0.1301983740069933,2.376073598041364,0.8917026775518422
0.5806836815469194,-0.9863269370485088,-1.8166261620883482
-0.5991587905814597,-0.704081636657753,0.5907772509251543
-0.47044870271290895,0.43191187050504015,1.0923196286363006
1.0311689890868463,1.3645485152744938,0.7913942020096129
0.9024589012182955,1.8098299208599098,0.3901602998406958
-0.19157684566438285,-0.7724516162555137,-0.3119990289549091
0.7737488133497455,-0.2588002310723372,-0.7132329311238262
-0.6206104718928843,-0.7917354566548822,-0.11138207787045057
-0.42754534009005896,-0.8706238946522984,0.49046877538292505
-0.5777071092700343,-0.872376971052241,0.3901602998406958
-0.5562554279586097,-0.5463047606629207,0.5907772509251543
0.6021353628583448,-0.3464540510694663,-1.3150837843772019
1.8892362415438486,-0.7934885330548247,-2.017243113172807
-1.4143226804156128,-0.4691693990654471,0.2898518242984665
-0.5562554279586097,-0.43936710026642317,1.5938620063474471
-2.4654550646754414,-0.6251931986603368,0.18954334875623724
-0.44899702140148434,-1.0284007706471308,-0.6129244555815969
-1.6717428561527135,-0.8671177418524132,-0.3119990289549091
0.5592320002354948,1.6187445932661682,0.6910857264673836
0.5806836815469194,0.6370218092983222,0.3901602998406958
-1.3499676364813373,-0.029147222679858947,-0.7132329311238262
-2.637068515166842,0.6054664340993557,1.0923196286363006
0.7952004946611702,0.14966657011428441,0.2898518242984665
-0.49190038402433434,-0.7706985398555711,0.3901602998406958
2.2539148238380755,-0.5690947538621742,-1.8166261620883482
-0.9423856915642604,0.7912925324932695,-0.5126159800393677
-0.14867348304153283,-0.2307510086732559,1.0923196286363006
0.4948769563012194,-1.031906923447016,-1.8166261620883482
0.5377803189240694,1.5714115304677185,1.2929365797207593
-1.5215810869727382,-0.6970693310579827,0.6910857264673836
0.5592320002354948,1.5416092316686947,1.4935535308052177
-0.49190038402433434,-0.7812169982552266,0.2898518242984665
2.23246314252665,-0.6076624346609111,-1.6160092110038897
-1.1783541859899367,-0.5007247742644135,1.4935535308052177
-0.12722180173010822,-0.5726009066620594,0.2898518242984665
1.7176227910524486,-0.49020631586475805,-2.017243113172807
0.7737488133497455,1.3102031468762738,0.5907772509251543
-0.6420621532043097,-0.733883935456777,-0.011073602328221294
0.4948769563012194,0.047988138917614664,0.49046877538292505
-0.9209340102528358,0.5844295173000448,-0.21169055341267984
0.8810072199068709,0.19524655651279155,0.2898518242984665
0.8810072199068709,1.9851375608541681,0.3901602998406958
-2.8515853282810926,-0.47618170466521736,0.6910857264673836
-1.3070642738584874,0.15667887571405475,-0.6129244555815969
1.009717307775421,-0.1904302514745765,-0.8135414066660555
-0.06286675779583284,2.093828297650608,1.5938620063474471
0.06584333007271792,0.6037133576994131,1.4935535308052177
1.9321396041666994,-0.6251931986603368,-1.1144668332927432
0.10874669269556791,-0.9319815686502887,-1.3150837843772019
-0.3631902961557836,-0.8232908318538487,-0.3119990289549091
-2.5727134712325666,0.4389241761048105,1.0923196286363006
-0.42754534009005896,-0.8408215958532744,-1.014158357750514
1.0740723517096964,1.254104702078111,0.3901602998406958
0.9453622638411455,0.08830889611629406,0.5907772509251543
1.3100408461353725,-0.030900299079801533,-0.4123075044971384
0.7737488133497455,0.2022588621125619,0.08923487321400798
0.10874669269556791,-1.0599561458460973,-2.4184770153417237
-0.8780306476299858,0.6107256632991835,1.5938620063474471
0.9668139451525709,0.151419646514227,1.0923196286363006
-2.5727134712325666,-0.43060171826671023,0.5907772509251543
-1.564484449595588,0.8035640672928676,-0.6129244555815969
-0.7064171971385851,-0.6777854906586144,0.49046877538292505
-0.47044870271290895,-1.023141541447303,-0.4123075044971384
-0.3631902961557836,-0.8513400542529299,-0.21169055341267984
-1.5430327682841627,1.3154623760761015,1.19262810417853
0.6664904067926202,0.014679687318705604,0.3901602998406958
0.8166521759725955,1.955335262055144,0.9920111530940714
-0.34173861484435897,-0.7899823802549396,-0.7132329311238262
0.23745678056411867,-0.9775615550487958,-2.017243113172807
-0.6206104718928843,-0.5778601358618871,0.3901602998406958
-0.6206104718928843,-0.7794639218552841,0.3901602998406958
1.5889127031838979,-0.6690201086589014,-2.117551588715036
-1.049644098121386,3.024711866020119,-0.011073602328221294
-0.5348037466471843,-0.7093408658575808,0.18954334875623724
-0.5991587905814597,-0.8355623666534467,0.49046877538292505
-0.42754534009005896,-0.6637608794590737,0.2898518242984665
-0.513352065335759,-1.010870006647705,-1.415392259919431
-0.7278688784500097,-0.21146716827388748,1.3932450552629885
1.1598790769553964,-0.5165024618638968,-1.3150837843772019
-0.2130285269758082,-0.7654393106557434,-0.11138207787045057
0.5377803189240694,0.30393729330923164,0.18954334875623724
1.1598790769553964,-0.38326865546826056,-0.3119990289549091
-0.7493205597614351,-0.8127723734541932,0.5907772509251543
1.1813307582668218,1.3908446612736325,1.2929365797207593
-0.44899702140148434,-0.7636862342558008,-0.4123075044971384
-0.5991587905814597,-0.7724516162555137,0.6910857264673836
1.8677845602324248,-0.8162785262540783,-1.1144668332927432
2.0823013733466755,-0.8320562138535615,-1.3150837843772019
-1.8648079879555388,-0.4972186214645284,0.6910857264673836
0.36616686843266866,-1.0827461390453508,-1.8166261620883482
-2.3796483394297407,-0.553317066262691,0.3901602998406958
-0.5348037466471843,-0.5778601358618871,0.3901602998406958
-0.6206104718928843,-0.7216124006571789,0.6910857264673836
0.2160050992526933,-1.052943840246327,-1.3150837843772019
0.08729501138414254,0.6492933440979203,1.19262810417853
-0.2559318895986582,-0.9442531034498868,-0.8135414066660555
-0.06286675779583284,-0.7005754838578679,0.5907772509251543
-0.5777071092700343,-0.8899077350516668,0.2898518242984665
1.331492527446797,-0.8495869778529874,-1.6160092110038897
-0.2344802082872336,-0.4972186214645284,0.7913942020096129
2.0179463294123994,-0.5883785942615426,-1.5157007354616603
0.5806836815469194,-0.18692409867469134,-0.5126159800393677
0.7308454507268948,-0.3026271410709018,-1.415392259919431
0.7308454507268948,1.4890169396704172,1.0923196286363006
2.0823013733466755,-0.7023285602578104,-2.4184770153417237
1.3743958900696471,0.5055410793026286,-0.7132329311238262
-0.6420621532043097,-0.4691693990654471,1.3932450552629885
0.044391648761292535,2.9493295808225883,0.49046877538292505
-2.0364214384469395,-0.5831193650617149,-0.3119990289549091
0.10874669269556791,-0.9652900202491977,-1.3150837843772019
-0.513352065335759,-0.7934885330548247,0.18954334875623724
0.8595555385954455,-0.060702597878825426,0.6910857264673836
-2.143679845004065,-0.2500348490726243,0.2898518242984665
1.2885891648239471,-0.2921086826712463,-0.3119990289549091
0.9453622638411455,-0.009863382280490546,-1.3150837843772019
0.6235870441697694,0.26887576531038,0.3901602998406958
-1.0067407354985358,1.166450882080982,0.18954334875623724
0.6879420881040448,0.7614902336942456,0.8917026775518422
0.5806836815469194,-0.318404828670385,-1.1144668332927432
-1.2641609112356367,-0.4060586486675141,0.2898518242984665
-0.5562554279586097,-0.7496616230562602,0.08923487321400798
1.1384273956439717,-0.5936378234613704,-2.2178600642572652
0.5592320002354948,1.6502999684651347,0.49046877538292505
-0.2130285269758082,-0.8320562138535615,-1.415392259919431
-0.3631902961557836,-0.2780840714717056,0.08923487321400798
0.5806836815469194,-0.3482071274694089,-1.3150837843772019
-0.1701251643529582,-0.8811423530519539,-0.21169055341267984
-0.34173861484435897,-0.5988970526611981,-0.5126159800393677
-0.47044870271290895,-0.9039323462512074,-0.11138207787045057
0.2160050992526933,1.645040739265307,1.4935535308052177
-2.12222816369264,-0.19744255707434683,1.3932450552629885
0.5377803189240694,-0.09401104947773449,0.5907772509251543
0.6021353628583448,1.1699570348808672,1.2929365797207593
0.6021353628583448,-0.3990463430677438,-0.5126159800393677
0.6664904067926202,0.12337042411514569,0.49046877538292505
0.7952004946611702,0.06201275011715532,-0.7132329311238262
-1.0281924168099612,-0.11680104267698806,1.6941704818896763
1.0955240330211218,1.1962531808800059,0.6910857264673836
-0.8565789663185605,2.2743951668446942,-0.011073602328221294
-1.0710957794328113,-0.3464540510694663,1.0923196286363006
0.9024589012182955,0.5072941557025712,-0.21169055341267984
-0.7493205597614351,-0.9021792698512648,0.08923487321400798
1.0311689890868463,1.1629447292810968,1.19262810417853
0.5377803189240694,-1.052943840246327,-2.017243113172807
0.6021353628583448,-0.3692440442687199,-0.21169055341267984
1.052620670398271,-0.05719644507894026,-0.21169055341267984
-0.513352065335759,-0.7163531714573511,0.49046877538292505
0.044391648761292535,0.9438101792882742,0.8917026775518422
0.6235870441697694,-0.0536902922790551,0.18954334875623724
-0.8994823289414104,0.12512350051508828,1.6941704818896763
-0.9209340102528358,-0.5480578370628633,-0.3119990289549091
0.10874669269556791,-0.9775615550487958,-0.8135414066660555
-1.907711350578389,-0.14835641787595452,1.5938620063474471
-0.5348037466471843,-0.5936378234613704,-0.011073602328221294
0.47342527498979403,0.17771579251336575,0.3901602998406958
0.8381038572840201,-1.1107953614444321,-1.9169346376305774
0.7522971320383202,0.2197896261119877,-0.011073602328221294
1.052620670398271,2.270889014044809,0.6910857264673836
-0.1701251643529582,-0.5427986078630355,0.18954334875623724
-0.42754534009005896,-0.9442531034498868,0.3901602998406958
0.40907023105551865,-0.27457791867182046,0.49046877538292505
0.9882656264639963,-0.008110305880547964,0.5907772509251543
-1.3070642738584874,-0.41131787786734186,-0.8135414066660555
-1.7146462187755636,1.5205723148693837,1.5938620063474471
0.8381038572840201,-1.0687215278458102,-1.2147753088349726
-0.01996339517298284,0.28290037650992067,0.3901602998406958
-0.8351272850071351,1.1173647428825897,-0.7132329311238262
0.001488286138442538,3.189501047614722,-0.6129244555815969
-0.9423856915642604,-0.3569725094691218,1.2929365797207593
-0.8136756036957105,0.002408152519107529,0.7913942020096129
-0.5562554279586097,-0.4270955654668251,1.19262810417853
-0.49190038402433434,-0.6988224074579253,0.3901602998406958
0.9882656264639963,-0.27457791867182046,-0.5126159800393677
0.06584333007271792,2.6495535164324067,0.7913942020096129
-0.6849655158271597,-0.6409708862598201,0.9920111530940714
-0.6420621532043097,-0.8583523598527003,0.5907772509251543
0.6879420881040448,1.5293376968690966,0.7913942020096129
1.2671374835125218,-0.7110939422575234,-2.4184770153417237
-0.8994823289414104,-0.5673416774622316,0.18954334875623724
0.02293996744986792,-0.8338092902535041,-0.7132329311238262
-0.3631902961557836,-0.896920040651437,-0.8135414066660555
2.2539148238380755,-0.6076624346609111,-1.1144668332927432
0.7522971320383202,1.9886437136540533,1.2929365797207593
-1.1569025046785113,-0.41833018346711215,0.5907772509251543
1.009717307775421,2.442690501239182,0.08923487321400798
-0.6635138345157351,-0.7233654770571215,0.08923487321400798
-0.1701251643529582,-0.16413410547543777,0.49046877538292505
1.2671374835125218,0.007667381718935275,0.18954334875623724
-0.5348037466471843,-0.8180316026540209,0.6910857264673836
0.9668139451525709,-0.5673416774622316,-0.8135414066660555
-0.2988352522215082,-0.6672670322589588,0.3901602998406958
0.6021353628583448,-0.19393640427446165,0.18954334875623724
-0.7707722410728605,-0.5901316706614852,-0.6129244555815969
-0.3631902961557836,-0.7777108454553415,0.08923487321400798
-0.2559318895986582,-0.2482817726726817,0.6910857264673836
0.6450387254811948,-1.0722276806456954,-1.415392259919431
-0.38464197746720896,0.10934581291560504,0.8917026775518422
-0.5777071092700343,-0.8005008386545951,0.18954334875623724
-0.7493205597614351,-0.7075877894576382,-0.11138207787045057
-1.0710957794328113,-0.5883785942615426,0.7913942020096129
-0.7278688784500097,-0.6111685874607962,0.5907772509251543
1.1598790769553964,0.7351940876951069,1.19262810417853
0.6879420881040448,-0.15536872347572486,0.18954334875623724
2.2110114612152247,-0.6514893446594756,-1.5157007354616603
0.08729501138414254,1.9115083520565797,1.19262810417853
0.7952004946611702,0.5809233645001596,0.5907772509251543
0.7952004946611702,0.4634672457040066,1.19262810417853
-0.2773835709100836,1.3119562232762163,0.08923487321400798
-1.5215810869727382,-0.22724485587337073,0.9920111530940714
0.9668139451525709,1.8028176152601396,0.9920111530940714
0.9239105825297209,-1.0196353886474179,-2.3181685397994944
-0.8136756036957105,-0.06946797987853834,0.5907772509251543
0.2589084618755433,2.9510826572225306,1.3932450552629885
-1.242709229924212,-0.6567485738593033,0.18954334875623724
0.1731017366298433,0.7439594696948197,0.6910857264673836
0.23745678056411867,0.3127026753089446,-0.11138207787045057
-0.49190038402433434,-0.8355623666534467,0.18954334875623724
-0.7922239223842851,-0.4814409338650451,-0.11138207787045057
0.7308454507268948,-0.13608488307635647,-0.7132329311238262
1.052620670398271,1.9307921924559481,0.18954334875623724
0.5806836815469194,-1.0196353886474179,-1.6160092110038897
1.417299252692498,-0.7969946858547099,-2.117551588715036
0.7093937694154702,1.024451693685633,0.3901602998406958
1.009717307775421,-0.7636862342558008,-1.9169346376305774
0.6021353628583448,0.5055410793026286,0.18954334875623724
-0.9852890541871112,0.7912925324932695,0.9920111530940714
-0.8136756036957105,-0.7689454634556286,-0.3119990289549091
-2.6585201964782668,0.33198651570831295,-0.6129244555815969
-1.4786777243498874,1.518819238469441,-0.3119990289549091
0.34471518712124405,0.2110242441122748,0.5907772509251543
-1.0067407354985358,0.407368800905844,1.5938620063474471
0.32326350580981866,-1.0599561458460973,-2.4184770153417237
-1.8648079879555388,-0.7496616230562602,-0.11138207787045057
0.34471518712124405,1.7256822536626657,0.5907772509251543
0.9024589012182955,-0.06596182707865317,-0.11138207787045057
1.0740723517096964,0.12687657691503085,-0.011073602328221294
-0.14867348304153283,-0.9565246382494849,0.2898518242984665
-0.40609365877863357,-0.8583523598527003,-0.11138207787045057
-0.6206104718928843,-0.3376886690697534,1.2929365797207593
0.32326350580981866,-0.9302284922503461,-1.9169346376305774
0.7952004946611702,-1.044178458246614,-1.9169346376305774
1.0740723517096964,0.21277732051221737,0.3901602998406958
1.6318160658067487,-0.7969946858547099,-1.415392259919431
-0.2344802082872336,-0.5620824482624039,-0.6129244555815969
-0.34173861484435897,-0.8828954294518965,-0.11138207787045057
0.6879420881040448,1.5433623080686372,0.5907772509251543
-0.19157684566438285,-0.179911793074921,0.2898518242984665
0.6879420881040448,0.32146805730865746,0.8917026775518422
1.1598790769553964,0.37230727290699234,0.9920111530940714
0.38761854974409404,0.14440734091445667,-0.011073602328221294
1.1169757143325463,-0.670773185058844,-1.716317686546119
-0.14867348304153283,-0.809266220654308,-0.4123075044971384
0.6021353628583448,0.919267109689078,0.18954334875623724
-0.49190038402433434,-0.9372407978501165,-1.2147753088349726
0.516328637612644,-1.0704746042457527,-2.117551588715036
0.7737488133497455,2.470739723638263,0.7913942020096129
0.7093937694154702,-0.21847947387365782,-0.4123075044971384
-1.7575495813984134,3.30345101361099,0.49046877538292505
-0.6420621532043097,0.8806994288903411,0.18954334875623724
0.9882656264639963,-0.03791260467957186,-0.5126159800393677
-0.513352065335759,-0.9284754158504036,-0.9138498822082848
2.14665641728095,-0.6357116570599923,-1.6160092110038897
0.8166521759725955,-0.4831940102649877,-0.5126159800393677
1.1384273956439717,0.22329577891187288,-0.7132329311238262
-0.34173861484435897,-0.9039323462512074,-1.014158357750514
0.1516500553184179,1.4925230924703023,0.6910857264673836
0.6664904067926202,-0.9652900202491977,-2.017243113172807
-1.1139991420556612,3.3560433056092673,1.3932450552629885
1.331492527446797,-0.5340332258633226,-1.6160092110038897
-0.04141507648440746,-0.7128470186574659,-0.4123075044971384
-0.19157684566438285,-0.23776331427302622,0.8917026775518422
1.9750429667895502,-0.5918847470614278,-1.6160092110038897
0.5377803189240694,0.11460504211543278,0.6910857264673836
1.1813307582668218,-0.6076624346609111,-1.6160092110038897
0.9453622638411455,0.17946886891330832,0.7913942020096129
1.245685802201097,0.28290037650992067,-0.7132329311238262
0.6879420881040448,2.5881958424344162,0.08923487321400798
0.5377803189240694,0.11635811851537536,0.2898518242984665
0.4948769563012194,0.032210451318131425,0.6910857264673836
0.5806836815469194,-0.47968785746510256,-0.11138207787045057
-0.04141507648440746,2.670590433231718,1.5938620063474471
1.3100408461353725,-0.2079610154740023,0.49046877538292505
2.14665641728095,-0.7321308590568344,-2.3181685397994944
0.1731017366298433,2.3515305284421677,0.8917026775518422
1.3529442087582224,-0.6392178098598775,-1.1144668332927432
0.1516500553184179,0.3950972661062459,-0.7132329311238262
1.0955240330211218,1.4206469600726563,0.6910857264673836
1.2027824395782472,-0.6514893446594756,-2.117551588715036
0.5377803189240694,0.11986427131526053,0.18954334875623724
0.6879420881040448,-0.4533917114659638,-0.7132329311238262
1.1598790769553964,0.46171416930406406,0.08923487321400798
0.6021353628583448,0.6440341148980926,-0.3119990289549091
0.5806836815469194,0.9858840128868961,0.5907772509251543
0.8595555385954455,0.02870429851824626,-0.6129244555815969
0.43052191236694404,2.6250104468332105,1.3932450552629885
2.2110114612152247,-0.6094155110608537,-2.117551588715036
0.9453622638411455,0.4792449333034899,-0.11138207787045057
1.0311689890868463,0.10759273651566245,1.2929365797207593
0.34471518712124405,0.835119442491834,0.5907772509251543
1.824881197609574,-0.5147493854639542,-2.117551588715036
1.2671374835125218,-0.41833018346711215,-0.11138207787045057
0.1731017366298433,-0.025641069879973784,-0.4123075044971384
0.7308454507268948,2.833626538426378,1.2929365797207593
0.7093937694154702,0.1899873273129638,-0.21169055341267984
0.7308454507268948,0.047988138917614664,0.6910857264673836
0.6021353628583448,-0.09576412587767706,-1.1144668332927432
1.5460093405610487,-0.7286247062569492,-2.4184770153417237
0.9024589012182955,0.07779043771663856,0.2898518242984665
0.516328637612644,1.6380284336655366,1.0923196286363006
0.6235870441697694,1.4679800228711062,0.7913942020096129
1.3100408461353725,-0.7268716298570066,-2.3181685397994944
1.2242341208896717,-0.2921086826712463,-0.8135414066660555
0.5806836815469194,-0.33944174546969597,-0.11138207787045057
-1.8862596692669642,0.9122548040893076,-0.5126159800393677
0.8595555385954455,2.1972598052472203,1.2929365797207593
0.8595555385954455,-0.3271702106700979,-0.9138498822082848
1.052620670398271,-0.44988555866607866,-1.1144668332927432
0.9882656264639963,-0.725118553457064,-1.716317686546119
1.052620670398271,-0.6970693310579827,-1.8166261620883482
0.43052191236694404,0.37406034930693494,0.5907772509251543
0.8166521759725955,0.11285196571549021,-0.7132329311238262
0.8810072199068709,0.25134500131095416,0.6910857264673836
0.4948769563012194,0.10583966011571987,0.49046877538292505
0.40907023105551865,1.3575362096747234,1.0923196286363006
-1.2641609112356367,1.611732287666398,-0.7132329311238262
1.3743958900696471,-0.48845323946481545,-1.1144668332927432
0.7737488133497455,0.0444819861177295,0.18954334875623724
0.5806836815469194,-0.3078863702707295,0.3901602998406958
0.40907023105551865,0.4845041625033176,-0.4123075044971384
-0.8136756036957105,1.7852868512607136,-0.011073602328221294
-0.9423856915642604,2.560146620035335,0.7913942020096129
0.9024589012182955,0.6370218092983222,0.18954334875623724
2.1252047359695245,-0.8811423530519539,-1.6160092110038897
2.0823013733466755,-0.7233654770571215,-1.6160092110038897
-1.285612592547062,1.4662269464711635,1.0923196286363006
0.28036014318696867,1.9746191024545126,1.19262810417853
0.6879420881040448,0.3950972661062459,0.08923487321400798
0.9239105825297209,0.5020349265027434,0.2898518242984665
0.9882656264639963,-0.8267969846537339,-1.6160092110038897
0.8595555385954455,2.560146620035335,0.8917026775518422
0.38761854974409404,0.2303080845116432,0.18954334875623724
-0.3631902961557836,1.76249685806146,1.4935535308052177
1.2027824395782472,-0.3306763634699831,-0.21169055341267984
0.7093937694154702,0.01993891651853335,0.5907772509251543
-1.7146462187755636,0.3950972661062459,1.0923196286363006
0.2160050992526933,2.3988635912406173,1.3932450552629885
-1.4572260430384627,2.40061666764056,1.2929365797207593
1.331492527446797,-0.5147493854639542,-0.4123075044971384
-2.0364214384469395,0.16719733411371024,-0.21169055341267984
0.3018118244983933,2.623257370433268,0.9920111530940714
-0.6635138345157351,2.4444435776391247,-0.7132329311238262
-1.4572260430384627,0.033963527718074,1.19262810417853
1.4387509340039233,-0.90568542265115,-2.3181685397994944
0.6021353628583448,2.5338504740361962,0.9920111530940714
0.7737488133497455,2.1516798188487134,0.18954334875623724
1.8892362415438486,-0.5901316706614852,-1.9169346376305774
0.6664904067926202,0.2723819181102652,0.18954334875623724
2.0823013733466755,-0.6146747402606814,-2.017243113172807
0.7093937694154702,-0.12731950107664355,0.18954334875623724
0.5377803189240694,-0.09050489667784932,0.5907772509251543
-1.242709229924212,1.9535821856552016,1.5938620063474471
1.052620670398271,-0.42008325986705475,-0.7132329311238262
1.3100408461353725,-0.6690201086589014,-1.415392259919431
0.6235870441697694,0.1426542645145141,-0.011073602328221294
1.1169757143325463,0.16369118131382507,-0.5126159800393677
0.2160050992526933,-0.3587255858690644,0.6910857264673836
0.36616686843266866,0.06902505571692565,0.5907772509251543
1.331492527446797,-0.1886771750746339,0.3901602998406958
-1.4786777243498874,0.9122548040893076,0.3901602998406958
-0.01996339517298284,0.8316132896919488,1.2929365797207593
0.8166521759725955,0.20050578571261932,0.08923487321400798
-0.6849655158271597,1.9500760328553164,-0.6129244555815969
1.0311689890868463,1.12437704848236,0.8917026775518422
2.06084969203525,-0.6444770390597052,-1.6160092110038897
0.5806836815469194,1.6169915168662257,1.2929365797207593
1.417299252692498,-0.7023285602578104,-1.9169346376305774
0.1945534179412679,-0.3674909678687773,0.6910857264673836
0.6664904067926202,-0.02213491708008862,0.2898518242984665
-1.650291174841288,2.647800440032464,1.0923196286363006
0.6021353628583448,0.037469680517959174,0.3901602998406958
0.6664904067926202,0.19699963291273415,0.08923487321400798
0.6235870441697694,-0.16413410547543777,0.3901602998406958
2.06084969203525,-0.8776362002520687,-1.1144668332927432
1.1169757143325463,-0.08173951467813641,0.49046877538292505
0.28036014318696867,2.581183536834646,1.19262810417853
-2.0364214384469395,0.6510464204978629,-0.3119990289549091
0.7952004946611702,2.118371367249804,0.2898518242984665
0.7093937694154702,-0.29386175907118883,-1.014158357750514
1.3529442087582224,-0.7636862342558008,-1.9169346376305774
0.6879420881040448,0.4669733985038918,1.2929365797207593
2.0823013733466755,-0.7601800814559156,-1.9169346376305774
1.4816542966267725,-0.6059093582609685,-1.2147753088349726
1.331492527446797,0.2618634597106097,-0.7132329311238262
0.8595555385954455,0.5423556837014228,0.18954334875623724
0.4519735936783694,0.3302334393083704,-0.11138207787045057
0.1516500553184179,1.4609677172713358,1.3932450552629885
1.245685802201097,-0.5357863022632652,-2.2178600642572652
1.5889127031838979,-0.8478339014530448,-2.3181685397994944
0.9668139451525709,0.5809233645001596,0.8917026775518422
0.06584333007271792,0.4757387805036047,0.5907772509251543
0.6450387254811948,1.855409907258417,0.9920111530940714
0.4519735936783694,0.22504885531181545,0.2898518242984665
1.2027824395782472,-0.5848724414616575,-2.2178600642572652
0.5806836815469194,1.0104270824860921,0.6910857264673836
0.7308454507268948,-0.1904302514745765,0.08923487321400798
0.47342527498979403,1.2909193064769053,0.5907772509251543
0.6021353628583448,0.1707034869135954,-0.11138207787045057
0.6664904067926202,1.38909158487369,0.9920111530940714
0.7308454507268948,0.8859586580901689,1.0923196286363006
0.7308454507268948,0.11635811851537536,0.49046877538292505
1.8034295162981486,-0.8145254498541358,-1.2147753088349726
-0.8780306476299858,0.7124040944958533,-0.6129244555815969
0.6664904067926202,0.4915164681030879,0.6910857264673836
1.5245576592496233,-0.5778601358618871,-1.5157007354616603
0.7952004946611702,0.3477642033077962,-0.011073602328221294
0.9239105825297209,0.7474656224947049,1.2929365797207593
-0.34173861484435897,3.2754017912119084,0.3901602998406958
0.1516500553184179,0.04623506251767208,0.5907772509251543
1.6747194284295979,-0.7321308590568344,-1.5157007354616603
0.9453622638411455,2.3690612924415935,0.18954334875623724
0.7522971320383202,0.009420458118877857,-0.011073602328221294
0.47342527498979403,0.5651456769006764,0.49046877538292505
