N,P,K,temperature,rainfall
-1.1001080080505876,1.2257369649902687,1.6646134623765523,1.009717307775421,0.35302343250762397
0.10509577052163926,1.0872258864228583,0.541239447832599,0.6879420881040448,-0.16413410547543777
0.7691876485104173,-0.5749070563860658,-1.3147697935878453,-1.4786777243498874,2.5408627796359666
-1.690411899596168,1.2257369649902687,-1.021715702837249,0.516328637612644,1.3698077444743215
-1.3952599538233779,-0.7134181349534762,-1.2170850966709799,1.653267747118174,-0.7987477622546525
-1.2968759718991145,0.533181572153217,-0.24023812750232493,1.996494648100974,-0.565588601062289
1.7038354767909198,-1.2674624492231175,-1.412454490504711,0.6450387254811948,2.283160548844407
1.4086835310181296,0.533181572153217,-0.7286616120866524,1.1169757143325463,0.11986427131526053
1.4332795264991955,-0.5749070563860658,-0.9240310059203835,1.1813307582668218,1.3312400636755848
0.9167636213968124,-0.5749070563860658,-1.4612968389631436,0.36616686843266866,0.2583573069107245
-0.7311680758345999,-0.9904402920882969,0.8342935385831954,0.9882656264639963,2.3147159240433735
-0.09167219332688757,-1.5444846063579383,-1.0705580512956816,-1.9506147132012397,2.458468188838665
0.15428776148377096,-0.02086274211642439,1.7134558108349849,0.6664904067926202,1.7028922604634122
0.670803666586154,0.39467049358580664,0.7854511901247627,-1.9291630318898143,1.0051678532862645
1.5316635084234589,0.39467049358580664,-0.24023812750232493,0.2160050992526933,1.4820046340706468
1.679239481309854,0.948714807855448,-0.3379228244191904,0.6235870441697694,0.3688011201071072
1.6546434858287882,-1.5444846063579383,0.44355475091573354,-1.7575495813984134,1.1646978056810395
-0.21465217073221685,-1.2674624492231175,0.15050066016513702,0.4519735936783694,1.259363931277939
1.0889355897642734,-0.7134181349534762,1.1761899777922247,0.7522971320383202,0.621244121698839
0.4248437117754954,0.11764833645098596,1.7134558108349849,1.3529442087582224,-0.3972932666678012
-1.6658159041151024,0.8102037292880377,0.05281596324827154,1.052620670398271,-0.6059093582609685
-0.43601613006180956,1.0872258864228583,-0.3867651728776232,0.516328637612644,-0.08349259107807899
1.015147603321076,-1.2674624492231175,1.1761899777922247,1.3743958900696471,-0.7479085466563176
0.32645972985123195,0.11764833645098596,1.3715593716259558,1.4816542966267725,-0.8443277486531596
-1.6658159041151024,0.6716926507206273,0.8342935385831954,1.6318160658067487,-0.5761070594619445
1.334895544574932,-1.1289513706557073,1.0785052808753592,1.6961711097410233,-0.6129216638607388
-0.7803600667967315,-1.4059735277905279,1.2250323262506575,0.7093937694154702,2.737207336429536
0.9659556123589442,-1.1289513706557073,-0.19139577904389218,1.6103643844953233,-0.8320562138535615
-0.26384416169434854,-0.02086274211642439,0.49239709937416626,0.5592320002354948,2.2147905692466465
-0.9279360396831267,-1.4059735277905279,0.1016583117067043,0.43052191236694404,0.1426542645145141
0.646207671105088,1.0872258864228583,0.5900817962910317,2.14665641728095,-0.7198593242572363
-1.542835926709773,1.3642480435576791,0.5900817962910317,-0.06286675779583284,2.342765146442455
-1.7396038905582998,-0.5749070563860658,-0.8263463090035179,1.052620670398271,-0.6059093582609685
-1.0755120125695217,0.39467049358580664,1.0296629324169264,0.2160050992526933,1.2260554796790297
-0.7803600667967315,1.2257369649902687,1.2250323262506575,0.8381038572840201,0.25134500131095416
-1.5920279176719048,0.948714807855448,-0.04486873366859395,-1.1783541859899367,1.4346715712721971
0.8675716304346808,-0.5749070563860658,-0.3867651728776232,1.245685802201097,-0.6479831918595904
-1.2722799764180486,-0.29788489925124506,0.931978235500061,1.5674610218724725,-0.8320562138535615
-1.1001080080505876,-1.1289513706557073,-0.14255343058545944,-0.5777071092700343,2.887971906824598
1.4332795264991955,-0.02086274211642439,1.1761899777922247,0.43052191236694404,0.46171416930406406
0.670803666586154,-0.4363959778186554,-0.14255343058545944,1.8034295162981486,-0.6392178098598775
1.3102995490938663,-0.8519292135208865,-0.3379228244191904,1.3958475713810725,-0.6549954974593608
0.5724196846618905,1.2257369649902687,1.0296629324169264,0.7522971320383202,-0.36573789146883473
-1.2476839809369829,-0.15937382068383474,-0.3379228244191904,2.0393980107238248,-0.8653646654524706
-1.6412199086340364,1.0872258864228583,1.4692440685428212,-0.04141507648440746,1.2225493268791447
0.3756517208133637,1.0872258864228583,-0.6309769151697869,0.5592320002354948,1.9378044980557183
0.3756517208133637,-0.9904402920882969,1.3715593716259558,-0.2773835709100836,0.45820801650417886
-0.854148053239929,0.948714807855448,1.0296629324169264,0.5806836815469194,0.20050578571261932
-0.9033400442020608,-1.4059735277905279,1.0785052808753592,1.0955240330211218,1.5451153844685799
0.8429756349536149,1.6412702006924997,0.8342935385831954,1.6747194284295979,-0.6427239626597627
1.4086835310181296,1.0872258864228583,-0.6798192636282196,1.1384273956439717,1.0542539924846568
0.22807574792696855,1.3642480435576791,0.24818535708200254,0.1301983740069933,1.7852868512607136
-0.2392481662132827,-0.8519292135208865,0.49239709937416626,0.7952004946611702,0.016432763718648186
1.4578755219802613,-0.02086274211642439,1.4204017200843884,0.5377803189240694,0.35302343250762397
-0.31303615265648027,1.5027591221250893,-1.412454490504711,0.1301983740069933,-0.11329488987710289
-0.09167219332688757,0.948714807855448,1.27387467470909,0.9668139451525709,-0.25529407827245204
-0.042480202364755866,-1.1289513706557073,-1.0705580512956816,0.5377803189240694,0.22680193171175803
-0.6327840939103364,-1.5444846063579383,0.73660884166633,0.5377803189240694,-0.36573789146883473
1.4824715174613272,-0.29788489925124506,-1.168242748212547,0.7737488133497455,-0.45865094066579154
1.1135315852453394,1.5027591221250893,0.5900817962910317,0.8381038572840201,0.09532120171606438
-1.3952599538233779,0.6716926507206273,1.1761899777922247,0.1945534179412679,0.5949479756997003
-0.6327840939103364,0.6716926507206273,0.73660884166633,0.6021353628583448,0.011173534518820439
1.015147603321076,-0.7134181349534762,1.6646134623765523,0.8595555385954455,-0.05544336867899768
-0.8049560622777974,-0.4363959778186554,0.6389241447494645,1.3529442087582224,-0.09576412587767706
0.35105572533229784,-0.4363959778186554,-1.6566662327968746,-1.1783541859899367,2.900243441624196
0.8675716304346808,-0.4363959778186554,-0.7775039605450852,1.5889127031838979,-0.5936378234613704
-0.8049560622777974,-1.6829956849253485,-0.3867651728776232,1.653267747118174,-0.9074384990510925
-1.2476839809369829,1.0872258864228583,-1.5101391874215764,0.4519735936783694,0.5791702881002171
0.12969176600270513,-0.9904402920882969,-0.24023812750232493,0.7952004946611702,0.07253120851681082
-0.19005617525115098,1.3642480435576791,-1.2659274451294127,0.6879420881040448,-0.004604153080662799
-0.6819760848724681,1.2257369649902687,0.6389241447494645,0.2160050992526933,-0.10978873707721773
0.22807574792696855,-0.9904402920882969,0.73660884166633,0.8595555385954455,-0.36223173866894953
0.9167636213968124,-0.02086274211642439,-1.2659274451294127,1.3100408461353725,-0.28334330067153335
1.0643395942832077,-0.15937382068383474,0.73660884166633,0.6021353628583448,-0.5357863022632652
-0.6573800893914022,0.6716926507206273,-0.7286616120866524,0.1516500553184179,0.4143811065056143
0.7199956575482857,0.8102037292880377,-1.021715702837249,-1.371419317792762,1.867681442058015
1.3102995490938663,-1.1289513706557073,-0.5332922182529214,0.6021353628583448,-0.24477561987279656
-1.1001080080505876,1.5027591221250893,-0.19139577904389218,-1.5215810869727382,0.4248995649052698
0.8429756349536149,-1.5444846063579383,0.003973614789838794,-0.9852890541871112,1.9658537204547997
0.7445916530293515,-0.8519292135208865,0.931978235500061,0.6664904067926202,1.7502253232618619
0.7445916530293515,1.0872258864228583,0.1993430086235698,0.6664904067926202,-0.10803566067727514
-0.7065720803535339,0.2561594150183963,0.44355475091573354,1.0740723517096964,0.4774918569035473
1.359491540055998,-0.02086274211642439,-1.021715702837249,1.0955240330211218,0.047988138917614664
-0.7803600667967315,-0.5749070563860658,-1.2170850966709799,0.4519735936783694,1.666077656064618
0.5970156801429564,-1.1289513706557073,-0.04486873366859395,0.43052191236694404,1.0437355340850012
0.8921676259157466,-0.7134181349534762,0.2970277055404353,0.6879420881040448,-0.22724485587337073
-0.21465217073221685,-1.1289513706557073,-1.7055085812553072,0.4519735936783694,2.4479497304390097
-1.3706639583423121,0.11764833645098596,-0.9240310059203835,0.36616686843266866,0.005914305318992693
-1.1738959944937852,1.3642480435576791,-0.19139577904389218,1.0740723517096964,-0.18692409867469134
0.32645972985123195,-1.2674624492231175,-1.4612968389631436,1.417299252692498,-0.7408962410565473
1.679239481309854,0.39467049358580664,0.44355475091573354,-1.4357743617270373,1.7677560872612876
0.49863169821869296,0.8102037292880377,-1.5589815358800092,-0.8780306476299858,1.0893155204835083
0.5970156801429564,1.3642480435576791,0.73660884166633,0.6879420881040448,-0.1395910358762416
-1.1001080080505876,0.39467049358580664,-0.8263463090035179,1.009717307775421,2.5531343144355647
1.0889355897642734,-1.4059735277905279,-1.5101391874215764,0.6664904067926202,2.891478059624483
1.334895544574932,-1.1289513706557073,-1.412454490504711,0.6235870441697694,-0.13608488307635647
-0.31303615265648027,0.6716926507206273,-1.3636121420462781,0.6235870441697694,0.35302343250762397
-0.11626818880795343,-0.29788489925124506,-1.3147697935878453,0.9024589012182955,0.34601112690785363
-0.854148053239929,0.948714807855448,0.7854511901247627,0.6021353628583448,2.120124443649747
-1.3460679628612462,-0.4363959778186554,1.4204017200843884,-1.9720663945126642,1.1734631876807524
-1.5674319221908388,-0.02086274211642439,-1.412454490504711,-0.3631902961557836,1.1068462844829343
-1.715007895077234,0.533181572153217,0.5900817962910317,0.8810072199068709,0.0637658265170979
0.4002477162944295,1.5027591221250893,-0.3379228244191904,0.1516500553184179,2.5075543280370574
1.2119155671696027,-0.8519292135208865,1.4204017200843884,0.23745678056411867,2.9528357336224733
0.9413596168778784,0.39467049358580664,0.6877664932078973,-2.0364214384469395,2.0798036864510676
0.7937836439914832,-1.6829956849253485,-0.2890804759607577,0.5592320002354948,-0.04843106307922735
-0.878744048720995,0.11764833645098596,-1.0705580512956816,0.34471518712124405,1.4925230924703023
0.10509577052163926,-0.5749070563860658,1.1761899777922247,1.0955240330211218,-0.6988224074579253
-0.9279360396831267,1.3642480435576791,-1.3636121420462781,0.2160050992526933,2.0675321516514695
0.9659556123589442,1.2257369649902687,-0.19139577904389218,1.3100408461353725,0.5791702881002171
0.7937836439914832,0.11764833645098596,-1.5101391874215764,-1.2641609112356367,2.7161704196302248
-0.14086418428901928,0.948714807855448,-0.4844498697944887,1.0311689890868463,-0.6725262614587866
0.2772677388891002,0.533181572153217,0.6877664932078973,0.9024589012182955,-0.22549177947342813
1.2611075581317344,0.8102037292880377,0.8831358870416283,0.3018118244983933,0.39159111330636076
0.05590377955950755,1.3642480435576791,-1.412454490504711,-0.3631902961557836,0.1812219453132509
-0.14086418428901928,-1.6829956849253485,0.345870053998868,1.824881197609574,-0.733883935456777
-1.690411899596168,-1.2674624492231175,0.44355475091573354,0.6450387254811948,-0.03265337547974411
0.9167636213968124,-1.2674624492231175,-0.4356075213360559,0.5377803189240694,-0.14835641787595452
-1.0755120125695217,-0.4363959778186554,0.15050066016513702,0.6021353628583448,-0.25529407827245204
0.8429756349536149,1.0872258864228583,1.4692440685428212,1.0311689890868463,0.4511957109044085
0.5478236891808247,-0.29788489925124506,0.931978235500061,0.516328637612644,2.057013693251814
0.7937836439914832,1.6412702006924997,-0.3867651728776232,1.7176227910524486,-0.6567485738593033
1.3102995490938663,-0.7134181349534762,-1.3147697935878453,0.5806836815469194,-0.2693186894719927
-1.715007895077234,0.533181572153217,-0.8751886574619506,0.7522971320383202,-0.04667798667928477
-1.6412199086340364,1.5027591221250893,0.05281596324827154,0.6879420881040448,-0.06596182707865317
-1.0017240261263243,-1.4059735277905279,1.27387467470909,0.6450387254811948,2.873947295625057
1.5316635084234589,-1.2674624492231175,1.518086417001254,1.0955240330211218,0.014679687318705604
-0.41142013458074367,0.533181572153217,0.7854511901247627,-0.7493205597614351,0.09532120171606438
1.4578755219802613,0.533181572153217,-0.2890804759607577,0.9668139451525709,-0.2798371478716482
0.10509577052163926,-0.29788489925124506,-1.021715702837249,0.8166521759725955,0.46171416930406406
-0.6327840939103364,0.39467049358580664,0.24818535708200254,0.7308454507268948,0.007667381718935275
1.334895544574932,-0.9904402920882969,1.4692440685428212,0.5806836815469194,0.2881596057097484
0.5970156801429564,-0.15937382068383474,0.7854511901247627,0.8810072199068709,0.058506597317270155
0.35105572533229784,-0.5749070563860658,0.541239447832599,0.7093937694154702,-0.372750197068605
0.4002477162944295,-0.7134181349534762,0.24818535708200254,0.8810072199068709,1.3329931400755273
-1.223087985455917,1.0872258864228583,0.6877664932078973,0.7737488133497455,0.22680193171175803
0.5478236891808247,0.11764833645098596,-0.0937110821270267,0.8166521759725955,0.3144557517088871
1.6054514948666565,-0.5749070563860658,0.8342935385831954,0.7093937694154702,-0.2517879254725669
-0.06707619784582172,1.6412702006924997,0.73660884166633,-0.38464197746720896,-0.08524566747802158
-0.26384416169434854,1.0872258864228583,0.9808205839584937,0.6235870441697694,-0.08524566747802158
-0.534400111986073,-1.6829956849253485,0.6389241447494645,0.6664904067926202,1.2102777920795467
1.5562595039045246,1.2257369649902687,1.3715593716259558,1.245685802201097,-0.4270955654668251
-1.3706639583423121,-0.15937382068383474,0.8831358870416283,0.9882656264639963,-0.4428732530663083
-0.7557640713156657,0.6716926507206273,1.0296629324169264,1.7605261536752994,-0.6883039490582699
1.4578755219802613,0.6716926507206273,-0.7775039605450852,0.6879420881040448,0.27588807091015033
-0.31303615265648027,1.5027591221250893,-1.6566662327968746,0.47342527498979403,0.23556731371147094
-0.5098041165050071,0.6716926507206273,1.5669287654596866,0.8381038572840201,-0.29736791187107403
-1.6658159041151024,-0.29788489925124506,-1.021715702837249,1.5889127031838979,-0.8215377554539061
0.08049977504057342,1.0872258864228583,0.6877664932078973,0.6450387254811948,0.3091965225090594
-0.3376321481375461,-1.1289513706557073,0.39471240245730077,0.10874669269556791,2.2866667016442923
-1.0017240261263243,-0.9904402920882969,0.24818535708200254,-0.19157684566438285,-0.2289979322733133
0.6953996620672198,0.39467049358580664,1.2250323262506575,-0.10577012041868285,-0.9109446518509777
-1.0755120125695217,0.2561594150183963,1.127347629333792,-0.12722180173010822,-0.42008325986705475
-0.6327840939103364,0.2561594150183963,-0.4844498697944887,-0.8780306476299858,-0.926722339450461
-0.9279360396831267,-0.8519292135208865,-1.7055085812553072,-0.7278688784500097,-0.5270209202635523
-0.6327840939103364,-0.9904402920882969,0.05281596324827154,-0.513352065335759,-0.4551447878659064
0.05590377955950755,0.11764833645098596,0.24818535708200254,-0.42754534009005896,-0.5638355246623465
0.12969176600270513,0.533181572153217,1.7134558108349849,-0.5991587905814597,-0.5515639898627485
0.32645972985123195,-0.15937382068383474,-1.3147697935878453,-0.7707722410728605,-0.5971439762612556
-0.5589961074671388,-0.29788489925124506,1.27387467470909,0.9668139451525709,-1.0476846110464992
-0.01788420688369001,0.6716926507206273,0.24818535708200254,-0.6635138345157351,-0.9284754158504036
0.49863169821869296,-0.4363959778186554,0.345870053998868,-0.08431843910725746,-0.8373154430533893
0.031307784078441696,1.6412702006924997,0.44355475091573354,0.2160050992526933,-1.0546969166462694
1.162723576207471,-0.29788489925124506,-1.1194003997541144,-0.2559318895986582,-0.4744286282652748
1.4578755219802613,-0.02086274211642439,-0.9240310059203835,-0.6206104718928843,0.12337042411514569
1.3102995490938663,1.2257369649902687,0.9808205839584937,-0.513352065335759,-0.46040401706573414
0.006711788597375844,0.2561594150183963,1.518086417001254,-0.2988352522215082,0.0637658265170979
-1.4198559493044438,1.2257369649902687,0.1016583117067043,-1.9291630318898143,-0.1728994874751507
0.670803666586154,-0.7134181349534762,1.0296629324169264,-0.3631902961557836,-0.43235479466665283
-0.042480202364755866,-0.29788489925124506,-0.04486873366859395,0.7308454507268948,-0.9600307910493701
-0.9771280306452583,1.3642480435576791,-0.9728733543788162,0.38761854974409404,-1.023141541447303
-0.6327840939103364,1.0872258864228583,1.322717023167523,-0.7278688784500097,-0.6935631782580975
-0.3376321481375461,-1.6829956849253485,0.6877664932078973,-1.1354508233670866,0.7194164000956236
-1.5182399312287072,-0.8519292135208865,-1.5589815358800092,-0.6635138345157351,-0.03265337547974411
-0.21465217073221685,1.3642480435576791,-0.9240310059203835,-0.47044870271290895,-0.884648505851839
0.5724196846618905,0.6716926507206273,-0.6798192636282196,-0.5348037466471843,-0.5971439762612556
0.8921676259157466,-1.6829956849253485,-0.24023812750232493,-0.7493205597614351,-0.6585016502592459
-1.2968759718991145,-0.7134181349534762,1.0296629324169264,-0.1701251643529582,-0.7812169982552266
0.8921676259157466,-0.9904402920882969,0.39471240245730077,-0.44899702140148434,-0.4691693990654471
1.5808554993855906,-0.02086274211642439,1.27387467470909,0.9024589012182955,-1.073980757045638
0.35105572533229784,0.533181572153217,-1.5101391874215764,-0.42754534009005896,-0.6462301154596478
-0.3376321481375461,-0.29788489925124506,0.49239709937416626,-1.0925474607442367,-0.3376886690697534
-0.8049560622777974,-0.8519292135208865,1.518086417001254,0.2160050992526933,-1.0564499930462121
-1.4444519447855095,-1.1289513706557073,0.49239709937416626,-0.3631902961557836,-0.8530931306528725
-0.7803600667967315,-1.6829956849253485,1.6646134623765523,0.6021353628583448,-1.010870006647705
-1.223087985455917,0.6716926507206273,1.0785052808753592,-0.2559318895986582,-0.48670016306487285
-1.198491989974851,-1.1289513706557073,-0.4356075213360559,-0.7707722410728605,0.37406034930693494
0.05590377955950755,0.11764833645098596,-0.6309769151697869,-0.5991587905814597,-0.7356370118567195
0.08049977504057342,0.533181572153217,-1.2659274451294127,-0.44899702140148434,-0.7742046926554563
-1.02632002160739,0.11764833645098596,1.127347629333792,-0.10577012041868285,-0.42358941266693995
1.4824715174613272,0.8102037292880377,-1.3636121420462781,-2.722875240412542,-0.6953162546580401
1.6300474903477222,-1.6829956849253485,-1.1194003997541144,-0.1701251643529582,-0.456897864265849
0.8183796394725491,-0.4363959778186554,0.931978235500061,-1.1139991420556612,-0.5165024618638968
-0.042480202364755866,1.6412702006924997,0.7854511901247627,-2.143679845004065,-0.40781172506745667
-0.11626818880795343,0.6716926507206273,0.39471240245730077,-2.2294865702497653,-0.5796132122618297
0.6216116756240222,0.948714807855448,0.49239709937416626,-3.0661021413953433,-0.42008325986705475
0.8921676259157466,-0.5749070563860658,-1.6078238843384418,-0.44899702140148434,-0.7233654770571215
0.3756517208133637,-0.5749070563860658,-1.3147697935878453,-0.34173861484435897,-0.7146000950574085
-1.3706639583423121,0.533181572153217,-0.4844498697944887,-0.7493205597614351,-0.7566739286560306
1.7038354767909198,-0.9904402920882969,-1.4612968389631436,-0.34173861484435897,-0.842574672253217
-0.26384416169434854,0.11764833645098596,-0.3867651728776232,-2.5083584272982913,-0.6514893446594756
-0.9771280306452583,0.6716926507206273,-0.24023812750232493,-0.14867348304153283,0.41964033570544207
1.7038354767909198,1.5027591221250893,0.2970277055404353,-0.34173861484435897,-0.9530184854495997
-1.6166239131529705,-1.6829956849253485,-0.2890804759607577,-0.6849655158271597,-0.9162038810508055
-0.5589961074671388,0.11764833645098596,-0.5821345667113542,-0.8780306476299858,0.13564195891474376
1.4332795264991955,0.948714807855448,0.6389241447494645,-2.16513152631549,-0.2079610154740023
1.334895544574932,1.6412702006924997,-0.7775039605450852,-2.7872302843468173,-0.7321308590568344
1.5562595039045246,1.6412702006924997,-0.5821345667113542,-0.5777071092700343,-0.8671177418524132
-0.41142013458074367,-1.5444846063579383,0.05281596324827154,-0.12722180173010822,-0.8618585126525854
1.2365115626506686,-0.5749070563860658,0.931978235500061,0.6235870441697694,-1.0792399862454656
1.4578755219802613,0.11764833645098596,0.8342935385831954,-0.2559318895986582,-0.5603293718624613
-1.715007895077234,-0.02086274211642439,-1.021715702837249,-0.19157684566438285,0.3986034189061311
1.162723576207471,-1.1289513706557073,1.2250323262506575,-0.6420621532043097,-0.8513400542529299
-1.6412199086340364,0.11764833645098596,0.24818535708200254,-0.2130285269758082,-0.8583523598527003
-0.43601613006180956,-0.4363959778186554,-1.168242748212547,-2.6585201964782668,-0.435860947466538
1.4824715174613272,0.948714807855448,-1.0705580512956816,-1.4572260430384627,-0.36573789146883473
1.2365115626506686,-0.29788489925124506,0.05281596324827154,0.7308454507268948,-1.0371661526468436
-1.3952599538233779,1.0872258864228583,1.518086417001254,-0.19157684566438285,-0.8127723734541932
-0.41142013458074367,-1.4059735277905279,1.4692440685428212,-0.19157684566438285,-0.6357116570599923
-0.28844015717541444,-0.15937382068383474,0.15050066016513702,-0.3202869335329336,-0.2307510086732559
1.334895544574932,1.5027591221250893,0.8831358870416283,-1.7575495813984134,-0.3552194330691792
0.031307784078441696,-0.8519292135208865,-0.5821345667113542,-1.371419317792762,-0.7058347130576956
0.006711788597375844,1.0872258864228583,-1.168242748212547,-0.513352065335759,-0.7514146994562028
0.9905516078400101,-0.9904402920882969,0.8831358870416283,-0.2130285269758082,-0.7110939422575234
1.4332795264991955,-0.02086274211642439,-1.021715702837249,-0.3631902961557836,-0.9880800134484513
-0.7065720803535339,-1.6829956849253485,-1.3636121420462781,-0.1701251643529582,-0.2097140918739449
0.2772677388891002,-0.29788489925124506,-0.4356075213360559,-0.7707722410728605,-0.8793892766520113
0.5724196846618905,-0.8519292135208865,1.0296629324169264,-0.01996339517298284,-0.9652900202491977
-1.3460679628612462,-1.1289513706557073,-0.0937110821270267,-0.6849655158271597,-0.7654393106557434
-1.2476839809369829,0.8102037292880377,-1.5589815358800092,-0.7707722410728605,0.04623506251767208
0.22807574792696855,1.3642480435576791,-1.3147697935878453,-0.3631902961557836,-0.5848724414616575
-1.3214719673801802,0.8102037292880377,-0.5332922182529214,-0.40609365877863357,-0.6111685874607962
-0.48520812102394123,1.0872258864228583,-0.4844498697944887,-1.242709229924212,0.15843195211399733
-1.2968759718991145,-0.15937382068383474,-1.5589815358800092,-1.049644098121386,0.5423556837014228
0.9905516078400101,1.3642480435576791,-1.3147697935878453,-0.47044870271290895,-0.628699351460222
1.3840875355370637,0.533181572153217,1.1761899777922247,-0.19157684566438285,-0.3289232870700405
1.0889355897642734,0.2561594150183963,0.9808205839584937,0.044391648761292535,-0.9389938742500591
-1.690411899596168,1.6412702006924997,0.15050066016513702,0.08729501138414254,-0.9372407978501165
-0.9525320351641925,-0.4363959778186554,-1.6566662327968746,-0.8351272850071351,-0.07122105627848092
-0.6819760848724681,-1.2674624492231175,1.7134558108349849,-1.0281924168099612,-0.6935631782580975
0.2034797524459027,0.8102037292880377,-0.4844498697944887,-0.38464197746720896,-0.9495123326497146
-1.1492999990127193,-0.02086274211642439,-1.4612968389631436,-0.14867348304153283,-0.3464540510694663
-0.16546017977008515,-1.2674624492231175,-0.8751886574619506,-0.5562554279586097,-0.595390899861313
-1.1001080080505876,-0.02086274211642439,0.1993430086235698,-1.1783541859899367,0.058506597317270155
0.49863169821869296,-0.29788489925124506,-0.6309769151697869,-0.38464197746720896,-0.7969946858547099
1.2857035536128003,-1.4059735277905279,0.345870053998868,-3.0661021413953433,-0.3569725094691218
0.8675716304346808,1.0872258864228583,0.05281596324827154,-0.6420621532043097,-0.7391431646566047
1.187319571688537,-0.4363959778186554,-0.6798192636282196,-1.6073878122184382,0.2618634597106097
1.1135315852453394,-0.4363959778186554,0.6389241447494645,-0.2130285269758082,-0.9793146314487384
1.334895544574932,1.0872258864228583,0.5900817962910317,-0.7278688784500097,-0.6760324142586718
0.15428776148377096,0.533181572153217,1.6157711139181195,-0.01996339517298284,-1.0213884650473604
-0.41142013458074367,-0.9904402920882969,-0.4844498697944887,-0.12722180173010822,-0.9004261934513222
1.2365115626506686,1.6412702006924997,0.39471240245730077,-3.001747097461068,-0.10803566067727514
0.2772677388891002,-1.6829956849253485,0.541239447832599,-0.8780306476299858,-0.7601800814559156
1.2857035536128003,1.2257369649902687,1.6646134623765523,-0.3631902961557836,-0.45865094066579154
-0.28844015717541444,-0.7134181349534762,-0.0937110821270267,-0.04141507648440746,-0.7706985398555711
1.3840875355370637,1.2257369649902687,1.127347629333792,-0.1701251643529582,-0.5305270730634374
1.7038354767909198,-0.02086274211642439,0.39471240245730077,-0.44899702140148434,-0.6111685874607962
0.9413596168778784,1.2257369649902687,-0.6798192636282196,-0.34173861484435897,-0.6690201086589014
-0.9771280306452583,0.39467049358580664,1.4692440685428212,-0.2773835709100836,-0.8057600678544228
-1.0017240261263243,-0.9904402920882969,-0.5821345667113542,-1.4572260430384627,0.002408152519107529
-1.4690479402665755,-0.7134181349534762,-1.5101391874215764,-0.42754534009005896,-0.6567485738593033
-0.7803600667967315,-0.29788489925124506,0.9808205839584937,-0.2559318895986582,-0.5638355246623465
-1.1247040035316536,-1.5444846063579383,-0.6798192636282196,-0.38464197746720896,-0.5059840034642413
-0.01788420688369001,0.11764833645098596,1.518086417001254,-0.47044870271290895,-0.8583523598527003
-0.5589961074671388,1.5027591221250893,-1.7055085812553072,-0.7922239223842851,-0.5480578370628633
-1.7396038905582998,1.5027591221250893,0.73660884166633,-3.001747097461068,-0.5848724414616575
0.5478236891808247,0.11764833645098596,-0.5821345667113542,-1.736097900086989,0.032210451318131425
-1.050916017088456,-1.2674624492231175,-1.6078238843384418,-2.186583207626915,-0.179911793074921
-0.8049560622777974,-0.7134181349534762,-0.9728733543788162,-0.3202869335329336,-0.4428732530663083
0.9659556123589442,-0.9904402920882969,-0.14255343058545944,-0.5777071092700343,-0.8530931306528725
0.15428776148377096,1.5027591221250893,1.2250323262506575,-0.6849655158271597,-0.4656632462655619
1.6054514948666565,0.533181572153217,-1.2659274451294127,-0.2988352522215082,-0.3867748082681457
-0.19005617525115098,-0.8519292135208865,1.6157711139181195,-0.6206104718928843,-0.7426493174564899
0.3018637343701661,-0.5749070563860658,-0.4356075213360559,-0.44899702140148434,-0.7075877894576382
-1.6658159041151024,0.948714807855448,-1.1194003997541144,-1.0067407354985358,0.3793195785067627
-1.6166239131529705,-1.5444846063579383,-1.0705580512956816,-0.10577012041868285,-1.0126230830476475
0.15428776148377096,0.948714807855448,0.05281596324827154,-0.04141507648440746,-0.9074384990510925
0.8921676259157466,0.6716926507206273,1.3715593716259558,-0.6635138345157351,0.0637658265170979
-0.43601613006180956,-0.7134181349534762,-1.3636121420462781,-2.894488690903943,-0.6479831918595904
-1.050916017088456,-1.1289513706557073,-1.3636121420462781,-0.47044870271290895,-0.9162038810508055
0.22807574792696855,1.0872258864228583,0.7854511901247627,-0.19157684566438285,-0.7461554702563751
0.031307784078441696,-0.02086274211642439,1.4204017200843884,-0.8565789663185605,0.11109888931554762
1.5316635084234589,1.6412702006924997,0.39471240245730077,-2.637068515166842,-0.2903556062713037
1.138127580726405,-0.5749070563860658,1.2250323262506575,-0.5777071092700343,-0.6760324142586718
0.6216116756240222,-0.9904402920882969,0.7854511901247627,-0.47044870271290895,-0.7216124006571789
0.646207671105088,-1.5444846063579383,0.541239447832599,-0.12722180173010822,-0.896920040651437
0.9905516078400101,-0.15937382068383474,0.6877664932078973,-0.40609365877863357,-0.6479831918595904
1.679239481309854,1.6412702006924997,-0.6798192636282196,-0.40609365877863357,0.04097583331784434
0.031307784078441696,1.3642480435576791,-1.1194003997541144,-0.7707722410728605,0.29341883490957615
-0.3376321481375461,0.533181572153217,0.05281596324827154,-2.8086819656582422,-0.6392178098598775
-0.7557640713156657,0.11764833645098596,-0.2890804759607577,-0.6420621532043097,-0.030900299079801533
-0.534400111986073,0.6716926507206273,-0.19139577904389218,-1.199805867301362,-0.4849470866649303
1.0889355897642734,-0.9904402920882969,-0.5821345667113542,0.10874669269556791,-0.9670430966491403
0.44943970725656124,1.3642480435576791,1.7134558108349849,-0.06286675779583284,-0.5936378234613704
1.4578755219802613,-0.5749070563860658,0.8342935385831954,-0.6635138345157351,-0.9091915754510351
0.8921676259157466,1.2257369649902687,0.9808205839584937,-0.34173861484435897,-0.6251931986603368
0.15428776148377096,-0.5749070563860658,0.24818535708200254,0.7952004946611702,-1.0950176738449489
-1.4690479402665755,-1.2674624492231175,-1.412454490504711,-0.40609365877863357,-0.5024778506643561
-1.2722799764180486,-1.4059735277905279,1.3715593716259558,-1.6288394935298636,-0.3867748082681457
-1.0755120125695217,1.5027591221250893,-1.021715702837249,-0.1701251643529582,-0.809266220654308
-1.02632002160739,-1.5444846063579383,-1.5101391874215764,-0.49190038402433434,0.09006197251623663
1.2365115626506686,0.11764833645098596,0.345870053998868,0.6450387254811948,0.002408152519107529
1.2857035536128003,-1.2674624492231175,-0.04486873366859395,-0.6420621532043097,-0.7216124006571789
-1.4936439357476412,0.8102037292880377,1.518086417001254,-0.34173861484435897,-0.5042309270642987
-0.878744048720995,-0.15937382068383474,0.05281596324827154,0.6021353628583448,-0.015122611480318291
-1.223087985455917,-0.4363959778186554,1.1761899777922247,1.1598790769553964,-0.200948709874232
-1.715007895077234,0.2561594150183963,1.518086417001254,-0.2988352522215082,-0.4954655450645858
-1.0017240261263243,0.533181572153217,-1.1194003997541144,0.08729501138414254,-1.052943840246327
0.670803666586154,1.3642480435576791,-1.0705580512956816,0.7308454507268948,-0.030900299079801533
-0.878744048720995,-0.5749070563860658,0.15050066016513702,0.9668139451525709,-0.16764025827532295
0.8921676259157466,-1.4059735277905279,-1.3636121420462781,-1.3499676364813373,2.316469000443316
-1.2968759718991145,-0.29788489925124506,-0.5821345667113542,1.417299252692498,-0.6111685874607962
-1.2722799764180486,0.6716926507206273,-0.24023812750232493,-0.34173861484435897,-0.8022539150545377
-1.2476839809369829,0.6716926507206273,1.27387467470909,1.0311689890868463,1.208524715679604
-0.534400111986073,-0.29788489925124506,0.9808205839584937,0.9024589012182955,1.0612662980844272
1.0397435988021417,1.3642480435576791,0.15050066016513702,0.2589084618755433,-1.077486909845523
0.006711788597375844,0.8102037292880377,0.6877664932078973,-3.023198778772493,-0.050184139479169936
0.6953996620672198,1.5027591221250893,0.05281596324827154,-0.5562554279586097,-0.5427986078630355
1.0397435988021417,0.2561594150183963,-1.6078238843384418,0.7093937694154702,1.2032654864797763
-1.6412199086340364,1.2257369649902687,0.49239709937416626,-0.9638373728756858,-0.19919563347428942
1.4578755219802613,1.3642480435576791,1.4692440685428212,0.7308454507268948,0.004161228919050111
0.8183796394725491,-0.15937382068383474,-1.2170850966709799,-1.199805867301362,0.4056157245059014
-1.1247040035316536,-1.1289513706557073,-1.5101391874215764,1.1384273956439717,-0.5866255178616001
1.4578755219802613,-1.4059735277905279,-0.7775039605450852,-0.6849655158271597,-0.4691693990654471
-0.7065720803535339,-1.2674624492231175,0.05281596324827154,-0.2559318895986582,-0.34119482186963856
0.9659556123589442,0.39467049358580664,-0.0937110821270267,0.1731017366298433,2.277901319644579
-0.5098041165050071,-0.5749070563860658,1.2250323262506575,1.0311689890868463,-0.029147222679858947
1.2857035536128003,-0.4363959778186554,-1.1194003997541144,-0.47044870271290895,-0.7356370118567195
0.7691876485104173,-0.5749070563860658,-1.412454490504711,-0.40609365877863357,-0.8180316026540209
0.32645972985123195,0.11764833645098596,-0.3867651728776232,-0.42754534009005896,-0.9337346450502313
0.7199956575482857,-0.8519292135208865,0.1993430086235698,0.3018118244983933,1.5959546000669147
0.2034797524459027,-0.29788489925124506,-0.8263463090035179,0.32326350580981866,-0.9109446518509777
1.162723576207471,1.3642480435576791,1.27387467470909,-2.7872302843468173,0.19875270931267672
-0.7065720803535339,-1.1289513706557073,0.1016583117067043,-0.1701251643529582,-0.8022539150545377
-1.6658159041151024,-0.8519292135208865,0.003973614789838794,0.8810072199068709,0.8508971300913173
-0.8295520577588632,-1.1289513706557073,-0.6798192636282196,-0.14867348304153283,-0.6988224074579253
-1.5920279176719048,-0.15937382068383474,1.1761899777922247,-1.0710957794328113,0.6668241080973462
1.2119155671696027,0.948714807855448,1.127347629333792,-0.2130285269758082,-0.9249692630505184
-1.3706639583423121,-1.4059735277905279,-0.5332922182529214,-0.2773835709100836,-0.9582777146494275
-1.2476839809369829,1.5027591221250893,-0.19139577904389218,0.47342527498979403,-0.16588718187538035
-0.43601613006180956,1.3642480435576791,0.9808205839584937,0.9882656264639963,-0.2079610154740023
0.49863169821869296,-0.4363959778186554,-0.7286616120866524,1.5674610218724725,-0.7023285602578104
-0.878744048720995,-1.1289513706557073,0.345870053998868,0.5377803189240694,-0.4060586486675141
-0.21465217073221685,1.6412702006924997,-1.1194003997541144,0.6235870441697694,0.1812219453132509
-0.8049560622777974,-0.4363959778186554,0.1993430086235698,1.0955240330211218,-0.754920852256088
1.2365115626506686,1.3642480435576791,0.345870053998868,0.10874669269556791,0.44418340530463823
0.49863169821869296,0.11764833645098596,-1.6078238843384418,-0.38464197746720896,-0.8776362002520687
0.15428776148377096,0.11764833645098596,0.7854511901247627,1.3958475713810725,0.47047955130377694
-0.06707619784582172,0.2561594150183963,0.24818535708200254,0.516328637612644,-1.0459315346465565
0.15428776148377096,-0.4363959778186554,0.24818535708200254,0.7093937694154702,-1.031906923447016
0.2526717434080344,1.6412702006924997,0.541239447832599,-0.34173861484435897,-0.33944174546969597
0.8183796394725491,-1.6829956849253485,0.2970277055404353,0.9668139451525709,2.5040481752371724
-1.050916017088456,0.948714807855448,0.345870053998868,-0.1701251643529582,-0.9249692630505184
-0.9771280306452583,-1.2674624492231175,-0.8263463090035179,1.1384273956439717,0.15843195211399733
0.08049977504057342,-0.4363959778186554,-0.7286616120866524,-0.34173861484435897,-0.9074384990510925
1.2857035536128003,-0.9904402920882969,1.27387467470909,-1.5859361309070128,-0.5375393786632078
-0.21465217073221685,-0.5749070563860658,-0.5821345667113542,0.7093937694154702,1.0384763048851735
1.3102995490938663,-0.4363959778186554,-1.6566662327968746,0.7522971320383202,0.9227732624889631
-0.7311680758345999,-0.9904402920882969,-1.3147697935878453,-0.38464197746720896,-0.7496616230562602
-0.09167219332688757,0.39467049358580664,0.15050066016513702,-0.3631902961557836,-0.5147493854639542
-1.2722799764180486,-0.7134181349534762,-0.7286616120866524,0.7737488133497455,-0.02038184068014604
1.679239481309854,1.6412702006924997,-0.0937110821270267,-0.40609365877863357,-0.4130709542672844
-1.6412199086340364,0.8102037292880377,0.9808205839584937,-2.958843734838218,-0.07998643827819384
1.1135315852453394,0.533181572153217,0.9808205839584937,0.4519735936783694,0.014679687318705604
-0.31303615265648027,1.2257369649902687,-0.4356075213360559,1.1384273956439717,0.4739857041036621
-0.5589961074671388,-0.8519292135208865,-1.168242748212547,1.3529442087582224,-0.3043802174708443
1.2119155671696027,1.6412702006924997,-1.5101391874215764,-0.9209340102528358,2.6127389120336124
0.6216116756240222,1.6412702006924997,1.5669287654596866,0.6235870441697694,0.4739857041036621
-1.1492999990127193,1.3642480435576791,0.7854511901247627,1.052620670398271,-0.10803566067727514
0.4248437117754954,-0.8519292135208865,0.7854511901247627,1.3958475713810725,-0.8197846790539635
1.0889355897642734,0.11764833645098596,1.7134558108349849,0.6235870441697694,3.1632049016155834
0.9167636213968124,-0.8519292135208865,0.003973614789838794,0.6450387254811948,-0.09751720227761965
-0.3376321481375461,-0.5749070563860658,-0.8751886574619506,-0.3202869335329336,-0.9880800134484513
0.08049977504057342,-0.7134181349534762,1.518086417001254,0.36616686843266866,0.4459364817045808
0.6216116756240222,0.948714807855448,1.518086417001254,-0.5777071092700343,-0.8390685194533318
0.8429756349536149,-1.6829956849253485,1.127347629333792,1.5460093405610487,-0.5620824482624039
0.7937836439914832,-0.29788489925124506,1.3715593716259558,-0.42754534009005896,2.3673082160416508
-1.1001080080505876,1.5027591221250893,0.1016583117067043,0.34471518712124405,-0.14309718867612678
0.5478236891808247,-0.5749070563860658,0.9808205839584937,-1.199805867301362,-0.49020631586475805
-1.6166239131529705,0.6716926507206273,1.0785052808753592,0.1945534179412679,-1.1160545906442598
-1.0017240261263243,1.6412702006924997,-1.2659274451294127,0.001488286138442538,-0.8075131442543654
0.44943970725656124,1.0872258864228583,-1.2170850966709799,-1.1139991420556612,-0.4376140238664806
-0.8049560622777974,0.2561594150183963,-1.5589815358800092,-0.14867348304153283,-0.8197846790539635
-1.1247040035316536,0.533181572153217,-1.168242748212547,-2.5727134712325666,0.23556731371147094
1.6546434858287882,-0.9904402920882969,0.24818535708200254,1.0955240330211218,1.0542539924846568
0.6953996620672198,-0.7134181349534762,0.5900817962910317,0.8381038572840201,0.524824919701997
-0.7557640713156657,0.39467049358580664,-1.3147697935878453,0.1301983740069933,2.6793558152314305
-1.4936439357476412,1.2257369649902687,1.4204017200843884,0.06584333007271792,-0.9126977282509203
1.507067512942393,0.6716926507206273,-1.6078238843384418,0.5806836815469194,-0.4043055722675715
1.6300474903477222,-0.15937382068383474,-0.3379228244191904,-0.6849655158271597,-0.7899823802549396
0.5478236891808247,0.2561594150183963,1.7134558108349849,1.2671374835125218,-0.1606279526755526
0.8429756349536149,-0.29788489925124506,1.1761899777922247,0.23745678056411867,0.5967010520996429
-0.7311680758345999,0.11764833645098596,-0.9728733543788162,0.43052191236694404,0.449442634504466
0.5724196846618905,-1.4059735277905279,-0.6309769151697869,0.23745678056411867,-0.9442531034498868
1.138127580726405,1.2257369649902687,-1.2170850966709799,-0.2773835709100836,-1.002104624647992
-1.0755120125695217,-0.7134181349534762,-1.2659274451294127,0.2589084618755433,-1.0476846110464992
1.5808554993855906,-0.8519292135208865,1.2250323262506575,0.044391648761292535,0.32497421010854266
-0.16546017977008515,-0.4363959778186554,-0.7286616120866524,-0.5348037466471843,-0.9617838674493127
1.187319571688537,0.2561594150183963,0.2970277055404353,0.6450387254811948,0.25309807771089676
-0.31303615265648027,-0.8519292135208865,1.322717023167523,-0.9638373728756858,-0.3762563498684902
0.5724196846618905,0.11764833645098596,-0.19139577904389218,0.5377803189240694,0.40386264810595884
1.0889355897642734,-0.02086274211642439,-0.5332922182529214,-0.9423856915642604,-0.574353983062002
-0.11626818880795343,-0.8519292135208865,-0.8263463090035179,-0.3631902961557836,-0.24652869627273913
-0.6327840939103364,-0.29788489925124506,-1.5101391874215764,-0.8994823289414104,-0.8180316026540209
-0.2392481662132827,-1.5444846063579383,-1.5589815358800092,-1.736097900086989,1.3855854320738048
1.6300474903477222,-1.6829956849253485,0.05281596324827154,0.1731017366298433,-0.9950923190482217
-0.16546017977008515,-0.8519292135208865,1.4692440685428212,-0.34173861484435897,-0.6041562818610259
0.5724196846618905,-0.8519292135208865,-0.5332922182529214,-0.6206104718928843,-0.842574672253217
1.3840875355370637,0.11764833645098596,1.1761899777922247,0.4519735936783694,0.0637658265170979
0.5970156801429564,1.5027591221250893,1.7134558108349849,-0.40609365877863357,-0.31139252307061466
-0.878744048720995,-0.8519292135208865,0.73660884166633,-0.6206104718928843,2.5583935436353924
-1.7396038905582998,0.533181572153217,-1.0705580512956816,0.06584333007271792,-0.7812169982552266
-1.4936439357476412,1.2257369649902687,1.322717023167523,-0.7064171971385851,-0.5357863022632652
1.0889355897642734,-0.8519292135208865,0.8342935385831954,-0.3631902961557836,-0.8267969846537339
0.6216116756240222,-1.5444846063579383,0.15050066016513702,0.001488286138442538,1.2663762368777092
0.7691876485104173,0.533181572153217,-0.19139577904389218,1.6747194284295979,-0.691810101858155
-0.41142013458074367,-0.8519292135208865,1.2250323262506575,0.6235870441697694,1.476745404870819
-0.3376321481375461,1.5027591221250893,-0.9240310059203835,-2.958843734838218,-0.5988970526611981
1.507067512942393,0.948714807855448,-1.3147697935878453,0.38761854974409404,1.003414776886322
0.08049977504057342,1.0872258864228583,-0.19139577904389218,-0.2344802082872336,-0.016875687880260875
-1.0755120125695217,0.39467049358580664,0.9808205839584937,-0.513352065335759,-0.9302284922503461
1.6546434858287882,0.948714807855448,-1.6078238843384418,-0.34173861484435897,-0.8530931306528725
1.5562595039045246,-0.29788489925124506,0.2970277055404353,-1.8004529440212635,-0.360478662269007
1.0643395942832077,0.11764833645098596,-1.168242748212547,0.5806836815469194,-1.0564499930462121
1.5316635084234589,-1.4059735277905279,-0.2890804759607577,-0.6635138345157351,0.053247368117442406
-0.9033400442020608,-0.9904402920882969,-1.412454490504711,-1.736097900086989,-0.31489867587049986
1.3840875355370637,-1.1289513706557073,-1.5101391874215764,-0.40609365877863357,-0.036159528279629274
-0.8295520577588632,1.0872258864228583,-1.1194003997541144,-0.8565789663185605,0.07779043771663856
-0.9771280306452583,0.2561594150183963,1.322717023167523,-0.40609365877863357,-0.6532424210594182
-0.7311680758345999,-1.5444846063579383,-0.0937110821270267,-1.049644098121386,1.2435862436784557
1.4578755219802613,-0.4363959778186554,1.3715593716259558,0.8381038572840201,0.03922275691790175
0.35105572533229784,-0.15937382068383474,-0.9728733543788162,0.7522971320383202,-1.0494376874464417
-1.198491989974851,-1.5444846063579383,-0.6798192636282196,0.6879420881040448,-0.511243232664069
0.49863169821869296,0.533181572153217,0.1993430086235698,0.4519735936783694,0.11109888931554762
-0.7557640713156657,-0.02086274211642439,-0.5332922182529214,-0.04141507648440746,-0.6585016502592459
-0.6081880984292706,0.11764833645098596,-1.5101391874215764,1.3743958900696471,-0.3008740646709592
-1.3460679628612462,0.39467049358580664,0.8831358870416283,-0.14867348304153283,-0.3569725094691218
-1.4198559493044438,0.39467049358580664,-0.3867651728776232,-0.2988352522215082,0.40386264810595884
-0.7803600667967315,-1.2674624492231175,-1.7055085812553072,-1.5001294056613128,-0.45163863506602125
1.2611075581317344,1.6412702006924997,0.44355475091573354,1.0740723517096964,-0.09751720227761965
1.162723576207471,-1.4059735277905279,-0.8751886574619506,-0.5991587905814597,-0.6549954974593608
0.17888375696483683,1.5027591221250893,0.15050066016513702,-1.4572260430384627,-0.43060171826671023
-1.4936439357476412,-0.4363959778186554,0.8831358870416283,-0.3202869335329336,-0.595390899861313
0.8183796394725491,-1.6829956849253485,1.518086417001254,0.36616686843266866,-0.14660334147601195
-0.19005617525115098,-1.1289513706557073,-1.4612968389631436,0.10874669269556791,-0.01336953508037571
1.334895544574932,-0.5749070563860658,0.9808205839584937,-1.8004529440212635,0.3565295853075091
-0.362228143618612,0.6716926507206273,1.4692440685428212,-0.06286675779583284,-0.9950923190482217
-1.7396038905582998,0.39467049358580664,-0.5332922182529214,0.7952004946611702,-1.0354130762469012
1.6054514948666565,1.5027591221250893,-1.2659274451294127,0.7093937694154702,0.6598118024975758
-0.38682413909967783,0.11764833645098596,0.345870053998868,0.9024589012182955,1.2646231604777667
0.12969176600270513,1.2257369649902687,0.9808205839584937,1.3100408461353725,-0.4691693990654471
1.0643395942832077,0.11764833645098596,-0.6309769151697869,0.06584333007271792,1.1980062572799486
-0.2392481662132827,-1.5444846063579383,1.4692440685428212,-1.328515955169912,0.3810726549067053
-1.5920279176719048,1.6412702006924997,-1.5589815358800092,0.9453622638411455,0.4266526413052124
1.2611075581317344,-0.4363959778186554,1.322717023167523,1.5674610218724725,-0.7969946858547099
-1.4444519447855095,-0.15937382068383474,0.1993430086235698,-1.1569025046785113,0.27588807091015033
-0.11626818880795343,1.0872258864228583,-0.6309769151697869,1.3100408461353725,-0.5796132122618297
1.162723576207471,-1.5444846063579383,0.6877664932078973,0.6664904067926202,1.7870399276606561
1.4086835310181296,0.533181572153217,-0.6309769151697869,1.331492527446797,-0.5796132122618297
-1.4444519447855095,0.948714807855448,-0.4844498697944887,1.245685802201097,-0.12556642467670096
0.8675716304346808,-1.2674624492231175,1.7134558108349849,1.331492527446797,-0.7426493174564899
1.2611075581317344,-0.29788489925124506,-1.5589815358800092,0.36616686843266866,0.15492579931411218
-1.1492999990127193,-1.2674624492231175,-0.9240310059203835,0.6450387254811948,0.5388495309015376
-0.854148053239929,0.948714807855448,-0.4356075213360559,0.28036014318696867,1.455708488071508
-0.6081880984292706,-1.6829956849253485,1.0785052808753592,0.9453622638411455,1.9080021992566945
-1.0755120125695217,-0.9904402920882969,-0.3379228244191904,1.1813307582668218,2.710911190430397
-1.6412199086340364,-0.4363959778186554,-1.7055085812553072,1.2027824395782472,0.4547018637042937
0.3756517208133637,1.6412702006924997,-0.9728733543788162,-1.4572260430384627,1.4662269464711635
-1.4444519447855095,-1.4059735277905279,0.6389241447494645,1.4816542966267725,-0.7373900882566621
-0.9279360396831267,0.948714807855448,-0.8751886574619506,0.02293996744986792,2.7599973296287894
1.679239481309854,-1.4059735277905279,1.1761899777922247,0.7522971320383202,-0.5463047606629207
-1.1492999990127193,0.11764833645098596,0.003973614789838794,0.9024589012182955,-0.07122105627848092
-0.28844015717541444,1.6412702006924997,0.931978235500061,0.7522971320383202,0.33373959210825554
-1.7396038905582998,-0.02086274211642439,1.6646134623765523,0.47342527498979403,1.2646231604777667
-0.06707619784582172,-0.7134181349534762,0.9808205839584937,-0.3202869335329336,0.6282564272986093
-1.5182399312287072,1.3642480435576791,1.0296629324169264,1.2027824395782472,-0.7496616230562602
-0.5098041165050071,0.39467049358580664,-1.5101391874215764,-0.5348037466471843,1.1822285696804653
-0.878744048720995,-0.15937382068383474,0.1016583117067043,1.3529442087582224,-0.2517879254725669
1.5808554993855906,0.948714807855448,0.5900817962910317,0.8810072199068709,0.8316132896919488
1.5316635084234589,1.3642480435576791,0.345870053998868,1.0955240330211218,-0.8250439082537913
-1.198491989974851,-1.5444846063579383,0.49239709937416626,-1.7575495813984134,2.6811088916313732
0.006711788597375844,-0.4363959778186554,-0.6798192636282196,0.9239105825297209,2.5741712312348755
-0.26384416169434854,-1.1289513706557073,-1.021715702837249,-1.1139991420556612,1.7782745456609432
-1.715007895077234,-1.1289513706557073,0.541239447832599,-0.2988352522215082,1.4802515576707043
0.4248437117754954,-1.6829956849253485,1.6157711139181195,0.1731017366298433,1.0595132216844845
1.015147603321076,-1.2674624492231175,1.2250323262506575,1.331492527446797,0.030457374918188843
-0.4606121255428754,-0.29788489925124506,0.1993430086235698,0.9239105825297209,0.1829750217131935
-1.050916017088456,-0.8519292135208865,1.322717023167523,1.0740723517096964,0.2618634597106097
1.4824715174613272,-0.15937382068383474,-0.5821345667113542,0.2160050992526933,0.15667887571405475
-0.01788420688369001,1.0872258864228583,1.4692440685428212,0.9024589012182955,0.17771579251336575
-1.0017240261263243,0.948714807855448,-1.5101391874215764,1.245685802201097,-0.6006501290611407
0.3018637343701661,-1.1289513706557073,-0.7775039605450852,1.0740723517096964,2.1394082840491153
-0.9279360396831267,-0.8519292135208865,-1.5589815358800092,0.43052191236694404,0.3302334393083704
0.05590377955950755,-1.5444846063579383,-0.19139577904389218,0.9024589012182955,0.4547018637042937
0.8429756349536149,0.6716926507206273,-0.2890804759607577,2.0179463294123994,-0.7461554702563751
0.12969176600270513,-0.8519292135208865,0.7854511901247627,1.5460093405610487,-0.8267969846537339
1.5562595039045246,-0.7134181349534762,-0.8751886574619506,0.43052191236694404,1.3189685288759867
-1.3460679628612462,-0.29788489925124506,-0.6309769151697869,1.2885891648239471,0.1338888825148012
0.2772677388891002,0.11764833645098596,-0.5821345667113542,1.996494648100974,-0.6847977962583847
1.679239481309854,-1.4059735277905279,-0.24023812750232493,0.3018118244983933,0.5388495309015376
-0.28844015717541444,0.8102037292880377,1.0296629324169264,1.3743958900696471,-0.6830447198584421
1.2611075581317344,1.2257369649902687,-1.412454490504711,0.2589084618755433,2.1096059852500915
0.031307784078441696,0.948714807855448,0.6389241447494645,0.02293996744986792,1.5433623080686372
0.7445916530293515,0.39467049358580664,-0.7775039605450852,0.6664904067926202,0.02169199291847593
0.7691876485104173,-0.29788489925124506,-1.6078238843384418,0.5592320002354948,-0.4744286282652748
-0.8295520577588632,-1.2674624492231175,-0.04486873366859395,0.7737488133497455,2.090322144850723
-0.6081880984292706,-1.5444846063579383,1.27387467470909,0.47342527498979403,0.012926610918763022
-0.16546017977008515,-0.9904402920882969,-1.412454490504711,0.5377803189240694,0.5300841489018248
0.7937836439914832,-0.02086274211642439,-0.9240310059203835,-1.285612592547062,0.22154270251193028
0.006711788597375844,1.3642480435576791,-1.1194003997541144,0.36616686843266866,0.05500044451738499
0.9167636213968124,-1.4059735277905279,-0.8263463090035179,0.6021353628583448,0.21628347331210254
0.9413596168778784,-0.5749070563860658,0.1993430086235698,0.4519735936783694,0.2110242441122748
-0.6819760848724681,-1.4059735277905279,1.2250323262506575,0.5806836815469194,-0.5129963090640116
1.2365115626506686,0.533181572153217,0.05281596324827154,0.4519735936783694,-0.06596182707865317
-0.14086418428901928,0.6716926507206273,0.6877664932078973,0.5806836815469194,1.76249685806146
-0.3376321481375461,0.8102037292880377,1.0785052808753592,0.8810072199068709,-0.4025524958676289
-1.5674319221908388,0.533181572153217,1.27387467470909,1.2885891648239471,-0.05894952147888285
-0.5098041165050071,1.5027591221250893,-1.6078238843384418,0.7737488133497455,2.072791380851297
-1.1247040035316536,-0.02086274211642439,-0.04486873366859395,0.7952004946611702,-0.08173951467813641
0.9413596168778784,-0.9904402920882969,0.541239447832599,0.2589084618755433,1.9500760328553164
1.3102995490938663,0.2561594150183963,0.1016583117067043,-0.2559318895986582,1.1909939516801782
0.10509577052163926,-0.15937382068383474,1.322717023167523,0.8595555385954455,0.12862965331497345
-1.3952599538233779,-1.4059735277905279,1.322717023167523,1.1813307582668218,1.720423024462838
0.9413596168778784,-1.4059735277905279,-1.4612968389631436,-0.2988352522215082,2.5373566268360817
0.4248437117754954,-1.1289513706557073,-0.14255343058545944,0.6235870441697694,0.2986780641094039
-0.14086418428901928,0.533181572153217,-0.24023812750232493,0.6021353628583448,0.33198651570831295
0.5232276936997589,0.2561594150183963,0.345870053998868,0.9239105825297209,0.05500044451738499
-0.6327840939103364,-0.9904402920882969,-1.5589815358800092,0.32326350580981866,0.16719733411371024
1.015147603321076,1.0872258864228583,0.39471240245730077,0.8166521759725955,0.3565295853075091
-1.542835926709773,-0.8519292135208865,0.931978235500061,0.38761854974409404,0.35127035610768137
-1.3706639583423121,-1.4059735277905279,1.6646134623765523,0.9668139451525709,2.165704430048254
0.22807574792696855,-0.5749070563860658,-0.9240310059203835,0.8381038572840201,-0.09751720227761965
0.670803666586154,-0.02086274211642439,1.0296629324169264,0.5377803189240694,1.5749176832676037
1.162723576207471,0.2561594150183963,-1.5589815358800092,0.5377803189240694,-0.27282484227187787
0.22807574792696855,0.8102037292880377,1.1761899777922247,0.8381038572840201,-0.2640594602721649
-1.4198559493044438,-0.9904402920882969,1.7134558108349849,0.8595555385954455,2.0254583180528476
-0.9279360396831267,-1.1289513706557073,1.0296629324169264,0.6235870441697694,-0.511243232664069
-1.198491989974851,0.11764833645098596,-1.2659274451294127,1.3529442087582224,-0.372750197068605
-1.4936439357476412,-0.02086274211642439,-0.2890804759607577,-0.3631902961557836,1.8817060532575558
0.10509577052163926,-1.1289513706557073,-0.14255343058545944,1.1169757143325463,-0.10452950787738997
-0.9033400442020608,1.5027591221250893,0.05281596324827154,0.36616686843266866,0.1338888825148012
-0.06707619784582172,1.5027591221250893,0.345870053998868,0.7952004946611702,0.4108749537057292
0.646207671105088,-0.02086274211642439,0.15050066016513702,0.9668139451525709,0.06551890291704049
-1.1001080080505876,1.2257369649902687,-1.6078238843384418,-1.7790012627098388,3.024711866020119
-1.5920279176719048,1.3642480435576791,1.5669287654596866,0.9882656264639963,0.17946886891330832
-0.6327840939103364,1.5027591221250893,-0.9240310059203835,1.052620670398271,-0.04843106307922735
-0.9525320351641925,1.5027591221250893,0.5900817962910317,0.9239105825297209,-0.49020631586475805
-1.4690479402665755,0.533181572153217,-0.5821345667113542,1.5889127031838979,-0.5270209202635523
-0.09167219332688757,-1.1289513706557073,-0.8263463090035179,0.8166521759725955,0.17420963971348058
-1.3214719673801802,1.0872258864228583,-1.021715702837249,0.8381038572840201,-0.14485026507606938
0.5232276936997589,-0.29788489925124506,-0.14255343058545944,0.5592320002354948,1.8080768444599673
1.3840875355370637,-1.2674624492231175,-0.8751886574619506,0.43052191236694404,1.76249685806146
1.6054514948666565,0.948714807855448,1.2250323262506575,-1.7790012627098388,3.457721736805937
1.1135315852453394,-0.4363959778186554,1.27387467470909,0.2589084618755433,1.632769204465709
0.9413596168778784,0.948714807855448,-0.5821345667113542,0.5806836815469194,-0.4744286282652748
0.8429756349536149,1.2257369649902687,0.9808205839584937,-1.8862596692669642,1.729188406462551
0.32645972985123195,0.533181572153217,0.8831358870416283,-0.04141507648440746,3.285920249611564
-0.21465217073221685,-1.6829956849253485,-1.4612968389631436,0.6021353628583448,0.3565295853075091
-0.38682413909967783,-1.4059735277905279,-0.0937110821270267,0.8810072199068709,0.8491440536913747
0.7445916530293515,0.6716926507206273,-1.5589815358800092,1.3529442087582224,-0.4639101698656193
0.3756517208133637,-0.9904402920882969,1.0785052808753592,0.5377803189240694,-0.435860947466538
0.4248437117754954,1.6412702006924997,0.24818535708200254,-1.5430327682841627,0.9823778600870109
-0.9279360396831267,-0.4363959778186554,-1.412454490504711,0.02293996744986792,1.5591399956681204
1.4332795264991955,-1.4059735277905279,-0.5821345667113542,0.10874669269556791,1.3978569668734029
-1.2968759718991145,0.2561594150183963,-1.412454490504711,0.9024589012182955,0.012926610918763022
0.646207671105088,-0.8519292135208865,-0.5332922182529214,0.9882656264639963,-0.7934885330548247
0.9413596168778784,1.0872258864228583,-0.4356075213360559,1.1384273956439717,-0.10452950787738997
0.2526717434080344,-0.29788489925124506,0.7854511901247627,0.001488286138442538,1.0665255272842549
-0.8049560622777974,-1.2674624492231175,-0.6309769151697869,-0.8780306476299858,0.7912925324932695
-0.21465217073221685,-0.29788489925124506,1.518086417001254,0.9239105825297209,2.2305682568461296
-1.050916017088456,-1.4059735277905279,1.2250323262506575,1.0955240330211218,-0.6339585806600497
-1.4690479402665755,-0.29788489925124506,-0.6309769151697869,1.0740723517096964,2.333999764442742
1.2857035536128003,0.11764833645098596,-1.2170850966709799,0.6021353628583448,2.018446012453077
0.3018637343701661,1.3642480435576791,-1.6078238843384418,0.38761854974409404,0.4915164681030879
-1.6412199086340364,1.3642480435576791,-0.7775039605450852,0.28036014318696867,-0.07472720907836608
-1.3460679628612462,1.6412702006924997,1.0296629324169264,0.10874669269556791,2.5408627796359666
1.6054514948666565,-1.6829956849253485,-0.0937110821270267,0.32326350580981866,0.4634672457040066
1.2857035536128003,-0.4363959778186554,1.6646134623765523,1.1813307582668218,2.521578939236598
1.015147603321076,0.6716926507206273,0.1016583117067043,0.8810072199068709,0.002408152519107529
0.15428776148377096,-1.5444846063579383,0.6389241447494645,0.9239105825297209,0.31971498090871486
-0.28844015717541444,0.6716926507206273,-0.3379228244191904,0.9024589012182955,0.06201275011715532
0.2772677388891002,0.6716926507206273,0.2970277055404353,0.6021353628583448,0.6668241080973462
0.10509577052163926,-1.2674624492231175,1.1761899777922247,0.5377803189240694,0.005914305318992693
-0.6573800893914022,0.39467049358580664,1.6646134623765523,0.9882656264639963,0.7509717752945901
-1.3460679628612462,-0.4363959778186554,-0.3379228244191904,0.5377803189240694,0.26712268891043744
0.10509577052163926,-0.02086274211642439,0.003973614789838794,0.9024589012182955,2.93004574042322
0.12969176600270513,0.533181572153217,1.6646134623765523,0.7308454507268948,0.9367978736885038
-0.21465217073221685,0.948714807855448,1.322717023167523,0.9453622638411455,0.05500044451738499
-1.6658159041151024,1.6412702006924997,0.24818535708200254,1.0955240330211218,0.6037133576994131
0.4002477162944295,1.3642480435576791,1.5669287654596866,0.8810072199068709,-0.511243232664069
-0.5835921029482046,-0.15937382068383474,0.44355475091573354,0.9024589012182955,0.35302343250762397
1.162723576207471,-0.29788489925124506,-0.4356075213360559,0.34471518712124405,-0.10803566067727514
-1.4690479402665755,0.11764833645098596,1.3715593716259558,1.0740723517096964,-0.435860947466538
0.670803666586154,-0.5749070563860658,-1.5101391874215764,0.28036014318696867,2.3445182228423973
-0.9525320351641925,-0.02086274211642439,-0.8751886574619506,-1.9720663945126642,1.0209455408857477
-1.1247040035316536,1.0872258864228583,-0.8263463090035179,1.2242341208896717,0.36003573810739425
0.646207671105088,-0.8519292135208865,-1.412454490504711,1.009717307775421,-0.8601054362526429
-0.38682413909967783,0.948714807855448,1.1761899777922247,0.34471518712124405,-0.09751720227761965
-0.14086418428901928,-0.4363959778186554,-0.19139577904389218,-1.2641609112356367,1.7221761008627805
-1.1492999990127193,-0.7134181349534762,-0.9240310059203835,0.1945534179412679,0.621244121698839
1.2611075581317344,0.6716926507206273,0.931978235500061,-0.40609365877863357,-0.7181062478572937
0.3018637343701661,-0.7134181349534762,0.003973614789838794,0.8810072199068709,-0.07472720907836608
0.7937836439914832,0.2561594150183963,-0.24023812750232493,1.1169757143325463,-0.5392924550631504
1.679239481309854,-1.4059735277905279,1.7134558108349849,0.7737488133497455,-0.2588002310723372
-1.6658159041151024,-1.4059735277905279,0.541239447832599,-2.6156168338554164,-0.023887993480031202
-0.8049560622777974,-0.02086274211642439,-0.8263463090035179,0.8381038572840201,-0.2675656130720501
0.05590377955950755,1.2257369649902687,0.73660884166633,1.6961711097410233,-0.8127723734541932
0.646207671105088,1.5027591221250893,-1.4612968389631436,-0.6420621532043097,0.058506597317270155
-0.6081880984292706,-0.02086274211642439,1.0785052808753592,0.7093937694154702,1.8869652824573835
1.4086835310181296,0.8102037292880377,1.27387467470909,0.6021353628583448,0.16018502851393993
1.359491540055998,1.6412702006924997,-0.4844498697944887,-0.49190038402433434,-0.6532424210594182
-0.5835921029482046,-0.7134181349534762,-1.5589815358800092,0.02293996744986792,-0.9249692630505184
0.8675716304346808,-1.5444846063579383,-1.0705580512956816,0.7522971320383202,0.07077813211686823
-1.3952599538233779,1.3642480435576791,-0.2890804759607577,-0.42754534009005896,-0.9302284922503461
1.4086835310181296,-1.5444846063579383,-1.6566662327968746,0.9453622638411455,-0.02213491708008862
0.2772677388891002,-1.5444846063579383,-1.021715702837249,1.0311689890868463,-0.872376971052241
-1.6658159041151024,-0.29788489925124506,-0.2890804759607577,1.8677845602324248,-0.7356370118567195
0.3756517208133637,-0.29788489925124506,-1.021715702837249,-2.143679845004065,-0.7601800814559156
1.138127580726405,-0.8519292135208865,-1.3636121420462781,-1.0281924168099612,0.15843195211399733
-0.8295520577588632,0.2561594150183963,-0.5821345667113542,1.1169757143325463,-0.40781172506745667
1.5316635084234589,-0.02086274211642439,-0.2890804759607577,1.1384273956439717,0.3162088281088297
-1.2722799764180486,0.8102037292880377,-1.5589815358800092,-0.8780306476299858,-0.40781172506745667
-0.28844015717541444,-1.5444846063579383,0.5900817962910317,-0.42754534009005896,-0.725118553457064
-1.690411899596168,-1.5444846063579383,0.1016583117067043,-0.2988352522215082,1.4364246476721396
-0.9525320351641925,0.2561594150183963,-0.7286616120866524,-0.513352065335759,-0.5480578370628633
0.15428776148377096,-1.6829956849253485,0.8831358870416283,-0.14867348304153283,-0.893413887851552
-0.21465217073221685,-0.15937382068383474,-1.3147697935878453,-0.3202869335329336,-1.0143761594475902
0.4248437117754954,0.8102037292880377,1.6157711139181195,0.1731017366298433,0.5195656905021693
-1.1247040035316536,0.8102037292880377,-0.9240310059203835,-1.4572260430384627,-0.2482817726726817
-1.0755120125695217,-1.4059735277905279,0.49239709937416626,-0.12722180173010822,-0.9775615550487958
-0.6081880984292706,1.5027591221250893,-1.7055085812553072,-0.01996339517298284,-0.6111685874607962
0.2772677388891002,1.3642480435576791,0.9808205839584937,-1.6073878122184382,0.02870429851824626
0.8429756349536149,-0.8519292135208865,-0.14255343058545944,0.044391648761292535,1.3592892860746661
-0.28844015717541444,0.948714807855448,-1.2659274451294127,1.245685802201097,-0.41833018346711215
1.5562595039045246,1.3642480435576791,0.49239709937416626,0.044391648761292535,-1.0582030694461546
1.2119155671696027,1.2257369649902687,0.6877664932078973,-1.2212575486127866,-0.18517102227474874
1.3840875355370637,-0.9904402920882969,-0.3379228244191904,-0.5348037466471843,-0.8618585126525854
-0.06707619784582172,-0.9904402920882969,-1.168242748212547,0.47342527498979403,-0.9512654090496572
0.6953996620672198,1.6412702006924997,-0.2890804759607577,-2.100776482381215,-0.0010980002807776353
-0.19005617525115098,0.2561594150183963,-0.04486873366859395,-0.5777071092700343,-0.6374647334599349
1.2119155671696027,1.6412702006924997,-0.4356075213360559,0.5806836815469194,0.5563802949009635
-0.7311680758345999,0.8102037292880377,-1.6566662327968746,0.4948769563012194,-0.9968453954481643
-0.26384416169434854,-1.4059735277905279,-0.24023812750232493,-0.513352065335759,-0.8215377554539061
1.6300474903477222,-1.2674624492231175,0.8831358870416283,0.9453622638411455,0.1409011881145715
0.12969176600270513,-1.5444846063579383,1.0785052808753592,0.06584333007271792,-0.9495123326497146
0.8921676259157466,0.6716926507206273,-1.7055085812553072,0.9024589012182955,0.3968503425061885
-1.2476839809369829,-0.9904402920882969,-1.6566662327968746,-0.14867348304153283,-0.7163531714573511
0.4740357027376271,-0.15937382068383474,-0.3379228244191904,0.32326350580981866,0.38983803690641816
1.5808554993855906,0.11764833645098596,0.05281596324827154,-0.42754534009005896,-0.7601800814559156
-0.7803600667967315,0.8102037292880377,1.7134558108349849,-0.49190038402433434,-0.7181062478572937
-1.3214719673801802,-0.4363959778186554,0.15050066016513702,1.1598790769553964,0.33549266850819814
-0.9033400442020608,-0.4363959778186554,-1.6566662327968746,0.9024589012182955,-1.0880053682451785
0.5478236891808247,-0.7134181349534762,-1.7055085812553072,-1.3499676364813373,0.2583573069107245
0.44943970725656124,-1.5444846063579383,-0.3379228244191904,0.516328637612644,-1.0546969166462694
-0.3376321481375461,-0.29788489925124506,-1.3147697935878453,0.5592320002354948,-1.052943840246327
1.0889355897642734,-0.5749070563860658,-0.04486873366859395,0.8595555385954455,0.2583573069107245
1.4824715174613272,-0.15937382068383474,1.6646134623765523,1.739074472363874,-0.6988224074579253
1.2857035536128003,-1.5444846063579383,-0.6798192636282196,1.0955240330211218,2.2095313400468184
-1.6412199086340364,-0.29788489925124506,-0.3379228244191904,0.4948769563012194,1.1191178192825324
0.3018637343701661,1.3642480435576791,0.6389241447494645,-0.8565789663185605,-0.49195939226470065
-1.690411899596168,-0.8519292135208865,-1.4612968389631436,0.06584333007271792,-1.0809930626454083
-0.878744048720995,-1.5444846063579383,0.24818535708200254,-1.8862596692669642,-0.34996020386935145
-1.1001080080505876,0.11764833645098596,-0.8751886574619506,0.23745678056411867,2.8423919204260906
-1.2722799764180486,-0.8519292135208865,-0.19139577904389218,-0.49190038402433434,-0.22549177947342813
0.2772677388891002,1.3642480435576791,1.3715593716259558,0.08729501138414254,-0.9828207842486236
0.08049977504057342,-0.5749070563860658,-1.4612968389631436,-0.34173861484435897,-0.5813662886617723
0.006711788597375844,-0.4363959778186554,-0.8751886574619506,0.6235870441697694,0.13914811171462893
0.9659556123589442,1.0872258864228583,-0.7775039605450852,-0.9209340102528358,-0.8758831238521261
1.359491540055998,-0.5749070563860658,-1.6078238843384418,0.9668139451525709,-0.758427005055973
-1.1001080080505876,0.533181572153217,-0.3867651728776232,-0.7064171971385851,-0.6076624346609111
1.7038354767909198,0.8102037292880377,1.6157711139181195,-0.5348037466471843,-0.5287739966634949
-0.9525320351641925,-0.8519292135208865,1.0785052808753592,-0.9209340102528358,-0.4411201766663657
-1.7396038905582998,0.948714807855448,1.0296629324169264,-0.9209340102528358,-0.5638355246623465
1.5562595039045246,0.2561594150183963,0.39471240245730077,-0.2988352522215082,-0.8495869778529874
-1.3460679628612462,0.2561594150183963,-1.6078238843384418,-1.907711350578389,1.313709299676159
-1.050916017088456,-0.8519292135208865,0.541239447832599,-1.650291174841288,-0.7093408658575808
-1.1738959944937852,-0.15937382068383474,1.5669287654596866,-0.47044870271290895,0.2706288417103226
0.2526717434080344,1.0872258864228583,1.518086417001254,1.3743958900696471,-0.33944174546969597
-1.1738959944937852,0.533181572153217,-1.168242748212547,-0.8565789663185605,2.3900982092409047
1.6546434858287882,1.0872258864228583,1.0785052808753592,1.5460093405610487,-0.691810101858155
0.7937836439914832,0.6716926507206273,-0.4356075213360559,-0.3631902961557836,-0.7023285602578104
-0.9033400442020608,-1.6829956849253485,1.322717023167523,-0.47044870271290895,-0.7934885330548247
0.3756517208133637,-0.15937382068383474,1.0785052808753592,-0.9638373728756858,0.5178126141022267
-1.3460679628612462,-0.4363959778186554,1.27387467470909,-0.6635138345157351,-0.616427816660624
0.10509577052163926,-1.6829956849253485,-0.2890804759607577,-0.6206104718928843,-0.9144508046508629
0.15428776148377096,1.0872258864228583,-0.7286616120866524,1.009717307775421,-0.42008325986705475
-1.3460679628612462,0.2561594150183963,-1.7055085812553072,0.044391648761292535,-0.8671177418524132
-1.5674319221908388,-1.1289513706557073,0.931978235500061,0.9024589012182955,1.6801022672641586
1.679239481309854,-1.5444846063579383,-1.2659274451294127,-1.0281924168099612,2.1639513536483115
0.670803666586154,-0.7134181349534762,1.322717023167523,0.7308454507268948,0.27413499451020773
0.05590377955950755,1.2257369649902687,-0.14255343058545944,-0.38464197746720896,-0.9162038810508055
1.359491540055998,1.0872258864228583,0.9808205839584937,0.9453622638411455,-0.2921086826712463
1.1135315852453394,-1.5444846063579383,0.8342935385831954,-0.2344802082872336,0.05500044451738499
-1.5920279176719048,-0.02086274211642439,0.8342935385831954,-1.1354508233670866,2.752985024029019
0.17888375696483683,-0.8519292135208865,-0.3379228244191904,0.3018118244983933,0.3845788077065904
-0.19005617525115098,0.11764833645098596,1.127347629333792,0.3018118244983933,1.951829109255259
1.2365115626506686,-0.15937382068383474,-0.3379228244191904,1.0311689890868463,2.1253836728495745
1.2365115626506686,-1.4059735277905279,-0.7286616120866524,0.044391648761292535,-0.5778601358618871
-1.1247040035316536,-0.02086274211642439,1.4692440685428212,0.40907023105551865,-1.005610777447877
-0.5835921029482046,-0.29788489925124506,0.003973614789838794,-0.6635138345157351,-0.8075131442543654
-0.362228143618612,0.948714807855448,-1.021715702837249,0.10874669269556791,2.3900982092409047
-0.38682413909967783,-1.5444846063579383,-1.2659274451294127,-2.958843734838218,-0.16588718187538035
1.4086835310181296,1.5027591221250893,0.345870053998868,1.1813307582668218,0.17946886891330832
1.5316635084234589,0.6716926507206273,-1.168242748212547,-1.8648079879555388,1.5118069328696706
-0.8049560622777974,-1.2674624492231175,0.44355475091573354,0.2589084618755433,1.1296362776821878
1.5562595039045246,-0.15937382068383474,0.931978235500061,-0.1701251643529582,-0.9004261934513222
-1.4936439357476412,-1.4059735277905279,0.1016583117067043,0.9453622638411455,0.10583966011571987
-1.050916017088456,-1.2674624492231175,0.44355475091573354,0.8810072199068709,0.16369118131382507
0.2526717434080344,1.6412702006924997,1.0296629324169264,-0.08431843910725746,-0.9214631102506332
1.4578755219802613,1.6412702006924997,-1.1194003997541144,-0.513352065335759,-0.9091915754510351
-0.2392481662132827,1.5027591221250893,0.7854511901247627,1.6961711097410233,-0.5498109134628059
-0.28844015717541444,0.2561594150183963,-0.04486873366859395,0.36616686843266866,1.4259061892724842
-0.5835921029482046,-0.7134181349534762,-0.8263463090035179,-0.47044870271290895,-1.0038577010479346
0.3756517208133637,1.2257369649902687,0.1016583117067043,-0.06286675779583284,2.2218028748464165
0.7937836439914832,-0.02086274211642439,-0.4356075213360559,0.6235870441697694,0.2390734665113561
0.4002477162944295,0.11764833645098596,-1.1194003997541144,1.4387509340039233,-0.6567485738593033
-1.6658159041151024,1.5027591221250893,-0.9728733543788162,-0.5562554279586097,-0.6883039490582699
1.2611075581317344,1.0872258864228583,1.7134558108349849,1.5889127031838979,-0.8390685194533318
1.6300474903477222,0.8102037292880377,-0.7775039605450852,1.4602026153153471,-0.7286247062569492
0.9413596168778784,-0.02086274211642439,0.1016583117067043,-2.5727134712325666,-0.36398481506889213
-0.878744048720995,-0.29788489925124506,-1.7055085812553072,-1.821904625332689,0.7211694764955662
-0.5835921029482046,-1.1289513706557073,-0.4844498697944887,1.0955240330211218,0.9841309364869535
-1.3460679628612462,1.3642480435576791,0.73660884166633,1.1169757143325463,0.1829750217131935
0.646207671105088,-1.6829956849253485,1.4692440685428212,0.5377803189240694,0.27764114731009293
-1.0755120125695217,-0.29788489925124506,0.1016583117067043,-0.19157684566438285,-0.9249692630505184
0.2526717434080344,-0.15937382068383474,1.4204017200843884,0.2589084618755433,0.1829750217131935
0.9167636213968124,-1.2674624492231175,-1.2170850966709799,0.02293996744986792,2.249852097245498
0.031307784078441696,-0.9904402920882969,0.6877664932078973,1.331492527446797,-0.5550701426626335
0.2526717434080344,-1.1289513706557073,1.518086417001254,-0.19157684566438285,-0.8320562138535615
1.4332795264991955,-0.02086274211642439,-0.4844498697944887,-2.5727134712325666,-0.7023285602578104
0.7691876485104173,-0.02086274211642439,1.127347629333792,-0.2773835709100836,-0.7023285602578104
-1.4444519447855095,1.6412702006924997,-1.021715702837249,-0.04141507648440746,2.7880465520278706
0.031307784078441696,0.8102037292880377,0.7854511901247627,0.516328637612644,0.3389988213080833
-1.4936439357476412,-1.5444846063579383,-0.8263463090035179,0.5592320002354948,1.9325452688558906
-1.5182399312287072,0.8102037292880377,-1.412454490504711,1.2027824395782472,0.2390734665113561
-0.6819760848724681,0.6716926507206273,-1.5589815358800092,-0.14867348304153283,-0.6742793378587292
1.0643395942832077,0.948714807855448,1.4204017200843884,1.3958475713810725,-0.08699874387796416
-1.198491989974851,1.5027591221250893,0.73660884166633,-0.2559318895986582,-0.9109446518509777
0.4002477162944295,0.948714807855448,1.27387467470909,0.9453622638411455,0.016432763718648186
1.5562595039045246,0.11764833645098596,-1.4612968389631436,0.43052191236694404,0.20576501491244706
0.4248437117754954,-1.1289513706557073,-0.5821345667113542,-0.3631902961557836,2.7757750172282725
0.7199956575482857,1.2257369649902687,0.5900817962910317,-0.2773835709100836,-0.7163531714573511
-0.7557640713156657,0.11764833645098596,1.3715593716259558,0.6235870441697694,0.042728909717786916
-1.3706639583423121,-0.15937382068383474,-1.5101391874215764,0.08729501138414254,-1.002104624647992
-1.5182399312287072,1.2257369649902687,-0.9240310059203835,1.2671374835125218,-0.7636862342558008
0.9905516078400101,1.2257369649902687,0.6389241447494645,0.7737488133497455,0.3144557517088871
0.8675716304346808,-1.1289513706557073,1.2250323262506575,-0.38464197746720896,-0.7899823802549396
-1.223087985455917,0.948714807855448,0.9808205839584937,0.5592320002354948,-0.17465256387509326
-0.8049560622777974,-1.5444846063579383,-0.8263463090035179,0.6879420881040448,2.3129628476434307
-0.3376321481375461,-1.4059735277905279,-1.5101391874215764,-0.44899702140148434,-0.8986731170513796
1.7038354767909198,-0.7134181349534762,0.73660884166633,-0.38464197746720896,-0.42008325986705475
1.359491540055998,0.6716926507206273,-1.5101391874215764,-2.336744976806891,-0.4270955654668251
-1.4444519447855095,1.6412702006924997,0.24818535708200254,-0.10577012041868285,-0.9775615550487958
-1.6658159041151024,0.2561594150183963,1.4692440685428212,0.6450387254811948,-1.119560743444145
-0.09167219332688757,1.0872258864228583,0.15050066016513702,0.08729501138414254,-1.0599561458460973
-0.43601613006180956,0.2561594150183963,-1.1194003997541144,-0.7278688784500097,0.6387748856982648
0.10509577052163926,0.533181572153217,-0.2890804759607577,-0.6206104718928843,-0.7759577690553989
-0.8295520577588632,1.6412702006924997,-1.021715702837249,-0.5562554279586097,-0.8706238946522984
1.5316635084234589,1.0872258864228583,-0.14255343058545944,-2.16513152631549,-0.725118553457064
-0.48520812102394123,-1.2674624492231175,-0.6798192636282196,-1.9506147132012397,-0.27107176587193527
0.9413596168778784,0.39467049358580664,0.44355475091573354,0.7522971320383202,-0.9126977282509203
1.7038354767909198,1.6412702006924997,-0.9728733543788162,-0.38464197746720896,-0.7899823802549396
1.6546434858287882,-0.02086274211642439,-0.2890804759607577,-0.38464197746720896,-0.884648505851839
-0.6327840939103364,1.3642480435576791,-1.0705580512956816,-0.7493205597614351,-0.8583523598527003
0.8429756349536149,1.2257369649902687,-0.19139577904389218,-0.6206104718928843,-0.6514893446594756
0.8675716304346808,-0.5749070563860658,-1.6566662327968746,0.10874669269556791,-1.0546969166462694
-0.6573800893914022,-1.5444846063579383,-0.6309769151697869,-0.6420621532043097,-0.6935631782580975
0.8183796394725491,-0.8519292135208865,-0.4844498697944887,-0.7064171971385851,-0.5673416774622316
-0.7311680758345999,1.6412702006924997,1.518086417001254,-0.5562554279586097,-0.5883785942615426
0.7691876485104173,1.2257369649902687,0.6389241447494645,-0.2344802082872336,-0.8793892766520113
0.9659556123589442,1.5027591221250893,0.2970277055404353,-1.0067407354985358,-0.5708478302621168
0.4002477162944295,-0.4363959778186554,-1.4612968389631436,-2.7872302843468173,-0.32191098147027014
0.05590377955950755,0.8102037292880377,-0.19139577904389218,-1.4786777243498874,-0.5270209202635523
0.3018637343701661,0.11764833645098596,-0.8263463090035179,-0.5348037466471843,-0.7391431646566047
0.8429756349536149,-1.1289513706557073,0.6877664932078973,-0.49190038402433434,-0.6146747402606814
1.187319571688537,0.11764833645098596,1.2250323262506575,-2.25093825156119,0.04974121531755724
-0.09167219332688757,-0.29788489925124506,-0.19139577904389218,-0.6849655158271597,-0.5515639898627485
0.7691876485104173,-0.29788489925124506,-1.2170850966709799,-0.49190038402433434,0.0444819861177295
0.7937836439914832,-0.29788489925124506,0.5900817962910317,-0.08431843910725746,-0.8653646654524706
-1.1738959944937852,-0.5749070563860658,1.127347629333792,-0.6420621532043097,-0.6041562818610259
-0.5589961074671388,-1.6829956849253485,-0.8263463090035179,0.9024589012182955,-0.9950923190482217
0.6216116756240222,0.2561594150183963,0.44355475091573354,-0.2988352522215082,-0.7356370118567195
-1.1001080080505876,-0.9904402920882969,-1.3147697935878453,-0.7064171971385851,-0.8565992834527577
1.1135315852453394,0.11764833645098596,0.9808205839584937,-0.8136756036957105,-0.5305270730634374
-0.9279360396831267,-0.9904402920882969,-0.14255343058545944,-0.2559318895986582,-0.04141875747945702
-0.9279360396831267,1.6412702006924997,-0.9240310059203835,0.001488286138442538,-1.0354130762469012
-1.6412199086340364,-0.02086274211642439,-1.4612968389631436,-2.5941651525439915,0.3407518977080259
1.4824715174613272,0.6716926507206273,1.322717023167523,-1.0281924168099612,0.41964033570544207
-1.6658159041151024,-0.8519292135208865,1.4692440685428212,-2.637068515166842,0.27413499451020773
-0.362228143618612,-1.1289513706557073,0.73660884166633,-0.6420621532043097,-0.09401104947773449
0.4002477162944295,0.11764833645098596,1.6157711139181195,-0.2773835709100836,-0.842574672253217
-0.01788420688369001,0.6716926507206273,1.127347629333792,-0.34173861484435897,-0.5638355246623465
-1.690411899596168,-1.5444846063579383,-0.4356075213360559,-0.2130285269758082,-0.3376886690697534
-0.01788420688369001,-1.6829956849253485,-0.4356075213360559,-0.40609365877863357,-0.6339585806600497
0.35105572533229784,1.5027591221250893,-0.4356075213360559,-0.6420621532043097,-0.7373900882566621
1.7038354767909198,-1.1289513706557073,-1.168242748212547,-0.34173861484435897,-0.8530931306528725
-0.7065720803535339,-0.29788489925124506,-0.4356075213360559,-0.44899702140148434,-0.7829700746551692
-0.854148053239929,1.5027591221250893,-1.7055085812553072,-0.3202869335329336,-0.8601054362526429
0.7691876485104173,-0.5749070563860658,-1.0705580512956816,-0.40609365877863357,-0.8548462070528151
-0.09167219332688757,1.0872258864228583,-0.9728733543788162,0.2160050992526933,-0.9652900202491977
0.031307784078441696,-0.15937382068383474,0.7854511901247627,-0.1701251643529582,-0.7899823802549396
1.7038354767909198,1.6412702006924997,0.931978235500061,-0.5777071092700343,-0.4849470866649303
0.2034797524459027,0.948714807855448,-0.2890804759607577,-0.14867348304153283,0.15492579931411218
0.8675716304346808,-0.7134181349534762,1.2250323262506575,-0.1701251643529582,-0.7812169982552266
0.2526717434080344,0.2561594150183963,-0.0937110821270267,-0.47044870271290895,-0.9302284922503461
-1.1247040035316536,0.6716926507206273,0.003973614789838794,-1.0281924168099612,-0.6865508726583273
1.679239481309854,-0.7134181349534762,1.1761899777922247,0.08729501138414254,-1.0178823122474752
-1.223087985455917,-0.02086274211642439,-1.5101391874215764,-2.014969757135514,-0.767192387055686
-1.690411899596168,0.2561594150183963,0.003973614789838794,-0.3202869335329336,-0.7321308590568344
-1.223087985455917,-1.6829956849253485,0.8342935385831954,-0.6635138345157351,-0.7794639218552841
-1.1247040035316536,0.39467049358580664,1.3715593716259558,-0.40609365877863357,-0.4428732530663083
-1.690411899596168,-0.02086274211642439,0.003973614789838794,-2.958843734838218,0.17946886891330832
0.15428776148377096,1.3642480435576791,1.0296629324169264,0.06584333007271792,-1.0564499930462121
1.1135315852453394,-1.1289513706557073,-0.6798192636282196,-0.6849655158271597,-0.8408215958532744
1.015147603321076,0.948714807855448,0.5900817962910317,-0.7922239223842851,0.011173534518820439
-0.854148053239929,-0.8519292135208865,-0.2890804759607577,-0.3202869335329336,-0.7128470186574659
0.05590377955950755,0.6716926507206273,1.27387467470909,-1.0067407354985358,0.2320611609115858
-0.31303615265648027,1.5027591221250893,-0.9240310059203835,-0.5348037466471843,-0.8162785262540783
0.7199956575482857,-0.4363959778186554,0.15050066016513702,-1.7575495813984134,-0.28159022427159075
-0.06707619784582172,-0.02086274211642439,0.8831358870416283,-0.42754534009005896,-0.6216870458604516
-1.4444519447855095,-1.4059735277905279,-0.0937110821270267,-0.2130285269758082,-0.9687961730490829
-0.31303615265648027,1.3642480435576791,-0.7775039605450852,-0.47044870271290895,-0.19919563347428942
0.12969176600270513,0.6716926507206273,1.1761899777922247,-1.1354508233670866,-0.360478662269007
1.2365115626506686,-1.2674624492231175,0.39471240245730077,-0.7922239223842851,0.09006197251623663
0.646207671105088,1.3642480435576791,-0.8751886574619506,0.08729501138414254,-0.8811423530519539
-0.9525320351641925,0.948714807855448,-0.3379228244191904,-1.5001294056613128,-0.43235479466665283
-0.48520812102394123,-1.1289513706557073,-1.6078238843384418,-0.9852890541871112,0.09532120171606438
-0.5098041165050071,-0.4363959778186554,-0.2890804759607577,-0.6635138345157351,-0.31489867587049986
0.10509577052163926,1.6412702006924997,1.2250323262506575,-0.3202869335329336,-0.9495123326497146
0.7199956575482857,-0.4363959778186554,-1.2659274451294127,0.9024589012182955,-1.0967707502448913
1.3840875355370637,-1.2674624492231175,0.73660884166633,-1.6717428561527135,-0.17640564027503586
1.0643395942832077,0.2561594150183963,-1.2659274451294127,-0.9209340102528358,-0.8285500610536763
1.2365115626506686,1.3642480435576791,1.6157711139181195,-0.7493205597614351,0.36178881450733685
0.8921676259157466,-0.4363959778186554,-1.6078238843384418,-0.3631902961557836,-0.9039323462512074
-1.223087985455917,0.11764833645098596,0.15050066016513702,-0.8565789663185605,-0.21847947387365782
-0.7311680758345999,0.11764833645098596,-1.0705580512956816,-0.2988352522215082,-1.0196353886474179
-1.1492999990127193,-0.02086274211642439,-0.3867651728776232,-1.1354508233670866,-0.3061332938707869
0.6216116756240222,-0.9904402920882969,-0.8263463090035179,-0.12722180173010822,-0.8057600678544228
-0.38682413909967783,0.8102037292880377,-0.9240310059203835,-0.9209340102528358,-0.3990463430677438
-1.050916017088456,0.6716926507206273,-1.5101391874215764,-0.1701251643529582,-0.8601054362526429
-0.41142013458074367,-0.4363959778186554,-1.3147697935878453,0.02293996744986792,-0.9389938742500591
-1.1247040035316536,-0.4363959778186554,1.4204017200843884,-0.8351272850071351,-0.6357116570599923
0.05590377955950755,-1.4059735277905279,-0.5821345667113542,-0.34173861484435897,-0.6900570254582123
0.006711788597375844,0.2561594150183963,0.1016583117067043,-0.14867348304153283,-0.8215377554539061
1.0397435988021417,0.533181572153217,-1.0705580512956816,-0.7493205597614351,-0.6076624346609111
-0.28844015717541444,-0.15937382068383474,-0.19139577904389218,-0.3202869335329336,-0.788229303854997
0.6216116756240222,-0.29788489925124506,-0.19139577904389218,0.08729501138414254,-0.9319815686502887
-0.5589961074671388,-0.15937382068383474,-0.0937110821270267,0.08729501138414254,-0.6655139558590163
-0.6573800893914022,-0.02086274211642439,-1.412454490504711,-0.49190038402433434,-1.0336599998469584
0.7937836439914832,0.39467049358580664,-0.9240310059203835,-0.3202869335329336,-0.7163531714573511
-0.3376321481375461,-1.6829956849253485,-0.7775039605450852,-0.7922239223842851,-0.2517879254725669
1.162723576207471,0.8102037292880377,-0.0937110821270267,-2.6156168338554164,-0.34996020386935145
0.2526717434080344,1.3642480435576791,0.44355475091573354,-0.2988352522215082,0.012926610918763022
-0.6573800893914022,0.948714807855448,0.24818535708200254,-0.40609365877863357,-0.8706238946522984
1.162723576207471,0.11764833645098596,-1.0705580512956816,-0.9209340102528358,-0.8899077350516668
1.015147603321076,-0.7134181349534762,0.931978235500061,-0.8994823289414104,-0.7075877894576382
-1.2476839809369829,-1.5444846063579383,1.4692440685428212,-0.7493205597614351,-0.8127723734541932
-1.5674319221908388,0.948714807855448,-1.021715702837249,-0.10577012041868285,-0.863611589052528
0.12969176600270513,-1.1289513706557073,0.8342935385831954,0.6021353628583448,-1.1107953614444321
0.15428776148377096,-0.7134181349534762,0.44355475091573354,-0.6635138345157351,-0.8355623666534467
0.49863169821869296,0.6716926507206273,1.4204017200843884,-0.38464197746720896,-0.8530931306528725
1.7038354767909198,-0.7134181349534762,-1.6078238843384418,-2.915940372215368,0.407368800905844
-0.042480202364755866,0.2561594150183963,0.9808205839584937,-0.2344802082872336,0.09882735451594954
1.3102995490938663,1.5027591221250893,1.6646134623765523,0.4519735936783694,-0.9758084786488532
0.22807574792696855,0.2561594150183963,-0.14255343058545944,-0.3631902961557836,0.007667381718935275
-1.4198559493044438,0.2561594150183963,0.931978235500061,-0.19157684566438285,0.17946886891330832
-1.7396038905582998,0.39467049358580664,1.4692440685428212,-0.5348037466471843,-0.6988224074579253
-0.7803600667967315,-0.5749070563860658,-1.412454490504711,-0.9209340102528358,-0.9179569574507481
-0.19005617525115098,1.2257369649902687,-1.168242748212547,-2.8086819656582422,-0.4726755518653322
1.3102995490938663,1.6412702006924997,1.6157711139181195,-0.7064171971385851,-0.5498109134628059
-1.6166239131529705,-0.02086274211642439,-1.0705580512956816,-0.8994823289414104,-0.7759577690553989
0.6216116756240222,1.0872258864228583,-0.8263463090035179,0.001488286138442538,-0.9179569574507481
-1.5920279176719048,-1.4059735277905279,-0.6798192636282196,0.6879420881040448,-1.0073638538478198
1.6300474903477222,-0.5749070563860658,-1.6566662327968746,-0.8994823289414104,-0.19744255707434683
-0.5098041165050071,0.39467049358580664,-1.2659274451294127,-1.7790012627098388,-0.004604153080662799
0.7691876485104173,-1.6829956849253485,-1.2170850966709799,-0.7064171971385851,-0.8443277486531596
-1.223087985455917,1.2257369649902687,-1.412454490504711,-0.8136756036957105,-0.5568232190625761
1.138127580726405,1.2257369649902687,0.345870053998868,-0.6849655158271597,0.5388495309015376
0.9167636213968124,1.6412702006924997,0.73660884166633,-0.5348037466471843,-0.893413887851552
-1.4690479402665755,1.2257369649902687,0.49239709937416626,-2.637068515166842,0.24783884851106902
-0.21465217073221685,-0.15937382068383474,0.8342935385831954,-0.9638373728756858,-0.7812169982552266
-1.3460679628612462,1.6412702006924997,0.05281596324827154,-0.5777071092700343,-0.40781172506745667
1.4086835310181296,0.533181572153217,1.127347629333792,-0.34173861484435897,-0.9512654090496572
1.507067512942393,0.948714807855448,-1.5589815358800092,0.6021353628583448,-1.0476846110464992
-0.9279360396831267,1.3642480435576791,-0.9240310059203835,0.8810072199068709,-1.0091169302477623
-1.4444519447855095,-0.02086274211642439,0.8831358870416283,-0.8994823289414104,-0.2640594602721649
1.5562595039045246,1.6412702006924997,0.1993430086235698,-0.7064171971385851,-0.5445516842629781
0.3756517208133637,-0.9904402920882969,1.2250323262506575,-2.0364214384469395,-0.704081636657753
-1.5182399312287072,-1.5444846063579383,-0.14255343058545944,-0.7707722410728605,-0.41131787786734186
-1.5182399312287072,-0.4363959778186554,-1.0705580512956816,-0.04141507648440746,-0.9091915754510351
-0.7311680758345999,-0.4363959778186554,1.6646134623765523,-0.14867348304153283,-0.7163531714573511
0.6216116756240222,-1.1289513706557073,1.6646134623765523,0.6235870441697694,-0.9828207842486236
0.10509577052163926,-0.15937382068383474,1.3715593716259558,-0.7278688784500097,-0.45163863506602125
1.4086835310181296,-0.9904402920882969,-1.2659274451294127,-0.6206104718928843,-0.872376971052241
0.031307784078441696,-0.4363959778186554,-1.6566662327968746,-0.8780306476299858,-0.8671177418524132
-1.198491989974851,-1.2674624492231175,-0.4356075213360559,-0.14867348304153283,-0.8162785262540783
0.17888375696483683,0.6716926507206273,-1.5101391874215764,-0.3631902961557836,-0.2307510086732559
-1.4198559493044438,-0.4363959778186554,-1.3147697935878453,-0.04141507648440746,-0.9249692630505184
0.4248437117754954,1.6412702006924997,-0.7775039605450852,-0.513352065335759,-0.12731950107664355
0.7691876485104173,0.2561594150183963,-1.6078238843384418,0.6879420881040448,2.3900982092409047
0.7937836439914832,-0.29788489925124506,1.6157711139181195,0.9453622638411455,-0.22724485587337073
0.2034797524459027,0.533181572153217,-0.6798192636282196,-0.8351272850071351,1.1646978056810395
-1.0755120125695217,0.2561594150183963,0.345870053998868,0.6235870441697694,-0.4744286282652748
-1.6166239131529705,-0.29788489925124506,0.39471240245730077,0.32326350580981866,0.9999086240864368
0.8429756349536149,1.0872258864228583,-0.8751886574619506,1.0955240330211218,-0.6795385670585569
0.5232276936997589,-1.5444846063579383,1.6646134623765523,1.653267747118174,-0.553317066262691
0.32645972985123195,-0.4363959778186554,-0.8751886574619506,0.6450387254811948,0.36354189090727945
1.3102995490938663,1.3642480435576791,-1.168242748212547,0.9668139451525709,-0.12907257747658613
0.44943970725656124,1.6412702006924997,-0.7775039605450852,0.5806836815469194,0.28290037650992067
1.5316635084234589,0.948714807855448,0.003973614789838794,1.3100408461353725,-0.2500348490726243
-0.5835921029482046,-0.7134181349534762,1.3715593716259558,1.245685802201097,0.2706288417103226
-0.4606121255428754,0.6716926507206273,-0.3867651728776232,0.7308454507268948,1.1033401316830491
-0.7065720803535339,-1.5444846063579383,1.3715593716259558,0.9668139451525709,0.23732039011141354
-0.7311680758345999,0.533181572153217,-1.0705580512956816,0.1731017366298433,0.4845041625033176
-0.11626818880795343,1.6412702006924997,-1.4612968389631436,1.5889127031838979,-0.8075131442543654
1.6054514948666565,-0.15937382068383474,0.7854511901247627,0.47342527498979403,2.9914034144212103
-0.28844015717541444,1.6412702006924997,-0.4844498697944887,1.1384273956439717,-0.7864762274550544
0.5724196846618905,1.3642480435576791,0.49239709937416626,0.9453622638411455,1.2523516256781686
1.187319571688537,1.2257369649902687,1.518086417001254,-0.2773835709100836,0.6738364136971164
1.6054514948666565,0.11764833645098596,-0.19139577904389218,1.2671374835125218,-0.5918847470614278
0.5724196846618905,-0.8519292135208865,-1.2659274451294127,0.6235870441697694,-0.17815871667497843
-0.9771280306452583,-1.5444846063579383,-1.6566662327968746,1.3529442087582224,-0.7531677758561454
-1.0755120125695217,-1.6829956849253485,0.05281596324827154,1.996494648100974,-0.5287739966634949
1.5808554993855906,1.6412702006924997,1.6646134623765523,0.9453622638411455,0.6668241080973462
-0.6327840939103364,-1.2674624492231175,-0.5821345667113542,-1.5859361309070128,2.632022752432981
0.7937836439914832,1.3642480435576791,0.24818535708200254,1.2242341208896717,-0.46040401706573414
-1.0755120125695217,-1.6829956849253485,-1.3147697935878453,0.7952004946611702,0.17420963971348058
1.2857035536128003,-1.6829956849253485,1.6157711139181195,0.516328637612644,2.5408627796359666
1.2611075581317344,1.2257369649902687,-1.2659274451294127,-1.199805867301362,1.981631408054283
-0.9279360396831267,1.2257369649902687,-0.2890804759607577,0.5592320002354948,0.7141571708957959
-1.4444519447855095,-0.4363959778186554,0.49239709937416626,1.1169757143325463,0.09532120171606438
-1.5674319221908388,-0.02086274211642439,-1.6566662327968746,0.6235870441697694,0.07077813211686823
1.1135315852453394,-0.02086274211642439,0.6877664932078973,0.02293996744986792,0.6089725868992409
0.9905516078400101,-1.6829956849253485,-0.5332922182529214,-1.2212575486127866,2.376073598041364
0.2772677388891002,1.5027591221250893,1.518086417001254,0.43052191236694404,-0.05719644507894026
-0.042480202364755866,-0.5749070563860658,-0.3379228244191904,0.7737488133497455,-0.1904302514745765
1.4086835310181296,-1.2674624492231175,-1.6566662327968746,0.34471518712124405,1.1366485832819582
0.2034797524459027,-0.4363959778186554,-0.5821345667113542,0.8166521759725955,0.4389241761048105
-1.2476839809369829,1.5027591221250893,-0.9240310059203835,0.9239105825297209,1.9693598732546849
0.646207671105088,-0.4363959778186554,0.49239709937416626,0.47342527498979403,2.8529103788257464
0.8429756349536149,1.0872258864228583,-1.3147697935878453,0.28036014318696867,-0.16588718187538035
0.08049977504057342,0.2561594150183963,-0.4356075213360559,-0.19157684566438285,2.1131121380499764
-0.41142013458074367,0.533181572153217,0.8831358870416283,1.052620670398271,-0.29736791187107403
0.4002477162944295,0.533181572153217,0.003973614789838794,1.0955240330211218,-0.7005754838578679
0.5970156801429564,0.8102037292880377,-0.0937110821270267,0.9882656264639963,-0.2658125366721075
1.679239481309854,-0.4363959778186554,-0.6309769151697869,0.38761854974409404,0.1040865837157773
-1.1492999990127193,-0.02086274211642439,-0.14255343058545944,1.1598790769553964,2.342765146442455
0.6953996620672198,0.8102037292880377,1.0296629324169264,0.28036014318696867,2.9370580460229903
1.6300474903477222,1.0872258864228583,1.7134558108349849,1.1813307582668218,1.4451900296718525
0.35105572533229784,0.533181572153217,1.0296629324169264,-0.2344802082872336,1.8641752892581298
-0.11626818880795343,-0.29788489925124506,-1.5589815358800092,0.40907023105551865,-0.2482817726726817
0.4740357027376271,-1.6829956849253485,0.6877664932078973,0.23745678056411867,1.0209455408857477
1.2365115626506686,-0.5749070563860658,-1.021715702837249,0.9668139451525709,-0.595390899861313
1.2365115626506686,0.533181572153217,-0.4356075213360559,0.6235870441697694,0.4354180233049253
-0.16546017977008515,-0.15937382068383474,1.518086417001254,-1.328515955169912,1.3575362096747234
-0.5098041165050071,-1.6829956849253485,-0.2890804759607577,0.5377803189240694,2.5671589256351055
-0.06707619784582172,-0.5749070563860658,-0.04486873366859395,2.2110114612152247,-0.6111685874607962
0.49863169821869296,-0.02086274211642439,0.49239709937416626,0.5806836815469194,2.225309027646302
-0.9525320351641925,-1.5444846063579383,0.15050066016513702,1.1384273956439717,-0.435860947466538
1.4824715174613272,-1.1289513706557073,0.9808205839584937,1.8034295162981486,-0.8285500610536763
0.10509577052163926,0.533181572153217,1.7134558108349849,0.4948769563012194,1.6923738020637566
1.0643395942832077,1.6412702006924997,1.0785052808753592,0.7308454507268948,-0.42008325986705475
0.9413596168778784,-1.1289513706557073,-0.4844498697944887,0.6879420881040448,1.1611916528811543
0.3756517208133637,-0.4363959778186554,0.541239447832599,0.34471518712124405,0.19875270931267672
-0.48520812102394123,-1.4059735277905279,1.2250323262506575,0.40907023105551865,-0.27282484227187787
-1.0755120125695217,-0.15937382068383474,-0.4356075213360559,0.9239105825297209,0.07077813211686823
0.7937836439914832,-0.7134181349534762,-0.04486873366859395,0.5377803189240694,1.1682039584809247
1.0397435988021417,-0.4363959778186554,-0.04486873366859395,0.9024589012182955,-0.2395163906729688
0.6953996620672198,-0.02086274211642439,0.8831358870416283,-1.7146462187755636,2.8423919204260906
1.359491540055998,0.533181572153217,-0.19139577904389218,1.245685802201097,-0.2482817726726817
1.187319571688537,-1.5444846063579383,0.5900817962910317,0.6450387254811948,0.6650710316974036
-1.4444519447855095,0.6716926507206273,-1.168242748212547,1.0311689890868463,0.5178126141022267
1.138127580726405,1.0872258864228583,0.1016583117067043,0.7308454507268948,-0.025641069879973784
1.1135315852453394,-0.4363959778186554,0.39471240245730077,0.7522971320383202,-0.318404828670385
-0.878744048720995,-1.5444846063579383,-0.24023812750232493,0.9024589012182955,0.02870429851824626
-0.31303615265648027,1.6412702006924997,-0.2890804759607577,0.9024589012182955,-0.07823336187825125
-1.3460679628612462,-0.29788489925124506,0.1993430086235698,1.2885891648239471,-0.8390685194533318
-0.042480202364755866,0.2561594150183963,-1.3636121420462781,0.6664904067926202,2.370814368841536
-1.223087985455917,1.6412702006924997,0.6389241447494645,0.1516500553184179,0.11986427131526053
-0.11626818880795343,-0.02086274211642439,-0.5821345667113542,0.6450387254811948,-0.08349259107807899
-1.3214719673801802,1.0872258864228583,1.1761899777922247,1.996494648100974,-0.691810101858155
1.334895544574932,0.2561594150183963,-0.4844498697944887,-1.7146462187755636,3.512067105204157
1.2365115626506686,-0.8519292135208865,0.541239447832599,0.6450387254811948,0.21277732051221737
-1.050916017088456,0.8102037292880377,-1.168242748212547,0.8166521759725955,0.1216173477152031
-1.02632002160739,-0.9904402920882969,-0.7286616120866524,-0.3202869335329336,1.7134107188630676
-1.2476839809369829,0.2561594150183963,0.15050066016513702,0.7737488133497455,0.27764114731009293
0.6216116756240222,0.2561594150183963,-1.7055085812553072,1.1169757143325463,1.872940671257843
-1.02632002160739,-0.8519292135208865,-0.7775039605450852,0.8595555385954455,2.8476511496259183
-1.7396038905582998,-0.9904402920882969,-0.9728733543788162,-0.9852890541871112,0.6948733304964274
1.0397435988021417,0.8102037292880377,0.49239709937416626,-1.4143226804156128,0.4757387805036047
0.32645972985123195,0.11764833645098596,0.24818535708200254,0.34471518712124405,0.2723819181102652
-1.0017240261263243,-0.4363959778186554,-0.6798192636282196,0.1731017366298433,-0.360478662269007
0.8675716304346808,-0.4363959778186554,-0.04486873366859395,0.34471518712124405,-0.19919563347428942
-0.21465217073221685,1.6412702006924997,-0.7286616120866524,0.6235870441697694,0.29166575850963355
-1.4936439357476412,0.2561594150183963,0.39471240245730077,0.1945534179412679,0.05149429171749983
-0.28844015717541444,0.8102037292880377,1.7134558108349849,0.7737488133497455,0.37406034930693494
0.9413596168778784,1.2257369649902687,-0.5821345667113542,1.1813307582668218,1.262870084077824
-1.690411899596168,-0.29788489925124506,0.49239709937416626,0.8595555385954455,0.1338888825148012
-0.31303615265648027,-0.02086274211642439,0.49239709937416626,0.6664904067926202,0.8368725188917766
-0.31303615265648027,-0.15937382068383474,0.1993430086235698,1.009717307775421,2.8774534484249426
-1.5920279176719048,-1.6829956849253485,-0.24023812750232493,1.8463328789209994,-0.7531677758561454
1.2611075581317344,-1.6829956849253485,-0.4356075213360559,0.7952004946611702,-0.13783795947629904
-0.28844015717541444,0.948714807855448,0.49239709937416626,1.6318160658067487,-0.8443277486531596
1.1135315852453394,1.0872258864228583,-0.7286616120866524,0.8810072199068709,-0.43235479466665283
0.32645972985123195,0.948714807855448,-0.5332922182529214,1.1813307582668218,0.2864065293098058
-1.3952599538233779,1.2257369649902687,0.44355475091573354,1.009717307775421,-0.6549954974593608
-1.6166239131529705,1.6412702006924997,0.1993430086235698,1.8677845602324248,-0.8022539150545377
-1.223087985455917,-1.2674624492231175,-1.6078238843384418,0.4519735936783694,0.7404533168949345
1.0397435988021417,0.948714807855448,1.4204017200843884,1.1169757143325463,-0.8565992834527577
-0.042480202364755866,-0.7134181349534762,1.127347629333792,1.052620670398271,2.170963659248082
-0.4606121255428754,-1.5444846063579383,-1.5101391874215764,0.7308454507268948,2.5952081480341866
-0.43601613006180956,0.2561594150183963,0.24818535708200254,0.40907023105551865,2.1814821176477373
-1.4690479402665755,0.39467049358580664,1.4692440685428212,0.6450387254811948,-0.3464540510694663
0.9905516078400101,-1.1289513706557073,1.127347629333792,1.1169757143325463,0.5791702881002171
-0.16546017977008515,0.2561594150183963,-1.5589815358800092,1.1169757143325463,-0.5515639898627485
1.3840875355370637,0.8102037292880377,-0.0937110821270267,0.8381038572840201,2.1902474996474504
-0.9279360396831267,0.39467049358580664,0.6877664932078973,2.14665641728095,-0.616427816660624
-0.9033400442020608,0.2561594150183963,0.8831358870416283,0.8595555385954455,0.24783884851106902
1.5316635084234589,-0.02086274211642439,0.6389241447494645,0.044391648761292535,0.33198651570831295
0.2034797524459027,0.533181572153217,0.39471240245730077,0.9882656264639963,-0.31139252307061466
-1.5182399312287072,-1.1289513706557073,-0.24023812750232493,0.9453622638411455,2.458468188838665
0.44943970725656124,0.533181572153217,1.322717023167523,1.7605261536752994,-0.6514893446594756
-0.8295520577588632,-1.2674624492231175,1.322717023167523,0.8381038572840201,0.16895041051365284
0.9905516078400101,0.2561594150183963,-0.7775039605450852,0.5377803189240694,0.20927116771233223
0.6953996620672198,-0.15937382068383474,-1.3147697935878453,0.40907023105551865,0.22329577891187288
-1.02632002160739,-0.15937382068383474,-0.2890804759607577,-0.14867348304153283,0.0637658265170979
1.0397435988021417,1.5027591221250893,1.0296629324169264,0.7093937694154702,-0.12907257747658613
-0.5835921029482046,-1.4059735277905279,0.49239709937416626,-1.1139991420556612,1.624003822465996
-0.4606121255428754,1.3642480435576791,-0.3379228244191904,0.6235870441697694,-0.050184139479169936
0.8675716304346808,0.6716926507206273,-0.2890804759607577,0.7093937694154702,2.2323213332460723
-1.3706639583423121,-0.4363959778186554,1.6157711139181195,0.43052191236694404,0.0006550761191649468
-0.7311680758345999,-1.4059735277905279,-0.14255343058545944,-0.04141507648440746,2.903749594424081
1.5316635084234589,-0.8519292135208865,0.24818535708200254,0.1731017366298433,1.8834591296574983
-0.9771280306452583,0.948714807855448,-1.021715702837249,0.9882656264639963,1.3400054456752977
-1.3952599538233779,1.2257369649902687,0.24818535708200254,2.14665641728095,-0.8110192970542506
-0.41142013458074367,1.2257369649902687,0.49239709937416626,0.32326350580981866,0.042728909717786916
-1.4198559493044438,0.8102037292880377,1.1761899777922247,0.7308454507268948,-0.1518625706758397
-1.1492999990127193,-0.9904402920882969,0.6877664932078973,0.9453622638411455,-0.10102335507750482
-0.9279360396831267,0.948714807855448,-1.4612968389631436,0.5592320002354948,0.25134500131095416
-0.38682413909967783,-0.02086274211642439,-0.04486873366859395,1.9535912854781248,-0.7444023938564325
1.6546434858287882,1.6412702006924997,0.5900817962910317,0.6450387254811948,0.43366494690498275
0.031307784078441696,1.6412702006924997,-1.3147697935878453,1.1813307582668218,-0.3043802174708443
-0.042480202364755866,0.533181572153217,-0.14255343058545944,0.1945534179412679,2.6215042940333255
-0.854148053239929,-1.2674624492231175,-1.6078238843384418,1.7819778349867232,-0.4972186214645284
1.138127580726405,1.2257369649902687,-1.5589815358800092,1.1384273956439717,-0.2482817726726817
-0.854148053239929,-0.29788489925124506,1.0785052808753592,0.4948769563012194,2.819601927226837
-0.6819760848724681,0.533181572153217,1.7134558108349849,1.2671374835125218,0.64228103849815
-0.5589961074671388,-0.5749070563860658,1.2250323262506575,-0.7278688784500097,2.8809596012248275
-1.3214719673801802,-0.4363959778186554,-1.7055085812553072,0.6879420881040448,-0.456897864265849
0.4002477162944295,-0.8519292135208865,-0.6309769151697869,-0.49190038402433434,-0.49020631586475805
1.679239481309854,1.5027591221250893,-0.4844498697944887,-0.08431843910725746,-1.1002769030447765
1.5808554993855906,1.5027591221250893,-0.3867651728776232,0.7522971320383202,-1.052943840246327
-1.6166239131529705,-0.4363959778186554,-1.6566662327968746,0.7522971320383202,-1.119560743444145
1.4578755219802613,-0.7134181349534762,0.2970277055404353,-0.7064171971385851,-0.8005008386545951
0.15428776148377096,-1.5444846063579383,0.7854511901247627,0.6021353628583448,-0.9898330898483939
1.5316635084234589,-1.2674624492231175,-1.3636121420462781,-0.47044870271290895,-0.6549954974593608
-0.16546017977008515,1.3642480435576791,0.44355475091573354,-0.04141507648440746,-1.0582030694461546
-0.14086418428901928,-1.6829956849253485,-0.19139577904389218,-0.6849655158271597,-0.7146000950574085
-1.7396038905582998,-0.02086274211642439,-0.7286616120866524,-0.5991587905814597,-0.9091915754510351
-1.223087985455917,-1.4059735277905279,-1.0705580512956816,-0.08431843910725746,-0.7023285602578104
-0.16546017977008515,0.2561594150183963,-0.4356075213360559,-0.6420621532043097,-0.6094155110608537
1.4086835310181296,-1.4059735277905279,-0.8751886574619506,-0.44899702140148434,-0.006357229480605382
1.334895544574932,0.948714807855448,-1.5101391874215764,-0.40609365877863357,-0.45865094066579154
1.7038354767909198,-0.4363959778186554,-0.8263463090035179,0.43052191236694404,-1.0003515482480494
-0.042480202364755866,0.2561594150183963,0.2970277055404353,-0.6206104718928843,-0.6357116570599923
-1.5920279176719048,-1.1289513706557073,1.5669287654596866,-1.8004529440212635,-0.6216870458604516
1.4086835310181296,-0.15937382068383474,-0.2890804759607577,-1.9720663945126642,-0.2886025298713611
0.8921676259157466,0.2561594150183963,-1.412454490504711,-0.3631902961557836,-0.842574672253217
-1.223087985455917,-1.1289513706557073,0.05281596324827154,-0.5348037466471843,-0.2640594602721649
-0.5589961074671388,0.2561594150183963,-0.8263463090035179,-0.7922239223842851,-0.027394146279916366
1.2119155671696027,0.6716926507206273,1.6646134623765523,-0.2130285269758082,-0.884648505851839
-1.4444519447855095,-1.1289513706557073,0.6389241447494645,-0.2130285269758082,-0.884648505851839
-0.9771280306452583,1.5027591221250893,0.15050066016513702,-0.5348037466471843,0.5896887464998726
-0.6081880984292706,0.6716926507206273,-0.0937110821270267,0.08729501138414254,-0.7093408658575808
1.5562595039045246,-0.02086274211642439,1.3715593716259558,-0.5991587905814597,-0.6620078030591311
1.359491540055998,-0.7134181349534762,-0.04486873366859395,-0.34173861484435897,-0.9319815686502887
-1.4198559493044438,0.11764833645098596,0.73660884166633,-0.9209340102528358,-0.4060586486675141
-0.9279360396831267,-0.5749070563860658,0.5900817962910317,0.6450387254811948,-1.0704746042457527
-1.4198559493044438,-0.5749070563860658,-0.4356075213360559,-0.42754534009005896,-0.02038184068014604
-0.534400111986073,-1.6829956849253485,0.8342935385831954,-0.49190038402433434,-0.7373900882566621
0.8429756349536149,-1.4059735277905279,-1.021715702837249,-0.6206104718928843,0.5704049061005041
0.670803666586154,-0.02086274211642439,-0.2890804759607577,-1.4786777243498874,-0.25529407827245204
0.4002477162944295,-1.1289513706557073,1.0785052808753592,-0.7064171971385851,-0.8758831238521261
-1.2968759718991145,-0.29788489925124506,-0.9728733543788162,-0.38464197746720896,-0.8232908318538487
-0.14086418428901928,1.5027591221250893,0.24818535708200254,-0.38464197746720896,-0.1395910358762416
-0.5589961074671388,-0.02086274211642439,-1.6566662327968746,-2.4869067459868663,-0.3008740646709592
-0.362228143618612,0.2561594150183963,-0.7286616120866524,-2.2938416141840405,-0.2886025298713611
0.4002477162944295,-0.5749070563860658,0.931978235500061,-0.19157684566438285,-0.926722339450461
-0.9771280306452583,-0.29788489925124506,1.1761899777922247,0.10874669269556791,-1.0704746042457527
-0.362228143618612,-1.1289513706557073,-1.0705580512956816,-0.38464197746720896,-0.20445486267411717
1.6546434858287882,1.3642480435576791,1.0785052808753592,-0.2773835709100836,-0.2517879254725669
1.0643395942832077,1.3642480435576791,-1.6566662327968746,-1.1354508233670866,-0.6269462750602794
1.5808554993855906,0.2561594150183963,0.24818535708200254,-0.3631902961557836,-0.21672639747371522
-0.31303615265648027,0.2561594150183963,0.49239709937416626,-0.6849655158271597,-0.6690201086589014
-1.5182399312287072,1.0872258864228583,0.5900817962910317,-0.04141507648440746,-1.0143761594475902
0.006711788597375844,1.6412702006924997,0.2970277055404353,-0.44899702140148434,-0.02038184068014604
0.8675716304346808,1.5027591221250893,-0.5821345667113542,-0.14867348304153283,-0.6970693310579827
0.44943970725656124,-0.7134181349534762,-0.14255343058545944,-0.40609365877863357,-0.6111685874607962
-1.1247040035316536,0.11764833645098596,1.4204017200843884,-1.0710957794328113,0.29341883490957615
1.187319571688537,1.2257369649902687,-0.3867651728776232,-0.06286675779583284,-0.8793892766520113
-1.1492999990127193,-1.5444846063579383,-1.1194003997541144,-0.49190038402433434,-0.9389938742500591
0.10509577052163926,0.11764833645098596,-1.6078238843384418,0.001488286138442538,-0.5761070594619445
-0.534400111986073,-0.15937382068383474,-0.04486873366859395,-0.7707722410728605,-0.8460808250531022
-1.3460679628612462,-0.9904402920882969,1.7134558108349849,0.8595555385954455,-1.0704746042457527
-0.9033400442020608,-0.5749070563860658,-1.3147697935878453,0.7093937694154702,-0.9354877214501739
0.49863169821869296,1.5027591221250893,1.5669287654596866,-0.42754534009005896,-0.44813248226613606
-0.16546017977008515,-0.4363959778186554,-0.14255343058545944,-1.1783541859899367,-0.44813248226613606
-0.09167219332688757,-1.2674624492231175,-0.8263463090035179,0.02293996744986792,-0.896920040651437
-1.1247040035316536,0.11764833645098596,-0.4844498697944887,-0.8565789663185605,0.3582826617074517
-0.26384416169434854,-0.4363959778186554,-1.5589815358800092,-0.44899702140148434,-0.5883785942615426
0.4002477162944295,0.39467049358580664,-0.4356075213360559,-2.894488690903943,-0.6812916434584995
1.4332795264991955,0.2561594150183963,-0.5821345667113542,-0.5777071092700343,-0.32191098147027014
-1.3460679628612462,0.948714807855448,0.7854511901247627,-1.736097900086989,0.5265779961019396
-0.042480202364755866,-1.5444846063579383,1.0296629324169264,0.9668139451525709,-1.0617092222460398
1.2611075581317344,1.3642480435576791,-0.5332922182529214,-0.47044870271290895,-0.5726009066620594
0.7691876485104173,-1.6829956849253485,-1.0705580512956816,-0.6420621532043097,-0.8548462070528151
1.138127580726405,-0.9904402920882969,-1.5589815358800092,-0.06286675779583284,-0.725118553457064
-1.4690479402665755,1.2257369649902687,-0.4356075213360559,-0.9209340102528358,0.34601112690785363
0.8429756349536149,0.8102037292880377,0.003973614789838794,0.044391648761292535,-0.9740554022489107
0.5478236891808247,0.39467049358580664,-1.6566662327968746,0.001488286138442538,-1.0371661526468436
0.5232276936997589,-1.4059735277905279,-0.4844498697944887,-0.6420621532043097,-0.7706985398555711
1.0889355897642734,-1.5444846063579383,1.4692440685428212,-0.1701251643529582,-1.0038577010479346
-1.6412199086340364,-0.29788489925124506,1.4692440685428212,-1.0067407354985358,0.3775665021068201
-0.26384416169434854,-1.4059735277905279,-1.1194003997541144,-0.6206104718928843,-0.2588002310723372
-1.2722799764180486,-0.9904402920882969,0.6877664932078973,-2.422551702052591,-0.09576412587767706
-1.4936439357476412,0.533181572153217,0.6877664932078973,-1.1783541859899367,-0.3674909678687773
-0.21465217073221685,-0.4363959778186554,-1.5101391874215764,0.47342527498979403,-1.002104624647992
1.6054514948666565,-0.8519292135208865,0.44355475091573354,-1.4572260430384627,-0.8460808250531022
-0.19005617525115098,0.948714807855448,-1.2659274451294127,-1.4572260430384627,0.32497421010854266
-1.223087985455917,1.0872258864228583,1.6646134623765523,-0.44899702140148434,-0.872376971052241
0.2034797524459027,0.11764833645098596,-1.5101391874215764,-0.3202869335329336,-0.3850217318682031
1.5562595039045246,-0.29788489925124506,-0.24023812750232493,-0.34173861484435897,-0.6146747402606814
-1.3460679628612462,-1.2674624492231175,0.345870053998868,-0.44899702140148434,-0.9758084786488532
-1.5674319221908388,-1.2674624492231175,-0.14255343058545944,-1.9720663945126642,-0.2412694670729114
0.10509577052163926,1.5027591221250893,0.73660884166633,-0.8780306476299858,-0.2868494534714185
1.2857035536128003,-0.29788489925124506,-1.412454490504711,-0.2988352522215082,-0.9126977282509203
-1.0017240261263243,1.6412702006924997,-0.6798192636282196,-0.3202869335329336,-0.8408215958532744
1.162723576207471,-0.02086274211642439,-0.04486873366859395,-0.3202869335329336,-0.863611589052528
0.6953996620672198,-1.1289513706557073,-0.9728733543788162,-0.5562554279586097,-0.5831193650617149
0.2526717434080344,0.8102037292880377,1.6646134623765523,-0.8780306476299858,-0.3008740646709592
-0.534400111986073,0.39467049358580664,-0.0937110821270267,-1.7790012627098388,0.014679687318705604
-0.534400111986073,-1.6829956849253485,-0.7775039605450852,0.02293996744986792,-0.8653646654524706
-1.690411899596168,-1.2674624492231175,1.7134558108349849,0.7737488133497455,-0.9652900202491977
0.6216116756240222,-0.8519292135208865,0.6877664932078973,-0.7064171971385851,-0.5357863022632652
-0.7065720803535339,-1.2674624492231175,0.1016583117067043,-0.3631902961557836,-0.8671177418524132
1.5808554993855906,0.533181572153217,0.44355475091573354,-0.2988352522215082,-0.7181062478572937
-1.2476839809369829,0.6716926507206273,1.518086417001254,-0.47044870271290895,-0.8618585126525854
-0.5589961074671388,0.948714807855448,-0.2890804759607577,-0.2988352522215082,-0.9460061798498294
1.187319571688537,0.11764833645098596,-0.19139577904389218,-0.3631902961557836,-0.02213491708008862
-1.2476839809369829,-1.6829956849253485,1.0296629324169264,-1.0281924168099612,-0.553317066262691
-1.542835926709773,0.533181572153217,1.4204017200843884,0.32326350580981866,-1.002104624647992
1.0889355897642734,-1.6829956849253485,-0.5821345667113542,-1.7146462187755636,0.5633926005007338
1.0397435988021417,-0.9904402920882969,-0.4844498697944887,-2.014969757135514,0.025198145718361094
1.4086835310181296,0.6716926507206273,-1.3147697935878453,-0.5777071092700343,-0.9004261934513222
0.4002477162944295,1.0872258864228583,0.541239447832599,-0.9209340102528358,-0.8565992834527577
1.4332795264991955,-1.5444846063579383,-0.3379228244191904,-0.42754534009005896,-0.8338092902535041
-1.542835926709773,-0.5749070563860658,0.49239709937416626,-0.42754534009005896,-0.5094901562641264
1.679239481309854,-0.4363959778186554,0.6389241447494645,-0.3631902961557836,-0.788229303854997
-1.3706639583423121,1.0872258864228583,1.4204017200843884,-0.513352065335759,-0.7777108454553415
0.05590377955950755,1.5027591221250893,0.5900817962910317,-0.3631902961557836,-0.7479085466563176
0.9905516078400101,-0.5749070563860658,-0.04486873366859395,-0.8780306476299858,-0.8583523598527003
1.4086835310181296,1.0872258864228583,-1.3636121420462781,-0.40609365877863357,-0.9407469506500017
-0.9771280306452583,0.8102037292880377,0.1016583117067043,-0.49190038402433434,-0.6024032054610833
-0.5835921029482046,-1.5444846063579383,-0.5332922182529214,-1.1569025046785113,-0.23776331427302622
1.5808554993855906,1.3642480435576791,0.541239447832599,-0.49190038402433434,0.02695122211830368
1.359491540055998,0.6716926507206273,-0.9240310059203835,-0.8994823289414104,0.22855500811170062
0.4740357027376271,-0.9904402920882969,0.931978235500061,-0.12722180173010822,-0.6672670322589588
0.7445916530293515,-1.5444846063579383,1.27387467470909,-0.19157684566438285,-0.7847231510551118
0.10509577052163926,0.39467049358580664,0.5900817962910317,-0.7278688784500097,-0.7636862342558008
1.3840875355370637,1.5027591221250893,1.1761899777922247,-0.42754534009005896,-0.9074384990510925
0.670803666586154,-1.5444846063579383,-0.4356075213360559,-0.47044870271290895,-0.8145254498541358
0.35105572533229784,0.11764833645098596,1.0296629324169264,-0.5562554279586097,-0.8057600678544228
0.05590377955950755,-1.4059735277905279,0.15050066016513702,0.06584333007271792,-0.9968453954481643
-1.1738959944937852,-1.4059735277905279,-0.0937110821270267,-0.3631902961557836,-0.4165771070671696
-1.715007895077234,-1.2674624492231175,-1.168242748212547,-0.2559318895986582,-0.8075131442543654
-0.9279360396831267,1.6412702006924997,0.7854511901247627,0.8381038572840201,-1.0371661526468436
-1.2968759718991145,-1.4059735277905279,0.931978235500061,0.6450387254811948,-0.893413887851552
-1.1492999990127193,1.3642480435576791,-0.3867651728776232,-0.40609365877863357,-0.5550701426626335
0.17888375696483683,0.39467049358580664,-0.24023812750232493,-0.12722180173010822,-0.595390899861313
-1.6412199086340364,1.5027591221250893,0.49239709937416626,-0.2988352522215082,-0.5077370798641838
1.3102995490938663,0.533181572153217,-1.5589815358800092,-0.08431843910725746,-0.9109446518509777
1.138127580726405,1.3642480435576791,-1.021715702837249,-0.6206104718928843,-0.6111685874607962
-1.4444519447855095,1.2257369649902687,0.345870053998868,-0.6849655158271597,0.6194910452988964
-0.8049560622777974,-1.4059735277905279,-0.24023812750232493,0.3018118244983933,-1.1037830558446617
1.2365115626506686,-1.5444846063579383,0.15050066016513702,0.4519735936783694,-0.9775615550487958
1.679239481309854,0.6716926507206273,-0.19139577904389218,0.001488286138442538,-0.9898330898483939
-1.1247040035316536,1.2257369649902687,-0.9728733543788162,-0.12722180173010822,-0.3043802174708443
1.359491540055998,-1.5444846063579383,0.7854511901247627,0.9453622638411455,-1.0687215278458102
-0.878744048720995,-1.5444846063579383,-1.6566662327968746,-0.49190038402433434,-0.758427005055973
-1.0017240261263243,-1.1289513706557073,-1.5589815358800092,0.001488286138442538,-0.8653646654524706
0.10509577052163926,-0.9904402920882969,-1.5101391874215764,-0.10577012041868285,-0.6076624346609111
1.2611075581317344,-1.6829956849253485,-1.2659274451294127,-1.3928709991041874,-0.02038184068014604
0.9167636213968124,-1.5444846063579383,-1.2170850966709799,0.044391648761292535,-1.0301538470470732
0.6953996620672198,-0.8519292135208865,-1.1194003997541144,-0.5991587905814597,-0.7531677758561454
-0.9525320351641925,-0.5749070563860658,0.003973614789838794,-0.2344802082872336,-0.200948709874232
-1.6412199086340364,1.0872258864228583,1.27387467470909,-0.513352065335759,-0.6444770390597052
0.646207671105088,-0.5749070563860658,-0.9240310059203835,-0.08431843910725746,-0.9880800134484513
-0.042480202364755866,-1.5444846063579383,0.49239709937416626,-0.5991587905814597,-0.5901316706614852
-0.2392481662132827,-0.29788489925124506,-0.04486873366859395,-0.7922239223842851,-0.5901316706614852
1.6546434858287882,-1.6829956849253485,-0.5821345667113542,0.7522971320383202,2.3006913128438327
0.9413596168778784,0.8102037292880377,0.345870053998868,0.7522971320383202,0.2864065293098058
-0.6573800893914022,1.6412702006924997,0.003973614789838794,0.001488286138442538,2.4461966540390674
-1.3706639583423121,-0.15937382068383474,0.6877664932078973,1.6747194284295979,-0.7759577690553989
-1.2476839809369829,0.2561594150183963,-0.4356075213360559,0.8810072199068709,0.08655581971635147
1.0397435988021417,-0.9904402920882969,1.4204017200843884,-0.1701251643529582,0.3407518977080259
0.006711788597375844,-0.7134181349534762,-0.19139577904389218,0.5806836815469194,2.048248311252101
-0.5589961074671388,-1.4059735277905279,1.0785052808753592,1.3958475713810725,-0.3990463430677438
-0.11626818880795343,-1.6829956849253485,-1.7055085812553072,-1.371419317792762,2.5864427660344735
0.8183796394725491,-1.5444846063579383,-0.7775039605450852,1.0311689890868463,-0.5918847470614278
-0.11626818880795343,-1.2674624492231175,1.518086417001254,1.1598790769553964,1.5959546000669147
0.7937836439914832,0.39467049358580664,-1.6078238843384418,0.9453622638411455,-0.09401104947773449
-0.362228143618612,0.11764833645098596,0.541239447832599,0.6450387254811948,1.9132614284565221
-1.1001080080505876,0.533181572153217,0.931978235500061,1.245685802201097,-0.4060586486675141
-1.1001080080505876,-0.9904402920882969,-1.4612968389631436,-0.8780306476299858,2.090322144850723
-0.2392481662132827,0.2561594150183963,-1.3636121420462781,-0.42754534009005896,0.5914418228998151
0.3018637343701661,-0.5749070563860658,0.541239447832599,1.245685802201097,-0.47968785746510256
-1.5920279176719048,1.6412702006924997,-1.7055085812553072,1.0955240330211218,1.7256822536626657
1.1135315852453394,0.11764833645098596,-0.0937110821270267,1.7605261536752994,-0.6304524278601646
0.5232276936997589,-1.4059735277905279,0.24818535708200254,0.6450387254811948,0.023445069318418513
0.5970156801429564,-1.4059735277905279,0.345870053998868,1.0955240330211218,-0.12381334827675838
-0.4606121255428754,0.39467049358580664,-0.4356075213360559,0.2589084618755433,2.1972598052472203
0.10509577052163926,-0.02086274211642439,-0.2890804759607577,1.2671374835125218,-0.6935631782580975
-1.5920279176719048,1.6412702006924997,0.1993430086235698,0.6021353628583448,0.06551890291704049
1.6546434858287882,-0.9904402920882969,0.1016583117067043,-0.8351272850071351,3.131649526416617
-0.7557640713156657,0.39467049358580664,-1.412454490504711,0.36616686843266866,0.9718594016873554
-1.4690479402665755,-0.5749070563860658,1.6157711139181195,-1.650291174841288,2.9616011156221864
0.35105572533229784,1.3642480435576791,-0.24023812750232493,1.1598790769553964,-0.17815871667497843
1.0889355897642734,-0.7134181349534762,-1.5101391874215764,0.6021353628583448,-0.0729741326784235
0.35105572533229784,0.6716926507206273,0.931978235500061,0.7093937694154702,0.07253120851681082
-0.16546017977008515,0.11764833645098596,1.4204017200843884,0.9239105825297209,-0.3464540510694663
-1.2722799764180486,-0.4363959778186554,-1.5101391874215764,0.5377803189240694,0.11811119491531795
1.4332795264991955,0.2561594150183963,-0.4844498697944887,0.9024589012182955,0.1812219453132509
0.17888375696483683,1.6412702006924997,0.8342935385831954,0.47342527498979403,1.4066223488731158
-1.3214719673801802,1.2257369649902687,0.44355475091573354,0.5806836815469194,0.04974121531755724
0.031307784078441696,1.3642480435576791,-1.412454490504711,0.7308454507268948,0.365294967307222
-0.9771280306452583,-1.1289513706557073,1.4204017200843884,0.9882656264639963,-0.43936710026642317
-1.6166239131529705,0.11764833645098596,-0.3867651728776232,0.8381038572840201,0.0637658265170979
-0.38682413909967783,1.6412702006924997,1.1761899777922247,0.7952004946611702,-0.07998643827819384
-0.2392481662132827,0.2561594150183963,1.518086417001254,1.996494648100974,-0.6812916434584995
0.22807574792696855,-0.9904402920882969,1.27387467470909,1.245685802201097,-0.6532424210594182
-0.6819760848724681,0.39467049358580664,1.5669287654596866,2.103753054658099,-0.574353983062002
-0.7065720803535339,1.3642480435576791,1.3715593716259558,-0.01996339517298284,2.993156490821153
0.670803666586154,-0.9904402920882969,-0.0937110821270267,-0.2344802082872336,0.9350447972885612
-1.1001080080505876,-0.5749070563860658,0.003973614789838794,0.5377803189240694,2.078050610051125
-0.878744048720995,0.8102037292880377,1.27387467470909,-0.3202869335329336,2.439184348439297
-0.4606121255428754,1.6412702006924997,0.1016583117067043,-0.3202869335329336,1.9974090956537662
0.031307784078441696,0.11764833645098596,1.0296629324169264,0.3018118244983933,0.0006550761191649468
-0.5835921029482046,1.3642480435576791,-0.2890804759607577,0.9239105825297209,0.23381423731152837
-1.0017240261263243,1.0872258864228583,-0.24023812750232493,1.0955240330211218,-0.02213491708008862
0.17888375696483683,-0.4363959778186554,-0.0937110821270267,1.1598790769553964,-0.809266220654308
0.9413596168778784,1.0872258864228583,0.931978235500061,0.5377803189240694,1.5205723148693837
-0.5098041165050071,-1.4059735277905279,0.541239447832599,0.02293996744986792,1.5328438496689818
-0.9033400442020608,-1.1289513706557073,1.0296629324169264,0.9668139451525709,-0.31139252307061466
1.679239481309854,1.6412702006924997,0.541239447832599,-0.7278688784500097,1.208524715679604
-0.3376321481375461,-0.15937382068383474,-1.6078238843384418,0.43052191236694404,0.1812219453132509
-1.6412199086340364,0.533181572153217,-1.3636121420462781,0.9668139451525709,0.13564195891474376
0.8921676259157466,-0.8519292135208865,1.322717023167523,0.8595555385954455,-0.0010980002807776353
-1.02632002160739,-0.9904402920882969,0.2970277055404353,0.23745678056411867,3.4734994244054205
1.507067512942393,1.5027591221250893,-0.7775039605450852,0.5592320002354948,0.06551890291704049
1.679239481309854,0.948714807855448,-1.7055085812553072,0.6235870441697694,0.011173534518820439
0.9659556123589442,1.3642480435576791,1.3715593716259558,-0.5777071092700343,1.3066969940763886
1.162723576207471,-0.9904402920882969,-1.168242748212547,-2.014969757135514,1.867681442058015
-1.02632002160739,-0.02086274211642439,0.44355475091573354,1.1384273956439717,1.1629447292810968
-1.715007895077234,-1.4059735277905279,0.003973614789838794,0.3018118244983933,-0.24652869627273913
0.6216116756240222,-1.2674624492231175,1.322717023167523,0.7093937694154702,0.005914305318992693
-1.1247040035316536,0.8102037292880377,0.24818535708200254,0.7737488133497455,0.5108003085024564
-0.7311680758345999,-1.5444846063579383,-1.1194003997541144,0.8810072199068709,-0.24477561987279656
-0.7557640713156657,1.2257369649902687,-0.8263463090035179,0.7952004946611702,0.45996109290412146
1.2119155671696027,-1.2674624492231175,1.0296629324169264,-0.06286675779583284,1.4574615644714506
-1.3952599538233779,1.0872258864228583,1.518086417001254,0.6021353628583448,0.33549266850819814
-0.19005617525115098,0.2561594150183963,-1.5101391874215764,1.7605261536752994,-0.7812169982552266
-0.6819760848724681,-0.29788489925124506,-1.412454490504711,0.7308454507268948,3.2368341104131715
1.6546434858287882,1.6412702006924997,0.8342935385831954,0.4519735936783694,0.4845041625033176
-1.3460679628612462,0.8102037292880377,-0.9728733543788162,0.4948769563012194,0.5213187669021119
1.359491540055998,0.11764833645098596,0.24818535708200254,1.3529442087582224,0.0637658265170979
1.4332795264991955,0.2561594150183963,0.6877664932078973,0.3018118244983933,1.464473870071221
-0.854148053239929,0.11764833645098596,-0.9728733543788162,0.6235870441697694,-0.11504796627704547
1.679239481309854,1.0872258864228583,1.518086417001254,1.1813307582668218,0.5984541284995855
-0.4606121255428754,-0.5749070563860658,0.6389241447494645,1.1384273956439717,-0.11504796627704547
-0.5835921029482046,1.5027591221250893,1.27387467470909,0.28036014318696867,0.08830889611629406
1.2365115626506686,1.6412702006924997,1.518086417001254,1.2885891648239471,-0.8653646654524706
1.0643395942832077,1.0872258864228583,1.518086417001254,-1.7146462187755636,1.401363119673288
0.670803666586154,0.39467049358580664,-1.5101391874215764,0.6450387254811948,0.35302343250762397
0.8675716304346808,1.6412702006924997,-0.5332922182529214,0.8381038572840201,-0.25704715467239464
0.5232276936997589,0.8102037292880377,-0.8751886574619506,1.3100408461353725,-0.47968785746510256
1.679239481309854,-1.4059735277905279,0.73660884166633,0.6021353628583448,1.2243024032790872
1.359491540055998,1.5027591221250893,1.4204017200843884,-0.7707722410728605,1.2278085560789724
1.2611075581317344,-0.8519292135208865,1.518086417001254,2.1681080985923753,-0.6795385670585569
1.0889355897642734,-0.29788489925124506,1.127347629333792,1.503105977938198,-0.7356370118567195
0.08049977504057342,1.0872258864228583,-1.6078238843384418,0.6664904067926202,1.1103524372828195
-1.5674319221908388,-1.5444846063579383,1.2250323262506575,-1.285612592547062,1.1506731944814987
1.2611075581317344,-0.8519292135208865,1.1761899777922247,0.8810072199068709,0.738700240494992
0.7199956575482857,0.948714807855448,-1.6566662327968746,-1.5215810869727382,0.6983794832963126
1.2365115626506686,-0.5749070563860658,-1.3636121420462781,1.6747194284295979,-0.6111685874607962
-0.6573800893914022,-0.29788489925124506,0.73660884166633,1.0955240330211218,-0.7654393106557434
0.15428776148377096,1.2257369649902687,1.518086417001254,1.9750429667895502,-0.5147493854639542
1.6054514948666565,-1.6829956849253485,-1.5589815358800092,-0.9209340102528358,1.8115829972598525
1.507067512942393,0.11764833645098596,-1.168242748212547,0.8166521759725955,0.42840571770515495
1.6054514948666565,-0.4363959778186554,-1.3147697935878453,1.7819778349867232,-0.6795385670585569
1.4578755219802613,0.948714807855448,-1.021715702837249,0.7522971320383202,0.8824525052902837
-0.042480202364755866,0.948714807855448,-1.168242748212547,1.1813307582668218,-0.10628258427733256
1.6054514948666565,-0.5749070563860658,0.6389241447494645,0.5592320002354948,-0.40781172506745667
-0.7557640713156657,-0.02086274211642439,-0.8263463090035179,0.6450387254811948,0.30569036970917424
0.4002477162944295,0.39467049358580664,-0.5821345667113542,0.2589084618755433,0.5704049061005041
1.4332795264991955,0.2561594150183963,0.49239709937416626,2.23246314252665,-0.8530931306528725
1.2611075581317344,-0.7134181349534762,-1.1194003997541144,1.2885891648239471,-0.179911793074921
-0.19005617525115098,-1.2674624492231175,-0.5332922182529214,1.0311689890868463,-0.2693186894719927
1.2365115626506686,-1.2674624492231175,-1.5101391874215764,1.2885891648239471,-0.1606279526755526
0.32645972985123195,0.6716926507206273,0.5900817962910317,0.9239105825297209,-0.02213491708008862
0.22807574792696855,-0.8519292135208865,-0.5332922182529214,0.9453622638411455,0.3582826617074517
-0.7311680758345999,-1.4059735277905279,1.2250323262506575,1.0740723517096964,-0.25704715467239464
-1.1247040035316536,-1.1289513706557073,1.0296629324169264,0.9668139451525709,0.07077813211686823
0.2034797524459027,0.11764833645098596,1.7134558108349849,0.7952004946611702,0.02870429851824626
0.4740357027376271,1.3642480435576791,-1.3636121420462781,-0.6849655158271597,0.6124787396991261
-0.9525320351641925,1.6412702006924997,-1.6078238843384418,0.7093937694154702,-0.32541713427015534
-0.8295520577588632,-0.4363959778186554,-0.0937110821270267,0.6235870441697694,0.41964033570544207
-0.878744048720995,0.2561594150183963,1.27387467470909,2.14665641728095,-0.8828954294518965
-0.6327840939103364,-1.4059735277905279,1.27387467470909,0.28036014318696867,0.7422063932948771
-0.26384416169434854,-0.8519292135208865,0.44355475091573354,1.009717307775421,-0.3552194330691792
-1.2476839809369829,1.0872258864228583,-0.6798192636282196,1.8892362415438486,-0.7654393106557434
-1.7396038905582998,1.2257369649902687,-0.5332922182529214,0.4948769563012194,-0.07998643827819384
-1.690411899596168,-0.15937382068383474,1.6646134623765523,0.1731017366298433,1.4732392520709339
-0.4606121255428754,1.3642480435576791,1.1761899777922247,0.9024589012182955,0.053247368117442406
1.6546434858287882,0.39467049358580664,-0.04486873366859395,0.9668139451525709,-0.25704715467239464
-1.3952599538233779,1.2257369649902687,0.15050066016513702,1.8463328789209994,-0.7987477622546525
1.507067512942393,-0.02086274211642439,0.44355475091573354,-0.3202869335329336,0.2881596057097484
-1.6658159041151024,-1.6829956849253485,-1.0705580512956816,0.43052191236694404,1.7239291772627232
1.6054514948666565,0.39467049358580664,1.322717023167523,-0.7064171971385851,1.9290391160560054
-0.41142013458074367,1.6412702006924997,0.9808205839584937,-1.2641609112356367,2.547875085235737
0.7937836439914832,1.0872258864228583,-0.0937110821270267,0.9668139451525709,-0.3482071274694089
0.44943970725656124,-0.29788489925124506,0.003973614789838794,1.2027824395782472,-0.2307510086732559
0.8675716304346808,0.8102037292880377,-0.04486873366859395,0.9882656264639963,1.0945747496833362
-1.5674319221908388,-0.29788489925124506,-0.5332922182529214,1.7819778349867232,-0.5585762954625187
0.17888375696483683,-1.2674624492231175,-0.6798192636282196,-0.06286675779583284,0.6896141012965997
1.162723576207471,-0.5749070563860658,-1.5101391874215764,0.7737488133497455,-0.07998643827819384
-0.31303615265648027,-0.15937382068383474,-1.1194003997541144,1.3743958900696471,-0.7917354566548822
-1.715007895077234,-0.5749070563860658,0.541239447832599,-0.08431843910725746,1.783533774860771
0.5232276936997589,0.39467049358580664,-0.4356075213360559,-1.4143226804156128,0.5493679893011931
-0.48520812102394123,-0.9904402920882969,0.1016583117067043,0.2589084618755433,2.02019908885302
-1.0017240261263243,-0.5749070563860658,-1.7055085812553072,1.2671374835125218,-0.8338092902535041
-0.7311680758345999,0.948714807855448,0.2970277055404353,1.009717307775421,0.8947240400898818
1.2119155671696027,1.5027591221250893,-0.7286616120866524,1.009717307775421,-0.2307510086732559
-0.7311680758345999,-0.8519292135208865,0.39471240245730077,-0.2130285269758082,3.8276208571938217
0.006711788597375844,0.11764833645098596,-0.7286616120866524,0.7522971320383202,0.9297855680887335
-0.5835921029482046,-0.15937382068383474,1.27387467470909,0.6879420881040448,0.13564195891474376
-1.7396038905582998,1.5027591221250893,-0.6309769151697869,1.1384273956439717,0.6527994968978055
-0.19005617525115098,-0.8519292135208865,0.931978235500061,2.06084969203525,-0.4937124686646432
-0.19005617525115098,1.0872258864228583,-1.5589815358800092,-1.6931945374641382,0.537096454501595
-1.3214719673801802,1.5027591221250893,-1.5101391874215764,0.28036014318696867,-0.3692440442687199
0.8675716304346808,-0.4363959778186554,-1.3636121420462781,-0.513352065335759,-0.7321308590568344
-1.0017240261263243,-0.5749070563860658,-0.9240310059203835,-0.7064171971385851,-0.7566739286560306
-1.5182399312287072,0.39467049358580664,-0.4844498697944887,-2.4869067459868663,0.06201275011715532
-1.1247040035316536,1.6412702006924997,-0.04486873366859395,-0.49190038402433434,0.1829750217131935
-0.6573800893914022,0.39467049358580664,-0.19139577904389218,-0.7278688784500097,-0.7128470186574659
-0.3376321481375461,1.0872258864228583,0.49239709937416626,-0.3631902961557836,-0.7444023938564325
-1.050916017088456,-1.4059735277905279,-1.6078238843384418,-0.5348037466471843,-0.7952416094547673
-1.5182399312287072,-0.29788489925124506,-1.412454490504711,-0.14867348304153283,-0.7058347130576956
-1.1738959944937852,0.8102037292880377,-0.9728733543788162,-3.0875538227067683,-0.03265337547974411
1.0643395942832077,-0.15937382068383474,-0.9240310059203835,-1.1354508233670866,-0.18517102227474874
-1.3952599538233779,0.2561594150183963,1.6646134623765523,-0.47044870271290895,-0.6111685874607962
0.2034797524459027,-0.5749070563860658,-1.412454490504711,-0.5348037466471843,0.030457374918188843
0.2526717434080344,-0.02086274211642439,1.6646134623765523,-0.6635138345157351,-0.7356370118567195
0.32645972985123195,0.2561594150183963,0.39471240245730077,-0.7707722410728605,-0.9126977282509203
0.8183796394725491,-1.5444846063579383,-1.168242748212547,-1.6931945374641382,0.02870429851824626
-1.6166239131529705,0.533181572153217,-0.9728733543788162,-0.42754534009005896,-0.6392178098598775
-0.01788420688369001,-0.29788489925124506,-1.2659274451294127,0.4948769563012194,-1.052943840246327
-1.7396038905582998,-1.5444846063579383,0.2970277055404353,0.9668139451525709,-1.0494376874464417
-1.2722799764180486,0.2561594150183963,1.5669287654596866,-0.5348037466471843,-0.8022539150545377
1.2611075581317344,0.39467049358580664,0.6389241447494645,-1.049644098121386,0.032210451318131425
0.17888375696483683,0.8102037292880377,1.4692440685428212,-0.34173861484435897,-0.7794639218552841
1.0643395942832077,-1.5444846063579383,-0.04486873366859395,-0.2344802082872336,-0.6514893446594756
0.9167636213968124,0.533181572153217,1.5669287654596866,-1.371419317792762,-0.6795385670585569
1.5808554993855906,1.5027591221250893,1.3715593716259558,-0.04141507648440746,-0.565588601062289
0.9167636213968124,0.2561594150183963,-1.4612968389631436,-0.8136756036957105,-0.7829700746551692
0.4248437117754954,-0.29788489925124506,1.518086417001254,-0.34173861484435897,-0.7321308590568344
-0.21465217073221685,-0.7134181349534762,-0.6309769151697869,-0.14867348304153283,-0.8548462070528151
1.2119155671696027,0.948714807855448,1.4692440685428212,-0.10577012041868285,-0.9302284922503461
-0.878744048720995,1.6412702006924997,-1.2659274451294127,-0.5562554279586097,-0.7373900882566621
0.44943970725656124,-0.4363959778186554,1.322717023167523,0.23745678056411867,-0.981067707848681
0.4248437117754954,-0.5749070563860658,0.345870053998868,-0.5777071092700343,-0.6444770390597052
1.5316635084234589,-1.6829956849253485,-1.0705580512956816,-2.5298101086097167,-0.39378711386791604
1.679239481309854,1.5027591221250893,1.6646134623765523,-2.422551702052591,-0.15887487627561003
-1.2968759718991145,1.3642480435576791,0.73660884166633,-0.3631902961557836,-0.456897864265849
-0.534400111986073,0.39467049358580664,-1.5589815358800092,-0.47044870271290895,-0.5498109134628059
1.359491540055998,-1.5444846063579383,-1.7055085812553072,0.044391648761292535,-1.0564499930462121
1.0643395942832077,-1.5444846063579383,-1.3147697935878453,-0.47044870271290895,-0.9197100338506906
-1.2722799764180486,-1.4059735277905279,-0.6798192636282196,-0.2559318895986582,-0.3762563498684902
-1.6658159041151024,-0.29788489925124506,0.5900817962910317,-0.3202869335329336,-0.9442531034498868
0.2034797524459027,0.8102037292880377,0.49239709937416626,-2.0364214384469395,-0.42008325986705475
-1.050916017088456,-0.7134181349534762,-1.0705580512956816,-0.6206104718928843,-0.8232908318538487
-0.9525320351641925,0.11764833645098596,-1.412454490504711,-0.38464197746720896,0.26712268891043744
0.031307784078441696,0.39467049358580664,0.24818535708200254,-0.3202869335329336,-0.8828954294518965
1.2119155671696027,-0.4363959778186554,0.1993430086235698,0.2589084618755433,-1.0704746042457527
0.05590377955950755,1.3642480435576791,0.6389241447494645,-0.19157684566438285,-0.8285500610536763
0.6953996620672198,0.11764833645098596,-1.412454490504711,-0.42754534009005896,-0.6812916434584995
1.359491540055998,-0.29788489925124506,0.05281596324827154,-0.34173861484435897,0.1409011881145715
-0.6081880984292706,0.8102037292880377,1.7134558108349849,-0.9638373728756858,-0.4025524958676289
0.7937836439914832,-1.5444846063579383,1.127347629333792,-0.12722180173010822,-0.9179569574507481
-1.02632002160739,1.2257369649902687,0.345870053998868,0.001488286138442538,-0.7742046926554563
-0.6327840939103364,0.8102037292880377,0.8342935385831954,-2.7657786030353924,-0.17815871667497843
0.7199956575482857,1.3642480435576791,1.2250323262506575,-0.7278688784500097,-0.8197846790539635
-1.542835926709773,-0.5749070563860658,-1.021715702837249,-0.6420621532043097,-0.7969946858547099
-1.223087985455917,0.8102037292880377,-1.4612968389631436,-0.9209340102528358,-0.7777108454553415
0.7199956575482857,1.5027591221250893,-0.24023812750232493,0.02293996744986792,-1.0494376874464417
0.7937836439914832,-0.15937382068383474,1.322717023167523,-0.8994823289414104,0.4809980097034324
0.5724196846618905,0.11764833645098596,0.345870053998868,-0.6635138345157351,-0.5778601358618871
0.006711788597375844,0.8102037292880377,0.2970277055404353,-0.40609365877863357,-0.6462301154596478
-1.3706639583423121,-0.5749070563860658,-1.6078238843384418,-0.3202869335329336,-0.4533917114659638
0.5232276936997589,-1.2674624492231175,-1.2170850966709799,-0.2773835709100836,-0.39028096106803084
-1.7396038905582998,0.2561594150183963,-0.7775039605450852,-0.513352065335759,-0.7566739286560306
-1.3706639583423121,1.5027591221250893,-0.5821345667113542,-0.42754534009005896,0.1216173477152031
1.2611075581317344,-0.8519292135208865,1.4692440685428212,-2.915940372215368,-0.4709224754653896
-1.3460679628612462,-0.02086274211642439,-0.2890804759607577,-0.7278688784500097,-0.7934885330548247
1.4824715174613272,-0.4363959778186554,0.44355475091573354,-0.8780306476299858,-0.7864762274550544
-0.042480202364755866,-0.7134181349534762,-0.3379228244191904,-0.8994823289414104,-0.7005754838578679
-0.5098041165050071,-1.4059735277905279,-1.0705580512956816,-0.5348037466471843,-0.8530931306528725
1.2611075581317344,-0.29788489925124506,0.05281596324827154,-0.7278688784500097,-0.8460808250531022
0.5478236891808247,0.948714807855448,-1.0705580512956816,-1.8433563066441143,0.10058043091589212
0.5724196846618905,-1.5444846063579383,0.931978235500061,-0.40609365877863357,-0.733883935456777
0.7691876485104173,0.2561594150183963,0.6877664932078973,-0.06286675779583284,-0.9950923190482217
0.7445916530293515,1.3642480435576791,0.49239709937416626,-0.6635138345157351,-0.33944174546969597
1.0643395942832077,-0.9904402920882969,-1.3636121420462781,0.9239105825297209,-1.0617092222460398
0.08049977504057342,0.6716926507206273,-0.4844498697944887,-1.5859361309070128,-0.5690947538621742
1.1135315852453394,-1.2674624492231175,1.7134558108349849,-0.3631902961557836,-0.6322055042601072
-0.878744048720995,1.2257369649902687,0.49239709937416626,-0.7493205597614351,-0.27107176587193527
-1.4690479402665755,0.948714807855448,-1.5589815358800092,-0.8136756036957105,0.037469680517959174
0.5232276936997589,0.6716926507206273,0.44355475091573354,-0.2344802082872336,-0.2868494534714185
0.32645972985123195,0.948714807855448,-1.412454490504711,-0.2130285269758082,-0.9705492494490255
-0.41142013458074367,-0.8519292135208865,-1.6078238843384418,0.044391648761292535,-0.809266220654308
0.15428776148377096,-0.4363959778186554,-1.2659274451294127,-0.10577012041868285,-0.511243232664069
0.8429756349536149,-0.5749070563860658,0.39471240245730077,-2.2294865702497653,-0.3674909678687773
0.8675716304346808,-1.1289513706557073,1.1761899777922247,-1.6073878122184382,-0.6269462750602794
0.32645972985123195,-0.5749070563860658,0.5900817962910317,-0.1701251643529582,0.20050578571261932
0.15428776148377096,1.6412702006924997,1.127347629333792,0.47342527498979403,-1.0757338334455804
-0.042480202364755866,-0.9904402920882969,-1.168242748212547,-0.5777071092700343,-0.27457791867182046
-1.5674319221908388,1.2257369649902687,0.7854511901247627,0.1731017366298433,-1.0091169302477623
-0.16546017977008515,0.948714807855448,-1.5589815358800092,-1.5430327682841627,-0.7426493174564899
-0.06707619784582172,0.8102037292880377,-1.2170850966709799,-0.2559318895986582,-0.9898330898483939
0.8675716304346808,-0.7134181349534762,-0.19139577904389218,-3.001747097461068,-0.7461554702563751
0.4002477162944295,0.948714807855448,-1.6078238843384418,-0.7278688784500097,-0.6392178098598775
-0.3376321481375461,-0.7134181349534762,0.44355475091573354,-0.14867348304153283,-1.031906923447016
0.3756517208133637,1.2257369649902687,-0.3867651728776232,-1.1139991420556612,-0.2097140918739449
-1.3952599538233779,-0.4363959778186554,1.322717023167523,0.044391648761292535,-0.7356370118567195
-0.31303615265648027,-1.6829956849253485,-0.14255343058545944,-1.7575495813984134,-0.0922579730777919
-0.43601613006180956,-0.5749070563860658,-1.1194003997541144,-0.7278688784500097,-0.5883785942615426
0.49863169821869296,1.2257369649902687,1.6646134623765523,0.7093937694154702,-1.0757338334455804
-1.7396038905582998,0.11764833645098596,-0.14255343058545944,-0.8780306476299858,-0.07648028547830867
-1.050916017088456,-0.02086274211642439,-0.5332922182529214,-0.40609365877863357,0.037469680517959174
-0.7311680758345999,-0.5749070563860658,0.1016583117067043,0.8595555385954455,-1.0038577010479346
-1.1492999990127193,-0.02086274211642439,-0.8751886574619506,-0.9638373728756858,-0.7181062478572937
-1.2722799764180486,0.6716926507206273,-0.7286616120866524,-0.8351272850071351,-0.07472720907836608
0.006711788597375844,0.39467049358580664,0.6389241447494645,-0.2773835709100836,-0.7829700746551692
0.35105572533229784,-0.9904402920882969,-0.8263463090035179,-0.9852890541871112,0.018185840118590767
0.5724196846618905,-0.9904402920882969,-1.168242748212547,-0.7064171971385851,-0.5778601358618871
1.2857035536128003,-0.5749070563860658,-0.8751886574619506,-0.513352065335759,-0.7268716298570066
1.015147603321076,0.533181572153217,-0.0937110821270267,-1.736097900086989,-0.3289232870700405
-0.4606121255428754,-0.9904402920882969,-1.4612968389631436,-1.5859361309070128,-0.8916608114516094
-0.5589961074671388,-1.5444846063579383,-0.19139577904389218,-0.34173861484435897,-0.6304524278601646
1.162723576207471,-1.5444846063579383,-1.3147697935878453,0.02293996744986792,-0.8741300474521835
1.679239481309854,-1.4059735277905279,0.6389241447494645,0.8595555385954455,-1.002104624647992
0.670803666586154,-1.2674624492231175,0.9808205839584937,-0.01996339517298284,-0.8618585126525854
-0.854148053239929,-0.5749070563860658,-0.8751886574619506,-0.5348037466471843,-0.6812916434584995
-1.690411899596168,0.39467049358580664,-0.5332922182529214,-0.3631902961557836,-0.809266220654308
-0.14086418428901928,-0.29788489925124506,1.4204017200843884,-0.7707722410728605,0.3688011201071072
1.3840875355370637,-0.4363959778186554,0.1016583117067043,-0.47044870271290895,-0.6479831918595904
0.8675716304346808,-0.15937382068383474,1.27387467470909,-0.8351272850071351,0.5861825936999874
-0.21465217073221685,0.948714807855448,-0.04486873366859395,-0.04141507648440746,-0.9354877214501739
-1.6658159041151024,-1.5444846063579383,-0.8751886574619506,0.34471518712124405,-1.0599561458460973
-0.01788420688369001,-1.2674624492231175,-0.04486873366859395,-0.3631902961557836,-1.0003515482480494
-0.19005617525115098,0.6716926507206273,0.1016583117067043,-1.5215810869727382,0.5108003085024564
0.2772677388891002,-0.5749070563860658,0.5900817962910317,0.02293996744986792,-1.0073638538478198
-0.4606121255428754,0.2561594150183963,1.322717023167523,-2.8730370095925175,-0.11329488987710289
1.138127580726405,-1.4059735277905279,-0.2890804759607577,-0.3631902961557836,-0.6146747402606814
1.2365115626506686,0.6716926507206273,0.1016583117067043,-0.2344802082872336,-0.628699351460222
-1.1247040035316536,1.6412702006924997,-1.2170850966709799,-0.5348037466471843,-0.8811423530519539
1.015147603321076,-1.4059735277905279,0.1016583117067043,0.2589084618755433,-1.1090422850444894
0.9659556123589442,-0.8519292135208865,-1.4612968389631436,0.001488286138442538,-0.7812169982552266
-0.14086418428901928,0.39467049358580664,-0.04486873366859395,-0.513352065335759,-0.8986731170513796
-1.1492999990127193,0.533181572153217,-0.3379228244191904,-0.06286675779583284,-0.7636862342558008
0.9905516078400101,-0.29788489925124506,-1.2170850966709799,-0.7064171971385851,-0.456897864265849
-0.41142013458074367,0.948714807855448,-1.021715702837249,-1.199805867301362,-0.4288486418667677
1.4824715174613272,0.39467049358580664,-0.3867651728776232,0.06584333007271792,-0.5971439762612556
1.2611075581317344,0.39467049358580664,-1.2170850966709799,-0.7064171971385851,-0.5305270730634374
-0.41142013458074367,-0.02086274211642439,1.0296629324169264,-2.6156168338554164,-0.5813662886617723
-0.41142013458074367,-1.4059735277905279,-1.6566662327968746,-0.42754534009005896,-0.4972186214645284
0.6216116756240222,0.8102037292880377,-0.6309769151697869,-0.2130285269758082,-0.0922579730777919
-0.11626818880795343,-1.2674624492231175,-1.1194003997541144,-0.5991587905814597,-0.6059093582609685
0.9167636213968124,0.6716926507206273,1.0296629324169264,-0.1701251643529582,-0.43235479466665283
-1.542835926709773,0.533181572153217,0.345870053998868,-0.3631902961557836,-0.7163531714573511
0.10509577052163926,1.5027591221250893,-0.8263463090035179,0.7093937694154702,-1.0722276806456954
0.7445916530293515,-0.02086274211642439,-0.6798192636282196,0.7308454507268948,-0.9985984718481068
1.334895544574932,1.0872258864228583,-1.6566662327968746,-0.34173861484435897,-0.38326865546826056
1.4578755219802613,0.39467049358580664,-0.04486873366859395,-0.5348037466471843,-0.7742046926554563
-1.050916017088456,-0.7134181349534762,-0.9240310059203835,-0.6420621532043097,-0.8864015822517816
1.2857035536128003,-1.4059735277905279,-1.3636121420462781,-1.0281924168099612,-0.3762563498684902
-0.8049560622777974,-0.15937382068383474,1.4692440685428212,-0.44899702140148434,-0.8653646654524706
0.44943970725656124,-1.5444846063579383,1.6646134623765523,-0.49190038402433434,-0.6024032054610833
-0.38682413909967783,1.3642480435576791,1.322717023167523,-1.199805867301362,-0.754920852256088
0.44943970725656124,0.39467049358580664,-0.8263463090035179,0.001488286138442538,-0.947759256249772
1.187319571688537,1.5027591221250893,-0.3379228244191904,0.8595555385954455,0.30393729330923164
1.3840875355370637,-1.6829956849253485,-0.8751886574619506,0.6879420881040448,0.407368800905844
-1.2476839809369829,-0.15937382068383474,0.541239447832599,-1.2641609112356367,0.9578347904878147
0.2526717434080344,0.11764833645098596,0.2970277055404353,0.5377803189240694,1.8641752892581298
-0.01788420688369001,-0.29788489925124506,-0.9240310059203835,0.9024589012182955,2.0552606168518714
0.3018637343701661,-0.5749070563860658,1.7134558108349849,1.3743958900696471,-0.036159528279629274
0.7199956575482857,-1.2674624492231175,0.541239447832599,0.6021353628583448,-0.11680104267698806
-0.3376321481375461,0.2561594150183963,-0.7775039605450852,1.1598790769553964,-0.5463047606629207
-0.9033400442020608,-0.7134181349534762,1.322717023167523,-1.821904625332689,1.0665255272842549
-1.542835926709773,-1.5444846063579383,0.541239447832599,-0.08431843910725746,1.8361260668590487
-0.042480202364755866,0.11764833645098596,0.8342935385831954,1.1384273956439717,0.8631686648909154
0.031307784078441696,1.6412702006924997,-0.9240310059203835,0.7093937694154702,0.10759273651566245
1.0397435988021417,-1.6829956849253485,-0.7286616120866524,1.9321396041666994,-0.4656632462655619
-1.6658159041151024,0.533181572153217,1.0785052808753592,1.5889127031838979,-0.7461554702563751
-0.26384416169434854,-0.4363959778186554,1.7134558108349849,0.8810072199068709,-0.21847947387365782
-0.042480202364755866,-1.6829956849253485,-1.168242748212547,0.7308454507268948,0.11109888931554762
1.6054514948666565,-0.5749070563860658,-0.24023812750232493,0.7308454507268948,1.2996846884766182
-0.28844015717541444,-0.8519292135208865,-1.412454490504711,1.1169757143325463,-0.025641069879973784
0.4248437117754954,-0.8519292135208865,1.1761899777922247,-1.1354508233670866,2.207778263646876
-1.4444519447855095,1.0872258864228583,-0.7286616120866524,1.824881197609574,-0.8793892766520113
1.138127580726405,-0.15937382068383474,0.73660884166633,-0.9852890541871112,2.014939859653192
0.05590377955950755,1.2257369649902687,0.345870053998868,0.7093937694154702,-0.19218332787451908
-0.8049560622777974,1.5027591221250893,-0.14255343058545944,-0.06286675779583284,0.4143811065056143
-0.9033400442020608,0.11764833645098596,-0.9240310059203835,1.4816542966267725,-0.7093408658575808
-1.4936439357476412,-0.8519292135208865,-0.5332922182529214,0.7093937694154702,-0.3324294398699256
0.9659556123589442,0.533181572153217,-1.2170850966709799,0.38761854974409404,0.7369471640950495
0.3018637343701661,0.533181572153217,0.73660884166633,1.9750429667895502,-0.8180316026540209
1.162723576207471,-0.8519292135208865,0.7854511901247627,0.9239105825297209,0.11109888931554762
-1.1247040035316536,-0.9904402920882969,0.44355475091573354,1.3100408461353725,-0.4376140238664806
0.8675716304346808,-0.5749070563860658,-1.2659274451294127,0.7952004946611702,0.22680193171175803
-0.5835921029482046,0.2561594150183963,0.9808205839584937,1.0955240330211218,0.3267272865084852
-0.41142013458074367,-0.7134181349534762,-0.9728733543788162,0.1731017366298433,0.025198145718361094
-0.16546017977008515,-1.4059735277905279,-0.5332922182529214,0.5377803189240694,1.5135600092696133
0.646207671105088,0.11764833645098596,1.3715593716259558,1.9321396041666994,-0.5445516842629781
1.3840875355370637,-1.6829956849253485,0.6877664932078973,0.7522971320383202,2.782787322828043
0.7445916530293515,-0.8519292135208865,0.8342935385831954,-1.4357743617270373,2.6513065928323494
1.7038354767909198,-1.1289513706557073,-1.1194003997541144,1.2671374835125218,-0.2921086826712463
1.138127580726405,0.8102037292880377,0.24818535708200254,-1.242709229924212,3.3437717708096693
-0.5835921029482046,-1.5444846063579383,-0.8751886574619506,1.1813307582668218,0.47047955130377694
1.3840875355370637,1.6412702006924997,1.2250323262506575,1.331492527446797,0.20050578571261932
1.5808554993855906,-1.4059735277905279,0.1993430086235698,0.6664904067926202,-0.13783795947629904
0.3756517208133637,-1.6829956849253485,1.127347629333792,1.1813307582668218,0.025198145718361094
0.32645972985123195,-1.2674624492231175,0.931978235500061,-1.5215810869727382,1.7151637952630103
0.9905516078400101,0.11764833645098596,1.4204017200843884,-1.650291174841288,0.42840571770515495
1.4578755219802613,0.8102037292880377,-1.6566662327968746,0.36616686843266866,0.018185840118590767
1.3840875355370637,1.2257369649902687,1.0296629324169264,-0.8565789663185605,1.5135600092696133
0.8429756349536149,-0.7134181349534762,0.15050066016513702,0.6879420881040448,1.3838323556738623
1.6300474903477222,1.2257369649902687,-0.8751886574619506,-0.04141507648440746,1.6853614964639863
-1.2722799764180486,0.11764833645098596,-1.7055085812553072,0.6664904067926202,1.9413106508556035
1.2857035536128003,-1.5444846063579383,0.541239447832599,0.7737488133497455,0.09707427811600697
0.9167636213968124,0.39467049358580664,-0.5821345667113542,0.34471518712124405,0.002408152519107529
1.359491540055998,0.6716926507206273,0.5900817962910317,0.7308454507268948,-0.4674163226655045
-1.5182399312287072,1.2257369649902687,-1.4612968389631436,1.2242341208896717,0.310949598909002
1.138127580726405,-0.29788489925124506,-0.5821345667113542,-0.01996339517298284,3.198266429614435
0.2772677388891002,0.11764833645098596,-0.7286616120866524,-0.9209340102528358,2.791552704827756
-1.2722799764180486,-0.4363959778186554,-1.6078238843384418,-1.650291174841288,1.3452646748751254
0.10509577052163926,0.948714807855448,0.6877664932078973,1.009717307775421,0.4091218773057866
-1.3214719673801802,-1.5444846063579383,-1.5101391874215764,0.10874669269556791,1.3645485152744938
-1.6166239131529705,-0.29788489925124506,-0.5332922182529214,0.7522971320383202,0.08129659051652373
0.031307784078441696,-1.1289513706557073,0.8831358870416283,-1.4143226804156128,2.6933804264309713
-0.854148053239929,-0.9904402920882969,1.518086417001254,0.9453622638411455,1.17872241688058
1.6546434858287882,0.533181572153217,1.518086417001254,-0.6206104718928843,1.3119562232762163
1.4086835310181296,1.0872258864228583,1.27387467470909,0.6021353628583448,0.16018502851393993
1.3102995490938663,0.6716926507206273,1.0785052808753592,0.02293996744986792,1.5661523012678908
-0.6081880984292706,-0.7134181349534762,-1.3147697935878453,1.3958475713810725,0.44243032890469564
0.12969176600270513,-0.02086274211642439,1.5669287654596866,1.5674610218724725,-0.7601800814559156
-0.6573800893914022,0.2561594150183963,0.1993430086235698,1.331492527446797,-0.1115418134771603
-1.4198559493044438,1.6412702006924997,-1.4612968389631436,-1.4143226804156128,1.2996846884766182
-1.3952599538233779,1.5027591221250893,0.49239709937416626,1.009717307775421,-0.25354100187250944
-1.3952599538233779,0.2561594150183963,1.3715593716259558,-0.44899702140148434,1.5118069328696706
0.006711788597375844,0.11764833645098596,1.5669287654596866,-1.3070642738584874,2.5145666336368278
1.334895544574932,-0.7134181349534762,0.9808205839584937,-0.7922239223842851,2.358542834041938
-1.4690479402665755,-1.6829956849253485,-1.4612968389631436,1.7176227910524486,-0.8057600678544228
-1.4690479402665755,-0.02086274211642439,0.8831358870416283,0.6450387254811948,1.1471670416816135
0.9413596168778784,0.948714807855448,-0.14255343058545944,0.9239105825297209,0.18472809811313606
1.4332795264991955,-0.9904402920882969,-0.5332922182529214,0.9453622638411455,0.41964033570544207
-0.7311680758345999,1.0872258864228583,-0.04486873366859395,0.516328637612644,0.28290037650992067
-0.9033400442020608,-0.8519292135208865,1.322717023167523,0.36616686843266866,0.5353433781016524
0.5232276936997589,-0.8519292135208865,0.7854511901247627,-0.8994823289414104,1.031463999285403
-0.5835921029482046,0.6716926507206273,-0.9240310059203835,0.7093937694154702,0.007667381718935275
0.006711788597375844,1.2257369649902687,-0.6798192636282196,1.2027824395782472,-0.06245567427876801
-1.223087985455917,0.948714807855448,-0.5821345667113542,0.7308454507268948,-0.04667798667928477
-1.3460679628612462,0.533181572153217,-0.04486873366859395,0.6021353628583448,0.5125533849023989
-0.19005617525115098,1.0872258864228583,1.0785052808753592,0.9024589012182955,2.2270621040462446
-1.6658159041151024,0.533181572153217,-0.3379228244191904,0.8595555385954455,-0.16939333467526552
0.10509577052163926,0.6716926507206273,0.931978235500061,-0.34173861484435897,2.7056519612305694
0.3756517208133637,0.2561594150183963,-1.412454490504711,0.2160050992526933,-0.0010980002807776353
-0.38682413909967783,-1.5444846063579383,1.4692440685428212,1.2027824395782472,-0.05894952147888285
1.5808554993855906,1.0872258864228583,0.24818535708200254,0.43052191236694404,3.0036749492208084
1.4578755219802613,0.2561594150183963,-0.9728733543788162,0.3018118244983933,2.216543645646589
0.006711788597375844,0.11764833645098596,0.44355475091573354,0.9024589012182955,-0.3026271410709018
-1.198491989974851,0.11764833645098596,0.541239447832599,0.6235870441697694,0.28465345290986327
-0.01788420688369001,-1.5444846063579383,0.6389241447494645,1.2885891648239471,0.18823425091302123
-1.1492999990127193,-0.02086274211642439,-0.3867651728776232,0.6235870441697694,2.064025998851584
-0.41142013458074367,1.0872258864228583,-0.6798192636282196,-0.10577012041868285,1.560893072068063
-1.6166239131529705,1.6412702006924997,-0.04486873366859395,-0.40609365877863357,0.5002818501028008
-0.854148053239929,1.3642480435576791,-0.7286616120866524,0.38761854974409404,0.12862965331497345
1.138127580726405,0.8102037292880377,0.15050066016513702,0.1301983740069933,1.2576108548779963
0.9413596168778784,0.11764833645098596,-0.6309769151697869,0.6879420881040448,-0.2307510086732559
-0.6573800893914022,-1.6829956849253485,1.2250323262506575,0.7737488133497455,0.27413499451020773
1.2611075581317344,0.948714807855448,-0.8751886574619506,0.7952004946611702,0.1917404037129064
0.646207671105088,-1.6829956849253485,1.4204017200843884,0.40907023105551865,0.14616041731439927
1.334895544574932,-0.7134181349534762,1.2250323262506575,0.8810072199068709,0.2303080845116432
-1.2476839809369829,0.8102037292880377,0.15050066016513702,0.7952004946611702,-0.018628764280203457
-0.042480202364755866,1.2257369649902687,-0.3379228244191904,1.2671374835125218,-0.008110305880547964
-1.6166239131529705,1.6412702006924997,-1.7055085812553072,1.3100408461353725,-0.8460808250531022
0.7691876485104173,0.8102037292880377,-1.4612968389631436,2.2539148238380755,-0.8057600678544228
-1.6412199086340364,1.6412702006924997,-0.24023812750232493,0.5592320002354948,1.3663015916744363
-0.5589961074671388,-1.4059735277905279,1.5669287654596866,0.9239105825297209,0.11986427131526053
1.334895544574932,1.0872258864228583,1.5669287654596866,1.0740723517096964,-0.8250439082537913
1.0397435988021417,0.11764833645098596,0.24818535708200254,1.3743958900696471,0.2601103833106671
0.44943970725656124,-0.7134181349534762,1.7134558108349849,0.7308454507268948,-0.2658125366721075
1.7038354767909198,-0.7134181349534762,0.9808205839584937,0.9239105825297209,-0.4726755518653322
1.0889355897642734,-1.6829956849253485,-1.2170850966709799,0.6664904067926202,0.9613409432876999
0.8675716304346808,-0.9904402920882969,1.127347629333792,1.6961711097410233,-0.4691693990654471
1.4824715174613272,-1.1289513706557073,-1.2170850966709799,0.6235870441697694,0.7124040944958533
0.4248437117754954,-0.8519292135208865,0.8342935385831954,0.3018118244983933,0.3793195785067627
0.49863169821869296,-1.4059735277905279,1.0785052808753592,0.6235870441697694,0.9999086240864368
-0.09167219332688757,-0.02086274211642439,-1.5101391874215764,0.8810072199068709,-0.2289979322733133
0.8183796394725491,0.948714807855448,0.9808205839584937,1.0311689890868463,-0.23250408507319847
-0.41142013458074367,1.0872258864228583,-0.04486873366859395,0.8810072199068709,2.307703618443603
-0.9279360396831267,0.2561594150183963,0.7854511901247627,1.3529442087582224,-0.1395910358762416
0.7691876485104173,0.6716926507206273,0.73660884166633,1.7176227910524486,-0.5778601358618871
-0.9033400442020608,0.2561594150183963,1.4204017200843884,0.6450387254811948,1.3382523692753552
1.679239481309854,-0.5749070563860658,0.2970277055404353,1.1384273956439717,-0.22724485587337073
1.3840875355370637,0.11764833645098596,0.8342935385831954,1.1384273956439717,-0.32191098147027014
-1.0017240261263243,-0.9904402920882969,0.39471240245730077,1.5889127031838979,-0.7601800814559156
0.3018637343701661,-0.15937382068383474,0.24818535708200254,0.5806836815469194,-0.09927027867756223
0.4248437117754954,-0.4363959778186554,0.1993430086235698,-0.01996339517298284,1.3505239040749533
-0.31303615265648027,0.948714807855448,1.0296629324169264,0.8166521759725955,0.0637658265170979
0.7691876485104173,0.948714807855448,-0.7286616120866524,-1.4357743617270373,2.8651819136253445
0.006711788597375844,-1.2674624492231175,0.9808205839584937,0.6664904067926202,2.2025190344470484
-0.19005617525115098,-0.5749070563860658,-0.4356075213360559,0.4948769563012194,2.6618250512320047
-0.5589961074671388,1.6412702006924997,1.4204017200843884,0.5377803189240694,2.3357528408426846
0.7937836439914832,0.11764833645098596,-0.9240310059203835,0.001488286138442538,0.7316879348952217
0.2772677388891002,-0.02086274211642439,1.4204017200843884,0.6235870441697694,2.2551113264453257
1.6546434858287882,1.6412702006924997,-0.9240310059203835,0.4519735936783694,1.9325452688558906
-0.7065720803535339,0.39467049358580664,-0.8263463090035179,-0.04141507648440746,2.4444435776391247
1.4578755219802613,-0.02086274211642439,-0.4844498697944887,0.9668139451525709,1.28040084807725
1.0889355897642734,-0.8519292135208865,-1.5101391874215764,-0.2130285269758082,2.7757750172282725
0.2526717434080344,0.2561594150183963,-0.2890804759607577,0.9239105825297209,0.558133371300906
-1.5182399312287072,0.8102037292880377,0.49239709937416626,1.5460093405610487,-0.7917354566548822
-1.4936439357476412,1.3642480435576791,1.322717023167523,-1.4143226804156128,2.2884197780442346
-1.690411899596168,-0.8519292135208865,0.5900817962910317,1.1384273956439717,-0.4954655450645858
0.7445916530293515,-0.8519292135208865,-1.1194003997541144,0.5592320002354948,2.141161360449058
-0.7065720803535339,0.2561594150183963,-0.6309769151697869,0.8595555385954455,1.283907000877135
0.05590377955950755,-1.4059735277905279,0.6877664932078973,0.7093937694154702,0.3547765089075665
1.4332795264991955,0.39467049358580664,-1.1194003997541144,0.7952004946611702,1.2488454728782834
1.6546434858287882,0.39467049358580664,-1.412454490504711,0.6664904067926202,-0.4744286282652748
1.1135315852453394,-0.4363959778186554,-1.5589815358800092,-0.38464197746720896,3.4805117300051904
-0.6327840939103364,-1.4059735277905279,-0.7286616120866524,0.23745678056411867,1.455708488071508
-1.4690479402665755,-0.5749070563860658,-0.19139577904389218,0.9668139451525709,-0.2640594602721649
-1.1001080080505876,1.3642480435576791,0.6389241447494645,1.3743958900696471,-0.04317183387939961
1.0889355897642734,1.3642480435576791,1.2250323262506575,1.3958475713810725,-0.6462301154596478
1.015147603321076,-1.1289513706557073,-0.24023812750232493,0.6664904067926202,0.0006550761191649468
0.49863169821869296,-0.4363959778186554,-0.14255343058545944,0.5377803189240694,0.22855500811170062
0.8675716304346808,0.948714807855448,-0.19139577904389218,0.6235870441697694,2.412888202440158
-0.6327840939103364,0.11764833645098596,0.345870053998868,0.7093937694154702,0.21453039691215997
0.2772677388891002,-0.4363959778186554,0.24818535708200254,0.8381038572840201,-0.5217616910637245
-0.7311680758345999,-0.02086274211642439,0.7854511901247627,0.5592320002354948,-0.39203403746797344
-0.48520812102394123,1.5027591221250893,-0.3379228244191904,0.7737488133497455,0.33198651570831295
-1.1738959944937852,0.2561594150183963,-1.6566662327968746,2.2110114612152247,-0.6076624346609111
-1.2968759718991145,0.8102037292880377,1.1761899777922247,0.5592320002354948,-0.4060586486675141
-0.4606121255428754,-0.7134181349534762,-1.021715702837249,1.7819778349867232,-0.7934885330548247
0.7199956575482857,-1.5444846063579383,-0.7286616120866524,-1.9935180758240896,1.9325452688558906
-0.14086418428901928,-0.15937382068383474,-1.1194003997541144,0.32326350580981866,0.3775665021068201
0.32645972985123195,1.3642480435576791,0.9808205839584937,0.7093937694154702,1.1366485832819582
1.5562595039045246,1.6412702006924997,-0.5332922182529214,0.8381038572840201,2.2340744096460146
-0.43601613006180956,-0.4363959778186554,1.5669287654596866,-1.1569025046785113,1.6134853640663405
-0.38682413909967783,-1.5444846063579383,0.541239447832599,2.0393980107238248,-0.6339585806600497
-0.854148053239929,0.8102037292880377,-0.6309769151697869,0.40907023105551865,1.0542539924846568
-0.362228143618612,-1.2674624492231175,-0.6309769151697869,1.2885891648239471,-0.11329488987710289
-1.3214719673801802,-0.15937382068383474,1.7134558108349849,-0.06286675779583284,3.385845604408291
1.359491540055998,-0.4363959778186554,1.6646134623765523,0.7308454507268948,-0.2886025298713611
1.2857035536128003,0.11764833645098596,-1.6566662327968746,0.7093937694154702,0.3372457449081407
1.4578755219802613,0.948714807855448,-1.3636121420462781,1.910687922855274,-0.6041562818610259
-1.0755120125695217,0.6716926507206273,-1.0705580512956816,0.43052191236694404,-0.20270178627417457
0.10509577052163926,-0.29788489925124506,-0.2890804759607577,0.6664904067926202,0.12687657691503085
0.031307784078441696,-0.5749070563860658,-0.04486873366859395,-0.2559318895986582,2.2814074724444646
-0.11626818880795343,0.8102037292880377,1.127347629333792,1.3100408461353725,-0.06596182707865317
1.334895544574932,1.5027591221250893,0.345870053998868,0.02293996744986792,2.6425412108326363
0.8675716304346808,0.8102037292880377,0.003973614789838794,0.7308454507268948,0.7299348584952791
0.7199956575482857,-1.2674624492231175,0.73660884166633,0.7522971320383202,-0.13608488307635647
1.2857035536128003,1.2257369649902687,0.003973614789838794,0.5592320002354948,0.0006550761191649468
0.9659556123589442,-1.4059735277905279,-0.6798192636282196,1.052620670398271,2.3129628476434307
-1.2476839809369829,1.3642480435576791,0.73660884166633,1.245685802201097,-0.35171328026929405
-0.31303615265648027,1.5027591221250893,1.1761899777922247,0.4948769563012194,-0.21497332107377265
-0.38682413909967783,1.0872258864228583,1.127347629333792,0.9453622638411455,0.2723819181102652
-1.690411899596168,0.6716926507206273,0.9808205839584937,-1.5859361309070128,2.1253836728495745
-1.2476839809369829,-1.1289513706557073,-0.24023812750232493,-1.328515955169912,0.25134500131095416
-1.4198559493044438,0.8102037292880377,0.9808205839584937,0.6664904067926202,1.5135600092696133
-0.43601613006180956,-1.1289513706557073,0.6389241447494645,1.1813307582668218,1.4206469600726563
0.15428776148377096,-0.29788489925124506,0.6389241447494645,-0.40609365877863357,1.1646978056810395
-1.4690479402665755,1.6412702006924997,-1.168242748212547,0.7308454507268948,0.3582826617074517
0.10509577052163926,0.948714807855448,-1.2170850966709799,0.516328637612644,0.06902505571692565
0.8429756349536149,-1.4059735277905279,0.05281596324827154,-0.04141507648440746,2.2638767084450384
1.507067512942393,1.3642480435576791,-1.2659274451294127,1.0740723517096964,0.3091965225090594
0.32645972985123195,0.6716926507206273,-0.0937110821270267,0.36616686843266866,0.25485115411083936
0.6216116756240222,1.6412702006924997,-0.7286616120866524,1.824881197609574,-0.6690201086589014
-1.4444519447855095,1.5027591221250893,-1.5589815358800092,1.503105977938198,-0.8285500610536763
0.35105572533229784,1.2257369649902687,-1.168242748212547,-0.2559318895986582,1.485510786870532
-0.854148053239929,-0.7134181349534762,-0.3867651728776232,1.9750429667895502,-0.7128470186574659
0.4248437117754954,1.2257369649902687,0.24818535708200254,0.38761854974409404,0.11109888931554762
-0.16546017977008515,1.6412702006924997,-0.24023812750232493,1.2242341208896717,0.6668241080973462
0.3018637343701661,-1.4059735277905279,1.6646134623765523,0.5592320002354948,0.28465345290986327
0.9659556123589442,-0.8519292135208865,-0.6309769151697869,0.06584333007271792,2.8125896216270667
1.2365115626506686,1.5027591221250893,-0.04486873366859395,1.2885891648239471,-0.08349259107807899
1.3102995490938663,1.0872258864228583,0.8831358870416283,1.3743958900696471,-0.30963944667067206
1.359491540055998,-0.8519292135208865,-1.021715702837249,0.9882656264639963,0.0444819861177295
1.2611075581317344,-0.29788489925124506,0.49239709937416626,0.7308454507268948,-0.04667798667928477
-0.6327840939103364,-1.5444846063579383,-0.4356075213360559,-0.14867348304153283,0.64228103849815
-1.1738959944937852,-0.5749070563860658,-0.24023812750232493,0.9453622638411455,0.20050578571261932
0.4248437117754954,1.6412702006924997,0.73660884166633,-0.8351272850071351,1.934298345255833
0.2526717434080344,1.2257369649902687,1.0785052808753592,1.0955240330211218,1.3803262028739771
1.6546434858287882,-0.02086274211642439,-0.3867651728776232,0.7522971320383202,0.289912682109691
1.2365115626506686,0.948714807855448,-0.4844498697944887,1.009717307775421,-0.04141875747945702
1.0643395942832077,-0.15937382068383474,0.003973614789838794,1.3743958900696471,-0.4726755518653322
-0.38682413909967783,1.0872258864228583,-1.2659274451294127,0.28036014318696867,1.0402293812851162
-1.5182399312287072,0.948714807855448,0.1016583117067043,0.8595555385954455,0.2566042305107819
1.2365115626506686,-0.7134181349534762,0.7854511901247627,0.7093937694154702,-0.4533917114659638
1.507067512942393,-0.9904402920882969,0.5900817962910317,0.8381038572840201,-0.06771490347859575
-0.48520812102394123,-0.8519292135208865,-0.6309769151697869,0.6664904067926202,2.2007659580471057
-0.9033400442020608,0.11764833645098596,-0.04486873366859395,-1.0281924168099612,2.3094566948435458
-0.9279360396831267,-0.8519292135208865,1.4692440685428212,0.8166521759725955,-0.15887487627561003
0.6953996620672198,-0.29788489925124506,0.8831358870416283,0.5806836815469194,-0.016875687880260875
-1.6166239131529705,0.11764833645098596,1.7134558108349849,0.38761854974409404,0.053247368117442406
-1.2722799764180486,1.5027591221250893,1.4204017200843884,1.6961711097410233,-0.5550701426626335
-1.690411899596168,-0.5749070563860658,-0.8751886574619506,1.009717307775421,0.5546272185010209
0.8921676259157466,-1.4059735277905279,1.127347629333792,0.43052191236694404,-0.13433180667641387
-0.09167219332688757,-1.2674624492231175,-0.2890804759607577,1.331492527446797,0.07077813211686823
-0.534400111986073,-1.5444846063579383,0.8342935385831954,0.9668139451525709,0.24257961931124128
-1.1492999990127193,-1.1289513706557073,1.5669287654596866,-0.7493205597614351,1.1401547360818434
-0.41142013458074367,0.6716926507206273,0.2970277055404353,0.8595555385954455,2.1814821176477373
0.006711788597375844,-1.6829956849253485,0.73660884166633,0.6235870441697694,0.9438101792882742
0.4248437117754954,-1.1289513706557073,1.3715593716259558,0.6235870441697694,-0.32191098147027014
-0.042480202364755866,-0.4363959778186554,1.4692440685428212,2.0393980107238248,-0.7146000950574085
-0.6327840939103364,1.2257369649902687,0.15050066016513702,1.3958475713810725,-0.19218332787451908
-0.48520812102394123,-0.02086274211642439,-0.24023812750232493,-0.04141507648440746,2.12888982564946
1.6300474903477222,1.6412702006924997,-0.2890804759607577,0.6879420881040448,-0.28509637707147595
-0.28844015717541444,-1.1289513706557073,0.1993430086235698,0.9239105825297209,1.5679053776678333
0.3756517208133637,0.6716926507206273,-1.412454490504711,0.5806836815469194,-0.39028096106803084
-0.38682413909967783,0.948714807855448,1.27387467470909,1.2885891648239471,0.5388495309015376
1.162723576207471,0.2561594150183963,0.05281596324827154,0.044391648761292535,2.689874273631086
-0.534400111986073,1.0872258864228583,1.6157711139181195,0.7952004946611702,-0.015122611480318291
0.32645972985123195,-0.02086274211642439,-0.8751886574619506,-0.8780306476299858,0.2793942237100355
-1.4690479402665755,0.8102037292880377,0.24818535708200254,0.43052191236694404,0.19875270931267672
-1.1492999990127193,1.3642480435576791,1.27387467470909,1.009717307775421,1.4188938836727139
-1.3460679628612462,-1.2674624492231175,0.345870053998868,-1.242709229924212,0.032210451318131425
-0.48520812102394123,-1.6829956849253485,-1.021715702837249,0.7952004946611702,-0.21322024467383008
-1.3460679628612462,-0.29788489925124506,0.931978235500061,0.9453622638411455,0.9999086240864368
0.10509577052163926,0.39467049358580664,-1.0705580512956816,0.9453622638411455,0.44243032890469564
0.8921676259157466,0.39467049358580664,-0.7286616120866524,-1.8862596692669642,0.8666748176908005
-1.2968759718991145,-0.9904402920882969,1.6646134623765523,0.5592320002354948,0.38808496050647556
0.670803666586154,-0.15937382068383474,1.27387467470909,0.7093937694154702,-0.19393640427446165
-1.2476839809369829,0.11764833645098596,1.27387467470909,0.9239105825297209,1.1436608888817286
0.5478236891808247,-1.6829956849253485,0.6389241447494645,-2.014969757135514,1.5223253912693262
-1.198491989974851,-0.7134181349534762,-0.6798192636282196,-1.7575495813984134,2.9353049696230475
0.7445916530293515,1.2257369649902687,1.2250323262506575,0.5806836815469194,-0.09401104947773449
0.4740357027376271,0.8102037292880377,-0.5821345667113542,1.3100408461353725,-0.4428732530663083
-1.02632002160739,1.3642480435576791,1.27387467470909,0.6879420881040448,0.0444819861177295
0.5970156801429564,0.8102037292880377,-0.5821345667113542,-0.10577012041868285,1.9781252552543978
-0.8049560622777974,-1.1289513706557073,0.1016583117067043,-0.08431843910725746,1.5240784676692687
-0.31303615265648027,0.8102037292880377,1.1761899777922247,1.009717307775421,2.3865920564410192
-0.21465217073221685,1.6412702006924997,-1.3147697935878453,0.7093937694154702,0.386331884106533
-1.1492999990127193,-1.6829956849253485,1.518086417001254,1.739074472363874,-0.6111685874607962
-1.2476839809369829,1.3642480435576791,-1.021715702837249,0.7093937694154702,2.7477257948291913
0.6216116756240222,-0.4363959778186554,-0.5821345667113542,1.3100408461353725,-0.5603293718624613
0.4002477162944295,0.6716926507206273,-0.4356075213360559,0.34471518712124405,0.27588807091015033
-0.31303615265648027,0.8102037292880377,1.3715593716259558,-1.1354508233670866,0.6510464204978629
-0.38682413909967783,-0.9904402920882969,1.4692440685428212,0.6021353628583448,0.13038272971491602
-1.0755120125695217,-0.7134181349534762,0.9808205839584937,0.2160050992526933,0.2495919249110116
0.8183796394725491,1.2257369649902687,-1.7055085812553072,0.4519735936783694,3.2578710272124827
-0.878744048720995,-0.7134181349534762,-0.3867651728776232,-0.34173861484435897,2.77402194082833
-0.6327840939103364,-0.15937382068383474,-0.19139577904389218,0.10874669269556791,0.5756641353003319
1.1135315852453394,1.3642480435576791,0.5900817962910317,0.6664904067926202,0.07253120851681082
0.12969176600270513,-1.5444846063579383,-1.3636121420462781,0.7522971320383202,-0.02038184068014604
-0.7065720803535339,0.8102037292880377,-0.04486873366859395,0.4519735936783694,-0.02213491708008862
-1.3214719673801802,0.533181572153217,1.0296629324169264,0.044391648761292535,2.8949842124243683
-0.09167219332688757,1.0872258864228583,-0.9728733543788162,0.7737488133497455,2.316469000443316
0.6953996620672198,-0.15937382068383474,-0.24023812750232493,1.2242341208896717,0.4091218773057866
-0.3376321481375461,-0.4363959778186554,-1.5101391874215764,1.2027824395782472,-0.15887487627561003
0.49863169821869296,-0.29788489925124506,0.1016583117067043,0.4948769563012194,2.4444435776391247
0.7937836439914832,0.6716926507206273,1.0785052808753592,0.6664904067926202,1.3838323556738623
-0.09167219332688757,0.39467049358580664,-0.19139577904389218,0.6235870441697694,-0.2640594602721649
0.4740357027376271,-0.29788489925124506,0.541239447832599,-1.8433563066441143,2.7056519612305694
1.2611075581317344,-0.5749070563860658,1.5669287654596866,0.5377803189240694,1.7239291772627232
-0.6327840939103364,-1.6829956849253485,-1.2659274451294127,-1.242709229924212,2.4882704876376893
-1.198491989974851,-0.8519292135208865,0.9808205839584937,1.0740723517096964,0.16369118131382507
-1.4690479402665755,-0.7134181349534762,1.4692440685428212,-0.5991587905814597,0.9543286376879296
0.44943970725656124,1.6412702006924997,0.49239709937416626,1.009717307775421,-0.09401104947773449
-0.41142013458074367,-0.9904402920882969,0.003973614789838794,0.5592320002354948,-0.03966568107951444
-1.2968759718991145,0.11764833645098596,0.73660884166633,0.6879420881040448,0.5406026073014802
0.031307784078441696,-0.4363959778186554,-1.1194003997541144,1.996494648100974,-0.8706238946522984
1.3840875355370637,-1.6829956849253485,1.518086417001254,0.1945534179412679,0.5423556837014228
0.3756517208133637,-0.4363959778186554,-1.2170850966709799,0.6021353628583448,1.3925977376735752
-0.48520812102394123,1.6412702006924997,0.05281596324827154,-0.01996339517298284,2.749478871229134
-0.48520812102394123,0.6716926507206273,-1.021715702837249,0.6879420881040448,1.7782745456609432
1.3840875355370637,-0.8519292135208865,-1.6078238843384418,0.7093937694154702,1.5643992248679481
-0.41142013458074367,0.2561594150183963,1.518086417001254,1.0311689890868463,-0.051937215879112514
-1.1492999990127193,-1.6829956849253485,-0.3867651728776232,1.9750429667895502,-0.8741300474521835
-1.5920279176719048,0.6716926507206273,-0.9240310059203835,1.3529442087582224,0.24608577211112645
-0.878744048720995,-0.02086274211642439,0.541239447832599,0.02293996744986792,3.508560952404272
-0.6081880984292706,-1.4059735277905279,0.6389241447494645,-0.513352065335759,-0.6339585806600497
1.334895544574932,1.2257369649902687,-0.4356075213360559,0.06584333007271792,2.412888202440158
-0.9279360396831267,0.8102037292880377,-1.6566662327968746,1.009717307775421,0.5055410793026286
0.006711788597375844,1.3642480435576791,0.541239447832599,-0.2130285269758082,-0.6672670322589588
1.4578755219802613,-1.2674624492231175,0.73660884166633,-0.8994823289414104,-0.6269462750602794
0.9167636213968124,-0.15937382068383474,-1.2659274451294127,0.10874669269556791,-1.0844992154452933
0.12969176600270513,-0.9904402920882969,-0.7775039605450852,-0.6849655158271597,-0.893413887851552
-0.9279360396831267,0.6716926507206273,-1.4612968389631436,1.8677845602324248,-0.8022539150545377
-0.9771280306452583,-0.15937382068383474,-0.4356075213360559,0.06584333007271792,-0.9600307910493701
-0.31303615265648027,0.8102037292880377,0.003973614789838794,1.1384273956439717,-0.5147493854639542
0.44943970725656124,-1.2674624492231175,1.4204017200843884,1.052620670398271,0.3389988213080833
0.670803666586154,-0.7134181349534762,0.6877664932078973,0.10874669269556791,2.2761482432446365
0.44943970725656124,0.11764833645098596,0.5900817962910317,0.9453622638411455,-0.4463794058661935
0.6953996620672198,-1.6829956849253485,0.73660884166633,-0.34173861484435897,-0.5480578370628633
1.507067512942393,-1.2674624492231175,-0.6309769151697869,-2.444003383364016,-0.5392924550631504
-1.198491989974851,1.2257369649902687,0.6389241447494645,0.8810072199068709,-1.0564499930462121
0.9167636213968124,1.6412702006924997,-0.2890804759607577,-1.049644098121386,-0.4954655450645858
0.9659556123589442,1.0872258864228583,-0.5821345667113542,-0.38464197746720896,-0.2517879254725669
-0.7557640713156657,-1.5444846063579383,0.2970277055404353,-0.3631902961557836,-0.8180316026540209
-1.0017240261263243,-0.02086274211642439,0.8342935385831954,-0.5348037466471843,-0.7636862342558008
0.32645972985123195,0.6716926507206273,0.2970277055404353,-0.04141507648440746,-1.0880053682451785
-1.4444519447855095,0.11764833645098596,-0.04486873366859395,-0.9852890541871112,-0.4849470866649303
0.44943970725656124,-0.8519292135208865,-1.021715702837249,1.3743958900696471,-0.45865094066579154
0.8921676259157466,-0.4363959778186554,-1.5589815358800092,0.2160050992526933,-1.1107953614444321
0.10509577052163926,0.6716926507206273,-1.0705580512956816,-0.12722180173010822,-0.896920040651437
0.9413596168778784,-0.29788489925124506,-1.0705580512956816,0.7093937694154702,2.426912813639699
-0.8049560622777974,0.6716926507206273,0.931978235500061,-2.958843734838218,0.2986780641094039
1.2119155671696027,-1.1289513706557073,-1.168242748212547,-1.4572260430384627,1.4066223488731158
-0.2392481662132827,0.2561594150183963,1.0296629324169264,-0.49190038402433434,-0.276330995071763
-0.534400111986073,0.2561594150183963,0.24818535708200254,-0.7707722410728605,-0.595390899861313
0.6216116756240222,1.6412702006924997,-1.5101391874215764,1.0311689890868463,1.485510786870532
1.7038354767909198,-1.6829956849253485,0.541239447832599,-0.19157684566438285,-0.947759256249772
-0.2392481662132827,-1.1289513706557073,-1.2659274451294127,-0.3202869335329336,-0.7934885330548247
0.05590377955950755,-1.2674624492231175,1.322717023167523,0.02293996744986792,-1.0143761594475902
-0.854148053239929,-0.5749070563860658,-0.7775039605450852,-0.7922239223842851,-0.41833018346711215
0.6953996620672198,-0.15937382068383474,-1.3147697935878453,-1.4572260430384627,-0.7408962410565473
-1.1738959944937852,1.3642480435576791,0.8342935385831954,-0.5777071092700343,-0.8495869778529874
0.9905516078400101,1.2257369649902687,-1.3147697935878453,0.6450387254811948,-1.0704746042457527
1.5562595039045246,0.948714807855448,-1.2170850966709799,1.9750429667895502,-0.842574672253217
-1.1001080080505876,-1.6829956849253485,1.7134558108349849,-0.5348037466471843,-0.7075877894576382
-1.1738959944937852,-0.7134181349534762,0.73660884166633,-1.5859361309070128,0.5563802949009635
-0.8049560622777974,-1.4059735277905279,-0.9728733543788162,0.38761854974409404,-0.31314559947055726
-1.0017240261263243,-0.5749070563860658,-0.24023812750232493,-0.2988352522215082,-0.4165771070671696
1.4824715174613272,-0.5749070563860658,-1.5589815358800092,-0.44899702140148434,-0.8267969846537339
0.8675716304346808,1.2257369649902687,1.5669287654596866,0.516328637612644,0.6072195104992983
0.5970156801429564,0.533181572153217,-0.04486873366859395,-0.1701251643529582,0.21628347331210254
1.4824715174613272,-0.4363959778186554,1.6157711139181195,-0.5348037466471843,-0.754920852256088
-0.534400111986073,-0.4363959778186554,-1.7055085812553072,0.36616686843266866,-0.4007994194676864
-1.4444519447855095,-1.2674624492231175,0.345870053998868,0.06584333007271792,-0.8811423530519539
1.4578755219802613,0.6716926507206273,-1.168242748212547,0.02293996744986792,-0.9232161866505758
1.6300474903477222,1.6412702006924997,-0.4844498697944887,-0.2559318895986582,-0.9442531034498868
1.0889355897642734,1.2257369649902687,-1.6078238843384418,0.4948769563012194,0.29517191130951875
-1.715007895077234,-1.4059735277905279,0.7854511901247627,-1.8004529440212635,0.3284803629084278
-0.9279360396831267,-0.5749070563860658,-1.7055085812553072,0.8810072199068709,-0.4043055722675715
1.2611075581317344,-0.4363959778186554,-0.5821345667113542,-1.3928709991041874,1.2155370212793744
0.3756517208133637,-0.7134181349534762,1.1761899777922247,-1.8004529440212635,-0.7146000950574085
-0.8295520577588632,0.8102037292880377,-0.2890804759607577,1.9535912854781248,-0.6462301154596478
-1.1247040035316536,-0.15937382068383474,-1.0705580512956816,1.910687922855274,-0.8758831238521261
-0.06707619784582172,0.948714807855448,-1.2170850966709799,0.32326350580981866,0.3547765089075665
1.3102995490938663,0.11764833645098596,-0.24023812750232493,0.6664904067926202,0.15492579931411218
1.359491540055998,-0.8519292135208865,0.9808205839584937,1.009717307775421,0.45820801650417886
0.2772677388891002,-0.8519292135208865,-0.19139577904389218,0.6021353628583448,-0.008110305880547964
-1.3706639583423121,-1.2674624492231175,0.24818535708200254,-1.1569025046785113,2.8423919204260906
-0.042480202364755866,-0.15937382068383474,-0.3379228244191904,1.2242341208896717,-0.8162785262540783
-0.21465217073221685,1.6412702006924997,0.44355475091573354,-0.9423856915642604,-0.5568232190625761
0.10509577052163926,-1.1289513706557073,1.0296629324169264,0.9453622638411455,0.011173534518820439
0.031307784078441696,-0.02086274211642439,-0.7286616120866524,0.38761854974409404,0.06201275011715532
0.6953996620672198,1.5027591221250893,1.0296629324169264,-2.2294865702497653,0.1426542645145141
0.6953996620672198,0.948714807855448,-0.3379228244191904,1.739074472363874,-0.6357116570599923
0.670803666586154,1.6412702006924997,-1.4612968389631436,1.5245576592496233,-0.5568232190625761
-0.4606121255428754,-0.02086274211642439,-0.4844498697944887,-0.12722180173010822,-0.6094155110608537
1.138127580726405,1.3642480435576791,0.9808205839584937,-1.8004529440212635,2.2007659580471057
0.4002477162944295,1.0872258864228583,1.27387467470909,-0.12722180173010822,-0.7373900882566621
-1.198491989974851,-1.4059735277905279,-1.4612968389631436,0.5592320002354948,1.4802515576707043
-1.715007895077234,-0.29788489925124506,1.27387467470909,1.9750429667895502,-0.6146747402606814
-1.3706639583423121,-1.2674624492231175,0.2970277055404353,0.7952004946611702,0.23556731371147094
0.35105572533229784,0.2561594150183963,-1.4612968389631436,-0.10577012041868285,-0.7198593242572363
-0.5835921029482046,0.533181572153217,1.0785052808753592,1.1384273956439717,-0.3376886690697534
-1.050916017088456,-0.15937382068383474,0.931978235500061,0.36616686843266866,0.23381423731152837
0.32645972985123195,-1.2674624492231175,-1.2659274451294127,-0.12722180173010822,-0.9039323462512074
1.359491540055998,-0.4363959778186554,0.9808205839584937,-0.6635138345157351,-0.4972186214645284
1.4578755219802613,0.8102037292880377,1.4692440685428212,-0.19157684566438285,-0.8127723734541932
-0.5098041165050071,1.2257369649902687,-0.3867651728776232,-0.7707722410728605,0.1426542645145141
0.05590377955950755,0.6716926507206273,-1.7055085812553072,0.7522971320383202,1.3031908412765034
-0.6327840939103364,-0.5749070563860658,0.931978235500061,-1.3070642738584874,2.72668887802988
0.44943970725656124,-1.4059735277905279,0.8342935385831954,-0.2559318895986582,0.18472809811313606
0.9413596168778784,-1.1289513706557073,0.44355475091573354,0.10874669269556791,-0.8864015822517816
-0.06707619784582172,-1.5444846063579383,-0.9240310059203835,1.0740723517096964,-0.1115418134771603
0.22807574792696855,-0.7134181349534762,1.518086417001254,-0.34173861484435897,-0.9021792698512648
-1.0755120125695217,0.8102037292880377,-0.9240310059203835,0.6879420881040448,-0.35346635666923665
-0.362228143618612,0.2561594150183963,0.8831358870416283,-0.04141507648440746,1.8834591296574983
-0.4606121255428754,0.2561594150183963,-1.168242748212547,0.9882656264639963,1.8606691364582448
1.162723576207471,-1.4059735277905279,0.541239447832599,0.9453622638411455,-0.43936710026642317
1.138127580726405,1.0872258864228583,0.1016583117067043,0.8166521759725955,-1.0126230830476475
1.4578755219802613,0.39467049358580664,0.9808205839584937,1.2242341208896717,-0.7829700746551692
1.5316635084234589,0.39467049358580664,1.6157711139181195,0.9453622638411455,0.19699963291273415
-1.4936439357476412,0.39467049358580664,-1.5101391874215764,0.8810072199068709,-0.051937215879112514
0.4248437117754954,-0.8519292135208865,1.0785052808753592,-0.9852890541871112,-0.6549954974593608
1.2119155671696027,-1.6829956849253485,0.9808205839584937,0.2589084618755433,1.9360514216557758
0.35105572533229784,0.8102037292880377,-0.04486873366859395,-0.08431843910725746,-1.0284007706471308
-1.0017240261263243,-0.15937382068383474,0.1016583117067043,-0.3202869335329336,-0.2623063838722224
-0.534400111986073,-1.5444846063579383,1.0296629324169264,0.36616686843266866,1.8361260668590487
1.4086835310181296,1.3642480435576791,-0.6309769151697869,-0.44899702140148434,0.8281071368920637
-0.9525320351641925,-0.7134181349534762,-1.6078238843384418,-0.7064171971385851,-0.9091915754510351
-1.2722799764180486,-1.5444846063579383,1.0296629324169264,-0.3202869335329336,-0.9793146314487384
0.32645972985123195,-1.5444846063579383,1.518086417001254,0.7093937694154702,0.3267272865084852
-0.2392481662132827,-0.29788489925124506,-1.3147697935878453,-0.2130285269758082,-0.3324294398699256
0.32645972985123195,0.533181572153217,1.7134558108349849,0.6235870441697694,0.5072941557025712
1.187319571688537,0.6716926507206273,-1.6078238843384418,-0.19157684566438285,-0.5831193650617149
-0.31303615265648027,0.6716926507206273,-0.2890804759607577,0.6235870441697694,1.5118069328696706
1.162723576207471,1.2257369649902687,1.5669287654596866,-1.5215810869727382,-0.5550701426626335
0.5724196846618905,1.5027591221250893,-0.7286616120866524,0.7093937694154702,1.8150891500597377
-0.9771280306452583,0.533181572153217,0.931978235500061,0.9239105825297209,-0.43410787106659543
-1.2476839809369829,-1.1289513706557073,-1.5101391874215764,1.1384273956439717,1.2172900976793168
-0.8295520577588632,1.2257369649902687,-0.4356075213360559,-1.1354508233670866,-0.04141875747945702
-0.9279360396831267,-0.15937382068383474,0.39471240245730077,-2.07932480106979,-0.3674909678687773
0.6216116756240222,1.5027591221250893,-0.19139577904389218,1.1813307582668218,-0.767192387055686
1.6054514948666565,0.39467049358580664,1.2250323262506575,-0.9423856915642604,0.19349348011284898
-1.3706639583423121,-0.8519292135208865,1.0296629324169264,-0.7278688784500097,-0.20445486267411717
-1.4444519447855095,-0.9904402920882969,1.4204017200843884,0.9453622638411455,-0.0536902922790551
-0.042480202364755866,0.8102037292880377,0.9808205839584937,-0.2344802082872336,-0.8671177418524132
-0.7065720803535339,-1.5444846063579383,-1.5101391874215764,-0.6849655158271597,-0.8338092902535041
-0.6081880984292706,-0.5749070563860658,0.8831358870416283,-0.3631902961557836,-0.34294789826958116
0.17888375696483683,-1.5444846063579383,0.39471240245730077,0.43052191236694404,0.10934581291560504
-0.6819760848724681,0.948714807855448,-0.9728733543788162,-0.10577012041868285,-0.9337346450502313
-0.878744048720995,-0.9904402920882969,0.931978235500061,-0.513352065335759,-0.9652900202491977
1.4824715174613272,1.6412702006924997,-1.2170850966709799,1.052620670398271,-0.16939333467526552
0.44943970725656124,-0.29788489925124506,-0.04486873366859395,0.06584333007271792,-0.896920040651437
0.6953996620672198,-0.29788489925124506,-0.3867651728776232,1.417299252692498,-0.7426493174564899
-0.21465217073221685,1.5027591221250893,-0.0937110821270267,1.1384273956439717,-0.8793892766520113
1.6546434858287882,0.11764833645098596,-0.2890804759607577,0.4948769563012194,-1.0389192290467861
-0.9525320351641925,-1.5444846063579383,-1.2170850966709799,-0.2130285269758082,-0.6847977962583847
0.5970156801429564,0.948714807855448,1.2250323262506575,-0.9209340102528358,-0.7198593242572363
-0.042480202364755866,-0.9904402920882969,1.4204017200843884,1.1169757143325463,0.0444819861177295
-0.7803600667967315,1.3642480435576791,-1.5101391874215764,-0.513352065335759,-0.3674909678687773
1.138127580726405,-0.15937382068383474,-1.4612968389631436,-0.7493205597614351,-0.5270209202635523
-0.43601613006180956,0.948714807855448,-0.9728733543788162,-0.3202869335329336,-0.8232908318538487
-0.01788420688369001,-1.1289513706557073,-0.5332922182529214,0.38761854974409404,0.21277732051221737
-0.8049560622777974,-0.02086274211642439,1.2250323262506575,-0.8994823289414104,0.12337042411514569
0.006711788597375844,1.3642480435576791,1.6646134623765523,0.10874669269556791,-0.9547715618495423
1.359491540055998,1.0872258864228583,-1.3636121420462781,-1.1569025046785113,0.1619381049138825
0.3756517208133637,-0.15937382068383474,0.39471240245730077,0.9882656264639963,-0.29561483547113143
-0.5098041165050071,0.39467049358580664,-1.5101391874215764,-0.6849655158271597,-0.6585016502592459
-1.4690479402665755,-0.02086274211642439,-0.7775039605450852,-0.6420621532043097,-0.7847231510551118
-1.3214719673801802,1.0872258864228583,0.6877664932078973,1.331492527446797,0.6563056496976907
-0.38682413909967783,-1.2674624492231175,-0.19139577904389218,0.9668139451525709,0.8596625120910302
1.3102995490938663,1.3642480435576791,-0.14255343058545944,0.40907023105551865,0.38983803690641816
1.0889355897642734,0.948714807855448,1.0785052808753592,1.824881197609574,-0.7987477622546525
-0.8049560622777974,0.533181572153217,0.1016583117067043,-1.0067407354985358,-0.6672670322589588
0.4248437117754954,0.533181572153217,1.4204017200843884,-0.47044870271290895,-0.6514893446594756
-1.3460679628612462,-0.4363959778186554,-0.5821345667113542,-0.7493205597614351,-0.5848724414616575
-0.43601613006180956,0.6716926507206273,1.127347629333792,-0.10577012041868285,-0.5410455314630929
-1.2476839809369829,-1.2674624492231175,0.6389241447494645,0.08729501138414254,-0.7654393106557434
-1.6166239131529705,-1.5444846063579383,-0.7775039605450852,-0.2988352522215082,-0.7426493174564899
-0.01788420688369001,0.948714807855448,-0.8263463090035179,-0.49190038402433434,-0.35171328026929405
-1.4936439357476412,-0.8519292135208865,-0.0937110821270267,-0.2559318895986582,-0.20445486267411717
-1.0755120125695217,-0.9904402920882969,1.5669287654596866,0.10874669269556791,-1.086252291845236
1.679239481309854,-1.2674624492231175,0.8831358870416283,-0.2344802082872336,-0.767192387055686
-0.09167219332688757,1.6412702006924997,0.49239709937416626,-0.5562554279586097,-0.39203403746797344
-1.3460679628612462,1.2257369649902687,0.345870053998868,-2.8086819656582422,-0.004604153080662799
1.015147603321076,-1.2674624492231175,0.24818535708200254,-0.49190038402433434,-0.9880800134484513
-1.3460679628612462,-1.4059735277905279,0.8831358870416283,0.06584333007271792,-0.53228014946338
-0.16546017977008515,-0.02086274211642439,0.1016583117067043,-2.12222816369264,0.3688011201071072
0.8921676259157466,0.533181572153217,-0.5821345667113542,-0.3202869335329336,-0.7426493174564899
-1.2476839809369829,-0.29788489925124506,-0.7286616120866524,-0.7064171971385851,-0.5200086146637819
-1.2476839809369829,-1.2674624492231175,-1.2170850966709799,-0.49190038402433434,-0.4937124686646432
1.0889355897642734,-1.4059735277905279,-0.8751886574619506,-0.8780306476299858,-0.22549177947342813
-1.0755120125695217,-1.1289513706557073,0.6389241447494645,-0.5348037466471843,-0.8127723734541932
0.8921676259157466,0.533181572153217,0.8831358870416283,0.9668139451525709,-0.9565246382494849
0.9905516078400101,1.2257369649902687,0.8831358870416283,-1.8004529440212635,-0.42183633626699735
-1.6166239131529705,-0.02086274211642439,0.7854511901247627,-0.3202869335329336,-0.8057600678544228
-0.6819760848724681,-0.7134181349534762,1.2250323262506575,-0.3631902961557836,-0.7321308590568344
0.32645972985123195,-0.02086274211642439,0.1993430086235698,-0.34173861484435897,-0.8653646654524706
0.7199956575482857,-0.4363959778186554,-0.6798192636282196,-1.1783541859899367,-0.16939333467526552
-1.3460679628612462,-0.4363959778186554,1.518086417001254,-0.2559318895986582,-0.6655139558590163
0.10509577052163926,1.2257369649902687,-1.3147697935878453,-0.42754534009005896,-0.5287739966634949
0.9167636213968124,0.11764833645098596,0.7854511901247627,-0.7278688784500097,-0.7514146994562028
1.0643395942832077,1.2257369649902687,-1.168242748212547,-0.42754534009005896,-0.6462301154596478
-1.0755120125695217,-1.2674624492231175,-0.9240310059203835,-0.7922239223842851,-0.015122611480318291
1.6546434858287882,-1.4059735277905279,-1.168242748212547,-0.06286675779583284,-0.9144508046508629
0.3018637343701661,0.2561594150183963,-1.168242748212547,-1.3928709991041874,-0.41833018346711215
-0.38682413909967783,-1.1289513706557073,0.6877664932078973,-0.1701251643529582,-0.43235479466665283
1.2119155671696027,1.0872258864228583,-0.7775039605450852,-0.5991587905814597,-0.6672670322589588
0.006711788597375844,-0.7134181349534762,1.322717023167523,0.044391648761292535,-0.7110939422575234
-0.31303615265648027,-1.6829956849253485,0.44355475091573354,-0.513352065335759,-0.8355623666534467
-0.7557640713156657,-1.4059735277905279,-1.0705580512956816,-0.2559318895986582,-0.8758831238521261
1.0889355897642734,-0.4363959778186554,0.24818535708200254,-0.2130285269758082,-0.7917354566548822
0.5478236891808247,-0.15937382068383474,-0.8751886574619506,-0.6206104718928843,-0.8110192970542506
-0.3376321481375461,1.5027591221250893,0.931978235500061,-0.10577012041868285,-0.6742793378587292
-0.362228143618612,0.533181572153217,-0.4356075213360559,-0.7064171971385851,0.31971498090871486
1.4086835310181296,-0.29788489925124506,-1.1194003997541144,0.06584333007271792,-1.0073638538478198
1.0889355897642734,0.11764833645098596,-0.8751886574619506,0.5806836815469194,-0.9687961730490829
1.5316635084234589,-0.4363959778186554,-1.5101391874215764,-0.40609365877863357,-0.8758831238521261
-1.6658159041151024,-0.15937382068383474,0.15050066016513702,-0.47044870271290895,-0.7917354566548822
0.031307784078441696,-1.5444846063579383,1.2250323262506575,-0.7707722410728605,-0.4007994194676864
0.7937836439914832,0.39467049358580664,-0.8263463090035179,-0.1701251643529582,-0.4831940102649877
0.2034797524459027,-1.4059735277905279,-0.04486873366859395,-0.8565789663185605,-0.49020631586475805
-0.31303615265648027,0.948714807855448,-1.3147697935878453,-0.7278688784500097,-0.8653646654524706
-0.9525320351641925,0.533181572153217,0.44355475091573354,-0.2988352522215082,-0.27282484227187787
0.4248437117754954,-1.4059735277905279,-0.2890804759607577,-0.42754534009005896,-0.4726755518653322
1.4578755219802613,-1.1289513706557073,-0.3379228244191904,0.4519735936783694,-1.0354130762469012
0.49863169821869296,-1.4059735277905279,-0.4844498697944887,-1.0710957794328113,-0.5427986078630355
-0.01788420688369001,1.6412702006924997,0.7854511901247627,0.08729501138414254,-1.0073638538478198
0.031307784078441696,-1.5444846063579383,-0.7286616120866524,-0.7064171971385851,-0.9337346450502313
1.2611075581317344,0.11764833645098596,-0.7775039605450852,-1.1354508233670866,-0.6216870458604516
0.17888375696483683,0.11764833645098596,0.345870053998868,-2.6585201964782668,0.310949598909002
-0.7557640713156657,-1.2674624492231175,0.5900817962910317,0.43052191236694404,-1.0143761594475902
-0.878744048720995,1.5027591221250893,0.6877664932078973,-0.34173861484435897,-0.8811423530519539
-0.09167219332688757,1.6412702006924997,0.73660884166633,-0.5348037466471843,-0.7829700746551692
1.0397435988021417,-0.7134181349534762,-0.4356075213360559,0.02293996744986792,-0.8951669642514946
-1.223087985455917,0.8102037292880377,-1.6078238843384418,-1.3070642738584874,-0.47968785746510256
1.1135315852453394,1.0872258864228583,-0.7286616120866524,-0.2773835709100836,-0.31139252307061466
1.359491540055998,1.5027591221250893,-1.3636121420462781,0.06584333007271792,-0.9021792698512648
1.0397435988021417,0.11764833645098596,1.4692440685428212,0.044391648761292535,-0.7777108454553415
-0.16546017977008515,0.6716926507206273,-0.9240310059203835,0.044391648761292535,-0.8267969846537339
1.4332795264991955,-0.5749070563860658,-1.3636121420462781,0.4948769563012194,-1.0248946178472456
1.679239481309854,-0.7134181349534762,-0.19139577904389218,0.001488286138442538,-0.8267969846537339
-1.4198559493044438,-1.5444846063579383,0.8831358870416283,-0.47044870271290895,-0.8250439082537913
-0.5098041165050071,0.2561594150183963,0.9808205839584937,-0.40609365877863357,-0.7321308590568344
-0.362228143618612,1.3642480435576791,1.4204017200843884,-0.19157684566438285,-0.23601023787308364
0.2034797524459027,-1.6829956849253485,0.541239447832599,-0.44899702140148434,-0.9126977282509203
-1.2476839809369829,0.2561594150183963,1.7134558108349849,-0.04141507648440746,-0.7181062478572937
-0.5589961074671388,-0.29788489925124506,1.127347629333792,0.9239105825297209,-1.0511907638463842
0.44943970725656124,-0.29788489925124506,-1.4612968389631436,-0.3631902961557836,0.3407518977080259
0.3756517208133637,-1.6829956849253485,-0.24023812750232493,0.23745678056411867,-0.9828207842486236
0.9167636213968124,-1.1289513706557073,-1.6566662327968746,-0.6420621532043097,-0.7759577690553989
-1.6658159041151024,1.2257369649902687,0.8831358870416283,-0.2344802082872336,-0.6988224074579253
-1.6412199086340364,0.533181572153217,0.15050066016513702,-2.143679845004065,-0.3201579050703276
-0.6819760848724681,1.0872258864228583,0.49239709937416626,-0.38464197746720896,0.047988138917614664
-1.690411899596168,1.2257369649902687,-0.2890804759607577,0.6235870441697694,-0.9793146314487384
1.7038354767909198,-0.02086274211642439,-0.5332922182529214,-0.6206104718928843,-0.6795385670585569
1.5316635084234589,-1.5444846063579383,1.6157711139181195,-0.9638373728756858,-0.5585762954625187
0.9413596168778784,1.0872258864228583,-0.0937110821270267,-0.2559318895986582,-0.4463794058661935
-1.6166239131529705,1.6412702006924997,1.2250323262506575,-0.7278688784500097,0.2723819181102652
0.49863169821869296,-0.02086274211642439,-0.3867651728776232,-0.3202869335329336,-0.90568542265115
-1.690411899596168,-1.4059735277905279,-0.3379228244191904,-0.513352065335759,-0.758427005055973
1.0643395942832077,-0.02086274211642439,0.49239709937416626,-0.7278688784500097,-0.4533917114659638
-0.16546017977008515,-1.5444846063579383,-0.14255343058545944,-0.34173861484435897,-0.6427239626597627
-0.26384416169434854,0.8102037292880377,0.39471240245730077,-0.04141507648440746,-0.7899823802549396
-0.6573800893914022,1.2257369649902687,-0.24023812750232493,-0.5562554279586097,-0.6041562818610259
0.4740357027376271,-0.8519292135208865,-0.19139577904389218,-0.9423856915642604,-0.5813662886617723
-0.5098041165050071,-0.29788489925124506,-0.7286616120866524,0.43052191236694404,-1.010870006647705
-1.4198559493044438,-1.2674624492231175,0.5900817962910317,-0.38464197746720896,-0.15010949427589712
0.2772677388891002,0.39467049358580664,0.8831358870416283,-0.47044870271290895,-0.9740554022489107
0.670803666586154,0.6716926507206273,1.518086417001254,-1.0925474607442367,0.12862965331497345
-0.9771280306452583,1.5027591221250893,-1.7055085812553072,-1.6288394935298636,-0.13783795947629904
1.2119155671696027,1.5027591221250893,-0.6798192636282196,-1.1354508233670866,-0.5550701426626335
-0.854148053239929,0.2561594150183963,-0.6798192636282196,-0.5348037466471843,0.08129659051652373
-0.3376321481375461,0.8102037292880377,-1.6078238843384418,-0.44899702140148434,-0.9302284922503461
-0.7557640713156657,-0.7134181349534762,-0.3867651728776232,-0.8994823289414104,-0.15887487627561003
-1.6412199086340364,-0.7134181349534762,-1.0705580512956816,-0.7278688784500097,-0.8162785262540783
-1.4198559493044438,1.6412702006924997,-1.3636121420462781,-0.7064171971385851,0.27413499451020773
-0.5098041165050071,0.6716926507206273,0.8831358870416283,-0.8565789663185605,-0.6970693310579827
0.7937836439914832,0.533181572153217,-1.6078238843384418,-0.3631902961557836,-0.553317066262691
-1.7396038905582998,-1.5444846063579383,1.2250323262506575,-0.10577012041868285,-0.9828207842486236
0.2034797524459027,0.11764833645098596,0.2970277055404353,0.10874669269556791,-0.9425000270499442
1.5808554993855906,-0.9904402920882969,-0.3867651728776232,-0.19157684566438285,-0.7303777826568918
0.670803666586154,-1.4059735277905279,-0.19139577904389218,-0.2344802082872336,-0.6041562818610259
0.5724196846618905,1.5027591221250893,1.127347629333792,-0.6206104718928843,-0.863611589052528
-1.1001080080505876,-0.15937382068383474,0.73660884166633,-0.5777071092700343,-0.8601054362526429
-0.11626818880795343,-0.9904402920882969,1.6157711139181195,-0.3202869335329336,-0.27457791867182046
1.6054514948666565,-1.4059735277905279,1.4204017200843884,-0.04141507648440746,-0.9144508046508629
0.9659556123589442,-1.1289513706557073,0.05281596324827154,-0.2559318895986582,-0.733883935456777
1.138127580726405,0.39467049358580664,-1.2659274451294127,0.5592320002354948,-0.9950923190482217
1.1135315852453394,-0.9904402920882969,-0.9728733543788162,-0.5562554279586097,-0.47793478106515996
-0.26384416169434854,1.3642480435576791,-1.7055085812553072,-0.9209340102528358,-0.16939333467526552
0.12969176600270513,-1.5444846063579383,1.0296629324169264,-0.1701251643529582,-0.37976250266837536
-0.7557640713156657,-0.5749070563860658,-0.8751886574619506,-0.9638373728756858,-0.7794639218552841
0.6216116756240222,0.6716926507206273,1.4692440685428212,-0.7707722410728605,-0.8338092902535041
1.679239481309854,0.11764833645098596,1.322717023167523,-0.1701251643529582,-0.2307510086732559
0.7691876485104173,1.2257369649902687,1.2250323262506575,-2.2294865702497653,-0.41833018346711215
-0.6573800893914022,1.0872258864228583,-0.5821345667113542,-0.10577012041868285,-0.767192387055686
0.8429756349536149,-1.4059735277905279,-0.7775039605450852,-2.186583207626915,-0.04141875747945702
0.7691876485104173,-0.29788489925124506,0.931978235500061,-0.5562554279586097,-0.5445516842629781
-0.16546017977008515,1.0872258864228583,-1.7055085812553072,0.5377803189240694,-0.9582777146494275
1.6054514948666565,-1.5444846063579383,-0.5332922182529214,-0.7064171971385851,-0.5182555382638393
0.15428776148377096,0.533181572153217,-1.3147697935878453,0.43052191236694404,-0.9758084786488532
1.4332795264991955,-0.5749070563860658,-1.021715702837249,-0.6849655158271597,-0.22549177947342813
-0.48520812102394123,1.6412702006924997,-0.8263463090035179,-0.513352065335759,-0.02038184068014604
0.15428776148377096,0.948714807855448,-1.2170850966709799,0.8810072199068709,-1.0599561458460973
1.4332795264991955,0.948714807855448,-1.3147697935878453,-0.5777071092700343,-0.36223173866894953
-0.8049560622777974,-0.5749070563860658,0.6389241447494645,-1.9506147132012397,-0.25704715467239464
-0.2392481662132827,1.3642480435576791,1.6646134623765523,-0.19157684566438285,-0.4972186214645284
0.2772677388891002,-1.6829956849253485,0.6389241447494645,-0.5991587905814597,-0.4954655450645858
1.6300474903477222,-0.5749070563860658,-0.3867651728776232,-2.637068515166842,-0.37976250266837536
-1.1001080080505876,-0.29788489925124506,-0.4844498697944887,-1.1354508233670866,-0.2921086826712463
-0.09167219332688757,-0.8519292135208865,-0.4844498697944887,-3.0875538227067683,-0.42008325986705475
1.4824715174613272,-1.2674624492231175,-0.9728733543788162,-0.6420621532043097,-0.6479831918595904
0.3018637343701661,-1.6829956849253485,0.8831358870416283,-0.5348037466471843,0.6054664340993557
-0.5835921029482046,-1.1289513706557073,0.7854511901247627,-3.0875538227067683,-0.3447009746695237
1.5562595039045246,1.2257369649902687,-1.168242748212547,-0.44899702140148434,-0.7812169982552266
1.4086835310181296,0.39467049358580664,-0.5821345667113542,-1.9720663945126642,-0.6444770390597052
0.646207671105088,1.6412702006924997,-0.2890804759607577,-0.6849655158271597,-0.3043802174708443
0.5724196846618905,-0.7134181349534762,-0.4844498697944887,-0.19157684566438285,0.3688011201071072
0.4740357027376271,0.8102037292880377,0.7854511901247627,-0.42754534009005896,-0.2921086826712463
-0.854148053239929,-0.5749070563860658,0.05281596324827154,0.001488286138442538,-0.9705492494490255
-1.3952599538233779,0.11764833645098596,1.4204017200843884,-0.6849655158271597,-0.7566739286560306
-1.3706639583423121,1.6412702006924997,1.6646134623765523,-0.1701251643529582,-0.2588002310723372
0.9659556123589442,0.2561594150183963,1.518086417001254,0.9239105825297209,0.6598118024975758
0.9659556123589442,-0.8519292135208865,-0.3867651728776232,0.38761854974409404,-0.12381334827675838
0.8183796394725491,-0.9904402920882969,0.003973614789838794,-1.4143226804156128,0.6019602812994707
-0.9525320351641925,-1.5444846063579383,0.44355475091573354,1.9535912854781248,-0.754920852256088
1.359491540055998,1.0872258864228583,-1.4612968389631436,0.38761854974409404,0.9964024712865516
1.0397435988021417,1.6412702006924997,-1.5101391874215764,-0.7064171971385851,0.5213187669021119
-1.715007895077234,1.6412702006924997,0.8831358870416283,0.32326350580981866,0.6948733304964274
0.05590377955950755,-0.29788489925124506,0.1993430086235698,1.2671374835125218,-0.14485026507606938
0.2526717434080344,0.39467049358580664,1.0296629324169264,0.5377803189240694,0.19875270931267672
-0.8295520577588632,-0.02086274211642439,-0.2890804759607577,0.6450387254811948,0.2864065293098058
-1.3706639583423121,0.39467049358580664,-0.24023812750232493,0.7093937694154702,-0.0536902922790551
-1.050916017088456,-1.6829956849253485,0.931978235500061,0.43052191236694404,0.058506597317270155
0.7937836439914832,0.39467049358580664,1.1761899777922247,1.245685802201097,-0.8741300474521835
1.359491540055998,-0.15937382068383474,-1.6566662327968746,-1.285612592547062,1.0963278260832787
1.0889355897642734,-0.02086274211642439,-1.5589815358800092,1.8677845602324248,-0.6742793378587292
-0.2392481662132827,0.8102037292880377,0.24818535708200254,1.1598790769553964,0.44418340530463823
-1.4444519447855095,0.11764833645098596,-0.7775039605450852,0.1516500553184179,-0.3674909678687773
-0.43601613006180956,0.948714807855448,-0.3379228244191904,0.6450387254811948,0.8053171436928102
1.3102995490938663,0.948714807855448,1.4204017200843884,1.331492527446797,-0.5568232190625761
-0.7803600667967315,-0.29788489925124506,1.1761899777922247,1.331492527446797,-0.42008325986705475
1.3840875355370637,-1.4059735277905279,1.6157711139181195,-0.8780306476299858,0.5300841489018248
0.12969176600270513,0.2561594150183963,-1.5101391874215764,0.8595555385954455,2.4076289732403304
0.646207671105088,-0.29788489925124506,-0.9240310059203835,1.739074472363874,-0.8460808250531022
0.2772677388891002,-0.7134181349534762,-0.9728733543788162,2.1681080985923753,-0.6620078030591311
-0.5589961074671388,-0.8519292135208865,-0.3379228244191904,1.1598790769553964,-0.04843106307922735
-1.715007895077234,1.6412702006924997,0.24818535708200254,1.0740723517096964,-0.4007994194676864
-1.1001080080505876,0.8102037292880377,0.49239709937416626,1.0311689890868463,-0.04667798667928477
-1.6658159041151024,-1.6829956849253485,0.8831358870416283,0.6235870441697694,0.5949479756997003
1.187319571688537,0.39467049358580664,0.541239447832599,-0.44899702140148434,0.5441087601013654
-0.41142013458074367,1.3642480435576791,0.2970277055404353,0.47342527498979403,0.22680193171175803
0.8429756349536149,1.2257369649902687,-0.6309769151697869,0.8595555385954455,-0.36573789146883473
-0.5835921029482046,0.948714807855448,-1.2659274451294127,0.10874669269556791,0.007667381718935275
-0.11626818880795343,-0.4363959778186554,-1.0705580512956816,1.052620670398271,-0.16764025827532295
0.15428776148377096,1.0872258864228583,-1.2170850966709799,0.7522971320383202,-0.4060586486675141
-0.38682413909967783,1.2257369649902687,-1.2170850966709799,0.5592320002354948,0.12512350051508828
1.6300474903477222,-1.4059735277905279,-0.04486873366859395,1.1598790769553964,-0.13433180667641387
-0.8049560622777974,0.2561594150183963,0.05281596324827154,0.23745678056411867,-0.2517879254725669
-1.3952599538233779,1.0872258864228583,-1.2170850966709799,1.3100408461353725,-0.3043802174708443
-0.9033400442020608,-0.4363959778186554,0.39471240245730077,0.08729501138414254,1.720423024462838
-0.8049560622777974,-0.02086274211642439,1.6157711139181195,-0.5777071092700343,1.9167675812564073
-1.6412199086340364,-0.29788489925124506,-0.8751886574619506,0.6450387254811948,-0.06596182707865317
-1.5920279176719048,0.11764833645098596,-1.1194003997541144,0.5806836815469194,1.783533774860771
1.5316635084234589,-1.2674624492231175,0.24818535708200254,0.9024589012182955,0.018185840118590767
-0.042480202364755866,-1.6829956849253485,1.518086417001254,0.9453622638411455,1.3417585220752402
-0.7311680758345999,-1.2674624492231175,0.6877664932078973,0.9668139451525709,1.1278832012822453
-0.8295520577588632,0.2561594150183963,0.8831358870416283,-0.01996339517298284,2.2218028748464165
0.4248437117754954,-0.4363959778186554,0.39471240245730077,0.6021353628583448,1.4206469600726563
0.646207671105088,-0.5749070563860658,-0.0937110821270267,-1.2212575486127866,2.6881211972311436
-0.38682413909967783,-0.7134181349534762,0.15050066016513702,0.3018118244983933,0.9210201860890206
1.4086835310181296,-0.5749070563860658,1.5669287654596866,0.6235870441697694,1.0086740060861497
1.3102995490938663,0.6716926507206273,-0.0937110821270267,0.6450387254811948,-0.24477561987279656
0.17888375696483683,-0.8519292135208865,-1.3147697935878453,1.2885891648239471,-0.8618585126525854
-0.4606121255428754,-0.9904402920882969,1.0785052808753592,1.739074472363874,-0.8232908318538487
1.359491540055998,-0.4363959778186554,0.73660884166633,0.47342527498979403,0.15667887571405475
-0.362228143618612,0.8102037292880377,0.15050066016513702,0.044391648761292535,0.5949479756997003
-0.9033400442020608,1.5027591221250893,0.003973614789838794,0.8166521759725955,-0.016875687880260875
0.9905516078400101,0.948714807855448,-1.5101391874215764,0.8595555385954455,0.07253120851681082
1.5562595039045246,-1.4059735277905279,-1.2659274451294127,0.47342527498979403,0.10759273651566245
-0.7065720803535339,0.2561594150183963,1.0296629324169264,0.7308454507268948,0.3582826617074517
-0.362228143618612,-0.9904402920882969,-1.021715702837249,0.9668139451525709,-0.7426493174564899
0.9413596168778784,0.8102037292880377,0.24818535708200254,0.23745678056411867,1.632769204465709
1.4824715174613272,-1.1289513706557073,1.6646134623765523,-1.1139991420556612,0.10934581291560504
1.3102995490938663,0.8102037292880377,1.127347629333792,-1.2641609112356367,1.7362007120623213
-0.11626818880795343,-0.15937382068383474,1.322717023167523,0.9882656264639963,-0.20445486267411717
-0.31303615265648027,-0.9904402920882969,-0.6309769151697869,1.4816542966267725,-0.8951669642514946
1.2857035536128003,-1.1289513706557073,1.0296629324169264,1.6747194284295979,-0.6830447198584421
1.2611075581317344,-0.5749070563860658,-0.24023812750232493,0.02293996744986792,2.7512319476290763
-1.690411899596168,1.0872258864228583,-0.3379228244191904,1.5460093405610487,-0.7391431646566047
-1.4936439357476412,-0.02086274211642439,-1.6078238843384418,0.6450387254811948,-0.2289979322733133
0.646207671105088,-0.9904402920882969,-0.6798192636282196,0.2589084618755433,2.7056519612305694
0.4002477162944295,0.8102037292880377,1.6157711139181195,0.6450387254811948,0.41964033570544207
-0.41142013458074367,1.2257369649902687,-0.5821345667113542,0.2589084618755433,2.3655551396417085
-1.1738959944937852,0.533181572153217,-0.5332922182529214,0.9453622638411455,2.4444435776391247
-0.43601613006180956,-0.4363959778186554,-1.1194003997541144,0.8595555385954455,-0.25354100187250944
-1.0017240261263243,-0.29788489925124506,-0.19139577904389218,0.9024589012182955,-0.3341825162698682
-1.2476839809369829,0.11764833645098596,-0.8751886574619506,0.1516500553184179,-0.18692409867469134
-1.3460679628612462,-1.1289513706557073,1.4204017200843884,0.5377803189240694,-0.5252678438636097
-1.4690479402665755,0.8102037292880377,0.24818535708200254,1.1813307582668218,-0.3078863702707295
-0.16546017977008515,1.6412702006924997,0.1993430086235698,0.9668139451525709,-0.2798371478716482
0.35105572533229784,-0.5749070563860658,-1.168242748212547,0.9239105825297209,0.005914305318992693
1.5808554993855906,-1.2674624492231175,-1.5101391874215764,1.8892362415438486,-0.6567485738593033
0.15428776148377096,1.2257369649902687,0.9808205839584937,1.5245576592496233,-0.8811423530519539
-0.7065720803535339,0.8102037292880377,-1.2170850966709799,0.8381038572840201,-0.23425716147314105
-0.41142013458074367,-0.5749070563860658,-1.2170850966709799,0.8381038572840201,-0.0028510766807202173
1.0643395942832077,1.2257369649902687,-1.3147697935878453,0.5592320002354948,0.030457374918188843
0.9659556123589442,-1.6829956849253485,-1.6078238843384418,-0.10577012041868285,1.0928216732833935
1.6300474903477222,-1.2674624492231175,-0.19139577904389218,1.009717307775421,-0.25704715467239464
-1.5674319221908388,-0.02086274211642439,-0.7775039605450852,0.9024589012182955,2.5408627796359666
0.12969176600270513,0.11764833645098596,1.127347629333792,0.6021353628583448,0.7842802268934992
0.031307784078441696,1.6412702006924997,1.4692440685428212,0.2589084618755433,-0.1536156470757823
-1.3952599538233779,-0.9904402920882969,0.6389241447494645,1.009717307775421,2.8125896216270667
0.5970156801429564,0.6716926507206273,1.4204017200843884,1.0740723517096964,1.0402293812851162
1.7038354767909198,1.6412702006924997,0.6877664932078973,1.052620670398271,-0.6847977962583847
-1.4936439357476412,-0.4363959778186554,1.4692440685428212,0.8595555385954455,0.28114730010997807
-0.21465217073221685,-0.29788489925124506,-1.2170850966709799,0.8381038572840201,0.449442634504466
0.9413596168778784,-1.5444846063579383,-0.2890804759607577,0.2160050992526933,0.3828257313066478
1.162723576207471,0.11764833645098596,1.0785052808753592,-1.3928709991041874,2.2901728544441773
1.0397435988021417,-1.5444846063579383,1.0296629324169264,0.5592320002354948,-0.44988555866607866
1.4824715174613272,1.2257369649902687,0.541239447832599,0.34471518712124405,-0.10628258427733256
0.4002477162944295,-0.7134181349534762,1.0296629324169264,0.9882656264639963,0.03571660411801659
-0.6081880984292706,0.6716926507206273,1.5669287654596866,0.47342527498979403,0.09006197251623663
-0.042480202364755866,1.5027591221250893,-1.412454490504711,-1.1783541859899367,2.4023697440405027
0.5724196846618905,-0.29788489925124506,0.8342935385831954,2.0179463294123994,-0.6637608794590737
0.05590377955950755,-1.1289513706557073,-0.4844498697944887,-1.049644098121386,3.441944049206454
1.4332795264991955,-1.1289513706557073,-0.8751886574619506,0.7093937694154702,-0.03966568107951444
-1.198491989974851,0.39467049358580664,0.1993430086235698,-1.4786777243498874,1.5714115304677185
0.3756517208133637,-0.4363959778186554,-1.021715702837249,0.7952004946611702,1.5275846204691539
1.162723576207471,-0.5749070563860658,1.4692440685428212,0.5592320002354948,2.044742158452216
0.8429756349536149,0.6716926507206273,-1.168242748212547,0.001488286138442538,0.2022588621125619
-1.4198559493044438,0.2561594150183963,1.3715593716259558,0.6235870441697694,-0.18517102227474874
-0.6081880984292706,0.533181572153217,0.8831358870416283,0.8166521759725955,-0.10102335507750482
1.5562595039045246,-0.02086274211642439,1.0296629324169264,0.6450387254811948,0.29517191130951875
-1.1001080080505876,0.6716926507206273,-0.24023812750232493,1.4387509340039233,-0.6339585806600497
-0.9525320351641925,-0.4363959778186554,-1.4612968389631436,0.38761854974409404,2.4199005080399285
0.6216116756240222,-0.7134181349534762,0.003973614789838794,-1.4143226804156128,3.266636409212196
-1.4690479402665755,1.6412702006924997,0.6877664932078973,1.4816542966267725,-0.6549954974593608
1.6300474903477222,0.6716926507206273,1.27387467470909,1.910687922855274,-0.6409708862598201
-1.5920279176719048,0.39467049358580664,0.8342935385831954,1.8034295162981486,-0.8250439082537913
-1.2476839809369829,0.11764833645098596,-0.3379228244191904,1.0311689890868463,0.3267272865084852
0.8921676259157466,1.3642480435576791,-1.2659274451294127,0.38761854974409404,0.15492579931411218
-1.7396038905582998,0.6716926507206273,-1.6566662327968746,0.7308454507268948,1.1226239720824176
-1.542835926709773,-0.9904402920882969,0.6877664932078973,0.1301983740069933,0.07954351411658114
1.015147603321076,-0.15937382068383474,1.518086417001254,0.6879420881040448,1.6625715032647328
-1.2968759718991145,-1.2674624492231175,-0.0937110821270267,0.5806836815469194,0.45820801650417886
-0.6573800893914022,0.533181572153217,0.73660884166633,1.0740723517096964,0.6124787396991261
1.4824715174613272,0.6716926507206273,1.3715593716259558,-0.2130285269758082,1.2243024032790872
0.5478236891808247,-0.02086274211642439,-0.3867651728776232,0.7952004946611702,-0.28334330067153335
-0.6573800893914022,-0.29788489925124506,-0.7286616120866524,0.7737488133497455,-0.06596182707865317
-1.1492999990127193,-0.9904402920882969,-0.8263463090035179,0.6879420881040448,0.4161341829055569
0.9659556123589442,1.5027591221250893,-1.7055085812553072,1.1598790769553964,1.0770439856839102
0.5232276936997589,-0.4363959778186554,-0.0937110821270267,2.06084969203525,-0.6532424210594182
-0.5098041165050071,-0.8519292135208865,0.44355475091573354,0.6021353628583448,0.5265779961019396
1.0397435988021417,-0.9904402920882969,-1.2170850966709799,0.5377803189240694,0.4547018637042937
0.5478236891808247,0.11764833645098596,0.8831358870416283,0.8810072199068709,0.30569036970917424
1.0397435988021417,1.0872258864228583,-1.0705580512956816,0.8810072199068709,0.05675352091732758
0.6953996620672198,-0.9904402920882969,0.2970277055404353,-0.9638373728756858,2.270889014044809
-0.2392481662132827,-0.02086274211642439,0.003973614789838794,2.0179463294123994,-0.5813662886617723
1.3102995490938663,1.5027591221250893,1.7134558108349849,0.5592320002354948,0.15843195211399733
1.6546434858287882,-1.1289513706557073,1.27387467470909,1.3100408461353725,-0.733883935456777
-0.6081880984292706,0.39467049358580664,-0.3867651728776232,1.1169757143325463,-0.3289232870700405
0.8183796394725491,0.6716926507206273,-0.6798192636282196,0.3018118244983933,1.4451900296718525
-0.534400111986073,1.6412702006924997,-1.1194003997541144,0.1731017366298433,0.6282564272986093
1.5316635084234589,-1.2674624492231175,0.8342935385831954,-0.8780306476299858,1.9991621720537087
0.8183796394725491,0.11764833645098596,0.6877664932078973,1.0311689890868463,-0.08524566747802158
1.4578755219802613,0.533181572153217,-0.6309769151697869,0.5806836815469194,0.8964771164898244
1.6546434858287882,0.8102037292880377,1.4204017200843884,0.6664904067926202,0.1216173477152031
1.015147603321076,1.6412702006924997,-0.7286616120866524,0.7522971320383202,0.1899873273129638
1.4086835310181296,-0.29788489925124506,0.8342935385831954,0.9453622638411455,2.756491176828904
-1.3706639583423121,-0.02086274211642439,-0.9728733543788162,0.8810072199068709,-0.15712179987566743
1.162723576207471,-1.2674624492231175,1.127347629333792,-1.0925474607442367,2.4076289732403304
0.7199956575482857,-1.5444846063579383,-0.6798192636282196,0.7308454507268948,-0.3674909678687773
-0.7803600667967315,-0.8519292135208865,-0.6798192636282196,-0.2344802082872336,-0.9915861662483365
0.22807574792696855,-1.5444846063579383,-0.5821345667113542,1.0740723517096964,-0.23776331427302622
-0.31303615265648027,-1.2674624492231175,-0.8263463090035179,-0.34173861484435897,-0.6357116570599923
-0.09167219332688757,0.948714807855448,0.15050066016513702,0.34471518712124405,-1.0897584446451212
-0.7557640713156657,1.3642480435576791,0.9808205839584937,-0.06286675779583284,-0.9337346450502313
1.679239481309854,0.533181572153217,1.27387467470909,-0.04141507648440746,-0.9863269370485088
1.2119155671696027,-1.4059735277905279,0.5900817962910317,0.10874669269556791,-0.8653646654524706
-1.4690479402665755,-0.5749070563860658,-0.19139577904389218,-0.6420621532043097,-0.6094155110608537
0.3018637343701661,-0.7134181349534762,1.1761899777922247,0.8166521759725955,0.20927116771233223
-0.31303615265648027,-1.1289513706557073,0.541239447832599,1.1384273956439717,-0.8127723734541932
1.5562595039045246,0.8102037292880377,0.6877664932078973,-0.5777071092700343,-0.5480578370628633
-1.3460679628612462,1.5027591221250893,-0.5332922182529214,-0.47044870271290895,-0.7110939422575234
-1.0017240261263243,0.8102037292880377,-0.0937110821270267,0.8166521759725955,-0.22724485587337073
-1.1738959944937852,-1.5444846063579383,0.24818535708200254,-1.9720663945126642,-0.7058347130576956
0.3756517208133637,-0.29788489925124506,-1.0705580512956816,1.052620670398271,0.8403786716916618
1.4824715174613272,0.6716926507206273,1.4692440685428212,0.43052191236694404,-1.0494376874464417
-0.41142013458074367,1.2257369649902687,-1.6078238843384418,-0.5348037466471843,1.687114572863929
-0.5835921029482046,-1.5444846063579383,0.2970277055404353,-0.2559318895986582,-0.8460808250531022
-0.9279360396831267,-0.7134181349534762,-0.5332922182529214,0.001488286138442538,2.1884944232475076
-0.9033400442020608,1.0872258864228583,0.7854511901247627,-0.7493205597614351,2.342765146442455
-1.2722799764180486,-1.1289513706557073,1.1761899777922247,-0.3631902961557836,-0.8548462070528151
-1.6166239131529705,1.0872258864228583,-1.6078238843384418,1.052620670398271,0.8035640672928676
1.2365115626506686,1.0872258864228583,-1.6078238843384418,-0.9423856915642604,0.3547765089075665
-0.2392481662132827,0.8102037292880377,1.322717023167523,0.9453622638411455,-1.052943840246327
-0.7311680758345999,1.6412702006924997,-1.1194003997541144,0.1945534179412679,-0.9600307910493701
-1.3952599538233779,-1.4059735277905279,-0.5332922182529214,0.9024589012182955,0.22329577891187288
-0.19005617525115098,1.5027591221250893,0.5900817962910317,-0.42754534009005896,-0.13783795947629904
1.4332795264991955,0.39467049358580664,-0.3867651728776232,-0.8136756036957105,2.723182725229995
-1.2722799764180486,-0.29788489925124506,0.73660884166633,0.43052191236694404,0.7667494628940733
0.8183796394725491,1.5027591221250893,-1.5101391874215764,-1.6288394935298636,2.1096059852500915
1.187319571688537,-0.5749070563860658,-1.0705580512956816,1.8892362415438486,-0.6146747402606814
-0.878744048720995,1.5027591221250893,0.8831358870416283,2.1252047359695245,-0.5866255178616001
1.6300474903477222,-1.2674624492231175,0.49239709937416626,-0.6420621532043097,-0.3043802174708443
0.2772677388891002,-0.5749070563860658,1.6646134623765523,0.5377803189240694,1.2716354660775369
0.4002477162944295,0.948714807855448,0.931978235500061,-0.42754534009005896,-0.8285500610536763
0.8675716304346808,0.6716926507206273,-0.6798192636282196,-0.49190038402433434,-0.5883785942615426
-0.534400111986073,1.6412702006924997,-1.2659274451294127,-1.907711350578389,-0.8022539150545377
1.015147603321076,0.2561594150183963,-0.6309769151697869,-0.9638373728756858,1.6625715032647328
0.3756517208133637,-1.6829956849253485,-0.8263463090035179,-0.9209340102528358,0.09006197251623663
-0.6327840939103364,0.948714807855448,-1.1194003997541144,-0.04141507648440746,2.213037492846704
1.138127580726405,-0.4363959778186554,1.4692440685428212,-1.6717428561527135,2.1902474996474504
1.6300474903477222,0.8102037292880377,-0.7286616120866524,-0.01996339517298284,-0.7847231510551118
0.22807574792696855,-0.15937382068383474,1.4692440685428212,-1.821904625332689,2.093828297650608
-0.5835921029482046,0.11764833645098596,-0.4356075213360559,0.7952004946611702,-0.10978873707721773
-0.5098041165050071,-1.5444846063579383,-1.021715702837249,0.34471518712124405,-1.0091169302477623
-0.26384416169434854,0.11764833645098596,0.15050066016513702,-2.014969757135514,1.3435115984751829
1.6054514948666565,0.8102037292880377,-0.7775039605450852,1.009717307775421,0.5721579825004467
-0.5589961074671388,0.948714807855448,-1.5589815358800092,1.9535912854781248,-0.5392924550631504
-1.198491989974851,0.2561594150183963,-1.6078238843384418,-0.8994823289414104,-0.8460808250531022
-0.9771280306452583,-1.1289513706557073,1.2250323262506575,0.34471518712124405,2.1429144368490003
0.12969176600270513,-1.2674624492231175,-1.2170850966709799,0.6664904067926202,1.1839816460804078
-0.21465217073221685,0.39467049358580664,0.931978235500061,-1.4143226804156128,0.05675352091732758
-1.4690479402665755,-1.1289513706557073,-0.9240310059203835,-0.40609365877863357,1.2733885424774796
-1.3706639583423121,0.2561594150183963,0.9808205839584937,0.6664904067926202,0.1917404037129064
-0.7803600667967315,1.3642480435576791,-1.168242748212547,-0.19157684566438285,-0.8232908318538487
0.3756517208133637,0.533181572153217,1.7134558108349849,-2.057873119758365,-0.4007994194676864
1.187319571688537,0.6716926507206273,-1.7055085812553072,-0.5348037466471843,-0.4043055722675715
0.49863169821869296,-0.02086274211642439,1.6646134623765523,0.43052191236694404,0.4231464885053272
-1.5182399312287072,-0.9904402920882969,0.2970277055404353,-0.38464197746720896,-0.8530931306528725
-0.2392481662132827,-0.7134181349534762,-0.3867651728776232,-0.7493205597614351,-0.8460808250531022
-0.19005617525115098,-0.7134181349534762,-1.021715702837249,-0.9209340102528358,-0.6462301154596478
0.8429756349536149,-0.9904402920882969,-0.7775039605450852,-0.01996339517298284,1.199759333679891
-1.198491989974851,-0.7134181349534762,-0.7286616120866524,0.1516500553184179,-0.09576412587767706
-0.878744048720995,0.2561594150183963,1.1761899777922247,-0.8565789663185605,-0.17815871667497843
-1.4444519447855095,1.0872258864228583,-0.8263463090035179,0.9239105825297209,-0.2079610154740023
-1.690411899596168,1.0872258864228583,-1.5589815358800092,-0.01996339517298284,-0.8671177418524132
0.17888375696483683,0.6716926507206273,0.05281596324827154,-1.4143226804156128,-0.15536872347572486
-0.01788420688369001,1.6412702006924997,0.6877664932078973,-0.9209340102528358,-0.1711464110752081
-1.2722799764180486,1.6412702006924997,0.05281596324827154,0.8810072199068709,0.002408152519107529
1.5316635084234589,0.948714807855448,-1.021715702837249,-0.6849655158271597,-0.3780094262684328
1.0889355897642734,0.533181572153217,0.1016583117067043,-0.2773835709100836,-0.8057600678544228
-0.6081880984292706,0.8102037292880377,1.4204017200843884,0.9453622638411455,0.09707427811600697
-1.2476839809369829,1.3642480435576791,1.6157711139181195,0.7522971320383202,-0.023887993480031202
-1.542835926709773,0.2561594150183963,-1.6078238843384418,0.4948769563012194,-0.0729741326784235
-0.9033400442020608,1.0872258864228583,-0.7286616120866524,0.38761854974409404,0.3670480437071646
-0.042480202364755866,0.8102037292880377,0.44355475091573354,-0.8351272850071351,-0.830303137453619
-0.11626818880795343,-0.02086274211642439,0.6389241447494645,-0.42754534009005896,-0.863611589052528
-1.050916017088456,0.11764833645098596,1.6157711139181195,1.052620670398271,2.009680630453364
-0.11626818880795343,1.0872258864228583,-0.7775039605450852,-0.44899702140148434,-0.3359355926698108
-0.7557640713156657,-1.4059735277905279,-1.168242748212547,1.3529442087582224,-0.435860947466538
-0.9033400442020608,-0.15937382068383474,-1.6566662327968746,-0.6206104718928843,-0.32366405787021274
0.4248437117754954,0.11764833645098596,-1.3147697935878453,-0.47044870271290895,-0.4937124686646432
-0.06707619784582172,-0.15937382068383474,1.1761899777922247,-0.44899702140148434,-0.6374647334599349
-0.7803600667967315,0.6716926507206273,1.127347629333792,-0.1701251643529582,0.8754401996905135
0.3756517208133637,0.948714807855448,-1.2170850966709799,-0.2344802082872336,-1.0003515482480494
-1.5674319221908388,-0.8519292135208865,-0.2890804759607577,-0.06286675779583284,-0.8653646654524706
-1.2476839809369829,0.948714807855448,-0.14255343058545944,-0.8994823289414104,-0.5270209202635523
0.2772677388891002,-0.8519292135208865,0.49239709937416626,-0.5991587905814597,-0.767192387055686
-0.2392481662132827,1.0872258864228583,-1.6566662327968746,-0.2130285269758082,0.6738364136971164
-1.5182399312287072,-1.2674624492231175,0.003973614789838794,2.14665641728095,-0.5726009066620594
0.7199956575482857,-0.4363959778186554,-0.8751886574619506,-0.3631902961557836,-0.8460808250531022
-1.198491989974851,0.2561594150183963,0.1993430086235698,-0.513352065335759,2.82836730922655
0.8183796394725491,0.2561594150183963,-0.14255343058545944,-0.8780306476299858,-0.5007247742644135
0.5970156801429564,0.2561594150183963,0.931978235500061,-1.907711350578389,-0.4253424890668825
-1.4198559493044438,0.948714807855448,-0.19139577904389218,-1.0281924168099612,-0.02213491708008862
-1.6658159041151024,0.2561594150183963,0.8831358870416283,-0.513352065335759,-0.8215377554539061
-1.7396038905582998,-0.5749070563860658,0.73660884166633,1.1384273956439717,0.2320611609115858
-1.0755120125695217,1.3642480435576791,-1.6078238843384418,1.653267747118174,-0.8338092902535041
1.359491540055998,-0.29788489925124506,-0.8751886574619506,-0.8994823289414104,-0.006357229480605382
0.2034797524459027,1.3642480435576791,0.1016583117067043,1.3529442087582224,0.06727197931698306
-0.48520812102394123,0.39467049358580664,-0.5332922182529214,-0.2773835709100836,-0.31489867587049986
-1.3706639583423121,-1.5444846063579383,-0.7775039605450852,2.14665641728095,-0.8390685194533318
0.6216116756240222,-0.4363959778186554,1.3715593716259558,-1.0067407354985358,1.5328438496689818
0.006711788597375844,1.6412702006924997,0.44355475091573354,0.7522971320383202,-0.34294789826958116
1.4578755219802613,-1.1289513706557073,0.9808205839584937,0.7308454507268948,1.2435862436784557
0.2034797524459027,1.2257369649902687,1.2250323262506575,-1.0281924168099612,0.15492579931411218
-0.9525320351641925,-1.1289513706557073,-1.2659274451294127,1.8034295162981486,-0.7461554702563751
0.031307784078441696,-1.5444846063579383,-0.6309769151697869,0.7308454507268948,0.2022588621125619
1.2611075581317344,-0.9904402920882969,-1.6078238843384418,1.3529442087582224,-0.2640594602721649
-1.715007895077234,-0.5749070563860658,-1.2170850966709799,-1.821904625332689,1.65380612126502
-0.8295520577588632,-1.2674624492231175,-1.7055085812553072,-0.2344802082872336,0.007667381718935275
1.5316635084234589,0.2561594150183963,-1.5101391874215764,-0.5348037466471843,-0.060702597878825426
0.9413596168778784,0.2561594150183963,-1.021715702837249,-2.980295416149643,-0.1606279526755526
-0.9279360396831267,-0.8519292135208865,1.27387467470909,0.6664904067926202,0.3021842169092891
1.5808554993855906,-1.1289513706557073,0.15050066016513702,0.4948769563012194,0.9087486512894225
-0.48520812102394123,-0.5749070563860658,0.44355475091573354,0.5806836815469194,0.6475402676979778
-0.01788420688369001,-0.15937382068383474,0.8342935385831954,0.06584333007271792,-0.7619331578558582
-1.5674319221908388,0.8102037292880377,-1.3147697935878453,-1.0925474607442367,-0.49020631586475805
0.12969176600270513,-0.9904402920882969,-1.412454490504711,-0.8780306476299858,-0.7496616230562602
0.12969176600270513,0.2561594150183963,0.5900817962910317,0.7308454507268948,0.08830889611629406
-0.6327840939103364,-0.8519292135208865,-0.4844498697944887,1.2885891648239471,0.2495919249110116
0.670803666586154,-0.9904402920882969,-1.021715702837249,1.7605261536752994,-0.5463047606629207
-0.6327840939103364,1.2257369649902687,-1.3636121420462781,0.4519735936783694,0.2969249877094613
0.2034797524459027,0.533181572153217,-0.8263463090035179,0.6879420881040448,-0.15536872347572486
1.3840875355370637,-0.4363959778186554,-0.7286616120866524,-0.49190038402433434,-0.9950923190482217
1.015147603321076,-1.2674624492231175,0.8831358870416283,0.7522971320383202,-0.1395910358762416
-0.534400111986073,-0.15937382068383474,0.1993430086235698,0.6450387254811948,-0.16238102907549518
-0.21465217073221685,0.6716926507206273,-1.3147697935878453,-1.0281924168099612,1.9658537204547997
0.5724196846618905,-0.15937382068383474,-1.3147697935878453,0.044391648761292535,-0.9530184854495997
-1.0017240261263243,-0.9904402920882969,-0.8263463090035179,0.43052191236694404,0.07603736131669597
-0.7803600667967315,0.8102037292880377,-0.14255343058545944,-0.2130285269758082,-0.5392924550631504
1.138127580726405,0.533181572153217,1.0296629324169264,0.4948769563012194,0.6002072048995281
-0.26384416169434854,0.2561594150183963,-1.4612968389631436,0.7308454507268948,-0.4656632462655619
-0.6327840939103364,-1.1289513706557073,0.8342935385831954,-0.49190038402433434,-0.18341794587480617
0.646207671105088,0.39467049358580664,1.2250323262506575,-0.04141507648440746,-0.7794639218552841
0.9413596168778784,0.11764833645098596,1.1761899777922247,-0.19157684566438285,-0.48845323946481545
-0.362228143618612,0.6716926507206273,1.1761899777922247,-0.2988352522215082,-0.8776362002520687
-0.7065720803535339,-0.8519292135208865,0.05281596324827154,-0.5562554279586097,0.15492579931411218
-0.7803600667967315,0.39467049358580664,0.1993430086235698,-0.7493205597614351,-0.5848724414616575
-0.5589961074671388,1.0872258864228583,-1.412454490504711,-0.2130285269758082,-0.3885278846680883
-0.21465217073221685,-1.2674624492231175,0.39471240245730077,0.10874669269556791,-1.0546969166462694
1.162723576207471,-1.1289513706557073,-0.14255343058545944,-1.821904625332689,2.4321720428395266
1.4086835310181296,0.6716926507206273,1.27387467470909,0.8381038572840201,-0.3043802174708443
0.7937836439914832,0.6716926507206273,-1.6566662327968746,0.6021353628583448,-0.2500348490726243
0.3018637343701661,-0.29788489925124506,0.003973614789838794,1.3743958900696471,-0.2903556062713037
0.7445916530293515,1.5027591221250893,-0.8263463090035179,2.103753054658099,-0.6479831918595904
-0.31303615265648027,1.3642480435576791,-1.021715702837249,1.0740723517096964,-0.7987477622546525
1.6300474903477222,-1.5444846063579383,-0.8263463090035179,0.9024589012182955,1.2733885424774796
0.12969176600270513,0.8102037292880377,-1.4612968389631436,-0.1701251643529582,-0.29561483547113143
0.3756517208133637,-1.4059735277905279,0.345870053998868,-0.06286675779583284,1.476745404870819
1.359491540055998,0.2561594150183963,0.49239709937416626,1.2885891648239471,-0.6620078030591311
-0.31303615265648027,-0.29788489925124506,0.931978235500061,0.6021353628583448,0.04097583331784434
-0.878744048720995,1.3642480435576791,-0.04486873366859395,-1.9291630318898143,2.1639513536483115
-0.41142013458074367,-0.4363959778186554,0.2970277055404353,0.8595555385954455,0.43191187050504015
1.4332795264991955,1.0872258864228583,-0.6798192636282196,-0.47044870271290895,1.7502253232618619
-0.5835921029482046,1.3642480435576791,-1.412454490504711,1.910687922855274,-0.6146747402606814
1.2857035536128003,1.3642480435576791,0.44355475091573354,1.2885891648239471,0.2723819181102652
1.6546434858287882,-0.4363959778186554,1.0296629324169264,2.0179463294123994,-0.8285500610536763
0.9167636213968124,0.6716926507206273,1.6646134623765523,1.996494648100974,-0.7023285602578104
-0.19005617525115098,1.0872258864228583,-1.168242748212547,0.28036014318696867,2.4356781956394116
1.5562595039045246,0.11764833645098596,-0.9240310059203835,0.8810072199068709,0.9122548040893076
-0.6573800893914022,0.6716926507206273,-0.5821345667113542,1.8677845602324248,-0.5901316706614852
0.5970156801429564,-1.4059735277905279,0.8831358870416283,0.9239105825297209,0.07954351411658114
-0.43601613006180956,-0.5749070563860658,-1.3147697935878453,0.34471518712124405,-0.023887993480031202
0.32645972985123195,0.2561594150183963,-1.168242748212547,0.7093937694154702,1.9693598732546849
-1.1492999990127193,-0.9904402920882969,-1.021715702837249,0.1731017366298433,1.112105513682762
-0.06707619784582172,-0.02086274211642439,-0.3379228244191904,1.0955240330211218,0.7720086920939011
0.646207671105088,-0.29788489925124506,0.8342935385831954,0.8166521759725955,-0.05719644507894026
0.15428776148377096,0.948714807855448,-1.2659274451294127,-1.2212575486127866,1.322474681675872
-0.14086418428901928,-0.9904402920882969,-0.7286616120866524,-1.4357743617270373,0.8088232964926952
-0.7311680758345999,0.6716926507206273,-1.3636121420462781,0.2160050992526933,1.2663762368777092
0.49863169821869296,-0.29788489925124506,-0.8263463090035179,0.28036014318696867,1.247092396478341
-0.042480202364755866,-1.2674624492231175,0.1993430086235698,1.0311689890868463,0.0637658265170979
0.9413596168778784,0.11764833645098596,0.39471240245730077,0.9668139451525709,0.058506597317270155
0.670803666586154,-0.02086274211642439,-1.412454490504711,0.6664904067926202,-0.2991209882710166
1.015147603321076,0.2561594150183963,0.05281596324827154,2.0823013733466755,-0.7917354566548822
-0.01788420688369001,0.2561594150183963,-0.19139577904389218,1.0955240330211218,-0.725118553457064
1.138127580726405,-1.4059735277905279,0.6877664932078973,0.5592320002354948,-0.2675656130720501
-0.042480202364755866,-1.2674624492231175,0.44355475091573354,0.3018118244983933,2.3234813060430866
-0.11626818880795343,-1.2674624492231175,-0.9728733543788162,0.7737488133497455,0.2986780641094039
-1.198491989974851,-0.15937382068383474,-1.7055085812553072,0.4948769563012194,0.9385509500884464
0.3018637343701661,0.948714807855448,1.4692440685428212,0.4948769563012194,-0.2307510086732559
-0.41142013458074367,0.11764833645098596,1.1761899777922247,-0.6849655158271597,2.220049798446474
-0.9279360396831267,-1.2674624492231175,1.4692440685428212,0.7737488133497455,0.005914305318992693
-0.9279360396831267,-0.5749070563860658,1.322717023167523,0.6021353628583448,0.4774918569035473
-0.19005617525115098,-1.4059735277905279,-0.3379228244191904,1.0311689890868463,-0.21497332107377265
0.006711788597375844,0.8102037292880377,1.518086417001254,1.009717307775421,2.023705241652905
1.4578755219802613,-1.1289513706557073,-1.3147697935878453,0.8595555385954455,0.15317272291416958
0.08049977504057342,-0.15937382068383474,0.44355475091573354,-0.47044870271290895,3.091328769217937
-1.223087985455917,-1.6829956849253485,1.0296629324169264,1.3529442087582224,-0.27107176587193527
1.507067512942393,0.533181572153217,-0.8751886574619506,0.5806836815469194,-0.27107176587193527
-0.41142013458074367,1.5027591221250893,-0.4844498697944887,1.8463328789209994,-0.7934885330548247
0.2526717434080344,-0.4363959778186554,1.322717023167523,0.516328637612644,1.687114572863929
1.162723576207471,0.948714807855448,-0.7775039605450852,1.910687922855274,-0.7952416094547673
-0.6819760848724681,0.39467049358580664,-1.6566662327968746,0.6450387254811948,0.13739503531468636
-1.4936439357476412,0.2561594150183963,0.9808205839584937,0.1731017366298433,0.2022588621125619
0.6216116756240222,-0.4363959778186554,0.8342935385831954,1.0955240330211218,1.301437764876561
0.2526717434080344,0.6716926507206273,1.3715593716259558,1.331492527446797,0.18823425091302123
0.5724196846618905,0.11764833645098596,0.8831358870416283,0.7737488133497455,1.7940522332604265
-0.5835921029482046,-0.5749070563860658,-0.0937110821270267,0.38761854974409404,0.6405279620982074
1.015147603321076,0.8102037292880377,0.931978235500061,1.6961711097410233,-0.6777854906586144
1.6546434858287882,0.948714807855448,-1.3636121420462781,0.8381038572840201,-0.3955401902678586
1.2857035536128003,-0.15937382068383474,1.0296629324169264,-1.5001294056613128,1.9044960464568093
-0.6327840939103364,0.39467049358580664,-0.8751886574619506,1.5674610218724725,-0.6076624346609111
1.187319571688537,1.5027591221250893,-0.3867651728776232,0.7522971320383202,0.20927116771233223
0.44943970725656124,0.533181572153217,-1.7055085812553072,0.7308454507268948,-0.21497332107377265
0.5724196846618905,-0.8519292135208865,1.2250323262506575,0.7737488133497455,-0.10102335507750482
1.4332795264991955,-0.9904402920882969,-1.168242748212547,0.8810072199068709,0.3127026753089446
-1.6166239131529705,0.39467049358580664,0.541239447832599,1.1169757143325463,-0.6988224074579253
-1.5674319221908388,0.948714807855448,1.6646134623765523,0.6450387254811948,-0.030900299079801533
0.2526717434080344,1.6412702006924997,-1.021715702837249,0.6664904067926202,-0.10628258427733256
1.359491540055998,1.2257369649902687,-0.5821345667113542,0.9453622638411455,-0.0729741326784235
1.4578755219802613,0.6716926507206273,1.518086417001254,0.8381038572840201,0.3810726549067053
1.679239481309854,-0.9904402920882969,1.5669287654596866,0.9882656264639963,0.9630940196876425
-1.6166239131529705,-1.6829956849253485,0.7854511901247627,0.40907023105551865,0.19699963291273415
0.2034797524459027,-0.9904402920882969,-0.8263463090035179,1.0311689890868463,2.048248311252101
-0.19005617525115098,-0.29788489925124506,0.345870053998868,-0.06286675779583284,1.7922991568604838
-0.41142013458074367,-0.9904402920882969,-1.3147697935878453,0.5592320002354948,2.9633541920221287
0.6953996620672198,-1.5444846063579383,1.5669287654596866,1.1384273956439717,-0.6479831918595904
0.7937836439914832,-1.6829956849253485,1.518086417001254,0.5592320002354948,0.0935681253161218
-1.198491989974851,0.8102037292880377,-0.8751886574619506,0.47342527498979403,-0.07472720907836608
-1.1247040035316536,0.8102037292880377,-0.9728733543788162,-0.12722180173010822,1.325980834475757
1.3840875355370637,1.0872258864228583,1.6157711139181195,-1.1354508233670866,1.166450882080982
0.10509577052163926,-0.5749070563860658,-0.7286616120866524,0.9882656264639963,0.30744344610911684
-1.542835926709773,-0.29788489925124506,-0.3867651728776232,1.996494648100974,-0.6024032054610833
-1.1001080080505876,1.2257369649902687,-1.5101391874215764,0.8595555385954455,-0.004604153080662799
-0.3376321481375461,1.3642480435576791,-0.9240310059203835,0.5377803189240694,0.9753655544872406
-0.31303615265648027,1.5027591221250893,1.0785052808753592,0.4519735936783694,0.5055410793026286
-0.48520812102394123,0.6716926507206273,1.5669287654596866,0.6235870441697694,-0.42183633626699735
0.4740357027376271,1.0872258864228583,0.345870053998868,1.1813307582668218,0.09707427811600697
1.4086835310181296,-0.4363959778186554,0.2970277055404353,1.653267747118174,-0.6585016502592459
1.7038354767909198,-0.15937382068383474,-0.6798192636282196,0.7093937694154702,-0.3061332938707869
1.3840875355370637,0.533181572153217,-0.7286616120866524,0.7737488133497455,0.04974121531755724
-1.1738959944937852,-0.29788489925124506,1.5669287654596866,0.7308454507268948,1.6678307324645605
-1.050916017088456,0.6716926507206273,-1.5101391874215764,-1.3070642738584874,0.13564195891474376
-0.11626818880795343,-0.7134181349534762,-1.3147697935878453,-0.5348037466471843,2.45496203603878
0.7691876485104173,0.533181572153217,1.0785052808753592,-1.0925474607442367,1.8221014556595079
-0.3376321481375461,1.5027591221250893,-1.6566662327968746,2.1895597799038007,-0.7706985398555711
-0.7311680758345999,-1.4059735277905279,-1.5589815358800092,1.3529442087582224,-0.7268716298570066
-0.5835921029482046,1.3642480435576791,-0.04486873366859395,1.009717307775421,-0.33944174546969597
1.2119155671696027,1.3642480435576791,0.05281596324827154,0.5377803189240694,-0.050184139479169936
-0.06707619784582172,-0.8519292135208865,-0.5332922182529214,1.2885891648239471,-0.43235479466665283
0.9167636213968124,-0.29788489925124506,0.5900817962910317,0.6879420881040448,1.1962531808800059
-0.8049560622777974,1.2257369649902687,0.05281596324827154,0.9668139451525709,-0.32366405787021274
1.2119155671696027,-0.02086274211642439,-0.6798192636282196,0.1731017366298433,1.927286039656063
0.6953996620672198,1.6412702006924997,1.322717023167523,-1.0281924168099612,2.090322144850723
-1.6166239131529705,-0.9904402920882969,0.541239447832599,1.0311689890868463,-0.28159022427159075
-1.3706639583423121,-0.8519292135208865,-1.168242748212547,0.1945534179412679,2.213037492846704
-0.06707619784582172,0.39467049358580664,-0.04486873366859395,2.1681080985923753,-0.6883039490582699
0.49863169821869296,-1.1289513706557073,0.8342935385831954,1.910687922855274,-0.6672670322589588
-1.4936439357476412,-1.6829956849253485,-1.3147697935878453,0.6235870441697694,0.6878610248966571
-1.542835926709773,1.5027591221250893,-0.6309769151697869,0.28036014318696867,1.6695838088645032
1.6546434858287882,-1.4059735277905279,-1.2170850966709799,0.9453622638411455,1.7765214692610005
-1.3460679628612462,-0.5749070563860658,-0.6309769151697869,-0.9423856915642604,2.714417343230282
-0.7803600667967315,-1.1289513706557073,0.003973614789838794,1.052620670398271,-0.318404828670385
1.2611075581317344,1.0872258864228583,-1.7055085812553072,1.0311689890868463,1.8028176152601396
-0.5098041165050071,-0.02086274211642439,1.322717023167523,0.7093937694154702,0.407368800905844
-0.7065720803535339,-0.5749070563860658,-1.412454490504711,2.2539148238380755,-0.7128470186574659
0.4740357027376271,0.6716926507206273,-0.24023812750232493,0.2589084618755433,1.7993114624602544
0.5232276936997589,1.3642480435576791,1.7134558108349849,0.7308454507268948,0.4739857041036621
0.9659556123589442,-0.8519292135208865,-1.2170850966709799,0.5806836815469194,0.41262803010567173
-0.7557640713156657,-0.7134181349534762,0.003973614789838794,0.7522971320383202,1.9202737340562925
1.679239481309854,-0.7134181349534762,0.1993430086235698,1.1813307582668218,2.4532089596388373
-0.3376321481375461,0.948714807855448,-1.412454490504711,0.7093937694154702,-0.4709224754653896
-0.7803600667967315,1.0872258864228583,-0.4844498697944887,0.7308454507268948,-0.3885278846680883
-0.9525320351641925,1.3642480435576791,-0.6798192636282196,0.7308454507268948,1.7607437816615175
-0.6081880984292706,0.39467049358580664,-0.24023812750232493,0.10874669269556791,0.64228103849815
0.6953996620672198,-1.6829956849253485,-0.9240310059203835,-1.285612592547062,1.8781999004576706
1.3840875355370637,-0.9904402920882969,-1.412454490504711,-0.06286675779583284,1.0437355340850012
1.7038354767909198,-0.4363959778186554,1.4692440685428212,1.0311689890868463,-0.8478339014530448
-0.41142013458074367,-0.29788489925124506,-1.4612968389631436,0.8810072199068709,0.3372457449081407
-0.4606121255428754,0.8102037292880377,-0.6309769151697869,1.331492527446797,-0.5901316706614852
1.0643395942832077,-1.2674624492231175,1.6157711139181195,1.1384273956439717,0.025198145718361094
-0.38682413909967783,-0.29788489925124506,0.6389241447494645,2.103753054658099,-0.8075131442543654
1.2611075581317344,-0.7134181349534762,0.44355475091573354,1.0740723517096964,1.3312400636755848
1.3840875355370637,-1.2674624492231175,-0.3867651728776232,1.0955240330211218,-0.19744255707434683
0.3018637343701661,-1.6829956849253485,-1.1194003997541144,-1.8862596692669642,1.9658537204547997
1.3102995490938663,-0.5749070563860658,1.7134558108349849,0.06584333007271792,0.726428705695394
-0.6327840939103364,-0.7134181349534762,-0.5821345667113542,0.9668139451525709,1.3715608208742642
1.2365115626506686,1.0872258864228583,0.6389241447494645,0.7737488133497455,0.02169199291847593
-1.2476839809369829,0.948714807855448,-0.6309769151697869,0.7308454507268948,-0.3359355926698108
-0.06707619784582172,-0.29788489925124506,0.1993430086235698,0.47342527498979403,0.9473163320881592
-0.9525320351641925,-1.4059735277905279,0.9808205839584937,0.7308454507268948,2.702145808430684
-0.8295520577588632,-0.4363959778186554,0.8831358870416283,1.3958475713810725,-0.30963944667067206
-0.7065720803535339,0.8102037292880377,-1.5589815358800092,2.1252047359695245,-0.7514146994562028
1.5808554993855906,-0.9904402920882969,-0.2890804759607577,0.23745678056411867,-0.03791260467957186
0.8429756349536149,-1.1289513706557073,0.8342935385831954,-0.7278688784500097,2.2849136252443496
1.2365115626506686,-1.2674624492231175,0.003973614789838794,0.6021353628583448,0.6370218092983222
1.2365115626506686,-0.29788489925124506,0.5900817962910317,0.5592320002354948,0.18472809811313606
-0.4606121255428754,1.2257369649902687,0.15050066016513702,0.8810072199068709,0.10934581291560504
0.646207671105088,-0.5749070563860658,-1.412454490504711,-0.04141507648440746,2.114865214449919
-1.4198559493044438,-1.2674624492231175,1.6646134623765523,-0.9423856915642604,1.7256822536626657
0.44943970725656124,1.6412702006924997,1.0785052808753592,-1.9291630318898143,2.090322144850723
-0.6819760848724681,-0.8519292135208865,-0.0937110821270267,1.1813307582668218,0.03922275691790175
-0.878744048720995,-0.29788489925124506,-1.168242748212547,-0.5991587905814597,2.0920752212506657
1.6054514948666565,0.948714807855448,-1.7055085812553072,1.4387509340039233,-0.7268716298570066
0.3018637343701661,-1.6829956849253485,-1.6078238843384418,0.6021353628583448,-0.2079610154740023
-1.4690479402665755,-0.8519292135208865,1.5669287654596866,0.7093937694154702,2.065779075251527
-0.9033400442020608,-0.15937382068383474,-0.7775039605450852,0.43052191236694404,-0.07472720907836608
-0.9033400442020608,0.533181572153217,0.003973614789838794,0.43052191236694404,0.03571660411801659
-0.5589961074671388,0.6716926507206273,0.345870053998868,0.9668139451525709,0.0444819861177295
1.015147603321076,0.6716926507206273,0.1993430086235698,0.8810072199068709,-0.12731950107664355
1.187319571688537,-0.9904402920882969,1.3715593716259558,-0.8136756036957105,2.7179234960301675
-0.6573800893914022,-1.2674624492231175,0.345870053998868,0.28036014318696867,1.851903754458532
-0.38682413909967783,-1.5444846063579383,-0.0937110821270267,0.6021353628583448,0.2197896261119877
-1.02632002160739,-1.4059735277905279,-1.168242748212547,-1.7790012627098388,1.7695091636612303
-1.2476839809369829,0.533181572153217,0.24818535708200254,0.7737488133497455,0.482751086103375
0.12969176600270513,-1.5444846063579383,-0.14255343058545944,2.0179463294123994,-0.6655139558590163
-1.198491989974851,1.2257369649902687,-1.412454490504711,0.9453622638411455,-0.28159022427159075
0.7691876485104173,1.2257369649902687,0.931978235500061,-1.328515955169912,1.6888676492638715
0.9413596168778784,-0.7134181349534762,-1.168242748212547,0.9453622638411455,0.36178881450733685
1.4824715174613272,-1.5444846063579383,-1.021715702837249,1.1813307582668218,-0.4831940102649877
-0.4606121255428754,-0.9904402920882969,0.6877664932078973,1.4387509340039233,-0.6777854906586144
0.8183796394725491,0.6716926507206273,0.49239709937416626,2.0823013733466755,-0.5287739966634949
0.4002477162944295,-0.9904402920882969,-1.412454490504711,0.7308454507268948,0.20050578571261932
0.8921676259157466,-0.8519292135208865,-0.4844498697944887,1.052620670398271,-0.08349259107807899
-1.3952599538233779,-0.29788489925124506,-0.5332922182529214,1.6961711097410233,-0.7952416094547673
-0.41142013458074367,1.6412702006924997,0.6389241447494645,0.23745678056411867,2.4497028068389524
-1.198491989974851,1.3642480435576791,0.8342935385831954,0.02293996744986792,1.5240784676692687
1.2611075581317344,1.2257369649902687,0.1993430086235698,0.6879420881040448,-0.21672639747371522
-0.8049560622777974,0.533181572153217,0.6877664932078973,0.001488286138442538,2.7880465520278706
1.2365115626506686,-0.15937382068383474,0.49239709937416626,0.7093937694154702,0.4056157245059014
1.4824715174613272,-0.29788489925124506,1.322717023167523,0.516328637612644,-0.060702597878825426
-1.0017240261263243,1.0872258864228583,1.127347629333792,-0.6635138345157351,2.1376552076491726
-0.9279360396831267,0.39467049358580664,-0.04486873366859395,2.0823013733466755,-0.7268716298570066
0.12969176600270513,-1.1289513706557073,-0.04486873366859395,-0.5777071092700343,3.4682401952055923
0.6216116756240222,-1.2674624492231175,-0.14255343058545944,-0.08431843910725746,0.8281071368920637
-0.11626818880795343,-1.4059735277905279,-0.5821345667113542,0.5806836815469194,-0.08173951467813641
1.0397435988021417,0.6716926507206273,-0.04486873366859395,1.0955240330211218,-0.8706238946522984
1.4824715174613272,-0.02086274211642439,1.1761899777922247,-0.8351272850071351,1.4276592656724267
-0.14086418428901928,-0.7134181349534762,0.8342935385831954,0.9024589012182955,1.5240784676692687
-0.6819760848724681,0.6716926507206273,0.345870053998868,1.6103643844953233,-0.8793892766520113
-1.1001080080505876,0.11764833645098596,-1.412454490504711,-0.5348037466471843,0.5195656905021693
-0.6573800893914022,0.11764833645098596,-0.14255343058545944,1.1384273956439717,-0.3166517522704424
0.2034797524459027,-1.6829956849253485,0.1016583117067043,-0.8780306476299858,0.7983048380930398
-1.4444519447855095,0.2561594150183963,-0.6798192636282196,0.34471518712124405,0.4669733985038918
0.7937836439914832,1.2257369649902687,-0.4844498697944887,0.8810072199068709,-0.21847947387365782
0.05590377955950755,1.6412702006924997,1.4692440685428212,-1.9291630318898143,0.15667887571405475
0.5478236891808247,0.2561594150183963,-0.8751886574619506,0.5592320002354948,0.0742842849167534
-1.6412199086340364,1.3642480435576791,-0.7775039605450852,-1.8004529440212635,0.7947986852931547
-1.0755120125695217,0.39467049358580664,-1.412454490504711,0.7737488133497455,0.22504885531181545
0.4740357027376271,-0.5749070563860658,-0.7775039605450852,1.0955240330211218,-0.28159022427159075
-0.16546017977008515,-1.1289513706557073,-0.0937110821270267,0.06584333007271792,2.2761482432446365
-0.362228143618612,0.2561594150183963,0.44355475091573354,1.996494648100974,-0.7356370118567195
-0.41142013458074367,1.3642480435576791,-0.5821345667113542,0.7308454507268948,0.27588807091015033
1.7038354767909198,0.11764833645098596,0.9808205839584937,0.5592320002354948,0.9367978736885038
1.2611075581317344,1.5027591221250893,-0.8263463090035179,-0.7707722410728605,1.8361260668590487
1.2365115626506686,1.3642480435576791,-0.5821345667113542,0.2160050992526933,-0.03265337547974411
1.138127580726405,-0.29788489925124506,-0.3379228244191904,0.7093937694154702,1.2856600772770777
0.5724196846618905,-0.15937382068383474,-1.4612968389631436,1.052620670398271,-0.4165771070671696
-0.362228143618612,-0.8519292135208865,-0.7286616120866524,2.0393980107238248,-0.7163531714573511
-0.3376321481375461,-1.4059735277905279,-0.8751886574619506,0.47342527498979403,0.5072941557025712
-1.542835926709773,1.0872258864228583,1.3715593716259558,0.9239105825297209,0.07253120851681082
-1.542835926709773,0.6716926507206273,-1.168242748212547,0.32326350580981866,0.1917404037129064
-1.4690479402665755,0.6716926507206273,-0.7286616120866524,0.2160050992526933,0.032210451318131425
-0.042480202364755866,-0.7134181349534762,-0.0937110821270267,1.052620670398271,2.483011258437861
0.05590377955950755,-1.1289513706557073,-1.412454490504711,0.47342527498979403,0.2583573069107245
-0.362228143618612,-1.6829956849253485,0.2970277055404353,0.02293996744986792,3.2455994924128846
-1.2476839809369829,1.6412702006924997,0.1016583117067043,1.331492527446797,0.28290037650992067
-0.7557640713156657,-0.15937382068383474,-0.5332922182529214,0.6235870441697694,1.753731476061747
-1.3952599538233779,0.39467049358580664,-1.1194003997541144,-0.38464197746720896,2.072791380851297
1.0397435988021417,1.3642480435576791,0.6877664932078973,0.6664904067926202,0.0006550761191649468
-1.1247040035316536,-0.7134181349534762,-1.7055085812553072,-0.04141507648440746,2.6618250512320047
-0.48520812102394123,1.5027591221250893,0.05281596324827154,0.10874669269556791,2.1674575064481965
0.6216116756240222,-0.02086274211642439,-1.5101391874215764,0.38761854974409404,0.3021842169092891
0.2772677388891002,1.3642480435576791,-1.5589815358800092,0.9024589012182955,0.45820801650417886
-0.6327840939103364,-0.29788489925124506,-0.24023812750232493,1.0740723517096964,-0.8408215958532744
-0.41142013458074367,0.8102037292880377,0.345870053998868,1.2885891648239471,-0.01336953508037571
0.8183796394725491,-1.1289513706557073,-1.5101391874215764,0.38761854974409404,-0.09927027867756223
0.4740357027376271,-1.2674624492231175,0.541239447832599,1.739074472363874,-0.830303137453619
0.006711788597375844,1.3642480435576791,0.44355475091573354,0.6450387254811948,0.07077813211686823
0.2034797524459027,-0.15937382068383474,1.1761899777922247,1.3100408461353725,-0.3271702106700979
0.4002477162944295,-0.4363959778186554,1.3715593716259558,0.8810072199068709,0.7071448652960255
-1.050916017088456,-0.8519292135208865,1.518086417001254,0.10874669269556791,0.4056157245059014
1.4824715174613272,1.5027591221250893,-1.0705580512956816,1.1598790769553964,-0.4744286282652748
-1.0755120125695217,0.948714807855448,-0.3379228244191904,-0.49190038402433434,0.3144557517088871
1.6300474903477222,1.0872258864228583,-0.3867651728776232,1.4816542966267725,-0.863611589052528
-0.5098041165050071,-1.2674624492231175,-0.5821345667113542,-1.0067407354985358,2.0552606168518714
0.8921676259157466,1.2257369649902687,-1.0705580512956816,0.9024589012182955,-0.4446263294662509
0.2772677388891002,0.948714807855448,-1.2170850966709799,2.06084969203525,-0.6111685874607962
0.05590377955950755,1.6412702006924997,0.9808205839584937,0.8595555385954455,0.49677569730291565
1.0643395942832077,-0.9904402920882969,1.518086417001254,0.7522971320383202,0.3179619045087723
-1.6658159041151024,-0.15937382068383474,-0.3379228244191904,0.08729501138414254,0.2390734665113561
1.334895544574932,1.0872258864228583,-0.5332922182529214,0.6021353628583448,-0.2798371478716482
0.031307784078441696,-1.5444846063579383,-0.24023812750232493,1.2885891648239471,-0.6304524278601646
-0.01788420688369001,-1.6829956849253485,-1.5589815358800092,0.9239105825297209,0.5230718433020544
0.35105572533229784,-0.29788489925124506,1.5669287654596866,1.8677845602324248,-0.7286247062569492
0.7937836439914832,-1.4059735277905279,1.7134558108349849,0.8381038572840201,-0.1220602718768158
0.4248437117754954,0.8102037292880377,-1.1194003997541144,0.7737488133497455,2.3936043620407896
1.4578755219802613,1.3642480435576791,-1.7055085812553072,1.0311689890868463,2.765256558828617
-0.01788420688369001,0.6716926507206273,-0.3379228244191904,1.996494648100974,-0.7969946858547099
1.5808554993855906,-1.5444846063579383,-1.6078238843384418,-1.9506147132012397,2.551381238035622
-0.7065720803535339,0.948714807855448,-1.2170850966709799,0.5592320002354948,0.6790956428969442
-1.6658159041151024,-0.8519292135208865,0.5900817962910317,1.1598790769553964,0.11986427131526053
1.4824715174613272,-0.5749070563860658,-0.9240310059203835,-1.8433563066441143,0.47047955130377694
1.3840875355370637,0.948714807855448,0.6877664932078973,0.47342527498979403,0.20927116771233223
-0.06707619784582172,0.533181572153217,0.39471240245730077,-0.5777071092700343,2.1674575064481965
-0.878744048720995,-1.2674624492231175,0.6877664932078973,1.245685802201097,-0.8601054362526429
0.2034797524459027,0.948714807855448,-0.6798192636282196,0.7522971320383202,0.45996109290412146
0.670803666586154,-1.5444846063579383,0.8342935385831954,-0.04141507648440746,2.472492800038206
-0.28844015717541444,-0.02086274211642439,0.345870053998868,2.0823013733466755,-0.6322055042601072
-0.7065720803535339,0.2561594150183963,-0.5332922182529214,0.5377803189240694,0.45996109290412146
-0.21465217073221685,1.3642480435576791,0.73660884166633,0.8810072199068709,1.0279578464855181
-0.31303615265648027,0.11764833645098596,0.5900817962910317,0.4948769563012194,0.26536961251049485
1.162723576207471,1.3642480435576791,-1.021715702837249,1.503105977938198,-0.6094155110608537
0.32645972985123195,0.6716926507206273,0.49239709937416626,0.5377803189240694,0.26361653611055225
-0.878744048720995,-0.9904402920882969,0.6877664932078973,0.06584333007271792,2.795058857627641
0.6216116756240222,-0.29788489925124506,1.127347629333792,0.8810072199068709,-0.2798371478716482
-0.5098041165050071,-1.6829956849253485,0.39471240245730077,2.1681080985923753,-0.6970693310579827
-1.7396038905582998,0.39467049358580664,-0.7775039605450852,0.6879420881040448,-0.19744255707434683
0.22807574792696855,1.6412702006924997,0.73660884166633,0.8166521759725955,0.5055410793026286
1.187319571688537,-0.02086274211642439,0.541239447832599,0.5806836815469194,0.08480274331640889
-0.7803600667967315,0.948714807855448,-1.3636121420462781,1.9535912854781248,-0.8162785262540783
-0.534400111986073,-0.5749070563860658,-1.168242748212547,0.8166521759725955,1.7765214692610005
-0.38682413909967783,1.5027591221250893,-0.2890804759607577,0.8381038572840201,0.10934581291560504
0.646207671105088,-0.8519292135208865,-1.0705580512956816,0.9239105825297209,0.2618634597106097
1.4824715174613272,0.6716926507206273,1.1761899777922247,1.0311689890868463,-0.48670016306487285
1.1135315852453394,-0.7134181349534762,1.0785052808753592,-0.2773835709100836,1.888718358857326
-1.690411899596168,-0.7134181349534762,1.5669287654596866,-0.42754534009005896,2.2884197780442346
-0.11626818880795343,-0.15937382068383474,-1.412454490504711,2.103753054658099,-0.8005008386545951
-0.9033400442020608,0.39467049358580664,1.518086417001254,0.36616686843266866,0.3705541965070498
0.5232276936997589,0.8102037292880377,0.6389241447494645,-0.9638373728756858,2.169210582848139
-1.3460679628612462,-0.4363959778186554,-1.2659274451294127,-1.8004529440212635,3.1088595332173634
-0.9033400442020608,0.11764833645098596,0.49239709937416626,0.6879420881040448,-0.08173951467813641
0.32645972985123195,0.533181572153217,0.2970277055404353,0.23745678056411867,0.02870429851824626
-0.9033400442020608,0.948714807855448,-1.5589815358800092,0.34471518712124405,0.32146805730865746
0.08049977504057342,-1.1289513706557073,-1.3636121420462781,1.7819778349867232,-0.7321308590568344
0.3018637343701661,-0.02086274211642439,-1.2170850966709799,1.2671374835125218,0.4056157245059014
-0.7803600667967315,1.6412702006924997,1.4204017200843884,0.4519735936783694,0.2197896261119877
0.49863169821869296,-0.15937382068383474,-1.2170850966709799,0.6450387254811948,0.2723819181102652
0.4740357027376271,-0.5749070563860658,-0.6798192636282196,1.8892362415438486,-0.7058347130576956
-0.9033400442020608,-0.8519292135208865,1.6157711139181195,-0.8351272850071351,2.2866667016442923
0.9659556123589442,0.11764833645098596,0.24818535708200254,0.6450387254811948,1.2015124100798338
0.9413596168778784,1.5027591221250893,1.2250323262506575,-0.8994823289414104,1.8221014556595079
0.7937836439914832,0.11764833645098596,-0.14255343058545944,0.9453622638411455,-0.16764025827532295
-1.690411899596168,0.11764833645098596,-0.2890804759607577,0.516328637612644,2.4532089596388373
0.17888375696483683,-1.2674624492231175,-1.7055085812553072,0.7522971320383202,0.37406034930693494
0.9413596168778784,0.11764833645098596,0.1016583117067043,-0.01996339517298284,2.7582442532288467
-0.9033400442020608,-0.9904402920882969,-0.8263463090035179,0.32326350580981866,-0.456897864265849
-0.14086418428901928,-0.29788489925124506,-0.6798192636282196,-1.6073878122184382,1.897483740857039
0.646207671105088,-0.15937382068383474,-0.5332922182529214,0.3018118244983933,-0.3587255858690644
-0.362228143618612,0.2561594150183963,-0.0937110821270267,0.9239105825297209,-0.01336953508037571
-1.3952599538233779,0.948714807855448,-1.1194003997541144,1.052620670398271,-0.43235479466665283
-0.38682413909967783,0.8102037292880377,1.1761899777922247,0.7522971320383202,-0.360478662269007
-0.3376321481375461,-0.4363959778186554,-1.5101391874215764,0.4948769563012194,1.2243024032790872
0.9659556123589442,0.6716926507206273,-0.04486873366859395,0.7093937694154702,1.539856155268752
0.5970156801429564,-0.5749070563860658,-0.2890804759607577,-1.0710957794328113,1.6415345864654218
-0.43601613006180956,-0.5749070563860658,-0.8751886574619506,-0.06286675779583284,3.5576470916026643
-1.050916017088456,0.11764833645098596,-0.2890804759607577,0.6450387254811948,-0.10452950787738997
-0.48520812102394123,-0.15937382068383474,0.44355475091573354,-0.8780306476299858,-0.22373870307348556
-0.534400111986073,-1.2674624492231175,-0.14255343058545944,-0.34173861484435897,0.10759273651566245
-1.4690479402665755,0.39467049358580664,-1.3147697935878453,-0.513352065335759,-0.7601800814559156
0.12969176600270513,1.6412702006924997,-1.5589815358800092,-0.9423856915642604,-0.11855411907693064
-0.16546017977008515,0.11764833645098596,0.2970277055404353,-0.34173861484435897,-0.8565992834527577
0.17888375696483683,-0.15937382068383474,-1.2170850966709799,-0.7493205597614351,-0.4463794058661935
-0.5835921029482046,1.2257369649902687,-1.3636121420462781,-0.2344802082872336,-0.2780840714717056
0.031307784078441696,0.2561594150183963,-0.8751886574619506,0.7737488133497455,-0.9126977282509203
0.646207671105088,0.11764833645098596,0.8831358870416283,-1.2641609112356367,0.41262803010567173
-0.01788420688369001,-0.02086274211642439,1.27387467470909,-2.5727134712325666,-0.6479831918595904
1.1135315852453394,-1.1289513706557073,0.24818535708200254,-0.47044870271290895,-0.6269462750602794
0.9167636213968124,-0.5749070563860658,1.322717023167523,-0.5991587905814597,-0.7075877894576382
1.4086835310181296,-0.5749070563860658,1.5669287654596866,0.02293996744986792,-0.8916608114516094
-0.38682413909967783,-1.5444846063579383,1.1761899777922247,-0.2773835709100836,-0.2798371478716482
1.5562595039045246,1.2257369649902687,0.6877664932078973,-0.513352065335759,-0.4726755518653322
-0.854148053239929,0.8102037292880377,-0.4356075213360559,-0.01996339517298284,-0.9372407978501165
0.9905516078400101,0.11764833645098596,-1.5101391874215764,-0.6849655158271597,-0.5007247742644135
0.8183796394725491,0.8102037292880377,0.2970277055404353,-0.49190038402433434,-0.46040401706573414
-0.11626818880795343,-0.9904402920882969,1.518086417001254,-0.1701251643529582,0.15843195211399733
0.7445916530293515,-1.1289513706557073,1.4204017200843884,-0.1701251643529582,-0.4726755518653322
-1.198491989974851,-0.7134181349534762,-1.0705580512956816,-0.6635138345157351,-0.7146000950574085
0.17888375696483683,-1.5444846063579383,-1.1194003997541144,-0.47044870271290895,-0.18692409867469134
-1.4690479402665755,0.39467049358580664,-1.1194003997541144,-0.5348037466471843,-0.7619331578558582
1.679239481309854,0.948714807855448,0.05281596324827154,-0.5348037466471843,-0.6725262614587866
0.2526717434080344,0.533181572153217,-0.5332922182529214,-1.0710957794328113,0.32146805730865746
1.0397435988021417,-0.02086274211642439,1.1761899777922247,-0.14867348304153283,-0.3201579050703276
0.7199956575482857,1.3642480435576791,0.8831358870416283,-0.40609365877863357,-0.754920852256088
0.670803666586154,0.533181572153217,0.2970277055404353,-0.7064171971385851,-0.9162038810508055
1.015147603321076,1.0872258864228583,1.6157711139181195,-0.42754534009005896,-0.8899077350516668
-0.14086418428901928,1.2257369649902687,-0.9240310059203835,-0.5777071092700343,0.005914305318992693
-0.14086418428901928,-0.5749070563860658,-0.6309769151697869,-0.2130285269758082,-0.46040401706573414
-0.16546017977008515,0.2561594150183963,-0.9240310059203835,-2.0364214384469395,0.16719733411371024
-1.3706639583423121,-0.8519292135208865,0.1993430086235698,0.2160050992526933,-1.0459315346465565
-1.715007895077234,-1.6829956849253485,-0.4356075213360559,-1.242709229924212,-0.6970693310579827
0.32645972985123195,-0.02086274211642439,0.345870053998868,-1.564484449595588,-0.13608488307635647
0.7937836439914832,0.11764833645098596,-0.14255343058545944,-0.5562554279586097,0.43015879410509755
-0.878744048720995,-0.8519292135208865,1.4692440685428212,-0.6206104718928843,-0.5638355246623465
1.015147603321076,0.6716926507206273,-0.5332922182529214,-0.14867348304153283,-0.9565246382494849
-1.1492999990127193,-1.2674624492231175,-0.19139577904389218,-0.2130285269758082,-0.09576412587767706
-1.1492999990127193,-0.4363959778186554,-0.9240310059203835,-0.5991587905814597,-0.6357116570599923
1.4578755219802613,-0.8519292135208865,1.5669287654596866,-0.7493205597614351,0.2864065293098058
-0.5589961074671388,0.8102037292880377,1.0296629324169264,-0.8565789663185605,-0.19218332787451908
-1.690411899596168,1.0872258864228583,0.8831358870416283,-2.2723899328726156,-0.036159528279629274
1.4578755219802613,0.6716926507206273,-1.412454490504711,-0.2773835709100836,-0.7969946858547099
-1.1247040035316536,0.6716926507206273,0.39471240245730077,-2.2938416141840405,0.5108003085024564
-1.0017240261263243,0.8102037292880377,1.322717023167523,-1.6717428561527135,0.5633926005007338
-1.5920279176719048,-0.15937382068383474,1.322717023167523,0.02293996744986792,-0.7005754838578679
-1.1492999990127193,1.2257369649902687,0.24818535708200254,-0.2559318895986582,-0.9775615550487958
0.10509577052163926,-1.5444846063579383,-0.04486873366859395,-0.44899702140148434,-0.8548462070528151
-1.2722799764180486,-1.6829956849253485,0.24818535708200254,0.02293996744986792,-0.9758084786488532
-1.02632002160739,-0.5749070563860658,-0.3867651728776232,-0.01996339517298284,-1.0459315346465565
-0.7311680758345999,-1.6829956849253485,1.127347629333792,-2.0364214384469395,-0.7689454634556286
-0.21465217073221685,1.0872258864228583,-1.3147697935878453,-2.980295416149643,-0.3990463430677438
1.3840875355370637,0.533181572153217,-1.2170850966709799,-0.6635138345157351,-0.7496616230562602
0.646207671105088,0.6716926507206273,1.5669287654596866,-0.38464197746720896,-0.01336953508037571
0.646207671105088,1.5027591221250893,1.7134558108349849,-0.49190038402433434,-0.5708478302621168
-0.48520812102394123,-0.8519292135208865,0.24818535708200254,-0.44899702140148434,-0.6129216638607388
-1.3952599538233779,-1.6829956849253485,-1.7055085812553072,-0.49190038402433434,-0.6479831918595904
-1.1001080080505876,0.8102037292880377,0.73660884166633,0.1945534179412679,-0.9775615550487958
1.5316635084234589,0.948714807855448,-1.3636121420462781,-0.2559318895986582,0.05675352091732758
-0.5589961074671388,-0.15937382068383474,-0.3867651728776232,-0.5348037466471843,-0.809266220654308
1.187319571688537,-0.29788489925124506,0.1993430086235698,-0.7707722410728605,-0.5901316706614852
1.3102995490938663,-0.7134181349534762,0.8831358870416283,-1.6288394935298636,-0.0922579730777919
-0.26384416169434854,-0.7134181349534762,0.541239447832599,-0.2344802082872336,-0.7496616230562602
-1.6658159041151024,-0.4363959778186554,1.322717023167523,-0.3631902961557836,-0.6514893446594756
1.7038354767909198,-0.5749070563860658,-0.8263463090035179,-0.5348037466471843,-0.018628764280203457
-0.6081880984292706,-0.29788489925124506,0.49239709937416626,-1.0067407354985358,-0.435860947466538
-0.5098041165050071,-0.02086274211642439,0.73660884166633,-0.6849655158271597,-0.9495123326497146
-0.2392481662132827,-0.29788489925124506,1.0785052808753592,-0.42754534009005896,-0.8758831238521261
1.4086835310181296,-1.2674624492231175,-0.04486873366859395,-0.40609365877863357,-0.5200086146637819
-1.4690479402665755,-0.5749070563860658,1.4204017200843884,-0.5348037466471843,-0.7917354566548822
-1.1001080080505876,-0.4363959778186554,-1.5589815358800092,-0.7278688784500097,-0.2903556062713037
0.8429756349536149,0.2561594150183963,0.8831358870416283,0.5592320002354948,-1.0196353886474179
0.15428776148377096,-0.8519292135208865,1.6646134623765523,-0.40609365877863357,-0.7566739286560306
-1.5920279176719048,-0.29788489925124506,-0.5332922182529214,-0.7493205597614351,-0.17465256387509326
1.4824715174613272,1.0872258864228583,1.0785052808753592,-0.6420621532043097,-0.04492491027934219
0.4740357027376271,-1.5444846063579383,1.518086417001254,-1.8862596692669642,-0.4639101698656193
0.35105572533229784,0.11764833645098596,0.1016583117067043,-0.9638373728756858,-0.2886025298713611
0.2772677388891002,-1.6829956849253485,-0.9728733543788162,-0.7064171971385851,-0.5638355246623465
0.5724196846618905,0.11764833645098596,-1.5589815358800092,-0.38464197746720896,0.14966657011428441
0.32645972985123195,-0.15937382068383474,0.7854511901247627,-0.6420621532043097,-0.8040069914544802
-1.2476839809369829,-1.5444846063579383,1.6157711139181195,-0.47044870271290895,-0.8530931306528725
-0.8295520577588632,1.0872258864228583,-0.6309769151697869,0.5377803189240694,-1.0301538470470732
1.6054514948666565,0.11764833645098596,-0.3867651728776232,-0.2988352522215082,-0.9389938742500591
0.8429756349536149,-0.8519292135208865,1.7134558108349849,-1.7146462187755636,-0.7198593242572363
-1.2968759718991145,-0.7134181349534762,-1.4612968389631436,-2.2723899328726156,-0.8478339014530448
0.4002477162944295,-0.9904402920882969,1.322717023167523,0.1945534179412679,-1.0073638538478198
0.2034797524459027,0.39467049358580664,-0.04486873366859395,0.2160050992526933,-1.0546969166462694
-1.050916017088456,-1.1289513706557073,-0.3379228244191904,0.38761854974409404,-1.0757338334455804
0.2526717434080344,1.5027591221250893,1.3715593716259558,0.6235870441697694,-1.031906923447016
1.2119155671696027,1.5027591221250893,-1.7055085812553072,-0.47044870271290895,-0.5200086146637819
-0.8049560622777974,-0.15937382068383474,0.8342935385831954,-2.679971877789692,-0.20270178627417457
-1.3706639583423121,1.6412702006924997,0.1993430086235698,-0.1701251643529582,-0.9915861662483365
0.6216116756240222,-1.4059735277905279,-0.24023812750232493,-0.6420621532043097,-0.21146716827388748
-0.6573800893914022,1.0872258864228583,-0.3867651728776232,-0.3631902961557836,-0.6024032054610833
-0.14086418428901928,-1.5444846063579383,0.73660884166633,-0.8136756036957105,0.4091218773057866
-0.7311680758345999,1.5027591221250893,-0.0937110821270267,-2.5512617899211416,-0.809266220654308
-1.223087985455917,-1.1289513706557073,-1.3636121420462781,-0.2773835709100836,-0.2921086826712463
1.1135315852453394,1.0872258864228583,-1.7055085812553072,-0.3202869335329336,-0.565588601062289
0.6216116756240222,-1.2674624492231175,-0.6798192636282196,-1.0281924168099612,-0.2658125366721075
0.5724196846618905,-0.7134181349534762,0.1016583117067043,0.47342527498979403,-0.9968453954481643
0.4740357027376271,-0.7134181349534762,-1.168242748212547,-1.1139991420556612,-0.4937124686646432
-1.3214719673801802,-0.5749070563860658,0.6389241447494645,-0.34173861484435897,-0.18517102227474874
-0.09167219332688757,1.0872258864228583,1.4204017200843884,-0.7493205597614351,-0.3674909678687773
0.7199956575482857,-0.15937382068383474,1.518086417001254,0.10874669269556791,-0.8653646654524706
1.507067512942393,-0.15937382068383474,-0.6798192636282196,0.7737488133497455,-0.9933392426482791
0.4002477162944295,1.2257369649902687,1.2250323262506575,-0.6635138345157351,-0.8899077350516668
0.006711788597375844,-0.9904402920882969,-1.3147697935878453,-0.12722180173010822,-0.8688708182523558
0.32645972985123195,1.0872258864228583,0.345870053998868,-0.5348037466471843,-0.725118553457064
1.507067512942393,1.5027591221250893,-1.3636121420462781,-2.722875240412542,-0.08173951467813641
0.4002477162944295,-0.02086274211642439,0.003973614789838794,-0.2988352522215082,-0.8986731170513796
0.7445916530293515,0.8102037292880377,0.24818535708200254,-2.5083584272982913,-0.6532424210594182
-1.6412199086340364,0.533181572153217,-1.168242748212547,-0.5777071092700343,-0.649736268259533
-1.2476839809369829,0.948714807855448,-0.8263463090035179,-0.08431843910725746,-0.8390685194533318
0.006711788597375844,-1.1289513706557073,1.1761899777922247,-0.513352065335759,-0.8881546586517242
1.0889355897642734,-0.9904402920882969,1.2250323262506575,-2.6585201964782668,-0.5901316706614852
-0.9033400442020608,-0.8519292135208865,1.5669287654596866,-0.7922239223842851,-0.6900570254582123
-0.09167219332688757,0.2561594150183963,1.2250323262506575,-0.3202869335329336,-0.8653646654524706
-0.7803600667967315,0.11764833645098596,0.931978235500061,-0.6420621532043097,-0.6760324142586718
-0.31303615265648027,-0.7134181349534762,1.7134558108349849,-2.7443269217239674,0.032210451318131425
-0.3376321481375461,-1.6829956849253485,0.5900817962910317,-0.34173861484435897,-0.3990463430677438
1.4332795264991955,-1.5444846063579383,0.6389241447494645,-0.2773835709100836,-0.36223173866894953
1.3102995490938663,0.8102037292880377,1.322717023167523,-0.34173861484435897,-0.8075131442543654
0.3018637343701661,-1.5444846063579383,0.9808205839584937,-0.1701251643529582,-0.8828954294518965
-1.690411899596168,-1.4059735277905279,0.9808205839584937,-0.9423856915642604,-0.788229303854997
-0.09167219332688757,1.2257369649902687,-1.3147697935878453,-3.0661021413953433,-0.3762563498684902
-0.8295520577588632,0.8102037292880377,1.7134558108349849,-1.0710957794328113,-0.43060171826671023
1.334895544574932,1.3642480435576791,0.05281596324827154,-0.8565789663185605,0.6527994968978055
0.10509577052163926,1.0872258864228583,-1.6566662327968746,-0.49190038402433434,-0.6024032054610833
1.334895544574932,0.533181572153217,-1.2659274451294127,-0.08431843910725746,-1.0599561458460973
0.006711788597375844,-0.02086274211642439,-1.3636121420462781,-0.7493205597614351,-0.8390685194533318
0.12969176600270513,0.11764833645098596,-0.7286616120866524,0.47342527498979403,-1.0126230830476475
-1.198491989974851,-0.9904402920882969,0.345870053998868,0.6450387254811948,-1.0459315346465565
-0.16546017977008515,-0.9904402920882969,-1.5589815358800092,0.8595555385954455,-1.0950176738449489
-0.11626818880795343,0.533181572153217,0.8831358870416283,-0.47044870271290895,-0.5585762954625187
0.5724196846618905,-0.5749070563860658,-1.7055085812553072,-0.44899702140148434,-0.1308256538765287
0.2526717434080344,0.11764833645098596,0.39471240245730077,-0.2344802082872336,-0.9617838674493127
-1.2968759718991145,1.2257369649902687,1.127347629333792,0.40907023105551865,-1.0687215278458102
1.2857035536128003,0.11764833645098596,0.44355475091573354,0.02293996744986792,-1.0634622986459823
-0.26384416169434854,-0.15937382068383474,0.8342935385831954,-0.9209340102528358,0.012926610918763022
1.015147603321076,0.8102037292880377,1.7134558108349849,-0.04141507648440746,-0.8828954294518965
0.15428776148377096,0.533181572153217,1.0785052808753592,-0.12722180173010822,-0.9039323462512074
0.006711788597375844,0.2561594150183963,-1.2170850966709799,-0.47044870271290895,-0.8706238946522984
-1.690411899596168,0.11764833645098596,0.39471240245730077,-0.3631902961557836,-0.39203403746797344
-1.4936439357476412,-1.5444846063579383,0.44355475091573354,-1.3499676364813373,0.5721579825004467
1.015147603321076,0.6716926507206273,-1.3147697935878453,-1.328515955169912,0.042728909717786916
0.17888375696483683,0.8102037292880377,0.24818535708200254,-0.38464197746720896,-0.8601054362526429
0.35105572533229784,1.0872258864228583,-0.4356075213360559,-0.6635138345157351,-0.7110939422575234
-1.1492999990127193,0.11764833645098596,-1.2170850966709799,-0.7278688784500097,-0.23425716147314105
-1.4936439357476412,-0.02086274211642439,0.345870053998868,-0.12722180173010822,-0.8250439082537913
0.9905516078400101,0.948714807855448,-1.7055085812553072,-1.1569025046785113,-0.4639101698656193
0.9167636213968124,-0.02086274211642439,0.345870053998868,0.7522971320383202,-0.414824030667227
-1.223087985455917,0.8102037292880377,-0.0937110821270267,-1.1354508233670866,-0.31314559947055726
1.3840875355370637,-0.9904402920882969,1.6157711139181195,-0.7278688784500097,1.6397815100654791
-0.5835921029482046,-1.6829956849253485,0.931978235500061,-0.5348037466471843,-0.3885278846680883
-1.0755120125695217,-1.2674624492231175,1.4692440685428212,-0.14867348304153283,-0.725118553457064
-1.2476839809369829,1.2257369649902687,0.05281596324827154,0.5592320002354948,0.22329577891187288
-0.854148053239929,-0.7134181349534762,-1.2659274451294127,-0.49190038402433434,-0.9354877214501739
-0.9033400442020608,-1.1289513706557073,-1.3636121420462781,-0.14867348304153283,-0.38326865546826056
-0.8049560622777974,-0.8519292135208865,-1.6078238843384418,-1.9720663945126642,1.4890169396704172
1.187319571688537,-0.5749070563860658,1.6646134623765523,-0.47044870271290895,-0.7426493174564899
0.031307784078441696,-1.6829956849253485,-1.412454490504711,-1.2641609112356367,2.481258182037919
0.4740357027376271,1.2257369649902687,-0.7775039605450852,-0.7278688784500097,-0.0729741326784235
-0.4606121255428754,1.3642480435576791,0.8831358870416283,0.6879420881040448,-0.0729741326784235
-0.7311680758345999,0.8102037292880377,-1.7055085812553072,-1.564484449595588,-0.5515639898627485
0.646207671105088,0.533181572153217,-1.2170850966709799,-0.7278688784500097,-0.6777854906586144
0.15428776148377096,-0.7134181349534762,0.8342935385831954,-0.12722180173010822,-0.7110939422575234
0.12969176600270513,1.0872258864228583,0.05281596324827154,-0.01996339517298284,-0.9442531034498868
0.17888375696483683,0.533181572153217,0.003973614789838794,0.9668139451525709,-0.456897864265849
1.2119155671696027,1.6412702006924997,-1.6566662327968746,0.28036014318696867,-1.0967707502448913
-1.198491989974851,-0.7134181349534762,-0.6798192636282196,-0.19157684566438285,-0.7566739286560306
1.2857035536128003,-0.4363959778186554,-1.5589815358800092,1.2671374835125218,-0.29561483547113143
-1.6412199086340364,-0.15937382068383474,-0.4844498697944887,0.6021353628583448,2.3515305284421677
-0.48520812102394123,-1.5444846063579383,-0.7286616120866524,0.5806836815469194,-1.0757338334455804
0.2526717434080344,1.2257369649902687,-1.4612968389631436,-0.49190038402433434,-0.35171328026929405
0.5232276936997589,-0.02086274211642439,0.24818535708200254,-0.40609365877863357,-0.8741300474521835
0.7445916530293515,1.6412702006924997,-1.5589815358800092,-3.0875538227067683,-0.16939333467526552
-1.3460679628612462,-0.9904402920882969,-0.9728733543788162,-1.199805867301362,0.23556731371147094
0.49863169821869296,-1.4059735277905279,0.05281596324827154,0.10874669269556791,-0.9880800134484513
0.44943970725656124,1.3642480435576791,-1.412454490504711,0.7952004946611702,-0.22549177947342813
-0.01788420688369001,1.5027591221250893,0.541239447832599,-0.06286675779583284,-1.065215375045925
0.2034797524459027,1.2257369649902687,0.44355475091573354,-0.7064171971385851,0.09707427811600697
0.006711788597375844,-0.7134181349534762,1.5669287654596866,-0.06286675779583284,-0.8671177418524132
1.138127580726405,1.5027591221250893,-0.8263463090035179,-0.8351272850071351,0.09532120171606438
1.679239481309854,1.6412702006924997,0.05281596324827154,0.4948769563012194,1.4749923284708766
-1.4690479402665755,-0.7134181349534762,-0.4844498697944887,0.40907023105551865,0.40386264810595884
-1.5920279176719048,-0.4363959778186554,-1.5101391874215764,1.0740723517096964,-0.16764025827532295
0.9905516078400101,0.533181572153217,1.4204017200843884,-1.0067407354985358,-0.5936378234613704
-1.3952599538233779,0.6716926507206273,0.5900817962910317,-2.5298101086097167,0.0830496669164663
-1.3706639583423121,-0.15937382068383474,0.05281596324827154,0.4519735936783694,0.2022588621125619
-0.14086418428901928,1.2257369649902687,-0.2890804759607577,-0.6635138345157351,-0.5427986078630355
0.7199956575482857,0.2561594150183963,-0.5332922182529214,0.8810072199068709,-0.9950923190482217
-1.715007895077234,0.2561594150183963,0.39471240245730077,-2.5727134712325666,-0.6111685874607962
-1.4198559493044438,0.533181572153217,-0.2890804759607577,0.5806836815469194,0.3127026753089446
-0.3376321481375461,0.11764833645098596,0.8831358870416283,-0.2988352522215082,-0.9758084786488532
-1.4936439357476412,-1.5444846063579383,-0.04486873366859395,0.5806836815469194,2.551381238035622
1.2611075581317344,-0.02086274211642439,0.8342935385831954,-1.5215810869727382,-0.2307510086732559
-0.09167219332688757,0.533181572153217,0.6877664932078973,0.7522971320383202,0.2881596057097484
-0.43601613006180956,0.8102037292880377,-0.5332922182529214,1.1169757143325463,1.133142430482073
0.031307784078441696,0.948714807855448,0.8342935385831954,-0.38464197746720896,-0.7496616230562602
-0.5098041165050071,0.2561594150183963,0.541239447832599,0.7737488133497455,0.10934581291560504
-0.3376321481375461,1.5027591221250893,1.127347629333792,0.8810072199068709,0.5300841489018248
0.49863169821869296,-1.2674624492231175,0.6389241447494645,-0.6206104718928843,-0.9197100338506906
1.0889355897642734,0.11764833645098596,1.0785052808753592,1.1813307582668218,-0.4709224754653896
-1.4444519447855095,-0.7134181349534762,-0.3379228244191904,0.001488286138442538,2.1359021312492303
-1.2722799764180486,-1.5444846063579383,-0.4844498697944887,-0.7064171971385851,-0.7023285602578104
-1.7396038905582998,-1.4059735277905279,-0.3867651728776232,0.7093937694154702,0.1426542645145141
0.9659556123589442,1.6412702006924997,0.24818535708200254,-0.2988352522215082,3.0071811020206933
-0.14086418428901928,1.5027591221250893,1.2250323262506575,0.32326350580981866,0.14791349371434184
-1.4690479402665755,1.6412702006924997,1.322717023167523,-0.5991587905814597,-0.7917354566548822
-0.4606121255428754,0.6716926507206273,1.2250323262506575,0.8810072199068709,0.16719733411371024
1.3102995490938663,1.2257369649902687,-0.3867651728776232,-0.44899702140148434,-0.8162785262540783
-0.6327840939103364,0.948714807855448,-1.0705580512956816,-0.6420621532043097,-0.8916608114516094
0.3018637343701661,0.533181572153217,0.541239447832599,-0.7922239223842851,0.07077813211686823
-0.01788420688369001,-1.2674624492231175,-0.24023812750232493,0.8166521759725955,-1.073980757045638
0.646207671105088,-0.02086274211642439,1.7134558108349849,-0.1701251643529582,-0.9635369438492553
0.5478236891808247,-1.5444846063579383,-1.5101391874215764,2.2539148238380755,-0.5147493854639542
-0.06707619784582172,-0.7134181349534762,0.15050066016513702,-1.5215810869727382,0.5528741421010783
-1.198491989974851,-0.9904402920882969,1.7134558108349849,0.8810072199068709,0.02695122211830368
1.2365115626506686,-0.4363959778186554,-1.021715702837249,0.2160050992526933,0.012926610918763022
-1.050916017088456,1.2257369649902687,-1.168242748212547,-0.47044870271290895,-0.7093408658575808
-0.4606121255428754,-1.4059735277905279,1.322717023167523,-0.3631902961557836,-0.7777108454553415
1.6054514948666565,1.6412702006924997,1.518086417001254,0.7522971320383202,0.3179619045087723
-0.6081880984292706,-1.1289513706557073,1.127347629333792,-1.1354508233670866,-0.6742793378587292
1.6300474903477222,-0.02086274211642439,1.0296629324169264,0.9882656264639963,-0.6847977962583847
0.5232276936997589,-1.5444846063579383,-0.6798192636282196,0.9882656264639963,-0.06771490347859575
0.2772677388891002,-0.02086274211642439,-0.24023812750232493,0.47342527498979403,-1.0950176738449489
1.7038354767909198,-0.9904402920882969,-0.6798192636282196,-1.4572260430384627,-0.6216870458604516
1.6054514948666565,-1.2674624492231175,0.6877664932078973,-0.6206104718928843,-0.842574672253217
-1.1492999990127193,1.3642480435576791,-0.4356075213360559,-0.34173861484435897,1.1927470280801207
1.4332795264991955,0.533181572153217,-0.8263463090035179,-1.6717428561527135,2.414641278840101
0.3756517208133637,-1.4059735277905279,1.0785052808753592,-1.2212575486127866,-0.5498109134628059
-1.1001080080505876,0.533181572153217,1.0785052808753592,0.9239105825297209,0.009420458118877857
-1.1247040035316536,-0.8519292135208865,0.15050066016513702,-0.01996339517298284,-1.0038577010479346
-1.7396038905582998,0.533181572153217,-0.2890804759607577,-0.06286675779583284,-0.9565246382494849
1.0643395942832077,-0.5749070563860658,1.0785052808753592,0.06584333007271792,-0.7531677758561454
-0.7557640713156657,0.948714807855448,1.6646134623765523,0.001488286138442538,0.8877117344901115
-1.3706639583423121,1.5027591221250893,-0.14255343058545944,0.6450387254811948,-0.19744255707434683
-1.3214719673801802,-1.5444846063579383,0.44355475091573354,1.0740723517096964,0.19699963291273415
-1.6166239131529705,1.3642480435576791,-1.6078238843384418,-0.49190038402433434,-0.8443277486531596
-1.1492999990127193,1.6412702006924997,0.345870053998868,1.5889127031838979,-0.5375393786632078
-0.8295520577588632,0.6716926507206273,0.49239709937416626,-0.8780306476299858,-0.45865094066579154
-1.0755120125695217,-1.4059735277905279,-0.6798192636282196,0.7952004946611702,1.6380284336655366
-0.6819760848724681,1.6412702006924997,1.4204017200843884,0.6879420881040448,0.06727197931698306
-0.7311680758345999,0.2561594150183963,-0.8751886574619506,-0.9209340102528358,-0.11855411907693064
-1.2968759718991145,0.948714807855448,1.6646134623765523,-0.10577012041868285,-0.767192387055686
0.22807574792696855,-0.9904402920882969,-1.5589815358800092,-0.6420621532043097,-0.8478339014530448
-0.38682413909967783,0.8102037292880377,-0.3867651728776232,1.2885891648239471,0.3688011201071072
0.6953996620672198,-0.7134181349534762,0.1016583117067043,-1.8004529440212635,-0.5848724414616575
-1.3706639583423121,-0.29788489925124506,-0.2890804759607577,-0.2773835709100836,0.23732039011141354
-1.050916017088456,-1.5444846063579383,1.322717023167523,0.9453622638411455,-0.11329488987710289
0.8675716304346808,-1.5444846063579383,1.3715593716259558,1.6318160658067487,-0.8688708182523558
-1.2722799764180486,0.8102037292880377,-0.3867651728776232,0.1516500553184179,2.521578939236598
0.7937836439914832,-1.6829956849253485,-0.8263463090035179,1.1169757143325463,-0.3569725094691218
-1.6658159041151024,0.8102037292880377,-0.6309769151697869,1.1598790769553964,0.011173534518820439
-1.5674319221908388,-0.7134181349534762,-0.0937110821270267,0.7952004946611702,-0.36223173866894953
0.670803666586154,-1.2674624492231175,-1.5101391874215764,-0.7493205597614351,-0.49195939226470065
0.4740357027376271,-1.4059735277905279,-0.6309769151697869,-0.2773835709100836,-0.758427005055973
0.2034797524459027,1.6412702006924997,0.8831358870416283,-0.2773835709100836,0.34250497410796843
1.0889355897642734,-1.5444846063579383,1.3715593716259558,0.8381038572840201,-0.016875687880260875
-0.41142013458074367,-0.7134181349534762,-1.168242748212547,0.02293996744986792,-0.9600307910493701
0.05590377955950755,-1.1289513706557073,0.8342935385831954,0.8381038572840201,-0.09050489667784932
1.4086835310181296,1.3642480435576791,1.27387467470909,-2.7657786030353924,-0.3674909678687773
-0.38682413909967783,-0.9904402920882969,-0.04486873366859395,2.1895597799038007,-0.6655139558590163
0.8429756349536149,0.533181572153217,0.931978235500061,1.996494648100974,-0.8513400542529299
-0.362228143618612,-1.2674624492231175,0.05281596324827154,1.0955240330211218,-0.11504796627704547
-1.0755120125695217,0.533181572153217,-0.9240310059203835,0.7522971320383202,-1.0424253818466713
1.4578755219802613,-0.8519292135208865,0.1016583117067043,0.9668139451525709,1.0121801588860349
0.031307784078441696,1.5027591221250893,0.931978235500061,-0.6635138345157351,-0.7023285602578104
0.2772677388891002,-1.2674624492231175,-1.2170850966709799,1.1169757143325463,0.5511210657011357
0.9413596168778784,-0.7134181349534762,-0.2890804759607577,-0.8136756036957105,0.5458618365013079
-1.1001080080505876,0.11764833645098596,1.5669287654596866,-0.47044870271290895,-0.7864762274550544
0.646207671105088,1.5027591221250893,0.49239709937416626,1.0955240330211218,-0.788229303854997
1.5562595039045246,-0.02086274211642439,-0.5332922182529214,1.1813307582668218,-0.3008740646709592
1.138127580726405,1.2257369649902687,0.6389241447494645,-0.6849655158271597,-0.6602547266591885
0.7199956575482857,-0.9904402920882969,0.931978235500061,0.6021353628583448,0.2022588621125619
-0.534400111986073,-0.02086274211642439,0.345870053998868,-0.34173861484435897,-0.6427239626597627
-0.8049560622777974,-1.2674624492231175,0.7854511901247627,-0.5991587905814597,-0.6444770390597052
1.0643395942832077,0.533181572153217,1.5669287654596866,0.5592320002354948,0.04974121531755724
0.8429756349536149,-0.9904402920882969,0.73660884166633,-0.8351272850071351,1.8378791432589912
-0.16546017977008515,1.3642480435576791,0.05281596324827154,1.1813307582668218,-0.32366405787021274
-0.362228143618612,-0.7134181349534762,0.7854511901247627,0.5592320002354948,1.7344476356623786
-1.7396038905582998,1.3642480435576791,0.541239447832599,0.044391648761292535,0.8473909772914321
1.1135315852453394,0.8102037292880377,0.6877664932078973,-1.7146462187755636,-0.24302254347285396
1.2365115626506686,-1.5444846063579383,1.0296629324169264,-0.2130285269758082,-0.981067707848681
0.3018637343701661,1.3642480435576791,0.345870053998868,0.8810072199068709,1.4749923284708766
0.5232276936997589,0.533181572153217,-0.8751886574619506,-0.2130285269758082,-0.5708478302621168
-1.6658159041151024,-0.29788489925124506,-1.7055085812553072,-0.8351272850071351,-0.43060171826671023
1.4824715174613272,0.8102037292880377,-0.7286616120866524,1.1384273956439717,2.114865214449919
1.5808554993855906,1.6412702006924997,1.2250323262506575,1.996494648100974,-0.5971439762612556
-0.43601613006180956,0.533181572153217,1.0785052808753592,0.4948769563012194,2.418147431639986
-0.7065720803535339,0.533181572153217,-0.5332922182529214,-0.04141507648440746,-0.53228014946338
-1.1738959944937852,-0.02086274211642439,-0.5332922182529214,0.47342527498979403,1.774768392861058
-0.43601613006180956,-1.5444846063579383,-0.5332922182529214,0.8810072199068709,-0.5287739966634949
-0.14086418428901928,1.2257369649902687,-0.04486873366859395,0.43052191236694404,0.38983803690641816
1.334895544574932,0.11764833645098596,-1.1194003997541144,0.02293996744986792,-1.0354130762469012
0.7199956575482857,0.39467049358580664,0.1016583117067043,0.9239105825297209,-0.030900299079801533
-0.16546017977008515,-0.15937382068383474,-0.5821345667113542,-0.8565789663185605,0.45996109290412146
0.7445916530293515,-0.15937382068383474,0.05281596324827154,0.43052191236694404,0.1899873273129638
-0.26384416169434854,-0.9904402920882969,0.44355475091573354,0.43052191236694404,-1.0126230830476475
-0.6573800893914022,-0.8519292135208865,0.8342935385831954,-0.6635138345157351,0.8771932760904559
0.7199956575482857,-1.2674624492231175,-0.5332922182529214,2.0823013733466755,-0.6409708862598201
-0.6819760848724681,0.39467049358580664,-0.8263463090035179,1.3529442087582224,-0.18517102227474874
0.9167636213968124,1.2257369649902687,1.3715593716259558,1.2885891648239471,-0.8460808250531022
-1.2968759718991145,-0.02086274211642439,-1.5589815358800092,-1.8648079879555388,0.33549266850819814
1.334895544574932,-0.15937382068383474,0.003973614789838794,0.43052191236694404,0.2495919249110116
-0.41142013458074367,1.0872258864228583,-1.4612968389631436,0.8595555385954455,0.02169199291847593
-0.854148053239929,0.8102037292880377,0.44355475091573354,1.5460093405610487,-0.7461554702563751
-1.2476839809369829,0.533181572153217,1.518086417001254,1.009717307775421,0.3144557517088871
1.1135315852453394,1.6412702006924997,0.15050066016513702,0.36616686843266866,-0.11680104267698806
-1.1001080080505876,0.2561594150183963,-0.6798192636282196,0.6235870441697694,1.6485468920651922
0.9659556123589442,0.6716926507206273,-0.0937110821270267,0.7522971320383202,-0.07648028547830867
-0.5835921029482046,-1.6829956849253485,-0.4356075213360559,0.1731017366298433,0.7316879348952217
-0.16546017977008515,-0.4363959778186554,-0.4844498697944887,0.6021353628583448,-0.1027764314774474
0.8675716304346808,-0.02086274211642439,-0.4844498697944887,0.32326350580981866,0.46872647490383434
1.7038354767909198,-1.6829956849253485,-0.8751886574619506,0.5592320002354948,-0.21847947387365782
-0.26384416169434854,0.6716926507206273,-0.14255343058545944,0.6879420881040448,0.4564549401042363
0.8675716304346808,-0.02086274211642439,-0.7286616120866524,0.40907023105551865,0.3950972661062459
-0.31303615265648027,-0.29788489925124506,1.322717023167523,0.1731017366298433,-0.34294789826958116
1.5562595039045246,0.11764833645098596,0.9808205839584937,0.6879420881040448,0.46171416930406406
-0.14086418428901928,0.6716926507206273,-0.4844498697944887,1.6961711097410233,-0.7864762274550544
0.17888375696483683,-0.7134181349534762,1.6157711139181195,0.8595555385954455,-0.15536872347572486
-1.1738959944937852,0.39467049358580664,-0.7286616120866524,0.9024589012182955,1.5275846204691539
1.2119155671696027,1.3642480435576791,1.2250323262506575,1.2671374835125218,-0.0642087506787106
1.3840875355370637,-0.5749070563860658,1.6157711139181195,0.7522971320383202,0.27588807091015033
1.6546434858287882,-0.7134181349534762,1.4204017200843884,2.0393980107238248,-0.6339585806600497
-1.1738959944937852,-0.15937382068383474,0.39471240245730077,0.9024589012182955,1.0437355340850012
1.6300474903477222,-1.6829956849253485,-0.7775039605450852,0.7093937694154702,2.009680630453364
1.2857035536128003,1.6412702006924997,1.2250323262506575,0.516328637612644,0.1338888825148012
-0.878744048720995,0.39467049358580664,1.0296629324169264,1.8034295162981486,-0.7286247062569492
0.3018637343701661,1.2257369649902687,-0.3867651728776232,0.4948769563012194,0.35127035610768137
-0.7311680758345999,-0.8519292135208865,-1.7055085812553072,0.6664904067926202,0.3547765089075665
0.3756517208133637,1.6412702006924997,0.15050066016513702,1.653267747118174,-0.6146747402606814
-0.9033400442020608,1.5027591221250893,0.7854511901247627,1.1169757143325463,0.002408152519107529
0.9413596168778784,0.948714807855448,1.4204017200843884,0.7522971320383202,-0.3061332938707869
1.4086835310181296,-1.6829956849253485,1.4204017200843884,0.32326350580981866,-0.2991209882710166
1.4086835310181296,-0.5749070563860658,-0.3379228244191904,0.516328637612644,2.34627129924234
-0.854148053239929,0.11764833645098596,1.4204017200843884,-0.5777071092700343,0.41262803010567173
0.3756517208133637,0.6716926507206273,1.0296629324169264,1.0740723517096964,-0.43060171826671023
-1.1492999990127193,1.5027591221250893,0.44355475091573354,1.0311689890868463,-0.19568948067440425
-1.5674319221908388,0.8102037292880377,-0.3867651728776232,0.6879420881040448,-0.24652869627273913
-0.09167219332688757,-1.4059735277905279,-0.8751886574619506,1.052620670398271,1.4241531128725415
0.32645972985123195,1.0872258864228583,-0.8751886574619506,-0.9209340102528358,2.749478871229134
0.4002477162944295,0.6716926507206273,1.5669287654596866,0.34471518712124405,2.623257370433268
0.32645972985123195,-1.6829956849253485,1.518086417001254,-1.4143226804156128,1.2558577784780538
-0.4606121255428754,-0.02086274211642439,1.5669287654596866,0.8381038572840201,-0.2395163906729688
-0.5589961074671388,0.11764833645098596,1.3715593716259558,1.1813307582668218,-0.4937124686646432
1.162723576207471,0.39467049358580664,1.27387467470909,1.7819778349867232,-0.6900570254582123
-0.16546017977008515,0.533181572153217,-0.4844498697944887,2.1895597799038007,-0.7777108454553415
1.1135315852453394,0.6716926507206273,-1.3147697935878453,1.331492527446797,0.3144557517088871
0.08049977504057342,0.948714807855448,-0.7286616120866524,0.40907023105551865,0.5055410793026286
1.2119155671696027,-0.4363959778186554,-0.7286616120866524,0.5592320002354948,0.4774918569035473
1.3840875355370637,-0.9904402920882969,1.4692440685428212,1.8677845602324248,-0.6602547266591885
0.08049977504057342,1.3642480435576791,0.931978235500061,0.5377803189240694,0.3267272865084852
1.5808554993855906,-1.4059735277905279,-1.1194003997541144,0.6664904067926202,1.4837577104705895
-0.5589961074671388,0.11764833645098596,1.127347629333792,1.1384273956439717,1.6292630516658237
-0.31303615265648027,-1.1289513706557073,0.8831358870416283,-0.5348037466471843,0.5914418228998151
0.7691876485104173,-0.15937382068383474,-1.168242748212547,1.1813307582668218,1.12437704848236
0.49863169821869296,0.39467049358580664,-0.3867651728776232,-0.5562554279586097,2.6618250512320047
1.359491540055998,0.6716926507206273,-0.6309769151697869,1.2885891648239471,-0.5094901562641264
-0.5835921029482046,-1.4059735277905279,-0.14255343058545944,0.6021353628583448,0.07253120851681082
1.0889355897642734,0.11764833645098596,1.518086417001254,0.02293996744986792,0.29166575850963355
0.7937836439914832,-0.29788489925124506,1.6646134623765523,0.8810072199068709,0.1829750217131935
0.32645972985123195,0.533181572153217,-0.8263463090035179,-0.01996339517298284,1.834372990459106
-1.3214719673801802,-0.4363959778186554,1.3715593716259558,-1.8004529440212635,1.4276592656724267
-0.9279360396831267,-1.5444846063579383,-0.0937110821270267,0.23745678056411867,2.412888202440158
-1.02632002160739,1.2257369649902687,-0.9240310059203835,0.9239105825297209,0.39159111330636076
0.5970156801429564,-0.9904402920882969,0.39471240245730077,0.8810072199068709,-0.5480578370628633
0.7691876485104173,-0.8519292135208865,1.0296629324169264,0.1516500553184179,0.0742842849167534
1.334895544574932,0.533181572153217,1.7134558108349849,0.6879420881040448,1.0770439856839102
0.6216116756240222,0.39467049358580664,-1.0705580512956816,0.02293996744986792,3.2473525688128273
-1.02632002160739,0.6716926507206273,1.4692440685428212,0.7522971320383202,2.6372819816328086
0.670803666586154,-1.2674624492231175,-0.4844498697944887,1.052620670398271,-0.3762563498684902
-1.6658159041151024,1.2257369649902687,1.7134558108349849,1.5460093405610487,-0.6742793378587292
0.7691876485104173,-0.9904402920882969,-0.9728733543788162,0.9453622638411455,-0.372750197068605
-0.48520812102394123,1.6412702006924997,-0.14255343058545944,1.1598790769553964,-0.4639101698656193
-1.050916017088456,-0.15937382068383474,1.4204017200843884,0.7308454507268948,-0.4007994194676864
-1.02632002160739,1.2257369649902687,1.6157711139181195,-1.4143226804156128,0.6142318160990686
0.8183796394725491,-0.15937382068383474,0.73660884166633,2.2539148238380755,-0.5796132122618297
-0.38682413909967783,-1.4059735277905279,0.6877664932078973,-0.2988352522215082,2.8143426980270094
-0.7311680758345999,1.5027591221250893,-0.2890804759607577,2.14665641728095,-0.5585762954625187
-1.0017240261263243,1.2257369649902687,-0.4844498697944887,-0.2559318895986582,1.55212769006835
-1.2722799764180486,1.6412702006924997,-0.6798192636282196,0.7308454507268948,0.36003573810739425
1.3102995490938663,0.39467049358580664,1.6646134623765523,1.245685802201097,-0.6900570254582123
0.17888375696483683,-0.9904402920882969,-0.5821345667113542,1.1384273956439717,0.8105763728926378
-0.19005617525115098,-0.15937382068383474,0.541239447832599,0.2589084618755433,0.09707427811600697
1.7038354767909198,0.6716926507206273,0.8831358870416283,2.2110114612152247,-0.6830447198584421
1.138127580726405,-0.4363959778186554,1.4692440685428212,0.7093937694154702,-0.01336953508037571
-1.6166239131529705,-0.8519292135208865,0.541239447832599,0.5377803189240694,1.91852065765635
1.015147603321076,0.11764833645098596,-0.8263463090035179,0.5806836815469194,0.9385509500884464
1.015147603321076,0.8102037292880377,-1.6566662327968746,0.6450387254811948,-0.08699874387796416
-0.48520812102394123,0.8102037292880377,-0.0937110821270267,0.5806836815469194,-0.025641069879973784
1.6546434858287882,0.948714807855448,0.39471240245730077,2.23246314252665,-0.8162785262540783
-1.2968759718991145,0.11764833645098596,0.9808205839584937,0.47342527498979403,3.03873647721966
1.5562595039045246,-1.1289513706557073,1.0785052808753592,-1.3499676364813373,2.9212803584235068
-0.14086418428901928,0.6716926507206273,1.0296629324169264,1.4602026153153471,-0.7426493174564899
-0.7311680758345999,-0.15937382068383474,1.0296629324169264,1.1598790769553964,-0.10628258427733256
0.9905516078400101,-1.2674624492231175,-0.7775039605450852,-1.8433563066441143,-0.06596182707865317
1.5562595039045246,-1.2674624492231175,1.0785052808753592,0.6021353628583448,0.06201275011715532
0.8675716304346808,1.5027591221250893,-0.2890804759607577,1.1813307582668218,-0.5235147674636671
0.7691876485104173,0.39467049358580664,-0.8263463090035179,0.4948769563012194,0.7124040944958533
-0.43601613006180956,-0.8519292135208865,-0.3379228244191904,0.43052191236694404,0.16544425771376767
-1.2722799764180486,-1.6829956849253485,0.7854511901247627,1.0740723517096964,1.6713368852644457
-0.38682413909967783,-1.2674624492231175,-0.24023812750232493,1.0311689890868463,-0.15010949427589712
1.162723576207471,1.0872258864228583,-1.5589815358800092,2.1681080985923753,-0.7128470186574659
-1.3706639583423121,0.11764833645098596,1.7134558108349849,0.9668139451525709,0.09882735451594954
-0.8049560622777974,-1.1289513706557073,-1.4612968389631436,0.8595555385954455,0.2723819181102652
-0.042480202364755866,0.39467049358580664,0.345870053998868,-0.06286675779583284,0.7299348584952791
0.12969176600270513,-1.4059735277905279,1.27387467470909,-0.5991587905814597,2.3567897576419954
0.9413596168778784,1.2257369649902687,1.5669287654596866,0.7093937694154702,-0.5673416774622316
1.0889355897642734,1.3642480435576791,-0.6798192636282196,-0.8994823289414104,1.1348955068820155
-1.3460679628612462,-1.5444846063579383,-0.24023812750232493,1.0311689890868463,-0.22373870307348556
0.3018637343701661,1.0872258864228583,-0.24023812750232493,-0.8351272850071351,1.3487708276750106
1.4578755219802613,-0.8519292135208865,-1.021715702837249,0.32326350580981866,0.005914305318992693
-1.0017240261263243,1.3642480435576791,0.24818535708200254,1.245685802201097,-0.4428732530663083
-1.2968759718991145,-0.4363959778186554,0.541239447832599,1.3100408461353725,0.4389241761048105
-0.9033400442020608,-0.4363959778186554,-0.4356075213360559,0.5806836815469194,-0.006357229480605382
-1.02632002160739,1.5027591221250893,0.9808205839584937,0.9453622638411455,-0.17815871667497843
1.5562595039045246,0.533181572153217,0.1993430086235698,0.3018118244983933,1.4714861756709914
0.15428776148377096,-1.2674624492231175,-1.5589815358800092,0.5806836815469194,1.3592892860746661
-1.6412199086340364,0.6716926507206273,1.7134558108349849,1.6747194284295979,-0.704081636657753
1.187319571688537,-0.5749070563860658,-1.3147697935878453,0.516328637612644,-0.09576412587767706
-0.7557640713156657,-0.7134181349534762,0.05281596324827154,0.4948769563012194,2.7319481072297083
-1.2968759718991145,-1.5444846063579383,1.518086417001254,1.0955240330211218,1.872940671257843
-1.0755120125695217,1.0872258864228583,0.73660884166633,0.1301983740069933,1.2383270144786278
0.9413596168778784,-1.5444846063579383,-1.6078238843384418,1.2242341208896717,-0.7005754838578679
1.2119155671696027,-1.5444846063579383,1.0785052808753592,1.331492527446797,-0.14835641787595452
-0.7557640713156657,-1.2674624492231175,-0.04486873366859395,0.4948769563012194,0.33373959210825554
-1.2968759718991145,-0.8519292135208865,-0.04486873366859395,2.23246314252665,-0.5690947538621742
1.6054514948666565,1.6412702006924997,1.127347629333792,0.5377803189240694,0.13914811171462893
1.1135315852453394,-0.9904402920882969,-1.168242748212547,0.9239105825297209,-0.4831940102649877
0.8675716304346808,-0.02086274211642439,-1.2170850966709799,-0.38464197746720896,2.8178488508268944
1.4086835310181296,1.3642480435576791,0.73660884166633,0.9239105825297209,-0.318404828670385
-1.2476839809369829,-0.8519292135208865,1.6646134623765523,0.5592320002354948,0.2723819181102652
-0.3376321481375461,0.533181572153217,0.39471240245730077,-1.9935180758240896,0.7544779280944752
-1.4198559493044438,1.0872258864228583,-0.24023812750232493,0.9668139451525709,2.472492800038206
-0.19005617525115098,0.6716926507206273,1.518086417001254,0.5377803189240694,-0.4007994194676864
0.2526717434080344,-0.29788489925124506,-0.5332922182529214,0.9453622638411455,-0.4288486418667677
-1.3952599538233779,-1.1289513706557073,0.1016583117067043,0.5377803189240694,1.955335262055144
-1.1492999990127193,1.3642480435576791,1.1761899777922247,1.245685802201097,-0.9039323462512074
0.5724196846618905,0.948714807855448,1.27387467470909,1.3529442087582224,-0.5252678438636097
-1.6166239131529705,-0.15937382068383474,0.24818535708200254,1.2027824395782472,-0.3762563498684902
-0.01788420688369001,1.0872258864228583,-0.24023812750232493,1.4387509340039233,-0.8145254498541358
-1.542835926709773,-1.5444846063579383,-0.3379228244191904,0.8595555385954455,-0.40781172506745667
-0.7803600667967315,-1.1289513706557073,-1.6566662327968746,0.2160050992526933,2.45496203603878
-0.16546017977008515,1.6412702006924997,1.6646134623765523,0.6021353628583448,2.2480990208455554
-0.5098041165050071,-0.7134181349534762,-0.6309769151697869,0.9668139451525709,-0.14485026507606938
-0.854148053239929,-0.02086274211642439,1.322717023167523,0.8810072199068709,1.247092396478341
-0.7065720803535339,-0.29788489925124506,-1.2170850966709799,1.2242341208896717,-0.12030719547687321
-0.38682413909967783,0.8102037292880377,-0.8751886574619506,0.001488286138442538,1.3400054456752977
-1.542835926709773,0.8102037292880377,-0.8751886574619506,1.0955240330211218,-0.2886025298713611
1.2365115626506686,1.2257369649902687,0.8342935385831954,2.1252047359695245,-0.725118553457064
-0.9771280306452583,1.2257369649902687,0.2970277055404353,0.6664904067926202,-0.2640594602721649
-0.16546017977008515,-0.5749070563860658,-1.4612968389631436,0.6450387254811948,0.037469680517959174
-1.4198559493044438,-1.1289513706557073,0.7854511901247627,0.4519735936783694,0.5160595377022841
-1.4444519447855095,0.533181572153217,1.6646134623765523,0.1945534179412679,0.4845041625033176
-1.6658159041151024,-1.4059735277905279,-0.5821345667113542,0.6664904067926202,2.8774534484249426
-1.1247040035316536,-1.5444846063579383,-1.412454490504711,1.2885891648239471,-0.8373154430533893
-0.41142013458074367,-1.4059735277905279,0.24818535708200254,1.2242341208896717,0.5178126141022267
-0.21465217073221685,0.11764833645098596,0.73660884166633,-0.513352065335759,0.09006197251623663
-0.16546017977008515,-1.4059735277905279,1.5669287654596866,0.6879420881040448,0.48976339170314537
0.5478236891808247,1.2257369649902687,1.4204017200843884,0.6879420881040448,0.09707427811600697
-1.4444519447855095,-1.1289513706557073,-0.2890804759607577,0.516328637612644,2.4917766404375743
-1.2476839809369829,0.39467049358580664,1.2250323262506575,0.8166521759725955,0.40035649530607365
0.7445916530293515,-0.7134181349534762,0.931978235500061,0.38761854974409404,0.33373959210825554
0.9659556123589442,-0.5749070563860658,-1.5589815358800092,0.34471518712124405,0.09006197251623663
0.4002477162944295,-0.29788489925124506,0.39471240245730077,1.052620670398271,0.8491440536913747
0.32645972985123195,0.8102037292880377,-1.2170850966709799,1.2027824395782472,-0.3376886690697534
-1.2722799764180486,1.2257369649902687,-1.6566662327968746,0.7308454507268948,3.059773394018971
0.10509577052163926,1.6412702006924997,0.44355475091573354,-1.6073878122184382,2.518072786436713
-1.4198559493044438,1.0872258864228583,-0.14255343058545944,2.0393980107238248,-0.8145254498541358
0.4740357027376271,0.11764833645098596,-1.021715702837249,-0.8351272850071351,1.3645485152744938
0.17888375696483683,0.2561594150183963,1.1761899777922247,1.9535912854781248,-0.7689454634556286
-0.38682413909967783,-0.5749070563860658,0.49239709937416626,0.6450387254811948,1.0349701520852883
0.3018637343701661,-0.8519292135208865,-0.9240310059203835,1.1598790769553964,-0.17640564027503586
-0.16546017977008515,-0.02086274211642439,0.5900817962910317,-0.9209340102528358,0.23381423731152837
0.7691876485104173,0.533181572153217,1.6157711139181195,-0.6420621532043097,2.5741712312348755
0.12969176600270513,0.533181572153217,0.44355475091573354,1.9750429667895502,-0.8215377554539061
0.32645972985123195,0.2561594150183963,-0.9728733543788162,-0.6635138345157351,1.804570691660082
-0.38682413909967783,0.2561594150183963,0.1993430086235698,0.7308454507268948,0.10058043091589212
0.031307784078441696,-0.7134181349534762,1.518086417001254,1.3743958900696471,-0.19568948067440425
-0.41142013458074367,-1.2674624492231175,1.7134558108349849,1.0311689890868463,-0.553317066262691
-1.198491989974851,-0.4363959778186554,-0.5821345667113542,-1.4786777243498874,0.3582826617074517
-0.7065720803535339,0.39467049358580664,0.6389241447494645,0.1731017366298433,-0.2517879254725669
1.2611075581317344,-1.5444846063579383,-0.3379228244191904,0.6879420881040448,1.1945001044800634
-0.06707619784582172,-1.4059735277905279,-1.021715702837249,1.1169757143325463,-0.018628764280203457
-1.5920279176719048,-0.15937382068383474,0.6389241447494645,0.43052191236694404,0.558133371300906
-1.4198559493044438,0.2561594150183963,-1.0705580512956816,0.6450387254811948,-0.4130709542672844
-0.6081880984292706,-0.8519292135208865,0.6389241447494645,0.044391648761292535,1.5083007800697856
0.670803666586154,1.5027591221250893,-0.0937110821270267,0.40907023105551865,-0.3078863702707295
-0.5835921029482046,-0.02086274211642439,0.8831358870416283,0.9453622638411455,0.7439594696948197
-1.0017240261263243,-1.6829956849253485,0.73660884166633,0.43052191236694404,0.10233350731583471
-1.542835926709773,-0.29788489925124506,0.9808205839584937,1.2242341208896717,0.30569036970917424
-0.8049560622777974,1.3642480435576791,-1.1194003997541144,0.9239105825297209,-0.12731950107664355
-0.6327840939103364,-1.4059735277905279,-1.2170850966709799,0.34471518712124405,0.0742842849167534
0.17888375696483683,-1.5444846063579383,0.5900817962910317,1.0740723517096964,0.12687657691503085
-1.690411899596168,1.2257369649902687,1.0296629324169264,0.7522971320383202,-0.3780094262684328
0.646207671105088,0.2561594150183963,-0.6309769151697869,1.2671374835125218,-0.7426493174564899
0.15428776148377096,-0.9904402920882969,-0.2890804759607577,0.5806836815469194,0.2566042305107819
-0.3376321481375461,-0.8519292135208865,-0.8751886574619506,0.36616686843266866,0.21277732051221737
0.7199956575482857,-1.2674624492231175,-0.6798192636282196,-1.2641609112356367,1.301437764876561
-0.48520812102394123,-1.1289513706557073,1.1761899777922247,0.6664904067926202,1.0980809024832214
1.138127580726405,0.6716926507206273,1.4204017200843884,0.5806836815469194,2.744219642029306
0.15428776148377096,0.39467049358580664,-0.24023812750232493,0.9239105825297209,0.6159848924990112
1.2119155671696027,-0.15937382068383474,1.127347629333792,0.3018118244983933,3.445450202006339
-1.5182399312287072,-1.2674624492231175,0.44355475091573354,0.6879420881040448,2.9177742056236218
-1.715007895077234,-1.6829956849253485,1.7134558108349849,0.7308454507268948,1.7642499344614024
-1.3214719673801802,1.3642480435576791,0.345870053998868,1.5460093405610487,-0.7075877894576382
-1.050916017088456,-0.29788489925124506,-0.8751886574619506,1.245685802201097,-0.1904302514745765
0.7937836439914832,0.39467049358580664,-1.0705580512956816,0.1301983740069933,1.6310161280657662
0.670803666586154,1.5027591221250893,0.541239447832599,1.1169757143325463,1.7221761008627805
-1.6166239131529705,-1.6829956849253485,-0.4356075213360559,0.9668139451525709,-0.2482817726726817
-1.542835926709773,-0.9904402920882969,0.44355475091573354,1.2242341208896717,0.2706288417103226
0.9659556123589442,1.6412702006924997,0.24818535708200254,0.9453622638411455,0.9666001724875277
1.4578755219802613,0.948714807855448,0.39471240245730077,0.6021353628583448,-0.09401104947773449
1.0889355897642734,-0.7134181349534762,-0.4844498697944887,1.8034295162981486,-0.7531677758561454
-0.4606121255428754,1.5027591221250893,0.24818535708200254,0.6021353628583448,2.116618290849862
-1.6412199086340364,-0.4363959778186554,1.5669287654596866,2.23246314252665,-0.8793892766520113
1.138127580726405,-0.7134181349534762,0.49239709937416626,-0.7278688784500097,2.7862934756279283
0.22807574792696855,-1.2674624492231175,0.5900817962910317,0.9239105825297209,-0.011616458680433128
-1.3214719673801802,-1.6829956849253485,-1.5101391874215764,0.1301983740069933,2.505801251637115
0.2772677388891002,-1.6829956849253485,-0.8751886574619506,0.06584333007271792,3.1877479712147796
-1.3214719673801802,0.39467049358580664,1.6157711139181195,1.2885891648239471,-0.03791260467957186
-0.9279360396831267,1.3642480435576791,-0.9240310059203835,0.516328637612644,0.17771579251336575
0.44943970725656124,1.5027591221250893,-1.021715702837249,1.4387509340039233,-0.7969946858547099
-1.2968759718991145,0.948714807855448,1.322717023167523,0.5806836815469194,0.004161228919050111
-0.31303615265648027,1.2257369649902687,-0.2890804759607577,1.009717307775421,-0.3306763634699831
1.3102995490938663,-0.8519292135208865,-0.3379228244191904,0.6879420881040448,0.36354189090727945
-1.4690479402665755,0.39467049358580664,-0.5821345667113542,0.40907023105551865,2.7354542600295932
-1.2476839809369829,-1.1289513706557073,1.4692440685428212,0.47342527498979403,-0.07823336187825125
0.22807574792696855,-0.02086274211642439,1.0785052808753592,0.7093937694154702,-0.05894952147888285
-1.0755120125695217,-0.29788489925124506,-0.14255343058545944,0.5592320002354948,0.5300841489018248
0.9413596168778784,0.39467049358580664,0.49239709937416626,1.9750429667895502,-0.8250439082537913
-1.1492999990127193,-0.9904402920882969,0.2970277055404353,1.245685802201097,-0.5901316706614852
-0.38682413909967783,-0.8519292135208865,-0.6309769151697869,1.8892362415438486,-0.5182555382638393
-0.6327840939103364,-0.5749070563860658,0.73660884166633,0.5592320002354948,-0.16764025827532295
-0.19005617525115098,-0.02086274211642439,-1.3636121420462781,0.7522971320383202,-0.1711464110752081
-1.050916017088456,-0.02086274211642439,0.05281596324827154,2.23246314252665,-0.53228014946338
-0.31303615265648027,0.2561594150183963,-1.2659274451294127,0.7522971320383202,0.2583573069107245
0.9659556123589442,1.5027591221250893,0.8831358870416283,0.32326350580981866,0.9893901656867813
0.49863169821869296,-0.4363959778186554,0.24818535708200254,0.8381038572840201,0.20050578571261932
0.5478236891808247,0.948714807855448,0.9808205839584937,-1.2212575486127866,0.5230718433020544
-0.31303615265648027,0.39467049358580664,-1.5589815358800092,1.3100408461353725,-0.5550701426626335
0.5478236891808247,0.533181572153217,-1.2170850966709799,0.34471518712124405,2.807330392427239
1.162723576207471,1.6412702006924997,1.1761899777922247,0.23745678056411867,0.2706288417103226
1.0643395942832077,-0.8519292135208865,1.4204017200843884,0.08729501138414254,1.44343695327191
1.334895544574932,0.2561594150183963,1.5669287654596866,0.34471518712124405,-0.35171328026929405
-0.3376321481375461,-1.5444846063579383,-0.0937110821270267,2.0393980107238248,-0.6585016502592459
0.08049977504057342,0.11764833645098596,-1.168242748212547,-0.6206104718928843,0.407368800905844
-0.7557640713156657,-0.7134181349534762,-1.6078238843384418,0.32326350580981866,2.090322144850723
0.670803666586154,1.5027591221250893,1.27387467470909,0.8166521759725955,-0.4060586486675141
0.44943970725656124,1.0872258864228583,0.05281596324827154,-1.7146462187755636,2.8108365452271245
-1.5920279176719048,-0.29788489925124506,0.05281596324827154,1.0955240330211218,0.8386255952917192
-1.02632002160739,0.2561594150183963,0.7854511901247627,-0.2344802082872336,0.9560817140878722
-0.4606121255428754,1.5027591221250893,-0.04486873366859395,0.32326350580981866,0.08655581971635147
-1.690411899596168,-1.2674624492231175,1.27387467470909,0.1945534179412679,0.20050578571261932
1.6054514948666565,-0.4363959778186554,0.7854511901247627,2.0393980107238248,-0.7461554702563751
1.334895544574932,0.2561594150183963,-0.14255343058545944,1.052620670398271,-0.09401104947773449
0.7445916530293515,0.948714807855448,0.8342935385831954,0.38761854974409404,2.2516051736454408
-1.5674319221908388,-1.1289513706557073,-0.04486873366859395,1.6961711097410233,-0.5726009066620594
1.5562595039045246,1.6412702006924997,-0.4844498697944887,-0.3202869335329336,2.5250850920364836
-0.43601613006180956,-1.4059735277905279,1.2250323262506575,0.34471518712124405,0.3950972661062459
0.2526717434080344,0.533181572153217,1.4692440685428212,0.6235870441697694,0.9701063252874128
0.7937836439914832,-0.7134181349534762,1.3715593716259558,0.8381038572840201,0.973612478087298
0.2772677388891002,-1.4059735277905279,0.24818535708200254,0.8810072199068709,0.3302334393083704
1.5562595039045246,1.2257369649902687,1.127347629333792,1.1813307582668218,-0.5726009066620594
0.17888375696483683,0.6716926507206273,-0.04486873366859395,1.331492527446797,-0.5585762954625187
-0.6327840939103364,1.0872258864228583,0.541239447832599,2.0393980107238248,-0.7303777826568918
0.6216116756240222,-0.02086274211642439,-1.3147697935878453,0.36616686843266866,2.0412360056523307
0.2034797524459027,-0.9904402920882969,-0.3379228244191904,0.38761854974409404,0.2881596057097484
-0.21465217073221685,0.39467049358580664,0.7854511901247627,0.40907023105551865,0.8789463524903985
-1.3460679628612462,-1.5444846063579383,-0.9240310059203835,1.1384273956439717,0.25309807771089676
0.4248437117754954,0.11764833645098596,0.1993430086235698,-1.371419317792762,2.132395978449345
-1.5674319221908388,-1.5444846063579383,-0.5821345667113542,1.331492527446797,-0.38151557906831796
-0.9771280306452583,-1.2674624492231175,-0.0937110821270267,1.3529442087582224,-0.04843106307922735
0.5970156801429564,0.11764833645098596,-1.3147697935878453,0.23745678056411867,2.4058758968403877
1.6300474903477222,-1.6829956849253485,1.3715593716259558,2.0823013733466755,-0.8653646654524706
-1.198491989974851,1.3642480435576791,1.4204017200843884,0.7522971320383202,1.5959546000669147
0.8675716304346808,-1.4059735277905279,0.003973614789838794,0.7522971320383202,0.7474656224947049
-1.5182399312287072,1.5027591221250893,-0.8751886574619506,0.6450387254811948,1.9027429700568668
0.8675716304346808,-0.29788489925124506,0.541239447832599,0.10874669269556791,1.3364992928754125
1.507067512942393,-0.9904402920882969,-1.7055085812553072,0.6664904067926202,0.3021842169092891
0.4740357027376271,-1.2674624492231175,0.1016583117067043,1.2027824395782472,-0.3972932666678012
0.8921676259157466,-0.15937382068383474,-1.0705580512956816,1.6103643844953233,-0.6479831918595904
0.7691876485104173,1.2257369649902687,-0.9240310059203835,0.4519735936783694,-0.0729741326784235
-0.41142013458074367,-1.2674624492231175,0.5900817962910317,1.0955240330211218,-0.6427239626597627
-1.3214719673801802,-1.5444846063579383,0.1993430086235698,0.6235870441697694,0.30569036970917424
-0.19005617525115098,-1.6829956849253485,-0.14255343058545944,0.8381038572840201,0.06727197931698306
1.2119155671696027,0.6716926507206273,0.6877664932078973,0.47342527498979403,0.449442634504466
0.8429756349536149,-1.2674624492231175,0.1993430086235698,0.38761854974409404,-0.029147222679858947
-0.5835921029482046,-1.1289513706557073,0.44355475091573354,0.6450387254811948,0.0742842849167534
0.10509577052163926,-1.1289513706557073,0.003973614789838794,-0.01996339517298284,2.572418154834933
-1.6658159041151024,-0.5749070563860658,0.7854511901247627,0.6021353628583448,-0.2605533074722798
0.3018637343701661,0.8102037292880377,-1.021715702837249,1.245685802201097,-0.6988224074579253
-0.2392481662132827,0.533181572153217,-0.6309769151697869,1.0955240330211218,1.5328438496689818
-0.6573800893914022,1.3642480435576791,-1.2170850966709799,0.5377803189240694,0.19699963291273415
1.3102995490938663,-0.15937382068383474,0.1016583117067043,0.08729501138414254,2.1902474996474504
0.9413596168778784,-1.2674624492231175,0.9808205839584937,0.38761854974409404,0.11986427131526053
-1.1247040035316536,-0.02086274211642439,-1.412454490504711,0.08729501138414254,0.6440341148980926
-0.26384416169434854,-1.4059735277905279,-0.24023812750232493,1.2671374835125218,-0.5217616910637245
0.12969176600270513,-0.5749070563860658,0.39471240245730077,-0.19157684566438285,-0.5340332258633226
1.2119155671696027,0.39467049358580664,0.73660884166633,-0.2559318895986582,-0.7514146994562028
-1.0755120125695217,-0.02086274211642439,-1.6566662327968746,0.38761854974409404,-1.0932645974450064
-1.5182399312287072,1.3642480435576791,-0.04486873366859395,0.23745678056411867,-0.9758084786488532
-1.542835926709773,-1.5444846063579383,1.127347629333792,-1.371419317792762,-0.030900299079801533
-0.09167219332688757,0.948714807855448,0.73660884166633,-0.9852890541871112,-0.6812916434584995
-0.09167219332688757,-0.29788489925124506,-1.3147697935878453,-0.3631902961557836,-0.6357116570599923
-1.690411899596168,0.39467049358580664,0.2970277055404353,-1.4572260430384627,0.20927116771233223
0.5970156801429564,0.11764833645098596,1.4692440685428212,-0.6849655158271597,0.39159111330636076
0.7937836439914832,0.2561594150183963,-0.6309769151697869,0.6664904067926202,-1.0336599998469584
-0.878744048720995,-0.8519292135208865,-0.8751886574619506,0.02293996744986792,-1.073980757045638
-0.01788420688369001,0.39467049358580664,0.1993430086235698,0.8166521759725955,-1.031906923447016
-0.43601613006180956,-0.02086274211642439,-1.412454490504711,-0.14867348304153283,-0.4744286282652748
-0.362228143618612,-1.5444846063579383,-1.7055085812553072,0.08729501138414254,-1.1230668962440302
1.4086835310181296,-0.5749070563860658,0.39471240245730077,-0.1701251643529582,-0.8057600678544228
0.6216116756240222,-0.15937382068383474,-0.24023812750232493,-0.6420621532043097,-0.6655139558590163
0.2772677388891002,-0.8519292135208865,0.1016583117067043,-0.2130285269758082,-0.2868494534714185
1.2611075581317344,0.8102037292880377,-0.4356075213360559,-0.3202869335329336,-0.7479085466563176
1.0643395942832077,-0.02086274211642439,-0.7775039605450852,-0.42754534009005896,-0.9179569574507481
1.7038354767909198,-1.4059735277905279,-1.6566662327968746,-0.7064171971385851,-0.8110192970542506
1.3102995490938663,-0.5749070563860658,1.322717023167523,-0.49190038402433434,-0.3271702106700979
-1.4198559493044438,-0.29788489925124506,-1.2659274451294127,0.28036014318696867,-1.0143761594475902
-1.6166239131529705,-0.8519292135208865,-1.6566662327968746,0.7737488133497455,-1.0143761594475902
-1.050916017088456,-0.5749070563860658,0.15050066016513702,-0.2988352522215082,-0.884648505851839
1.015147603321076,0.6716926507206273,0.931978235500061,-1.4572260430384627,-0.2886025298713611
0.5232276936997589,1.2257369649902687,0.05281596324827154,-0.8565789663185605,-0.830303137453619
0.2772677388891002,-1.6829956849253485,0.7854511901247627,-0.6420621532043097,-0.7724516162555137
-0.38682413909967783,0.6716926507206273,-1.5589815358800092,0.10874669269556791,-0.8408215958532744
1.334895544574932,0.2561594150183963,1.6157711139181195,-3.023198778772493,-0.034406451879686696
-0.042480202364755866,-1.6829956849253485,1.2250323262506575,-0.34173861484435897,-0.3780094262684328
-1.2968759718991145,0.39467049358580664,-0.14255343058545944,-0.6420621532043097,0.26536961251049485
1.6300474903477222,0.11764833645098596,-1.1194003997541144,-2.8515853282810926,0.11986427131526053
1.5316635084234589,-0.15937382068383474,-0.3867651728776232,0.1301983740069933,-1.1002769030447765
0.2034797524459027,-0.9904402920882969,0.931978235500061,-0.3631902961557836,-0.6988224074579253
0.10509577052163926,0.8102037292880377,-1.1194003997541144,0.06584333007271792,-0.9214631102506332
-0.9771280306452583,0.6716926507206273,-1.2170850966709799,-1.3070642738584874,-0.1728994874751507
-1.3460679628612462,-1.4059735277905279,1.322717023167523,0.9024589012182955,-1.0809930626454083
1.679239481309854,-0.15937382068383474,-0.9240310059203835,0.34471518712124405,-1.098523826644834
1.1135315852453394,1.0872258864228583,-0.2890804759607577,-0.6635138345157351,-0.7058347130576956
1.4824715174613272,0.533181572153217,0.49239709937416626,-2.358196658118316,-0.13608488307635647
0.15428776148377096,-1.5444846063579383,0.49239709937416626,-0.7922239223842851,0.042728909717786916
-0.2392481662132827,-1.2674624492231175,1.3715593716259558,-0.8351272850071351,-0.8478339014530448
0.5724196846618905,-0.02086274211642439,1.2250323262506575,-0.1701251643529582,-0.8390685194533318
-1.4444519447855095,1.3642480435576791,-1.5589815358800092,-0.8994823289414104,-0.5796132122618297
0.12969176600270513,-0.8519292135208865,0.931978235500061,-0.2988352522215082,-0.7444023938564325
-0.6327840939103364,-0.8519292135208865,1.2250323262506575,-0.8780306476299858,0.3372457449081407
-1.2968759718991145,0.948714807855448,1.6646134623765523,-0.04141507648440746,-0.7268716298570066
1.4578755219802613,1.5027591221250893,-0.6798192636282196,-0.2773835709100836,-0.11329488987710289
1.015147603321076,0.6716926507206273,-0.14255343058545944,-0.6635138345157351,0.11635811851537536
1.7038354767909198,-1.1289513706557073,0.1016583117067043,-0.6635138345157351,-0.16238102907549518
0.9659556123589442,0.8102037292880377,0.6877664932078973,-0.2559318895986582,0.26887576531038
-0.534400111986073,-0.7134181349534762,1.322717023167523,-0.2130285269758082,-0.7689454634556286
1.187319571688537,-0.29788489925124506,-1.412454490504711,0.044391648761292535,-0.7636862342558008
0.2772677388891002,-1.2674624492231175,0.39471240245730077,-1.7146462187755636,-0.22724485587337073
-1.4198559493044438,-1.6829956849253485,1.0296629324169264,-2.25093825156119,0.4108749537057292
-0.9279360396831267,-1.1289513706557073,1.518086417001254,-0.47044870271290895,-0.6024032054610833
-1.1247040035316536,1.6412702006924997,-0.5821345667113542,-1.4357743617270373,-0.09050489667784932
-0.4606121255428754,0.948714807855448,-0.9728733543788162,0.38761854974409404,-0.9354877214501739
0.7937836439914832,-0.15937382068383474,-0.0937110821270267,-1.4572260430384627,0.5055410793026286
-1.6658159041151024,0.948714807855448,0.73660884166633,-0.7064171971385851,-0.7391431646566047
-1.5920279176719048,1.2257369649902687,0.24818535708200254,-0.04141507648440746,-0.8583523598527003
-1.050916017088456,-1.1289513706557073,-0.6309769151697869,-0.9209340102528358,-0.3955401902678586
-1.3214719673801802,-0.7134181349534762,0.1016583117067043,0.34471518712124405,-1.0617092222460398
1.3102995490938663,-0.02086274211642439,-0.8751886574619506,-0.2773835709100836,-0.4007994194676864
-0.5098041165050071,0.2561594150183963,0.1016583117067043,-0.10577012041868285,-0.9179569574507481
0.2034797524459027,1.6412702006924997,-0.9240310059203835,-0.34173861484435897,-0.9004261934513222
1.2365115626506686,-1.4059735277905279,-0.2890804759607577,-0.7064171971385851,-0.5796132122618297
-0.8295520577588632,0.948714807855448,1.518086417001254,-0.49190038402433434,-0.6129216638607388
-0.3376321481375461,-0.7134181349534762,-1.6078238843384418,-1.2641609112356367,-0.3780094262684328
1.3840875355370637,0.39467049358580664,1.4692440685428212,-0.8565789663185605,-0.3482071274694089
1.162723576207471,0.2561594150183963,-1.0705580512956816,-0.01996339517298284,-0.9652900202491977
0.670803666586154,0.533181572153217,1.322717023167523,-0.7064171971385851,-0.5375393786632078
-0.042480202364755866,-0.02086274211642439,1.322717023167523,-0.10577012041868285,-0.7514146994562028
-0.3376321481375461,-0.15937382068383474,-0.2890804759607577,-0.14867348304153283,-0.6620078030591311
-0.9033400442020608,0.39467049358580664,0.49239709937416626,0.7308454507268948,-1.0950176738449489
-0.6081880984292706,0.8102037292880377,-1.6078238843384418,-1.4143226804156128,-0.7356370118567195
1.4332795264991955,1.0872258864228583,-0.0937110821270267,-1.1783541859899367,-0.6304524278601646
-1.5920279176719048,-1.5444846063579383,-1.5101391874215764,-0.9209340102528358,-0.7005754838578679
1.6054514948666565,1.6412702006924997,0.6877664932078973,-0.6635138345157351,-0.7514146994562028
0.7445916530293515,-1.1289513706557073,0.8831358870416283,-1.285612592547062,-0.5585762954625187
-0.48520812102394123,-0.02086274211642439,-0.8263463090035179,-1.0925474607442367,-0.07648028547830867
1.2365115626506686,1.2257369649902687,-0.8751886574619506,-0.5777071092700343,-0.6760324142586718
0.3018637343701661,0.39467049358580664,0.345870053998868,0.001488286138442538,-0.893413887851552
0.10509577052163926,-0.8519292135208865,0.1016583117067043,-0.1701251643529582,-0.027394146279916366
-1.5920279176719048,-0.02086274211642439,-1.0705580512956816,0.7737488133497455,-1.0248946178472456
0.32645972985123195,1.3642480435576791,-1.3636121420462781,-0.6849655158271597,-0.7636862342558008
-1.1247040035316536,1.6412702006924997,0.7854511901247627,-0.5562554279586097,-0.7146000950574085
-1.1492999990127193,-0.9904402920882969,0.39471240245730077,-0.3631902961557836,-0.2658125366721075
1.3840875355370637,-0.7134181349534762,-1.2659274451294127,-0.42754534009005896,0.35302343250762397
-1.0017240261263243,0.39467049358580664,-0.9728733543788162,-0.3202869335329336,-0.733883935456777
1.1135315852453394,0.8102037292880377,-1.0705580512956816,-0.34173861484435897,-0.3955401902678586
1.1135315852453394,-0.02086274211642439,-0.0937110821270267,-0.47044870271290895,-0.8145254498541358
1.138127580726405,-1.2674624492231175,0.2970277055404353,-0.2559318895986582,-0.9863269370485088
0.6953996620672198,0.6716926507206273,-1.5589815358800092,-0.19157684566438285,-0.2289979322733133
-0.9279360396831267,1.5027591221250893,-0.5821345667113542,-0.40609365877863357,0.26361653611055225
-0.7557640713156657,0.11764833645098596,1.3715593716259558,-0.7064171971385851,-0.7636862342558008
0.17888375696483683,-0.15937382068383474,1.322717023167523,-0.49190038402433434,0.28465345290986327
1.3840875355370637,-0.7134181349534762,-0.0937110821270267,0.1945534179412679,-1.0617092222460398
-0.01788420688369001,-1.6829956849253485,0.39471240245730077,0.6235870441697694,-1.098523826644834
-1.02632002160739,-0.7134181349534762,0.8342935385831954,-0.8565789663185605,0.4757387805036047
1.507067512942393,-0.7134181349534762,1.1761899777922247,-0.7278688784500097,-0.8601054362526429
0.9413596168778784,1.0872258864228583,-0.3867651728776232,-0.44899702140148434,-0.7601800814559156
-0.16546017977008515,1.0872258864228583,-0.9728733543788162,-0.34173861484435897,0.38983803690641816
0.12969176600270513,-1.5444846063579383,0.9808205839584937,-0.2988352522215082,-0.8618585126525854
-1.5920279176719048,-0.4363959778186554,-1.6078238843384418,-0.7064171971385851,-0.6970693310579827
0.08049977504057342,0.8102037292880377,1.6157711139181195,-0.2344802082872336,-0.8653646654524706
-0.9771280306452583,1.5027591221250893,-0.9240310059203835,0.1945534179412679,-1.1090422850444894
0.4002477162944295,0.11764833645098596,-1.0705580512956816,0.23745678056411867,-0.981067707848681
-1.4198559493044438,0.8102037292880377,-1.1194003997541144,0.28036014318696867,-1.0722276806456954
-0.534400111986073,-1.4059735277905279,0.345870053998868,-0.40609365877863357,-0.926722339450461
1.6300474903477222,-1.2674624492231175,1.3715593716259558,0.001488286138442538,-1.0827461390453508
-1.4198559493044438,-0.15937382068383474,-1.5589815358800092,-2.5727134712325666,-0.3692440442687199
0.031307784078441696,0.39467049358580664,-0.4844498697944887,-1.0925474607442367,-0.5936378234613704
1.015147603321076,-1.4059735277905279,-1.3636121420462781,-1.650291174841288,0.23556731371147094
1.162723576207471,-0.5749070563860658,0.73660884166633,-0.7922239223842851,-0.32191098147027014
0.7691876485104173,0.2561594150183963,-0.4356075213360559,0.8810072199068709,-1.0582030694461546
-0.19005617525115098,-1.6829956849253485,1.3715593716259558,-0.1701251643529582,-0.6690201086589014
1.2857035536128003,1.6412702006924997,-0.5821345667113542,-0.01996339517298284,-1.0406723054467288
0.8921676259157466,1.0872258864228583,1.322717023167523,-1.0925474607442367,0.407368800905844
0.17888375696483683,-0.5749070563860658,1.322717023167523,-0.7064171971385851,-0.8057600678544228
-0.16546017977008515,1.5027591221250893,-1.2170850966709799,-0.5348037466471843,-0.5638355246623465
1.2119155671696027,-0.4363959778186554,-0.9240310059203835,-0.34173861484435897,-0.8530931306528725
1.187319571688537,1.0872258864228583,-0.9728733543788162,-2.6156168338554164,-0.511243232664069
-1.5674319221908388,-1.4059735277905279,-0.9728733543788162,-1.0710957794328113,-0.0028510766807202173
-0.09167219332688757,-0.5749070563860658,-1.2170850966709799,-0.40609365877863357,-0.3271702106700979
-0.09167219332688757,0.948714807855448,0.44355475091573354,-0.5991587905814597,-0.5761070594619445
0.7691876485104173,-0.02086274211642439,0.8831358870416283,0.9453622638411455,-0.9863269370485088
-0.06707619784582172,1.5027591221250893,1.3715593716259558,-1.9720663945126642,0.10759273651566245
1.162723576207471,1.0872258864228583,0.003973614789838794,-0.2344802082872336,-0.7601800814559156
-0.06707619784582172,0.2561594150183963,-1.6566662327968746,-1.4143226804156128,0.46872647490383434
1.2119155671696027,-1.6829956849253485,-0.6798192636282196,-0.2559318895986582,-0.9530184854495997
1.7038354767909198,-0.15937382068383474,-0.7775039605450852,-1.6717428561527135,-0.7005754838578679
0.49863169821869296,1.0872258864228583,1.127347629333792,-0.47044870271290895,-0.830303137453619
-0.6573800893914022,1.6412702006924997,-1.1194003997541144,-0.7064171971385851,-0.7514146994562028
1.334895544574932,-0.02086274211642439,-1.412454490504711,-0.513352065335759,-0.14835641787595452
-1.3952599538233779,1.0872258864228583,-1.021715702837249,0.06584333007271792,-0.7023285602578104
-0.5589961074671388,0.6716926507206273,0.003973614789838794,-1.1569025046785113,0.36003573810739425
-0.11626818880795343,-1.5444846063579383,0.24818535708200254,-0.47044870271290895,-0.3990463430677438
1.0889355897642734,-1.2674624492231175,-1.5589815358800092,-2.358196658118316,-0.6742793378587292
-1.4444519447855095,1.5027591221250893,0.1993430086235698,-1.650291174841288,-0.5375393786632078
-0.06707619784582172,-0.9904402920882969,1.6646134623765523,0.8166521759725955,-0.9512654090496572
1.2119155671696027,1.5027591221250893,0.73660884166633,-2.315293295495466,-0.7216124006571789
-1.3460679628612462,0.6716926507206273,-0.2890804759607577,-0.38464197746720896,-0.7812169982552266
1.6054514948666565,-0.5749070563860658,-0.9728733543788162,-0.40609365877863357,-0.649736268259533
1.679239481309854,-1.6829956849253485,0.6877664932078973,0.02293996744986792,-0.8127723734541932
0.031307784078441696,1.6412702006924997,-1.2170850966709799,-1.9506147132012397,0.3793195785067627
-1.6658159041151024,-1.6829956849253485,0.7854511901247627,-0.6635138345157351,-0.7514146994562028
-0.31303615265648027,0.6716926507206273,-0.2890804759607577,-0.2344802082872336,-0.7794639218552841
-0.362228143618612,-0.4363959778186554,-0.7286616120866524,-0.3631902961557836,-0.4954655450645858
0.8429756349536149,-1.2674624492231175,1.0296629324169264,-0.3631902961557836,-0.29386175907118883
1.4824715174613272,-1.6829956849253485,-1.412454490504711,0.1301983740069933,-1.052943840246327
1.2119155671696027,0.6716926507206273,-0.7775039605450852,-0.8994823289414104,0.35127035610768137
-0.06707619784582172,-0.4363959778186554,0.1016583117067043,-0.47044870271290895,-0.8583523598527003
1.0643395942832077,1.0872258864228583,-1.168242748212547,-0.2988352522215082,-0.8618585126525854
0.670803666586154,0.39467049358580664,0.8342935385831954,-0.5777071092700343,-0.5918847470614278
0.670803666586154,-0.15937382068383474,1.5669287654596866,0.7093937694154702,-1.1213138198440875
0.5478236891808247,1.3642480435576791,-1.1194003997541144,-2.915940372215368,-0.6059093582609685
1.0889355897642734,-0.8519292135208865,1.2250323262506575,0.8810072199068709,-1.0354130762469012
0.5232276936997589,-0.15937382068383474,0.345870053998868,-0.38464197746720896,-0.7514146994562028
0.8921676259157466,1.6412702006924997,-1.412454490504711,-0.6849655158271597,0.738700240494992
1.2611075581317344,-0.4363959778186554,-1.7055085812553072,-0.01996339517298284,-1.0389192290467861
-1.0017240261263243,-0.5749070563860658,0.5900817962910317,-0.1701251643529582,-0.47618170466521736
1.2119155671696027,-1.1289513706557073,0.73660884166633,-0.7707722410728605,-0.221985626673543
1.2857035536128003,-1.5444846063579383,-0.4844498697944887,-0.12722180173010822,-0.5585762954625187
-1.1738959944937852,-1.1289513706557073,0.003973614789838794,-0.44899702140148434,-0.6427239626597627
0.3018637343701661,-0.29788489925124506,1.1761899777922247,-0.42754534009005896,-0.6865508726583273
1.507067512942393,-1.4059735277905279,0.24818535708200254,-0.19157684566438285,-0.4428732530663083
0.2526717434080344,0.39467049358580664,1.4692440685428212,-0.44899702140148434,-0.6883039490582699
-1.0017240261263243,-1.6829956849253485,0.24818535708200254,-0.44899702140148434,-0.6374647334599349
-0.43601613006180956,0.11764833645098596,-1.1194003997541144,-0.1701251643529582,0.33549266850819814
-0.26384416169434854,0.948714807855448,0.003973614789838794,-2.4869067459868663,-0.6760324142586718
-0.3376321481375461,0.2561594150183963,0.1993430086235698,0.1301983740069933,-1.0301538470470732
-0.7803600667967315,1.5027591221250893,1.27387467470909,-2.5512617899211416,0.23381423731152837
1.015147603321076,-0.4363959778186554,-1.5589815358800092,-2.7872302843468173,-0.19919563347428942
-0.5835921029482046,1.0872258864228583,1.1761899777922247,-0.9638373728756858,-0.7391431646566047
1.6054514948666565,0.2561594150183963,-0.4844498697944887,-0.01996339517298284,-1.0424253818466713
1.507067512942393,0.2561594150183963,-0.7286616120866524,-0.6849655158271597,-0.725118553457064
1.359491540055998,-1.5444846063579383,0.8342935385831954,-0.2559318895986582,-1.0143761594475902
0.3018637343701661,0.2561594150183963,1.5669287654596866,0.40907023105551865,-1.0476846110464992
-1.3952599538233779,-1.2674624492231175,0.1016583117067043,-0.2130285269758082,-0.7181062478572937
1.0643395942832077,-0.9904402920882969,-1.412454490504711,0.001488286138442538,-1.0389192290467861
-1.3706639583423121,-0.5749070563860658,0.1016583117067043,-0.42754534009005896,-0.49020631586475805
-0.26384416169434854,0.11764833645098596,0.6389241447494645,-0.1701251643529582,-0.7216124006571789
1.6300474903477222,-1.4059735277905279,0.1016583117067043,-0.42754534009005896,-0.7426493174564899
0.35105572533229784,1.2257369649902687,-0.6798192636282196,-0.10577012041868285,-0.21146716827388748
0.5232276936997589,-1.6829956849253485,0.5900817962910317,-2.336744976806891,0.36178881450733685
0.08049977504057342,-1.1289513706557073,-0.8263463090035179,-0.47044870271290895,-0.7391431646566047
-0.7311680758345999,-1.4059735277905279,-0.6798192636282196,-0.14867348304153283,-0.2658125366721075
-1.02632002160739,1.2257369649902687,-0.8263463090035179,-3.001747097461068,0.6913671776965423
-0.16546017977008515,1.2257369649902687,-0.4356075213360559,-0.6420621532043097,-0.29561483547113143
-1.2968759718991145,1.2257369649902687,0.44355475091573354,-0.3631902961557836,-0.5165024618638968
1.507067512942393,-0.4363959778186554,-0.24023812750232493,-0.14867348304153283,-0.9162038810508055
0.8921676259157466,-0.8519292135208865,0.8342935385831954,-0.19157684566438285,0.13739503531468636
-0.8049560622777974,-0.29788489925124506,-1.7055085812553072,-0.5562554279586097,-0.725118553457064
-1.4444519447855095,-0.9904402920882969,-0.4844498697944887,-0.9209340102528358,-0.8653646654524706
0.35105572533229784,-1.6829956849253485,-0.19139577904389218,-0.14867348304153283,-0.7128470186574659
0.49863169821869296,0.6716926507206273,-0.9728733543788162,-0.3202869335329336,-0.8653646654524706
1.3840875355370637,0.11764833645098596,-0.0937110821270267,-1.5001294056613128,-0.034406451879686696
-0.16546017977008515,-1.6829956849253485,-0.0937110821270267,-2.830133646969667,-0.13783795947629904
1.7038354767909198,1.5027591221250893,-1.2170850966709799,-0.2130285269758082,-0.7566739286560306
0.05590377955950755,1.5027591221250893,0.24818535708200254,-2.679971877789692,-0.5305270730634374
0.4002477162944295,0.948714807855448,0.9808205839584937,-0.3631902961557836,0.35302343250762397
0.05590377955950755,0.948714807855448,1.6646134623765523,-0.513352065335759,-0.616427816660624
0.08049977504057342,0.948714807855448,0.39471240245730077,-0.3631902961557836,-0.3552194330691792
-0.26384416169434854,1.3642480435576791,0.345870053998868,-0.42754534009005896,0.047988138917614664
-0.878744048720995,0.2561594150183963,-1.2170850966709799,-0.3202869335329336,-0.6988224074579253
0.5724196846618905,0.8102037292880377,-0.8751886574619506,-3.0661021413953433,-0.3078863702707295
-1.1738959944937852,-1.4059735277905279,0.541239447832599,-0.7493205597614351,-0.12556642467670096
-1.02632002160739,-0.9904402920882969,0.05281596324827154,0.8810072199068709,-1.073980757045638
1.0397435988021417,-0.8519292135208865,0.9808205839584937,-0.04141507648440746,-1.0494376874464417
1.4332795264991955,0.11764833645098596,-0.5332922182529214,-2.915940372215368,0.6598118024975758
-1.6658159041151024,-0.15937382068383474,-0.7775039605450852,-2.07932480106979,-0.42358941266693995
1.2857035536128003,0.6716926507206273,1.322717023167523,-0.3631902961557836,-1.0196353886474179
-1.2722799764180486,1.5027591221250893,-1.6566662327968746,0.4519735936783694,-0.9652900202491977
-1.1001080080505876,-1.5444846063579383,-0.0937110821270267,-0.06286675779583284,-1.0196353886474179
-0.534400111986073,0.6716926507206273,0.44355475091573354,-0.49190038402433434,-0.46215709346567674
-0.854148053239929,1.0872258864228583,0.003973614789838794,-0.40609365877863357,-0.9740554022489107
1.4332795264991955,1.5027591221250893,1.0785052808753592,-0.7707722410728605,0.42840571770515495
-0.3376321481375461,0.8102037292880377,-0.5332922182529214,-0.8136756036957105,-0.7408962410565473
1.2119155671696027,0.533181572153217,-0.4356075213360559,-0.7064171971385851,-0.6760324142586718
-0.16546017977008515,0.8102037292880377,1.4204017200843884,-0.9638373728756858,-0.7601800814559156
-1.1001080080505876,-1.1289513706557073,-0.5332922182529214,-0.8780306476299858,-0.13783795947629904
1.6546434858287882,-0.5749070563860658,-0.19139577904389218,-0.2130285269758082,-0.884648505851839
-0.6819760848724681,1.3642480435576791,1.2250323262506575,0.10874669269556791,-1.0406723054467288
-1.2476839809369829,-0.02086274211642439,-0.04486873366859395,0.06584333007271792,-0.4691693990654471
-0.31303615265648027,-0.02086274211642439,-0.8263463090035179,-0.6635138345157351,-0.34119482186963856
-0.11626818880795343,-0.4363959778186554,1.5669287654596866,0.10874669269556791,-0.7531677758561454
1.507067512942393,-1.4059735277905279,-0.5821345667113542,-0.40609365877863357,-0.758427005055973
0.5724196846618905,0.8102037292880377,-0.3867651728776232,-0.5777071092700343,0.2303080845116432
1.2119155671696027,-0.8519292135208865,1.6157711139181195,-0.7064171971385851,0.20927116771233223
1.162723576207471,-1.1289513706557073,0.15050066016513702,-1.0067407354985358,-0.3552194330691792
-1.715007895077234,-0.02086274211642439,1.4204017200843884,-2.143679845004065,-0.7601800814559156
-1.2722799764180486,-0.15937382068383474,-0.4844498697944887,-0.5348037466471843,-0.7899823802549396
0.8675716304346808,0.2561594150183963,-0.3867651728776232,-0.1701251643529582,-0.360478662269007
0.9167636213968124,-1.6829956849253485,-0.14255343058545944,-0.7922239223842851,-0.04492491027934219
0.7937836439914832,-1.5444846063579383,-1.0705580512956816,-0.5991587905814597,0.23732039011141354
0.4740357027376271,-0.02086274211642439,0.6389241447494645,-2.6585201964782668,-0.22724485587337073
-1.2476839809369829,0.948714807855448,-1.5101391874215764,0.1945534179412679,-1.0091169302477623
0.10509577052163926,-0.4363959778186554,-1.2170850966709799,-0.06286675779583284,-0.8022539150545377
0.9167636213968124,1.5027591221250893,0.05281596324827154,-0.1701251643529582,-0.6690201086589014
1.6546434858287882,1.2257369649902687,-1.168242748212547,0.08729501138414254,-0.6742793378587292
1.3840875355370637,-0.7134181349534762,-0.7775039605450852,-1.0925474607442367,-0.5796132122618297
-0.48520812102394123,-1.5444846063579383,0.44355475091573354,-1.1783541859899367,-0.7216124006571789
0.9413596168778784,1.3642480435576791,0.15050066016513702,0.47342527498979403,-1.0669684514458675
0.22807574792696855,0.39467049358580664,-1.1194003997541144,-0.5348037466471843,-0.46040401706573414
-0.43601613006180956,-0.15937382068383474,-1.6078238843384418,-0.34173861484435897,-0.511243232664069
0.5232276936997589,1.5027591221250893,-0.7286616120866524,-0.5348037466471843,-0.7952416094547673
1.162723576207471,0.2561594150183963,-0.7775039605450852,-0.47044870271290895,-0.6024032054610833
-0.28844015717541444,0.11764833645098596,-0.3379228244191904,-0.5348037466471843,-0.3078863702707295
-0.534400111986073,1.6412702006924997,0.7854511901247627,-0.8994823289414104,-0.09927027867756223
-0.16546017977008515,1.0872258864228583,1.0785052808753592,-0.513352065335759,-0.18517102227474874
-1.6166239131529705,0.533181572153217,-0.19139577904389218,-0.3631902961557836,-0.863611589052528
1.679239481309854,1.3642480435576791,-1.3636121420462781,-0.7493205597614351,-0.5270209202635523
1.679239481309854,-1.2674624492231175,1.518086417001254,-3.001747097461068,-0.4709224754653896
-1.3952599538233779,0.948714807855448,-1.2659274451294127,-1.9720663945126642,-0.16939333467526552
-0.4606121255428754,-0.02086274211642439,-0.14255343058545944,-0.08431843910725746,-0.8180316026540209
-0.8049560622777974,1.5027591221250893,-1.5589815358800092,-1.1569025046785113,-0.4165771070671696
0.49863169821869296,0.11764833645098596,1.2250323262506575,-0.3631902961557836,-0.5673416774622316
1.4086835310181296,1.3642480435576791,-0.8751886574619506,-0.49190038402433434,-0.14485026507606938
-1.198491989974851,0.39467049358580664,-1.5101391874215764,-0.2344802082872336,0.3582826617074517
-0.5098041165050071,0.11764833645098596,-0.24023812750232493,-3.0875538227067683,-0.08173951467813641
0.2772677388891002,-0.15937382068383474,0.05281596324827154,-0.40609365877863357,-0.7724516162555137
-0.7803600667967315,-0.7134181349534762,1.2250323262506575,-0.5562554279586097,-0.7759577690553989
-0.6327840939103364,0.948714807855448,0.6389241447494645,-0.01996339517298284,-0.7391431646566047
-0.9279360396831267,-1.6829956849253485,-1.2170850966709799,0.08729501138414254,-0.7934885330548247
-0.5589961074671388,-0.02086274211642439,1.5669287654596866,-0.7064171971385851,-0.565588601062289
0.49863169821869296,1.5027591221250893,-0.8263463090035179,-0.34173861484435897,-0.830303137453619
-1.1247040035316536,-0.9904402920882969,0.003973614789838794,0.2160050992526933,-1.052943840246327
0.5478236891808247,1.3642480435576791,-0.8751886574619506,-1.0925474607442367,-0.5866255178616001
0.9413596168778784,1.2257369649902687,-0.9728733543788162,-0.2988352522215082,-0.17640564027503586
-0.01788420688369001,0.39467049358580664,0.24818535708200254,-0.8565789663185605,-0.9582777146494275
-1.3952599538233779,-0.02086274211642439,-1.0705580512956816,-0.7064171971385851,-0.43235479466665283
0.031307784078441696,0.11764833645098596,1.127347629333792,-0.9209340102528358,-0.4831940102649877
-1.715007895077234,1.5027591221250893,1.4204017200843884,0.32326350580981866,-1.044178458246614
1.2857035536128003,0.8102037292880377,-1.5101391874215764,0.6021353628583448,-0.9915861662483365
1.3840875355370637,0.948714807855448,-1.5589815358800092,-0.6849655158271597,-0.8373154430533893
1.1135315852453394,0.11764833645098596,0.1016583117067043,-0.5991587905814597,-0.6041562818610259
-0.6573800893914022,-0.8519292135208865,-0.2890804759607577,0.1516500553184179,-1.0371661526468436
-0.41142013458074367,-0.02086274211642439,-1.7055085812553072,-0.49190038402433434,-0.863611589052528
-1.3952599538233779,-0.8519292135208865,-1.7055085812553072,-0.5562554279586097,0.05500044451738499
-0.534400111986073,-0.15937382068383474,0.73660884166633,-0.3631902961557836,-0.830303137453619
-0.878744048720995,-0.4363959778186554,1.0785052808753592,-0.5777071092700343,-0.5305270730634374
0.031307784078441696,0.6716926507206273,0.15050066016513702,-1.0281924168099612,-0.01336953508037571
-0.43601613006180956,-1.1289513706557073,0.39471240245730077,-2.8730370095925175,-0.23601023787308364
-0.01788420688369001,-0.02086274211642439,-0.3379228244191904,-0.42754534009005896,-0.8583523598527003
0.22807574792696855,-0.5749070563860658,-0.5332922182529214,-1.0067407354985358,0.19699963291273415
1.6300474903477222,-1.1289513706557073,-0.3379228244191904,0.08729501138414254,-0.863611589052528
0.10509577052163926,-0.02086274211642439,0.345870053998868,-2.4011000207411657,-0.7391431646566047
-1.2476839809369829,0.533181572153217,-0.6309769151697869,0.28036014318696867,-1.1090422850444894
0.6953996620672198,0.948714807855448,1.518086417001254,0.8166521759725955,-1.0494376874464417
0.2772677388891002,-1.1289513706557073,-0.19139577904389218,-0.6635138345157351,-0.8075131442543654
-1.3460679628612462,-0.7134181349534762,1.0785052808753592,-0.3631902961557836,-0.9039323462512074
0.4002477162944295,-0.29788489925124506,-1.168242748212547,0.2589084618755433,-1.010870006647705
1.7038354767909198,-0.29788489925124506,0.2970277055404353,-3.001747097461068,-0.5690947538621742
-0.8295520577588632,1.6412702006924997,1.322717023167523,-0.2344802082872336,-0.809266220654308
-0.11626818880795343,-0.29788489925124506,-0.8263463090035179,-0.2559318895986582,-0.28159022427159075
-1.4690479402665755,-1.5444846063579383,-0.04486873366859395,-0.8780306476299858,-0.12907257747658613
0.9413596168778784,-1.2674624492231175,0.05281596324827154,-0.3202869335329336,-0.8197846790539635
-0.6573800893914022,1.5027591221250893,-0.7775039605450852,-0.2988352522215082,-0.6479831918595904
0.9413596168778784,1.6412702006924997,-0.4844498697944887,-0.6206104718928843,-0.7566739286560306
0.12969176600270513,-1.1289513706557073,1.0296629324169264,1.1813307582668218,-0.1728994874751507
0.5970156801429564,-0.9904402920882969,-0.7286616120866524,0.8166521759725955,0.018185840118590767
-0.01788420688369001,-1.1289513706557073,0.9808205839584937,2.103753054658099,-0.6549954974593608
-1.3952599538233779,-1.6829956849253485,-0.5821345667113542,-1.6073878122184382,-0.6129216638607388
0.670803666586154,-1.2674624492231175,1.7134558108349849,0.7093937694154702,-0.28159022427159075
0.9413596168778784,-0.4363959778186554,-1.3636121420462781,-0.2130285269758082,-0.06596182707865317
-1.1492999990127193,-0.4363959778186554,-0.4356075213360559,-0.5348037466471843,-0.9319815686502887
-1.198491989974851,1.0872258864228583,-0.14255343058545944,0.02293996744986792,2.1920005760473926
1.7038354767909198,0.39467049358580664,-1.4612968389631436,-0.3631902961557836,-0.5813662886617723
0.4248437117754954,-0.9904402920882969,0.1993430086235698,-0.38464197746720896,-0.7847231510551118
-0.878744048720995,-1.1289513706557073,0.49239709937416626,-0.34173861484435897,-0.7444023938564325
0.3018637343701661,1.5027591221250893,-1.412454490504711,-2.143679845004065,0.05500044451738499
-1.2476839809369829,-1.1289513706557073,-0.7286616120866524,-0.01996339517298284,0.4161341829055569
1.3102995490938663,-0.8519292135208865,1.322717023167523,-0.49190038402433434,-0.830303137453619
0.2526717434080344,0.11764833645098596,0.931978235500061,-0.10577012041868285,-0.9337346450502313
-1.4444519447855095,0.533181572153217,-0.24023812750232493,0.001488286138442538,-0.9389938742500591
0.5724196846618905,1.5027591221250893,1.1761899777922247,-0.6420621532043097,-0.7777108454553415
0.2034797524459027,0.533181572153217,0.1016583117067043,-0.2988352522215082,-0.47618170466521736
0.08049977504057342,-1.2674624492231175,1.6646134623765523,0.8595555385954455,0.08480274331640889
0.7199956575482857,0.948714807855448,0.24818535708200254,0.9453622638411455,0.15317272291416958
-0.11626818880795343,0.11764833645098596,1.3715593716259558,1.7605261536752994,-0.6865508726583273
0.8183796394725491,-1.4059735277905279,1.0785052808753592,0.8595555385954455,0.3828257313066478
-0.8049560622777974,-0.02086274211642439,-1.2170850966709799,0.8810072199068709,0.16544425771376767
1.5808554993855906,-0.7134181349534762,1.0296629324169264,-0.40609365877863357,-0.9740554022489107
1.0889355897642734,0.11764833645098596,-0.5332922182529214,0.7308454507268948,0.6107256632991835
-1.5182399312287072,1.0872258864228583,1.0785052808753592,1.2885891648239471,-0.8075131442543654
1.6300474903477222,1.6412702006924997,0.05281596324827154,-1.0710957794328113,-0.4639101698656193
1.162723576207471,1.2257369649902687,-0.3379228244191904,-2.915940372215368,0.025198145718361094
-0.06707619784582172,-0.7134181349534762,-0.7775039605450852,0.7522971320383202,2.2936790072440627
-0.6081880984292706,-0.15937382068383474,-1.2170850966709799,-0.40609365877863357,-0.9337346450502313
0.3018637343701661,-0.29788489925124506,0.24818535708200254,-3.023198778772493,-0.6725262614587866
1.334895544574932,-0.4363959778186554,1.0296629324169264,0.43052191236694404,0.19699963291273415
-1.0755120125695217,0.8102037292880377,0.1016583117067043,-1.1569025046785113,-0.22724485587337073
-0.5589961074671388,1.2257369649902687,1.7134558108349849,0.8595555385954455,0.9105017276893651
-0.9033400442020608,-0.7134181349534762,-0.3867651728776232,-0.42754534009005896,-0.6444770390597052
0.8921676259157466,-0.02086274211642439,-0.0937110821270267,0.5806836815469194,2.076297533651182
1.3102995490938663,-0.5749070563860658,1.3715593716259558,0.8595555385954455,0.10058043091589212
-1.4936439357476412,-1.6829956849253485,-1.0705580512956816,0.9882656264639963,1.5205723148693837
-0.854148053239929,-0.15937382068383474,-0.24023812750232493,-1.907711350578389,0.6159848924990112
0.3756517208133637,-0.4363959778186554,-1.1194003997541144,-1.1569025046785113,-0.6024032054610833
-0.8049560622777974,-1.4059735277905279,-0.9240310059203835,0.5592320002354948,2.6109858356336697
-1.3952599538233779,0.11764833645098596,1.322717023167523,-0.06286675779583284,2.1779759648478523
0.9413596168778784,-0.7134181349534762,0.003973614789838794,-0.44899702140148434,3.0439957064194876
-0.06707619784582172,1.5027591221250893,0.73660884166633,2.103753054658099,-0.7093408658575808
-1.6166239131529705,1.2257369649902687,0.003973614789838794,-1.907711350578389,1.955335262055144
-0.16546017977008515,0.8102037292880377,-0.19139577904389218,-1.3928709991041874,0.6843548720967719
-1.4198559493044438,1.0872258864228583,-0.0937110821270267,1.8892362415438486,-0.5673416774622316
0.5478236891808247,-0.8519292135208865,-0.7775039605450852,-0.8136756036957105,-0.8688708182523558
0.5232276936997589,-0.8519292135208865,0.73660884166633,1.2885891648239471,-0.14309718867612678
-0.41142013458074367,-1.5444846063579383,1.4204017200843884,-1.7790012627098388,1.0717847564840826
0.4740357027376271,-0.02086274211642439,-1.1194003997541144,0.7308454507268948,1.645040739265307
-0.06707619784582172,-1.6829956849253485,1.4204017200843884,0.40907023105551865,0.04974121531755724
-0.5098041165050071,-1.5444846063579383,-1.6078238843384418,0.6450387254811948,-0.11504796627704547
0.5970156801429564,1.2257369649902687,1.3715593716259558,-0.38464197746720896,-0.39028096106803084
-1.3214719673801802,1.0872258864228583,-0.8263463090035179,0.40907023105551865,1.55212769006835
1.3102995490938663,-1.1289513706557073,-1.1194003997541144,2.06084969203525,-0.7864762274550544
-1.542835926709773,-0.8519292135208865,1.127347629333792,-2.2080348889383403,-0.2658125366721075
-1.6412199086340364,1.6412702006924997,1.4204017200843884,-1.0067407354985358,0.023445069318418513
-0.4606121255428754,-1.5444846063579383,-0.19139577904389218,0.6235870441697694,3.4910301884048462
-1.4690479402665755,0.8102037292880377,-0.9728733543788162,-2.143679845004065,-0.8565992834527577
0.5724196846618905,1.5027591221250893,0.49239709937416626,0.4948769563012194,1.6643245796646753
-1.6658159041151024,1.2257369649902687,1.4692440685428212,0.34471518712124405,0.7947986852931547
-0.9525320351641925,0.2561594150183963,-1.2659274451294127,1.1813307582668218,-0.12556642467670096
1.4086835310181296,-1.6829956849253485,-0.04486873366859395,-0.2988352522215082,-0.04317183387939961
0.7199956575482857,0.39467049358580664,0.44355475091573354,-3.001747097461068,-0.4025524958676289
-1.5674319221908388,-0.8519292135208865,-0.6309769151697869,0.6235870441697694,0.6808487192968868
-1.1738959944937852,0.533181572153217,1.6157711139181195,-1.7146462187755636,1.0823032148837382
-1.1492999990127193,-1.4059735277905279,1.4692440685428212,1.910687922855274,-0.7619331578558582
1.2365115626506686,-1.6829956849253485,0.6389241447494645,1.2671374835125218,-0.8040069914544802
0.9659556123589442,-0.9904402920882969,-1.5101391874215764,-1.5859361309070128,2.630269676033038
-1.0755120125695217,-1.4059735277905279,-0.5332922182529214,-0.6849655158271597,-0.13783795947629904
1.6300474903477222,1.5027591221250893,1.3715593716259558,0.7737488133497455,-1.0950176738449489
0.5724196846618905,-1.6829956849253485,0.05281596324827154,-0.513352065335759,-0.9407469506500017
0.006711788597375844,-1.6829956849253485,-0.19139577904389218,0.2589084618755433,-1.1125484378443746
-0.19005617525115098,0.39467049358580664,0.6389241447494645,0.8595555385954455,-0.25354100187250944
-0.2392481662132827,-1.5444846063579383,-0.3867651728776232,0.7522971320383202,1.7063984132632972
-1.198491989974851,-0.29788489925124506,0.6389241447494645,-0.513352065335759,-0.7146000950574085
-1.4690479402665755,1.6412702006924997,1.6157711139181195,-0.5991587905814597,-0.3289232870700405
-0.4606121255428754,-0.5749070563860658,0.49239709937416626,-1.9935180758240896,0.15667887571405475
-0.7557640713156657,-0.29788489925124506,1.6646134623765523,0.6664904067926202,0.002408152519107529
0.8675716304346808,1.6412702006924997,-1.2170850966709799,0.9882656264639963,-0.8548462070528151
-0.2392481662132827,-0.15937382068383474,1.127347629333792,-0.8136756036957105,-0.6339585806600497
-0.21465217073221685,0.8102037292880377,0.15050066016513702,-1.5001294056613128,3.3805863752084635
0.5478236891808247,-0.15937382068383474,-0.19139577904389218,-0.6420621532043097,3.105353380417478
-0.31303615265648027,0.6716926507206273,-0.3867651728776232,-1.1354508233670866,-0.16939333467526552
-0.2392481662132827,0.948714807855448,-0.8751886574619506,-0.06286675779583284,-1.044178458246614
1.2119155671696027,0.39467049358580664,0.15050066016513702,0.08729501138414254,1.3943508140735177
1.1135315852453394,0.11764833645098596,1.27387467470909,1.245685802201097,0.2303080845116432
-0.6327840939103364,-1.2674624492231175,-0.6309769151697869,-1.049644098121386,0.04974121531755724
-0.3376321481375461,0.39467049358580664,-1.3636121420462781,-0.12722180173010822,-0.9144508046508629
1.507067512942393,0.11764833645098596,-1.3636121420462781,0.9239105825297209,-0.10628258427733256
0.8675716304346808,0.6716926507206273,-1.5589815358800092,1.653267747118174,-0.4937124686646432
0.8921676259157466,1.6412702006924997,-1.412454490504711,0.9882656264639963,0.48801031530320277
1.507067512942393,-0.5749070563860658,1.4692440685428212,1.7176227910524486,-0.6269462750602794
0.5478236891808247,-0.5749070563860658,-1.5101391874215764,0.4519735936783694,1.4399308004720248
-1.6166239131529705,0.39467049358580664,0.1993430086235698,-1.0710957794328113,-0.025641069879973784
-0.4606121255428754,-0.02086274211642439,0.1016583117067043,1.6103643844953233,-0.7426493174564899
1.6054514948666565,-0.15937382068383474,-0.3867651728776232,-0.08431843910725746,0.9701063252874128
-1.198491989974851,-0.9904402920882969,-1.6566662327968746,0.2160050992526933,2.647800440032464
-0.4606121255428754,-1.5444846063579383,-0.14255343058545944,0.43052191236694404,-0.09401104947773449
1.5808554993855906,-0.8519292135208865,1.322717023167523,-2.358196658118316,0.25309807771089676
-0.7065720803535339,0.39467049358580664,-1.6566662327968746,0.8810072199068709,0.0006550761191649468
0.6953996620672198,-1.6829956849253485,0.49239709937416626,-0.6635138345157351,-0.6865508726583273
-1.1738959944937852,-0.29788489925124506,-0.19139577904389218,-2.014969757135514,0.35127035610768137
1.4824715174613272,-1.4059735277905279,-1.2170850966709799,-0.40609365877863357,-0.8811423530519539
-0.16546017977008515,0.2561594150183963,0.49239709937416626,0.9024589012182955,-0.9863269370485088
-1.3952599538233779,-1.5444846063579383,-0.8751886574619506,-0.7278688784500097,-0.5988970526611981
1.3840875355370637,0.533181572153217,-0.6309769151697869,0.38761854974409404,-0.19393640427446165
-0.38682413909967783,1.3642480435576791,1.3715593716259558,-0.40609365877863357,-0.4674163226655045
-0.362228143618612,0.11764833645098596,0.15050066016513702,0.8810072199068709,-0.3447009746695237
-0.3376321481375461,-0.8519292135208865,0.8342935385831954,0.10874669269556791,-0.9985984718481068
-1.2968759718991145,-0.9904402920882969,0.5900817962910317,-0.3202869335329336,-0.7496616230562602
0.6953996620672198,0.11764833645098596,-0.6309769151697869,0.10874669269556791,-1.0424253818466713
0.08049977504057342,-0.9904402920882969,-0.6798192636282196,0.7737488133497455,0.24608577211112645
1.187319571688537,0.2561594150183963,1.4204017200843884,-0.40609365877863357,-0.7899823802549396
0.646207671105088,-0.15937382068383474,-0.9728733543788162,-0.12722180173010822,-0.8530931306528725
-0.26384416169434854,0.2561594150183963,1.518086417001254,-0.6206104718928843,-0.6006501290611407
-0.6819760848724681,0.533181572153217,1.27387467470909,0.7952004946611702,-0.45865094066579154
-0.4606121255428754,1.2257369649902687,1.4204017200843884,-0.513352065335759,-0.6532424210594182
-1.5182399312287072,1.0872258864228583,0.73660884166633,-0.7493205597614351,-0.6322055042601072
0.6953996620672198,0.948714807855448,1.7134558108349849,-0.34173861484435897,-0.8355623666534467
-1.4936439357476412,-1.4059735277905279,0.2970277055404353,1.0740723517096964,-0.14309718867612678
0.10509577052163926,1.2257369649902687,1.1761899777922247,0.38761854974409404,1.8238545320594506
0.006711788597375844,-1.2674624492231175,0.1993430086235698,1.052620670398271,-0.10452950787738997
1.507067512942393,-1.6829956849253485,-1.2659274451294127,-0.06286675779583284,-1.0915115210450637
-1.3214719673801802,-1.6829956849253485,-0.24023812750232493,-0.44899702140148434,0.018185840118590767
-0.9279360396831267,0.2561594150183963,1.3715593716259558,0.6664904067926202,-0.018628764280203457
-0.38682413909967783,-1.5444846063579383,0.1993430086235698,0.08729501138414254,1.0682786036841974
-1.4198559493044438,0.533181572153217,-1.1194003997541144,1.8892362415438486,-0.8285500610536763
-0.06707619784582172,-1.5444846063579383,0.24818535708200254,0.47342527498979403,-0.9635369438492553
1.162723576207471,-1.2674624492231175,1.1761899777922247,-0.10577012041868285,0.5423556837014228
1.359491540055998,1.2257369649902687,0.49239709937416626,0.8595555385954455,0.34951727970773877
-1.2722799764180486,-1.1289513706557073,0.49239709937416626,-1.5215810869727382,0.6492933440979203
-0.9279360396831267,0.39467049358580664,-1.1194003997541144,-1.9720663945126642,-0.48670016306487285
-0.854148053239929,-0.02086274211642439,-0.4844498697944887,0.1516500553184179,2.5741712312348755
-0.28844015717541444,-1.1289513706557073,-0.6309769151697869,0.5592320002354948,-1.0792399862454656
0.35105572533229784,-0.15937382068383474,-1.3636121420462781,0.6450387254811948,2.5864427660344735
0.5724196846618905,0.2561594150183963,-0.3379228244191904,-0.6420621532043097,-0.5515639898627485
-0.5589961074671388,0.2561594150183963,-1.4612968389631436,-0.3202869335329336,-0.9933392426482791
-0.8295520577588632,-1.5444846063579383,1.3715593716259558,0.9453622638411455,1.2102777920795467
0.8429756349536149,0.533181572153217,1.0296629324169264,1.1384273956439717,-0.09050489667784932
0.9167636213968124,-1.6829956849253485,-0.8263463090035179,1.245685802201097,-0.5147493854639542
-0.6327840939103364,-0.02086274211642439,-0.5821345667113542,-0.3202869335329336,-0.9635369438492553
-0.5835921029482046,-0.02086274211642439,0.8831358870416283,0.9668139451525709,0.41964033570544207
-0.09167219332688757,0.8102037292880377,-0.5332922182529214,-2.422551702052591,-0.754920852256088
1.2857035536128003,1.6412702006924997,1.2250323262506575,-0.5562554279586097,-0.6357116570599923
0.5724196846618905,-0.29788489925124506,1.518086417001254,0.8381038572840201,-0.04141875747945702
0.2772677388891002,-0.02086274211642439,1.27387467470909,-0.6635138345157351,-0.9214631102506332
-1.050916017088456,0.39467049358580664,0.1016583117067043,0.10874669269556791,0.69662640689637
0.670803666586154,0.948714807855448,-0.7286616120866524,-0.04141507648440746,-0.7496616230562602
0.4248437117754954,-1.5444846063579383,-0.4356075213360559,0.7308454507268948,-0.2868494534714185
0.5478236891808247,-1.2674624492231175,-1.3147697935878453,-0.7707722410728605,0.3004311405093465
-1.7396038905582998,-1.5444846063579383,-0.7286616120866524,-0.2344802082872336,-0.649736268259533
-0.3376321481375461,0.948714807855448,0.003973614789838794,0.3018118244983933,-0.14660334147601195
-0.11626818880795343,0.6716926507206273,-1.2659274451294127,0.1301983740069933,0.7194164000956236
0.5970156801429564,-1.6829956849253485,-0.9728733543788162,1.1813307582668218,-0.5007247742644135
0.6953996620672198,-1.5444846063579383,1.2250323262506575,0.6021353628583448,2.3813328272411916
1.359491540055998,-0.29788489925124506,-1.6566662327968746,0.7737488133497455,-0.34119482186963856
-1.3214719673801802,0.8102037292880377,-1.7055085812553072,1.0740723517096964,-0.07823336187825125
0.5478236891808247,1.0872258864228583,-1.021715702837249,1.3743958900696471,-0.5305270730634374
1.3840875355370637,-0.29788489925124506,0.345870053998868,0.32326350580981866,-1.098523826644834
-0.01788420688369001,0.39467049358580664,-0.8751886574619506,0.5806836815469194,0.05500044451738499
0.7937836439914832,0.948714807855448,-1.021715702837249,-1.8004529440212635,0.7229225528955088
0.9413596168778784,-0.9904402920882969,0.24818535708200254,0.9668139451525709,0.2706288417103226
0.9905516078400101,0.6716926507206273,1.4692440685428212,-1.9935180758240896,2.372567445241479
-0.4606121255428754,1.2257369649902687,0.6389241447494645,-0.38464197746720896,-0.8215377554539061
-1.6658159041151024,-1.6829956849253485,1.2250323262506575,0.9882656264639963,-0.1413441122761842
1.359491540055998,-0.29788489925124506,0.003973614789838794,1.0740723517096964,-0.628699351460222
0.15428776148377096,1.3642480435576791,0.5900817962910317,-1.5001294056613128,1.0682786036841974
-1.6166239131529705,0.6716926507206273,1.1761899777922247,0.4948769563012194,1.1945001044800634
-0.4606121255428754,0.533181572153217,-0.8751886574619506,0.5592320002354948,1.900989893656924
-0.8049560622777974,0.2561594150183963,-1.021715702837249,0.38761854974409404,0.15843195211399733
-1.0755120125695217,0.8102037292880377,-0.7286616120866524,-2.057873119758365,-0.36398481506889213
0.2526717434080344,-1.6829956849253485,1.518086417001254,-1.3499676364813373,3.322734854010358
1.2857035536128003,0.2561594150183963,0.8342935385831954,1.1598790769553964,1.876446824057728
1.0889355897642734,-1.4059735277905279,1.3715593716259558,-2.937392053526793,-0.48670016306487285
-1.6166239131529705,0.2561594150183963,-1.3636121420462781,0.6450387254811948,-0.12381334827675838
-0.3376321481375461,1.3642480435576791,0.1016583117067043,-0.7707722410728605,0.34951727970773877
0.5478236891808247,1.5027591221250893,0.39471240245730077,1.2242341208896717,-0.43410787106659543
1.0397435988021417,-1.4059735277905279,0.1016583117067043,0.9239105825297209,-0.1518625706758397
1.4824715174613272,1.6412702006924997,-0.3867651728776232,0.10874669269556791,1.729188406462551
-0.7065720803535339,0.6716926507206273,-0.8751886574619506,0.7522971320383202,0.36178881450733685
-0.43601613006180956,-0.9904402920882969,0.931978235500061,0.8810072199068709,1.8834591296574983
0.22807574792696855,0.533181572153217,1.6157711139181195,-0.5348037466471843,-0.3008740646709592
-0.5098041165050071,-0.8519292135208865,1.0296629324169264,0.38761854974409404,0.04974121531755724
0.3018637343701661,-0.5749070563860658,-1.0705580512956816,0.6879420881040448,1.401363119673288
-0.7311680758345999,1.3642480435576791,1.4692440685428212,-0.2130285269758082,-0.7093408658575808
-1.6412199086340364,-0.02086274211642439,0.5900817962910317,1.245685802201097,-0.39378711386791604
-1.4690479402665755,0.11764833645098596,-1.2659274451294127,0.7952004946611702,-0.3674909678687773
1.6054514948666565,0.39467049358580664,0.44355475091573354,0.6235870441697694,-0.21847947387365782
-0.19005617525115098,1.0872258864228583,1.4692440685428212,-0.7493205597614351,-0.8688708182523558
-0.16546017977008515,0.8102037292880377,-1.7055085812553072,0.9668139451525709,-0.5094901562641264
-1.690411899596168,-0.15937382068383474,-0.7775039605450852,-1.907711350578389,0.7246756292954514
0.08049977504057342,1.6412702006924997,0.39471240245730077,0.34471518712124405,0.2793942237100355
0.2772677388891002,1.3642480435576791,-0.0937110821270267,-0.01996339517298284,-1.0266476942471883
1.5316635084234589,-1.2674624492231175,0.6389241447494645,1.1598790769553964,0.8421317480916044
-0.6573800893914022,1.0872258864228583,-0.4844498697944887,2.2110114612152247,-0.6847977962583847
-0.41142013458074367,-0.5749070563860658,-0.14255343058545944,-0.9423856915642604,0.002408152519107529
-0.9771280306452583,0.2561594150183963,-0.5332922182529214,1.331492527446797,-0.32191098147027014
1.3840875355370637,1.3642480435576791,-0.2890804759607577,-1.821904625332689,1.3417585220752402
0.35105572533229784,1.2257369649902687,-0.24023812750232493,-0.7064171971385851,-0.5024778506643561
-1.2476839809369829,-1.2674624492231175,-0.4356075213360559,0.7093937694154702,2.3129628476434307
1.015147603321076,-1.2674624492231175,0.15050066016513702,-0.47044870271290895,0.19875270931267672
-1.4936439357476412,0.533181572153217,0.49239709937416626,-1.650291174841288,1.5275846204691539
0.7937836439914832,-1.4059735277905279,1.6157711139181195,-2.958843734838218,0.5686518297005615
0.2034797524459027,-1.1289513706557073,-1.021715702837249,-0.9638373728756858,-0.6865508726583273
1.7038354767909198,-0.5749070563860658,-1.6566662327968746,-0.2559318895986582,-0.6725262614587866
0.9413596168778784,1.6412702006924997,-0.8263463090035179,-0.9852890541871112,-0.5550701426626335
0.4740357027376271,0.2561594150183963,0.5900817962910317,-0.01996339517298284,-0.9319815686502887
1.4578755219802613,-0.5749070563860658,1.322717023167523,0.6450387254811948,0.4266526413052124
0.05590377955950755,-0.9904402920882969,0.73660884166633,-0.3631902961557836,-1.0161292358475327
-0.14086418428901928,-0.15937382068383474,0.44355475091573354,-0.40609365877863357,-0.9232161866505758
-0.09167219332688757,0.8102037292880377,-1.4612968389631436,-0.40609365877863357,0.12337042411514569
-0.6573800893914022,1.2257369649902687,1.5669287654596866,0.516328637612644,-0.9950923190482217
0.2526717434080344,1.6412702006924997,-0.9240310059203835,0.34471518712124405,0.17420963971348058
0.49863169821869296,0.2561594150183963,0.44355475091573354,0.1731017366298433,1.2663762368777092
1.0889355897642734,-0.02086274211642439,-1.2170850966709799,1.2242341208896717,-0.7899823802549396
1.5562595039045246,-0.02086274211642439,0.49239709937416626,-0.3631902961557836,-0.27107176587193527
0.2526717434080344,-1.2674624492231175,-1.021715702837249,-0.04141507648440746,-0.8811423530519539
-1.2968759718991145,-0.5749070563860658,-1.3636121420462781,-0.3202869335329336,-0.9460061798498294
-1.1492999990127193,-0.8519292135208865,-0.9728733543788162,-1.7575495813984134,1.0051678532862645
0.7937836439914832,0.2561594150183963,0.8831358870416283,1.331492527446797,-0.14660334147601195
0.9167636213968124,0.6716926507206273,-1.5101391874215764,0.34471518712124405,-0.09050489667784932
0.15428776148377096,1.3642480435576791,0.39471240245730077,0.02293996744986792,-0.8390685194533318
1.187319571688537,-1.2674624492231175,-1.7055085812553072,-2.143679845004065,-0.3464540510694663
-0.5589961074671388,1.2257369649902687,-0.14255343058545944,-0.7064171971385851,-0.8250439082537913
0.4740357027376271,-0.9904402920882969,1.7134558108349849,-0.04141507648440746,-1.0459315346465565
0.2772677388891002,0.6716926507206273,1.5669287654596866,0.1731017366298433,-0.8951669642514946
0.2526717434080344,0.533181572153217,-0.6798192636282196,1.1813307582668218,-0.2500348490726243
1.359491540055998,0.6716926507206273,0.6389241447494645,1.1384273956439717,-0.6462301154596478
-1.690411899596168,1.0872258864228583,1.127347629333792,-0.3631902961557836,-0.8653646654524706
0.2772677388891002,1.6412702006924997,-1.168242748212547,-0.42754534009005896,-0.47968785746510256
-0.4606121255428754,1.3642480435576791,-0.6309769151697869,-0.19157684566438285,-0.7619331578558582
-0.28844015717541444,1.2257369649902687,-1.412454490504711,1.6961711097410233,-0.8197846790539635
-1.1492999990127193,0.6716926507206273,0.9808205839584937,-0.6849655158271597,-0.767192387055686
0.08049977504057342,-0.5749070563860658,-1.0705580512956816,-0.3202869335329336,0.3810726549067053
-0.6573800893914022,0.39467049358580664,-0.9240310059203835,0.6235870441697694,1.7660030108613451
-0.01788420688369001,-1.4059735277905279,-0.4356075213360559,-0.6206104718928843,-0.6935631782580975
-0.9279360396831267,-0.8519292135208865,-0.5332922182529214,0.7737488133497455,0.1829750217131935
-1.4444519447855095,-0.15937382068383474,1.1761899777922247,-0.7707722410728605,-0.36573789146883473
0.8183796394725491,0.39467049358580664,-0.8263463090035179,-0.9209340102528358,-0.6111685874607962
0.2034797524459027,-0.7134181349534762,0.931978235500061,0.6021353628583448,0.22154270251193028
0.2034797524459027,0.6716926507206273,1.7134558108349849,1.6318160658067487,-0.5200086146637819
-0.9525320351641925,0.948714807855448,-0.6798192636282196,0.2589084618755433,-1.0073638538478198
1.507067512942393,1.0872258864228583,-0.3379228244191904,-0.5348037466471843,-0.21497332107377265
1.2857035536128003,-1.5444846063579383,-0.7775039605450852,-0.49190038402433434,-0.8408215958532744
-1.3706639583423121,1.0872258864228583,-1.1194003997541144,-0.42754534009005896,-0.754920852256088
-0.6081880984292706,1.6412702006924997,-0.9728733543788162,1.1169757143325463,-0.21672639747371522
0.031307784078441696,1.2257369649902687,0.8342935385831954,-0.7922239223842851,-0.09576412587767706
0.5724196846618905,-0.9904402920882969,-1.7055085812553072,1.1813307582668218,1.5030415508699577
-0.21465217073221685,1.5027591221250893,-0.19139577904389218,0.7093937694154702,1.7975583860603117
1.2119155671696027,0.948714807855448,0.6877664932078973,0.10874669269556791,-0.7864762274550544
1.2857035536128003,-1.6829956849253485,1.27387467470909,-0.10577012041868285,0.8859586580901689
1.2119155671696027,0.2561594150183963,-0.14255343058545944,0.5377803189240694,0.3091965225090594
0.3018637343701661,0.2561594150183963,-0.14255343058545944,0.5377803189240694,0.042728909717786916
-1.4690479402665755,0.39467049358580664,1.0296629324169264,-1.0925474607442367,0.24433269571118385
-1.4690479402665755,1.3642480435576791,-1.3636121420462781,0.5592320002354948,1.611732287666398
1.4578755219802613,-0.02086274211642439,-0.7775039605450852,0.36616686843266866,-1.0371661526468436
0.031307784078441696,-1.2674624492231175,-1.5101391874215764,1.3958475713810725,-0.7619331578558582
-1.542835926709773,0.948714807855448,0.7854511901247627,0.001488286138442538,-0.9565246382494849
1.162723576207471,0.2561594150183963,1.1761899777922247,1.996494648100974,-0.8127723734541932
1.6546434858287882,0.2561594150183963,0.931978235500061,-0.49190038402433434,-0.6549954974593608
0.5232276936997589,-1.5444846063579383,1.0785052808753592,-0.47044870271290895,-0.8040069914544802
0.8675716304346808,0.8102037292880377,-0.7775039605450852,-0.42754534009005896,-0.8548462070528151
-0.01788420688369001,-0.8519292135208865,-1.168242748212547,0.23745678056411867,1.573164606867661
-1.2476839809369829,1.3642480435576791,-1.3636121420462781,-0.34173861484435897,-0.53228014946338
1.359491540055998,-1.4059735277905279,1.6646134623765523,-0.8565789663185605,-0.2517879254725669
1.2365115626506686,0.6716926507206273,-0.7775039605450852,0.6664904067926202,-0.36573789146883473
1.7038354767909198,-0.02086274211642439,-0.4356075213360559,-1.1783541859899367,0.35302343250762397
0.4740357027376271,1.3642480435576791,0.7854511901247627,-1.5859361309070128,3.4752525008053627
0.8429756349536149,0.8102037292880377,0.8831358870416283,0.7093937694154702,-0.12907257747658613
-0.11626818880795343,-0.7134181349534762,0.7854511901247627,0.34471518712124405,1.8431383724588188
-0.6819760848724681,-1.4059735277905279,0.9808205839584937,-1.5215810869727382,-0.5094901562641264
0.031307784078441696,-1.4059735277905279,1.3715593716259558,-0.7707722410728605,-0.6251931986603368
-0.06707619784582172,1.0872258864228583,0.931978235500061,-0.5991587905814597,-0.8250439082537913
-0.7065720803535339,-1.6829956849253485,1.2250323262506575,-0.513352065335759,-0.7233654770571215
0.031307784078441696,-0.7134181349534762,1.7134558108349849,1.1384273956439717,-0.27282484227187787
-0.09167219332688757,1.0872258864228583,0.49239709937416626,0.6450387254811948,-0.4849470866649303
1.679239481309854,-0.7134181349534762,1.27387467470909,0.1301983740069933,0.11986427131526053
-0.14086418428901928,-1.6829956849253485,-0.19139577904389218,0.06584333007271792,1.7274353300626084
0.7199956575482857,-0.02086274211642439,1.0296629324169264,-0.513352065335759,-0.6970693310579827
1.359491540055998,-1.1289513706557073,0.9808205839584937,-0.47044870271290895,-0.372750197068605
1.2119155671696027,-1.1289513706557073,-1.3147697935878453,0.06584333007271792,2.02019908885302
0.9659556123589442,1.6412702006924997,1.1761899777922247,0.08729501138414254,-0.8986731170513796
-0.5589961074671388,-0.8519292135208865,-1.6078238843384418,1.2671374835125218,-0.6988224074579253
-0.19005617525115098,1.6412702006924997,1.6157711139181195,-1.564484449595588,2.060519846051699
-0.38682413909967783,0.6716926507206273,0.1993430086235698,0.4948769563012194,0.2601103833106671
-1.2968759718991145,-0.8519292135208865,1.6157711139181195,1.2885891648239471,-0.616427816660624
-1.6658159041151024,-0.4363959778186554,1.6646134623765523,-2.186583207626915,-0.8443277486531596
0.9905516078400101,-1.4059735277905279,-0.3379228244191904,-0.9638373728756858,0.6738364136971164
0.49863169821869296,1.2257369649902687,-0.0937110821270267,-1.4786777243498874,0.48801031530320277
-1.223087985455917,-0.9904402920882969,1.518086417001254,1.7176227910524486,-0.5340332258633226
-0.48520812102394123,-1.2674624492231175,-0.3379228244191904,-0.47044870271290895,2.8809596012248275
1.4578755219802613,-0.5749070563860658,-1.2170850966709799,0.5377803189240694,0.16018502851393993
-1.6658159041151024,-1.6829956849253485,0.8342935385831954,-0.3202869335329336,-0.27282484227187787
-0.6573800893914022,-1.2674624492231175,-0.0937110821270267,0.5592320002354948,2.3690612924415935
-0.26384416169434854,-1.1289513706557073,1.5669287654596866,0.6021353628583448,0.10058043091589212
0.5478236891808247,-0.7134181349534762,-0.3867651728776232,0.6664904067926202,2.4602212652386077
-0.6081880984292706,0.948714807855448,0.24818535708200254,0.7952004946611702,0.889464810890054
1.4824715174613272,-1.1289513706557073,-0.7286616120866524,-0.14867348304153283,-0.5988970526611981
1.2611075581317344,-0.8519292135208865,-0.3867651728776232,-0.38464197746720896,-0.691810101858155
0.5232276936997589,-0.8519292135208865,1.4204017200843884,-0.6420621532043097,0.151419646514227
0.9413596168778784,-0.29788489925124506,-0.9240310059203835,-0.8994823289414104,0.01993891651853335
0.4002477162944295,-0.8519292135208865,-1.5589815358800092,-0.49190038402433434,-0.6392178098598775
-0.5835921029482046,0.39467049358580664,0.2970277055404353,-0.19157684566438285,-0.32191098147027014
0.3756517208133637,0.948714807855448,-0.5821345667113542,-0.44899702140148434,-0.6339585806600497
-1.4444519447855095,-0.02086274211642439,1.4204017200843884,-2.679971877789692,-0.7163531714573511
-1.0017240261263243,-0.15937382068383474,-1.5589815358800092,-0.3631902961557836,-0.5568232190625761
1.1135315852453394,-0.9904402920882969,0.49239709937416626,0.5806836815469194,-1.0915115210450637
0.7199956575482857,0.6716926507206273,1.4204017200843884,-0.47044870271290895,-0.32366405787021274
-0.5589961074671388,0.6716926507206273,-0.8263463090035179,-2.679971877789692,-0.4937124686646432
-0.8049560622777974,0.39467049358580664,0.1016583117067043,-0.14867348304153283,-0.8548462070528151
-0.6573800893914022,1.6412702006924997,-0.04486873366859395,0.1731017366298433,-1.0915115210450637
-0.6573800893914022,0.8102037292880377,1.322717023167523,-0.1701251643529582,-0.8688708182523558
0.4002477162944295,1.6412702006924997,0.49239709937416626,-0.6206104718928843,-0.5831193650617149
1.4332795264991955,-0.29788489925124506,-1.412454490504711,0.8166521759725955,-1.002104624647992
0.7445916530293515,-0.9904402920882969,-0.5821345667113542,-0.34173861484435897,-0.2517879254725669
0.3756517208133637,-0.5749070563860658,0.345870053998868,-3.0875538227067683,-0.42008325986705475
-0.7803600667967315,0.11764833645098596,-0.19139577904389218,-0.6206104718928843,-0.8758831238521261
0.9167636213968124,-0.29788489925124506,0.8831358870416283,-0.19157684566438285,-0.05719644507894026
-1.4936439357476412,0.533181572153217,-0.6309769151697869,-1.6073878122184382,-0.015122611480318291
-0.16546017977008515,1.2257369649902687,-0.8263463090035179,0.06584333007271792,-1.1125484378443746
0.9905516078400101,0.948714807855448,-0.2890804759607577,-0.8565789663185605,-0.8793892766520113
-0.5835921029482046,1.6412702006924997,-0.9240310059203835,-0.10577012041868285,-0.9337346450502313
-1.1492999990127193,-0.5749070563860658,1.3715593716259558,-0.44899702140148434,-0.5480578370628633
0.2526717434080344,0.533181572153217,1.1761899777922247,-0.14867348304153283,-0.8951669642514946
-0.6819760848724681,0.533181572153217,0.1016583117067043,-0.5348037466471843,-0.6357116570599923
-1.1001080080505876,-1.4059735277905279,0.345870053998868,0.7308454507268948,-1.0406723054467288
0.7445916530293515,0.11764833645098596,-0.8751886574619506,-0.2130285269758082,-0.8285500610536763
1.6546434858287882,-0.7134181349534762,0.44355475091573354,-0.34173861484435897,-0.8951669642514946
0.5724196846618905,1.3642480435576791,-1.0705580512956816,-0.6849655158271597,-0.15010949427589712
-0.26384416169434854,-1.2674624492231175,-1.6566662327968746,-0.34173861484435897,-0.6865508726583273
-1.715007895077234,1.5027591221250893,1.6157711139181195,-0.34173861484435897,-0.8688708182523558
1.1135315852453394,0.948714807855448,1.3715593716259558,-0.06286675779583284,-0.9039323462512074
0.08049977504057342,-0.29788489925124506,1.6646134623765523,-0.2773835709100836,-0.9162038810508055
-0.2392481662132827,1.3642480435576791,1.7134558108349849,-1.8862596692669642,-0.3762563498684902
1.2119155671696027,0.6716926507206273,-0.3867651728776232,0.1945534179412679,-0.9460061798498294
1.4578755219802613,-0.5749070563860658,1.518086417001254,0.3018118244983933,-1.031906923447016
1.2365115626506686,-0.02086274211642439,-1.5101391874215764,-1.564484449595588,-0.4270955654668251
1.2365115626506686,0.6716926507206273,-0.6309769151697869,-0.6635138345157351,-0.8355623666534467
-1.6412199086340364,1.2257369649902687,0.7854511901247627,-0.49190038402433434,-0.9197100338506906
0.8675716304346808,1.5027591221250893,1.7134558108349849,0.06584333007271792,-0.47793478106515996
-0.16546017977008515,-0.4363959778186554,0.8342935385831954,-0.34173861484435897,-0.9460061798498294
0.12969176600270513,-1.4059735277905279,-0.24023812750232493,-0.04141507648440746,-0.7514146994562028
1.7038354767909198,-0.4363959778186554,-1.412454490504711,-0.38464197746720896,-0.6953162546580401
1.679239481309854,-0.29788489925124506,-0.3379228244191904,-0.3631902961557836,-0.8741300474521835
1.6546434858287882,-0.5749070563860658,-0.6309769151697869,-0.40609365877863357,-0.7917354566548822
1.4086835310181296,-1.4059735277905279,1.322717023167523,0.10874669269556791,-1.077486909845523
-0.6573800893914022,1.5027591221250893,0.6389241447494645,-0.47044870271290895,-1.002104624647992
-1.542835926709773,0.533181572153217,0.5900817962910317,0.8810072199068709,-1.0669684514458675
-0.5098041165050071,0.8102037292880377,0.2970277055404353,-0.513352065335759,-0.9249692630505184
1.507067512942393,-0.4363959778186554,1.1761899777922247,-0.513352065335759,-0.0010980002807776353
-0.09167219332688757,1.5027591221250893,-1.2659274451294127,0.43052191236694404,-1.0844992154452933
-0.8295520577588632,1.5027591221250893,-0.9240310059203835,-0.7278688784500097,-0.6129216638607388
1.5316635084234589,-1.4059735277905279,0.7854511901247627,-0.7922239223842851,-0.41833018346711215
1.5316635084234589,-0.8519292135208865,-1.0705580512956816,-0.7278688784500097,-0.8338092902535041
1.187319571688537,0.533181572153217,-1.412454490504711,-1.650291174841288,0.15667887571405475
0.7691876485104173,-0.5749070563860658,-1.7055085812553072,-0.6635138345157351,-0.6620078030591311
-1.3952599538233779,1.2257369649902687,-0.9728733543788162,-0.5991587905814597,-0.7619331578558582
-0.6327840939103364,-1.4059735277905279,1.5669287654596866,0.7093937694154702,-1.023141541447303
0.6953996620672198,-1.5444846063579383,-0.14255343058545944,-0.3202869335329336,-0.6462301154596478
-0.2392481662132827,1.3642480435576791,0.2970277055404353,-0.47044870271290895,-0.8758831238521261
-1.4198559493044438,1.2257369649902687,-1.168242748212547,-0.8136756036957105,-0.08173951467813641
-1.4198559493044438,-1.4059735277905279,-0.3379228244191904,-2.315293295495466,-0.18692409867469134
0.6953996620672198,-1.5444846063579383,-0.9240310059203835,-0.5348037466471843,-0.5410455314630929
-1.050916017088456,1.3642480435576791,1.5669287654596866,0.06584333007271792,-0.9845738606485662
-0.2392481662132827,1.3642480435576791,0.2970277055404353,0.6879420881040448,-0.9495123326497146
-0.534400111986073,0.39467049358580664,0.1993430086235698,-0.6849655158271597,0.5896887464998726
-0.9279360396831267,0.533181572153217,1.1761899777922247,0.10874669269556791,-1.044178458246614
0.8675716304346808,1.6412702006924997,-0.9240310059203835,-1.3499676364813373,0.4564549401042363
1.4578755219802613,-1.6829956849253485,0.7854511901247627,0.6235870441697694,-0.9407469506500017
-1.2968759718991145,0.39467049358580664,-0.3379228244191904,-0.38464197746720896,-0.7093408658575808
-1.4936439357476412,0.39467049358580664,-1.7055085812553072,0.1731017366298433,-1.0371661526468436
-0.41142013458074367,1.6412702006924997,-0.6798192636282196,-0.01996339517298284,-0.8618585126525854
0.670803666586154,0.39467049358580664,-0.19139577904389218,-0.06286675779583284,-0.7531677758561454
-1.2476839809369829,0.6716926507206273,0.39471240245730077,-0.5348037466471843,-0.5866255178616001
-0.43601613006180956,-1.2674624492231175,-0.4844498697944887,0.02293996744986792,-0.9740554022489107
-0.19005617525115098,-0.7134181349534762,0.1016583117067043,-0.513352065335759,-0.24652869627273913
-1.6166239131529705,-1.2674624492231175,-0.7286616120866524,-1.2641609112356367,-0.08524566747802158
-0.6327840939103364,1.5027591221250893,-1.5589815358800092,-2.5512617899211416,-0.7163531714573511
-0.01788420688369001,-0.9904402920882969,1.6157711139181195,-0.7278688784500097,-0.893413887851552
1.334895544574932,-0.02086274211642439,0.9808205839584937,0.06584333007271792,-0.9004261934513222
-0.01788420688369001,0.11764833645098596,0.39471240245730077,-0.19157684566438285,-0.3569725094691218
-0.14086418428901928,0.6716926507206273,0.44355475091573354,-0.38464197746720896,-0.754920852256088
1.162723576207471,-0.5749070563860658,1.518086417001254,-0.38464197746720896,-0.2605533074722798
0.17888375696483683,0.8102037292880377,-0.4356075213360559,-0.5562554279586097,-0.5270209202635523
-0.6081880984292706,1.2257369649902687,-0.9728733543788162,0.1516500553184179,-1.0687215278458102
-1.0017240261263243,1.0872258864228583,-0.8751886574619506,-0.7278688784500097,0.1040865837157773
-0.7557640713156657,0.533181572153217,-0.2890804759607577,-2.358196658118316,-0.029147222679858947
1.5808554993855906,-0.5749070563860658,-1.3636121420462781,-0.19157684566438285,-0.9880800134484513
0.9167636213968124,0.6716926507206273,-0.8751886574619506,0.4948769563012194,-0.9162038810508055
1.6054514948666565,1.2257369649902687,-0.2890804759607577,-1.9291630318898143,0.5143064613023415
-0.6573800893914022,0.6716926507206273,0.8831358870416283,-0.8994823289414104,0.5318372253017674
0.3018637343701661,1.5027591221250893,-0.4356075213360559,-0.12722180173010822,-0.27107176587193527
1.0397435988021417,0.6716926507206273,-0.6798192636282196,-3.001747097461068,0.21453039691215997
-0.01788420688369001,0.2561594150183963,-1.3147697935878453,-0.14867348304153283,-0.733883935456777
0.6216116756240222,0.948714807855448,0.39471240245730077,-0.44899702140148434,-0.9915861662483365
-1.5920279176719048,1.6412702006924997,-0.4844498697944887,-0.10577012041868285,-0.7987477622546525
1.4824715174613272,0.39467049358580664,1.6157711139181195,-0.7922239223842851,-0.7952416094547673
-0.6327840939103364,-1.4059735277905279,-0.4356075213360559,-0.40609365877863357,-0.7829700746551692
0.44943970725656124,-1.5444846063579383,-0.4844498697944887,-0.06286675779583284,-0.9021792698512648
1.359491540055998,1.0872258864228583,0.6389241447494645,-0.44899702140148434,-0.8899077350516668
0.35105572533229784,-0.02086274211642439,-1.3636121420462781,-1.049644098121386,-0.4007994194676864
-0.5589961074671388,1.2257369649902687,0.345870053998868,-0.2344802082872336,-0.8864015822517816
-0.41142013458074367,-0.5749070563860658,-0.24023812750232493,-0.2773835709100836,-0.767192387055686
1.162723576207471,0.11764833645098596,-0.9240310059203835,0.02293996744986792,-1.0617092222460398
-0.09167219332688757,1.0872258864228583,0.7854511901247627,-0.40609365877863357,-0.40956480146739926
-0.06707619784582172,-1.2674624492231175,1.1761899777922247,-0.2559318895986582,-0.5059840034642413
-0.14086418428901928,1.0872258864228583,-1.4612968389631436,-0.2344802082872336,-0.7373900882566621
1.4332795264991955,1.0872258864228583,1.2250323262506575,-0.3631902961557836,-0.565588601062289
-0.26384416169434854,-0.02086274211642439,-0.6798192636282196,-1.1354508233670866,0.3968503425061885
-1.1001080080505876,0.8102037292880377,-1.2170850966709799,-0.513352065335759,-0.7408962410565473
-1.198491989974851,-0.29788489925124506,-1.5589815358800092,-0.8136756036957105,-0.5094901562641264
-0.6573800893914022,-0.02086274211642439,-1.1194003997541144,-0.2559318895986582,-0.3376886690697534
0.7199956575482857,0.11764833645098596,-1.2170850966709799,-2.014969757135514,-0.595390899861313
1.4086835310181296,-0.02086274211642439,0.1016583117067043,-0.513352065335759,-0.9652900202491977
-0.9279360396831267,-1.6829956849253485,0.6389241447494645,-0.7064171971385851,-0.7847231510551118
-1.0755120125695217,-0.7134181349534762,1.3715593716259558,0.5806836815469194,-1.0809930626454083
-0.43601613006180956,1.5027591221250893,0.44355475091573354,-1.0281924168099612,-0.0028510766807202173
1.359491540055998,1.2257369649902687,-0.24023812750232493,-0.2988352522215082,-0.6479831918595904
-1.3460679628612462,0.8102037292880377,0.2970277055404353,-0.5777071092700343,-0.5024778506643561
-0.5589961074671388,0.11764833645098596,1.5669287654596866,0.001488286138442538,-0.9933392426482791
-1.4198559493044438,-0.7134181349534762,-1.4612968389631436,-0.2773835709100836,-0.7689454634556286
-0.362228143618612,1.5027591221250893,1.518086417001254,-1.0710957794328113,0.4354180233049253
-0.9033400442020608,-0.7134181349534762,-0.5332922182529214,-0.6206104718928843,-0.21322024467383008
1.0643395942832077,-0.9904402920882969,0.1016583117067043,-0.7493205597614351,-0.38326865546826056
0.5970156801429564,-1.4059735277905279,0.1993430086235698,-0.34173861484435897,-0.896920040651437
-0.3376321481375461,-0.29788489925124506,1.27387467470909,-0.49190038402433434,-0.733883935456777
1.334895544574932,1.3642480435576791,0.73660884166633,-0.06286675779583284,-0.9512654090496572
-0.7803600667967315,0.6716926507206273,-0.8751886574619506,-0.6635138345157351,-0.6146747402606814
1.187319571688537,0.6716926507206273,-1.2170850966709799,0.5592320002354948,-1.1178076670442025
-1.02632002160739,0.948714807855448,-1.4612968389631436,-0.8351272850071351,0.2706288417103226
-1.1247040035316536,0.2561594150183963,0.7854511901247627,-2.16513152631549,-0.03265337547974411
-0.7065720803535339,0.533181572153217,-0.6309769151697869,-2.186583207626915,0.030457374918188843
-0.9771280306452583,1.2257369649902687,0.541239447832599,-1.5215810869727382,-0.3166517522704424
1.2119155671696027,-0.5749070563860658,0.24818535708200254,-0.1701251643529582,-0.5971439762612556
1.679239481309854,-0.8519292135208865,-0.9728733543788162,-1.3928709991041874,-0.5673416774622316
-0.9525320351641925,0.948714807855448,-1.3636121420462781,-0.49190038402433434,-0.6374647334599349
1.0889355897642734,-1.5444846063579383,0.05281596324827154,-0.1701251643529582,-0.758427005055973
-0.878744048720995,0.2561594150183963,-0.3867651728776232,-1.242709229924212,-0.7952416094547673
-0.9525320351641925,-1.2674624492231175,-1.168242748212547,-1.049644098121386,-0.372750197068605
0.4002477162944295,-0.7134181349534762,0.345870053998868,-0.9423856915642604,-0.8057600678544228
-0.31303615265648027,1.3642480435576791,0.2970277055404353,-0.6635138345157351,-0.8250439082537913
-0.3376321481375461,0.533181572153217,1.518086417001254,-0.38464197746720896,-0.8197846790539635
0.17888375696483683,0.533181572153217,0.2970277055404353,-0.12722180173010822,-0.08699874387796416
0.2034797524459027,0.39467049358580664,1.127347629333792,-0.513352065335759,-0.6269462750602794
-0.362228143618612,-0.5749070563860658,-1.0705580512956816,0.08729501138414254,-0.9495123326497146
1.7038354767909198,-0.4363959778186554,-1.168242748212547,-1.7790012627098388,-0.6444770390597052
1.359491540055998,1.0872258864228583,-0.5332922182529214,-0.513352065335759,-0.35346635666923665
0.32645972985123195,-0.5749070563860658,1.127347629333792,0.3018118244983933,-1.0476846110464992
0.9167636213968124,0.2561594150183963,1.6646134623765523,-0.5348037466471843,-0.6988224074579253
1.162723576207471,0.948714807855448,-1.412454490504711,-0.44899702140148434,-0.9249692630505184
-0.41142013458074367,1.6412702006924997,-0.19139577904389218,-0.3631902961557836,-0.7619331578558582
0.6216116756240222,-0.5749070563860658,-1.3636121420462781,-1.0067407354985358,0.29517191130951875
0.5478236891808247,1.6412702006924997,-0.6798192636282196,-2.100776482381215,-0.18341794587480617
0.9413596168778784,-0.9904402920882969,0.44355475091573354,-0.6420621532043097,0.03571660411801659
-0.4606121255428754,-0.9904402920882969,1.0296629324169264,0.08729501138414254,-0.9197100338506906
-1.5920279176719048,-0.02086274211642439,-0.8751886574619506,-0.04141507648440746,-0.7233654770571215
-1.4690479402665755,-0.8519292135208865,1.27387467470909,-0.44899702140148434,-0.6900570254582123
1.334895544574932,0.533181572153217,0.7854511901247627,-0.5562554279586097,-0.6690201086589014
-0.7311680758345999,1.5027591221250893,-0.9240310059203835,-0.01996339517298284,-0.9635369438492553
-0.362228143618612,1.3642480435576791,-0.9728733543788162,-1.8004529440212635,0.5861825936999874
0.5232276936997589,0.533181572153217,1.0296629324169264,-0.47044870271290895,-1.0371661526468436
1.0397435988021417,0.11764833645098596,-0.14255343058545944,-0.5562554279586097,-0.7724516162555137
0.646207671105088,0.39467049358580664,1.322717023167523,-2.12222816369264,-0.595390899861313
-1.223087985455917,1.2257369649902687,-1.5101391874215764,-1.6073878122184382,0.3547765089075665
0.05590377955950755,-0.9904402920882969,-0.0937110821270267,-0.6420621532043097,-0.5392924550631504
1.679239481309854,-1.6829956849253485,0.6389241447494645,-0.38464197746720896,-0.06946797987853834
-1.6166239131529705,-0.02086274211642439,-0.19139577904389218,-0.19157684566438285,-0.40956480146739926
-0.4606121255428754,-0.7134181349534762,0.1016583117067043,-0.2344802082872336,-0.0010980002807776353
-0.6819760848724681,-1.5444846063579383,-1.6078238843384418,-0.5562554279586097,-0.5024778506643561
-0.26384416169434854,-1.4059735277905279,1.518086417001254,0.8381038572840201,-1.0143761594475902
-0.534400111986073,-0.29788489925124506,0.73660884166633,-1.4357743617270373,-0.7742046926554563
0.5724196846618905,-1.5444846063579383,-1.3636121420462781,-0.34173861484435897,-0.8478339014530448
0.8183796394725491,-0.8519292135208865,0.49239709937416626,-0.44899702140148434,-0.7864762274550544
-1.0755120125695217,0.11764833645098596,1.6646134623765523,-0.1701251643529582,-0.9126977282509203
0.35105572533229784,0.11764833645098596,-0.5332922182529214,-0.08431843910725746,-1.0827461390453508
0.3018637343701661,-1.1289513706557073,-0.4356075213360559,-0.47044870271290895,-0.7303777826568918
-1.5920279176719048,-0.15937382068383474,-0.8263463090035179,-0.7278688784500097,-0.09576412587767706
1.3840875355370637,0.39467049358580664,0.6389241447494645,-0.3631902961557836,-0.09050489667784932
-1.6658159041151024,-1.4059735277905279,0.2970277055404353,-0.3631902961557836,-0.733883935456777
-0.534400111986073,-1.4059735277905279,-0.3379228244191904,-0.04141507648440746,-0.8250439082537913
1.4578755219802613,0.2561594150183963,0.541239447832599,-0.7278688784500097,-0.7093408658575808
-0.7311680758345999,0.948714807855448,-0.14255343058545944,-0.40609365877863357,-0.7373900882566621
-0.09167219332688757,-1.6829956849253485,-0.24023812750232493,0.4948769563012194,-1.0143761594475902
-1.02632002160739,-1.2674624492231175,1.518086417001254,-0.3202869335329336,-0.7163531714573511
-0.41142013458074367,-1.6829956849253485,-1.6078238843384418,-0.47044870271290895,-0.20445486267411717
-1.715007895077234,0.39467049358580664,-1.0705580512956816,-0.49190038402433434,-0.7461554702563751
-0.16546017977008515,-0.29788489925124506,-1.2659274451294127,0.001488286138442538,-0.9074384990510925
-0.43601613006180956,0.533181572153217,-1.0705580512956816,-0.42754534009005896,-0.7146000950574085
-1.02632002160739,1.3642480435576791,-0.4356075213360559,-0.47044870271290895,-0.6988224074579253
-1.4198559493044438,-1.1289513706557073,-0.3867651728776232,-0.6420621532043097,-0.7706985398555711
-0.28844015717541444,1.0872258864228583,0.541239447832599,-0.513352065335759,-0.8741300474521835
-0.362228143618612,-1.2674624492231175,0.6877664932078973,-1.650291174841288,0.4161341829055569
-1.4444519447855095,-1.5444846063579383,0.15050066016513702,0.001488286138442538,-0.863611589052528
0.7199956575482857,1.5027591221250893,1.27387467470909,-0.5991587905814597,-0.2412694670729114
-0.042480202364755866,-0.8519292135208865,-1.021715702837249,-1.9935180758240896,0.33549266850819814
-1.6412199086340364,0.2561594150183963,-1.3147697935878453,-0.7493205597614351,-0.44813248226613606
-0.43601613006180956,-0.15937382068383474,1.3715593716259558,-0.6849655158271597,-0.1606279526755526
-1.5182399312287072,1.5027591221250893,-1.7055085812553072,-0.19157684566438285,-1.010870006647705
0.7691876485104173,1.0872258864228583,0.24818535708200254,-1.3070642738584874,0.26536961251049485
-0.362228143618612,-1.6829956849253485,-1.1194003997541144,0.9239105825297209,-0.9687961730490829
-0.43601613006180956,-1.1289513706557073,-1.5589815358800092,-2.07932480106979,-0.48845323946481545
0.8429756349536149,0.2561594150183963,0.1993430086235698,-0.513352065335759,-0.7128470186574659
-1.3214719673801802,1.6412702006924997,1.0296629324169264,-0.5348037466471843,-0.9705492494490255
-0.7065720803535339,0.11764833645098596,0.2970277055404353,-0.6420621532043097,-0.8618585126525854
1.4824715174613272,0.2561594150183963,-0.5821345667113542,-1.564484449595588,0.007667381718935275
0.2772677388891002,0.6716926507206273,-0.04486873366859395,-0.7922239223842851,-0.4691693990654471
1.0643395942832077,-0.5749070563860658,0.345870053998868,-0.42754534009005896,-0.6199339694605092
-0.6819760848724681,1.6412702006924997,-0.5821345667113542,-1.0925474607442367,-0.4428732530663083
-1.7396038905582998,-0.9904402920882969,-0.3867651728776232,-1.8433563066441143,-0.5936378234613704
0.8183796394725491,-0.29788489925124506,-0.5821345667113542,-0.3631902961557836,0.1040865837157773
1.138127580726405,1.2257369649902687,-0.7775039605450852,-0.38464197746720896,-0.5007247742644135
-0.8049560622777974,-1.2674624492231175,-0.04486873366859395,-0.5562554279586097,-0.896920040651437
-0.28844015717541444,-0.7134181349534762,0.15050066016513702,-0.2344802082872336,-0.7479085466563176
0.8921676259157466,-0.15937382068383474,0.931978235500061,0.6664904067926202,-1.1107953614444321
-0.6819760848724681,0.39467049358580664,0.8342935385831954,-0.7707722410728605,-0.36223173866894953
-0.5098041165050071,-0.15937382068383474,-1.2659274451294127,-0.8351272850071351,-0.2921086826712463
1.1135315852453394,0.11764833645098596,-0.6798192636282196,-0.10577012041868285,-0.7514146994562028
-0.6327840939103364,0.6716926507206273,-1.3636121420462781,0.6021353628583448,-1.0844992154452933
1.2611075581317344,-1.4059735277905279,1.27387467470909,-0.5991587905814597,0.1216173477152031
-0.01788420688369001,-0.15937382068383474,0.05281596324827154,-0.3202869335329336,-0.036159528279629274
1.187319571688537,-1.6829956849253485,-0.7775039605450852,-0.44899702140148434,-0.8110192970542506
-0.4606121255428754,-0.5749070563860658,0.345870053998868,0.08729501138414254,-1.0178823122474752
0.9167636213968124,0.39467049358580664,-0.3379228244191904,-0.47044870271290895,-0.8145254498541358
-0.6819760848724681,0.8102037292880377,0.49239709937416626,-0.2344802082872336,-0.7233654770571215
1.334895544574932,0.948714807855448,-1.0705580512956816,-0.34173861484435897,-0.11504796627704547
-0.09167219332688757,-1.5444846063579383,-0.7775039605450852,-0.2559318895986582,0.2495919249110116
0.5970156801429564,1.6412702006924997,-1.2659274451294127,-0.3631902961557836,-0.8267969846537339
-0.48520812102394123,-0.8519292135208865,-0.7286616120866524,-2.6585201964782668,-0.0642087506787106
-0.9525320351641925,-1.5444846063579383,-0.04486873366859395,-0.2988352522215082,-0.9845738606485662
1.6054514948666565,0.8102037292880377,-1.3147697935878453,0.06584333007271792,-1.065215375045925
-0.6081880984292706,-0.9904402920882969,0.73660884166633,-1.3928709991041874,-0.5077370798641838
0.9659556123589442,0.533181572153217,0.1993430086235698,0.06584333007271792,-0.5568232190625761
-1.7396038905582998,0.2561594150183963,1.322717023167523,-1.8862596692669642,0.11285196571549021
-1.2722799764180486,1.5027591221250893,-0.14255343058545944,-0.12722180173010822,-0.830303137453619
-0.06707619784582172,-0.15937382068383474,-0.5821345667113542,-0.7278688784500097,-0.6795385670585569
1.3840875355370637,-0.7134181349534762,1.3715593716259558,-0.49190038402433434,-0.1325787302764713
1.2857035536128003,-0.8519292135208865,1.6646134623765523,-0.19157684566438285,-0.7373900882566621
-1.223087985455917,0.8102037292880377,0.8342935385831954,-0.2559318895986582,-0.7181062478572937
1.6300474903477222,-0.8519292135208865,0.39471240245730077,-0.40609365877863357,-0.595390899861313
-0.878744048720995,-0.29788489925124506,0.003973614789838794,-0.49190038402433434,-0.1395910358762416
1.4086835310181296,-0.02086274211642439,1.27387467470909,-0.12722180173010822,0.407368800905844
-0.7803600667967315,1.0872258864228583,1.0296629324169264,-2.637068515166842,-0.17465256387509326
0.49863169821869296,1.0872258864228583,-1.168242748212547,-0.6635138345157351,-0.7864762274550544
0.5970156801429564,-0.5749070563860658,-1.4612968389631436,-0.19157684566438285,0.1917404037129064
0.7199956575482857,0.8102037292880377,0.44355475091573354,-2.186583207626915,0.12687657691503085
0.9659556123589442,-1.4059735277905279,-0.04486873366859395,0.08729501138414254,-0.90568542265115
1.334895544574932,0.948714807855448,1.6157711139181195,-0.2988352522215082,-0.6953162546580401
0.10509577052163926,0.948714807855448,1.2250323262506575,-0.04141507648440746,-0.9004261934513222
-1.0017240261263243,1.2257369649902687,-1.412454490504711,0.044391648761292535,-0.7969946858547099
1.1135315852453394,1.6412702006924997,0.05281596324827154,-0.5348037466471843,-0.2289979322733133
-1.3952599538233779,-0.4363959778186554,-0.9728733543788162,-0.2988352522215082,-0.6549954974593608
-0.5589961074671388,-0.8519292135208865,1.6157711139181195,0.47342527498979403,-0.9933392426482791
0.8183796394725491,-0.02086274211642439,0.6389241447494645,-0.7064171971385851,-0.8548462070528151
1.6300474903477222,0.2561594150183963,0.44355475091573354,0.02293996744986792,-0.9723023258489681
-1.3706639583423121,0.2561594150183963,-0.24023812750232493,-0.2559318895986582,-0.6830447198584421
-0.31303615265648027,1.3642480435576791,1.3715593716259558,-2.7443269217239674,-0.7514146994562028
0.7691876485104173,-0.7134181349534762,-0.5821345667113542,-1.0067407354985358,0.3828257313066478
1.5316635084234589,0.39467049358580664,0.2970277055404353,-0.5348037466471843,-0.725118553457064
1.187319571688537,0.8102037292880377,-0.04486873366859395,-0.6206104718928843,-0.10102335507750482
-1.5920279176719048,-0.02086274211642439,-0.14255343058545944,-0.2773835709100836,-0.7268716298570066
1.4578755219802613,0.6716926507206273,1.7134558108349849,-1.0067407354985358,0.005914305318992693
0.4248437117754954,-0.15937382068383474,-1.2659274451294127,-0.5562554279586097,-0.6514893446594756
-0.4606121255428754,-0.8519292135208865,-0.9728733543788162,-0.7493205597614351,-0.9302284922503461
-1.6658159041151024,0.39467049358580664,-0.5821345667113542,-0.44899702140148434,-0.6532424210594182
-0.6327840939103364,-1.1289513706557073,-1.2170850966709799,-0.7278688784500097,-0.4551447878659064
-1.1001080080505876,0.11764833645098596,1.6157711139181195,-0.47044870271290895,-0.6637608794590737
-1.1001080080505876,-0.4363959778186554,-1.4612968389631436,0.10874669269556791,-0.9004261934513222
-0.09167219332688757,0.533181572153217,-0.6798192636282196,-0.8565789663185605,-0.7987477622546525
0.8921676259157466,0.948714807855448,1.2250323262506575,-0.7707722410728605,-0.8548462070528151
-1.1247040035316536,0.6716926507206273,0.15050066016513702,-1.328515955169912,0.06201275011715532
-0.01788420688369001,-0.7134181349534762,-1.6078238843384418,-0.6420621532043097,-0.8776362002520687
1.0397435988021417,0.11764833645098596,0.9808205839584937,-0.6420621532043097,-0.46215709346567674
-0.362228143618612,0.8102037292880377,0.931978235500061,-0.9638373728756858,-0.8022539150545377
-0.042480202364755866,0.533181572153217,1.6157711139181195,-0.49190038402433434,-0.02213491708008862
-1.4936439357476412,1.3642480435576791,-0.7286616120866524,0.7522971320383202,-0.9740554022489107
0.4002477162944295,1.6412702006924997,1.2250323262506575,-1.6073878122184382,-0.616427816660624
1.0643395942832077,0.11764833645098596,-0.5821345667113542,-0.2988352522215082,-0.5024778506643561
0.9659556123589442,-1.1289513706557073,-0.19139577904389218,-0.38464197746720896,0.014679687318705604
-0.8049560622777974,0.39467049358580664,-0.2890804759607577,0.02293996744986792,-0.6900570254582123
-0.4606121255428754,-0.9904402920882969,0.9808205839584937,0.23745678056411867,-1.0424253818466713
-0.41142013458074367,-0.4363959778186554,0.49239709937416626,-0.8136756036957105,-0.46215709346567674
-1.2968759718991145,-1.4059735277905279,0.5900817962910317,-0.2559318895986582,-0.8548462070528151
-1.0755120125695217,1.5027591221250893,-1.6078238843384418,-0.6849655158271597,-0.9354877214501739
0.9413596168778784,-1.5444846063579383,-0.24023812750232493,-0.3631902961557836,-0.9004261934513222
0.5478236891808247,-0.15937382068383474,-0.6309769151697869,-0.513352065335759,-0.7356370118567195
-0.2392481662132827,0.8102037292880377,-0.14255343058545944,-0.38464197746720896,-0.06596182707865317
0.6216116756240222,1.2257369649902687,0.345870053998868,-0.7064171971385851,-0.6883039490582699
-0.7803600667967315,-1.4059735277905279,-1.3636121420462781,-0.5777071092700343,0.15667887571405475
-0.43601613006180956,0.533181572153217,-1.168242748212547,0.38761854974409404,-0.9565246382494849
0.10509577052163926,-1.2674624492231175,0.6389241447494645,-0.7064171971385851,-0.8408215958532744
-0.7557640713156657,-0.8519292135208865,1.2250323262506575,-0.5991587905814597,0.4652203221039492
-1.6166239131529705,-1.5444846063579383,1.6646134623765523,-0.8136756036957105,-0.6409708862598201
-1.7396038905582998,0.948714807855448,0.15050066016513702,-1.6717428561527135,-0.6637608794590737
0.7937836439914832,-0.29788489925124506,-0.24023812750232493,-0.513352065335759,-0.5445516842629781
-0.26384416169434854,-0.15937382068383474,0.6877664932078973,-2.937392053526793,0.1899873273129638
0.44943970725656124,-0.7134181349534762,-1.412454490504711,-0.2988352522215082,-0.7706985398555711
-1.223087985455917,-0.15937382068383474,-1.0705580512956816,-0.2773835709100836,-0.04843106307922735
0.44943970725656124,1.5027591221250893,1.6646134623765523,-0.5562554279586097,-0.8548462070528151
0.9413596168778784,-1.5444846063579383,0.73660884166633,0.6664904067926202,-1.0669684514458675
-0.878744048720995,0.948714807855448,0.39471240245730077,0.40907023105551865,0.8719340468906283
-0.41142013458074367,1.6412702006924997,0.931978235500061,-1.7146462187755636,0.8281071368920637
0.7199956575482857,1.0872258864228583,0.7854511901247627,0.8166521759725955,0.27764114731009293
1.3102995490938663,-1.2674624492231175,-1.5101391874215764,0.1731017366298433,-0.9898330898483939
1.5562595039045246,1.2257369649902687,1.4692440685428212,-0.34173861484435897,-0.767192387055686
-1.3706639583423121,0.6716926507206273,1.518086417001254,-0.49190038402433434,-0.8110192970542506
0.35105572533229784,-0.4363959778186554,1.4692440685428212,-0.6206104718928843,-0.3008740646709592
-1.4936439357476412,1.2257369649902687,0.44355475091573354,-2.4011000207411657,0.3127026753089446
-0.5589961074671388,-0.8519292135208865,1.518086417001254,0.2160050992526933,-1.0073638538478198
-1.2476839809369829,0.948714807855448,1.2250323262506575,1.0955240330211218,0.5511210657011357
-0.06707619784582172,-1.4059735277905279,-0.8263463090035179,-0.08431843910725746,-1.0844992154452933
-1.690411899596168,0.2561594150183963,-0.7286616120866524,0.5592320002354948,2.421653584439871
0.5478236891808247,-0.02086274211642439,-1.021715702837249,1.2027824395782472,-0.5007247742644135
-1.223087985455917,-1.4059735277905279,-1.0705580512956816,0.044391648761292535,2.3147159240433735
1.2365115626506686,1.6412702006924997,-0.0937110821270267,-1.0067407354985358,0.5423556837014228
-0.28844015717541444,-1.2674624492231175,-0.6798192636282196,0.5377803189240694,0.26361653611055225
-1.4690479402665755,1.6412702006924997,1.7134558108349849,0.7093937694154702,-1.107289208644547
1.5316635084234589,1.3642480435576791,1.518086417001254,0.4519735936783694,0.36003573810739425
-0.41142013458074367,-0.29788489925124506,0.5900817962910317,0.5806836815469194,1.0542539924846568
-1.542835926709773,0.8102037292880377,0.05281596324827154,-1.9720663945126642,2.3287405352429142
-0.14086418428901928,0.8102037292880377,-0.6309769151697869,-0.01996339517298284,1.4294123420723694
-1.0017240261263243,-1.4059735277905279,-0.0937110821270267,-2.2080348889383403,0.09181504891617921
-0.7557640713156657,-0.15937382068383474,0.15050066016513702,1.6103643844953233,-0.6988224074579253
-0.16546017977008515,-0.8519292135208865,1.127347629333792,0.32326350580981866,0.17771579251336575
0.35105572533229784,-1.2674624492231175,-0.8263463090035179,-0.7064171971385851,0.22855500811170062
0.5970156801429564,-1.5444846063579383,-1.168242748212547,0.7522971320383202,-1.0704746042457527
-0.14086418428901928,0.6716926507206273,1.4692440685428212,1.245685802201097,-0.36223173866894953
-1.198491989974851,-1.6829956849253485,-0.24023812750232493,-0.513352065335759,-0.8706238946522984
-0.41142013458074367,1.2257369649902687,-1.0705580512956816,1.245685802201097,-0.4376140238664806
0.5478236891808247,-0.7134181349534762,1.322717023167523,-1.1569025046785113,-0.06771490347859575
-0.9279360396831267,0.39467049358580664,1.127347629333792,-0.1701251643529582,-0.8758831238521261
-1.3460679628612462,1.6412702006924997,-0.9240310059203835,-2.07932480106979,0.20401193851250446
-1.1247040035316536,-1.1289513706557073,-0.19139577904389218,-0.2344802082872336,1.9886437136540533
0.7691876485104173,1.2257369649902687,-1.1194003997541144,0.34471518712124405,0.1899873273129638
0.10509577052163926,-0.5749070563860658,1.4204017200843884,1.2242341208896717,-0.1711464110752081
-0.8049560622777974,-0.4363959778186554,-0.04486873366859395,0.1731017366298433,-1.0546969166462694
-0.6327840939103364,0.8102037292880377,-1.0705580512956816,-0.2559318895986582,-0.6024032054610833
-1.5182399312287072,-0.8519292135208865,1.2250323262506575,-0.513352065335759,-0.6970693310579827
1.4578755219802613,-0.8519292135208865,-1.3636121420462781,0.9882656264639963,0.8228479076922359
-0.5835921029482046,1.2257369649902687,-1.412454490504711,-0.513352065335759,-0.8618585126525854
1.6546434858287882,0.533181572153217,-0.3379228244191904,-0.06286675779583284,-1.0564499930462121
-1.5182399312287072,-1.4059735277905279,-1.6566662327968746,-0.8780306476299858,-0.3078863702707295
1.187319571688537,0.39467049358580664,-0.3867651728776232,-0.38464197746720896,-0.34996020386935145
-0.5835921029482046,-1.6829956849253485,-0.3379228244191904,0.9024589012182955,0.3144557517088871
0.17888375696483683,0.6716926507206273,0.44355475091573354,0.9024589012182955,1.5170661620694985
0.9413596168778784,-0.7134181349534762,-1.3147697935878453,1.1169757143325463,0.19524655651279155
-1.6412199086340364,-1.2674624492231175,-1.6078238843384418,-0.9423856915642604,-0.6777854906586144
-0.09167219332688757,1.6412702006924997,-1.6078238843384418,-0.2559318895986582,2.1639513536483115
-0.9525320351641925,-1.1289513706557073,-1.168242748212547,-0.7707722410728605,2.8599226844255163
-1.690411899596168,1.6412702006924997,0.15050066016513702,0.06584333007271792,-1.0634622986459823
0.8675716304346808,-1.4059735277905279,-1.021715702837249,-0.2344802082872336,-0.5901316706614852
0.17888375696483683,1.6412702006924997,-1.412454490504711,0.1301983740069933,1.5381030788688095
0.8921676259157466,-0.02086274211642439,0.8342935385831954,-2.2723899328726156,0.5213187669021119
-0.042480202364755866,-0.9904402920882969,0.44355475091573354,-0.40609365877863357,-0.8864015822517816
0.22807574792696855,1.5027591221250893,-0.4844498697944887,-0.40609365877863357,-0.6830447198584421
0.006711788597375844,-0.15937382068383474,-0.5332922182529214,-2.7872302843468173,-0.31314559947055726
1.138127580726405,1.3642480435576791,-0.3379228244191904,0.06584333007271792,-0.9845738606485662
1.4086835310181296,1.5027591221250893,0.345870053998868,0.9668139451525709,0.047988138917614664
-1.223087985455917,-1.2674624492231175,-0.5821345667113542,-0.40609365877863357,-0.565588601062289
0.4002477162944295,0.2561594150183963,0.2970277055404353,0.044391648761292535,-0.9389938742500591
-1.7396038905582998,-1.5444846063579383,0.8831358870416283,0.47342527498979403,0.29341883490957615
-1.5920279176719048,-0.9904402920882969,0.2970277055404353,0.6664904067926202,2.6250104468332105
-1.690411899596168,0.8102037292880377,0.15050066016513702,-0.34173861484435897,-0.7373900882566621
-1.6166239131529705,-1.4059735277905279,1.5669287654596866,-1.4143226804156128,-0.511243232664069
-1.715007895077234,1.3642480435576791,-0.9728733543788162,0.7737488133497455,0.6878610248966571
-1.5920279176719048,-1.4059735277905279,0.1993430086235698,0.08729501138414254,-0.6742793378587292
-0.042480202364755866,1.2257369649902687,-0.0937110821270267,0.6664904067926202,0.5791702881002171
0.2034797524459027,-1.6829956849253485,0.9808205839584937,0.4519735936783694,2.686368120831201
-0.8049560622777974,-0.5749070563860658,0.49239709937416626,-0.3631902961557836,-0.6532424210594182
-0.7065720803535339,-0.7134181349534762,-0.19139577904389218,0.4519735936783694,0.012926610918763022
0.3018637343701661,0.11764833645098596,-0.24023812750232493,0.2589084618755433,-0.11504796627704547
0.8183796394725491,-0.9904402920882969,0.1016583117067043,0.9882656264639963,-0.4270955654668251
1.1135315852453394,-1.5444846063579383,-0.19139577904389218,-1.1139991420556612,2.2182967220465315
-0.534400111986073,0.533181572153217,0.541239447832599,1.1169757143325463,0.6159848924990112
0.7445916530293515,-1.5444846063579383,0.15050066016513702,0.08729501138414254,3.0282180188200045
0.7937836439914832,-1.5444846063579383,-0.5332922182529214,-0.38464197746720896,-0.8373154430533893
-1.2968759718991145,-0.4363959778186554,-1.3636121420462781,0.6664904067926202,2.120124443649747
-1.1247040035316536,1.2257369649902687,-1.0705580512956816,0.40907023105551865,-1.0634622986459823
0.05590377955950755,1.6412702006924997,-0.7775039605450852,-0.47044870271290895,-0.6620078030591311
1.6546434858287882,1.0872258864228583,-1.3147697935878453,0.6450387254811948,0.41262803010567173
1.5808554993855906,1.5027591221250893,-0.5821345667113542,-1.9506147132012397,0.1409011881145715
0.2526717434080344,1.6412702006924997,-1.7055085812553072,0.4519735936783694,2.165704430048254
1.138127580726405,1.6412702006924997,1.5669287654596866,-1.821904625332689,2.8266142328266075
-1.6412199086340364,0.8102037292880377,0.6389241447494645,-0.49190038402433434,-0.13783795947629904
-0.878744048720995,-1.4059735277905279,-0.8263463090035179,-2.8730370095925175,0.5844295173000448
0.17888375696483683,-1.1289513706557073,-0.19139577904389218,-0.3202869335329336,-0.7934885330548247
0.9167636213968124,1.3642480435576791,1.2250323262506575,1.1384273956439717,-0.6672670322589588
1.162723576207471,0.6716926507206273,-0.8751886574619506,0.8595555385954455,2.0254583180528476
-1.4936439357476412,0.2561594150183963,1.6157711139181195,-1.8862596692669642,-0.3043802174708443
-0.28844015717541444,-1.5444846063579383,0.7854511901247627,1.0311689890868463,-0.809266220654308
-1.198491989974851,-1.6829956849253485,-1.1194003997541144,-0.6635138345157351,0.2303080845116432
0.35105572533229784,0.2561594150183963,-1.2170850966709799,0.1731017366298433,-0.9793146314487384
1.187319571688537,1.5027591221250893,-1.3636121420462781,0.4519735936783694,0.19875270931267672
0.6953996620672198,-0.5749070563860658,-0.2890804759607577,-0.06286675779583284,1.590695370867087
-1.2476839809369829,1.5027591221250893,-0.9728733543788162,-0.3631902961557836,0.05149429171749983
-1.1492999990127193,-0.7134181349534762,0.9808205839584937,1.1598790769553964,0.5826764409001022
0.9659556123589442,-1.1289513706557073,-0.9240310059203835,0.10874669269556791,0.5055410793026286
1.5808554993855906,0.8102037292880377,1.6646134623765523,1.7605261536752994,-0.6076624346609111
1.507067512942393,1.0872258864228583,0.8342935385831954,1.8892362415438486,-0.8232908318538487
0.05590377955950755,-0.15937382068383474,0.7854511901247627,-0.7064171971385851,-0.830303137453619
1.0889355897642734,0.533181572153217,1.27387467470909,1.2242341208896717,0.5774172117002745
-1.3706639583423121,0.11764833645098596,-0.8263463090035179,-0.5348037466471843,-0.5375393786632078
-0.31303615265648027,-0.29788489925124506,-0.8751886574619506,0.06584333007271792,-0.6725262614587866
1.162723576207471,0.39467049358580664,-1.7055085812553072,0.044391648761292535,1.112105513682762
-1.198491989974851,0.533181572153217,1.1761899777922247,-0.5991587905814597,-0.9004261934513222
0.44943970725656124,-0.4363959778186554,-0.04486873366859395,-2.16513152631549,0.009420458118877857
1.162723576207471,-0.7134181349534762,-0.14255343058545944,0.7952004946611702,0.2601103833106671
-0.7557640713156657,-0.4363959778186554,-0.04486873366859395,0.9668139451525709,0.9034894220895947
0.35105572533229784,-0.7134181349534762,-0.9728733543788162,-1.0710957794328113,-0.0010980002807776353
0.12969176600270513,0.533181572153217,1.518086417001254,1.3743958900696471,0.06902505571692565
0.5970156801429564,1.3642480435576791,-0.5821345667113542,1.3743958900696471,-0.29386175907118883
-0.6819760848724681,-0.7134181349534762,-1.5101391874215764,0.4948769563012194,-0.11855411907693064
-0.9525320351641925,-0.9904402920882969,-0.7775039605450852,-0.44899702140148434,-0.8618585126525854
1.0643395942832077,1.3642480435576791,1.518086417001254,0.36616686843266866,0.40210957170601624
-0.5835921029482046,-0.02086274211642439,1.1761899777922247,0.9668139451525709,-0.6812916434584995
-0.43601613006180956,-1.5444846063579383,1.6646134623765523,-1.8433563066441143,3.5173263344039847
0.8921676259157466,0.6716926507206273,1.27387467470909,-0.6420621532043097,-0.7005754838578679
-0.9771280306452583,-1.6829956849253485,-1.412454490504711,-0.7922239223842851,0.11986427131526053
-1.02632002160739,-0.15937382068383474,1.3715593716259558,-0.6206104718928843,-0.7636862342558008
0.32645972985123195,-1.5444846063579383,-1.3636121420462781,0.4519735936783694,0.3091965225090594
-0.7557640713156657,0.8102037292880377,-0.9728733543788162,0.5806836815469194,-0.1518625706758397
0.17888375696483683,-1.6829956849253485,0.8342935385831954,-0.5991587905814597,3.2894264024114492
-1.4444519447855095,1.0872258864228583,-1.6078238843384418,1.1813307582668218,-0.8022539150545377
-1.542835926709773,0.11764833645098596,-0.04486873366859395,-2.2938416141840405,-0.34996020386935145
0.9413596168778784,-0.29788489925124506,1.7134558108349849,-0.7064171971385851,0.10233350731583471
-1.7396038905582998,-0.9904402920882969,-0.04486873366859395,-0.8994823289414104,-0.947759256249772
-0.19005617525115098,0.39467049358580664,-0.9728733543788162,-0.42754534009005896,-0.947759256249772
-1.690411899596168,-0.8519292135208865,-0.8263463090035179,-0.14867348304153283,-0.5708478302621168
0.8921676259157466,0.39467049358580664,-0.0937110821270267,1.503105977938198,-0.7461554702563751
-0.7557640713156657,-0.29788489925124506,0.931978235500061,0.32326350580981866,2.593455071634244
1.507067512942393,-0.29788489925124506,0.39471240245730077,-0.2559318895986582,-0.8828954294518965
0.32645972985123195,0.39467049358580664,-1.3636121420462781,0.2160050992526933,2.0026683248535937
1.4824715174613272,-0.29788489925124506,-0.8263463090035179,0.40907023105551865,0.26712268891043744
1.5316635084234589,0.8102037292880377,1.0785052808753592,-0.8565789663185605,-0.2412694670729114
-0.878744048720995,1.6412702006924997,0.6389241447494645,0.7093937694154702,1.581929988867374
0.15428776148377096,-0.29788489925124506,0.5900817962910317,-1.907711350578389,-0.3061332938707869
1.2857035536128003,0.6716926507206273,-1.168242748212547,0.02293996744986792,0.8298602132920063
-0.5835921029482046,1.3642480435576791,-1.4612968389631436,-1.5430327682841627,-0.3885278846680883
1.5562595039045246,-0.15937382068383474,-0.5332922182529214,0.7093937694154702,0.8473909772914321
1.679239481309854,-1.1289513706557073,0.44355475091573354,-0.7278688784500097,-0.5936378234613704
1.679239481309854,0.11764833645098596,-0.14255343058545944,-0.19157684566438285,-0.7794639218552841
1.1135315852453394,-0.15937382068383474,-0.3867651728776232,-0.04141507648440746,-0.926722339450461
0.7691876485104173,1.0872258864228583,0.931978235500061,-0.12722180173010822,-0.05719644507894026
1.334895544574932,-0.8519292135208865,0.1993430086235698,-0.7922239223842851,-0.46215709346567674
-0.042480202364755866,0.533181572153217,-0.5821345667113542,1.1813307582668218,-0.3885278846680883
0.4740357027376271,1.3642480435576791,-0.0937110821270267,-0.8780306476299858,-0.8355623666534467
-1.690411899596168,-1.5444846063579383,1.127347629333792,1.2885891648239471,-0.2798371478716482
0.2526717434080344,-0.15937382068383474,-0.6798192636282196,-0.7278688784500097,-0.8951669642514946
-0.43601613006180956,-1.5444846063579383,0.24818535708200254,-0.9852890541871112,0.6773425664970016
0.3756517208133637,-1.6829956849253485,-0.4844498697944887,-0.12722180173010822,0.06727197931698306
-1.0755120125695217,-0.9904402920882969,-0.3867651728776232,-2.722875240412542,-0.8320562138535615
-1.3214719673801802,0.8102037292880377,0.24818535708200254,-0.5562554279586097,-0.7444023938564325
-1.6658159041151024,-1.6829956849253485,1.3715593716259558,-0.08431843910725746,-0.3990463430677438
-1.542835926709773,1.5027591221250893,1.5669287654596866,-0.42754534009005896,-0.6830447198584421
0.7199956575482857,1.0872258864228583,-1.2170850966709799,-0.2988352522215082,-0.10628258427733256
0.6216116756240222,1.6412702006924997,-1.168242748212547,-0.40609365877863357,-0.7198593242572363
-1.1492999990127193,-1.2674624492231175,-0.9728733543788162,0.02293996744986792,-1.010870006647705
-0.19005617525115098,1.6412702006924997,1.27387467470909,-0.10577012041868285,-0.9302284922503461
-0.31303615265648027,-1.6829956849253485,0.8342935385831954,0.7737488133497455,-1.0546969166462694
0.44943970725656124,-0.9904402920882969,1.6646134623765523,0.28036014318696867,-1.0073638538478198
0.3018637343701661,0.2561594150183963,-0.04486873366859395,-0.19157684566438285,-0.19744255707434683
1.3840875355370637,-0.9904402920882969,-1.168242748212547,-0.10577012041868285,-0.9407469506500017
-0.7311680758345999,-0.02086274211642439,0.49239709937416626,-0.40609365877863357,-0.9214631102506332
0.35105572533229784,-1.1289513706557073,0.5900817962910317,-0.6849655158271597,-0.5778601358618871
-0.8295520577588632,-0.7134181349534762,1.6646134623765523,-0.2988352522215082,-0.5217616910637245
-0.26384416169434854,-0.9904402920882969,-1.5589815358800092,-0.9209340102528358,-0.863611589052528
1.5562595039045246,1.2257369649902687,-1.7055085812553072,-0.5562554279586097,-0.7058347130576956
-0.43601613006180956,1.3642480435576791,0.05281596324827154,-0.7064171971385851,-0.8653646654524706
0.6953996620672198,-0.15937382068383474,1.518086417001254,-0.49190038402433434,-0.48670016306487285
-1.4198559493044438,-0.5749070563860658,0.05281596324827154,-1.3499676364813373,-0.6076624346609111
0.05590377955950755,-1.1289513706557073,1.7134558108349849,-0.5348037466471843,-0.6935631782580975
-0.48520812102394123,0.6716926507206273,0.5900817962910317,0.34471518712124405,-1.010870006647705
-1.1247040035316536,-0.15937382068383474,-0.4844498697944887,0.1945534179412679,-1.044178458246614
0.4740357027376271,-1.2674624492231175,-0.14255343058545944,0.044391648761292535,-0.5357863022632652
0.5478236891808247,0.6716926507206273,-0.8263463090035179,-0.7493205597614351,-0.6585016502592459
1.3840875355370637,-1.2674624492231175,-1.0705580512956816,-1.6288394935298636,-0.016875687880260875
-0.9525320351641925,0.2561594150183963,-0.4356075213360559,-0.7707722410728605,-0.6830447198584421
-0.7557640713156657,1.6412702006924997,1.3715593716259558,-0.8565789663185605,0.5072941557025712
0.3018637343701661,0.533181572153217,-1.3636121420462781,-0.1701251643529582,-0.9162038810508055
-1.690411899596168,-0.29788489925124506,0.05281596324827154,-0.2773835709100836,-0.725118553457064
-0.854148053239929,-0.5749070563860658,0.345870053998868,-0.04141507648440746,-0.9933392426482791
-1.4444519447855095,-0.4363959778186554,0.05281596324827154,-1.4786777243498874,-0.6760324142586718
0.2526717434080344,-0.29788489925124506,0.541239447832599,-0.8994823289414104,0.7124040944958533
-1.02632002160739,-1.6829956849253485,-0.5821345667113542,-0.38464197746720896,-1.005610777447877
-0.48520812102394123,-0.5749070563860658,-0.8751886574619506,-2.5083584272982913,-0.8250439082537913
-1.02632002160739,-0.4363959778186554,0.73660884166633,-0.6206104718928843,-0.43060171826671023
0.8921676259157466,-0.15937382068383474,0.49239709937416626,-0.5348037466471843,-0.7268716298570066
0.05590377955950755,0.6716926507206273,1.27387467470909,-0.34173861484435897,-0.7514146994562028
-1.6166239131529705,0.2561594150183963,-1.0705580512956816,-0.5777071092700343,-0.6585016502592459
-1.6658159041151024,-1.2674624492231175,0.39471240245730077,-0.47044870271290895,-0.44988555866607866
1.679239481309854,-0.4363959778186554,1.127347629333792,-0.5777071092700343,-0.7128470186574659
0.5724196846618905,0.533181572153217,-0.5332922182529214,0.10874669269556791,-1.1055361322446045
0.32645972985123195,0.39467049358580664,1.127347629333792,-0.5348037466471843,-0.7005754838578679
-1.690411899596168,-0.02086274211642439,0.24818535708200254,0.47342527498979403,-0.9775615550487958
0.7199956575482857,0.39467049358580664,-0.2890804759607577,-0.40609365877863357,-0.9004261934513222
-0.878744048720995,1.5027591221250893,-0.7775039605450852,-2.2938416141840405,0.7018856360961978
0.4002477162944295,0.39467049358580664,0.6877664932078973,-3.1090055040181936,0.2864065293098058
-0.3376321481375461,-0.7134181349534762,0.05281596324827154,-0.42754534009005896,-0.9232161866505758
1.2365115626506686,0.2561594150183963,0.2970277055404353,-0.513352065335759,-0.6620078030591311
0.2772677388891002,-0.29788489925124506,-0.9728733543788162,-0.44899702140148434,-0.5778601358618871
-1.4198559493044438,-0.9904402920882969,-1.168242748212547,-0.3202869335329336,0.365294967307222
0.7937836439914832,-0.02086274211642439,0.1993430086235698,-0.40609365877863357,-0.8180316026540209
0.08049977504057342,0.39467049358580664,0.9808205839584937,-1.8433563066441143,-0.8232908318538487
-1.050916017088456,-1.6829956849253485,-1.4612968389631436,-0.44899702140148434,0.11811119491531795
1.507067512942393,1.2257369649902687,0.6389241447494645,-0.47044870271290895,-0.7531677758561454
0.9659556123589442,0.948714807855448,0.6389241447494645,-0.2773835709100836,-0.8583523598527003
1.4578755219802613,-0.15937382068383474,-0.9728733543788162,-0.6635138345157351,-0.7058347130576956
-1.050916017088456,1.0872258864228583,0.1993430086235698,-0.08431843910725746,-1.0301538470470732
0.9167636213968124,1.3642480435576791,0.73660884166633,0.9024589012182955,-1.0161292358475327
-0.28844015717541444,0.533181572153217,-0.7286616120866524,-1.2212575486127866,-0.34996020386935145
-0.7557640713156657,0.8102037292880377,-0.5332922182529214,-0.14867348304153283,-0.9512654090496572
-1.3952599538233779,-0.5749070563860658,-1.6566662327968746,-0.7064171971385851,-0.18341794587480617
1.138127580726405,0.8102037292880377,0.931978235500061,-0.8994823289414104,-0.20445486267411717
-1.3706639583423121,-0.9904402920882969,-0.5821345667113542,-0.6635138345157351,-0.4814409338650451
-0.48520812102394123,1.2257369649902687,0.003973614789838794,-0.12722180173010822,-0.6059093582609685
0.6953996620672198,0.11764833645098596,0.6877664932078973,-0.2130285269758082,-0.6725262614587866
-0.31303615265648027,-0.4363959778186554,0.541239447832599,-0.7064171971385851,-0.767192387055686
1.6054514948666565,-0.8519292135208865,1.7134558108349849,-0.2988352522215082,-0.15887487627561003
-1.3952599538233779,-0.02086274211642439,-1.0705580512956816,-0.47044870271290895,-0.4007994194676864
-0.878744048720995,-0.29788489925124506,1.3715593716259558,-0.5562554279586097,-0.1220602718768158
-0.48520812102394123,0.8102037292880377,0.7854511901247627,-1.9720663945126642,-0.2991209882710166
-1.2476839809369829,0.6716926507206273,0.05281596324827154,-0.8994823289414104,-0.9109446518509777
-0.042480202364755866,-0.02086274211642439,1.322717023167523,-0.5348037466471843,-0.5077370798641838
0.5970156801429564,-0.15937382068383474,1.518086417001254,-0.3631902961557836,-0.7531677758561454
-1.3706639583423121,-0.29788489925124506,0.6389241447494645,-0.7707722410728605,-0.8741300474521835
1.2119155671696027,1.0872258864228583,0.24818535708200254,0.9239105825297209,-1.0967707502448913
-0.31303615265648027,1.5027591221250893,-1.2659274451294127,-0.9638373728756858,-0.4130709542672844
-0.6081880984292706,-0.02086274211642439,-0.24023812750232493,-1.3928709991041874,-0.1220602718768158
1.679239481309854,-0.02086274211642439,1.1761899777922247,-0.513352065335759,-0.9091915754510351
0.670803666586154,-0.15937382068383474,-0.7286616120866524,0.4519735936783694,-1.0757338334455804
0.006711788597375844,0.8102037292880377,-0.24023812750232493,0.06584333007271792,-0.8916608114516094
1.4578755219802613,-0.4363959778186554,0.5900817962910317,-0.9852890541871112,-0.5340332258633226
0.35105572533229784,0.8102037292880377,1.518086417001254,-0.9638373728756858,-0.8022539150545377
0.8429756349536149,-0.4363959778186554,0.541239447832599,-0.7278688784500097,-0.7058347130576956
0.32645972985123195,-0.5749070563860658,-0.7286616120866524,-2.6585201964782668,-0.14309718867612678
0.4002477162944295,1.5027591221250893,-0.9240310059203835,-0.7064171971385851,0.15317272291416958
1.334895544574932,0.6716926507206273,-1.0705580512956816,-0.44899702140148434,-0.893413887851552
0.17888375696483683,1.6412702006924997,-1.168242748212547,0.001488286138442538,-0.8338092902535041
0.9659556123589442,-0.5749070563860658,0.2970277055404353,0.516328637612644,-1.065215375045925
-0.8049560622777974,-0.5749070563860658,0.49239709937416626,-1.1569025046785113,-0.29736791187107403
0.9413596168778784,-1.2674624492231175,0.24818535708200254,0.9453622638411455,-1.098523826644834
1.334895544574932,-1.2674624492231175,-1.2170850966709799,-0.38464197746720896,-0.6672670322589588
-0.5589961074671388,-1.6829956849253485,1.3715593716259558,-0.1701251643529582,0.0830496669164663
-0.8049560622777974,-1.6829956849253485,-0.2890804759607577,-0.47044870271290895,-0.8373154430533893
-1.1001080080505876,-1.5444846063579383,-1.2170850966709799,-2.143679845004065,-0.4411201766663657
0.8183796394725491,1.3642480435576791,-1.3147697935878453,-1.8862596692669642,0.037469680517959174
1.2119155671696027,-0.15937382068383474,0.6389241447494645,-0.40609365877863357,-0.6847977962583847
0.17888375696483683,0.11764833645098596,-0.5332922182529214,-0.01996339517298284,-0.8864015822517816
0.10509577052163926,0.39467049358580664,0.931978235500061,-0.08431843910725746,-0.6883039490582699
-1.7396038905582998,1.2257369649902687,1.27387467470909,-2.6585201964782668,-0.5690947538621742
-0.7557640713156657,1.2257369649902687,0.15050066016513702,-1.0925474607442367,-0.7093408658575808
1.6054514948666565,1.5027591221250893,0.05281596324827154,-0.6849655158271597,-0.809266220654308
1.5316635084234589,-1.6829956849253485,-0.5332922182529214,-3.0661021413953433,-0.221985626673543
1.359491540055998,1.3642480435576791,1.518086417001254,-0.5991587905814597,-0.6953162546580401
0.8921676259157466,-0.7134181349534762,0.1993430086235698,-0.2344802082872336,0.15317272291416958
-1.7396038905582998,1.2257369649902687,0.5900817962910317,0.8595555385954455,-1.0424253818466713
-0.6327840939103364,0.39467049358580664,-0.24023812750232493,-0.42754534009005896,-0.7619331578558582
-1.4690479402665755,0.2561594150183963,0.6389241447494645,0.1731017366298433,-1.010870006647705
-0.9279360396831267,-1.6829956849253485,0.39471240245730077,-0.10577012041868285,-1.0389192290467861
1.3840875355370637,-1.5444846063579383,0.8342935385831954,-1.1354508233670866,-0.6444770390597052
1.3840875355370637,0.6716926507206273,-0.6309769151697869,-3.1090055040181936,-0.6847977962583847
1.2611075581317344,1.2257369649902687,-0.14255343058545944,-0.6206104718928843,-0.2588002310723372
0.4740357027376271,-0.02086274211642439,-0.4356075213360559,-0.5777071092700343,-0.6865508726583273
-1.7396038905582998,0.6716926507206273,1.4692440685428212,0.044391648761292535,-0.8758831238521261
-0.28844015717541444,0.948714807855448,-0.24023812750232493,0.43052191236694404,-1.098523826644834
0.7445916530293515,0.11764833645098596,1.2250323262506575,0.10874669269556791,-1.0213884650473604
-0.362228143618612,-0.9904402920882969,0.49239709937416626,-0.7493205597614351,0.23732039011141354
-0.21465217073221685,1.6412702006924997,0.8831358870416283,-0.5777071092700343,-0.41131787786734186
1.3102995490938663,1.2257369649902687,-0.4844498697944887,-2.7657786030353924,-0.7005754838578679
0.5970156801429564,1.5027591221250893,0.44355475091573354,-2.5512617899211416,0.1216173477152031
-0.4606121255428754,-0.9904402920882969,-0.6309769151697869,-1.1569025046785113,-0.2658125366721075
1.359491540055998,-1.2674624492231175,-1.6078238843384418,0.08729501138414254,-0.9950923190482217
-0.09167219332688757,-1.1289513706557073,0.003973614789838794,-0.38464197746720896,-0.9091915754510351
1.4086835310181296,1.0872258864228583,-0.19139577904389218,-0.6206104718928843,-0.788229303854997
-0.042480202364755866,-0.29788489925124506,-0.4844498697944887,-0.49190038402433434,-0.9828207842486236
-0.38682413909967783,0.533181572153217,1.322717023167523,-0.08431843910725746,-0.9652900202491977
-0.26384416169434854,-0.15937382068383474,-0.0937110821270267,-1.0925474607442367,-0.3885278846680883
-1.6166239131529705,0.6716926507206273,-0.24023812750232493,-0.8994823289414104,-0.9828207842486236
0.5232276936997589,-0.4363959778186554,-0.24023812750232493,-0.7922239223842851,-0.7426493174564899
-0.9033400442020608,1.6412702006924997,-1.6566662327968746,-3.023198778772493,0.10759273651566245
-1.542835926709773,-1.4059735277905279,0.73660884166633,-0.08431843910725746,-0.947759256249772
1.6300474903477222,-1.1289513706557073,0.73660884166633,0.06584333007271792,-0.8040069914544802
-0.31303615265648027,-0.8519292135208865,0.931978235500061,-0.7278688784500097,-0.6304524278601646
1.187319571688537,-0.8519292135208865,1.0296629324169264,0.08729501138414254,-1.0722276806456954
-1.542835926709773,0.39467049358580664,-0.9240310059203835,-0.2130285269758082,-0.1711464110752081
1.6300474903477222,-0.29788489925124506,0.003973614789838794,-1.9506147132012397,-0.49897169786447093
-0.5098041165050071,1.3642480435576791,-0.3379228244191904,0.10874669269556791,-1.0248946178472456
1.1135315852453394,-0.8519292135208865,0.541239447832599,-2.143679845004065,-0.3867748082681457
0.9905516078400101,-1.6829956849253485,-0.4356075213360559,-0.5562554279586097,-0.8513400542529299
1.2857035536128003,0.6716926507206273,0.05281596324827154,-0.14867348304153283,-0.4130709542672844
-0.9279360396831267,-1.4059735277905279,-0.14255343058545944,-1.5859361309070128,-0.40956480146739926
0.5478236891808247,-0.15937382068383474,-1.1194003997541144,-0.5777071092700343,-0.6532424210594182
1.162723576207471,0.39467049358580664,0.345870053998868,-0.2988352522215082,-0.24302254347285396
1.6546434858287882,-0.15937382068383474,-0.8751886574619506,-1.1139991420556612,0.09181504891617921
-1.3460679628612462,0.2561594150183963,-0.0937110821270267,-0.47044870271290895,-0.8460808250531022
1.162723576207471,0.39467049358580664,-1.5101391874215764,0.1945534179412679,-1.005610777447877
-0.01788420688369001,-0.15937382068383474,-0.7775039605450852,-0.5348037466471843,-0.5007247742644135
-0.06707619784582172,0.8102037292880377,-0.5821345667113542,0.06584333007271792,-1.031906923447016
0.44943970725656124,0.8102037292880377,-0.6309769151697869,-2.5727134712325666,-0.5778601358618871
-1.542835926709773,-1.4059735277905279,-1.5101391874215764,1.052620670398271,1.4784984812707616
0.5970156801429564,1.6412702006924997,-0.9728733543788162,0.4948769563012194,1.8326199140591635
1.6546434858287882,-1.4059735277905279,0.73660884166633,0.001488286138442538,1.4732392520709339
0.6953996620672198,1.2257369649902687,-1.2170850966709799,-1.1783541859899367,3.20177258241432
-1.6658159041151024,-0.8519292135208865,1.4692440685428212,2.1252047359695245,-0.6795385670585569
-0.7803600667967315,-0.7134181349534762,1.5669287654596866,0.6664904067926202,-0.39378711386791604
-1.6658159041151024,1.5027591221250893,-0.0937110821270267,2.0179463294123994,-0.649736268259533
-1.2476839809369829,-1.4059735277905279,0.24818535708200254,0.9668139451525709,0.6703302608972314
1.1135315852453394,-1.4059735277905279,0.8342935385831954,1.1598790769553964,0.29517191130951875
1.2857035536128003,-0.02086274211642439,-0.7775039605450852,0.9882656264639963,-0.3201579050703276
-0.14086418428901928,1.3642480435576791,0.5900817962910317,1.0955240330211218,-0.5813662886617723
-1.198491989974851,-1.5444846063579383,0.49239709937416626,0.4519735936783694,0.004161228919050111
1.2365115626506686,0.2561594150183963,-0.14255343058545944,0.6879420881040448,0.8491440536913747
-0.878744048720995,-1.5444846063579383,-0.24023812750232493,0.43052191236694404,0.01993891651853335
-0.41142013458074367,-0.9904402920882969,0.7854511901247627,-0.6849655158271597,1.7922991568604838
-1.3460679628612462,1.0872258864228583,-0.04486873366859395,2.0179463294123994,-0.7233654770571215
1.4578755219802613,0.2561594150183963,-0.2890804759607577,2.1681080985923753,-0.8197846790539635
0.10509577052163926,0.39467049358580664,-1.5101391874215764,0.36616686843266866,0.19875270931267672
-0.31303615265648027,-0.02086274211642439,-1.3636121420462781,0.7952004946611702,0.011173534518820439
1.0643395942832077,1.5027591221250893,-1.168242748212547,0.9239105825297209,0.4564549401042363
0.17888375696483683,-0.9904402920882969,0.49239709937416626,0.9882656264639963,-0.5182555382638393
1.6054514948666565,0.948714807855448,-0.6309769151697869,-1.328515955169912,3.075551081618454
-0.26384416169434854,0.2561594150183963,-0.2890804759607577,1.3100408461353725,-0.6900570254582123
-0.6327840939103364,0.39467049358580664,-0.14255343058545944,0.1731017366298433,2.2691359376448665
0.2034797524459027,0.8102037292880377,1.322717023167523,2.23246314252665,-0.8653646654524706
0.8183796394725491,1.0872258864228583,0.7854511901247627,0.7308454507268948,1.145413965281671
1.3840875355370637,-0.4363959778186554,0.345870053998868,0.7737488133497455,-0.4463794058661935
-0.6327840939103364,-0.9904402920882969,-0.6309769151697869,0.6664904067926202,-0.034406451879686696
1.6546434858287882,-1.1289513706557073,-0.8751886574619506,1.2027824395782472,0.37581342570687754
0.44943970725656124,-0.29788489925124506,0.05281596324827154,-0.06286675779583284,1.3996100432733454
0.22807574792696855,0.8102037292880377,0.6389241447494645,0.9668139451525709,0.018185840118590767
-0.7065720803535339,-0.7134181349534762,0.2970277055404353,0.8166521759725955,-0.20445486267411717
1.2119155671696027,1.5027591221250893,1.4692440685428212,1.2671374835125218,-0.809266220654308
1.359491540055998,0.39467049358580664,-1.3147697935878453,-1.9506147132012397,0.9157609568891928
-1.7396038905582998,-0.4363959778186554,0.6389241447494645,1.7176227910524486,-0.8267969846537339
0.7445916530293515,0.8102037292880377,-0.0937110821270267,1.331492527446797,0.4845041625033176
-0.38682413909967783,-0.4363959778186554,-0.6798192636282196,0.9668139451525709,0.08129659051652373
1.0889355897642734,-0.4363959778186554,0.003973614789838794,0.6450387254811948,2.2726420904447515
-0.5835921029482046,1.0872258864228583,0.345870053998868,0.8595555385954455,-0.027394146279916366
-0.26384416169434854,-0.8519292135208865,-0.4844498697944887,0.9239105825297209,-0.15712179987566743
0.5478236891808247,0.2561594150183963,-0.8263463090035179,0.08729501138414254,2.4654804944384354
0.49863169821869296,0.39467049358580664,-1.3147697935878453,0.9239105825297209,0.011173534518820439
0.7937836439914832,0.2561594150183963,-1.6078238843384418,1.2671374835125218,-0.49020631586475805
-1.7396038905582998,-1.4059735277905279,-0.6798192636282196,1.1598790769553964,-0.31139252307061466
0.8921676259157466,1.3642480435576791,0.541239447832599,0.6021353628583448,-0.04492491027934219
-1.223087985455917,1.2257369649902687,-1.3147697935878453,1.2242341208896717,-0.35171328026929405
-1.050916017088456,-0.29788489925124506,-0.8751886574619506,0.6235870441697694,1.9027429700568668
-1.0017240261263243,0.39467049358580664,-1.3147697935878453,0.7522971320383202,0.3091965225090594
0.7445916530293515,1.6412702006924997,1.1761899777922247,0.47342527498979403,2.7214296488300525
-0.19005617525115098,-0.29788489925124506,-0.19139577904389218,1.3529442087582224,0.6405279620982074
0.5478236891808247,-1.5444846063579383,1.6646134623765523,0.10874669269556791,2.9072557472239664
-1.4690479402665755,0.8102037292880377,1.1761899777922247,0.7093937694154702,0.6808487192968868
-1.6166239131529705,-1.6829956849253485,1.3715593716259558,0.6664904067926202,0.12687657691503085
0.12969176600270513,-1.2674624492231175,-0.3867651728776232,-1.8433563066441143,1.247092396478341
0.44943970725656124,0.8102037292880377,1.5669287654596866,0.5377803189240694,0.40035649530607365
1.4086835310181296,-0.02086274211642439,1.127347629333792,0.9024589012182955,0.3775665021068201
0.9413596168778784,0.948714807855448,-0.5821345667113542,0.7093937694154702,-0.40781172506745667
1.4578755219802613,0.2561594150183963,1.5669287654596866,1.8677845602324248,-0.8005008386545951
-0.6573800893914022,0.948714807855448,-0.9240310059203835,0.5592320002354948,0.1899873273129638
-0.9279360396831267,1.2257369649902687,-1.021715702837249,0.4519735936783694,0.27764114731009293
-0.534400111986073,-0.15937382068383474,-0.04486873366859395,0.8381038572840201,-0.09050489667784932
0.9167636213968124,-0.29788489925124506,-0.24023812750232493,-1.5859361309070128,1.4381777240720823
-1.3460679628612462,-0.15937382068383474,-0.19139577904389218,0.516328637612644,-0.3043802174708443
-0.8295520577588632,0.6716926507206273,-0.9240310059203835,1.8463328789209994,-0.6637608794590737
-0.9525320351641925,-0.9904402920882969,-0.6309769151697869,2.23246314252665,-0.7777108454553415
0.35105572533229784,1.5027591221250893,-0.19139577904389218,1.0311689890868463,2.220049798446474
-0.9279360396831267,-1.1289513706557073,-0.0937110821270267,0.9882656264639963,-0.788229303854997
0.4248437117754954,1.3642480435576791,-1.2170850966709799,0.6664904067926202,0.25309807771089676
0.9905516078400101,0.8102037292880377,-0.5332922182529214,1.3743958900696471,-0.2658125366721075
1.6300474903477222,-0.9904402920882969,-1.3636121420462781,-1.9291630318898143,2.6916273500310286
-1.4690479402665755,1.2257369649902687,-1.5589815358800092,0.9024589012182955,2.032470623652618
-1.3214719673801802,-0.29788489925124506,0.2970277055404353,0.516328637612644,0.17771579251336575
0.5478236891808247,-0.9904402920882969,0.345870053998868,0.7952004946611702,0.26536961251049485
-0.38682413909967783,-1.5444846063579383,0.541239447832599,0.9668139451525709,0.39334418970630336
-1.690411899596168,0.6716926507206273,-1.021715702837249,0.044391648761292535,2.6039735300338998
-0.16546017977008515,-0.02086274211642439,-1.2170850966709799,0.6879420881040448,-0.1711464110752081
-0.09167219332688757,-0.7134181349534762,-0.5821345667113542,0.36616686843266866,0.0006550761191649468
0.49863169821869296,-1.2674624492231175,-0.0937110821270267,-1.1139991420556612,1.2698823896775944
0.12969176600270513,0.948714807855448,-1.6566662327968746,-1.5430327682841627,1.247092396478341
0.7199956575482857,-1.5444846063579383,0.15050066016513702,0.43052191236694404,-0.04317183387939961
-0.5098041165050071,1.5027591221250893,-0.8263463090035179,1.8034295162981486,-0.7706985398555711
0.44943970725656124,-1.6829956849253485,0.1016583117067043,0.7952004946611702,0.2566042305107819
0.031307784078441696,-0.8519292135208865,-0.24023812750232493,1.3100408461353725,-0.670773185058844
0.15428776148377096,-0.5749070563860658,-1.4612968389631436,-0.3631902961557836,3.005428025620751
-0.7065720803535339,-0.02086274211642439,0.5900817962910317,1.2027824395782472,-0.221985626673543
-0.042480202364755866,0.39467049358580664,0.541239447832599,0.7308454507268948,-0.1325787302764713
0.7937836439914832,0.39467049358580664,0.1016583117067043,0.2160050992526933,-0.050184139479169936
0.4740357027376271,0.533181572153217,-0.7775039605450852,0.8166521759725955,1.6853614964639863
0.49863169821869296,-1.1289513706557073,0.6877664932078973,0.6021353628583448,0.3302334393083704
-1.2476839809369829,-1.2674624492231175,1.6157711139181195,0.10874669269556791,2.253358250045383
-0.21465217073221685,-0.7134181349534762,-1.2170850966709799,0.3018118244983933,0.2618634597106097
-0.5098041165050071,-0.7134181349534762,0.8342935385831954,-0.08431843910725746,2.521578939236598
-0.9525320351641925,-0.5749070563860658,-1.168242748212547,-0.8136756036957105,1.3592892860746661
0.9413596168778784,-0.9904402920882969,1.1761899777922247,0.7737488133497455,0.17596271611342315
1.3102995490938663,-0.9904402920882969,-0.04486873366859395,1.3100408461353725,0.14791349371434184
0.8921676259157466,0.533181572153217,-0.3867651728776232,0.02293996744986792,0.5844295173000448
-0.09167219332688757,1.6412702006924997,1.4204017200843884,0.34471518712124405,0.27588807091015033
-0.362228143618612,1.2257369649902687,0.345870053998868,1.2671374835125218,-0.30963944667067206
0.5478236891808247,-0.5749070563860658,-0.0937110821270267,1.2242341208896717,0.3705541965070498
-0.042480202364755866,1.6412702006924997,-1.3147697935878453,-1.3928709991041874,1.4995353980700727
1.4086835310181296,1.3642480435576791,0.15050066016513702,1.9750429667895502,-0.6865508726583273
-1.4690479402665755,-0.7134181349534762,1.4204017200843884,1.1384273956439717,2.3392589936425696
-0.5835921029482046,0.948714807855448,-1.0705580512956816,1.6961711097410233,-0.7566739286560306
-0.8295520577588632,1.5027591221250893,0.931978235500061,0.8381038572840201,-0.15010949427589712
0.5970156801429564,-0.9904402920882969,0.49239709937416626,-1.0925474607442367,0.6983794832963126
-0.3376321481375461,0.8102037292880377,-0.6309769151697869,0.32326350580981866,0.09707427811600697
1.2365115626506686,-1.2674624492231175,1.3715593716259558,1.9535912854781248,-0.8338092902535041
-0.7803600667967315,-0.15937382068383474,0.6877664932078973,0.9239105825297209,0.2320611609115858
-1.198491989974851,-0.15937382068383474,1.518086417001254,0.2589084618755433,-0.2079610154740023
-0.28844015717541444,-1.5444846063579383,1.4692440685428212,1.6747194284295979,-0.7479085466563176
-0.5835921029482046,-1.2674624492231175,0.003973614789838794,0.8595555385954455,1.1857347224803505
-1.1247040035316536,-0.4363959778186554,-1.5101391874215764,1.0955240330211218,1.1769693404806376
-1.6166239131529705,1.6412702006924997,0.003973614789838794,-0.5991587905814597,1.4153877308728287
1.187319571688537,0.948714807855448,-1.1194003997541144,1.0740723517096964,-0.8408215958532744
-0.5589961074671388,1.6412702006924997,1.3715593716259558,0.8166521759725955,0.8806994288903411
-0.5589961074671388,-0.02086274211642439,-0.24023812750232493,-0.04141507648440746,0.11285196571549021
-1.0755120125695217,-0.29788489925124506,1.7134558108349849,2.103753054658099,-0.5603293718624613
-0.7557640713156657,1.3642480435576791,-0.9728733543788162,0.23745678056411867,3.189501047614722
-0.9525320351641925,-0.7134181349534762,-0.7286616120866524,0.5377803189240694,0.2180365497120451
-0.6573800893914022,0.8102037292880377,0.6877664932078973,1.1384273956439717,-0.16238102907549518
-1.715007895077234,-1.4059735277905279,-1.2170850966709799,0.6021353628583448,-0.10978873707721773
-1.2968759718991145,1.6412702006924997,-0.2890804759607577,0.2589084618755433,0.6492933440979203
1.015147603321076,-1.5444846063579383,0.44355475091573354,1.9535912854781248,-0.6462301154596478
-0.6081880984292706,0.948714807855448,1.7134558108349849,0.4519735936783694,0.6089725868992409
1.2119155671696027,-0.02086274211642439,-0.3867651728776232,1.1813307582668218,0.0444819861177295
1.2857035536128003,-1.5444846063579383,-1.2170850966709799,0.34471518712124405,0.03571660411801659
-0.06707619784582172,1.2257369649902687,0.2970277055404353,0.5592320002354948,0.3267272865084852
-0.48520812102394123,0.2561594150183963,0.8831358870416283,1.1169757143325463,-0.5831193650617149
-0.2392481662132827,1.5027591221250893,0.05281596324827154,-1.1139991420556612,1.581929988867374
0.4740357027376271,-0.29788489925124506,1.518086417001254,1.5889127031838979,-0.7864762274550544
1.4332795264991955,-1.1289513706557073,1.322717023167523,0.1945534179412679,-0.17465256387509326
1.4086835310181296,-0.4363959778186554,1.3715593716259558,0.6879420881040448,0.22680193171175803
-1.02632002160739,0.11764833645098596,0.345870053998868,1.1169757143325463,-0.5796132122618297
0.6953996620672198,0.8102037292880377,-0.14255343058545944,-0.06286675779583284,0.5931948992997577
-1.223087985455917,1.2257369649902687,1.0785052808753592,1.653267747118174,-0.6830447198584421
0.5478236891808247,0.11764833645098596,-0.8751886574619506,0.08729501138414254,2.321728229643144
-0.6819760848724681,0.2561594150183963,-1.2170850966709799,-0.5562554279586097,2.7161704196302248
1.6300474903477222,-0.7134181349534762,-0.9728733543788162,0.8166521759725955,0.4774918569035473
-0.7065720803535339,-1.4059735277905279,0.5900817962910317,1.3529442087582224,-0.6357116570599923
-0.8295520577588632,0.533181572153217,0.003973614789838794,0.7308454507268948,0.4809980097034324
-0.28844015717541444,1.5027591221250893,-1.3636121420462781,1.2027824395782472,0.1812219453132509
1.4086835310181296,-0.5749070563860658,-1.3147697935878453,0.5377803189240694,-0.2079610154740023
0.08049977504057342,0.948714807855448,0.2970277055404353,0.7737488133497455,0.1917404037129064
-1.5920279176719048,0.39467049358580664,0.15050066016513702,0.7737488133497455,2.3778266744413066
-1.223087985455917,-0.7134181349534762,1.518086417001254,-0.42754534009005896,2.761750406028732
0.8183796394725491,-0.7134181349534762,0.5900817962910317,0.34471518712124405,0.20751809131238963
0.5724196846618905,-0.9904402920882969,0.2970277055404353,0.001488286138442538,1.0069209296862072
0.7445916530293515,0.948714807855448,-1.3147697935878453,1.0740723517096964,0.5195656905021693
0.3756517208133637,0.6716926507206273,0.931978235500061,1.1813307582668218,-0.8110192970542506
-0.534400111986073,-0.15937382068383474,-1.5589815358800092,0.3018118244983933,2.3778266744413066
-0.8049560622777974,1.5027591221250893,1.6157711139181195,0.43052191236694404,0.3582826617074517
0.9659556123589442,0.8102037292880377,-0.4844498697944887,0.6235870441697694,0.032210451318131425
0.031307784078441696,-0.4363959778186554,-1.168242748212547,1.1598790769553964,-0.7128470186574659
-1.0017240261263243,0.948714807855448,1.518086417001254,-0.42754534009005896,-0.9600307910493701
1.3102995490938663,0.8102037292880377,-0.5821345667113542,-0.1701251643529582,-0.07998643827819384
-0.01788420688369001,0.2561594150183963,0.8831358870416283,-0.2559318895986582,-0.893413887851552
-1.3214719673801802,0.39467049358580664,-1.6566662327968746,-0.2130285269758082,-0.5550701426626335
1.2365115626506686,-1.1289513706557073,1.0785052808753592,0.34471518712124405,0.22329577891187288
0.4740357027376271,1.6412702006924997,-0.3379228244191904,0.9453622638411455,0.15317272291416958
-0.21465217073221685,-0.15937382068383474,0.6877664932078973,-0.6849655158271597,0.6510464204978629
0.17888375696483683,-0.29788489925124506,-0.14255343058545944,1.1813307582668218,0.033963527718074
1.138127580726405,-0.15937382068383474,-0.3867651728776232,1.1384273956439717,0.5511210657011357
-0.26384416169434854,0.8102037292880377,-0.7286616120866524,-0.8565789663185605,-0.9109446518509777
-0.28844015717541444,-0.5749070563860658,-0.9240310059203835,0.044391648761292535,-0.8022539150545377
-1.690411899596168,-0.02086274211642439,-1.5589815358800092,0.001488286138442538,-0.9144508046508629
0.22807574792696855,-0.15937382068383474,0.5900817962910317,-0.08431843910725746,-0.8951669642514946
-1.5674319221908388,1.6412702006924997,0.003973614789838794,0.7093937694154702,0.13213580611485862
-1.7396038905582998,-0.15937382068383474,-1.5101391874215764,1.2027824395782472,-0.3464540510694663
-1.02632002160739,-1.2674624492231175,1.4204017200843884,-0.06286675779583284,3.298191784411162
0.6216116756240222,-0.5749070563860658,0.39471240245730077,0.1731017366298433,-1.065215375045925
-0.6081880984292706,-0.29788489925124506,-0.9728733543788162,0.6879420881040448,2.3515305284421677
-1.5920279176719048,-0.15937382068383474,-0.6798192636282196,0.516328637612644,-1.077486909845523
1.5316635084234589,-1.6829956849253485,-1.4612968389631436,0.43052191236694404,2.372567445241479
1.6054514948666565,0.11764833645098596,1.518086417001254,0.36616686843266866,-0.36573789146883473
-1.542835926709773,-0.7134181349534762,0.5900817962910317,0.43052191236694404,-0.9547715618495423
-0.19005617525115098,1.6412702006924997,-1.4612968389631436,0.1301983740069933,2.623257370433268
1.6546434858287882,1.6412702006924997,1.7134558108349849,-0.47044870271290895,-0.7724516162555137
0.8183796394725491,-0.9904402920882969,1.0296629324169264,-0.19157684566438285,-0.553317066262691
0.7199956575482857,0.533181572153217,0.7854511901247627,0.06584333007271792,-0.9284754158504036
1.3102995490938663,-0.5749070563860658,0.6389241447494645,-2.637068515166842,0.5633926005007338
0.9167636213968124,-0.15937382068383474,1.0785052808753592,-0.5991587905814597,-0.7759577690553989
0.2772677388891002,1.6412702006924997,0.345870053998868,0.6664904067926202,0.1338888825148012
-0.6573800893914022,1.2257369649902687,-0.4844498697944887,-0.38464197746720896,-0.8320562138535615
-1.3952599538233779,1.6412702006924997,1.3715593716259558,-0.08431843910725746,-1.0687215278458102
1.3102995490938663,-0.5749070563860658,-1.5589815358800092,1.2885891648239471,-0.6742793378587292
-1.3214719673801802,0.11764833645098596,-1.3147697935878453,-0.6849655158271597,-0.5094901562641264
-1.050916017088456,-0.4363959778186554,-0.04486873366859395,-0.44899702140148434,-0.7531677758561454
1.4332795264991955,-0.9904402920882969,-1.2659274451294127,1.1598790769553964,1.573164606867661
0.44943970725656124,-1.4059735277905279,-0.4844498697944887,-0.513352065335759,-0.49195939226470065
-1.7396038905582998,0.948714807855448,-0.04486873366859395,-0.8136756036957105,-0.8232908318538487
-0.7803600667967315,-0.02086274211642439,0.7854511901247627,-0.9638373728756858,-0.2921086826712463
-0.9279360396831267,1.5027591221250893,-1.7055085812553072,-0.14867348304153283,-0.5761070594619445
-0.2392481662132827,-1.1289513706557073,-1.3147697935878453,0.1945534179412679,2.6004673772340143
0.7937836439914832,-0.02086274211642439,-0.5821345667113542,-0.7064171971385851,-0.754920852256088
-0.21465217073221685,0.948714807855448,0.6877664932078973,0.02293996744986792,-0.9968453954481643
1.0889355897642734,-0.29788489925124506,0.73660884166633,0.43052191236694404,0.151419646514227
-0.31303615265648027,-0.5749070563860658,-1.6078238843384418,-0.7064171971385851,0.10233350731583471
-0.26384416169434854,-1.6829956849253485,-0.3867651728776232,0.40907023105551865,-1.0336599998469584
1.015147603321076,-0.02086274211642439,0.345870053998868,0.43052191236694404,1.455708488071508
1.5316635084234589,0.39467049358580664,0.9808205839584937,0.38761854974409404,-0.9915861662483365
-0.28844015717541444,-0.7134181349534762,-0.4356075213360559,0.10874669269556791,2.8984903652242533
1.2365115626506686,-0.02086274211642439,-1.3636121420462781,0.044391648761292535,1.834372990459106
0.2772677388891002,1.0872258864228583,-1.6566662327968746,-0.5777071092700343,-0.3885278846680883
0.05590377955950755,0.39467049358580664,-0.0937110821270267,0.6879420881040448,-0.14835641787595452
0.006711788597375844,0.6716926507206273,1.1761899777922247,-0.5991587905814597,3.008934178420636
-1.3952599538233779,0.11764833645098596,0.15050066016513702,0.6664904067926202,-0.025641069879973784
-1.6166239131529705,-1.1289513706557073,0.1993430086235698,0.9668139451525709,1.4697330992710487
1.359491540055998,0.533181572153217,0.5900817962910317,1.052620670398271,0.6668241080973462
-0.43601613006180956,-0.02086274211642439,-1.2659274451294127,0.8810072199068709,-0.32541713427015534
-0.21465217073221685,1.2257369649902687,0.2970277055404353,0.6021353628583448,3.03873647721966
1.0643395942832077,-1.1289513706557073,-1.3636121420462781,-0.513352065335759,-0.7847231510551118
-0.7065720803535339,-0.29788489925124506,-1.0705580512956816,-0.5348037466471843,2.0289644708527326
-0.4606121255428754,-1.2674624492231175,1.2250323262506575,0.6664904067926202,0.17420963971348058
1.359491540055998,-0.7134181349534762,-0.0937110821270267,0.7737488133497455,0.1829750217131935
-1.690411899596168,0.533181572153217,0.73660884166633,-0.49190038402433434,-0.5778601358618871
-0.4606121255428754,0.8102037292880377,0.003973614789838794,-0.7493205597614351,-0.5270209202635523
1.679239481309854,-0.29788489925124506,0.8342935385831954,-0.7278688784500097,-0.7654393106557434
0.12969176600270513,1.0872258864228583,0.49239709937416626,0.6235870441697694,2.5583935436353924
-1.4444519447855095,0.11764833645098596,-1.5589815358800092,0.9882656264639963,-0.23776331427302622
1.2857035536128003,1.2257369649902687,0.05281596324827154,-0.04141507648440746,-0.8530931306528725
0.8183796394725491,-1.2674624492231175,-1.6078238843384418,-0.9852890541871112,-0.3026271410709018
-0.3376321481375461,0.11764833645098596,0.8342935385831954,-0.44899702140148434,2.372567445241479
1.6300474903477222,0.8102037292880377,1.0296629324169264,0.06584333007271792,-0.9652900202491977
-1.3214719673801802,-1.5444846063579383,-1.5101391874215764,-0.40609365877863357,-0.6690201086589014
-1.050916017088456,-1.6829956849253485,-1.0705580512956816,0.516328637612644,-1.0126230830476475
-0.14086418428901928,-1.1289513706557073,0.9808205839584937,1.245685802201097,-0.3745032734685476
-1.02632002160739,1.3642480435576791,0.931978235500061,-0.7493205597614351,-0.1413441122761842
-0.8049560622777974,-1.6829956849253485,-1.0705580512956816,-0.6420621532043097,-0.7759577690553989
-0.5098041165050071,0.11764833645098596,1.27387467470909,0.6235870441697694,1.888718358857326
-0.9279360396831267,0.533181572153217,-1.6566662327968746,-0.12722180173010822,-0.7461554702563751
-0.6573800893914022,-1.6829956849253485,0.8831358870416283,1.6961711097410233,-0.7216124006571789
-0.7311680758345999,0.2561594150183963,1.4204017200843884,0.7952004946611702,-0.15536872347572486
1.0889355897642734,-0.5749070563860658,1.1761899777922247,-0.2988352522215082,-0.7706985398555711
0.49863169821869296,1.6412702006924997,0.73660884166633,0.6664904067926202,1.3575362096747234
0.35105572533229784,0.533181572153217,-1.3147697935878453,-0.2130285269758082,0.03571660411801659
-0.09167219332688757,0.533181572153217,-1.2659274451294127,-0.8136756036957105,-0.8583523598527003
0.4740357027376271,0.39467049358580664,-0.6309769151697869,0.38761854974409404,0.5160595377022841
-1.1001080080505876,0.8102037292880377,-0.4356075213360559,-0.5562554279586097,-0.7742046926554563
1.015147603321076,0.948714807855448,-0.6798192636282196,0.044391648761292535,2.3129628476434307
1.6300474903477222,0.948714807855448,0.003973614789838794,-0.19157684566438285,-0.3061332938707869
-1.2968759718991145,-1.5444846063579383,1.2250323262506575,-0.04141507648440746,0.48801031530320277
-0.01788420688369001,-0.9904402920882969,-0.04486873366859395,0.36616686843266866,-0.050184139479169936
-1.542835926709773,0.11764833645098596,1.2250323262506575,1.0740723517096964,-0.8443277486531596
-0.5835921029482046,0.39467049358580664,-0.5332922182529214,0.10874669269556791,1.8308668376592208
-0.4606121255428754,0.39467049358580664,0.9808205839584937,-2.057873119758365,-0.4270955654668251
0.22807574792696855,0.39467049358580664,-1.3147697935878453,0.4519735936783694,-0.9898330898483939
1.162723576207471,0.11764833645098596,-0.2890804759607577,-2.0364214384469395,-0.12030719547687321
-1.198491989974851,-0.7134181349534762,-0.7775039605450852,-0.44899702140148434,-0.6585016502592459
0.5724196846618905,-0.29788489925124506,-1.2659274451294127,0.08729501138414254,-1.044178458246614
0.08049977504057342,-1.5444846063579383,-0.4356075213360559,-1.0281924168099612,-0.7496616230562602
-0.854148053239929,0.39467049358580664,0.1016583117067043,0.9882656264639963,-0.2675656130720501
-1.3706639583423121,0.8102037292880377,1.1761899777922247,0.5806836815469194,-0.1413441122761842
0.9905516078400101,-1.1289513706557073,-0.6309769151697869,0.9453622638411455,2.4497028068389524
0.006711788597375844,-0.29788489925124506,-0.9728733543788162,-0.9852890541871112,-0.3166517522704424
0.031307784078441696,-0.9904402920882969,0.49239709937416626,-1.285612592547062,-0.3376886690697534
-0.2392481662132827,0.948714807855448,-0.3379228244191904,0.6021353628583448,-0.04317183387939961
1.7038354767909198,-0.8519292135208865,-0.3867651728776232,0.6879420881040448,-0.4446263294662509
1.2119155671696027,-0.29788489925124506,1.0785052808753592,-0.6849655158271597,-0.8706238946522984
-0.6327840939103364,-0.7134181349534762,1.4204017200843884,-0.5348037466471843,-0.8495869778529874
-0.9771280306452583,-0.9904402920882969,-0.4844498697944887,-0.47044870271290895,-0.9495123326497146
0.670803666586154,-1.2674624492231175,0.2970277055404353,0.47342527498979403,-0.9933392426482791
0.2526717434080344,1.5027591221250893,-1.3147697935878453,-1.5859361309070128,-0.5708478302621168
-1.690411899596168,0.11764833645098596,-0.5821345667113542,0.34471518712124405,2.270889014044809
0.32645972985123195,-1.6829956849253485,-1.3636121420462781,0.001488286138442538,2.014939859653192
0.08049977504057342,0.6716926507206273,-0.7286616120866524,0.6450387254811948,0.10058043091589212
0.031307784078441696,-0.02086274211642439,-0.3867651728776232,-0.5562554279586097,-0.8530931306528725
-0.5589961074671388,-1.4059735277905279,-1.3147697935878453,-1.7575495813984134,2.3673082160416508
-0.48520812102394123,1.0872258864228583,0.2970277055404353,-0.47044870271290895,-0.8022539150545377
-0.4606121255428754,-0.9904402920882969,0.49239709937416626,0.7308454507268948,0.3793195785067627
-1.4198559493044438,-0.7134181349534762,1.4204017200843884,0.7522971320383202,-1.005610777447877
-0.5098041165050071,0.8102037292880377,-1.5589815358800092,0.8381038572840201,-1.0266476942471883
-1.2476839809369829,-0.02086274211642439,-0.19139577904389218,2.14665641728095,-0.8355623666534467
-0.11626818880795343,1.5027591221250893,0.7854511901247627,0.6664904067926202,0.10934581291560504
-1.1001080080505876,-0.8519292135208865,-0.3867651728776232,-0.06286675779583284,0.10934581291560504
-1.6412199086340364,-0.4363959778186554,1.4692440685428212,0.5592320002354948,0.01993891651853335
-0.8295520577588632,1.0872258864228583,-0.9240310059203835,-0.3202869335329336,-0.6234401222603942
0.5232276936997589,1.2257369649902687,0.345870053998868,-0.08431843910725746,-0.8565992834527577
0.2772677388891002,-1.6829956849253485,1.127347629333792,-0.3631902961557836,2.6127389120336124
1.138127580726405,0.948714807855448,1.6646134623765523,-0.14867348304153283,-0.9249692630505184
0.670803666586154,-1.2674624492231175,0.73660884166633,-0.2559318895986582,-0.7461554702563751
0.32645972985123195,-0.29788489925124506,1.6157711139181195,-0.34173861484435897,-0.7514146994562028
-0.854148053239929,-0.8519292135208865,0.73660884166633,-0.49190038402433434,-0.5357863022632652
0.5232276936997589,0.6716926507206273,1.4692440685428212,1.052620670398271,-0.6900570254582123
-0.534400111986073,1.0872258864228583,1.27387467470909,0.34471518712124405,0.05149429171749983
1.2119155671696027,0.533181572153217,1.4692440685428212,-1.736097900086989,2.213037492846704
-1.5920279176719048,-0.29788489925124506,0.2970277055404353,0.8810072199068709,0.7404533168949345
-0.7311680758345999,-0.15937382068383474,0.1016583117067043,0.7952004946611702,-1.1248199726439727
-0.26384416169434854,-1.5444846063579383,-0.4356075213360559,0.8810072199068709,-0.04667798667928477
-0.6819760848724681,0.8102037292880377,0.73660884166633,-0.38464197746720896,0.032210451318131425
-1.0017240261263243,0.948714807855448,1.1761899777922247,1.245685802201097,-0.1886771750746339
0.4248437117754954,1.5027591221250893,1.2250323262506575,0.40907023105551865,0.386331884106533
-1.690411899596168,-0.29788489925124506,-1.168242748212547,-0.12722180173010822,-0.7426493174564899
0.44943970725656124,-1.6829956849253485,1.2250323262506575,0.516328637612644,2.3410120700425123
0.8183796394725491,0.8102037292880377,1.3715593716259558,1.1384273956439717,-0.036159528279629274
1.6300474903477222,-1.4059735277905279,-1.021715702837249,1.0740723517096964,0.39334418970630336
-1.2722799764180486,-0.29788489925124506,0.8342935385831954,-0.47044870271290895,-0.7566739286560306
0.05590377955950755,-1.2674624492231175,-1.168242748212547,0.9024589012182955,0.5195656905021693
-1.6658159041151024,-1.6829956849253485,-0.2890804759607577,0.6235870441697694,-0.0536902922790551
-1.4690479402665755,0.8102037292880377,-0.8751886574619506,-0.7064171971385851,-0.06946797987853834
0.49863169821869296,-0.7134181349534762,1.4692440685428212,-0.9638373728756858,0.06902505571692565
-0.6573800893914022,-1.6829956849253485,0.931978235500061,0.10874669269556791,-1.073980757045638
-1.02632002160739,-1.4059735277905279,-0.8751886574619506,-0.2559318895986582,-0.9968453954481643
0.15428776148377096,0.2561594150183963,0.24818535708200254,0.8810072199068709,-0.15536872347572486
-0.4606121255428754,-1.2674624492231175,1.127347629333792,0.6879420881040448,2.912514976423794
-1.4444519447855095,-0.9904402920882969,0.541239447832599,-2.12222816369264,-0.10628258427733256
-0.4606121255428754,-0.9904402920882969,1.4204017200843884,-0.6420621532043097,-0.6462301154596478
0.646207671105088,1.5027591221250893,-0.5332922182529214,-0.9423856915642604,-0.9635369438492553
1.6054514948666565,-0.02086274211642439,-1.3636121420462781,-1.0281924168099612,-0.36398481506889213
-0.7065720803535339,-1.1289513706557073,1.27387467470909,0.5377803189240694,-1.0599561458460973
-0.534400111986073,-0.8519292135208865,1.322717023167523,0.516328637612644,-1.0511907638463842
-0.43601613006180956,-1.6829956849253485,1.4204017200843884,-0.5562554279586097,-0.6620078030591311
0.031307784078441696,-0.29788489925124506,-1.3147697935878453,-0.2130285269758082,-0.788229303854997
-1.223087985455917,0.6716926507206273,0.345870053998868,-2.3796483394297407,-0.04141875747945702
-1.5920279176719048,-0.7134181349534762,1.1761899777922247,-1.3499676364813373,1.7379537884622638
1.7038354767909198,0.39467049358580664,-0.8263463090035179,0.7952004946611702,-0.3762563498684902
-1.3460679628612462,-0.7134181349534762,-1.5589815358800092,0.6879420881040448,0.3705541965070498
1.0397435988021417,-0.5749070563860658,-0.7775039605450852,1.1384273956439717,2.156939048048541
0.7937836439914832,0.948714807855448,-0.9728733543788162,0.6664904067926202,-1.010870006647705
1.1135315852453394,0.533181572153217,0.1993430086235698,0.7737488133497455,1.1015870552831064
-1.4198559493044438,-0.7134181349534762,-0.6309769151697869,0.7952004946611702,0.11460504211543278
-0.48520812102394123,0.8102037292880377,0.73660884166633,0.516328637612644,-1.0476846110464992
-0.878744048720995,-1.1289513706557073,0.931978235500061,2.1681080985923753,-0.8408215958532744
-0.5835921029482046,1.2257369649902687,-0.3379228244191904,-1.8648079879555388,1.2698823896775944
0.9659556123589442,-0.02086274211642439,-0.14255343058545944,0.5592320002354948,-0.03966568107951444
0.9659556123589442,-0.5749070563860658,-1.3147697935878453,0.47342527498979403,-0.1904302514745765
0.670803666586154,-0.7134181349534762,-1.1194003997541144,-0.2130285269758082,2.207778263646876
-1.7396038905582998,-1.5444846063579383,0.931978235500061,0.5377803189240694,1.6801022672641586
-0.16546017977008515,-0.15937382068383474,1.1761899777922247,-1.7575495813984134,-0.6514893446594756
0.5724196846618905,1.0872258864228583,0.6389241447494645,-0.38464197746720896,-0.767192387055686
-0.8049560622777974,-0.4363959778186554,-0.4356075213360559,-0.34173861484435897,-0.863611589052528
-0.3376321481375461,-0.29788489925124506,0.05281596324827154,-0.44899702140148434,-0.44988555866607866
0.10509577052163926,-1.5444846063579383,-1.5589815358800092,0.9239105825297209,0.6247502744987242
0.2034797524459027,-1.4059735277905279,-1.021715702837249,0.8595555385954455,0.10233350731583471
-0.26384416169434854,-0.9904402920882969,1.6646134623765523,1.331492527446797,-0.5971439762612556
-0.19005617525115098,1.5027591221250893,1.6646134623765523,1.0311689890868463,-0.04317183387939961
-0.19005617525115098,1.3642480435576791,-1.5101391874215764,0.6879420881040448,1.0262047700855754
1.0889355897642734,0.948714807855448,-1.3636121420462781,0.6021353628583448,1.485510786870532
0.3756517208133637,0.8102037292880377,1.3715593716259558,1.1813307582668218,1.4925230924703023
-1.2722799764180486,0.2561594150183963,0.15050066016513702,-0.8565789663185605,-0.39028096106803084
-0.7311680758345999,0.533181572153217,0.49239709937416626,-2.8515853282810926,-0.5866255178616001
1.679239481309854,-1.6829956849253485,-1.021715702837249,1.3743958900696471,0.10934581291560504
0.4740357027376271,0.533181572153217,0.1016583117067043,-0.2988352522215082,-0.6392178098598775
1.2611075581317344,0.39467049358580664,-0.3867651728776232,-1.5430327682841627,2.2743951668446942
-0.6573800893914022,0.533181572153217,-1.3636121420462781,1.1169757143325463,-0.7391431646566047
1.679239481309854,0.8102037292880377,-1.021715702837249,-0.49190038402433434,-0.8706238946522984
-1.2722799764180486,-0.02086274211642439,1.322717023167523,0.9453622638411455,-0.03265337547974411
-0.5835921029482046,-0.8519292135208865,-0.24023812750232493,-0.1701251643529582,-0.4446263294662509
-0.6081880984292706,1.0872258864228583,0.003973614789838794,1.5460093405610487,-0.6146747402606814
-0.9033400442020608,1.5027591221250893,0.003973614789838794,0.8381038572840201,-0.05544336867899768
0.5232276936997589,0.6716926507206273,1.27387467470909,-0.1701251643529582,-0.9950923190482217
-0.854148053239929,1.3642480435576791,-0.14255343058545944,-0.6420621532043097,-0.5200086146637819
-1.2968759718991145,0.39467049358580664,1.4204017200843884,-0.04141507648440746,2.439184348439297
-0.31303615265648027,-0.4363959778186554,0.345870053998868,0.3018118244983933,-1.1037830558446617
-0.41142013458074367,-0.8519292135208865,1.0785052808753592,0.2160050992526933,-0.050184139479169936
-0.8295520577588632,-0.8519292135208865,-0.6309769151697869,-0.04141507648440746,1.3663015916744363
0.006711788597375844,1.2257369649902687,-1.6078238843384418,-0.7064171971385851,-0.7075877894576382
1.4578755219802613,0.6716926507206273,-1.168242748212547,0.4948769563012194,-0.004604153080662799
0.5478236891808247,-0.5749070563860658,1.6646134623765523,-0.44899702140148434,0.1812219453132509
1.4578755219802613,1.5027591221250893,0.6877664932078973,0.044391648761292535,-0.5410455314630929
0.9659556123589442,-1.4059735277905279,1.322717023167523,-2.6585201964782668,-0.6111685874607962
-1.198491989974851,-0.15937382068383474,-1.6078238843384418,0.3018118244983933,1.3329931400755273
-1.1247040035316536,0.6716926507206273,1.27387467470909,1.0740723517096964,-0.05719644507894026
1.7038354767909198,0.11764833645098596,0.6389241447494645,0.6021353628583448,-0.15712179987566743
-1.3460679628612462,-0.8519292135208865,-0.8751886574619506,0.6235870441697694,2.5881958424344162
0.9413596168778784,0.533181572153217,0.8342935385831954,0.4519735936783694,0.39334418970630336
0.35105572533229784,0.533181572153217,-1.2170850966709799,0.06584333007271792,-1.0424253818466713
0.4002477162944295,0.8102037292880377,-0.5332922182529214,-0.42754534009005896,-0.7566739286560306
-1.542835926709773,1.3642480435576791,-1.7055085812553072,1.3529442087582224,-0.5410455314630929
-1.050916017088456,0.2561594150183963,-1.2659274451294127,-0.06286675779583284,2.9019965180241387
-0.9033400442020608,-0.8519292135208865,0.8342935385831954,0.38761854974409404,0.4476895581045234
0.4248437117754954,-0.8519292135208865,1.0785052808753592,0.6879420881040448,1.031463999285403
0.5970156801429564,0.2561594150183963,0.15050066016513702,-0.6849655158271597,0.1409011881145715
1.0889355897642734,-0.5749070563860658,1.2250323262506575,-0.01996339517298284,-0.9547715618495423
1.3102995490938663,-1.5444846063579383,0.8831358870416283,-0.01996339517298284,-0.8373154430533893
-1.02632002160739,1.0872258864228583,0.1993430086235698,-0.3202869335329336,0.012926610918763022
0.4740357027376271,-1.5444846063579383,0.003973614789838794,0.6450387254811948,-0.5270209202635523
0.9905516078400101,1.5027591221250893,1.322717023167523,1.8034295162981486,-0.6216870458604516
-1.1001080080505876,-0.29788489925124506,1.27387467470909,0.7522971320383202,-0.08173951467813641
-1.715007895077234,1.3642480435576791,-0.8751886574619506,-0.9852890541871112,-0.32366405787021274
-1.1001080080505876,0.948714807855448,-0.04486873366859395,-0.12722180173010822,-0.6988224074579253
1.6546434858287882,-1.1289513706557073,-1.5101391874215764,-0.49190038402433434,-0.7759577690553989
-1.2722799764180486,1.5027591221250893,-1.168242748212547,0.6450387254811948,0.2197896261119877
1.2857035536128003,-0.8519292135208865,-0.5332922182529214,-0.7278688784500097,-0.12731950107664355
1.0643395942832077,0.8102037292880377,-1.6566662327968746,0.8810072199068709,0.3372457449081407
0.5232276936997589,1.2257369649902687,0.345870053998868,0.9453622638411455,0.037469680517959174
0.44943970725656124,1.6412702006924997,1.6157711139181195,0.6235870441697694,1.2120308684794892
-0.19005617525115098,1.2257369649902687,1.5669287654596866,0.6879420881040448,0.6545525732977481
-0.06707619784582172,-1.4059735277905279,0.73660884166633,-0.3631902961557836,1.783533774860771
0.4740357027376271,0.39467049358580664,-0.4356075213360559,0.2589084618755433,0.6738364136971164
-1.2968759718991145,-0.4363959778186554,0.6389241447494645,0.4948769563012194,0.023445069318418513
-0.854148053239929,0.2561594150183963,-0.3379228244191904,0.5377803189240694,-0.5620824482624039
-1.198491989974851,-1.1289513706557073,1.127347629333792,-0.8994823289414104,-0.2868494534714185
0.4740357027376271,-0.9904402920882969,1.7134558108349849,1.2671374835125218,-0.7216124006571789
-0.06707619784582172,0.39467049358580664,0.39471240245730077,-0.42754534009005896,-0.28509637707147595
1.1135315852453394,-0.02086274211642439,0.73660884166633,0.28036014318696867,-1.0143761594475902
0.646207671105088,1.6412702006924997,-1.2659274451294127,-1.564484449595588,-0.6532424210594182
-0.28844015717541444,-0.8519292135208865,-1.021715702837249,-2.444003383364016,-0.1027764314774474
-0.2392481662132827,-1.2674624492231175,-0.7775039605450852,-1.1139991420556612,-0.574353983062002
-0.06707619784582172,1.3642480435576791,0.9808205839584937,-1.0710957794328113,0.19524655651279155
0.3756517208133637,0.6716926507206273,-1.3147697935878453,1.0955240330211218,1.9833844844542254
0.22807574792696855,-0.02086274211642439,-1.7055085812553072,-1.907711350578389,-0.5129963090640116
-0.06707619784582172,0.2561594150183963,0.6877664932078973,-0.3202869335329336,-0.6953162546580401
-0.9033400442020608,-1.2674624492231175,-1.5589815358800092,-2.830133646969667,-0.0729741326784235
0.5970156801429564,-0.15937382068383474,-0.8263463090035179,-0.47044870271290895,-0.6812916434584995
0.5478236891808247,1.2257369649902687,-0.6798192636282196,-2.186583207626915,-0.6585016502592459
0.35105572533229784,1.5027591221250893,-1.4612968389631436,0.1731017366298433,0.023445069318418513
-0.534400111986073,0.533181572153217,0.9808205839584937,0.9882656264639963,0.19699963291273415
-1.5182399312287072,-1.6829956849253485,-0.3379228244191904,0.10874669269556791,-1.005610777447877
-0.7803600667967315,0.11764833645098596,0.44355475091573354,0.7308454507268948,0.10759273651566245
-1.2968759718991145,-1.5444846063579383,-0.7775039605450852,1.6318160658067487,-0.670773185058844
0.4740357027376271,1.0872258864228583,-1.2170850966709799,0.4519735936783694,2.9317988168231626
0.10509577052163926,1.5027591221250893,-0.8263463090035179,0.34471518712124405,-0.01336953508037571
0.10509577052163926,-0.29788489925124506,-0.9728733543788162,-0.7064171971385851,-0.8355623666534467
0.3018637343701661,-0.9904402920882969,1.6646134623765523,0.7093937694154702,0.3845788077065904
1.162723576207471,-1.5444846063579383,-0.04486873366859395,-0.40609365877863357,-0.7952416094547673
0.12969176600270513,1.6412702006924997,0.24818535708200254,0.6021353628583448,2.0798036864510676
-1.2968759718991145,1.6412702006924997,1.4204017200843884,-0.2559318895986582,-0.34119482186963856
-0.6327840939103364,1.6412702006924997,0.6389241447494645,-0.8351272850071351,-0.6637608794590737
-1.5920279176719048,-1.5444846063579383,-0.7286616120866524,-0.49190038402433434,-0.6725262614587866
0.9905516078400101,1.5027591221250893,-0.4844498697944887,-0.06286675779583284,-0.9898330898483939
-1.198491989974851,1.0872258864228583,1.518086417001254,-0.513352065335759,-0.8986731170513796
-0.31303615265648027,1.3642480435576791,1.5669287654596866,0.40907023105551865,0.45996109290412146
0.2772677388891002,1.5027591221250893,-0.19139577904389218,-0.49190038402433434,-0.8215377554539061
0.3756517208133637,-0.5749070563860658,-1.3147697935878453,0.001488286138442538,-0.6339585806600497
0.05590377955950755,-0.9904402920882969,-0.8263463090035179,0.8810072199068709,0.36003573810739425
0.8921676259157466,-0.02086274211642439,0.541239447832599,0.36616686843266866,0.24608577211112645
1.7038354767909198,0.39467049358580664,-1.2659274451294127,-0.42754534009005896,-0.3464540510694663
-0.7803600667967315,-0.5749070563860658,-0.3379228244191904,0.6450387254811948,0.19524655651279155
1.015147603321076,-0.7134181349534762,0.15050066016513702,-0.44899702140148434,0.08129659051652373
0.15428776148377096,-1.2674624492231175,1.4204017200843884,1.996494648100974,-0.628699351460222
1.5562595039045246,0.533181572153217,-0.9728733543788162,0.6235870441697694,-1.0161292358475327
0.8921676259157466,0.8102037292880377,-1.4612968389631436,0.34471518712124405,0.13038272971491602
1.2857035536128003,-0.7134181349534762,1.3715593716259558,0.8166521759725955,-0.16413410547543777
1.5808554993855906,-0.5749070563860658,-0.0937110821270267,0.02293996744986792,2.3410120700425123
-0.8049560622777974,1.2257369649902687,-0.4356075213360559,-0.6420621532043097,-0.8513400542529299
0.5232276936997589,-1.2674624492231175,1.0296629324169264,0.5806836815469194,2.116618290849862
1.4578755219802613,0.8102037292880377,-1.3636121420462781,2.1895597799038007,-0.6146747402606814
0.7691876485104173,0.948714807855448,-1.0705580512956816,0.1945534179412679,-1.0564499930462121
-0.9279360396831267,1.2257369649902687,-0.3867651728776232,-0.2130285269758082,0.13914811171462893
0.35105572533229784,1.2257369649902687,1.5669287654596866,-2.894488690903943,0.0006550761191649468
0.2772677388891002,-0.8519292135208865,0.8342935385831954,0.516328637612644,-1.0757338334455804
0.2526717434080344,-0.4363959778186554,-1.6566662327968746,-2.980295416149643,-0.5235147674636671
-0.31303615265648027,1.5027591221250893,-1.3147697935878453,-0.9638373728756858,-0.6374647334599349
-0.7557640713156657,0.6716926507206273,0.05281596324827154,0.6450387254811948,0.34601112690785363
0.22807574792696855,-1.1289513706557073,0.1016583117067043,-0.2773835709100836,-0.8127723734541932
-0.6081880984292706,-0.7134181349534762,-0.8263463090035179,-0.6849655158271597,-0.8899077350516668
0.44943970725656124,-0.29788489925124506,0.345870053998868,1.3958475713810725,-0.8180316026540209
1.2611075581317344,1.0872258864228583,-0.19139577904389218,0.9882656264639963,-0.39203403746797344
0.5478236891808247,1.5027591221250893,0.1993430086235698,1.2242341208896717,0.23732039011141354
-0.9033400442020608,-0.9904402920882969,-0.2890804759607577,-0.513352065335759,-0.8881546586517242
-1.050916017088456,-0.15937382068383474,1.6646134623765523,1.1813307582668218,-0.3482071274694089
-0.534400111986073,0.533181572153217,1.518086417001254,-0.10577012041868285,-0.9530184854495997
0.8429756349536149,0.533181572153217,-0.14255343058545944,0.8166521759725955,0.3688011201071072
-0.878744048720995,0.8102037292880377,-1.6078238843384418,1.0740723517096964,0.29166575850963355
-0.5835921029482046,-0.8519292135208865,1.518086417001254,-0.7278688784500097,0.7246756292954514
0.031307784078441696,0.2561594150183963,1.6157711139181195,0.9882656264639963,2.078050610051125
1.2857035536128003,-0.8519292135208865,1.5669287654596866,0.4948769563012194,0.35302343250762397
1.7038354767909198,0.8102037292880377,0.003973614789838794,-0.44899702140148434,-0.49897169786447093
-1.4936439357476412,0.11764833645098596,-0.4844498697944887,-0.44899702140148434,-0.7321308590568344
0.44943970725656124,1.2257369649902687,0.8342935385831954,-2.057873119758365,-0.5708478302621168
1.3840875355370637,1.3642480435576791,0.49239709937416626,-0.42754534009005896,-0.7128470186574659
-0.41142013458074367,0.8102037292880377,-1.412454490504711,0.9239105825297209,-0.050184139479169936
-1.542835926709773,-0.15937382068383474,0.1993430086235698,-0.2988352522215082,-0.8162785262540783
0.4002477162944295,0.8102037292880377,0.39471240245730077,0.8810072199068709,-0.9389938742500591
0.2772677388891002,0.8102037292880377,1.0296629324169264,-2.958843734838218,0.012926610918763022
1.015147603321076,1.3642480435576791,0.1993430086235698,-0.8136756036957105,-0.42183633626699735
-0.6081880984292706,0.39467049358580664,0.345870053998868,-1.5215810869727382,-0.7303777826568918
0.9413596168778784,1.2257369649902687,0.8342935385831954,-0.40609365877863357,-0.9337346450502313
0.9659556123589442,1.0872258864228583,1.0785052808753592,-0.3202869335329336,-0.5813662886617723
0.10509577052163926,1.3642480435576791,0.931978235500061,-0.1701251643529582,-0.14660334147601195
1.2119155671696027,-0.5749070563860658,-1.3636121420462781,0.001488286138442538,-1.0406723054467288
0.031307784078441696,-1.5444846063579383,0.8831358870416283,-0.40609365877863357,-0.8145254498541358
0.17888375696483683,-1.6829956849253485,1.0785052808753592,-0.14867348304153283,-0.9354877214501739
-1.6412199086340364,0.6716926507206273,-0.0937110821270267,1.739074472363874,-0.6742793378587292
-1.1492999990127193,-0.29788489925124506,1.4204017200843884,-0.44899702140148434,-0.8005008386545951
-1.223087985455917,-1.1289513706557073,-0.2890804759607577,-0.10577012041868285,-0.36573789146883473
-0.41142013458074367,1.2257369649902687,0.541239447832599,-0.2130285269758082,0.22680193171175803
-1.6166239131529705,0.6716926507206273,-0.19139577904389218,-0.12722180173010822,-0.006357229480605382
-0.362228143618612,0.6716926507206273,-1.3636121420462781,-0.40609365877863357,0.3828257313066478
-0.28844015717541444,-0.5749070563860658,0.6389241447494645,-0.40609365877863357,-0.9004261934513222
-1.1001080080505876,-1.1289513706557073,0.345870053998868,-1.3928709991041874,2.551381238035622
0.8429756349536149,1.3642480435576791,0.6877664932078973,-0.2773835709100836,-0.7899823802549396
-0.2392481662132827,0.39467049358580664,-0.8751886574619506,0.6879420881040448,0.17420963971348058
1.015147603321076,0.533181572153217,0.8342935385831954,0.47342527498979403,1.0875624440835658
-0.7803600667967315,0.948714807855448,1.0785052808753592,-0.5348037466471843,-0.947759256249772
1.3840875355370637,0.8102037292880377,-0.2890804759607577,0.3018118244983933,2.8897249832245406
0.4740357027376271,1.0872258864228583,-1.6566662327968746,-0.44899702140148434,-0.947759256249772
-1.5182399312287072,1.2257369649902687,0.6389241447494645,-0.34173861484435897,-0.8864015822517816
0.17888375696483683,-0.02086274211642439,-0.3379228244191904,-2.5727134712325666,-0.8215377554539061
-0.09167219332688757,0.39467049358580664,0.6389241447494645,-0.04141507648440746,-0.5726009066620594
-0.3376321481375461,-1.4059735277905279,0.1016583117067043,-0.5991587905814597,-0.7408962410565473
1.1135315852453394,-1.1289513706557073,-0.5332922182529214,-0.8565789663185605,-0.767192387055686
-1.6166239131529705,-0.8519292135208865,-1.6078238843384418,0.9239105825297209,-0.3482071274694089
-0.534400111986073,1.3642480435576791,-1.168242748212547,0.06584333007271792,3.31046331921076
-1.3214719673801802,-0.15937382068383474,-0.0937110821270267,-0.1701251643529582,0.8929709636899392
-0.28844015717541444,1.0872258864228583,1.5669287654596866,0.9882656264639963,-0.6953162546580401
1.2365115626506686,1.6412702006924997,1.6157711139181195,1.0955240330211218,2.77402194082833
-0.21465217073221685,1.3642480435576791,0.1993430086235698,0.47342527498979403,1.1576855000812691
1.1135315852453394,-1.5444846063579383,1.5669287654596866,-0.5777071092700343,0.3950972661062459
0.08049977504057342,1.6412702006924997,-0.24023812750232493,-0.12722180173010822,-0.809266220654308
-0.6327840939103364,0.533181572153217,0.5900817962910317,-0.2130285269758082,-0.8355623666534467
-0.19005617525115098,1.2257369649902687,1.0296629324169264,0.5592320002354948,0.24433269571118385
0.5970156801429564,-0.02086274211642439,1.4692440685428212,-0.8994823289414104,-0.8530931306528725
1.0643395942832077,0.39467049358580664,0.2970277055404353,0.06584333007271792,3.5488817096029512
-0.31303615265648027,-0.29788489925124506,-1.3636121420462781,0.8595555385954455,1.9132614284565221
1.5316635084234589,-0.4363959778186554,-1.3636121420462781,0.7308454507268948,-0.34119482186963856
-0.8049560622777974,0.11764833645098596,-0.8263463090035179,0.32326350580981866,-1.0932645974450064
0.05590377955950755,-0.5749070563860658,-0.5821345667113542,0.6879420881040448,0.25485115411083936
1.1135315852453394,-0.5749070563860658,-0.6798192636282196,-2.894488690903943,-0.6637608794590737
1.4824715174613272,0.11764833645098596,-0.4844498697944887,0.5592320002354948,0.24082654291129868
-0.01788420688369001,-0.5749070563860658,-0.4844498697944887,-1.8862596692669642,2.0710383044513545
-0.7803600667967315,-0.7134181349534762,0.2970277055404353,1.5460093405610487,-0.8530931306528725
-0.854148053239929,-1.5444846063579383,-1.3636121420462781,-0.38464197746720896,-0.8320562138535615
1.2611075581317344,-1.1289513706557073,-1.2659274451294127,-0.14867348304153283,-0.435860947466538
1.2119155671696027,0.2561594150183963,-0.5821345667113542,-0.7922239223842851,0.24433269571118385
-0.41142013458074367,-0.29788489925124506,-1.4612968389631436,1.0311689890868463,-0.28334330067153335
-0.362228143618612,1.6412702006924997,-0.9728733543788162,0.6021353628583448,1.045488610484944
-1.198491989974851,-1.4059735277905279,1.3715593716259558,-0.08431843910725746,-1.0126230830476475
-1.6412199086340364,0.948714807855448,1.1761899777922247,0.9668139451525709,-0.4411201766663657
1.6054514948666565,0.948714807855448,-1.6078238843384418,-0.34173861484435897,2.362048986841823
-0.9771280306452583,1.0872258864228583,-1.1194003997541144,0.3018118244983933,-1.0704746042457527
1.187319571688537,0.948714807855448,1.4204017200843884,-0.5777071092700343,-0.6392178098598775
1.1135315852453394,-0.7134181349534762,1.127347629333792,0.8810072199068709,0.27588807091015033
-0.3376321481375461,-0.15937382068383474,-1.1194003997541144,0.6879420881040448,0.047988138917614664
-1.7396038905582998,0.948714807855448,1.3715593716259558,1.8677845602324248,-0.8373154430533893
0.8675716304346808,-1.6829956849253485,0.05281596324827154,0.7737488133497455,0.5949479756997003
1.0643395942832077,-1.2674624492231175,-0.8263463090035179,0.9239105825297209,-1.0687215278458102
1.0397435988021417,1.0872258864228583,-1.021715702837249,1.1384273956439717,-0.754920852256088
-0.3376321481375461,0.8102037292880377,-0.5821345667113542,0.8381038572840201,0.29517191130951875
0.9167636213968124,-0.7134181349534762,-1.3636121420462781,0.5377803189240694,0.07253120851681082
0.12969176600270513,-0.15937382068383474,1.322717023167523,-0.1701251643529582,-0.7146000950574085
-0.8049560622777974,-0.5749070563860658,-1.2170850966709799,-0.47044870271290895,-0.43060171826671023
-0.6819760848724681,1.3642480435576791,0.9808205839584937,0.6879420881040448,0.1409011881145715
-1.6412199086340364,0.39467049358580664,-1.2659274451294127,0.516328637612644,-0.9863269370485088
0.646207671105088,0.533181572153217,0.6877664932078973,-0.7707722410728605,1.0332170756853458
-1.4690479402665755,-0.4363959778186554,1.7134558108349849,-0.7922239223842851,0.2303080845116432
0.44943970725656124,-1.6829956849253485,1.4692440685428212,0.7952004946611702,-0.47968785746510256
1.0397435988021417,0.533181572153217,1.0785052808753592,0.4519735936783694,2.2182967220465315
-0.16546017977008515,-1.4059735277905279,1.322717023167523,0.6664904067926202,0.012926610918763022
1.5316635084234589,1.3642480435576791,1.6157711139181195,-3.0661021413953433,-0.4656632462655619
-1.1738959944937852,-0.8519292135208865,-0.7775039605450852,0.7308454507268948,-0.981067707848681
0.006711788597375844,0.533181572153217,1.0785052808753592,0.02293996744986792,-0.6251931986603368
1.0397435988021417,0.6716926507206273,0.73660884166633,-0.6206104718928843,-0.7794639218552841
0.670803666586154,1.5027591221250893,-1.5101391874215764,-0.5348037466471843,-0.7899823802549396
-1.198491989974851,0.2561594150183963,1.322717023167523,1.503105977938198,-0.6795385670585569
-0.6327840939103364,-0.02086274211642439,0.003973614789838794,0.5377803189240694,0.2320611609115858
-0.38682413909967783,0.11764833645098596,0.1016583117067043,0.9668139451525709,1.0104270824860921
1.015147603321076,0.533181572153217,0.345870053998868,-2.07932480106979,-0.11680104267698806
0.32645972985123195,0.11764833645098596,1.4692440685428212,-0.2344802082872336,-0.809266220654308
-1.1492999990127193,0.2561594150183963,0.003973614789838794,-0.10577012041868285,-0.981067707848681
-0.4606121255428754,1.0872258864228583,0.49239709937416626,-0.6420621532043097,-0.7969946858547099
-1.4690479402665755,0.6716926507206273,1.4692440685428212,-0.12722180173010822,0.1899873273129638
-0.14086418428901928,0.2561594150183963,0.44355475091573354,-0.44899702140148434,-0.7742046926554563
1.679239481309854,-0.8519292135208865,-1.1194003997541144,-0.14867348304153283,-0.7075877894576382
1.5562595039045246,0.39467049358580664,0.1016583117067043,0.044391648761292535,-0.7268716298570066
1.2119155671696027,0.11764833645098596,-0.3867651728776232,0.044391648761292535,0.4371710997048679
0.9167636213968124,1.2257369649902687,-0.3867651728776232,0.6450387254811948,3.03873647721966
-1.3460679628612462,1.6412702006924997,0.05281596324827154,1.1169757143325463,0.58793567009993
0.12969176600270513,1.2257369649902687,0.931978235500061,-0.2988352522215082,-0.7146000950574085
1.5562595039045246,-1.2674624492231175,0.931978235500061,-0.47044870271290895,-0.6234401222603942
1.334895544574932,-0.9904402920882969,1.0296629324169264,1.1813307582668218,-0.7444023938564325
0.031307784078441696,1.2257369649902687,-1.5101391874215764,-2.315293295495466,-0.02213491708008862
-1.02632002160739,-1.1289513706557073,-1.1194003997541144,-1.0925474607442367,0.4056157245059014
0.646207671105088,1.5027591221250893,1.518086417001254,0.02293996744986792,1.7589907052615747
1.5808554993855906,-0.7134181349534762,-0.3867651728776232,0.1945534179412679,1.0875624440835658
-0.16546017977008515,1.6412702006924997,-1.2170850966709799,-0.5348037466471843,-0.6269462750602794
0.670803666586154,-1.2674624492231175,-1.412454490504711,-0.8136756036957105,-0.2202325502736004
0.7691876485104173,0.948714807855448,0.1993430086235698,-0.2344802082872336,-0.36223173866894953
-1.6658159041151024,-0.15937382068383474,-1.1194003997541144,-0.01996339517298284,-1.0213884650473604
-1.050916017088456,0.533181572153217,-1.0705580512956816,-0.5562554279586097,-0.6129216638607388
0.4740357027376271,-1.4059735277905279,1.4204017200843884,1.1169757143325463,2.2323213332460723
-0.6819760848724681,1.0872258864228583,0.49239709937416626,0.9453622638411455,-0.02038184068014604
-0.5098041165050071,0.533181572153217,-1.5101391874215764,-0.2344802082872336,-0.8758831238521261
-0.28844015717541444,0.948714807855448,1.5669287654596866,0.7522971320383202,-0.05544336867899768
1.334895544574932,1.3642480435576791,-1.3147697935878453,-2.7872302843468173,-0.616427816660624
0.006711788597375844,-1.1289513706557073,-1.3147697935878453,1.0955240330211218,0.06551890291704049
-1.3460679628612462,-1.5444846063579383,0.1993430086235698,0.3018118244983933,2.9317988168231626
0.8675716304346808,0.39467049358580664,1.27387467470909,0.7093937694154702,-0.01336953508037571
-1.6658159041151024,-0.8519292135208865,1.6157711139181195,-0.5991587905814597,0.5756641353003319
-1.198491989974851,1.0872258864228583,0.44355475091573354,-1.1783541859899367,0.24257961931124128
1.3840875355370637,1.6412702006924997,-1.412454490504711,0.02293996744986792,-0.8530931306528725
0.3018637343701661,-1.1289513706557073,1.1761899777922247,0.5377803189240694,-0.24302254347285396
1.4578755219802613,0.2561594150183963,1.27387467470909,-0.42754534009005896,3.080810310818282
0.08049977504057342,1.2257369649902687,1.4692440685428212,0.9882656264639963,0.621244121698839
0.9167636213968124,0.8102037292880377,1.322717023167523,-0.38464197746720896,0.3389988213080833
0.22807574792696855,-0.29788489925124506,1.4204017200843884,0.8810072199068709,2.0377298528524457
-1.0755120125695217,0.39467049358580664,-0.5821345667113542,0.9668139451525709,0.365294967307222
0.3018637343701661,1.0872258864228583,-1.021715702837249,1.1169757143325463,0.10934581291560504
-1.6166239131529705,1.0872258864228583,-1.412454490504711,-0.12722180173010822,-0.2886025298713611
0.3756517208133637,-0.9904402920882969,-1.6078238843384418,-1.0710957794328113,-0.34119482186963856
0.4248437117754954,-1.1289513706557073,1.6157711139181195,0.34471518712124405,3.4507094312061666
-1.2722799764180486,1.5027591221250893,-1.021715702837249,-0.9638373728756858,1.8659283656580725
1.4578755219802613,1.2257369649902687,-0.8751886574619506,-0.42754534009005896,-0.6585016502592459
-1.0755120125695217,-1.6829956849253485,1.322717023167523,1.0955240330211218,1.6836084200640438
1.4332795264991955,1.5027591221250893,1.7134558108349849,1.1598790769553964,-0.7461554702563751
-1.4198559493044438,-0.4363959778186554,-1.5101391874215764,0.43052191236694404,0.2618634597106097
0.22807574792696855,0.6716926507206273,0.24818535708200254,0.9882656264639963,0.1812219453132509
-1.4198559493044438,0.533181572153217,-1.1194003997541144,-1.7146462187755636,-0.5305270730634374
-0.8049560622777974,-0.4363959778186554,-0.7775039605450852,0.34471518712124405,0.11460504211543278
-0.8049560622777974,1.6412702006924997,1.7134558108349849,-0.06286675779583284,-0.5831193650617149
-0.7065720803535339,0.6716926507206273,-0.9728733543788162,-0.6206104718928843,-0.4814409338650451
1.2365115626506686,-1.5444846063579383,1.4204017200843884,-0.7278688784500097,-0.5235147674636671
-0.4606121255428754,-1.6829956849253485,0.2970277055404353,1.1813307582668218,-0.8057600678544228
-0.8295520577588632,1.6412702006924997,-1.7055085812553072,-2.4869067459868663,-0.7777108454553415
-1.198491989974851,0.533181572153217,-0.0937110821270267,1.331492527446797,-0.8320562138535615
-0.09167219332688757,-1.6829956849253485,-1.4612968389631436,-1.0067407354985358,-0.04317183387939961
0.3756517208133637,0.39467049358580664,-0.9240310059203835,0.28036014318696867,0.42840571770515495
-1.4690479402665755,-0.8519292135208865,-0.4356075213360559,-2.186583207626915,0.2618634597106097
-1.223087985455917,-0.8519292135208865,0.15050066016513702,-0.6849655158271597,0.558133371300906
1.5808554993855906,0.39467049358580664,-0.4356075213360559,0.1516500553184179,0.856156359291145
1.2119155671696027,0.8102037292880377,1.4692440685428212,-0.3202869335329336,-0.7444023938564325
-1.02632002160739,0.6716926507206273,1.0296629324169264,0.9882656264639963,-0.09401104947773449
0.15428776148377096,-0.15937382068383474,-0.5821345667113542,-0.3202869335329336,0.04974121531755724
-1.1492999990127193,1.5027591221250893,-1.7055085812553072,-0.6420621532043097,-0.6409708862598201
-1.3460679628612462,0.2561594150183963,0.003973614789838794,1.2885891648239471,-0.7461554702563751
1.4086835310181296,-0.4363959778186554,0.5900817962910317,0.6450387254811948,-0.21322024467383008
1.0889355897642734,-1.1289513706557073,-0.3867651728776232,-1.821904625332689,2.064025998851584
0.4740357027376271,-1.6829956849253485,0.931978235500061,0.044391648761292535,-1.0582030694461546
1.6546434858287882,1.5027591221250893,0.7854511901247627,-0.6635138345157351,-0.8495869778529874
0.05590377955950755,-1.5444846063579383,0.05281596324827154,-0.9638373728756858,2.391851285640847
1.5808554993855906,1.2257369649902687,1.322717023167523,-0.9852890541871112,0.25134500131095416
-0.9525320351641925,-1.5444846063579383,0.1016583117067043,-1.5215810869727382,2.467233570838378
-0.6573800893914022,-0.5749070563860658,-1.1194003997541144,0.6450387254811948,-0.5165024618638968
-0.28844015717541444,-0.29788489925124506,-0.4356075213360559,-0.08431843910725746,-0.788229303854997
-1.223087985455917,-0.02086274211642439,-0.7775039605450852,-0.40609365877863357,-0.8864015822517816
-0.6573800893914022,1.0872258864228583,-0.24023812750232493,-2.915940372215368,0.30393729330923164
0.32645972985123195,-1.6829956849253485,-1.4612968389631436,0.7308454507268948,-1.0564499930462121
1.5808554993855906,-0.8519292135208865,1.3715593716259558,-1.4572260430384627,2.9773788032216695
0.6953996620672198,-1.1289513706557073,-0.9728733543788162,0.08729501138414254,-0.47968785746510256
1.2611075581317344,-0.15937382068383474,1.3715593716259558,-0.42754534009005896,0.14791349371434184
-0.5589961074671388,-0.5749070563860658,-1.6078238843384418,0.08729501138414254,2.116618290849862
-1.542835926709773,-0.5749070563860658,-1.021715702837249,-0.38464197746720896,-0.6514893446594756
-0.8295520577588632,1.3642480435576791,0.541239447832599,-0.3202869335329336,-0.8110192970542506
-1.2722799764180486,-0.9904402920882969,-1.7055085812553072,-3.044650460083918,-0.12030719547687321
0.2526717434080344,0.8102037292880377,0.8831358870416283,-0.7493205597614351,-0.3078863702707295
-0.09167219332688757,0.6716926507206273,0.6389241447494645,0.8810072199068709,-0.3061332938707869
0.2034797524459027,1.0872258864228583,0.05281596324827154,0.1945534179412679,0.7194164000956236
-1.4690479402665755,-1.5444846063579383,0.73660884166633,0.7737488133497455,-0.2500348490726243
1.2611075581317344,-0.02086274211642439,0.5900817962910317,-0.3631902961557836,0.033963527718074
-0.7557640713156657,-1.5444846063579383,-0.5332922182529214,0.2589084618755433,1.3943508140735177
-1.0017240261263243,1.2257369649902687,1.27387467470909,-0.7064171971385851,-0.8320562138535615
1.5562595039045246,0.2561594150183963,-1.168242748212547,-0.06286675779583284,-0.456897864265849
0.5232276936997589,0.6716926507206273,0.15050066016513702,0.7952004946611702,0.03571660411801659
1.1135315852453394,-0.8519292135208865,-0.24023812750232493,1.052620670398271,-0.008110305880547964
-0.41142013458074367,0.8102037292880377,1.1761899777922247,-0.04141507648440746,-0.9214631102506332
-0.26384416169434854,1.5027591221250893,1.3715593716259558,-0.47044870271290895,-0.8601054362526429
-1.5182399312287072,0.2561594150183963,0.24818535708200254,-0.513352065335759,2.668837356831775
0.4248437117754954,-1.2674624492231175,0.9808205839584937,-0.08431843910725746,1.5468684608685224
-0.14086418428901928,0.39467049358580664,-0.4356075213360559,-1.0067407354985358,-0.1606279526755526
-0.38682413909967783,-0.5749070563860658,-1.6566662327968746,-2.7443269217239674,0.4739857041036621
0.8921676259157466,-0.5749070563860658,0.1016583117067043,-1.5859361309070128,-0.3271702106700979
1.4824715174613272,-1.4059735277905279,-0.5821345667113542,0.516328637612644,0.3389988213080833
1.4824715174613272,1.2257369649902687,-0.14255343058545944,-0.47044870271290895,-0.6672670322589588
1.7038354767909198,-1.2674624492231175,1.27387467470909,-2.830133646969667,0.22680193171175803
-0.21465217073221685,1.2257369649902687,-0.5821345667113542,1.2242341208896717,-0.6847977962583847
-0.9771280306452583,0.6716926507206273,0.5900817962910317,0.7522971320383202,-0.31139252307061466
0.5232276936997589,-0.02086274211642439,1.1761899777922247,-0.40609365877863357,-0.12556642467670096
-1.3214719673801802,0.6716926507206273,0.541239447832599,-0.2988352522215082,-0.6602547266591885
0.49863169821869296,-0.29788489925124506,0.541239447832599,0.7308454507268948,0.3021842169092891
-1.6166239131529705,-1.6829956849253485,1.322717023167523,1.331492527446797,-0.46040401706573414
0.9167636213968124,-0.9904402920882969,-0.9728733543788162,0.6450387254811948,2.616245064833498
-1.2722799764180486,-1.6829956849253485,1.6157711139181195,0.2589084618755433,-1.0722276806456954
1.6300474903477222,1.3642480435576791,-1.168242748212547,-0.2344802082872336,-0.8215377554539061
-0.19005617525115098,1.0872258864228583,0.24818535708200254,-0.12722180173010822,-0.9495123326497146
0.12969176600270513,-1.2674624492231175,1.1761899777922247,0.7737488133497455,-0.5445516842629781
0.031307784078441696,1.2257369649902687,0.05281596324827154,-0.6849655158271597,-0.1115418134771603
-1.4198559493044438,-0.8519292135208865,-1.5589815358800092,0.6021353628583448,0.18472809811313606
1.6054514948666565,0.8102037292880377,-0.8751886574619506,-1.049644098121386,0.002408152519107529
-1.6658159041151024,1.2257369649902687,-1.7055085812553072,-0.5991587905814597,-0.8390685194533318
-0.9525320351641925,-0.15937382068383474,0.5900817962910317,-2.07932480106979,0.47047955130377694
0.2034797524459027,1.5027591221250893,0.05281596324827154,-2.186583207626915,-0.23776331427302622
-1.4198559493044438,-0.29788489925124506,0.003973614789838794,0.8166521759725955,0.5476149129012505
-0.26384416169434854,1.6412702006924997,0.541239447832599,-1.8433563066441143,0.011173534518820439
-0.01788420688369001,1.6412702006924997,-0.4844498697944887,-0.44899702140148434,-0.9758084786488532
1.3840875355370637,-1.6829956849253485,-0.6798192636282196,2.2110114612152247,-0.6076624346609111
-0.878744048720995,1.6412702006924997,-0.9728733543788162,-0.19157684566438285,-0.4937124686646432
1.2365115626506686,-1.2674624492231175,-0.04486873366859395,0.8166521759725955,0.1426542645145141
1.2119155671696027,1.0872258864228583,-1.168242748212547,-1.371419317792762,1.1576855000812691
0.006711788597375844,-0.9904402920882969,-1.3147697935878453,0.8595555385954455,-0.15010949427589712
0.7445916530293515,-0.4363959778186554,0.931978235500061,0.06584333007271792,-0.90568542265115
0.9659556123589442,-1.6829956849253485,1.6646134623765523,0.9024589012182955,-1.0844992154452933
-0.19005617525115098,-1.4059735277905279,-1.0705580512956816,-0.8351272850071351,-0.4849470866649303
-0.48520812102394123,-0.9904402920882969,0.73660884166633,-0.04141507648440746,-1.005610777447877
0.9413596168778784,1.5027591221250893,0.24818535708200254,-0.19157684566438285,0.9280324916887909
0.9659556123589442,-1.4059735277905279,-1.5101391874215764,-0.38464197746720896,-0.8408215958532744
0.35105572533229784,-0.02086274211642439,-1.6566662327968746,-1.1139991420556612,-0.3780094262684328
-1.5182399312287072,-1.2674624492231175,-1.4612968389631436,1.6961711097410233,-0.8390685194533318
0.32645972985123195,-1.2674624492231175,1.322717023167523,-0.47044870271290895,1.922026810456235
1.5562595039045246,0.948714807855448,-0.8751886574619506,-0.5991587905814597,-0.9512654090496572
-0.09167219332688757,-0.29788489925124506,1.5669287654596866,-0.9852890541871112,0.023445069318418513
0.4740357027376271,-1.1289513706557073,-0.3867651728776232,-0.3631902961557836,-0.4937124686646432
-0.7557640713156657,-0.5749070563860658,-0.6309769151697869,-0.5991587905814597,-0.2921086826712463
0.10509577052163926,-1.6829956849253485,-0.14255343058545944,-0.3202869335329336,-0.6444770390597052
1.0643395942832077,-0.29788489925124506,1.4204017200843884,-0.9209340102528358,-0.8741300474521835
1.2119155671696027,-1.2674624492231175,0.003973614789838794,0.7093937694154702,-0.21847947387365782
1.7038354767909198,-0.8519292135208865,-1.5101391874215764,-0.7493205597614351,0.6247502744987242
0.646207671105088,-0.15937382068383474,-0.3867651728776232,-1.8648079879555388,1.1208708956824749
1.015147603321076,-1.1289513706557073,1.6157711139181195,0.38761854974409404,2.8055773160272963
0.8675716304346808,1.3642480435576791,1.5669287654596866,-0.34173861484435897,-0.5568232190625761
-0.06707619784582172,1.3642480435576791,-0.19139577904389218,-0.47044870271290895,1.0191924644858052
1.4086835310181296,1.3642480435576791,1.3715593716259558,1.0740723517096964,-0.3955401902678586
-0.7803600667967315,-1.2674624492231175,0.8831358870416283,-1.7146462187755636,-0.060702597878825426
1.7038354767909198,1.6412702006924997,-0.9240310059203835,0.06584333007271792,2.5548873908355074
-0.21465217073221685,-0.02086274211642439,-1.7055085812553072,0.7093937694154702,0.004161228919050111
0.9167636213968124,-0.7134181349534762,0.44355475091573354,0.1945534179412679,1.0823032148837382
-0.5098041165050071,0.11764833645098596,-0.0937110821270267,1.0311689890868463,2.6548127456322343
-0.854148053239929,-1.1289513706557073,0.8342935385831954,0.6235870441697694,2.71266426683034
1.138127580726405,0.11764833645098596,-0.04486873366859395,-0.06286675779583284,0.8281071368920637
-1.0017240261263243,1.2257369649902687,1.0785052808753592,-0.6849655158271597,-0.7689454634556286
-0.7803600667967315,1.2257369649902687,0.9808205839584937,0.8810072199068709,0.11811119491531795
1.3102995490938663,-0.5749070563860658,0.9808205839584937,-0.5562554279586097,-0.6076624346609111
0.2034797524459027,0.11764833645098596,-0.14255343058545944,-1.2641609112356367,3.6961401271981282
0.6953996620672198,0.6716926507206273,0.24818535708200254,0.7952004946611702,-0.21146716827388748
-0.16546017977008515,-1.1289513706557073,-1.021715702837249,0.34471518712124405,1.76249685806146
0.7691876485104173,-1.4059735277905279,1.518086417001254,0.8810072199068709,1.2611170076778815
0.7445916530293515,-0.4363959778186554,1.3715593716259558,0.044391648761292535,-0.9880800134484513
0.031307784078441696,1.3642480435576791,1.6157711139181195,1.009717307775421,-0.018628764280203457
-0.9771280306452583,-0.02086274211642439,-1.6078238843384418,0.6021353628583448,2.2270621040462446
-1.2968759718991145,1.2257369649902687,0.541239447832599,0.001488286138442538,-0.9617838674493127
1.3840875355370637,-0.8519292135208865,-0.3867651728776232,1.009717307775421,2.761750406028732
1.187319571688537,-0.9904402920882969,0.1993430086235698,-0.7064171971385851,-0.7268716298570066
1.2857035536128003,-1.2674624492231175,0.6877664932078973,-0.6206104718928843,-0.6059093582609685
-0.19005617525115098,1.3642480435576791,0.39471240245730077,-1.0281924168099612,0.07253120851681082
1.2365115626506686,-0.7134181349534762,-0.0937110821270267,-0.47044870271290895,-0.18692409867469134
0.006711788597375844,1.5027591221250893,-0.24023812750232493,0.8166521759725955,0.4354180233049253
-0.7311680758345999,1.3642480435576791,-0.14255343058545944,0.6235870441697694,2.120124443649747
-0.7557640713156657,-1.2674624492231175,-1.168242748212547,-0.513352065335759,-0.5007247742644135
-1.6658159041151024,0.2561594150183963,1.7134558108349849,-0.08431843910725746,-0.6830447198584421
1.4824715174613272,1.2257369649902687,-0.04486873366859395,-2.100776482381215,-0.1115418134771603
0.4002477162944295,-0.02086274211642439,1.0785052808753592,-2.8730370095925175,-0.32541713427015534
-0.042480202364755866,1.6412702006924997,0.44355475091573354,0.08729501138414254,0.7527248516945326
-0.09167219332688757,-0.5749070563860658,-0.5332922182529214,1.5460093405610487,-0.733883935456777
0.05590377955950755,-0.4363959778186554,1.5669287654596866,-0.7493205597614351,0.02695122211830368
1.0889355897642734,-0.7134181349534762,0.49239709937416626,-0.7278688784500097,2.8143426980270094
0.8183796394725491,-0.8519292135208865,-0.9240310059203835,0.1731017366298433,-1.0950176738449489
1.507067512942393,0.948714807855448,-1.3636121420462781,-0.49190038402433434,-0.7286247062569492
-0.7311680758345999,0.6716926507206273,0.9808205839584937,-0.08431843910725746,-0.9687961730490829
0.08049977504057342,0.39467049358580664,-0.8751886574619506,2.1681080985923753,-0.6830447198584421
-0.4606121255428754,-0.02086274211642439,-0.4844498697944887,0.1731017366298433,1.8624222128581873
1.679239481309854,1.0872258864228583,-1.5589815358800092,-0.19157684566438285,-0.5094901562641264
0.670803666586154,-0.15937382068383474,0.44355475091573354,-0.14867348304153283,-0.1325787302764713
-0.38682413909967783,-0.5749070563860658,0.931978235500061,-0.5348037466471843,-0.6094155110608537
0.7937836439914832,1.0872258864228583,-1.5101391874215764,-2.5941651525439915,-0.2588002310723372
1.2365115626506686,1.2257369649902687,1.322717023167523,-2.25093825156119,-0.24652869627273913
0.49863169821869296,-0.15937382068383474,-1.6566662327968746,-0.2344802082872336,-0.7181062478572937
0.7937836439914832,-1.2674624492231175,1.3715593716259558,-0.5348037466471843,1.2050185628797188
-1.0755120125695217,-0.8519292135208865,-0.8751886574619506,-0.7922239223842851,-0.9547715618495423
0.2034797524459027,1.5027591221250893,1.322717023167523,-0.3631902961557836,-0.7110939422575234
0.17888375696483683,0.11764833645098596,-0.3379228244191904,-0.2773835709100836,-0.6988224074579253
-0.5098041165050071,-0.7134181349534762,-0.4844498697944887,-0.08431843910725746,1.112105513682762
0.4740357027376271,-0.8519292135208865,-1.5101391874215764,0.6879420881040448,2.7424665656293636
1.3840875355370637,1.3642480435576791,-1.6566662327968746,-0.40609365877863357,-0.8618585126525854
1.0889355897642734,0.6716926507206273,-0.9240310059203835,0.08729501138414254,-0.8267969846537339
0.9905516078400101,-0.15937382068383474,-0.14255343058545944,0.08729501138414254,1.296178535676733
-0.48520812102394123,-0.5749070563860658,-1.7055085812553072,-1.049644098121386,0.3828257313066478
-1.0017240261263243,0.948714807855448,-1.412454490504711,0.001488286138442538,-0.8793892766520113
-0.8295520577588632,-1.2674624492231175,0.8342935385831954,-0.12722180173010822,-0.9915861662483365
1.0889355897642734,1.6412702006924997,0.5900817962910317,-2.100776482381215,0.02870429851824626
1.162723576207471,-1.4059735277905279,1.7134558108349849,-0.04141507648440746,2.5846896896345313
-0.48520812102394123,0.39467049358580664,-1.021715702837249,-2.7872302843468173,-0.12030719547687321
-0.8049560622777974,0.533181572153217,1.518086417001254,0.8381038572840201,-0.22549177947342813
0.4002477162944295,0.533181572153217,0.003973614789838794,-0.6206104718928843,-0.7899823802549396
-1.1738959944937852,-0.02086274211642439,-0.5821345667113542,-1.328515955169912,1.6976330312635843
0.2034797524459027,-0.4363959778186554,0.49239709937416626,-0.19157684566438285,0.3950972661062459
-1.0017240261263243,-1.4059735277905279,-0.6798192636282196,-1.199805867301362,0.09006197251623663
-0.878744048720995,0.2561594150183963,0.5900817962910317,0.40907023105551865,-0.9740554022489107
0.4002477162944295,0.11764833645098596,-1.5589815358800092,-1.9935180758240896,3.210537964414033
-1.0755120125695217,-0.15937382068383474,-0.2890804759607577,0.02293996744986792,-1.1002769030447765
-0.7311680758345999,1.5027591221250893,1.0296629324169264,-1.285612592547062,-0.5480578370628633
0.49863169821869296,-1.6829956849253485,-0.3867651728776232,0.4519735936783694,0.17946886891330832
0.08049977504057342,-0.29788489925124506,0.05281596324827154,1.3743958900696471,-0.17465256387509326
-0.2392481662132827,-0.29788489925124506,0.931978235500061,-0.5348037466471843,-0.8338092902535041
0.4740357027376271,0.6716926507206273,1.127347629333792,-0.2130285269758082,-0.43235479466665283
-0.6327840939103364,1.0872258864228583,-0.8263463090035179,-0.513352065335759,-0.2886025298713611
1.3840875355370637,0.948714807855448,-0.6309769151697869,-0.47044870271290895,-0.9126977282509203
0.7937836439914832,-0.15937382068383474,-0.4844498697944887,1.3529442087582224,-0.06946797987853834
1.5562595039045246,0.533181572153217,0.8342935385831954,0.9453622638411455,0.22680193171175803
1.6054514948666565,0.11764833645098596,-0.5332922182529214,-2.186583207626915,0.151419646514227
1.5562595039045246,-1.4059735277905279,1.127347629333792,-0.01996339517298284,2.7459727184292486
1.0397435988021417,1.3642480435576791,1.0785052808753592,0.9668139451525709,0.310949598909002
-1.0017240261263243,-1.6829956849253485,-0.3867651728776232,1.1598790769553964,1.9903967900539958
-1.1492999990127193,-0.02086274211642439,0.24818535708200254,0.47342527498979403,-0.018628764280203457
1.0889355897642734,0.948714807855448,0.003973614789838794,-0.6849655158271597,-0.3464540510694663
0.2526717434080344,-1.4059735277905279,1.5669287654596866,-1.6717428561527135,2.2393336388458427
0.8183796394725491,1.2257369649902687,-1.2659274451294127,-0.6420621532043097,-0.6812916434584995
0.006711788597375844,-0.4363959778186554,0.1993430086235698,1.1813307582668218,-0.8373154430533893
-1.4444519447855095,-1.1289513706557073,0.05281596324827154,-0.10577012041868285,-0.9933392426482791
1.2857035536128003,-0.02086274211642439,0.2970277055404353,0.5592320002354948,-0.2517879254725669
0.5478236891808247,1.6412702006924997,-0.7286616120866524,0.7308454507268948,-0.1325787302764713
0.5478236891808247,-0.9904402920882969,0.2970277055404353,-0.9209340102528358,-0.14660334147601195
0.7199956575482857,-0.15937382068383474,1.6157711139181195,-2.422551702052591,-0.14660334147601195
-1.6166239131529705,0.533181572153217,-1.6566662327968746,-0.01996339517298284,2.4987889460373447
-0.19005617525115098,0.11764833645098596,-1.5101391874215764,0.8595555385954455,-0.9985984718481068
1.6546434858287882,-0.8519292135208865,1.127347629333792,0.6450387254811948,-0.3762563498684902
1.3102995490938663,-1.1289513706557073,-1.6566662327968746,-0.7493205597614351,-0.8127723734541932
-0.21465217073221685,1.6412702006924997,-1.6078238843384418,-1.0925474607442367,2.5566404672354497
-0.14086418428901928,-0.8519292135208865,-0.3379228244191904,0.8166521759725955,0.7141571708957959
1.334895544574932,-1.1289513706557073,-1.4612968389631436,0.8595555385954455,-0.3447009746695237
-1.4936439357476412,-0.5749070563860658,1.2250323262506575,-0.7064171971385851,-0.6900570254582123
0.9905516078400101,-0.4363959778186554,-0.5332922182529214,0.8595555385954455,0.6072195104992983
1.1135315852453394,-1.6829956849253485,-0.8751886574619506,-0.2988352522215082,-0.9460061798498294
1.0397435988021417,-0.29788489925124506,-0.5332922182529214,-0.2988352522215082,-0.7426493174564899
0.4740357027376271,-0.4363959778186554,0.24818535708200254,-0.2559318895986582,1.0560070688845993
1.5562595039045246,1.5027591221250893,-0.8263463090035179,-0.12722180173010822,-0.9284754158504036
1.1135315852453394,0.533181572153217,1.2250323262506575,0.3018118244983933,-1.0073638538478198
0.646207671105088,-0.5749070563860658,-0.19139577904389218,0.9024589012182955,0.2180365497120451
0.44943970725656124,0.6716926507206273,-0.8751886574619506,0.044391648761292535,1.6853614964639863
-0.854148053239929,0.39467049358580664,-1.5101391874215764,0.6235870441697694,0.2303080845116432
1.2611075581317344,1.6412702006924997,0.49239709937416626,-0.2559318895986582,-0.5182555382638393
-0.6573800893914022,0.948714807855448,0.2970277055404353,-0.513352065335759,-0.6269462750602794
-0.01788420688369001,-0.15937382068383474,1.1761899777922247,1.1384273956439717,0.2320611609115858
0.5970156801429564,1.6412702006924997,-0.7286616120866524,1.3529442087582224,-0.8285500610536763
1.2365115626506686,0.39467049358580664,-0.04486873366859395,0.34471518712124405,-0.8951669642514946
0.4740357027376271,-0.02086274211642439,-0.3867651728776232,-1.9720663945126642,0.4547018637042937
-0.11626818880795343,-1.5444846063579383,-0.14255343058545944,-0.6206104718928843,-0.6988224074579253
-0.878744048720995,-0.8519292135208865,0.39471240245730077,1.052620670398271,-0.11504796627704547
0.05590377955950755,-0.02086274211642439,-0.7775039605450852,-1.1569025046785113,2.8564165316256314
1.4332795264991955,1.0872258864228583,-0.6798192636282196,0.08729501138414254,-1.0091169302477623
-0.21465217073221685,0.948714807855448,-1.4612968389631436,0.8381038572840201,-0.21322024467383008
-1.6412199086340364,0.948714807855448,-1.1194003997541144,-0.7064171971385851,-0.649736268259533
-0.6081880984292706,-0.9904402920882969,1.0296629324169264,-0.2130285269758082,-0.7601800814559156
1.3102995490938663,-0.8519292135208865,-0.9728733543788162,-0.6206104718928843,-0.7514146994562028
-0.21465217073221685,-0.02086274211642439,-1.4612968389631436,-0.7278688784500097,-0.6549954974593608
1.3102995490938663,0.2561594150183963,0.1016583117067043,0.7308454507268948,0.24608577211112645
0.9659556123589442,0.2561594150183963,-1.5101391874215764,0.9668139451525709,-0.02213491708008862
-1.050916017088456,1.6412702006924997,1.0296629324169264,-0.8565789663185605,-0.21672639747371522
-0.2392481662132827,-1.5444846063579383,-1.2170850966709799,-0.44899702140148434,-0.6777854906586144
-1.223087985455917,0.2561594150183963,1.4204017200843884,-1.9291630318898143,0.4266526413052124
-0.28844015717541444,1.2257369649902687,0.6389241447494645,-1.1354508233670866,3.4910301884048462
-1.1247040035316536,-1.5444846063579383,-0.19139577904389218,0.34471518712124405,0.4564549401042363
-0.9279360396831267,-1.5444846063579383,-1.412454490504711,0.32326350580981866,-1.0073638538478198
0.9413596168778784,1.0872258864228583,0.44355475091573354,-0.6420621532043097,-0.691810101858155
-0.9525320351641925,0.533181572153217,-0.14255343058545944,-0.14867348304153283,-0.7461554702563751
1.6054514948666565,1.2257369649902687,0.49239709937416626,0.23745678056411867,0.09006197251623663
-1.4444519447855095,-0.8519292135208865,0.1993430086235698,-0.3202869335329336,-0.43060171826671023
0.4740357027376271,-1.1289513706557073,0.73660884166633,-1.0067407354985358,-0.5778601358618871
0.9413596168778784,-1.2674624492231175,-0.6309769151697869,0.7737488133497455,-0.05544336867899768
-1.5920279176719048,0.11764833645098596,0.6877664932078973,0.6879420881040448,-0.23601023787308364
-0.9525320351641925,-1.2674624492231175,-0.5332922182529214,1.6103643844953233,-0.6795385670585569
-0.28844015717541444,-0.4363959778186554,-1.7055085812553072,1.3743958900696471,0.07954351411658114
0.12969176600270513,-0.02086274211642439,0.44355475091573354,0.6021353628583448,0.3127026753089446
-1.4444519447855095,1.2257369649902687,0.73660884166633,0.9239105825297209,1.5345969260689243
-1.6412199086340364,-0.29788489925124506,0.5900817962910317,1.9750429667895502,-0.6514893446594756
1.0643395942832077,-1.5444846063579383,-0.8263463090035179,0.6450387254811948,-0.07122105627848092
-0.5589961074671388,-0.4363959778186554,-0.2890804759607577,0.4948769563012194,3.252611798012655
-1.690411899596168,1.3642480435576791,-0.4356075213360559,-0.6420621532043097,-0.6444770390597052
0.5970156801429564,-0.02086274211642439,1.5669287654596866,0.5806836815469194,1.5836830652673166
-1.0755120125695217,0.6716926507206273,0.44355475091573354,-1.049644098121386,-0.29386175907118883
-0.878744048720995,0.8102037292880377,1.4692440685428212,0.02293996744986792,-0.9933392426482791
-0.7311680758345999,-0.4363959778186554,0.05281596324827154,0.7093937694154702,-0.43060171826671023
1.6300474903477222,0.948714807855448,0.345870053998868,-0.06286675779583284,-0.8899077350516668
0.4002477162944295,-0.29788489925124506,1.2250323262506575,0.1731017366298433,3.1071064568174207
-1.3460679628612462,1.0872258864228583,1.7134558108349849,-0.6420621532043097,-0.90568542265115
-0.4606121255428754,0.2561594150183963,0.003973614789838794,-0.2773835709100836,-0.5603293718624613
-0.2392481662132827,0.6716926507206273,-1.1194003997541144,-0.49190038402433434,-0.7075877894576382
-0.7557640713156657,0.533181572153217,-1.412454490504711,-1.4143226804156128,-0.3341825162698682
-0.09167219332688757,1.3642480435576791,-1.2170850966709799,-0.40609365877863357,-0.7689454634556286
1.2857035536128003,-1.4059735277905279,-1.1194003997541144,-0.7278688784500097,-0.04141875747945702
-0.8295520577588632,-1.4059735277905279,0.8342935385831954,-0.38464197746720896,-0.9144508046508629
-0.01788420688369001,1.2257369649902687,-0.4356075213360559,-0.42754534009005896,-0.5182555382638393
-0.2392481662132827,1.3642480435576791,1.6157711139181195,0.6235870441697694,1.464473870071221
1.5562595039045246,1.5027591221250893,-1.4612968389631436,-0.7064171971385851,-0.1518625706758397
-0.8049560622777974,1.3642480435576791,-0.2890804759607577,-0.6206104718928843,-0.628699351460222
-0.31303615265648027,1.6412702006924997,1.6157711139181195,-0.3202869335329336,-0.8864015822517816
1.0397435988021417,0.2561594150183963,-1.7055085812553072,0.6021353628583448,0.09006197251623663
1.187319571688537,1.5027591221250893,0.931978235500061,0.1301983740069933,2.5741712312348755
-1.02632002160739,0.948714807855448,-1.2659274451294127,-0.9423856915642604,-0.6532424210594182
-1.3214719673801802,-0.7134181349534762,-1.2659274451294127,-0.34173861484435897,-0.5515639898627485
-1.1001080080505876,-1.2674624492231175,-0.0937110821270267,0.32326350580981866,0.3407518977080259
0.031307784078441696,0.2561594150183963,-1.3636121420462781,0.9668139451525709,0.2864065293098058
1.3102995490938663,-1.1289513706557073,1.27387467470909,1.7819778349867232,-0.6602547266591885
1.6300474903477222,0.6716926507206273,-1.168242748212547,0.8166521759725955,-0.2289979322733133
-0.38682413909967783,0.2561594150183963,-0.6309769151697869,-0.01996339517298284,-1.1230668962440302
-1.0755120125695217,-0.8519292135208865,-0.8751886574619506,1.910687922855274,-0.7742046926554563
-1.2722799764180486,-1.6829956849253485,-0.8751886574619506,0.1516500553184179,2.4865174112377466
1.5562595039045246,0.2561594150183963,1.4692440685428212,1.7819778349867232,-0.8267969846537339
0.7691876485104173,0.533181572153217,1.6646134623765523,0.6235870441697694,-1.005610777447877
-0.9771280306452583,0.8102037292880377,-0.3867651728776232,-0.7707722410728605,0.13739503531468636
-1.4198559493044438,1.6412702006924997,-0.04486873366859395,0.10874669269556791,2.7880465520278706
1.6054514948666565,-0.5749070563860658,-0.7286616120866524,-0.44899702140148434,-0.7566739286560306
0.15428776148377096,-1.2674624492231175,0.49239709937416626,0.5806836815469194,1.3119562232762163
-1.1247040035316536,0.6716926507206273,1.6157711139181195,0.06584333007271792,-1.0494376874464417
1.6300474903477222,-0.7134181349534762,0.8831358870416283,0.4948769563012194,0.13213580611485862
-0.042480202364755866,-0.7134181349534762,1.0296629324169264,0.6450387254811948,1.1138585900827045
-0.4606121255428754,-0.29788489925124506,-0.19139577904389218,-0.04141507648440746,-1.1055361322446045
0.15428776148377096,0.11764833645098596,1.4204017200843884,0.7737488133497455,-0.07823336187825125
-0.5835921029482046,-0.5749070563860658,-0.4356075213360559,0.32326350580981866,0.864921741290858
1.679239481309854,-1.6829956849253485,-0.24023812750232493,0.5806836815469194,-1.0003515482480494
-1.5182399312287072,0.2561594150183963,1.518086417001254,0.6450387254811948,-0.15536872347572486
-1.2968759718991145,-0.9904402920882969,1.4692440685428212,0.43052191236694404,2.7512319476290763
0.5970156801429564,0.533181572153217,-0.4844498697944887,-2.830133646969667,-0.5077370798641838
1.7038354767909198,-0.9904402920882969,-1.7055085812553072,-0.40609365877863357,-0.4060586486675141
0.031307784078441696,0.39467049358580664,-0.4844498697944887,0.5377803189240694,2.451455883238895
0.5232276936997589,-0.02086274211642439,0.8831358870416283,0.5377803189240694,-0.37976250266837536
-1.6412199086340364,0.2561594150183963,-0.19139577904389218,-1.3070642738584874,3.2122910408139758
0.12969176600270513,0.533181572153217,1.5669287654596866,0.7522971320383202,0.17596271611342315
-1.5674319221908388,-0.8519292135208865,0.003973614789838794,-0.12722180173010822,-0.5936378234613704
0.5478236891808247,-0.7134181349534762,0.05281596324827154,2.06084969203525,-0.6760324142586718
0.17888375696483683,-1.2674624492231175,0.8831358870416283,-0.42754534009005896,-0.179911793074921
0.9413596168778784,-0.9904402920882969,1.127347629333792,-0.7278688784500097,-0.5252678438636097
-0.7311680758345999,-1.6829956849253485,-1.3636121420462781,0.6664904067926202,0.29517191130951875
-1.6658159041151024,-0.8519292135208865,-0.3867651728776232,0.9453622638411455,0.28114730010997807
1.4578755219802613,-1.1289513706557073,-1.6566662327968746,-0.2988352522215082,-0.6725262614587866
-1.3952599538233779,-0.4363959778186554,1.7134558108349849,-0.3202869335329336,-0.8741300474521835
0.12969176600270513,-0.9904402920882969,0.7854511901247627,0.001488286138442538,-0.8565992834527577
1.507067512942393,0.2561594150183963,1.6646134623765523,-0.5562554279586097,-0.8881546586517242
0.32645972985123195,-1.2674624492231175,0.931978235500061,-0.42754534009005896,-0.9074384990510925
0.8675716304346808,0.948714807855448,0.9808205839584937,-0.3631902961557836,-0.6129216638607388
-0.31303615265648027,1.5027591221250893,-0.14255343058545944,1.1598790769553964,0.4371710997048679
-0.4606121255428754,1.2257369649902687,-0.5821345667113542,0.6021353628583448,0.4845041625033176
-1.2722799764180486,1.3642480435576791,1.5669287654596866,0.40907023105551865,0.10058043091589212
-1.4444519447855095,0.39467049358580664,-1.3147697935878453,-0.34173861484435897,-0.6006501290611407
-0.16546017977008515,-0.4363959778186554,1.0296629324169264,-0.7707722410728605,0.3021842169092891
-0.854148053239929,-1.4059735277905279,0.6877664932078973,0.8595555385954455,0.3091965225090594
1.6054514948666565,0.948714807855448,-1.1194003997541144,0.5377803189240694,0.4459364817045808
-1.4936439357476412,1.0872258864228583,0.8342935385831954,-2.3796483394297407,-0.3078863702707295
-1.715007895077234,-1.2674624492231175,1.5669287654596866,0.8381038572840201,-0.9442531034498868
-0.534400111986073,-0.4363959778186554,-0.4356075213360559,0.1516500553184179,-0.9126977282509203
-0.2392481662132827,0.2561594150183963,-1.3147697935878453,-1.9291630318898143,1.3785731264740344
-1.0755120125695217,1.3642480435576791,1.3715593716259558,-0.5991587905814597,-0.7286247062569492
-1.4690479402665755,-1.1289513706557073,1.322717023167523,0.8381038572840201,-1.0406723054467288
0.32645972985123195,-0.5749070563860658,0.1016583117067043,1.6103643844953233,-0.6602547266591885
-0.14086418428901928,-1.5444846063579383,-0.04486873366859395,-0.38464197746720896,-0.29386175907118883
1.138127580726405,-0.15937382068383474,-0.0937110821270267,-0.1701251643529582,-0.8951669642514946
0.8921676259157466,1.6412702006924997,-0.3867651728776232,-0.6206104718928843,-0.2903556062713037
-1.6166239131529705,-0.02086274211642439,0.6389241447494645,0.8810072199068709,1.8571629836583596
0.44943970725656124,1.0872258864228583,-1.3147697935878453,0.9239105825297209,0.3389988213080833
-1.7396038905582998,1.5027591221250893,1.6157711139181195,0.8595555385954455,-0.04141875747945702
0.9413596168778784,0.39467049358580664,0.7854511901247627,2.06084969203525,-0.649736268259533
-0.9771280306452583,-1.1289513706557073,0.5900817962910317,1.245685802201097,-0.23425716147314105
-0.26384416169434854,0.533181572153217,0.49239709937416626,0.1945534179412679,0.0637658265170979
1.3102995490938663,-0.15937382068383474,-1.2170850966709799,-0.6849655158271597,-0.8478339014530448
-1.715007895077234,0.533181572153217,-0.3867651728776232,1.417299252692498,-0.7146000950574085
1.2119155671696027,-0.9904402920882969,0.39471240245730077,-0.9852890541871112,0.3688011201071072
-0.2392481662132827,1.0872258864228583,-1.4612968389631436,-0.6849655158271597,1.8904714352572687
1.0397435988021417,-0.9904402920882969,-1.5589815358800092,1.503105977938198,-0.6549954974593608
1.4086835310181296,1.6412702006924997,0.5900817962910317,-0.12722180173010822,-0.42008325986705475
-0.6327840939103364,-0.29788489925124506,0.003973614789838794,1.0311689890868463,0.30569036970917424
-1.1001080080505876,-0.5749070563860658,-0.5332922182529214,0.6235870441697694,0.05675352091732758
-0.21465217073221685,0.533181572153217,-1.7055085812553072,-0.7278688784500097,-0.35346635666923665
1.3840875355370637,1.5027591221250893,0.7854511901247627,-2.16513152631549,-0.08524566747802158
-1.542835926709773,-0.7134181349534762,1.322717023167523,-0.7064171971385851,-0.8548462070528151
-0.06707619784582172,-0.02086274211642439,-0.6798192636282196,-0.40609365877863357,-0.5305270730634374
0.7445916530293515,0.2561594150183963,-0.24023812750232493,-0.47044870271290895,-0.30963944667067206
-0.5835921029482046,0.6716926507206273,0.05281596324827154,-0.2130285269758082,-1.010870006647705
0.12969176600270513,-0.29788489925124506,0.6877664932078973,-0.6635138345157351,-0.8285500610536763
-0.2392481662132827,0.948714807855448,1.6157711139181195,0.9668139451525709,1.099833978883164
-1.223087985455917,-1.1289513706557073,-0.14255343058545944,0.7308454507268948,2.2743951668446942
-1.3214719673801802,-0.8519292135208865,-1.5101391874215764,0.5377803189240694,-1.0266476942471883
0.5970156801429564,-0.7134181349534762,-1.5589815358800092,-0.49190038402433434,-0.6777854906586144
-0.26384416169434854,0.6716926507206273,-0.19139577904389218,-0.6206104718928843,-0.8250439082537913
-1.690411899596168,-1.2674624492231175,0.05281596324827154,-0.9423856915642604,-0.7146000950574085
1.5808554993855906,1.6412702006924997,0.6877664932078973,-0.49190038402433434,-0.17640564027503586
1.4578755219802613,-1.5444846063579383,-0.4356075213360559,-2.5941651525439915,-0.7864762274550544
0.7937836439914832,1.3642480435576791,-0.04486873366859395,1.3100408461353725,-0.6672670322589588
-1.1247040035316536,1.3642480435576791,-1.2170850966709799,1.3743958900696471,-0.0642087506787106
-1.1738959944937852,-1.2674624492231175,0.1016583117067043,0.1516500553184179,-0.9985984718481068
-0.21465217073221685,1.5027591221250893,-1.5589815358800092,-0.2773835709100836,-0.3709971206686625
0.5478236891808247,-1.1289513706557073,-1.6566662327968746,0.6450387254811948,-0.11855411907693064
0.35105572533229784,-1.5444846063579383,-0.3379228244191904,1.824881197609574,-0.7759577690553989
-0.7065720803535339,-1.6829956849253485,1.7134558108349849,1.1813307582668218,0.365294967307222
-1.7396038905582998,-0.02086274211642439,0.931978235500061,-1.199805867301362,3.2298218048134015
0.35105572533229784,1.2257369649902687,0.1016583117067043,-0.2130285269758082,-0.754920852256088
1.2611075581317344,0.6716926507206273,-0.9728733543788162,-0.49190038402433434,-0.6988224074579253
-1.2722799764180486,0.6716926507206273,0.5900817962910317,0.34471518712124405,0.5633926005007338
-0.14086418428901928,1.3642480435576791,1.1761899777922247,0.7308454507268948,1.2874131536770201
0.7199956575482857,0.8102037292880377,0.44355475091573354,-1.1139991420556612,-0.1816648694748636
0.6216116756240222,1.5027591221250893,-0.2890804759607577,0.7093937694154702,2.363802063241766
0.7691876485104173,-0.9904402920882969,0.9808205839584937,-0.42754534009005896,-0.7110939422575234
0.12969176600270513,1.0872258864228583,1.0296629324169264,-0.44899702140148434,-0.2289979322733133
1.1135315852453394,0.6716926507206273,0.44355475091573354,0.5592320002354948,-0.027394146279916366
1.0889355897642734,-1.6829956849253485,-1.5589815358800092,-2.4011000207411657,-0.1395910358762416
0.22807574792696855,-0.29788489925124506,0.345870053998868,-0.1701251643529582,-0.8250439082537913
0.3756517208133637,0.39467049358580664,1.4692440685428212,0.5377803189240694,1.5328438496689818
1.4086835310181296,-1.4059735277905279,0.1016583117067043,-0.47044870271290895,-0.7075877894576382
1.6300474903477222,0.11764833645098596,-0.7775039605450852,-1.3499676364813373,1.8291137612592783
-0.6819760848724681,1.2257369649902687,0.49239709937416626,-0.8351272850071351,-0.6567485738593033
-1.1001080080505876,-1.4059735277905279,0.6389241447494645,-0.9852890541871112,-0.15712179987566743
1.2365115626506686,-0.8519292135208865,1.6646134623765523,1.2242341208896717,-0.49897169786447093
-1.6658159041151024,-0.4363959778186554,1.127347629333792,0.9453622638411455,-0.3482071274694089
-0.6327840939103364,0.948714807855448,0.6389241447494645,-0.9852890541871112,-0.23776331427302622
-0.3376321481375461,-1.6829956849253485,1.6646134623765523,0.8810072199068709,0.0935681253161218
0.49863169821869296,0.8102037292880377,1.6646134623765523,0.7737488133497455,-0.372750197068605
1.4578755219802613,1.3642480435576791,-1.5589815358800092,-0.6849655158271597,2.82836730922655
0.08049977504057342,0.533181572153217,1.0785052808753592,0.8810072199068709,-0.25529407827245204
0.12969176600270513,-0.8519292135208865,-0.6798192636282196,-1.736097900086989,1.3066969940763886
0.12969176600270513,1.6412702006924997,0.05281596324827154,1.0740723517096964,0.9630940196876425
1.6546434858287882,0.39467049358580664,0.931978235500061,-0.34173861484435897,-0.5638355246623465
-0.6819760848724681,-0.29788489925124506,-0.14255343058545944,0.9668139451525709,0.02870429851824626
1.0643395942832077,-0.8519292135208865,-1.0705580512956816,-0.12722180173010822,-0.49195939226470065
-0.9033400442020608,-0.29788489925124506,0.7854511901247627,-0.12722180173010822,-0.8478339014530448
-1.223087985455917,-0.8519292135208865,1.518086417001254,0.7737488133497455,0.15667887571405475
0.8921676259157466,0.533181572153217,-0.7286616120866524,-0.6206104718928843,0.06201275011715532
1.6546434858287882,1.3642480435576791,-1.412454490504711,-0.08431843910725746,3.185994894814837
1.2611075581317344,-1.4059735277905279,0.6389241447494645,2.1681080985923753,-0.8355623666534467
0.17888375696483683,-0.8519292135208865,1.5669287654596866,-2.2294865702497653,-0.43936710026642317
-1.5674319221908388,1.6412702006924997,0.003973614789838794,-2.637068515166842,-0.29736791187107403
0.49863169821869296,-0.02086274211642439,1.6646134623765523,-0.47044870271290895,0.29166575850963355
-0.878744048720995,0.6716926507206273,0.541239447832599,0.8595555385954455,-0.43235479466665283
-0.5589961074671388,1.2257369649902687,-0.7286616120866524,1.8463328789209994,-0.7058347130576956
-1.5920279176719048,-0.15937382068383474,0.44355475091573354,-0.513352065335759,-0.6339585806600497
-0.28844015717541444,-0.9904402920882969,-1.4612968389631436,0.8166521759725955,0.2618634597106097
-0.38682413909967783,1.3642480435576791,-1.0705580512956816,0.7522971320383202,0.3477642033077962
0.031307784078441696,1.3642480435576791,-0.14255343058545944,-0.8351272850071351,-0.8145254498541358
0.7691876485104173,-1.4059735277905279,0.8342935385831954,-1.5215810869727382,-0.05719644507894026
-1.1492999990127193,1.3642480435576791,0.2970277055404353,0.4519735936783694,0.025198145718361094
0.7199956575482857,1.0872258864228583,-0.7775039605450852,-2.3796483394297407,-0.42008325986705475
0.6953996620672198,-1.5444846063579383,-1.6078238843384418,0.044391648761292535,-0.9775615550487958
0.4248437117754954,0.533181572153217,-1.4612968389631436,-1.0281924168099612,2.980884956021555
-0.14086418428901928,0.11764833645098596,-0.7286616120866524,-0.5348037466471843,-0.53228014946338
1.4086835310181296,-0.4363959778186554,0.24818535708200254,0.8810072199068709,-0.2903556062713037
-0.878744048720995,1.5027591221250893,-1.2659274451294127,0.9453622638411455,-0.47968785746510256
0.3756517208133637,0.533181572153217,-0.24023812750232493,0.7952004946611702,1.0069209296862072
-1.050916017088456,0.11764833645098596,0.39471240245730077,-0.2130285269758082,-0.6795385670585569
0.7445916530293515,1.5027591221250893,-1.0705580512956816,-0.01996339517298284,-0.8197846790539635
-0.6327840939103364,0.39467049358580664,1.3715593716259558,-0.5991587905814597,0.7579840808943604
1.4086835310181296,1.6412702006924997,1.0785052808753592,-0.2559318895986582,-0.6725262614587866
1.6546434858287882,0.11764833645098596,0.003973614789838794,1.1384273956439717,-0.16413410547543777
0.9659556123589442,0.533181572153217,-1.2170850966709799,-0.47044870271290895,-0.7005754838578679
0.4002477162944295,-0.7134181349534762,-0.04486873366859395,0.1731017366298433,0.10058043091589212
-0.16546017977008515,0.11764833645098596,-0.24023812750232493,0.5377803189240694,0.14440734091445667
1.4824715174613272,-0.15937382068383474,-0.9240310059203835,0.02293996744986792,-0.8986731170513796
1.679239481309854,0.39467049358580664,-0.19139577904389218,1.0311689890868463,-0.4043055722675715
0.32645972985123195,1.3642480435576791,0.003973614789838794,-0.2559318895986582,-0.7216124006571789
0.7937836439914832,1.3642480435576791,0.1993430086235698,-0.44899702140148434,-0.670773185058844
0.670803666586154,0.533181572153217,0.24818535708200254,1.2671374835125218,0.04097583331784434
1.4332795264991955,0.948714807855448,0.05281596324827154,-0.7493205597614351,-0.8145254498541358
-0.7803600667967315,-0.02086274211642439,1.3715593716259558,-0.6849655158271597,1.97286602605457
0.44943970725656124,-1.1289513706557073,-0.3379228244191904,0.6021353628583448,2.370814368841536
0.8921676259157466,0.6716926507206273,1.518086417001254,-0.6635138345157351,-0.6234401222603942
1.679239481309854,-1.5444846063579383,-0.3867651728776232,0.7522971320383202,-0.06771490347859575
-0.7065720803535339,0.8102037292880377,-0.4844498697944887,-0.42754534009005896,-0.758427005055973
1.3840875355370637,-0.4363959778186554,-0.5332922182529214,-0.7922239223842851,0.15843195211399733
0.05590377955950755,-1.6829956849253485,0.44355475091573354,0.7308454507268948,-1.0213884650473604
0.5478236891808247,-0.15937382068383474,-1.4612968389631436,1.009717307775421,-0.179911793074921
-1.1001080080505876,-0.29788489925124506,0.1016583117067043,-0.8136756036957105,1.5030415508699577
-1.198491989974851,1.0872258864228583,1.0296629324169264,-1.1139991420556612,-0.2307510086732559
-1.050916017088456,-1.4059735277905279,1.6646134623765523,-0.3202869335329336,-0.7847231510551118
-1.3460679628612462,-0.15937382068383474,-1.021715702837249,0.9668139451525709,1.0893155204835083
-0.5589961074671388,0.6716926507206273,-1.7055085812553072,-0.40609365877863357,-0.7356370118567195
-0.26384416169434854,1.2257369649902687,-0.3379228244191904,1.3958475713810725,0.4091218773057866
-1.050916017088456,-0.9904402920882969,-0.6309769151697869,-0.04141507648440746,-1.073980757045638
-1.4198559493044438,0.39467049358580664,-0.3379228244191904,-0.6849655158271597,0.6019602812994707
-0.06707619784582172,-1.1289513706557073,-0.04486873366859395,-3.044650460083918,-0.4463794058661935
-1.198491989974851,0.8102037292880377,-0.24023812750232493,1.009717307775421,1.4259061892724842
-1.5674319221908388,-0.02086274211642439,-1.7055085812553072,0.7952004946611702,2.982638032421497
1.138127580726405,-1.4059735277905279,1.6157711139181195,-1.1569025046785113,-0.7005754838578679
-1.4936439357476412,-0.9904402920882969,-0.7775039605450852,-1.9935180758240896,-0.3867748082681457
-1.6658159041151024,-0.02086274211642439,1.5669287654596866,-0.44899702140148434,-0.4744286282652748
0.2526717434080344,0.11764833645098596,1.27387467470909,0.6879420881040448,0.13914811171462893
-0.854148053239929,0.533181572153217,0.49239709937416626,-1.6931945374641382,-0.2693186894719927
0.7691876485104173,0.11764833645098596,-0.3379228244191904,-0.7278688784500097,-0.7075877894576382
1.6054514948666565,-0.5749070563860658,0.5900817962910317,-0.3202869335329336,-0.9109446518509777
1.2611075581317344,1.3642480435576791,-1.3147697935878453,0.4948769563012194,1.7186699480628953
0.5232276936997589,-0.8519292135208865,-1.1194003997541144,0.9453622638411455,0.12512350051508828
-0.042480202364755866,-1.4059735277905279,-0.14255343058545944,0.7093937694154702,0.09532120171606438
1.507067512942393,1.5027591221250893,0.5900817962910317,0.4519735936783694,0.08830889611629406
-0.5098041165050071,-0.5749070563860658,-0.8263463090035179,0.7093937694154702,0.5020349265027434
-0.8295520577588632,1.2257369649902687,0.2970277055404353,0.9239105825297209,0.21277732051221737
1.1135315852453394,0.39467049358580664,-0.4356075213360559,1.3958475713810725,-0.788229303854997
0.22807574792696855,-0.8519292135208865,-1.3147697935878453,0.5806836815469194,-0.28159022427159075
0.9905516078400101,1.3642480435576791,0.44355475091573354,-1.6073878122184382,-0.1220602718768158
-1.3706639583423121,0.8102037292880377,-0.8263463090035179,0.044391648761292535,-1.0827461390453508
1.187319571688537,-0.5749070563860658,1.518086417001254,0.7308454507268948,2.879206524824885
-0.6819760848724681,1.6412702006924997,-0.0937110821270267,-0.9423856915642604,-0.5936378234613704
-0.38682413909967783,1.3642480435576791,0.05281596324827154,-1.8004529440212635,-0.7742046926554563
0.9905516078400101,-1.4059735277905279,0.8342935385831954,1.3743958900696471,-0.2412694670729114
-0.3376321481375461,1.3642480435576791,-1.7055085812553072,-0.2559318895986582,-0.8390685194533318
-0.7065720803535339,-1.4059735277905279,1.3715593716259558,-0.10577012041868285,1.325980834475757
-0.3376321481375461,-0.4363959778186554,0.6877664932078973,-0.7493205597614351,-0.4656632462655619
-1.1492999990127193,-0.29788489925124506,-1.3147697935878453,-0.04141507648440746,-0.9915861662483365
-1.1247040035316536,1.5027591221250893,1.127347629333792,0.06584333007271792,-0.4831940102649877
0.15428776148377096,-0.29788489925124506,1.6646134623765523,0.516328637612644,2.40061666764056
-1.223087985455917,0.2561594150183963,0.9808205839584937,0.34471518712124405,0.8964771164898244
1.2857035536128003,-0.4363959778186554,1.6646134623765523,1.6961711097410233,-0.758427005055973
1.4086835310181296,-0.9904402920882969,-0.6798192636282196,0.7522971320383202,2.1902474996474504
-1.223087985455917,-0.5749070563860658,-0.24023812750232493,-1.650291174841288,-0.7444023938564325
0.08049977504057342,1.0872258864228583,-0.8263463090035179,-0.2559318895986582,-0.884648505851839
0.670803666586154,-0.5749070563860658,-0.0937110821270267,-0.7278688784500097,-0.49020631586475805
-0.19005617525115098,0.533181572153217,1.322717023167523,0.3018118244983933,0.18648117451307866
-0.41142013458074367,0.533181572153217,1.1761899777922247,1.1813307582668218,-0.051937215879112514
-1.542835926709773,-0.02086274211642439,-1.6566662327968746,-0.08431843910725746,-1.0757338334455804
0.8921676259157466,-1.6829956849253485,-0.6309769151697869,0.2589084618755433,0.7983048380930398
0.8183796394725491,0.533181572153217,1.127347629333792,-0.6635138345157351,3.072044928818569
1.0889355897642734,-1.4059735277905279,-0.14255343058545944,-1.1354508233670866,-0.25704715467239464
0.35105572533229784,1.3642480435576791,-0.14255343058545944,0.7093937694154702,0.0444819861177295
-1.3460679628612462,1.2257369649902687,1.3715593716259558,1.1384273956439717,-0.19568948067440425
-1.198491989974851,1.0872258864228583,0.8831358870416283,-1.1783541859899367,0.5055410793026286
-0.19005617525115098,0.6716926507206273,1.6646134623765523,0.8381038572840201,0.28465345290986327
-0.9525320351641925,-0.5749070563860658,0.05281596324827154,-0.7278688784500097,2.1236305964496323
-1.6658159041151024,-0.02086274211642439,-1.3636121420462781,0.6450387254811948,2.602220453633957
0.8675716304346808,-0.5749070563860658,-0.4356075213360559,0.7737488133497455,0.2495919249110116
-0.5835921029482046,-0.9904402920882969,-1.3636121420462781,-0.5991587905814597,-0.7829700746551692
1.0643395942832077,1.5027591221250893,0.1993430086235698,-0.2559318895986582,-1.0371661526468436
-0.01788420688369001,-0.02086274211642439,1.1761899777922247,-0.513352065335759,-0.6392178098598775
0.44943970725656124,0.11764833645098596,0.8831358870416283,-0.34173861484435897,-0.9004261934513222
-0.14086418428901928,-1.4059735277905279,1.7134558108349849,0.6664904067926202,2.023705241652905
-1.3214719673801802,1.2257369649902687,-1.2659274451294127,-0.42754534009005896,-0.49195939226470065
-1.4198559493044438,0.533181572153217,0.9808205839584937,0.47342527498979403,2.5829366132345886
-0.362228143618612,0.533181572153217,-0.2890804759607577,0.4519735936783694,-0.16764025827532295
0.8921676259157466,-0.02086274211642439,1.5669287654596866,-0.42754534009005896,-0.9179569574507481
0.17888375696483683,-0.8519292135208865,-0.5821345667113542,-0.7278688784500097,-0.6725262614587866
-1.3952599538233779,0.948714807855448,-1.168242748212547,1.1169757143325463,0.5195656905021693
0.4248437117754954,-1.5444846063579383,0.39471240245730077,0.1731017366298433,-0.04141875747945702
0.44943970725656124,0.11764833645098596,-0.5821345667113542,-1.5859361309070128,1.2400800908785705
1.138127580726405,1.6412702006924997,-1.021715702837249,-2.358196658118316,0.8631686648909154
-0.534400111986073,0.6716926507206273,-1.3147697935878453,-1.4143226804156128,-0.18341794587480617
-0.5098041165050071,0.39467049358580664,-1.5589815358800092,1.5460093405610487,-0.7005754838578679
-1.4690479402665755,1.0872258864228583,1.6157711139181195,0.3018118244983933,0.10583966011571987
1.2365115626506686,-0.9904402920882969,0.73660884166633,0.8166521759725955,1.3627954388745511
-0.9033400442020608,-1.6829956849253485,-0.8751886574619506,-0.6206104718928843,-0.10803566067727514
-1.690411899596168,-1.1289513706557073,-1.2659274451294127,-2.2938416141840405,0.004161228919050111
-0.9771280306452583,-1.2674624492231175,1.0785052808753592,-0.06286675779583284,-0.9793146314487384
0.6953996620672198,1.2257369649902687,-0.3379228244191904,0.6450387254811948,0.1426542645145141
-1.542835926709773,-0.15937382068383474,1.1761899777922247,1.0311689890868463,-0.2605533074722798
1.162723576207471,0.39467049358580664,-0.4356075213360559,-0.19157684566438285,-0.7163531714573511
1.359491540055998,1.0872258864228583,1.518086417001254,0.7952004946611702,-0.018628764280203457
0.3018637343701661,-0.5749070563860658,1.3715593716259558,0.5377803189240694,0.004161228919050111
1.4578755219802613,-0.15937382068383474,1.518086417001254,-2.444003383364016,-0.2658125366721075
-0.6819760848724681,-0.29788489925124506,0.003973614789838794,-0.12722180173010822,-0.872376971052241
-1.5674319221908388,-0.5749070563860658,1.2250323262506575,-0.513352065335759,-0.41131787786734186
1.6546434858287882,-1.2674624492231175,1.5669287654596866,-0.2773835709100836,-0.5392924550631504
0.05590377955950755,-0.9904402920882969,-0.3379228244191904,0.5592320002354948,0.11986427131526053
0.35105572533229784,0.39467049358580664,-0.3867651728776232,0.6879420881040448,-0.19568948067440425
-0.38682413909967783,-0.02086274211642439,-1.6566662327968746,0.6235870441697694,2.065779075251527
0.670803666586154,-1.2674624492231175,-0.5821345667113542,1.3100408461353725,-0.06596182707865317
1.0643395942832077,-1.2674624492231175,-0.3867651728776232,0.8381038572840201,-1.0178823122474752
-0.09167219332688757,0.39467049358580664,1.4692440685428212,0.7522971320383202,0.4248995649052698
-1.6166239131529705,-1.2674624492231175,-1.1194003997541144,0.40907023105551865,0.10759273651566245
1.3102995490938663,0.533181572153217,0.49239709937416626,1.2027824395782472,0.20401193851250446
-1.5182399312287072,-1.2674624492231175,1.127347629333792,0.7952004946611702,0.3407518977080259
0.670803666586154,-1.1289513706557073,0.003973614789838794,-1.2641609112356367,2.602220453633957
-0.28844015717541444,-1.5444846063579383,-0.6798192636282196,-1.2641609112356367,-0.35171328026929405
1.162723576207471,0.8102037292880377,0.1993430086235698,-0.9209340102528358,-0.34119482186963856
-0.6573800893914022,1.3642480435576791,1.6646134623765523,0.1516500553184179,-0.9828207842486236
-1.223087985455917,-0.8519292135208865,-1.4612968389631436,0.10874669269556791,-1.0687215278458102
-1.5674319221908388,1.2257369649902687,1.1761899777922247,-0.47044870271290895,-0.9495123326497146
-0.8295520577588632,-1.4059735277905279,-0.24023812750232493,-0.9423856915642604,2.470739723638263
-0.3376321481375461,-1.6829956849253485,1.4692440685428212,-0.9209340102528358,-0.7864762274550544
1.3102995490938663,0.11764833645098596,0.5900817962910317,0.1731017366298433,0.3793195785067627
1.679239481309854,1.5027591221250893,-1.1194003997541144,0.7308454507268948,0.9210201860890206
0.17888375696483683,-0.4363959778186554,1.2250323262506575,0.5592320002354948,1.2891662300769628
0.6216116756240222,-1.6829956849253485,0.6389241447494645,0.32326350580981866,0.4389241761048105
1.2857035536128003,-1.4059735277905279,-0.0937110821270267,-0.2130285269758082,-0.9565246382494849
-1.4198559493044438,-1.1289513706557073,0.24818535708200254,-0.5991587905814597,-0.8408215958532744
1.507067512942393,-0.5749070563860658,0.7854511901247627,-0.9209340102528358,-0.8320562138535615
0.670803666586154,1.2257369649902687,0.24818535708200254,0.044391648761292535,2.0710383044513545
-0.9279360396831267,0.8102037292880377,-1.1194003997541144,0.6235870441697694,-0.4288486418667677
1.2857035536128003,-0.29788489925124506,-1.168242748212547,1.1813307582668218,-0.6847977962583847
-1.3460679628612462,-0.7134181349534762,1.518086417001254,0.8166521759725955,-0.9985984718481068
-0.9033400442020608,-0.02086274211642439,1.518086417001254,0.02293996744986792,0.9911432420867239
0.05590377955950755,-0.02086274211642439,-1.021715702837249,-0.7922239223842851,-0.5708478302621168
-1.223087985455917,1.2257369649902687,0.1993430086235698,-3.044650460083918,0.24257961931124128
1.187319571688537,1.2257369649902687,-0.4844498697944887,-1.9291630318898143,0.9893901656867813
-0.31303615265648027,-1.6829956849253485,1.4692440685428212,0.5377803189240694,1.301437764876561
-0.28844015717541444,-1.1289513706557073,0.24818535708200254,0.6235870441697694,-0.2079610154740023
1.3840875355370637,0.8102037292880377,0.6389241447494645,1.3100408461353725,-0.7321308590568344
-1.2968759718991145,-1.2674624492231175,0.15050066016513702,-0.6206104718928843,0.21628347331210254
1.4578755219802613,1.5027591221250893,1.127347629333792,1.0740723517096964,-0.8320562138535615
1.5808554993855906,1.6412702006924997,0.931978235500061,-1.7146462187755636,1.5871892180672018
0.7445916530293515,1.6412702006924997,-1.168242748212547,1.8677845602324248,-0.6532424210594182
-1.198491989974851,-0.02086274211642439,-1.1194003997541144,-1.7146462187755636,0.5108003085024564
-0.6573800893914022,-1.1289513706557073,-0.9240310059203835,1.0311689890868463,0.37230727290699234
0.7937836439914832,-0.02086274211642439,0.7854511901247627,0.8595555385954455,-1.010870006647705
-1.198491989974851,-1.5444846063579383,-1.2170850966709799,1.1169757143325463,-0.6216870458604516
-0.878744048720995,0.2561594150183963,1.7134558108349849,-0.6420621532043097,-0.6585016502592459
1.2611075581317344,0.39467049358580664,1.322717023167523,0.23745678056411867,-0.9407469506500017
1.507067512942393,1.6412702006924997,1.2250323262506575,1.1598790769553964,0.3389988213080833
0.12969176600270513,0.948714807855448,1.2250323262506575,-0.49190038402433434,-0.6094155110608537
-0.3376321481375461,0.8102037292880377,-0.14255343058545944,-1.0067407354985358,-0.14660334147601195
0.08049977504057342,1.0872258864228583,-0.8263463090035179,0.6879420881040448,2.086815992050838
-0.878744048720995,-0.7134181349534762,-1.1194003997541144,1.3100408461353725,0.3162088281088297
0.2034797524459027,0.533181572153217,-1.021715702837249,0.7522971320383202,-1.0582030694461546
0.22807574792696855,1.6412702006924997,0.39471240245730077,-0.44899702140148434,-0.6392178098598775
1.679239481309854,-0.02086274211642439,0.39471240245730077,0.08729501138414254,-1.1020299794447193
-0.042480202364755866,-1.6829956849253485,0.7854511901247627,1.331492527446797,-0.6988224074579253
-0.7803600667967315,0.2561594150183963,0.2970277055404353,0.32326350580981866,0.7194164000956236
0.08049977504057342,0.948714807855448,-0.19139577904389218,-0.42754534009005896,-0.42358941266693995
-1.6166239131529705,0.11764833645098596,0.73660884166633,-0.6635138345157351,-0.4849470866649303
-0.21465217073221685,-0.5749070563860658,0.8342935385831954,-3.044650460083918,-0.5059840034642413
1.2365115626506686,-1.6829956849253485,0.8831358870416283,1.503105977938198,-0.7812169982552266
-1.6166239131529705,0.8102037292880377,-0.6798192636282196,-1.4143226804156128,-0.6094155110608537
-0.6081880984292706,0.8102037292880377,0.6877664932078973,-1.5859361309070128,2.605726606433842
0.44943970725656124,0.533181572153217,-0.3867651728776232,1.1813307582668218,0.2197896261119877
-0.16546017977008515,-0.8519292135208865,0.8342935385831954,0.9239105825297209,-1.0897584446451212
0.32645972985123195,1.3642480435576791,-1.168242748212547,-1.049644098121386,-0.5550701426626335
-1.3460679628612462,0.948714807855448,-0.4844498697944887,0.6235870441697694,-1.073980757045638
1.4332795264991955,1.6412702006924997,-0.24023812750232493,0.5592320002354948,0.17946886891330832
-1.542835926709773,0.533181572153217,0.5900817962910317,1.7819778349867232,-0.842574672253217
-0.362228143618612,0.39467049358580664,0.8831358870416283,-0.38464197746720896,-0.8180316026540209
0.006711788597375844,0.948714807855448,0.1016583117067043,0.6021353628583448,3.091328769217937
-1.3952599538233779,1.5027591221250893,0.44355475091573354,-0.49190038402433434,0.3793195785067627
-0.042480202364755866,-1.1289513706557073,0.9808205839584937,-2.6156168338554164,0.16544425771376767
1.0889355897642734,0.2561594150183963,-0.24023812750232493,0.516328637612644,-0.9617838674493127
-1.542835926709773,0.2561594150183963,0.1993430086235698,-0.6635138345157351,-0.8495869778529874
-1.5182399312287072,0.6716926507206273,1.27387467470909,-0.1701251643529582,-0.6514893446594756
-0.6573800893914022,0.2561594150183963,-0.8263463090035179,0.4519735936783694,-0.009863382280490546
0.8183796394725491,0.533181572153217,0.2970277055404353,0.32326350580981866,-0.9933392426482791
-0.6573800893914022,1.0872258864228583,0.39471240245730077,1.1169757143325463,-0.42183633626699735
1.679239481309854,-0.9904402920882969,1.5669287654596866,-0.513352065335759,-0.6427239626597627
1.2611075581317344,0.39467049358580664,-1.2659274451294127,-1.3499676364813373,0.2110242441122748
0.9659556123589442,0.39467049358580664,0.7854511901247627,0.6021353628583448,1.2453393200783982
-0.9279360396831267,1.0872258864228583,1.0785052808753592,0.5806836815469194,-0.10628258427733256
-1.4936439357476412,1.6412702006924997,0.8342935385831954,-0.7064171971385851,-0.42183633626699735
0.9413596168778784,1.3642480435576791,0.6877664932078973,0.6450387254811948,2.1341490548492876
1.5808554993855906,-0.15937382068383474,-0.6309769151697869,-0.10577012041868285,1.4171408072727714
-0.6819760848724681,-0.02086274211642439,-0.6309769151697869,-0.8136756036957105,0.3845788077065904
-1.3952599538233779,1.6412702006924997,0.9808205839584937,-0.5348037466471843,-0.8110192970542506
1.359491540055998,0.39467049358580664,0.15050066016513702,2.1681080985923753,-0.7093408658575808
-1.050916017088456,0.39467049358580664,1.0296629324169264,-0.5562554279586097,-0.733883935456777
1.4086835310181296,-0.4363959778186554,-1.6078238843384418,0.08729501138414254,-0.8671177418524132
1.4332795264991955,-1.5444846063579383,1.6157711139181195,-0.8780306476299858,-0.7391431646566047
0.32645972985123195,-0.7134181349534762,1.27387467470909,-0.42754534009005896,-0.7268716298570066
0.9905516078400101,0.6716926507206273,0.2970277055404353,-2.2080348889383403,-0.25354100187250944
0.10509577052163926,1.5027591221250893,-1.1194003997541144,-0.47044870271290895,-0.8040069914544802
1.7038354767909198,-1.5444846063579383,-0.5332922182529214,-1.0067407354985358,0.2601103833106671
1.4824715174613272,-1.6829956849253485,-0.5332922182529214,0.7952004946611702,-1.0950176738449489
-1.2968759718991145,1.0872258864228583,-0.9240310059203835,-1.7146462187755636,0.7246756292954514
-0.5835921029482046,0.6716926507206273,-0.7286616120866524,-1.1354508233670866,-0.24302254347285396
-0.5835921029482046,-1.1289513706557073,-0.5821345667113542,-2.679971877789692,0.32497421010854266
0.5232276936997589,-0.8519292135208865,-1.4612968389631436,-0.19157684566438285,-0.5235147674636671
1.4086835310181296,-0.15937382068383474,0.2970277055404353,-1.7790012627098388,-0.0729741326784235
-0.6573800893914022,-1.6829956849253485,1.0785052808753592,1.331492527446797,-0.19744255707434683
0.22807574792696855,1.6412702006924997,-0.24023812750232493,-0.12722180173010822,-0.788229303854997
0.8183796394725491,0.39467049358580664,0.345870053998868,-0.14867348304153283,-0.5568232190625761
-1.4936439357476412,-0.9904402920882969,-1.3147697935878453,-0.3202869335329336,-0.649736268259533
0.3018637343701661,-0.4363959778186554,-1.6566662327968746,0.7522971320383202,-0.21672639747371522
-0.534400111986073,-1.2674624492231175,1.4204017200843884,-0.3202869335329336,-1.005610777447877
-0.8295520577588632,-0.15937382068383474,-0.5332922182529214,-0.34173861484435897,-0.9442531034498868
-1.050916017088456,0.2561594150183963,-1.168242748212547,0.5806836815469194,-0.19568948067440425
0.7691876485104173,-1.2674624492231175,-0.3379228244191904,0.32326350580981866,-0.32541713427015534
-1.02632002160739,1.2257369649902687,-0.6309769151697869,-0.8351272850071351,2.253358250045383
0.17888375696483683,-0.7134181349534762,0.49239709937416626,-0.9852890541871112,0.32497421010854266
-1.542835926709773,-1.4059735277905279,-1.6078238843384418,0.7737488133497455,-0.9705492494490255
-1.5182399312287072,0.2561594150183963,1.4692440685428212,1.331492527446797,-0.29561483547113143
1.015147603321076,0.533181572153217,-1.6078238843384418,1.1384273956439717,0.42840571770515495
-0.09167219332688757,-1.2674624492231175,-1.3636121420462781,-0.08431843910725746,2.1621982772483688
-1.1738959944937852,-1.4059735277905279,1.127347629333792,1.6318160658067487,-0.8390685194533318
0.3756517208133637,-1.1289513706557073,-0.04486873366859395,-0.19157684566438285,-0.767192387055686
0.646207671105088,1.0872258864228583,-0.9240310059203835,0.5806836815469194,1.1734631876807524
-1.223087985455917,1.0872258864228583,0.15050066016513702,-0.38464197746720896,-0.9214631102506332
0.031307784078441696,-0.29788489925124506,-0.5332922182529214,-1.0710957794328113,0.047988138917614664
0.5232276936997589,-1.1289513706557073,1.6646134623765523,0.9668139451525709,0.17420963971348058
0.49863169821869296,0.8102037292880377,-0.19139577904389218,0.5377803189240694,0.42840571770515495
0.7691876485104173,1.6412702006924997,1.7134558108349849,1.3100408461353725,-0.7321308590568344
0.08049977504057342,-1.6829956849253485,-1.168242748212547,1.1169757143325463,-0.015122611480318291
1.2857035536128003,-1.1289513706557073,0.5900817962910317,-0.44899702140148434,-0.3166517522704424
0.05590377955950755,0.533181572153217,0.24818535708200254,-1.8862596692669642,0.3688011201071072
-1.6412199086340364,0.2561594150183963,-0.9728733543788162,-2.915940372215368,-0.6672670322589588
-0.5589961074671388,-1.4059735277905279,0.7854511901247627,-0.6849655158271597,-0.4849470866649303
-1.1492999990127193,1.2257369649902687,0.73660884166633,1.3529442087582224,-0.23250408507319847
0.8921676259157466,-1.4059735277905279,-1.4612968389631436,-0.2988352522215082,0.17245656331353798
-0.9771280306452583,-0.15937382068383474,-1.3147697935878453,-0.38464197746720896,-0.5305270730634374
-0.042480202364755866,-0.02086274211642439,0.9808205839584937,0.4948769563012194,-1.0967707502448913
1.507067512942393,1.0872258864228583,-0.5332922182529214,1.245685802201097,0.14440734091445667
-0.7065720803535339,1.5027591221250893,-0.9240310059203835,-1.1139991420556612,-0.2605533074722798
0.05590377955950755,-1.6829956849253485,0.05281596324827154,0.9668139451525709,0.22154270251193028
0.8183796394725491,-1.2674624492231175,0.05281596324827154,-1.4357743617270373,0.3407518977080259
-0.19005617525115098,-0.8519292135208865,0.931978235500061,1.009717307775421,-0.011616458680433128
-1.2968759718991145,1.2257369649902687,-1.2659274451294127,-3.044650460083918,-0.2412694670729114
1.359491540055998,0.6716926507206273,0.8342935385831954,2.0823013733466755,-0.884648505851839
-1.4444519447855095,1.5027591221250893,-0.24023812750232493,-0.6420621532043097,-0.7531677758561454
0.7199956575482857,0.2561594150183963,-0.04486873366859395,-0.2559318895986582,0.058506597317270155
-1.542835926709773,0.2561594150183963,-0.2890804759607577,-0.40609365877863357,-0.6339585806600497
1.0643395942832077,0.2561594150183963,0.44355475091573354,-0.42754534009005896,-0.6216870458604516
1.0889355897642734,1.6412702006924997,-1.0705580512956816,1.1169757143325463,-0.11680104267698806
-0.21465217073221685,-1.2674624492231175,0.931978235500061,0.7093937694154702,-0.3008740646709592
1.7038354767909198,-0.02086274211642439,0.8342935385831954,-1.0925474607442367,2.8353796148263206
-1.7396038905582998,-1.4059735277905279,1.4692440685428212,-0.04141507648440746,-0.9985984718481068
1.2611075581317344,-0.29788489925124506,-0.7775039605450852,0.6021353628583448,0.45996109290412146
0.12969176600270513,-0.8519292135208865,0.73660884166633,-0.12722180173010822,-0.6812916434584995
-0.7311680758345999,0.6716926507206273,0.1016583117067043,-0.2773835709100836,0.24082654291129868
-1.2722799764180486,-0.29788489925124506,-0.4356075213360559,1.6103643844953233,-0.7093408658575808
-1.7396038905582998,1.3642480435576791,-1.2170850966709799,-1.5859361309070128,-0.6094155110608537
1.7038354767909198,0.533181572153217,0.1016583117067043,0.516328637612644,-0.23250408507319847
1.2857035536128003,0.2561594150183963,-1.0705580512956816,-0.10577012041868285,-0.5427986078630355
-1.5674319221908388,-1.4059735277905279,-1.5589815358800092,-0.1701251643529582,0.2618634597106097
0.08049977504057342,-1.1289513706557073,0.345870053998868,-0.5991587905814597,-0.6883039490582699
-1.050916017088456,0.11764833645098596,-0.0937110821270267,-0.42754534009005896,-0.8355623666534467
1.5808554993855906,-1.6829956849253485,-1.0705580512956816,-0.19157684566438285,-0.42358941266693995
1.7038354767909198,-0.29788489925124506,0.5900817962910317,0.02293996744986792,0.7912925324932695
-0.06707619784582172,0.6716926507206273,-1.412454490504711,-1.564484449595588,1.8957306644570964
-1.2968759718991145,1.2257369649902687,-0.3379228244191904,0.7093937694154702,-1.002104624647992
0.49863169821869296,-0.9904402920882969,0.7854511901247627,0.6879420881040448,0.8070702200927528
-1.4936439357476412,1.3642480435576791,-1.4612968389631436,-1.1783541859899367,2.577677384034761
1.4332795264991955,-1.1289513706557073,-0.0937110821270267,-0.513352065335759,-0.7426493174564899
0.49863169821869296,1.2257369649902687,0.931978235500061,0.2160050992526933,0.14791349371434184
0.10509577052163926,-1.6829956849253485,1.5669287654596866,-0.34173861484435897,-0.595390899861313
-0.09167219332688757,-0.15937382068383474,-1.021715702837249,0.8810072199068709,0.5002818501028008
1.4578755219802613,0.8102037292880377,-0.3867651728776232,0.6021353628583448,-0.22373870307348556
1.0397435988021417,-0.02086274211642439,0.44355475091573354,0.9882656264639963,-0.5007247742644135
-0.6819760848724681,1.3642480435576791,-0.2890804759607577,-0.44899702140148434,-0.8127723734541932
0.5232276936997589,-1.6829956849253485,-0.2890804759607577,-0.7493205597614351,-0.42358941266693995
-1.4444519447855095,0.11764833645098596,0.49239709937416626,0.9453622638411455,1.6467938156652495
-0.43601613006180956,-0.29788489925124506,-0.24023812750232493,-0.42754534009005896,-0.896920040651437
0.7691876485104173,-0.7134181349534762,0.6389241447494645,0.8166521759725955,1.9974090956537662
0.3756517208133637,-0.29788489925124506,0.15050066016513702,0.6021353628583448,-0.22373870307348556
0.7199956575482857,-0.9904402920882969,-0.6798192636282196,0.7093937694154702,-0.21672639747371522
-1.4198559493044438,-0.29788489925124506,-1.0705580512956816,1.1598790769553964,0.8579094356910876
-0.7065720803535339,-0.7134181349534762,0.8831358870416283,0.6235870441697694,-0.9389938742500591
0.4002477162944295,-0.15937382068383474,-0.7775039605450852,1.9535912854781248,-0.6479831918595904
-1.6658159041151024,-0.02086274211642439,-1.7055085812553072,0.6235870441697694,-1.0511907638463842
0.17888375696483683,0.533181572153217,0.15050066016513702,-0.01996339517298284,-1.0599561458460973
0.32645972985123195,1.5027591221250893,0.9808205839584937,-0.8351272850071351,-0.4025524958676289
0.05590377955950755,0.6716926507206273,0.15050066016513702,1.3743958900696471,-0.1886771750746339
-1.3706639583423121,-0.29788489925124506,0.1993430086235698,0.5592320002354948,1.0945747496833362
-1.1492999990127193,1.6412702006924997,1.7134558108349849,-1.821904625332689,0.3389988213080833
-1.1738959944937852,-1.2674624492231175,-0.2890804759607577,1.1384273956439717,-0.21497332107377265
-0.3376321481375461,-1.5444846063579383,0.541239447832599,-2.5083584272982913,-0.7128470186574659
-0.2392481662132827,-0.8519292135208865,-0.19139577904389218,-0.06286675779583284,0.5931948992997577
0.4002477162944295,0.948714807855448,-1.168242748212547,-0.5777071092700343,-0.7829700746551692
0.17888375696483683,-1.2674624492231175,1.7134558108349849,-0.3202869335329336,-0.9337346450502313
1.2857035536128003,-0.7134181349534762,-1.7055085812553072,-0.44899702140148434,1.9693598732546849
-0.9771280306452583,-0.15937382068383474,-1.3636121420462781,0.38761854974409404,1.254104702078111
1.3840875355370637,-1.5444846063579383,0.05281596324827154,-0.47044870271290895,-0.7181062478572937
0.6216116756240222,-0.15937382068383474,1.322717023167523,2.1252047359695245,-0.7058347130576956
-0.38682413909967783,-0.15937382068383474,0.345870053998868,-0.513352065335759,-0.5761070594619445
-0.854148053239929,0.533181572153217,1.518086417001254,-0.2344802082872336,-0.8145254498541358
-0.534400111986073,1.2257369649902687,-0.4844498697944887,2.1681080985923753,-0.7321308590568344
0.9413596168778784,1.3642480435576791,-1.3147697935878453,-0.19157684566438285,-0.42008325986705475
1.0889355897642734,-1.5444846063579383,0.6389241447494645,1.1169757143325463,-0.43235479466665283
1.0643395942832077,-0.5749070563860658,0.6877664932078973,-0.2559318895986582,-0.8513400542529299
0.17888375696483683,-0.9904402920882969,0.6877664932078973,-1.3070642738584874,1.66081842686479
-0.01788420688369001,1.3642480435576791,-1.5101391874215764,-0.5348037466471843,-0.6181808930605666
-0.3376321481375461,-1.6829956849253485,-1.7055085812553072,-0.8994823289414104,0.3477642033077962
0.35105572533229784,1.0872258864228583,0.24818535708200254,-0.8994823289414104,0.3582826617074517
-1.3706639583423121,-1.5444846063579383,0.24818535708200254,-1.8862596692669642,-0.04141875747945702
0.5970156801429564,1.2257369649902687,-1.6566662327968746,0.9024589012182955,0.42139341210538467
-0.5589961074671388,1.2257369649902687,0.9808205839584937,-2.5941651525439915,-0.5340332258633226
-1.5920279176719048,-1.4059735277905279,-0.9728733543788162,0.40907023105551865,2.526838168436426
-0.38682413909967783,-1.6829956849253485,-0.8751886574619506,-0.7064171971385851,-0.8075131442543654
-1.6166239131529705,1.6412702006924997,0.7854511901247627,-0.8780306476299858,-0.3569725094691218
-0.878744048720995,1.5027591221250893,1.6157711139181195,-2.5727134712325666,-0.43235479466665283
0.15428776148377096,-1.2674624492231175,1.4692440685428212,-0.08431843910725746,-0.8180316026540209
1.2365115626506686,-1.6829956849253485,-0.6798192636282196,0.4519735936783694,0.42840571770515495
1.5316635084234589,-1.4059735277905279,1.5669287654596866,-0.7064171971385851,-0.8075131442543654
-1.050916017088456,0.533181572153217,0.8342935385831954,0.7093937694154702,-0.28334330067153335
1.6300474903477222,1.0872258864228583,-0.6798192636282196,0.34471518712124405,0.42139341210538467
1.4332795264991955,0.2561594150183963,0.2970277055404353,0.47342527498979403,0.1216173477152031
-0.4606121255428754,-0.4363959778186554,0.73660884166633,-0.7922239223842851,-0.6427239626597627
-1.3952599538233779,1.6412702006924997,1.0785052808753592,-0.3202869335329336,-0.7952416094547673
0.35105572533229784,1.6412702006924997,-1.6078238843384418,-0.6206104718928843,-0.6129216638607388
-0.2392481662132827,0.533181572153217,0.6389241447494645,-0.7278688784500097,2.4777520292380335
-0.31303615265648027,0.2561594150183963,1.2250323262506575,-0.14867348304153283,-0.8548462070528151
0.031307784078441696,0.6716926507206273,1.127347629333792,-0.34173861484435897,-1.0354130762469012
0.2034797524459027,0.6716926507206273,-1.2659274451294127,0.6879420881040448,-1.065215375045925
0.9167636213968124,1.5027591221250893,-0.04486873366859395,-0.6635138345157351,-0.8022539150545377
-1.690411899596168,1.5027591221250893,-0.5821345667113542,-0.9423856915642604,-0.4814409338650451
-1.1492999990127193,0.11764833645098596,1.7134558108349849,0.6021353628583448,1.741459941262149
0.8183796394725491,-0.8519292135208865,-0.14255343058545944,1.5674610218724725,-0.5761070594619445
0.7937836439914832,-0.5749070563860658,-0.4356075213360559,0.7952004946611702,-0.2623063838722224
0.2772677388891002,0.8102037292880377,-0.4844498697944887,-1.8433563066441143,-0.25354100187250944
0.8675716304346808,1.5027591221250893,-0.9240310059203835,0.8595555385954455,-1.0669684514458675
0.4740357027376271,-0.29788489925124506,-0.9728733543788162,-0.8994823289414104,0.6037133576994131
-1.4198559493044438,-1.5444846063579383,0.5900817962910317,-0.47044870271290895,-0.4656632462655619
1.7038354767909198,0.2561594150183963,-0.9728733543788162,-0.06286675779583284,-0.9407469506500017
1.2365115626506686,1.6412702006924997,-1.5589815358800092,0.6235870441697694,0.2706288417103226
-0.19005617525115098,-0.9904402920882969,-0.9240310059203835,-1.564484449595588,-0.6409708862598201
-1.3214719673801802,-1.2674624492231175,-1.1194003997541144,0.6664904067926202,1.0928216732833935
-0.41142013458074367,1.2257369649902687,0.1993430086235698,-0.42754534009005896,-0.5200086146637819
0.8183796394725491,-0.15937382068383474,-0.4844498697944887,0.08729501138414254,-0.9740554022489107
-0.43601613006180956,1.2257369649902687,-0.14255343058545944,-0.1701251643529582,-0.8864015822517816
-0.6327840939103364,-0.5749070563860658,-1.5101391874215764,0.7522971320383202,0.002408152519107529
-1.050916017088456,-0.29788489925124506,-0.3379228244191904,-0.513352065335759,-0.5638355246623465
1.015147603321076,-1.4059735277905279,1.322717023167523,0.08729501138414254,-0.9898330898483939
-1.0755120125695217,-0.4363959778186554,-1.4612968389631436,0.2589084618755433,0.19875270931267672
0.2772677388891002,0.533181572153217,1.0296629324169264,0.4519735936783694,0.5616395241007912
1.2611075581317344,1.6412702006924997,-1.412454490504711,1.331492527446797,-0.4831940102649877
-1.1247040035316536,-1.2674624492231175,-0.8263463090035179,-1.0067407354985358,2.3234813060430866
1.359491540055998,0.11764833645098596,1.4204017200843884,1.9321396041666994,-0.8162785262540783
-1.2968759718991145,-1.2674624492231175,0.24818535708200254,0.28036014318696867,1.590695370867087
1.2611075581317344,0.6716926507206273,1.127347629333792,0.28036014318696867,2.305950542043661
0.49863169821869296,-0.29788489925124506,-1.168242748212547,-0.06286675779583284,-1.0406723054467288
-1.4936439357476412,-0.02086274211642439,1.4692440685428212,-0.7278688784500097,-0.23776331427302622
-0.38682413909967783,-0.29788489925124506,-0.9728733543788162,-0.3631902961557836,-0.8741300474521835
-0.2392481662132827,-0.29788489925124506,1.518086417001254,0.6235870441697694,-0.0028510766807202173
1.507067512942393,-0.29788489925124506,-0.3867651728776232,0.001488286138442538,-0.7601800814559156
-0.6081880984292706,-0.15937382068383474,-1.6566662327968746,-0.2988352522215082,-0.6795385670585569
-0.7065720803535339,-0.4363959778186554,1.0296629324169264,0.6450387254811948,-0.14309718867612678
1.6300474903477222,0.948714807855448,0.345870053998868,-0.513352065335759,0.07253120851681082
-0.48520812102394123,-0.29788489925124506,-0.8751886574619506,-0.42754534009005896,-0.7444023938564325
-0.5835921029482046,0.948714807855448,-0.7286616120866524,0.8810072199068709,-1.0196353886474179
1.2365115626506686,-0.15937382068383474,-1.021715702837249,-0.40609365877863357,-0.893413887851552
0.6216116756240222,-0.4363959778186554,-0.9728733543788162,1.3529442087582224,-0.6339585806600497
1.5808554993855906,-0.15937382068383474,0.05281596324827154,-0.1701251643529582,-0.7216124006571789
-0.9033400442020608,-0.15937382068383474,0.05281596324827154,1.2885891648239471,-0.43235479466665283
-1.3460679628612462,0.11764833645098596,-1.4612968389631436,1.1384273956439717,-0.4744286282652748
-0.06707619784582172,-1.4059735277905279,0.6389241447494645,1.2242341208896717,-0.44988555866607866
-0.2392481662132827,1.3642480435576791,0.003973614789838794,-0.38464197746720896,3.566412473602377
-1.715007895077234,-1.6829956849253485,1.27387467470909,-2.422551702052591,-0.5165024618638968
-0.4606121255428754,1.0872258864228583,-0.7286616120866524,2.14665641728095,-0.48845323946481545
-1.5674319221908388,-0.15937382068383474,1.6646134623765523,-0.2344802082872336,-0.8881546586517242
1.359491540055998,0.39467049358580664,0.541239447832599,-2.4011000207411657,-0.3376886690697534
1.187319571688537,1.2257369649902687,0.24818535708200254,-0.6849655158271597,2.7757750172282725
1.4824715174613272,-0.9904402920882969,-0.19139577904389218,-1.6073878122184382,2.169210582848139
-1.0755120125695217,-0.8519292135208865,-0.8751886574619506,-0.2130285269758082,-0.830303137453619
0.9167636213968124,-0.5749070563860658,-0.7286616120866524,-0.7064171971385851,-0.6041562818610259
1.5808554993855906,-1.5444846063579383,1.0296629324169264,0.06584333007271792,-0.9179569574507481
0.08049977504057342,-0.8519292135208865,-0.3379228244191904,0.7737488133497455,-0.3341825162698682
-0.4606121255428754,0.8102037292880377,1.4692440685428212,-0.04141507648440746,-0.9372407978501165
-1.5674319221908388,-0.02086274211642439,0.49239709937416626,1.0740723517096964,-0.16413410547543777
-0.534400111986073,-0.5749070563860658,-1.2659274451294127,-0.7064171971385851,-0.22373870307348556
-1.690411899596168,-0.5749070563860658,1.1761899777922247,-0.10577012041868285,-0.4253424890668825
1.3102995490938663,1.0872258864228583,0.2970277055404353,0.08729501138414254,-1.0213884650473604
-1.6166239131529705,0.39467049358580664,-1.6078238843384418,0.43052191236694404,0.14966657011428441
0.5232276936997589,0.6716926507206273,-1.4612968389631436,-1.907711350578389,3.2543648744125977
1.5562595039045246,-1.6829956849253485,-1.3636121420462781,-0.2344802082872336,-0.9284754158504036
1.2857035536128003,-0.7134181349534762,-0.3379228244191904,-0.47044870271290895,-0.4007994194676864
-0.31303615265648027,1.0872258864228583,-0.7775039605450852,0.38761854974409404,-1.0757338334455804
0.5478236891808247,0.11764833645098596,-0.24023812750232493,0.9024589012182955,-0.9670430966491403
-1.3214719673801802,0.11764833645098596,-0.04486873366859395,-0.34173861484435897,-0.5620824482624039
-0.31303615265648027,-0.7134181349534762,0.15050066016513702,0.36616686843266866,-1.0511907638463842
-0.362228143618612,-1.5444846063579383,-1.2659274451294127,0.8810072199068709,-0.9565246382494849
-0.6819760848724681,0.6716926507206273,1.4692440685428212,-0.7278688784500097,-0.7023285602578104
-1.3460679628612462,0.8102037292880377,-1.0705580512956816,-0.7064171971385851,-0.926722339450461
0.646207671105088,0.39467049358580664,-1.168242748212547,0.9239105825297209,0.11635811851537536
0.7691876485104173,1.6412702006924997,-1.412454490504711,-1.0925474607442367,1.9746191024545126
-0.5098041165050071,1.0872258864228583,-1.412454490504711,0.5592320002354948,0.14791349371434184
-1.6412199086340364,-1.5444846063579383,-1.4612968389631436,0.8166521759725955,-0.43060171826671023
-1.5182399312287072,1.5027591221250893,-1.2170850966709799,-0.12722180173010822,-0.7216124006571789
-1.198491989974851,0.6716926507206273,0.49239709937416626,1.4602026153153471,-0.5813662886617723
-1.1247040035316536,-1.6829956849253485,-0.8263463090035179,-0.49190038402433434,0.7965517616930973
1.334895544574932,1.2257369649902687,0.003973614789838794,-1.242709229924212,2.9440703516227607
0.8921676259157466,-0.8519292135208865,0.15050066016513702,0.8595555385954455,0.4915164681030879
-1.0017240261263243,1.3642480435576791,0.15050066016513702,-0.44899702140148434,-0.8671177418524132
-0.5835921029482046,1.3642480435576791,-0.5332922182529214,1.4816542966267725,-0.7391431646566047
1.2857035536128003,-1.6829956849253485,0.345870053998868,0.7093937694154702,2.3094566948435458
0.12969176600270513,0.11764833645098596,-0.5332922182529214,-0.1701251643529582,0.9666001724875277
-0.41142013458074367,0.39467049358580664,1.6157711139181195,-0.7278688784500097,-0.5971439762612556
1.679239481309854,-1.2674624492231175,-0.9240310059203835,-0.6849655158271597,-0.7268716298570066
-0.19005617525115098,1.6412702006924997,0.44355475091573354,-1.2212575486127866,1.906249122856752
-0.26384416169434854,0.39467049358580664,1.0296629324169264,0.5592320002354948,0.5002818501028008
-1.6166239131529705,1.2257369649902687,-1.5589815358800092,0.5806836815469194,-1.0161292358475327
1.2119155671696027,-1.6829956849253485,0.6389241447494645,0.5806836815469194,-0.2605533074722798
0.2034797524459027,-0.15937382068383474,-0.6798192636282196,0.6879420881040448,-1.065215375045925
0.4740357027376271,1.5027591221250893,-0.5332922182529214,1.3529442087582224,-0.4007994194676864
1.6300474903477222,0.2561594150183963,-1.7055085812553072,1.331492527446797,0.02695122211830368
-1.050916017088456,0.39467049358580664,1.5669287654596866,-0.5777071092700343,-0.6041562818610259
0.3756517208133637,-1.5444846063579383,0.24818535708200254,0.40907023105551865,-1.0897584446451212
-0.14086418428901928,-1.5444846063579383,0.49239709937416626,0.7737488133497455,1.296178535676733
-1.6658159041151024,-0.29788489925124506,1.4692440685428212,-0.08431843910725746,2.795058857627641
-0.19005617525115098,-0.7134181349534762,0.003973614789838794,-0.6206104718928843,-0.5831193650617149
-0.362228143618612,-0.5749070563860658,1.127347629333792,-0.7278688784500097,-0.7181062478572937
-0.16546017977008515,-0.8519292135208865,-1.0705580512956816,-0.2559318895986582,-0.05719644507894026
-0.7065720803535339,-1.6829956849253485,1.4204017200843884,-0.1701251643529582,0.41788725930549947
0.9413596168778784,-0.15937382068383474,-0.6798192636282196,0.9024589012182955,0.1040865837157773
0.2034797524459027,-1.4059735277905279,0.8831358870416283,1.3529442087582224,0.5493679893011931
-0.7803600667967315,1.6412702006924997,1.6646134623765523,0.6235870441697694,0.36354189090727945
0.646207671105088,-1.2674624492231175,-1.3147697935878453,-0.2130285269758082,-0.8495869778529874
-0.14086418428901928,-1.2674624492231175,-0.7775039605450852,1.0311689890868463,0.3389988213080833
-0.14086418428901928,0.11764833645098596,-0.0937110821270267,-0.47044870271290895,-0.9126977282509203
-1.3706639583423121,1.2257369649902687,-1.168242748212547,0.5377803189240694,-0.36398481506889213
1.359491540055998,1.3642480435576791,-1.6566662327968746,0.6450387254811948,-1.0301538470470732
0.8183796394725491,-0.5749070563860658,1.1761899777922247,0.7522971320383202,0.13213580611485862
-0.31303615265648027,1.6412702006924997,1.6157711139181195,0.10874669269556791,0.03571660411801659
-1.0755120125695217,1.3642480435576791,-0.2890804759607577,0.5592320002354948,-0.44988555866607866
-0.21465217073221685,1.2257369649902687,0.1993430086235698,-0.2559318895986582,-0.7636862342558008
-1.3952599538233779,-0.4363959778186554,-0.4844498697944887,-0.3202869335329336,-0.8250439082537913
-0.14086418428901928,0.39467049358580664,-0.6309769151697869,0.36616686843266866,0.14440734091445667
-1.2722799764180486,-0.9904402920882969,1.7134558108349849,-0.6420621532043097,-0.9179569574507481
0.3756517208133637,0.948714807855448,-0.3379228244191904,0.9668139451525709,0.11986427131526053
1.3102995490938663,0.8102037292880377,-0.14255343058545944,-0.38464197746720896,2.40061666764056
-1.5920279176719048,-1.4059735277905279,-1.4612968389631436,0.9024589012182955,0.12512350051508828
0.6216116756240222,-0.15937382068383474,-0.9240310059203835,0.5806836815469194,1.9851375608541681
-0.6573800893914022,0.948714807855448,-0.9728733543788162,1.0740723517096964,0.49852877370285825
-1.050916017088456,-0.02086274211642439,0.24818535708200254,0.5592320002354948,0.21277732051221737
-1.223087985455917,0.6716926507206273,-1.021715702837249,-1.1783541859899367,-0.5831193650617149
1.2365115626506686,-0.9904402920882969,-0.6798192636282196,0.5592320002354948,0.13914811171462893
-1.5182399312287072,-1.5444846063579383,1.4692440685428212,0.7952004946611702,0.4091218773057866
0.6216116756240222,-1.1289513706557073,-0.8751886574619506,0.4519735936783694,-1.0494376874464417
-0.534400111986073,-0.8519292135208865,1.6157711139181195,-0.5777071092700343,-0.8267969846537339
0.15428776148377096,-0.9904402920882969,-0.04486873366859395,-0.6849655158271597,-0.21322024467383008
0.12969176600270513,-0.4363959778186554,0.24818535708200254,-0.2773835709100836,-0.9021792698512648
-1.2476839809369829,-0.02086274211642439,-1.6566662327968746,0.23745678056411867,1.6976330312635843
0.7445916530293515,1.5027591221250893,1.7134558108349849,0.6235870441697694,0.018185840118590767
0.6953996620672198,1.5027591221250893,0.541239447832599,-0.12722180173010822,-0.7636862342558008
-0.28844015717541444,0.6716926507206273,0.541239447832599,-1.1139991420556612,0.6317625800984945
0.8183796394725491,1.0872258864228583,0.5900817962910317,0.08729501138414254,-1.0617092222460398
0.7445916530293515,0.2561594150183963,0.003973614789838794,0.6021353628583448,1.5679053776678333
-1.223087985455917,-1.6829956849253485,1.5669287654596866,0.6021353628583448,1.7063984132632972
-0.14086418428901928,-0.5749070563860658,-1.168242748212547,-1.9935180758240896,-0.6216870458604516
0.7199956575482857,-1.6829956849253485,1.0785052808753592,1.2027824395782472,-0.6374647334599349
0.7445916530293515,-0.7134181349534762,-1.168242748212547,-2.830133646969667,0.7229225528955088
-0.7311680758345999,1.3642480435576791,1.518086417001254,0.47342527498979403,0.3407518977080259
0.8921676259157466,1.0872258864228583,1.0785052808753592,-0.42754534009005896,-0.9425000270499442
0.2034797524459027,-1.2674624492231175,0.6877664932078973,0.8166521759725955,0.10058043091589212
0.9413596168778784,-0.29788489925124506,0.003973614789838794,0.8381038572840201,-0.35171328026929405
1.2119155671696027,0.11764833645098596,-0.6798192636282196,0.5377803189240694,2.090322144850723
-1.542835926709773,-0.02086274211642439,1.27387467470909,-1.285612592547062,-0.36573789146883473
-0.28844015717541444,-0.02086274211642439,-0.8751886574619506,-0.6635138345157351,-0.8864015822517816
-1.5674319221908388,0.8102037292880377,0.24818535708200254,-0.2988352522215082,3.4191540560072
-0.2392481662132827,1.3642480435576791,1.4204017200843884,-0.6635138345157351,-0.9004261934513222
1.2857035536128003,-0.8519292135208865,-0.3379228244191904,-1.8433563066441143,-0.4551447878659064
-0.2392481662132827,-1.6829956849253485,0.1993430086235698,-0.8994823289414104,0.5055410793026286
-0.9279360396831267,1.3642480435576791,1.3715593716259558,-0.1701251643529582,-0.9179569574507481
-1.4690479402665755,0.11764833645098596,-1.168242748212547,-0.08431843910725746,-0.9705492494490255
1.2119155671696027,-1.4059735277905279,0.9808205839584937,1.245685802201097,-0.4709224754653896
-1.0755120125695217,-0.15937382068383474,1.0785052808753592,-0.5562554279586097,-0.4446263294662509
0.08049977504057342,0.948714807855448,-1.0705580512956816,0.6664904067926202,-1.0213884650473604
0.32645972985123195,-0.15937382068383474,1.7134558108349849,1.2671374835125218,0.06902505571692565
0.3018637343701661,-0.9904402920882969,-0.24023812750232493,0.5806836815469194,0.7737617684938437
0.9167636213968124,0.948714807855448,0.15050066016513702,1.331492527446797,-0.13433180667641387
1.2611075581317344,-1.4059735277905279,0.7854511901247627,0.43052191236694404,0.042728909717786916
0.5970156801429564,-0.7134181349534762,-1.168242748212547,-0.7707722410728605,2.199012881647163
1.4824715174613272,-0.5749070563860658,-0.3867651728776232,1.5245576592496233,-0.8040069914544802
-1.3214719673801802,1.6412702006924997,-0.8263463090035179,0.5592320002354948,0.22329577891187288
-0.5589961074671388,0.533181572153217,-1.6078238843384418,0.6450387254811948,2.011433706853307
-1.4690479402665755,1.5027591221250893,-1.6566662327968746,1.2027824395782472,-0.8250439082537913
0.44943970725656124,-0.7134181349534762,1.0785052808753592,0.6450387254811948,1.3540300568748382
-0.38682413909967783,-0.02086274211642439,-0.6309769151697869,1.996494648100974,-0.8916608114516094
-0.6081880984292706,0.2561594150183963,-0.04486873366859395,0.5592320002354948,2.0535075404519287
0.9905516078400101,0.948714807855448,-0.4844498697944887,0.5377803189240694,1.4714861756709914
1.4332795264991955,1.0872258864228583,-1.5101391874215764,1.3743958900696471,-0.23601023787308364
0.3018637343701661,-0.15937382068383474,1.322717023167523,0.6021353628583448,0.26712268891043744
-1.4444519447855095,1.6412702006924997,-1.3636121420462781,1.503105977938198,-0.7216124006571789
0.5970156801429564,1.5027591221250893,-0.4356075213360559,-0.06286675779583284,0.7509717752945901
0.32645972985123195,-0.15937382068383474,-1.3636121420462781,1.3958475713810725,-0.4130709542672844
0.5232276936997589,-1.4059735277905279,1.6646134623765523,-1.2212575486127866,2.6495535164324067
-1.1738959944937852,-1.6829956849253485,0.2970277055404353,0.5377803189240694,-0.15887487627561003
0.5478236891808247,-0.4363959778186554,-0.4356075213360559,0.9024589012182955,0.64228103849815
-0.4606121255428754,1.0872258864228583,0.345870053998868,-1.9935180758240896,1.5766707596675462
-0.534400111986073,1.0872258864228583,1.0785052808753592,0.516328637612644,0.5125533849023989
0.2034797524459027,1.3642480435576791,0.6389241447494645,-0.9423856915642604,1.5030415508699577
-1.1001080080505876,-0.5749070563860658,-0.04486873366859395,0.7093937694154702,-0.5165024618638968
-0.7311680758345999,1.3642480435576791,0.2970277055404353,0.7952004946611702,0.05500044451738499
1.4332795264991955,1.6412702006924997,0.05281596324827154,-0.08431843910725746,2.4619743416385504
-1.5920279176719048,-0.02086274211642439,-1.5101391874215764,0.23745678056411867,-0.07823336187825125
-0.042480202364755866,1.2257369649902687,-1.412454490504711,0.28036014318696867,0.10058043091589212
-0.6327840939103364,-0.9904402920882969,0.73660884166633,0.7093937694154702,1.5977076764668572
-1.4936439357476412,-0.02086274211642439,-0.3379228244191904,0.5592320002354948,0.20401193851250446
-1.4444519447855095,-0.29788489925124506,-0.5332922182529214,0.7737488133497455,0.0444819861177295
-1.223087985455917,1.6412702006924997,1.322717023167523,0.10874669269556791,2.021952165252962
0.5724196846618905,-0.7134181349534762,0.6877664932078973,-0.6420621532043097,0.3091965225090594
0.646207671105088,-0.29788489925124506,-0.04486873366859395,0.28036014318696867,-0.16413410547543777
-0.5589961074671388,1.5027591221250893,-0.8263463090035179,0.6664904067926202,1.560893072068063
-0.16546017977008515,0.2561594150183963,-1.3636121420462781,0.6450387254811948,1.7642499344614024
-0.8295520577588632,-0.15937382068383474,0.15050066016513702,0.2160050992526933,0.7001325596962552
-0.042480202364755866,0.948714807855448,0.345870053998868,-0.10577012041868285,1.741459941262149
1.334895544574932,0.8102037292880377,0.9808205839584937,0.7952004946611702,-0.02038184068014604
-1.0755120125695217,-0.29788489925124506,0.003973614789838794,0.9453622638411455,0.2320611609115858
-1.2968759718991145,-1.5444846063579383,-1.4612968389631436,0.8595555385954455,0.26712268891043744
-1.5182399312287072,0.533181572153217,-1.3636121420462781,0.7952004946611702,1.6082261348665128
-0.5098041165050071,1.2257369649902687,1.127347629333792,1.2885891648239471,0.5090472321025138
-0.5835921029482046,-0.02086274211642439,-1.412454490504711,0.6664904067926202,0.01993891651853335
1.3840875355370637,-0.15937382068383474,0.6877664932078973,0.7093937694154702,0.27413499451020773
0.8429756349536149,-0.9904402920882969,-1.4612968389631436,0.1301983740069933,2.374320521641421
-0.6573800893914022,0.39467049358580664,-1.4612968389631436,0.5592320002354948,-0.318404828670385
-0.9033400442020608,-0.4363959778186554,-1.5101391874215764,0.7952004946611702,2.211284416446761
0.2772677388891002,-1.4059735277905279,-0.3867651728776232,-1.821904625332689,3.668090904799047
0.8675716304346808,-1.5444846063579383,0.39471240245730077,-1.9935180758240896,3.631276300400253
-0.9771280306452583,1.3642480435576791,-0.04486873366859395,0.43052191236694404,0.449442634504466
0.05590377955950755,-0.5749070563860658,-1.6078238843384418,0.4519735936783694,2.0412360056523307
-1.1738959944937852,0.8102037292880377,1.0785052808753592,1.2885891648239471,-0.4130709542672844
0.10509577052163926,1.6412702006924997,0.6877664932078973,0.9024589012182955,0.3810726549067053
-0.8049560622777974,-1.2674624492231175,-1.3636121420462781,1.0740723517096964,-0.7216124006571789
1.0397435988021417,-1.6829956849253485,-0.6309769151697869,1.2242341208896717,-0.09576412587767706
-0.16546017977008515,-0.7134181349534762,-0.9240310059203835,0.7522971320383202,0.0935681253161218
0.5724196846618905,0.533181572153217,-0.6798192636282196,0.9024589012182955,-0.29736791187107403
-0.854148053239929,-1.1289513706557073,0.49239709937416626,-1.4786777243498874,0.856156359291145
-0.31303615265648027,1.0872258864228583,0.931978235500061,0.34471518712124405,0.39334418970630336
1.0889355897642734,-1.1289513706557073,-1.4612968389631436,0.36616686843266866,-0.051937215879112514
-0.854148053239929,1.3642480435576791,-0.4844498697944887,1.4602026153153471,-0.8548462070528151
-0.16546017977008515,1.0872258864228583,1.4692440685428212,0.9024589012182955,0.38983803690641816
0.6216116756240222,-0.9904402920882969,-1.412454490504711,1.2027824395782472,-0.2588002310723372
1.2119155671696027,0.6716926507206273,-1.412454490504711,1.1598790769553964,2.2849136252443496
-0.9525320351641925,-0.4363959778186554,-1.3636121420462781,-0.08431843910725746,1.0928216732833935
-0.534400111986073,-0.15937382068383474,-0.3867651728776232,0.9882656264639963,-0.1308256538765287
0.8183796394725491,1.5027591221250893,0.24818535708200254,-0.10577012041868285,0.7912925324932695
-1.5674319221908388,-0.29788489925124506,0.44355475091573354,1.1384273956439717,-0.1536156470757823
-1.3952599538233779,-0.8519292135208865,-1.5589815358800092,0.6235870441697694,-0.009863382280490546
0.670803666586154,1.3642480435576791,1.0296629324169264,-1.3070642738584874,2.2586174792452107
-0.8049560622777974,0.8102037292880377,0.003973614789838794,0.7522971320383202,0.8806994288903411
0.646207671105088,-0.02086274211642439,1.127347629333792,0.9239105825297209,-0.4709224754653896
1.4824715174613272,-0.15937382068383474,0.39471240245730077,0.9668139451525709,0.13739503531468636
-1.4198559493044438,-1.5444846063579383,1.518086417001254,0.5592320002354948,-0.3569725094691218
0.2772677388891002,0.11764833645098596,1.518086417001254,0.7093937694154702,0.7053917888960829
0.4740357027376271,-1.2674624492231175,1.7134558108349849,0.6450387254811948,-0.1115418134771603
-0.878744048720995,0.948714807855448,-0.19139577904389218,1.1813307582668218,0.7404533168949345
-0.16546017977008515,1.6412702006924997,-0.7286616120866524,0.8381038572840201,1.4153877308728287
-0.14086418428901928,0.948714807855448,0.05281596324827154,0.7308454507268948,-0.3709971206686625
1.0643395942832077,0.6716926507206273,0.44355475091573354,1.2885891648239471,0.33373959210825554
1.6054514948666565,-1.5444846063579383,0.73660884166633,0.7308454507268948,-0.09401104947773449
-0.8049560622777974,-0.4363959778186554,-0.8751886574619506,0.10874669269556791,0.2793942237100355
1.6546434858287882,-0.5749070563860658,-1.3636121420462781,-1.7790012627098388,1.283907000877135
0.5478236891808247,-0.15937382068383474,-0.4844498697944887,0.9882656264639963,-0.7408962410565473
0.49863169821869296,-0.02086274211642439,0.8831358870416283,0.044391648761292535,1.3154623760761015
0.10509577052163926,-1.6829956849253485,-0.4356075213360559,0.6021353628583448,1.6906207256638142
0.8183796394725491,-1.5444846063579383,-0.3867651728776232,0.9882656264639963,-0.5778601358618871
-0.11626818880795343,0.11764833645098596,-0.5821345667113542,2.0393980107238248,-0.5550701426626335
0.32645972985123195,1.0872258864228583,0.05281596324827154,1.2027824395782472,-0.30963944667067206
1.4824715174613272,1.0872258864228583,-1.168242748212547,0.6879420881040448,0.6124787396991261
-0.7311680758345999,1.6412702006924997,0.6389241447494645,-0.44899702140148434,-0.036159528279629274
-1.6166239131529705,-0.15937382068383474,1.2250323262506575,0.6235870441697694,-0.3289232870700405
-1.4936439357476412,-0.15937382068383474,0.05281596324827154,0.6664904067926202,1.9798783316543402
0.7199956575482857,0.948714807855448,-0.14255343058545944,0.7737488133497455,0.3127026753089446
1.5562595039045246,-0.8519292135208865,-0.5821345667113542,0.9453622638411455,-0.02038184068014604
0.9905516078400101,-0.7134181349534762,-1.021715702837249,0.7737488133497455,0.3162088281088297
0.8183796394725491,-1.5444846063579383,1.4692440685428212,0.8595555385954455,-0.11329488987710289
-1.542835926709773,0.6716926507206273,-0.7775039605450852,1.5460093405610487,-0.8565992834527577
0.3018637343701661,-1.5444846063579383,0.05281596324827154,-0.9852890541871112,1.4276592656724267
-1.715007895077234,0.2561594150183963,0.73660884166633,1.503105977938198,-0.5217616910637245
-0.11626818880795343,0.533181572153217,1.127347629333792,1.1813307582668218,1.247092396478341
1.3102995490938663,-1.1289513706557073,0.39471240245730077,0.6450387254811948,-0.14309718867612678
0.7937836439914832,1.5027591221250893,0.345870053998868,0.43052191236694404,-0.34119482186963856
0.17888375696483683,-0.29788489925124506,1.127347629333792,0.8166521759725955,0.4056157245059014
1.5316635084234589,0.8102037292880377,0.15050066016513702,1.3743958900696471,-0.2289979322733133
1.6300474903477222,-0.9904402920882969,1.1761899777922247,1.2885891648239471,-0.7163531714573511
-1.3952599538233779,1.0872258864228583,1.4204017200843884,-0.3202869335329336,1.3540300568748382
-0.362228143618612,0.6716926507206273,-1.6078238843384418,0.7522971320383202,0.004161228919050111
-0.8295520577588632,0.39467049358580664,-1.7055085812553072,0.6664904067926202,-0.318404828670385
1.5316635084234589,1.2257369649902687,-1.0705580512956816,0.6664904067926202,2.0342237000525603
-1.690411899596168,1.3642480435576791,-0.8263463090035179,0.9882656264639963,-0.8408215958532744
-1.6412199086340364,0.948714807855448,0.5900817962910317,1.3743958900696471,-0.7724516162555137
-1.5674319221908388,-0.29788489925124506,1.6157711139181195,-1.9935180758240896,0.8701809704906857
-1.3706639583423121,0.6716926507206273,-0.9728733543788162,0.7308454507268948,0.7965517616930973
-1.2476839809369829,0.6716926507206273,-0.8751886574619506,0.40907023105551865,0.01993891651853335
0.4740357027376271,-0.02086274211642439,0.49239709937416626,1.0955240330211218,-0.8671177418524132
0.6953996620672198,0.11764833645098596,-0.19139577904389218,1.3100408461353725,-0.809266220654308
0.8183796394725491,1.3642480435576791,-1.6566662327968746,0.9453622638411455,-0.18692409867469134
0.3018637343701661,-0.7134181349534762,0.345870053998868,1.052620670398271,-0.45865094066579154
-0.6819760848724681,1.3642480435576791,0.1993430086235698,0.1301983740069933,-0.16764025827532295
-1.6412199086340364,-0.15937382068383474,-1.168242748212547,0.6879420881040448,-0.016875687880260875
0.10509577052163926,-0.7134181349534762,-1.1194003997541144,0.6450387254811948,-0.4043055722675715
0.12969176600270513,-1.5444846063579383,-1.412454490504711,-0.3202869335329336,2.5987143008340716
-1.4444519447855095,1.0872258864228583,1.4204017200843884,-0.5777071092700343,2.623257370433268
0.08049977504057342,-0.5749070563860658,0.44355475091573354,1.009717307775421,-0.12030719547687321
-0.38682413909967783,-1.5444846063579383,-0.3379228244191904,1.8677845602324248,-0.8250439082537913
-1.690411899596168,-0.4363959778186554,-0.2890804759607577,2.1252047359695245,-0.8197846790539635
-0.48520812102394123,-1.4059735277905279,-1.0705580512956816,-1.242709229924212,1.5363500024688668
-0.11626818880795343,0.948714807855448,-0.24023812750232493,0.06584333007271792,1.44343695327191
0.05590377955950755,1.3642480435576791,-0.19139577904389218,0.5806836815469194,0.8386255952917192
-1.5920279176719048,-1.5444846063579383,-0.9240310059203835,0.23745678056411867,2.5969612244341294
-0.16546017977008515,-1.2674624492231175,0.15050066016513702,0.34471518712124405,0.23381423731152837
-1.5674319221908388,0.11764833645098596,0.05281596324827154,0.8595555385954455,-0.3552194330691792
0.35105572533229784,1.0872258864228583,-1.3147697935878453,0.47342527498979403,1.4031161960732306
0.15428776148377096,0.2561594150183963,-0.7286616120866524,0.10874669269556791,2.861675760825459
-0.11626818880795343,0.8102037292880377,-0.14255343058545944,1.0740723517096964,-0.8828954294518965
0.006711788597375844,-0.29788489925124506,-0.8751886574619506,0.9668139451525709,-0.12731950107664355
-0.26384416169434854,-0.9904402920882969,1.2250323262506575,1.6961711097410233,-0.5988970526611981
-0.38682413909967783,-0.9904402920882969,-0.6309769151697869,0.43052191236694404,0.34250497410796843
-0.7311680758345999,1.3642480435576791,0.5900817962910317,0.8381038572840201,-0.14660334147601195
-1.3706639583423121,-0.15937382068383474,-0.5332922182529214,0.7093937694154702,0.20751809131238963
1.4824715174613272,-0.9904402920882969,0.8831358870416283,0.7308454507268948,0.05500044451738499
-0.854148053239929,-0.15937382068383474,0.44355475091573354,0.7093937694154702,-0.13608488307635647
1.015147603321076,1.2257369649902687,-0.24023812750232493,0.6021353628583448,1.5118069328696706
-0.41142013458074367,-0.29788489925124506,0.44355475091573354,-0.8565789663185605,1.91852065765635
1.3102995490938663,-1.5444846063579383,-1.4612968389631436,2.1681080985923753,-0.725118553457064
-0.9771280306452583,-0.9904402920882969,1.1761899777922247,0.6664904067926202,2.0850629156508953
-0.6327840939103364,-0.02086274211642439,0.49239709937416626,0.8595555385954455,-0.2517879254725669
0.9659556123589442,0.533181572153217,1.322717023167523,-0.2773835709100836,1.4259061892724842
-1.4444519447855095,1.5027591221250893,1.27387467470909,2.14665641728095,-0.5427986078630355
-0.5098041165050071,-0.29788489925124506,-0.8263463090035179,0.7308454507268948,0.36178881450733685
1.2365115626506686,1.3642480435576791,-0.4844498697944887,-0.2130285269758082,-0.7917354566548822
-0.878744048720995,1.2257369649902687,1.2250323262506575,1.009717307775421,-0.3850217318682031
0.9659556123589442,1.2257369649902687,0.1993430086235698,0.9239105825297209,1.5433623080686372
-1.7396038905582998,-1.1289513706557073,0.7854511901247627,2.0823013733466755,-0.8793892766520113
0.4248437117754954,0.8102037292880377,0.1016583117067043,-1.1783541859899367,-0.3376886690697534
0.49863169821869296,-1.4059735277905279,0.6389241447494645,0.8166521759725955,0.11811119491531795
0.15428776148377096,-1.2674624492231175,-1.7055085812553072,1.2885891648239471,0.36003573810739425
-0.19005617525115098,1.2257369649902687,-0.5821345667113542,1.9535912854781248,-0.5901316706614852
-1.2476839809369829,-1.5444846063579383,-0.2890804759607577,0.5377803189240694,1.7589907052615747
1.138127580726405,-0.8519292135208865,0.24818535708200254,0.9024589012182955,-0.07472720907836608
1.334895544574932,0.6716926507206273,-0.8751886574619506,-0.01996339517298284,0.6159848924990112
-0.9033400442020608,1.5027591221250893,0.1993430086235698,0.3018118244983933,-1.052943840246327
0.3018637343701661,0.39467049358580664,-1.2170850966709799,-1.3928709991041874,-0.12731950107664355
-0.8295520577588632,0.8102037292880377,-0.2890804759607577,-0.12722180173010822,-0.8250439082537913
1.334895544574932,-1.2674624492231175,-1.168242748212547,2.2539148238380755,-0.9039323462512074
1.6300474903477222,-0.7134181349534762,0.39471240245730077,-0.12722180173010822,0.2706288417103226
1.2365115626506686,-1.4059735277905279,-0.4356075213360559,-0.5348037466471843,-0.9319815686502887
1.679239481309854,-1.1289513706557073,1.6157711139181195,0.02293996744986792,-1.107289208644547
-0.9771280306452583,0.533181572153217,1.322717023167523,-0.5777071092700343,-0.2658125366721075
0.4002477162944295,-0.8519292135208865,-0.24023812750232493,0.9239105825297209,0.5931948992997577
0.2034797524459027,0.6716926507206273,1.5669287654596866,0.9239105825297209,0.023445069318418513
0.7937836439914832,-1.2674624492231175,0.05281596324827154,0.9239105825297209,-0.2202325502736004
-0.6573800893914022,-0.7134181349534762,-0.3379228244191904,2.1681080985923753,-0.7163531714573511
1.334895544574932,-0.02086274211642439,-0.7775039605450852,0.044391648761292535,-0.8601054362526429
1.7038354767909198,0.6716926507206273,1.3715593716259558,-0.2344802082872336,0.365294967307222
-0.2392481662132827,1.2257369649902687,0.05281596324827154,-0.5991587905814597,2.305950542043661
0.9413596168778784,-0.8519292135208865,1.322717023167523,1.2242341208896717,0.30569036970917424
-1.1001080080505876,-0.4363959778186554,1.1761899777922247,-0.513352065335759,-0.6847977962583847
1.2611075581317344,-1.2674624492231175,1.4204017200843884,0.32326350580981866,-1.0476846110464992
-1.3460679628612462,-0.02086274211642439,1.1761899777922247,1.3529442087582224,-0.2588002310723372
1.5316635084234589,1.2257369649902687,0.9808205839584937,-0.2773835709100836,-0.758427005055973
0.4002477162944295,0.8102037292880377,-1.2659274451294127,0.516328637612644,0.08655581971635147
0.8675716304346808,-1.6829956849253485,0.44355475091573354,0.08729501138414254,-0.9319815686502887
0.22807574792696855,-0.4363959778186554,1.6646134623765523,-0.34173861484435897,-0.8565992834527577
0.08049977504057342,1.6412702006924997,-1.6078238843384418,1.1384273956439717,2.56365277283522
-0.21465217073221685,1.3642480435576791,1.2250323262506575,-0.6206104718928843,-0.41833018346711215
-0.7311680758345999,-1.4059735277905279,0.931978235500061,1.1598790769553964,-0.20620793907405974
-1.0017240261263243,-0.15937382068383474,-0.4356075213360559,-0.5348037466471843,-0.49195939226470065
1.5808554993855906,-1.2674624492231175,-0.8751886574619506,1.052620670398271,0.32322113370860006
-0.5589961074671388,0.533181572153217,-1.2170850966709799,-0.6420621532043097,-0.1115418134771603
0.7691876485104173,-0.9904402920882969,-1.6566662327968746,1.417299252692498,-0.7934885330548247
-1.6166239131529705,0.2561594150183963,1.0296629324169264,-2.315293295495466,0.45820801650417886
0.12969176600270513,-1.6829956849253485,-0.3379228244191904,-0.8994823289414104,-0.8232908318538487
-0.28844015717541444,1.2257369649902687,1.0296629324169264,-0.1701251643529582,0.13564195891474376
-0.28844015717541444,1.5027591221250893,-0.6798192636282196,-0.2559318895986582,0.27588807091015033
-1.2968759718991145,1.2257369649902687,1.322717023167523,-0.06286675779583284,-0.8127723734541932
0.4002477162944295,-0.4363959778186554,0.15050066016513702,-0.8351272850071351,0.30569036970917424
-1.0755120125695217,-1.6829956849253485,0.1016583117067043,0.08729501138414254,1.0542539924846568
1.6546434858287882,-0.29788489925124506,0.003973614789838794,0.5377803189240694,-1.0634622986459823
1.1135315852453394,-0.15937382068383474,0.9808205839584937,-1.1783541859899367,0.0830496669164663
1.334895544574932,-0.5749070563860658,0.9808205839584937,-0.10577012041868285,-0.5059840034642413
0.15428776148377096,0.8102037292880377,0.2970277055404353,0.6021353628583448,0.08129659051652373
-0.14086418428901928,-0.9904402920882969,-0.04486873366859395,1.2242341208896717,0.18823425091302123
-0.042480202364755866,-0.5749070563860658,-0.9240310059203835,1.7819778349867232,-0.7444023938564325
-0.362228143618612,0.39467049358580664,0.6877664932078973,-1.1354508233670866,3.185994894814837
-1.690411899596168,-0.8519292135208865,-0.7286616120866524,-0.2130285269758082,-0.6532424210594182
-1.3706639583423121,-0.7134181349534762,-0.6798192636282196,-0.8565789663185605,-0.8899077350516668
0.7937836439914832,0.8102037292880377,0.345870053998868,0.5806836815469194,0.29517191130951875
-0.16546017977008515,-0.15937382068383474,0.7854511901247627,0.7522971320383202,-0.21672639747371522
-0.48520812102394123,-1.2674624492231175,0.1016583117067043,-0.1701251643529582,-0.6532424210594182
-1.0017240261263243,-0.9904402920882969,0.2970277055404353,-0.49190038402433434,-0.3850217318682031
0.9905516078400101,-0.4363959778186554,-1.3636121420462781,0.7093937694154702,0.2320611609115858
-1.4690479402665755,-0.8519292135208865,-0.9240310059203835,0.5377803189240694,-1.0792399862454656
0.4740357027376271,-1.1289513706557073,-0.8751886574619506,1.331492527446797,-0.16238102907549518
0.7691876485104173,0.39467049358580664,-1.412454490504711,0.9024589012182955,-0.38151557906831796
-0.11626818880795343,1.6412702006924997,-0.8751886574619506,-1.8433563066441143,-0.2079610154740023
-1.690411899596168,1.5027591221250893,-1.2170850966709799,0.9668139451525709,1.4153877308728287
-0.21465217073221685,0.533181572153217,-1.412454490504711,-0.2988352522215082,-0.7408962410565473
-0.19005617525115098,0.533181572153217,-1.0705580512956816,0.32326350580981866,-0.04141875747945702
-0.6573800893914022,-0.8519292135208865,1.3715593716259558,0.8381038572840201,-1.0827461390453508
-1.1738959944937852,-1.2674624492231175,1.322717023167523,0.43052191236694404,-1.0161292358475327
-0.11626818880795343,1.3642480435576791,0.49239709937416626,-0.3202869335329336,-0.7742046926554563
-0.5835921029482046,-0.02086274211642439,-0.0937110821270267,-0.8994823289414104,-0.6444770390597052
-0.8295520577588632,-0.8519292135208865,1.518086417001254,-0.2130285269758082,2.858169608025574
-1.1738959944937852,1.3642480435576791,-1.5589815358800092,0.10874669269556791,-1.0844992154452933
0.08049977504057342,0.39467049358580664,-0.9240310059203835,-2.980295416149643,0.5598864477008486
1.2611075581317344,-1.4059735277905279,0.5900817962910317,0.9668139451525709,0.6843548720967719
0.8183796394725491,-1.4059735277905279,0.9808205839584937,-0.44899702140148434,-0.8653646654524706
-1.4690479402665755,-0.29788489925124506,1.518086417001254,0.7522971320383202,2.2638767084450384
-1.198491989974851,-1.6829956849253485,-1.021715702837249,0.5806836815469194,-0.0922579730777919
1.6300474903477222,-1.4059735277905279,-0.6798192636282196,0.2589084618755433,1.347017751275068
0.9659556123589442,-0.02086274211642439,-1.021715702837249,-0.9852890541871112,-0.37976250266837536
-0.41142013458074367,-1.1289513706557073,-0.24023812750232493,0.10874669269556791,0.3021842169092891
0.8429756349536149,1.3642480435576791,0.44355475091573354,1.3529442087582224,0.10934581291560504
1.138127580726405,1.6412702006924997,-1.5101391874215764,-1.1569025046785113,-0.1816648694748636
-1.3214719673801802,-1.4059735277905279,0.1016583117067043,1.2027824395782472,-0.3709971206686625
0.8183796394725491,1.0872258864228583,1.322717023167523,-0.08431843910725746,3.2245625756135734
0.05590377955950755,-0.02086274211642439,1.3715593716259558,0.23745678056411867,0.5598864477008486
-1.5920279176719048,-0.02086274211642439,-1.168242748212547,0.6879420881040448,0.10934581291560504
-1.1738959944937852,1.6412702006924997,-0.0937110821270267,-0.9423856915642604,-0.5410455314630929
-0.5835921029482046,0.8102037292880377,0.6389241447494645,-2.057873119758365,-0.1308256538765287
-1.5182399312287072,0.8102037292880377,1.5669287654596866,-0.3202869335329336,-0.9179569574507481
0.4002477162944295,-0.29788489925124506,1.4692440685428212,-0.19157684566438285,-0.29561483547113143
-0.38682413909967783,-0.02086274211642439,0.8342935385831954,0.8810072199068709,-0.16413410547543777
0.4248437117754954,0.6716926507206273,-1.2659274451294127,0.7093937694154702,-0.034406451879686696
-0.38682413909967783,-0.15937382068383474,-1.1194003997541144,0.7093937694154702,0.22154270251193028
1.0397435988021417,-0.4363959778186554,1.4204017200843884,1.3100408461353725,0.45996109290412146
0.006711788597375844,0.2561594150183963,-1.3147697935878453,1.1813307582668218,-0.09927027867756223
0.10509577052163926,1.0872258864228583,-1.412454490504711,-1.9935180758240896,0.5318372253017674
0.3756517208133637,0.8102037292880377,-1.7055085812553072,1.8034295162981486,-0.8373154430533893
-0.6819760848724681,1.0872258864228583,1.127347629333792,1.9321396041666994,-0.8197846790539635
1.6546434858287882,-0.9904402920882969,-0.5332922182529214,0.6664904067926202,-0.4533917114659638
-1.6166239131529705,-0.5749070563860658,-1.5101391874215764,0.516328637612644,0.3284803629084278
-0.21465217073221685,-1.2674624492231175,-0.2890804759607577,-1.328515955169912,0.19875270931267672
-0.4606121255428754,1.6412702006924997,1.3715593716259558,-1.1569025046785113,-0.7408962410565473
-0.3376321481375461,1.2257369649902687,1.518086417001254,0.32326350580981866,-0.9687961730490829
0.4740357027376271,1.6412702006924997,1.5669287654596866,0.3018118244983933,0.9595878668877573
-0.41142013458074367,1.5027591221250893,0.7854511901247627,-0.7493205597614351,-0.6690201086589014
0.2034797524459027,0.39467049358580664,0.49239709937416626,-0.5348037466471843,-0.7706985398555711
-1.0017240261263243,-0.15937382068383474,1.518086417001254,-0.40609365877863357,-0.11855411907693064
-0.09167219332688757,-0.9904402920882969,0.7854511901247627,0.3018118244983933,0.3477642033077962
0.08049977504057342,-0.8519292135208865,1.4204017200843884,0.08729501138414254,-0.9600307910493701
1.679239481309854,0.8102037292880377,-1.5101391874215764,0.1945534179412679,1.33474621647547
-1.1492999990127193,-0.9904402920882969,-1.3147697935878453,-1.049644098121386,-0.46040401706573414
1.7038354767909198,-1.2674624492231175,0.15050066016513702,1.503105977938198,-0.5936378234613704
-0.878744048720995,1.6412702006924997,-1.7055085812553072,-0.7064171971385851,-0.5726009066620594
-0.28844015717541444,-0.02086274211642439,0.44355475091573354,0.7308454507268948,0.3810726549067053
0.9659556123589442,-0.15937382068383474,0.5900817962910317,1.2027824395782472,-0.2675656130720501
-0.9525320351641925,-1.6829956849253485,0.345870053998868,-0.14867348304153283,0.22329577891187288
0.7691876485104173,1.3642480435576791,0.73660884166633,-0.47044870271290895,-0.5866255178616001
-0.06707619784582172,0.533181572153217,0.05281596324827154,0.5377803189240694,1.1927470280801207
0.17888375696483683,-1.5444846063579383,-1.5589815358800092,-1.4572260430384627,2.3094566948435458
-1.690411899596168,-1.6829956849253485,-0.6798192636282196,-0.1701251643529582,-0.9021792698512648
0.5970156801429564,-1.5444846063579383,-1.3147697935878453,-0.8136756036957105,-0.12731950107664355
-0.854148053239929,-1.6829956849253485,-1.5101391874215764,0.8595555385954455,0.17771579251336575
-0.11626818880795343,0.948714807855448,0.44355475091573354,0.9453622638411455,0.12687657691503085
-1.3706639583423121,-0.8519292135208865,1.4204017200843884,-0.513352065335759,2.626763523233153
0.9413596168778784,1.6412702006924997,0.9808205839584937,-0.1701251643529582,-0.8355623666534467
0.17888375696483683,-1.5444846063579383,1.322717023167523,1.2671374835125218,-0.6024032054610833
-0.9279360396831267,0.948714807855448,0.1016583117067043,-0.3631902961557836,-0.3078863702707295
-0.5835921029482046,1.5027591221250893,-1.168242748212547,-0.513352065335759,-0.2640594602721649
0.8921676259157466,-0.29788489925124506,-1.2170850966709799,0.001488286138442538,-1.0301538470470732
1.162723576207471,1.3642480435576791,-0.3379228244191904,-0.49190038402433434,-0.7426493174564899
-1.5674319221908388,-0.4363959778186554,1.322717023167523,-0.5991587905814597,0.6282564272986093
0.031307784078441696,-1.6829956849253485,-0.9240310059203835,-0.38464197746720896,-0.5901316706614852
-0.09167219332688757,-1.5444846063579383,-1.5101391874215764,0.6664904067926202,-0.11855411907693064
0.646207671105088,0.2561594150183963,-0.6798192636282196,-0.14867348304153283,-0.788229303854997
-0.6327840939103364,1.0872258864228583,0.2970277055404353,0.34471518712124405,0.7404533168949345
0.9905516078400101,-1.4059735277905279,0.345870053998868,0.36616686843266866,-0.10452950787738997
0.7445916530293515,-0.15937382068383474,1.4692440685428212,0.6450387254811948,1.5118069328696706
1.0643395942832077,0.39467049358580664,0.541239447832599,0.6664904067926202,-0.4428732530663083
-1.3460679628612462,1.0872258864228583,0.1016583117067043,-0.12722180173010822,-0.3587255858690644
-1.3460679628612462,-1.5444846063579383,1.0785052808753592,-0.5991587905814597,-0.6830447198584421
-0.878744048720995,-0.7134181349534762,-1.1194003997541144,-0.19157684566438285,-0.42183633626699735
0.8183796394725491,0.11764833645098596,-0.9240310059203835,1.3743958900696471,-0.2675656130720501
0.35105572533229784,-0.9904402920882969,0.003973614789838794,0.7737488133497455,2.463727418038493
-1.3460679628612462,0.6716926507206273,-0.4356075213360559,-1.242709229924212,-0.09751720227761965
-0.28844015717541444,-1.6829956849253485,0.05281596324827154,0.6664904067926202,-1.0932645974450064
0.8675716304346808,-1.1289513706557073,1.2250323262506575,-0.9638373728756858,-0.5094901562641264
-0.6327840939103364,-0.02086274211642439,-1.4612968389631436,0.9453622638411455,-1.1248199726439727
0.6216116756240222,0.948714807855448,-1.4612968389631436,-0.7278688784500097,-0.7233654770571215
-1.4936439357476412,-0.29788489925124506,-1.2659274451294127,0.7952004946611702,-0.04843106307922735
1.3102995490938663,-0.5749070563860658,0.44355475091573354,-1.9720663945126642,-0.21672639747371522
-1.1001080080505876,-1.5444846063579383,-1.3147697935878453,0.9882656264639963,2.035976776452503
-1.690411899596168,-0.29788489925124506,-1.1194003997541144,1.2671374835125218,-0.22549177947342813
-0.7557640713156657,1.6412702006924997,1.0785052808753592,-0.6206104718928843,-0.31314559947055726
-1.3706639583423121,-1.6829956849253485,0.541239447832599,-0.7922239223842851,0.2583573069107245
0.49863169821869296,1.0872258864228583,0.541239447832599,-0.44899702140148434,-0.9004261934513222
1.3102995490938663,-1.2674624492231175,-0.7286616120866524,-0.38464197746720896,-0.8986731170513796
-0.9279360396831267,-0.5749070563860658,-1.021715702837249,-0.8565789663185605,-0.6234401222603942
0.22807574792696855,0.6716926507206273,1.4692440685428212,-0.12722180173010822,-0.33944174546969597
1.0397435988021417,0.533181572153217,-0.8263463090035179,-0.42754534009005896,-0.7303777826568918
-1.5182399312287072,1.3642480435576791,-1.4612968389631436,0.08729501138414254,-0.8005008386545951
0.17888375696483683,1.3642480435576791,0.541239447832599,-2.915940372215368,0.0637658265170979
-0.19005617525115098,-0.15937382068383474,-0.7286616120866524,0.6664904067926202,-0.9968453954481643
0.7445916530293515,-1.1289513706557073,-0.14255343058545944,-2.980295416149643,-0.5182555382638393
1.0889355897642734,-0.8519292135208865,-0.4844498697944887,1.5674610218724725,-0.8671177418524132
0.8921676259157466,0.948714807855448,0.1993430086235698,-2.07932480106979,-0.3482071274694089
0.9905516078400101,-0.4363959778186554,0.05281596324827154,-1.7575495813984134,0.2303080845116432
-1.5182399312287072,0.533181572153217,-0.4356075213360559,1.1598790769553964,-0.5708478302621168
-0.878744048720995,-1.1289513706557073,0.49239709937416626,-0.5348037466471843,-0.15010949427589712
-1.3460679628612462,-0.4363959778186554,-0.2890804759607577,-1.3928709991041874,0.5002818501028008
0.2772677388891002,-0.9904402920882969,1.1761899777922247,-0.49190038402433434,-0.21146716827388748
0.2526717434080344,0.2561594150183963,1.5669287654596866,-0.2988352522215082,-0.4639101698656193
-0.042480202364755866,0.6716926507206273,1.4692440685428212,-1.1139991420556612,-0.2517879254725669
-1.3460679628612462,-1.6829956849253485,0.39471240245730077,0.28036014318696867,-0.9547715618495423
-0.06707619784582172,-0.9904402920882969,-0.4356075213360559,1.3958475713810725,-0.6777854906586144
1.334895544574932,0.2561594150183963,-1.3147697935878453,0.8166521759725955,0.16895041051365284
1.3102995490938663,-0.5749070563860658,1.27387467470909,-0.12722180173010822,-0.8180316026540209
1.7038354767909198,-0.7134181349534762,0.931978235500061,1.739074472363874,-0.7321308590568344
-0.19005617525115098,-0.15937382068383474,-1.2659274451294127,0.47342527498979403,3.46648711880565
0.3018637343701661,-1.6829956849253485,1.6157711139181195,0.5377803189240694,0.7229225528955088
1.5808554993855906,1.0872258864228583,1.1761899777922247,0.8166521759725955,-0.3289232870700405
-0.7803600667967315,1.2257369649902687,-1.021715702837249,-0.2130285269758082,-0.691810101858155
-1.715007895077234,-1.5444846063579383,-1.7055085812553072,-0.3202869335329336,-0.23250408507319847
-0.5098041165050071,-0.02086274211642439,0.7854511901247627,-1.0281924168099612,2.8423919204260906
0.35105572533229784,-0.8519292135208865,-0.9240310059203835,0.8166521759725955,0.16369118131382507
-1.690411899596168,1.0872258864228583,-0.2890804759607577,-1.0067407354985358,0.007667381718935275
0.670803666586154,-1.5444846063579383,-1.6566662327968746,0.5592320002354948,-0.9863269370485088
-1.3460679628612462,-0.8519292135208865,0.931978235500061,2.1681080985923753,-0.8285500610536763
-0.48520812102394123,-1.5444846063579383,0.39471240245730077,-2.014969757135514,-0.34294789826958116
0.32645972985123195,-1.1289513706557073,-0.7286616120866524,0.36616686843266866,2.4111351260402154
1.679239481309854,-1.2674624492231175,-0.3379228244191904,-0.34173861484435897,-0.1027764314774474
0.8183796394725491,0.39467049358580664,0.05281596324827154,1.009717307775421,-0.8828954294518965
-1.1001080080505876,-0.7134181349534762,0.39471240245730077,-0.5991587905814597,-0.49195939226470065
-1.715007895077234,0.2561594150183963,0.1993430086235698,0.8166521759725955,-1.0564499930462121
1.2119155671696027,0.533181572153217,0.345870053998868,-0.7493205597614351,0.2390734665113561
1.1135315852453394,-0.15937382068383474,-0.4356075213360559,0.9882656264639963,1.0717847564840826
1.162723576207471,-0.4363959778186554,-1.168242748212547,1.245685802201097,-0.4446263294662509
0.4002477162944295,0.2561594150183963,-0.7286616120866524,1.2027824395782472,-0.6339585806600497
1.0889355897642734,1.2257369649902687,0.9808205839584937,1.6318160658067487,-0.6006501290611407
-0.534400111986073,-0.4363959778186554,-1.5589815358800092,0.5592320002354948,1.0682786036841974
-1.02632002160739,0.533181572153217,-0.4844498697944887,1.8034295162981486,-0.8443277486531596
-1.3460679628612462,-0.4363959778186554,0.003973614789838794,-0.42754534009005896,-0.8040069914544802
-0.9033400442020608,-1.4059735277905279,1.518086417001254,-0.49190038402433434,-0.9232161866505758
0.8921676259157466,-1.6829956849253485,0.44355475091573354,0.6450387254811948,-0.04317183387939961
-0.19005617525115098,-1.1289513706557073,1.7134558108349849,0.23745678056411867,-0.13433180667641387
-0.14086418428901928,-0.4363959778186554,-0.14255343058545944,0.001488286138442538,-0.9039323462512074
0.2034797524459027,1.2257369649902687,-1.4612968389631436,-0.38464197746720896,-0.896920040651437
1.0889355897642734,-0.02086274211642439,-0.3379228244191904,0.6879420881040448,-1.0038577010479346
-0.48520812102394123,0.533181572153217,-0.2890804759607577,-0.38464197746720896,2.928292664023277
-1.542835926709773,1.6412702006924997,1.3715593716259558,-0.2988352522215082,-0.8355623666534467
1.2365115626506686,-0.7134181349534762,-1.5101391874215764,0.6450387254811948,0.31971498090871486
1.5316635084234589,-0.9904402920882969,0.1016583117067043,-0.08431843910725746,-0.4744286282652748
-0.8295520577588632,1.0872258864228583,0.003973614789838794,0.06584333007271792,-0.8320562138535615
-0.042480202364755866,-1.5444846063579383,1.4692440685428212,1.331492527446797,-0.5129963090640116
0.670803666586154,0.533181572153217,1.4692440685428212,-0.9209340102528358,-0.22373870307348556
0.08049977504057342,-0.5749070563860658,-0.6309769151697869,0.6450387254811948,1.7554845524616896
-1.4444519447855095,-1.4059735277905279,1.0296629324169264,-1.1569025046785113,-0.006357229480605382
-0.362228143618612,0.2561594150183963,1.5669287654596866,0.8595555385954455,-0.200948709874232
1.4578755219802613,-0.8519292135208865,-0.04486873366859395,-0.44899702140148434,-0.31314559947055726
1.0397435988021417,-0.7134181349534762,-1.6078238843384418,-0.08431843910725746,-1.1107953614444321
0.35105572533229784,0.6716926507206273,-0.0937110821270267,1.9750429667895502,-0.758427005055973
1.4332795264991955,-0.9904402920882969,1.3715593716259558,0.9239105825297209,0.26887576531038
0.5724196846618905,-0.9904402920882969,0.73660884166633,0.7093937694154702,0.21453039691215997
1.4824715174613272,-1.5444846063579383,1.2250323262506575,0.38761854974409404,0.2566042305107819
-1.0017240261263243,-0.29788489925124506,1.0785052808753592,0.9239105825297209,1.7502253232618619
0.32645972985123195,-0.8519292135208865,-0.9728733543788162,0.9453622638411455,-1.0476846110464992
0.4248437117754954,-1.5444846063579383,-0.14255343058545944,0.1731017366298433,-0.13433180667641387
1.2857035536128003,-1.1289513706557073,1.7134558108349849,-0.6420621532043097,-0.7812169982552266
0.8429756349536149,0.11764833645098596,1.6157711139181195,-0.8351272850071351,-0.8864015822517816
-1.1001080080505876,0.6716926507206273,0.1993430086235698,0.4948769563012194,0.24783884851106902
-0.48520812102394123,1.5027591221250893,0.2970277055404353,0.9453622638411455,2.616245064833498
0.006711788597375844,-0.7134181349534762,-1.2170850966709799,-2.057873119758365,-0.6041562818610259
1.334895544574932,-0.9904402920882969,-1.5589815358800092,0.9882656264639963,-0.6567485738593033
-1.223087985455917,-1.4059735277905279,1.5669287654596866,-0.1701251643529582,-0.49020631586475805
-0.28844015717541444,-0.8519292135208865,0.931978235500061,-0.2130285269758082,-1.0038577010479346
0.8675716304346808,-1.6829956849253485,1.2250323262506575,-0.2559318895986582,3.0685387760186837
0.4740357027376271,0.2561594150183963,0.931978235500061,0.38761854974409404,0.3950972661062459
1.3102995490938663,0.948714807855448,1.27387467470909,-1.3928709991041874,-0.6357116570599923
0.5970156801429564,0.11764833645098596,0.5900817962910317,0.06584333007271792,1.7221761008627805
0.08049977504057342,1.0872258864228583,0.003973614789838794,-0.8136756036957105,-0.7987477622546525
-0.7311680758345999,-0.5749070563860658,1.322717023167523,0.9668139451525709,-0.08173951467813641
-0.7065720803535339,-0.4363959778186554,-1.3147697935878453,1.8463328789209994,-0.5077370798641838
-0.7311680758345999,-1.4059735277905279,-0.19139577904389218,-1.199805867301362,0.43366494690498275
1.2611075581317344,0.39467049358580664,0.9808205839584937,0.47342527498979403,0.26887576531038
0.4248437117754954,-0.4363959778186554,1.5669287654596866,0.6235870441697694,0.44418340530463823
0.22807574792696855,1.3642480435576791,-0.7286616120866524,-0.42754534009005896,-0.6146747402606814
-0.31303615265648027,0.39467049358580664,1.518086417001254,-0.8136756036957105,-0.6146747402606814
0.10509577052163926,-1.6829956849253485,1.6157711139181195,-1.1139991420556612,-0.2605533074722798
-0.21465217073221685,1.3642480435576791,0.49239709937416626,-0.7493205597614351,-0.08524566747802158
0.8429756349536149,0.8102037292880377,-1.7055085812553072,-0.40609365877863357,-0.9687961730490829
1.4086835310181296,1.3642480435576791,0.6877664932078973,-1.242709229924212,2.7582442532288467
-1.1001080080505876,1.0872258864228583,0.24818535708200254,-0.9423856915642604,-0.360478662269007
1.015147603321076,0.948714807855448,0.6389241447494645,-0.3631902961557836,0.047988138917614664
1.015147603321076,-0.8519292135208865,0.345870053998868,0.43052191236694404,0.19699963291273415
0.5478236891808247,0.39467049358580664,-0.0937110821270267,-0.12722180173010822,-0.8320562138535615
0.4740357027376271,0.8102037292880377,-0.8751886574619506,-0.2988352522215082,-0.6900570254582123
0.7445916530293515,1.2257369649902687,-0.6309769151697869,1.1813307582668218,-0.7496616230562602
-1.4198559493044438,-1.5444846063579383,1.0785052808753592,-0.9423856915642604,0.18823425091302123
1.0397435988021417,-0.29788489925124506,0.44355475091573354,0.2160050992526933,0.08830889611629406
-1.6166239131529705,-0.29788489925124506,0.8342935385831954,0.9239105825297209,-0.13608488307635647
0.22807574792696855,0.6716926507206273,-1.1194003997541144,0.32326350580981866,0.566898753300619
-1.690411899596168,0.533181572153217,0.6877664932078973,0.6879420881040448,0.03571660411801659
0.4248437117754954,1.3642480435576791,-0.04486873366859395,-0.3631902961557836,-0.5007247742644135
0.6953996620672198,-0.9904402920882969,-1.5589815358800092,0.36616686843266866,0.04974121531755724
0.4002477162944295,-0.4363959778186554,-0.24023812750232493,1.0955240330211218,2.0044214012535364
1.3102995490938663,1.3642480435576791,-0.4844498697944887,0.9239105825297209,0.07779043771663856
-1.4198559493044438,-0.29788489925124506,1.2250323262506575,-0.01996339517298284,-0.5007247742644135
-1.3460679628612462,-0.4363959778186554,0.003973614789838794,0.40907023105551865,-1.052943840246327
-0.48520812102394123,0.533181572153217,-1.5101391874215764,0.5806836815469194,0.537096454501595
0.4002477162944295,0.39467049358580664,-1.021715702837249,-0.42754534009005896,-0.8408215958532744
1.7038354767909198,-0.8519292135208865,0.44355475091573354,-0.47044870271290895,-0.22549177947342813
-0.6573800893914022,-0.9904402920882969,-0.7286616120866524,-0.9209340102528358,-0.8601054362526429
-0.6573800893914022,0.8102037292880377,-1.021715702837249,0.6021353628583448,-0.32366405787021274
0.5970156801429564,-1.6829956849253485,1.2250323262506575,-2.057873119758365,0.16544425771376767
0.8921676259157466,-0.7134181349534762,0.2970277055404353,1.2242341208896717,-0.0536902922790551
0.08049977504057342,0.11764833645098596,1.3715593716259558,0.7093937694154702,-0.25704715467239464
-1.5674319221908388,1.5027591221250893,-1.021715702837249,-0.49190038402433434,1.3277339108756996
0.7445916530293515,1.5027591221250893,-1.6078238843384418,-0.2773835709100836,-0.2675656130720501
1.187319571688537,-1.4059735277905279,0.541239447832599,1.3100408461353725,-0.27282484227187787
1.187319571688537,-1.2674624492231175,-1.021715702837249,-1.5001294056613128,2.277901319644579
-1.5182399312287072,-0.4363959778186554,-1.7055085812553072,0.5592320002354948,3.1106126096173057
-0.9525320351641925,0.8102037292880377,-0.9728733543788162,-0.6635138345157351,-0.4428732530663083
1.359491540055998,0.6716926507206273,-0.6309769151697869,-1.0281924168099612,-0.09927027867756223
-0.09167219332688757,-0.5749070563860658,0.1016583117067043,0.32326350580981866,0.18472809811313606
-0.6573800893914022,-1.6829956849253485,-0.7286616120866524,-0.01996339517298284,-0.6865508726583273
0.006711788597375844,-0.9904402920882969,0.541239447832599,-0.42754534009005896,-0.6760324142586718
-1.4198559493044438,-0.8519292135208865,-0.3379228244191904,-1.1354508233670866,-0.015122611480318291
0.6216116756240222,0.8102037292880377,0.003973614789838794,-0.49190038402433434,-0.7601800814559156
1.0643395942832077,0.8102037292880377,-0.3379228244191904,-0.6849655158271597,-0.6725262614587866
-1.6166239131529705,0.2561594150183963,0.2970277055404353,1.1384273956439717,-0.4726755518653322
-1.3214719673801802,0.11764833645098596,0.1016583117067043,0.044391648761292535,-0.9109446518509777
-0.7803600667967315,-1.1289513706557073,0.2970277055404353,-0.9209340102528358,-0.9091915754510351
0.32645972985123195,-0.5749070563860658,0.931978235500061,-1.3070642738584874,1.6836084200640438
1.6300474903477222,0.948714807855448,1.0296629324169264,0.6235870441697694,-0.07648028547830867
0.9413596168778784,-0.9904402920882969,1.6646134623765523,1.5674610218724725,-0.7110939422575234
-0.06707619784582172,-1.4059735277905279,-1.412454490504711,-0.1701251643529582,-0.2097140918739449
1.2857035536128003,-0.02086274211642439,1.6157711139181195,0.9668139451525709,-0.5200086146637819
0.5724196846618905,0.6716926507206273,-1.2170850966709799,0.5377803189240694,-0.4060586486675141
-0.26384416169434854,-0.15937382068383474,-1.021715702837249,0.8810072199068709,0.11811119491531795
-0.6081880984292706,-0.5749070563860658,1.5669287654596866,0.38761854974409404,0.3284803629084278
1.4086835310181296,-0.7134181349534762,-1.0705580512956816,-0.6206104718928843,2.982638032421497
0.9905516078400101,0.533181572153217,-0.7286616120866524,1.1813307582668218,-0.6795385670585569
-1.4444519447855095,0.2561594150183963,0.6877664932078973,1.0740723517096964,-0.23425716147314105
0.10509577052163926,0.6716926507206273,1.6157711139181195,2.0393980107238248,-0.8180316026540209
1.4086835310181296,1.2257369649902687,-1.4612968389631436,0.34471518712124405,0.7947986852931547
-0.534400111986073,-0.15937382068383474,-0.7286616120866524,1.6103643844953233,-0.842574672253217
-0.9033400442020608,1.2257369649902687,1.322717023167523,-1.6073878122184382,0.40386264810595884
-1.6166239131529705,-0.15937382068383474,1.518086417001254,0.43052191236694404,0.4792449333034899
-0.7311680758345999,1.6412702006924997,0.2970277055404353,0.7308454507268948,2.9230334348234495
-0.2392481662132827,-0.9904402920882969,1.7134558108349849,-1.4357743617270373,0.7737617684938437
0.031307784078441696,1.2257369649902687,1.0785052808753592,-1.242709229924212,1.422400036472599
1.0397435988021417,-0.29788489925124506,-1.1194003997541144,1.824881197609574,-0.8495869778529874
-0.01788420688369001,-0.9904402920882969,0.39471240245730077,-1.6288394935298636,-0.07472720907836608
0.8675716304346808,-1.2674624492231175,0.73660884166633,0.10874669269556791,0.8193417548923508
1.015147603321076,0.6716926507206273,0.541239447832599,0.6450387254811948,1.955335262055144
0.006711788597375844,-1.2674624492231175,1.4692440685428212,-0.7278688784500097,1.1436608888817286
0.4248437117754954,0.2561594150183963,-0.8751886574619506,2.1895597799038007,-0.53228014946338
0.670803666586154,-1.4059735277905279,0.49239709937416626,0.7737488133497455,2.791552704827756
-0.06707619784582172,-1.6829956849253485,0.6389241447494645,0.43052191236694404,0.20576501491244706
-1.0017240261263243,0.8102037292880377,0.24818535708200254,0.4948769563012194,-0.025641069879973784
-1.4936439357476412,1.0872258864228583,-0.3379228244191904,0.6664904067926202,3.198266429614435
0.7691876485104173,-1.5444846063579383,1.2250323262506575,0.23745678056411867,1.3312400636755848
-0.5835921029482046,0.533181572153217,0.2970277055404353,-1.7575495813984134,1.3873385084737473
-0.7803600667967315,0.533181572153217,0.6389241447494645,0.6021353628583448,-0.11329488987710289
-1.1247040035316536,-0.5749070563860658,-1.3147697935878453,0.06584333007271792,0.8736871232905709
-1.542835926709773,0.948714807855448,-0.5821345667113542,1.1169757143325463,2.3515305284421677
1.3102995490938663,0.2561594150183963,-0.2890804759607577,1.2885891648239471,-0.6988224074579253
1.4824715174613272,-0.7134181349534762,1.518086417001254,0.7522971320383202,2.363802063241766
-0.5098041165050071,1.0872258864228583,1.4204017200843884,0.36616686843266866,0.37230727290699234
0.15428776148377096,-1.2674624492231175,0.05281596324827154,1.1813307582668218,-0.6883039490582699
1.4086835310181296,-0.5749070563860658,-1.3147697935878453,0.6450387254811948,1.9325452688558906
0.7445916530293515,-0.7134181349534762,-0.24023812750232493,-1.6073878122184382,0.3845788077065904
1.6300474903477222,0.8102037292880377,1.6157711139181195,-0.9423856915642604,1.187487798880293
-1.4198559493044438,0.2561594150183963,1.322717023167523,-1.371419317792762,2.4409374248392393
-0.878744048720995,0.6716926507206273,0.2970277055404353,0.7093937694154702,-0.276330995071763
-0.8049560622777974,-0.4363959778186554,1.7134558108349849,0.40907023105551865,2.8984903652242533
-1.223087985455917,-0.29788489925124506,0.1993430086235698,0.06584333007271792,0.6685771844972888
-1.1001080080505876,-0.7134181349534762,0.15050066016513702,0.8810072199068709,1.0209455408857477
-0.28844015717541444,-1.6829956849253485,-0.0937110821270267,0.7522971320383202,1.876446824057728
1.4332795264991955,-1.1289513706557073,0.9808205839584937,0.9668139451525709,0.20927116771233223
-0.26384416169434854,1.5027591221250893,-0.9240310059203835,1.653267747118174,-0.7023285602578104
-1.3706639583423121,0.2561594150183963,1.1761899777922247,0.9024589012182955,2.2516051736454408
-0.9525320351641925,-0.7134181349534762,-1.6078238843384418,0.7308454507268948,-0.21146716827388748
0.49863169821869296,1.6412702006924997,1.518086417001254,-0.5348037466471843,0.36354189090727945
1.0643395942832077,0.948714807855448,-1.3147697935878453,0.3018118244983933,2.5846896896345313
-0.28844015717541444,0.948714807855448,-0.8263463090035179,1.0311689890868463,-0.004604153080662799
1.138127580726405,-1.6829956849253485,0.9808205839584937,0.8166521759725955,-0.08349259107807899
-0.6327840939103364,0.2561594150183963,-1.168242748212547,-1.1354508233670866,0.3267272865084852
-0.878744048720995,-0.7134181349534762,0.8342935385831954,-1.242709229924212,-0.016875687880260875
-0.9525320351641925,0.2561594150183963,0.15050066016513702,1.3100408461353725,-0.6076624346609111
-1.1738959944937852,-0.15937382068383474,0.2970277055404353,1.245685802201097,-0.8005008386545951
0.3018637343701661,0.8102037292880377,-0.7775039605450852,0.1731017366298433,-0.1711464110752081
1.1135315852453394,-1.2674624492231175,0.541239447832599,0.47342527498979403,-0.25354100187250944
1.507067512942393,-1.4059735277905279,-0.7775039605450852,0.36616686843266866,0.20050578571261932
-0.3376321481375461,1.2257369649902687,1.6646134623765523,0.32326350580981866,2.942317275222818
-1.198491989974851,0.11764833645098596,-0.7775039605450852,0.43052191236694404,3.3630556112090377
1.015147603321076,-1.5444846063579383,0.2970277055404353,-0.04141507648440746,1.6082261348665128
1.1135315852453394,1.0872258864228583,-0.2890804759607577,0.7737488133497455,0.03571660411801659
1.334895544574932,1.0872258864228583,0.931978235500061,-1.4572260430384627,0.6089725868992409
1.0889355897642734,-0.02086274211642439,0.6877664932078973,0.516328637612644,-0.023887993480031202
0.3018637343701661,-0.5749070563860658,0.49239709937416626,0.8595555385954455,0.08480274331640889
1.2857035536128003,1.0872258864228583,1.0785052808753592,1.2885891648239471,0.4915164681030879
-0.4606121255428754,0.948714807855448,-1.168242748212547,-1.242709229924212,2.0885690684507803
-0.14086418428901928,-1.4059735277905279,-0.14255343058545944,0.9024589012182955,-0.09927027867756223
0.6216116756240222,-0.8519292135208865,-0.19139577904389218,0.6021353628583448,-0.09050489667784932
1.4578755219802613,-0.02086274211642439,-1.168242748212547,-0.01996339517298284,2.4444435776391247
-0.31303615265648027,0.533181572153217,-0.7775039605450852,0.9668139451525709,0.04097583331784434
-1.0017240261263243,0.11764833645098596,-0.9728733543788162,0.7308454507268948,-0.23250408507319847
1.359491540055998,-0.4363959778186554,-1.5101391874215764,-0.8136756036957105,1.7116576424631251
-1.3214719673801802,0.6716926507206273,-1.2170850966709799,0.6879420881040448,2.8721942192251144
-0.2392481662132827,-0.8519292135208865,0.2970277055404353,0.5806836815469194,2.120124443649747
-1.050916017088456,-0.9904402920882969,-1.3147697935878453,0.7093937694154702,0.002408152519107529
0.2772677388891002,0.533181572153217,0.541239447832599,0.2589084618755433,0.621244121698839
1.5808554993855906,-0.02086274211642439,-1.5589815358800092,1.1169757143325463,1.560893072068063
1.0397435988021417,-0.9904402920882969,-1.5589815358800092,0.9024589012182955,2.4339251192394693
1.4332795264991955,0.11764833645098596,-0.6309769151697869,-0.12722180173010822,2.0342237000525603
-0.38682413909967783,0.6716926507206273,-0.6798192636282196,0.9668139451525709,-0.2307510086732559
1.162723576207471,1.5027591221250893,1.7134558108349849,0.6450387254811948,0.9175140332891354
-0.6819760848724681,0.39467049358580664,0.24818535708200254,0.43052191236694404,2.5496281616356793
0.5970156801429564,-1.5444846063579383,0.24818535708200254,0.02293996744986792,2.265629784844981
0.44943970725656124,0.6716926507206273,1.4692440685428212,0.6450387254811948,0.05675352091732758
-0.7311680758345999,1.0872258864228583,-1.412454490504711,0.8381038572840201,0.21453039691215997
-1.5182399312287072,1.3642480435576791,0.15050066016513702,1.3100408461353725,-0.10628258427733256
-0.534400111986073,1.5027591221250893,0.39471240245730077,0.34471518712124405,1.3417585220752402
-0.19005617525115098,-0.4363959778186554,0.7854511901247627,0.5592320002354948,0.030457374918188843
-0.9771280306452583,0.11764833645098596,-0.24023812750232493,1.1598790769553964,-0.38151557906831796
0.5232276936997589,1.2257369649902687,-1.2659274451294127,0.6450387254811948,0.09006197251623663
0.7691876485104173,0.8102037292880377,-0.5821345667113542,-0.44899702140148434,2.8546634552256887
-0.14086418428901928,1.5027591221250893,0.44355475091573354,0.7522971320383202,0.04974121531755724
-0.6327840939103364,1.3642480435576791,1.4204017200843884,0.7737488133497455,0.19524655651279155
-0.9033400442020608,1.5027591221250893,-0.8263463090035179,2.103753054658099,-0.6514893446594756
1.4824715174613272,0.533181572153217,-1.412454490504711,0.47342527498979403,-0.11680104267698806
1.2119155671696027,-1.1289513706557073,-1.7055085812553072,-0.2559318895986582,1.199759333679891
1.4332795264991955,1.5027591221250893,0.9808205839584937,1.052620670398271,0.25309807771089676
1.6546434858287882,0.2561594150183963,-0.6309769151697869,1.8463328789209994,-0.7216124006571789
-1.715007895077234,0.948714807855448,1.4692440685428212,1.7176227910524486,-0.595390899861313
-0.534400111986073,1.3642480435576791,0.15050066016513702,1.1384273956439717,-0.23425716147314105
1.679239481309854,0.39467049358580664,-1.6078238843384418,0.7093937694154702,0.7579840808943604
0.9659556123589442,-1.2674624492231175,0.8831358870416283,1.0311689890868463,2.4882704876376893
-0.7557640713156657,-0.5749070563860658,-1.6078238843384418,0.4948769563012194,0.1216173477152031
-0.6327840939103364,1.2257369649902687,0.8342935385831954,0.6235870441697694,0.6300095036985519
0.32645972985123195,-0.4363959778186554,0.24818535708200254,-0.6420621532043097,2.807330392427239
-0.7557640713156657,1.2257369649902687,-1.0705580512956816,1.910687922855274,-0.7724516162555137
0.6953996620672198,1.2257369649902687,-1.4612968389631436,0.4519735936783694,-0.03966568107951444
0.5970156801429564,-0.5749070563860658,1.0296629324169264,0.7093937694154702,0.6492933440979203
0.9413596168778784,1.5027591221250893,0.931978235500061,0.6664904067926202,2.0412360056523307
-1.715007895077234,-0.15937382068383474,-0.6309769151697869,0.06584333007271792,1.0945747496833362
0.17888375696483683,-0.15937382068383474,1.5669287654596866,1.0955240330211218,-0.2991209882710166
-0.43601613006180956,-0.4363959778186554,-0.3379228244191904,0.9024589012182955,0.23556731371147094
-0.9033400442020608,0.533181572153217,0.6877664932078973,-0.6206104718928843,2.3112097712434885
-1.3214719673801802,1.0872258864228583,1.6157711139181195,-1.3928709991041874,1.7344476356623786
1.3102995490938663,1.5027591221250893,-0.4356075213360559,0.6021353628583448,-0.3306763634699831
-1.6658159041151024,-1.2674624492231175,0.6389241447494645,0.9024589012182955,0.7877863796933843
1.507067512942393,-0.5749070563860658,1.7134558108349849,0.1516500553184179,2.007927554053422
1.359491540055998,-0.15937382068383474,0.05281596324827154,-0.6420621532043097,-0.09751720227761965
-1.3706639583423121,0.533181572153217,-0.7775039605450852,0.5377803189240694,0.4161341829055569
0.9167636213968124,-0.7134181349534762,1.6157711139181195,0.43052191236694404,-0.28509637707147595
1.5808554993855906,1.6412702006924997,-0.7775039605450852,1.503105977938198,-0.8653646654524706
-0.9033400442020608,-1.4059735277905279,1.5669287654596866,1.7605261536752994,-0.8040069914544802
-0.9771280306452583,-0.5749070563860658,0.44355475091573354,0.1731017366298433,-0.04667798667928477
-1.3460679628612462,-0.02086274211642439,1.7134558108349849,1.7176227910524486,-0.6094155110608537
-1.4936439357476412,-0.8519292135208865,-1.0705580512956816,0.8810072199068709,1.3663015916744363
-0.5098041165050071,-1.2674624492231175,1.27387467470909,0.6450387254811948,-0.13608488307635647
-1.0755120125695217,0.2561594150183963,1.127347629333792,1.2242341208896717,-0.13783795947629904
1.5562595039045246,-0.15937382068383474,0.05281596324827154,0.9024589012182955,0.2986780641094039
1.1135315852453394,-0.5749070563860658,0.541239447832599,2.1252047359695245,-0.7128470186574659
0.7691876485104173,1.2257369649902687,0.2970277055404353,0.6021353628583448,0.4108749537057292
0.6216116756240222,-0.15937382068383474,0.931978235500061,1.0311689890868463,1.3645485152744938
-0.5098041165050071,1.5027591221250893,0.1993430086235698,0.6450387254811948,0.24082654291129868
1.138127580726405,1.5027591221250893,-0.0937110821270267,-1.4143226804156128,1.0209455408857477
1.334895544574932,0.533181572153217,-1.2170850966709799,0.47342527498979403,3.180735665615009
-1.542835926709773,0.533181572153217,0.8342935385831954,0.34471518712124405,0.37230727290699234
0.9659556123589442,-0.4363959778186554,-0.7775039605450852,1.0740723517096964,-0.435860947466538
-1.2722799764180486,0.11764833645098596,-0.5821345667113542,0.38761854974409404,0.8614155884909728
1.0643395942832077,0.11764833645098596,-1.6078238843384418,-1.8433563066441143,1.9027429700568668
-0.042480202364755866,-0.9904402920882969,-0.19139577904389218,-0.47044870271290895,0.36003573810739425
0.646207671105088,-1.4059735277905279,1.6157711139181195,1.4387509340039233,-0.7899823802549396
-1.4198559493044438,0.533181572153217,-1.5101391874215764,0.2589084618755433,0.8088232964926952
-0.21465217073221685,-0.29788489925124506,0.6389241447494645,0.9453622638411455,2.4023697440405027
0.8675716304346808,-0.15937382068383474,-0.8751886574619506,1.2027824395782472,0.27413499451020773
-1.6166239131529705,-1.2674624492231175,1.6646134623765523,0.6664904067926202,0.2320611609115858
1.7038354767909198,1.0872258864228583,0.5900817962910317,0.1301983740069933,-0.29386175907118883
-0.9771280306452583,0.2561594150183963,1.322717023167523,0.6450387254811948,-0.2517879254725669
0.8183796394725491,-0.8519292135208865,-0.14255343058545944,1.331492527446797,-0.8040069914544802
-0.48520812102394123,1.2257369649902687,-0.4356075213360559,2.2110114612152247,-0.5340332258633226
-0.7803600667967315,0.533181572153217,0.05281596324827154,1.009717307775421,-0.2395163906729688
1.187319571688537,-1.1289513706557073,0.1016583117067043,1.009717307775421,-0.2868494534714185
-1.02632002160739,-0.02086274211642439,0.73660884166633,1.0740723517096964,-0.221985626673543
-0.31303615265648027,-1.1289513706557073,-0.24023812750232493,1.8034295162981486,-0.6532424210594182
-1.5182399312287072,1.2257369649902687,-0.19139577904389218,0.9024589012182955,1.7712622400611728
-0.4606121255428754,0.6716926507206273,1.0785052808753592,1.009717307775421,-0.10452950787738997
1.0643395942832077,-0.4363959778186554,0.15050066016513702,1.1169757143325463,0.18823425091302123
0.5232276936997589,1.2257369649902687,0.6877664932078973,0.7737488133497455,0.5388495309015376
-0.9279360396831267,0.11764833645098596,1.3715593716259558,0.2160050992526933,0.10233350731583471
-0.7311680758345999,-0.8519292135208865,0.9808205839584937,1.4816542966267725,-0.6532424210594182
0.12969176600270513,-0.5749070563860658,0.541239447832599,1.4387509340039233,-0.8478339014530448
-0.9279360396831267,-0.9904402920882969,0.5900817962910317,0.9024589012182955,0.151419646514227
0.9905516078400101,-1.2674624492231175,-0.5332922182529214,1.4602026153153471,-0.6129216638607388
-1.690411899596168,0.2561594150183963,-0.5332922182529214,0.9882656264639963,-0.3201579050703276
1.507067512942393,0.11764833645098596,-1.0705580512956816,0.38761854974409404,2.426912813639699
-0.6819760848724681,1.6412702006924997,0.8342935385831954,1.3743958900696471,-0.4674163226655045
-0.6819760848724681,-0.9904402920882969,1.0785052808753592,-0.7493205597614351,1.3838323556738623
-1.1492999990127193,0.2561594150183963,0.9808205839584937,0.9024589012182955,0.25134500131095416
0.2772677388891002,-0.02086274211642439,-1.168242748212547,0.5806836815469194,0.8105763728926378
0.8183796394725491,0.6716926507206273,0.931978235500061,0.10874669269556791,0.5721579825004467
1.3102995490938663,0.533181572153217,-0.5332922182529214,1.0311689890868463,-0.616427816660624
1.4578755219802613,1.5027591221250893,1.2250323262506575,0.8166521759725955,-0.31314559947055726
0.9659556123589442,0.533181572153217,1.7134558108349849,0.7093937694154702,-0.04843106307922735
1.359491540055998,-1.5444846063579383,0.541239447832599,0.9239105825297209,-0.23601023787308364
-1.3460679628612462,0.11764833645098596,-0.3379228244191904,1.8463328789209994,-0.6532424210594182
0.12969176600270513,1.6412702006924997,-1.7055085812553072,-1.6073878122184382,0.11109888931554762
0.670803666586154,-0.9904402920882969,-0.3379228244191904,-0.5348037466471843,0.5178126141022267
0.4002477162944295,0.533181572153217,-0.9240310059203835,0.7522971320383202,2.9090088236239087
-1.050916017088456,1.6412702006924997,0.24818535708200254,0.7737488133497455,-0.4060586486675141
1.0889355897642734,-1.4059735277905279,1.27387467470909,0.9024589012182955,-0.12907257747658613
-1.223087985455917,-1.4059735277905279,-1.0705580512956816,0.7522971320383202,0.08480274331640889
0.9167636213968124,-1.4059735277905279,0.73660884166633,1.331492527446797,-0.3482071274694089
-0.9033400442020608,-1.1289513706557073,0.39471240245730077,1.2242341208896717,0.10934581291560504
0.17888375696483683,0.8102037292880377,-1.3636121420462781,1.3743958900696471,-0.8075131442543654
-1.4936439357476412,-1.2674624492231175,-1.7055085812553072,0.23745678056411867,0.01993891651853335
-1.1001080080505876,-1.1289513706557073,1.6646134623765523,0.2160050992526933,2.0429890820522734
-0.8049560622777974,-0.8519292135208865,1.3715593716259558,0.8166521759725955,-0.1886771750746339
1.2857035536128003,-0.29788489925124506,1.0296629324169264,0.5806836815469194,-0.4709224754653896
-1.5674319221908388,-0.7134181349534762,1.0785052808753592,0.6664904067926202,1.0595132216844845
1.2857035536128003,0.39467049358580664,-0.14255343058545944,-1.7575495813984134,0.8491440536913747
0.17888375696483683,-1.5444846063579383,1.4692440685428212,0.1731017366298433,3.0983410748177076
-1.542835926709773,-1.6829956849253485,-0.9240310059203835,-1.0281924168099612,2.0675321516514695
1.6546434858287882,0.948714807855448,-0.9728733543788162,-0.7064171971385851,0.32146805730865746
1.507067512942393,0.533181572153217,-0.19139577904389218,0.6879420881040448,-0.42183633626699735
0.5724196846618905,0.39467049358580664,-1.3147697935878453,0.7093937694154702,0.18648117451307866
0.15428776148377096,-1.1289513706557073,-1.1194003997541144,0.08729501138414254,2.5198258628366554
0.5478236891808247,1.3642480435576791,-0.7286616120866524,1.245685802201097,-0.842574672253217
-1.6166239131529705,-0.9904402920882969,1.2250323262506575,2.14665641728095,-0.6602547266591885
1.3840875355370637,-0.15937382068383474,-0.9240310059203835,0.9239105825297209,0.1040865837157773
-1.3460679628612462,-0.15937382068383474,-0.5332922182529214,2.14665641728095,-0.6883039490582699
-1.4198559493044438,0.8102037292880377,-0.0937110821270267,0.8595555385954455,1.5275846204691539
-1.4936439357476412,1.6412702006924997,-1.0705580512956816,1.1169757143325463,-0.7724516162555137
-0.878744048720995,1.3642480435576791,-0.8263463090035179,1.5889127031838979,-0.8145254498541358
-1.4690479402665755,0.39467049358580664,-1.2170850966709799,0.9239105825297209,-0.04667798667928477
0.2034797524459027,-1.2674624492231175,1.7134558108349849,1.331492527446797,-0.016875687880260875
1.6300474903477222,0.2561594150183963,0.49239709937416626,2.1895597799038007,-0.6637608794590737
-1.542835926709773,-1.2674624492231175,-0.5821345667113542,0.5592320002354948,-0.19568948067440425
0.9413596168778784,0.6716926507206273,0.8831358870416283,1.0311689890868463,0.5002818501028008
-1.6166239131529705,-0.9904402920882969,-1.2659274451294127,-1.4357743617270373,1.7256822536626657
0.006711788597375844,-0.02086274211642439,0.1016583117067043,0.9882656264639963,1.5801769124674314
0.9905516078400101,-0.8519292135208865,1.27387467470909,-0.8994823289414104,2.1972598052472203
-0.042480202364755866,1.5027591221250893,0.05281596324827154,2.0179463294123994,-0.8215377554539061
-0.14086418428901928,-0.02086274211642439,0.1016583117067043,0.7308454507268948,-0.2482817726726817
-1.5920279176719048,0.2561594150183963,-1.4612968389631436,0.8166521759725955,-0.3674909678687773
1.507067512942393,-1.6829956849253485,0.7854511901247627,0.6450387254811948,0.9245263388889057
-1.02632002160739,-0.15937382068383474,-1.6078238843384418,0.8810072199068709,-0.5182555382638393
1.4086835310181296,-1.5444846063579383,-1.2170850966709799,1.1169757143325463,2.2638767084450384
-0.06707619784582172,-0.15937382068383474,0.44355475091573354,1.2885891648239471,0.7492186988946475
1.5562595039045246,1.0872258864228583,0.1016583117067043,0.8595555385954455,0.25309807771089676
-0.7803600667967315,-1.1289513706557073,-0.4356075213360559,0.2160050992526933,3.0527610884192007
-1.02632002160739,-0.4363959778186554,0.8342935385831954,0.2589084618755433,2.363802063241766
-0.7557640713156657,0.6716926507206273,0.003973614789838794,1.3529442087582224,0.06025967371721274
0.12969176600270513,-0.02086274211642439,-0.3379228244191904,0.02293996744986792,2.756491176828904
0.7691876485104173,-0.02086274211642439,1.2250323262506575,0.5806836815469194,2.086815992050838
1.4332795264991955,1.6412702006924997,-0.14255343058545944,0.38761854974409404,0.2390734665113561
0.7445916530293515,0.533181572153217,-0.4356075213360559,1.2671374835125218,-0.19744255707434683
-0.7065720803535339,-0.02086274211642439,-0.6309769151697869,-1.8004529440212635,3.387598680808234
-0.4606121255428754,-1.1289513706557073,-0.9240310059203835,0.47342527498979403,0.012926610918763022
0.5478236891808247,-0.02086274211642439,-0.19139577904389218,0.38761854974409404,-0.008110305880547964
-0.16546017977008515,-0.7134181349534762,0.5900817962910317,-0.8565789663185605,1.7712622400611728
0.9167636213968124,-1.4059735277905279,1.3715593716259558,0.1945534179412679,0.15317272291416958
-1.1492999990127193,-0.7134181349534762,-1.3636121420462781,2.14665641728095,-0.809266220654308
-0.11626818880795343,0.2561594150183963,1.127347629333792,0.044391648761292535,1.9413106508556035
-1.0755120125695217,0.948714807855448,-1.021715702837249,1.1598790769553964,-0.31489867587049986
1.3840875355370637,-0.5749070563860658,-1.6078238843384418,1.009717307775421,-0.5550701426626335
1.015147603321076,-0.7134181349534762,1.7134558108349849,0.516328637612644,2.635528905232866
-1.1738959944937852,-0.4363959778186554,0.6877664932078973,0.9882656264639963,0.48625723890326017
-0.042480202364755866,-0.5749070563860658,-0.8263463090035179,0.1945534179412679,0.973612478087298
0.05590377955950755,-1.4059735277905279,0.44355475091573354,0.9882656264639963,1.9360514216557758
-0.26384416169434854,0.533181572153217,-1.021715702837249,1.052620670398271,-0.29386175907118883
-1.0755120125695217,-0.5749070563860658,-0.6798192636282196,0.6450387254811948,0.06025967371721274
0.7937836439914832,0.11764833645098596,-0.2890804759607577,0.8595555385954455,0.43015879410509755
1.6546434858287882,-0.15937382068383474,-1.2659274451294127,1.417299252692498,-0.8495869778529874
0.49863169821869296,-0.7134181349534762,-0.7286616120866524,0.8381038572840201,0.7229225528955088
-0.042480202364755866,-1.6829956849253485,1.127347629333792,0.1945534179412679,3.0492549356193153
0.4002477162944295,0.948714807855448,-0.5821345667113542,0.9024589012182955,-0.01336953508037571
-1.2722799764180486,0.39467049358580664,-1.1194003997541144,1.0955240330211218,0.15843195211399733
-0.9525320351641925,-0.8519292135208865,-1.5589815358800092,1.2242341208896717,-0.05719644507894026
-0.6081880984292706,0.39467049358580664,-0.6798192636282196,0.7522971320383202,2.349777452042225
1.3840875355370637,1.0872258864228583,1.7134558108349849,0.32326350580981866,-0.1536156470757823
0.12969176600270513,0.11764833645098596,-0.04486873366859395,0.5806836815469194,1.922026810456235
-0.6819760848724681,1.0872258864228583,0.003973614789838794,1.1384273956439717,2.34627129924234
0.670803666586154,-0.15937382068383474,-1.7055085812553072,0.9239105825297209,-0.0028510766807202173
1.4086835310181296,-1.4059735277905279,-1.7055085812553072,-1.7146462187755636,2.7968119340275837
0.32645972985123195,-0.15937382068383474,0.345870053998868,0.6450387254811948,0.07603736131669597
-0.5589961074671388,0.6716926507206273,0.44355475091573354,1.9321396041666994,-0.7531677758561454
1.5808554993855906,0.39467049358580664,-0.04486873366859395,0.1731017366298433,1.7011391840634695
1.4332795264991955,-1.4059735277905279,-1.5101391874215764,-0.08431843910725746,1.4066223488731158
0.7691876485104173,1.2257369649902687,1.0296629324169264,-1.5001294056613128,1.6941268784636994
-1.2722799764180486,-0.4363959778186554,1.3715593716259558,1.1598790769553964,1.2909193064769053
0.031307784078441696,-0.02086274211642439,-1.2659274451294127,0.9024589012182955,1.3452646748751254
0.7691876485104173,-1.4059735277905279,0.1016583117067043,0.7952004946611702,0.2197896261119877
1.015147603321076,-0.7134181349534762,-1.168242748212547,1.5245576592496233,-0.767192387055686
1.1135315852453394,-0.02086274211642439,-0.8263463090035179,1.6103643844953233,-0.7216124006571789
-0.14086418428901928,1.0872258864228583,0.003973614789838794,0.5377803189240694,1.091068596883451
0.17888375696483683,1.0872258864228583,-0.5332922182529214,0.4519735936783694,-0.2886025298713611
1.4332795264991955,0.2561594150183963,-0.4844498697944887,-1.7146462187755636,0.49852877370285825
0.9659556123589442,1.3642480435576791,-0.4356075213360559,-1.242709229924212,2.572418154834933
0.32645972985123195,0.6716926507206273,1.6646134623765523,0.47342527498979403,0.1216173477152031
1.015147603321076,0.948714807855448,1.0296629324169264,0.6235870441697694,0.3021842169092891
-1.2476839809369829,-1.2674624492231175,-0.4356075213360559,1.2027824395782472,0.1619381049138825
1.6546434858287882,0.533181572153217,-0.04486873366859395,0.02293996744986792,2.0500013876520438
-0.6819760848724681,1.0872258864228583,1.6157711139181195,-0.7493205597614351,0.6265033508986667
-0.8049560622777974,-1.2674624492231175,-0.8263463090035179,1.2671374835125218,-0.19218332787451908
-0.8295520577588632,-0.5749070563860658,-0.9240310059203835,0.7093937694154702,-0.49195939226470065
0.7199956575482857,-1.6829956849253485,1.0296629324169264,-0.2559318895986582,0.030457374918188843
-0.7803600667967315,0.39467049358580664,1.4204017200843884,0.23745678056411867,1.6029669056666849
-0.8049560622777974,-0.15937382068383474,-0.3379228244191904,1.3958475713810725,-0.7724516162555137
0.7691876485104173,1.6412702006924997,-0.04486873366859395,0.516328637612644,0.39334418970630336
-1.2722799764180486,-0.8519292135208865,1.5669287654596866,-0.5348037466471843,2.1902474996474504
-1.1492999990127193,0.948714807855448,1.0785052808753592,0.8381038572840201,1.5679053776678333
1.4332795264991955,0.948714807855448,-1.7055085812553072,0.9453622638411455,0.18823425091302123
0.8675716304346808,-0.5749070563860658,-1.7055085812553072,0.9668139451525709,0.4792449333034899
-0.7311680758345999,-0.5749070563860658,-0.9240310059203835,-1.2212575486127866,0.780774074093614
1.4824715174613272,-1.2674624492231175,-0.14255343058545944,0.4519735936783694,-0.3464540510694663
0.2526717434080344,-0.7134181349534762,-0.14255343058545944,0.6879420881040448,1.939557574455661
-0.6819760848724681,0.6716926507206273,1.1761899777922247,0.36616686843266866,1.031463999285403
1.334895544574932,-0.9904402920882969,-1.5589815358800092,0.1301983740069933,0.31971498090871486
-1.1001080080505876,-1.1289513706557073,-1.0705580512956816,-1.3928709991041874,0.19524655651279155
-0.21465217073221685,1.5027591221250893,-0.0937110821270267,-0.06286675779583284,1.2015124100798338
0.8429756349536149,-0.9904402920882969,1.7134558108349849,-1.6288394935298636,2.0254583180528476
-0.9771280306452583,1.0872258864228583,-0.14255343058545944,0.1301983740069933,1.4031161960732306
-1.198491989974851,1.6412702006924997,1.322717023167523,0.9453622638411455,0.19524655651279155
1.6546434858287882,-0.4363959778186554,-0.2890804759607577,0.516328637612644,0.26887576531038
0.2526717434080344,1.6412702006924997,-0.4844498697944887,0.9882656264639963,0.9490694084881018
1.187319571688537,0.11764833645098596,-0.6798192636282196,0.7093937694154702,0.5651456769006764
-0.9771280306452583,1.3642480435576791,1.4692440685428212,0.6450387254811948,2.9528357336224733
0.5724196846618905,-1.6829956849253485,0.39471240245730077,0.8381038572840201,0.34951727970773877
-0.19005617525115098,0.11764833645098596,1.518086417001254,1.2027824395782472,-0.5901316706614852
-0.8295520577588632,1.5027591221250893,-1.6078238843384418,0.10874669269556791,2.630269676033038
1.7038354767909198,-1.4059735277905279,0.931978235500061,1.3743958900696471,-0.27282484227187787
1.5562595039045246,0.2561594150183963,0.2970277055404353,0.6021353628583448,-0.9863269370485088
-0.06707619784582172,-0.5749070563860658,0.73660884166633,-0.7278688784500097,-0.7619331578558582
-0.43601613006180956,1.5027591221250893,0.541239447832599,-0.5991587905814597,-0.8653646654524706
0.12969176600270513,1.2257369649902687,-0.19139577904389218,-0.49190038402433434,-0.6199339694605092
-0.8295520577588632,-0.8519292135208865,-0.5332922182529214,-0.19157684566438285,-0.9162038810508055
-0.362228143618612,-0.02086274211642439,-0.8263463090035179,-2.7443269217239674,-0.6865508726583273
0.670803666586154,-0.5749070563860658,0.931978235500061,-0.5991587905814597,-0.3587255858690644
-0.09167219332688757,-0.8519292135208865,-1.5589815358800092,-0.9209340102528358,-0.07472720907836608
0.006711788597375844,-1.4059735277905279,1.6157711139181195,-0.5348037466471843,-0.6935631782580975
0.6216116756240222,0.6716926507206273,0.39471240245730077,-0.6206104718928843,-0.6602547266591885
-1.050916017088456,-0.4363959778186554,-1.4612968389631436,0.08729501138414254,-1.0722276806456954
1.6300474903477222,-0.5749070563860658,-1.3636121420462781,-0.7278688784500097,-0.7812169982552266
-0.41142013458074367,-1.2674624492231175,1.0785052808753592,-0.08431843910725746,-0.8180316026540209
-0.21465217073221685,-0.5749070563860658,-0.24023812750232493,0.34471518712124405,-1.1143015142443173
1.7038354767909198,1.2257369649902687,-0.6309769151697869,-0.9638373728756858,-0.5200086146637819
0.7691876485104173,0.11764833645098596,1.0296629324169264,-0.7922239223842851,-0.5883785942615426
-0.6327840939103364,1.5027591221250893,-1.3147697935878453,-0.5777071092700343,-0.649736268259533
1.2611075581317344,1.5027591221250893,1.0296629324169264,-0.19157684566438285,-0.7110939422575234
1.2365115626506686,-1.1289513706557073,-1.2659274451294127,-0.6420621532043097,-0.8864015822517816
-1.198491989974851,0.533181572153217,0.5900817962910317,-0.3631902961557836,-0.842574672253217
-0.7557640713156657,0.8102037292880377,-1.5589815358800092,0.02293996744986792,-1.0284007706471308
0.17888375696483683,1.0872258864228583,0.8831358870416283,-1.049644098121386,-0.3359355926698108
-1.1001080080505876,0.948714807855448,-0.6309769151697869,-0.38464197746720896,-0.691810101858155
0.9413596168778784,0.948714807855448,1.5669287654596866,-1.0925474607442367,0.02695122211830368
0.2034797524459027,1.3642480435576791,-1.3636121420462781,-0.10577012041868285,-0.8548462070528151
-1.3460679628612462,0.2561594150183963,0.6389241447494645,-0.2988352522215082,-0.6532424210594182
1.2119155671696027,-0.29788489925124506,-0.8263463090035179,0.08729501138414254,-0.7636862342558008
1.4578755219802613,0.533181572153217,0.44355475091573354,-0.40609365877863357,-0.05894952147888285
-1.2722799764180486,1.3642480435576791,-0.4844498697944887,-0.3631902961557836,-0.5988970526611981
-0.4606121255428754,-1.2674624492231175,0.15050066016513702,-2.8086819656582422,-0.39378711386791604
-1.6412199086340364,1.5027591221250893,0.44355475091573354,-0.06286675779583284,-0.9232161866505758
0.8429756349536149,-0.8519292135208865,-0.7286616120866524,-0.7278688784500097,-0.628699351460222
-1.223087985455917,-1.5444846063579383,-0.8263463090035179,-0.6420621532043097,-0.7426493174564899
1.4824715174613272,-1.2674624492231175,0.7854511901247627,0.1731017366298433,-1.052943840246327
-1.2476839809369829,-0.02086274211642439,-0.3379228244191904,-1.736097900086989,-0.3447009746695237
-0.31303615265648027,0.948714807855448,0.931978235500061,-0.513352065335759,-0.46215709346567674
-1.223087985455917,0.533181572153217,1.518086417001254,-0.2988352522215082,-0.725118553457064
0.7937836439914832,-0.7134181349534762,0.9808205839584937,0.10874669269556791,-1.0599561458460973
0.35105572533229784,0.2561594150183963,0.1993430086235698,-0.513352065335759,-0.6392178098598775
0.7691876485104173,-0.7134181349534762,0.1016583117067043,-0.7493205597614351,-0.830303137453619
-1.4198559493044438,-1.6829956849253485,-1.3147697935878453,0.23745678056411867,-1.0599561458460973
-0.4606121255428754,1.3642480435576791,-1.5101391874215764,-0.6206104718928843,-0.38151557906831796
-0.11626818880795343,0.11764833645098596,-0.9240310059203835,-0.7493205597614351,-0.7479085466563176
1.4578755219802613,1.2257369649902687,-0.2890804759607577,-2.2723899328726156,0.3968503425061885
0.3018637343701661,0.533181572153217,-1.5589815358800092,0.1731017366298433,-0.9600307910493701
0.006711788597375844,0.8102037292880377,-0.5332922182529214,-2.336744976806891,-0.5620824482624039
0.4002477162944295,-0.15937382068383474,-0.3867651728776232,-2.2080348889383403,-0.7058347130576956
-1.4198559493044438,0.533181572153217,-1.6566662327968746,0.7522971320383202,-0.9600307910493701
-0.28844015717541444,-0.02086274211642439,-1.7055085812553072,-0.01996339517298284,-0.8338092902535041
1.2857035536128003,-1.4059735277905279,1.0785052808753592,-0.8565789663185605,-0.3043802174708443
-0.8049560622777974,-1.5444846063579383,-0.24023812750232493,0.1301983740069933,-0.9828207842486236
-0.11626818880795343,-0.8519292135208865,0.5900817962910317,-0.7707722410728605,-0.3885278846680883
0.9413596168778784,1.3642480435576791,-0.8751886574619506,-2.830133646969667,0.032210451318131425
-1.2476839809369829,-1.1289513706557073,0.24818535708200254,-2.16513152631549,0.12512350051508828
-1.5674319221908388,-0.5749070563860658,-1.3636121420462781,-0.9852890541871112,-0.07472720907836608
1.1135315852453394,-0.9904402920882969,0.39471240245730077,-1.049644098121386,-0.08524566747802158
-1.4444519447855095,1.3642480435576791,0.931978235500061,-0.38464197746720896,-0.8215377554539061
-0.9525320351641925,0.533181572153217,0.8342935385831954,0.08729501138414254,-0.8180316026540209
-0.19005617525115098,-0.29788489925124506,-1.3636121420462781,-0.5991587905814597,-0.4639101698656193
1.0889355897642734,-1.2674624492231175,-0.9240310059203835,-0.12722180173010822,-0.8075131442543654
0.7691876485104173,0.11764833645098596,1.4692440685428212,-0.5777071092700343,-0.7952416094547673
-1.3460679628612462,-1.2674624492231175,-1.412454490504711,-0.2773835709100836,0.18472809811313606
0.7445916530293515,1.2257369649902687,-0.5821345667113542,-0.3202869335329336,-0.6374647334599349
-1.4444519447855095,1.6412702006924997,-0.14255343058545944,-0.34173861484435897,-0.8285500610536763
0.006711788597375844,0.533181572153217,-0.3867651728776232,-0.42754534009005896,-0.8180316026540209
1.1135315852453394,-1.2674624492231175,-1.412454490504711,-2.8515853282810926,-0.3026271410709018
0.32645972985123195,1.6412702006924997,-0.2890804759607577,-0.2130285269758082,-0.8460808250531022
-0.41142013458074367,1.3642480435576791,0.49239709937416626,0.4948769563012194,-0.9337346450502313
-0.8295520577588632,1.5027591221250893,0.44355475091573354,0.4948769563012194,-1.0687215278458102
0.17888375696483683,1.5027591221250893,-1.4612968389631436,-1.5215810869727382,-0.5235147674636671
-0.9279360396831267,-1.5444846063579383,1.322717023167523,0.6450387254811948,-0.9933392426482791
-0.9033400442020608,-0.7134181349534762,0.9808205839584937,-2.937392053526793,-0.5480578370628633
0.670803666586154,-1.1289513706557073,-0.6309769151697869,-0.5777071092700343,-0.830303137453619
-0.6819760848724681,0.948714807855448,1.5669287654596866,-0.513352065335759,-0.9530184854495997
-0.41142013458074367,-1.4059735277905279,-0.5821345667113542,-0.3631902961557836,-0.5463047606629207
-1.4936439357476412,1.5027591221250893,0.49239709937416626,-0.513352065335759,-0.7216124006571789
0.17888375696483683,0.8102037292880377,0.44355475091573354,-0.5991587905814597,-0.6041562818610259
0.9659556123589442,-1.6829956849253485,1.518086417001254,-0.5991587905814597,-0.5883785942615426
-1.050916017088456,0.39467049358580664,-0.7286616120866524,-0.19157684566438285,-0.47968785746510256
0.7199956575482857,0.533181572153217,0.931978235500061,-0.38464197746720896,-0.2991209882710166
-0.042480202364755866,-1.6829956849253485,-1.021715702837249,-0.2130285269758082,-0.9863269370485088
-0.4606121255428754,-1.1289513706557073,0.7854511901247627,0.32326350580981866,-1.1020299794447193
-1.690411899596168,-0.4363959778186554,-0.3867651728776232,0.6879420881040448,-1.073980757045638
0.08049977504057342,-0.4363959778186554,-0.9728733543788162,-0.6635138345157351,-0.7058347130576956
-1.1247040035316536,-0.29788489925124506,1.6646134623765523,-0.8994823289414104,-0.5568232190625761
0.5232276936997589,1.3642480435576791,1.6157711139181195,-0.06286675779583284,-0.8548462070528151
0.10509577052163926,1.2257369649902687,-0.04486873366859395,-0.5348037466471843,-0.29736791187107403
-0.2392481662132827,0.8102037292880377,0.2970277055404353,0.10874669269556791,-0.9425000270499442
-0.16546017977008515,-0.02086274211642439,0.49239709937416626,-0.513352065335759,-0.8075131442543654
-0.3376321481375461,-1.6829956849253485,0.73660884166633,-0.42754534009005896,-0.6374647334599349
-0.042480202364755866,-1.4059735277905279,-0.7286616120866524,-0.513352065335759,-0.30963944667067206
-1.5674319221908388,-0.15937382068383474,-0.4844498697944887,-0.42754534009005896,-0.8583523598527003
-0.16546017977008515,0.8102037292880377,0.931978235500061,0.28036014318696867,-0.9968453954481643
-0.48520812102394123,-0.7134181349534762,0.6389241447494645,-0.42754534009005896,-0.15536872347572486
1.4332795264991955,0.8102037292880377,-0.7286616120866524,0.6664904067926202,-0.9828207842486236
-0.7065720803535339,-1.2674624492231175,-1.3636121420462781,-0.34173861484435897,-0.4674163226655045
1.0643395942832077,0.533181572153217,-1.6566662327968746,-0.1701251643529582,0.07603736131669597
-1.4444519447855095,-0.15937382068383474,-1.7055085812553072,-1.0710957794328113,-0.43060171826671023
-1.1738959944937852,1.0872258864228583,0.6877664932078973,0.001488286138442538,-1.0266476942471883
0.9659556123589442,1.0872258864228583,0.8831358870416283,-2.2938416141840405,-0.5585762954625187
-0.7557640713156657,0.2561594150183963,-1.021715702837249,-0.6635138345157351,-0.48845323946481545
1.0643395942832077,-0.15937382068383474,-1.0705580512956816,-0.2988352522215082,-0.060702597878825426
1.0643395942832077,-0.5749070563860658,0.5900817962910317,-0.2559318895986582,-0.5270209202635523
-0.14086418428901928,0.11764833645098596,-0.4844498697944887,-0.7493205597614351,-0.6111685874607962
0.9413596168778784,0.39467049358580664,0.05281596324827154,-0.40609365877863357,-0.7794639218552841
-1.3460679628612462,-0.8519292135208865,-1.5101391874215764,-0.2988352522215082,-0.8390685194533318
0.35105572533229784,-0.29788489925124506,-0.8263463090035179,-0.40609365877863357,-0.7654393106557434
-0.9279360396831267,0.8102037292880377,0.6877664932078973,0.7093937694154702,-0.9284754158504036
0.08049977504057342,-0.5749070563860658,1.0296629324169264,-0.12722180173010822,-0.8460808250531022
0.9659556123589442,-0.15937382068383474,-0.3379228244191904,-0.34173861484435897,-0.7110939422575234
0.22807574792696855,1.6412702006924997,0.39471240245730077,-0.2130285269758082,0.06551890291704049
1.7038354767909198,0.2561594150183963,-0.4356075213360559,-1.5215810869727382,-0.036159528279629274
-1.0017240261263243,0.39467049358580664,-0.3379228244191904,-0.7707722410728605,-0.8793892766520113
-1.1738959944937852,-1.6829956849253485,-1.5101391874215764,-0.06286675779583284,-0.7619331578558582
-1.3952599538233779,0.39467049358580664,0.9808205839584937,-0.7064171971385851,-0.754920852256088
0.2034797524459027,0.533181572153217,0.05281596324827154,0.36616686843266866,-0.9775615550487958
-0.21465217073221685,-1.6829956849253485,-0.4356075213360559,-0.3631902961557836,-0.595390899861313
1.4578755219802613,1.0872258864228583,0.003973614789838794,-1.0710957794328113,-0.4411201766663657
-0.878744048720995,1.3642480435576791,-0.8751886574619506,-0.42754534009005896,-0.0028510766807202173
-0.19005617525115098,-0.9904402920882969,-1.5589815358800092,-1.1569025046785113,0.06727197931698306
1.4332795264991955,-0.8519292135208865,0.73660884166633,-1.9720663945126642,-0.8180316026540209
1.0889355897642734,0.39467049358580664,1.7134558108349849,-0.44899702140148434,-0.32191098147027014
1.138127580726405,1.6412702006924997,1.322717023167523,-0.5562554279586097,-0.6129216638607388
-1.715007895077234,-0.7134181349534762,0.15050066016513702,-0.3631902961557836,-0.6374647334599349
0.9905516078400101,-1.6829956849253485,-0.4356075213360559,-2.8730370095925175,-0.29561483547113143
0.3756517208133637,-1.1289513706557073,-0.8751886574619506,-1.6717428561527135,-0.7181062478572937
-0.6819760848724681,0.11764833645098596,0.05281596324827154,-0.1701251643529582,-0.2079610154740023
-1.2968759718991145,0.2561594150183963,1.322717023167523,-1.1354508233670866,-0.1886771750746339
-0.38682413909967783,-0.4363959778186554,0.15050066016513702,-0.34173861484435897,-0.7864762274550544
0.10509577052163926,-0.8519292135208865,0.24818535708200254,-0.7064171971385851,-0.6760324142586718
-1.0017240261263243,-0.4363959778186554,-1.0705580512956816,-0.34173861484435897,-0.9670430966491403
0.670803666586154,0.533181572153217,0.5900817962910317,0.06584333007271792,-1.0284007706471308
0.3756517208133637,0.8102037292880377,0.1016583117067043,0.06584333007271792,-0.9687961730490829
0.006711788597375844,1.6412702006924997,1.4204017200843884,-3.023198778772493,-0.07648028547830867
-1.3706639583423121,0.533181572153217,0.2970277055404353,-0.7278688784500097,0.28290037650992067
1.0643395942832077,-0.5749070563860658,-1.5589815358800092,0.02293996744986792,-0.9968453954481643
1.0643395942832077,-0.9904402920882969,-0.8751886574619506,-0.5991587905814597,-0.6690201086589014
-1.2722799764180486,0.533181572153217,-1.5589815358800092,-1.285612592547062,0.151419646514227
0.9413596168778784,-0.8519292135208865,-1.6566662327968746,-0.3631902961557836,-0.5568232190625761
0.006711788597375844,-0.7134181349534762,0.39471240245730077,-0.513352065335759,-0.9565246382494849
1.6300474903477222,0.948714807855448,-1.021715702837249,-0.40609365877863357,-0.7216124006571789
1.4332795264991955,0.2561594150183963,1.1761899777922247,-0.2344802082872336,-1.005610777447877
-1.3460679628612462,-1.2674624492231175,-0.14255343058545944,-0.04141507648440746,-0.8565992834527577
-1.1001080080505876,-0.02086274211642439,-1.2659274451294127,-0.5777071092700343,0.16018502851393993
0.5232276936997589,-0.15937382068383474,1.322717023167523,-1.049644098121386,0.4389241761048105
0.17888375696483683,-0.15937382068383474,-0.19139577904389218,-0.513352065335759,-0.6129216638607388
-0.11626818880795343,-0.8519292135208865,1.6157711139181195,0.08729501138414254,-0.4691693990654471
-0.14086418428901928,-0.15937382068383474,0.541239447832599,-3.0875538227067683,0.4774918569035473
-0.9033400442020608,0.2561594150183963,-1.7055085812553072,-1.0710957794328113,-0.16238102907549518
-0.9033400442020608,-0.29788489925124506,0.931978235500061,-0.8565789663185605,-0.6041562818610259
-0.43601613006180956,0.533181572153217,1.1761899777922247,0.06584333007271792,-1.010870006647705
-0.01788420688369001,-1.1289513706557073,-1.5101391874215764,0.06584333007271792,-0.9337346450502313
-1.7396038905582998,-1.2674624492231175,0.9808205839584937,-3.0875538227067683,-0.37976250266837536
-1.6412199086340364,-0.29788489925124506,-1.168242748212547,-2.7657786030353924,-0.5270209202635523
1.4578755219802613,-0.8519292135208865,0.24818535708200254,-0.34173861484435897,-0.7969946858547099
-0.38682413909967783,1.5027591221250893,0.345870053998868,-0.3631902961557836,-0.6585016502592459
0.670803666586154,1.5027591221250893,1.6646134623765523,-2.2723899328726156,-0.2658125366721075
-0.8049560622777974,-1.1289513706557073,1.2250323262506575,0.23745678056411867,-1.002104624647992
1.015147603321076,-1.4059735277905279,1.6646134623765523,0.6450387254811948,-1.0038577010479346
-0.43601613006180956,-0.9904402920882969,1.0296629324169264,-1.371419317792762,-0.35346635666923665
-1.6166239131529705,-1.1289513706557073,-0.4844498697944887,-2.4869067459868663,-0.5165024618638968
-1.5674319221908388,-0.15937382068383474,0.9808205839584937,-0.3202869335329336,-0.8671177418524132
-1.1247040035316536,1.3642480435576791,-0.4844498697944887,-0.5777071092700343,0.2618634597106097
0.8183796394725491,0.533181572153217,0.15050066016513702,-0.06286675779583284,-0.9425000270499442
0.3018637343701661,0.6716926507206273,1.4204017200843884,-0.44899702140148434,-0.9723023258489681
-0.6573800893914022,-0.8519292135208865,1.4692440685428212,0.32326350580981866,-1.0424253818466713
-1.0755120125695217,-0.5749070563860658,-1.3636121420462781,-0.7922239223842851,-0.0010980002807776353
0.9413596168778784,-1.1289513706557073,0.003973614789838794,0.02293996744986792,-1.0459315346465565
1.6300474903477222,-0.5749070563860658,-1.3147697935878453,-0.6420621532043097,-0.8197846790539635
-0.43601613006180956,-0.29788489925124506,-1.7055085812553072,-0.7064171971385851,-0.8583523598527003
-1.4198559493044438,0.948714807855448,1.322717023167523,-0.7278688784500097,-0.6514893446594756
-0.878744048720995,0.533181572153217,-1.021715702837249,-1.1139991420556612,0.11811119491531795
1.359491540055998,0.39467049358580664,0.8342935385831954,0.9453622638411455,-0.9968453954481643
0.10509577052163926,1.0872258864228583,-1.168242748212547,-0.42754534009005896,-0.7987477622546525
1.5808554993855906,1.5027591221250893,-0.3867651728776232,-1.0067407354985358,0.46872647490383434
1.5316635084234589,-0.9904402920882969,-0.8263463090035179,-0.7278688784500097,-0.7444023938564325
-1.6412199086340364,0.39467049358580664,-0.3379228244191904,-0.04141507648440746,-0.9179569574507481
0.670803666586154,0.533181572153217,0.541239447832599,-0.06286675779583284,-0.9179569574507481
-1.1247040035316536,-1.4059735277905279,0.003973614789838794,-0.2559318895986582,-0.6883039490582699
0.05590377955950755,-1.1289513706557073,0.541239447832599,-1.3928709991041874,-0.24652869627273913
1.162723576207471,1.6412702006924997,-1.2659274451294127,0.2160050992526933,-1.0617092222460398
1.3102995490938663,0.533181572153217,0.003973614789838794,-0.47044870271290895,-0.9933392426482791
0.3018637343701661,1.0872258864228583,0.6877664932078973,-0.19157684566438285,-0.8916608114516094
0.9659556123589442,0.2561594150183963,0.541239447832599,-0.2559318895986582,-0.1518625706758397
-1.3460679628612462,-0.02086274211642439,0.6877664932078973,-0.2130285269758082,-0.8355623666534467
1.7038354767909198,-0.4363959778186554,0.49239709937416626,-0.9209340102528358,-0.6795385670585569
0.32645972985123195,1.3642480435576791,-0.5332922182529214,-2.8515853282810926,0.5511210657011357
-0.26384416169434854,1.3642480435576791,-0.5332922182529214,-0.19157684566438285,-0.6129216638607388
0.44943970725656124,-0.15937382068383474,0.003973614789838794,-2.830133646969667,0.3845788077065904
-0.6573800893914022,-0.9904402920882969,1.0785052808753592,0.23745678056411867,-1.0336599998469584
-0.09167219332688757,-0.15937382068383474,0.15050066016513702,0.7093937694154702,-1.0634622986459823
-0.6081880984292706,0.39467049358580664,0.6877664932078973,-0.19157684566438285,-0.37976250266837536
-1.4936439357476412,1.5027591221250893,1.6157711139181195,-0.47044870271290895,-0.006357229480605382
-0.878744048720995,-0.7134181349534762,0.24818535708200254,-0.38464197746720896,-0.12556642467670096
0.006711788597375844,0.6716926507206273,0.8831358870416283,-0.8780306476299858,-0.23425716147314105
-0.01788420688369001,-1.6829956849253485,0.7854511901247627,-0.2559318895986582,-0.8793892766520113
-0.14086418428901928,-0.7134181349534762,-1.5589815358800092,0.02293996744986792,-0.7444023938564325
1.679239481309854,0.39467049358580664,1.4692440685428212,-2.358196658118316,-0.3850217318682031
-0.19005617525115098,0.39467049358580664,-0.4356075213360559,0.044391648761292535,-0.9635369438492553
0.8921676259157466,-0.29788489925124506,-1.6078238843384418,-0.5991587905814597,0.7281817820953366
-1.4444519447855095,0.2561594150183963,0.15050066016513702,-0.38464197746720896,-0.8338092902535041
-0.362228143618612,-0.15937382068383474,-0.24023812750232493,-0.7922239223842851,-0.7829700746551692
-1.5920279176719048,-0.8519292135208865,0.2970277055404353,-0.9638373728756858,-0.1518625706758397
1.015147603321076,-0.8519292135208865,0.541239447832599,-2.980295416149643,-0.5585762954625187
0.6953996620672198,0.39467049358580664,0.1993430086235698,-0.47044870271290895,-0.2395163906729688
-1.6658159041151024,-0.8519292135208865,-0.5332922182529214,-0.19157684566438285,-0.6041562818610259
-0.16546017977008515,-0.15937382068383474,1.322717023167523,-0.44899702140148434,-0.7952416094547673
-0.7311680758345999,1.2257369649902687,-0.4356075213360559,-0.38464197746720896,-0.15536872347572486
1.507067512942393,-0.5749070563860658,0.73660884166633,-0.14867348304153283,-0.16764025827532295
-1.3214719673801802,-0.4363959778186554,0.6877664932078973,0.044391648761292535,-1.0284007706471308
-0.7557640713156657,-0.4363959778186554,-1.6078238843384418,-0.513352065335759,-0.1027764314774474
1.334895544574932,0.6716926507206273,-0.04486873366859395,-1.3928709991041874,-0.7899823802549396
-0.6819760848724681,0.11764833645098596,-0.8263463090035179,-0.14867348304153283,-0.9179569574507481
0.9167636213968124,-0.5749070563860658,-0.6798192636282196,-1.821904625332689,-0.18341794587480617
-1.6658159041151024,-0.02086274211642439,1.7134558108349849,-0.2559318895986582,-0.8320562138535615
0.3756517208133637,-1.6829956849253485,-1.7055085812553072,-0.40609365877863357,-0.8495869778529874
-0.7311680758345999,-0.29788489925124506,0.345870053998868,-0.5562554279586097,-0.863611589052528
-1.1738959944937852,-0.5749070563860658,0.15050066016513702,-2.5512617899211416,-0.6847977962583847
0.44943970725656124,1.3642480435576791,1.6646134623765523,-0.44899702140148434,-0.8565992834527577
0.08049977504057342,0.948714807855448,-1.412454490504711,-0.04141507648440746,-0.9337346450502313
1.359491540055998,-0.4363959778186554,-0.19139577904389218,-0.6849655158271597,-0.6006501290611407
1.6546434858287882,1.3642480435576791,-1.3147697935878453,-0.6206104718928843,-0.43060171826671023
-0.6573800893914022,-0.8519292135208865,0.15050066016513702,-0.2773835709100836,-0.7408962410565473
1.4332795264991955,-0.4363959778186554,0.1016583117067043,0.9453622638411455,-1.1125484378443746
-0.06707619784582172,-1.2674624492231175,1.322717023167523,-0.513352065335759,-0.8338092902535041
1.4332795264991955,-1.1289513706557073,-1.3147697935878453,-0.7922239223842851,-0.03966568107951444
0.4002477162944295,0.533181572153217,1.4692440685428212,-0.38464197746720896,-0.6479831918595904
0.8429756349536149,-1.1289513706557073,1.4204017200843884,-0.10577012041868285,-0.788229303854997
0.6216116756240222,-1.4059735277905279,-1.4612968389631436,-0.1701251643529582,-0.9460061798498294
1.5808554993855906,-0.7134181349534762,0.6389241447494645,0.38761854974409404,-0.9828207842486236
1.6546434858287882,-0.29788489925124506,1.3715593716259558,-0.2988352522215082,-0.29561483547113143
-1.3706639583423121,-1.2674624492231175,-1.168242748212547,-0.40609365877863357,0.15317272291416958
0.9167636213968124,-0.5749070563860658,-1.168242748212547,-0.2559318895986582,-0.8706238946522984
-0.6327840939103364,-1.6829956849253485,-1.7055085812553072,-0.44899702140148434,-0.1518625706758397
0.08049977504057342,0.948714807855448,-0.5821345667113542,-1.0925474607442367,0.30744344610911684
-0.6327840939103364,0.533181572153217,0.6389241447494645,-2.2294865702497653,-0.4428732530663083
-1.2722799764180486,0.2561594150183963,0.1993430086235698,-0.7278688784500097,-0.6339585806600497
-0.41142013458074367,1.3642480435576791,-0.8751886574619506,-0.5348037466471843,-0.08524566747802158
-0.6819760848724681,-1.5444846063579383,-0.24023812750232493,-0.47044870271290895,-0.8075131442543654
0.08049977504057342,-0.29788489925124506,1.4204017200843884,-0.3631902961557836,-0.8197846790539635
1.4332795264991955,1.5027591221250893,1.3715593716259558,-0.49190038402433434,-1.0371661526468436
-1.3952599538233779,-0.9904402920882969,-1.3147697935878453,0.8166521759725955,-1.0915115210450637
1.2119155671696027,0.6716926507206273,-1.2170850966709799,-0.2559318895986582,-0.9389938742500591
-1.4198559493044438,0.6716926507206273,0.5900817962910317,-0.40609365877863357,-0.8565992834527577
1.0643395942832077,-0.4363959778186554,1.127347629333792,0.044391648761292535,-0.8355623666534467
0.9659556123589442,1.5027591221250893,1.1761899777922247,-0.38464197746720896,0.09532120171606438
1.0889355897642734,-1.2674624492231175,0.003973614789838794,-0.01996339517298284,-0.981067707848681
0.7445916530293515,-0.29788489925124506,-0.9728733543788162,-0.6420621532043097,-0.7321308590568344
1.1135315852453394,1.5027591221250893,-1.7055085812553072,-1.4572260430384627,-0.40781172506745667
-0.31303615265648027,0.11764833645098596,-0.04486873366859395,0.7093937694154702,-1.0599561458460973
-1.050916017088456,-0.7134181349534762,1.6646134623765523,-0.49190038402433434,-0.7479085466563176
0.4248437117754954,0.948714807855448,-1.412454490504711,-2.722875240412542,0.0742842849167534
1.3102995490938663,-1.5444846063579383,0.15050066016513702,-0.1701251643529582,-0.3745032734685476
1.2611075581317344,-1.2674624492231175,1.0296629324169264,-0.06286675779583284,-0.90568542265115
0.22807574792696855,-0.5749070563860658,1.4204017200843884,0.2589084618755433,-1.0196353886474179
0.670803666586154,-0.4363959778186554,-0.2890804759607577,0.43052191236694404,-1.098523826644834
1.2119155671696027,-0.29788489925124506,1.7134558108349849,-0.513352065335759,-0.5690947538621742
1.4086835310181296,0.8102037292880377,-0.9240310059203835,-0.6849655158271597,-0.5305270730634374
0.22807574792696855,-1.6829956849253485,-0.2890804759607577,0.08729501138414254,-0.6970693310579827
0.3018637343701661,0.8102037292880377,-0.4844498697944887,-0.49190038402433434,-0.754920852256088
-1.223087985455917,0.6716926507206273,1.322717023167523,-0.12722180173010822,0.07779043771663856
-0.38682413909967783,-0.4363959778186554,-1.7055085812553072,-0.10577012041868285,-0.6409708862598201
-0.5835921029482046,0.533181572153217,1.7134558108349849,-0.2988352522215082,0.4634672457040066
-0.7311680758345999,0.8102037292880377,0.7854511901247627,-0.5991587905814597,-0.0922579730777919
1.2611075581317344,1.2257369649902687,0.003973614789838794,0.8166521759725955,-1.023141541447303
1.507067512942393,-1.5444846063579383,1.4204017200843884,-0.7922239223842851,-0.16238102907549518
-1.1247040035316536,0.39467049358580664,1.3715593716259558,-0.9209340102528358,-0.3850217318682031
0.646207671105088,0.8102037292880377,0.1016583117067043,-0.40609365877863357,-0.8215377554539061
1.507067512942393,-0.02086274211642439,-0.8751886574619506,-0.9423856915642604,0.32322113370860006
1.6054514948666565,1.3642480435576791,-1.2659274451294127,-0.47044870271290895,-0.7110939422575234
-1.715007895077234,-0.29788489925124506,0.7854511901247627,0.43052191236694404,-1.0126230830476475
-1.1492999990127193,0.533181572153217,-1.3147697935878453,-2.186583207626915,-0.025641069879973784
-0.43601613006180956,-1.5444846063579383,0.8831358870416283,-0.2988352522215082,-0.3359355926698108
1.1135315852453394,-1.1289513706557073,1.3715593716259558,-0.42754534009005896,-0.5761070594619445
1.6300474903477222,0.39467049358580664,0.73660884166633,-0.10577012041868285,-0.8741300474521835
0.031307784078441696,-1.1289513706557073,0.931978235500061,-0.14867348304153283,-0.1027764314774474
-0.8049560622777974,-0.4363959778186554,0.44355475091573354,0.9453622638411455,-1.0196353886474179
1.3840875355370637,0.11764833645098596,-0.6309769151697869,-2.980295416149643,-0.8618585126525854
1.5316635084234589,1.5027591221250893,-1.021715702837249,0.1516500553184179,-1.073980757045638
-0.9771280306452583,0.39467049358580664,-1.412454490504711,-2.0364214384469395,-0.5936378234613704
-1.3214719673801802,1.0872258864228583,1.322717023167523,-1.2641609112356367,-0.6357116570599923
-0.28844015717541444,-1.1289513706557073,-1.6566662327968746,-1.6073878122184382,0.6510464204978629
-1.4690479402665755,-0.15937382068383474,0.7854511901247627,-0.6420621532043097,0.0830496669164663
-0.01788420688369001,-0.8519292135208865,-0.3867651728776232,0.7737488133497455,-1.0669684514458675
-0.9033400442020608,-0.02086274211642439,0.44355475091573354,0.10874669269556791,-0.7321308590568344
1.2365115626506686,-0.15937382068383474,-0.19139577904389218,-0.5777071092700343,-0.7391431646566047
-0.9033400442020608,1.2257369649902687,1.4692440685428212,-0.5991587905814597,-0.5620824482624039
-1.6412199086340364,-1.4059735277905279,-0.4356075213360559,-0.7064171971385851,-0.21847947387365782
-0.06707619784582172,-0.9904402920882969,-0.3379228244191904,0.02293996744986792,-1.0704746042457527
-0.26384416169434854,1.5027591221250893,0.1016583117067043,-0.2988352522215082,-0.9126977282509203
-1.223087985455917,0.39467049358580664,0.05281596324827154,-0.8994823289414104,-0.018628764280203457
-1.7396038905582998,-1.6829956849253485,1.127347629333792,-0.9209340102528358,-0.4831940102649877
0.006711788597375844,-1.6829956849253485,-0.4356075213360559,-0.40609365877863357,-0.5708478302621168
-1.2968759718991145,0.533181572153217,-0.14255343058545944,0.06584333007271792,-1.010870006647705
-1.3214719673801802,1.2257369649902687,0.73660884166633,-1.242709229924212,0.02169199291847593
-1.4690479402665755,-0.7134181349534762,1.4692440685428212,-0.8351272850071351,-0.38326865546826056
1.3102995490938663,0.11764833645098596,0.6877664932078973,-2.4654550646754414,0.503788002902686
0.6216116756240222,0.2561594150183963,-0.2890804759607577,-1.0925474607442367,-0.13783795947629904
-1.2968759718991145,1.5027591221250893,1.5669287654596866,-0.8994823289414104,-0.4253424890668825
0.031307784078441696,-0.8519292135208865,1.1761899777922247,0.06584333007271792,-0.8460808250531022
-1.1738959944937852,-0.7134181349534762,0.6877664932078973,-0.2988352522215082,-0.7952416094547673
-0.48520812102394123,1.3642480435576791,0.2970277055404353,-2.722875240412542,-0.5427986078630355
1.7038354767909198,-0.5749070563860658,-0.8751886574619506,-2.315293295495466,-0.6409708862598201
1.334895544574932,0.948714807855448,0.931978235500061,-0.513352065335759,-0.7356370118567195
-1.0017240261263243,1.6412702006924997,0.2970277055404353,-1.199805867301362,0.25134500131095416
0.15428776148377096,-1.6829956849253485,0.5900817962910317,-0.2559318895986582,-0.9389938742500591
1.5562595039045246,1.0872258864228583,-1.0705580512956816,-0.2344802082872336,-0.7146000950574085
0.7691876485104173,-0.9904402920882969,-0.7775039605450852,-0.34173861484435897,-0.6935631782580975
0.6953996620672198,0.6716926507206273,1.3715593716259558,0.1731017366298433,-1.0038577010479346
-1.3460679628612462,-1.1289513706557073,-0.19139577904389218,-0.04141507648440746,-0.7917354566548822
1.5808554993855906,0.39467049358580664,1.7134558108349849,-0.2344802082872336,-0.7601800814559156
-0.878744048720995,-0.5749070563860658,-0.6798192636282196,-0.2130285269758082,-0.9319815686502887
-0.6081880984292706,0.2561594150183963,1.2250323262506575,-2.100776482381215,-0.8320562138535615
-0.7803600667967315,0.8102037292880377,0.73660884166633,-0.12722180173010822,0.18823425091302123
0.6953996620672198,-1.6829956849253485,-0.8751886574619506,-0.7493205597614351,0.46872647490383434
-1.4444519447855095,1.2257369649902687,0.345870053998868,-0.7064171971385851,-0.7724516162555137
-0.7557640713156657,-0.5749070563860658,0.8831358870416283,-0.5991587905814597,-0.616427816660624
-0.878744048720995,-1.5444846063579383,0.1016583117067043,-1.285612592547062,-0.28334330067153335
1.0643395942832077,0.39467049358580664,-0.7775039605450852,-1.2641609112356367,-0.6567485738593033
-0.21465217073221685,-0.02086274211642439,1.3715593716259558,-0.42754534009005896,-0.7163531714573511
0.8675716304346808,0.6716926507206273,0.1016583117067043,-0.7064171971385851,-0.8548462070528151
1.4578755219802613,-1.6829956849253485,1.7134558108349849,-0.34173861484435897,-0.6462301154596478
0.4248437117754954,-0.5749070563860658,-1.3636121420462781,-0.1701251643529582,-0.8881546586517242
-0.9771280306452583,-0.15937382068383474,1.0785052808753592,-1.7790012627098388,-0.7724516162555137
0.4740357027376271,-0.5749070563860658,0.1993430086235698,0.08729501138414254,-1.0494376874464417
1.138127580726405,0.6716926507206273,0.6389241447494645,-0.38464197746720896,-0.6830447198584421
-0.878744048720995,0.533181572153217,-0.6309769151697869,-1.1354508233670866,0.5318372253017674
1.0397435988021417,-1.1289513706557073,-1.1194003997541144,-0.2130285269758082,-0.8180316026540209
-0.28844015717541444,0.2561594150183963,1.518086417001254,-0.9423856915642604,-0.7566739286560306
-0.2392481662132827,0.6716926507206273,0.6877664932078973,-1.0925474607442367,0.10583966011571987
-1.3952599538233779,1.6412702006924997,0.24818535708200254,0.38761854974409404,-1.052943840246327
0.17888375696483683,0.8102037292880377,1.4204017200843884,-0.6849655158271597,-0.7286247062569492
-0.11626818880795343,0.39467049358580664,-1.2659274451294127,-0.5348037466471843,-0.6725262614587866
-1.542835926709773,1.2257369649902687,1.127347629333792,-2.8086819656582422,0.24433269571118385
1.0643395942832077,-0.4363959778186554,-0.7775039605450852,-0.7064171971385851,0.7527248516945326
-0.7557640713156657,-1.2674624492231175,1.4692440685428212,-0.04141507648440746,-0.9179569574507481
1.2119155671696027,0.11764833645098596,-1.4612968389631436,-2.07932480106979,-0.3972932666678012
-0.38682413909967783,1.3642480435576791,1.1761899777922247,-0.7922239223842851,0.3582826617074517
-1.3460679628612462,-1.2674624492231175,0.2970277055404353,0.08729501138414254,-0.8916608114516094
0.5478236891808247,1.3642480435576791,-1.6078238843384418,-0.34173861484435897,-0.8618585126525854
1.162723576207471,1.6412702006924997,0.8831358870416283,0.7522971320383202,-1.1020299794447193
-0.3376321481375461,0.533181572153217,1.4692440685428212,-0.3631902961557836,-0.842574672253217
0.9659556123589442,0.2561594150183963,-0.2890804759607577,-2.5941651525439915,0.37581342570687754
-1.5920279176719048,-0.7134181349534762,1.322717023167523,-0.3202869335329336,-0.12381334827675838
-1.4690479402665755,-1.5444846063579383,1.5669287654596866,-0.2988352522215082,-0.8916608114516094
1.679239481309854,0.533181572153217,0.39471240245730077,-1.1569025046785113,0.1426542645145141
-1.2476839809369829,1.3642480435576791,0.8831358870416283,-2.014969757135514,-0.5392924550631504
-1.1001080080505876,-0.7134181349534762,0.6877664932078973,0.06584333007271792,-0.628699351460222
0.5970156801429564,0.948714807855448,1.322717023167523,-0.7278688784500097,-0.8127723734541932
1.187319571688537,-0.02086274211642439,1.3715593716259558,-0.5777071092700343,-0.9179569574507481
-1.1738959944937852,0.533181572153217,0.345870053998868,-0.5777071092700343,-0.7110939422575234
1.7038354767909198,-0.9904402920882969,-1.6566662327968746,0.044391648761292535,-0.8495869778529874
1.187319571688537,-0.02086274211642439,-0.3867651728776232,0.06584333007271792,-0.8495869778529874
-1.5674319221908388,0.39467049358580664,-1.6566662327968746,-1.8433563066441143,-0.07998643827819384
0.7691876485104173,0.948714807855448,-0.14255343058545944,0.2589084618755433,-0.9425000270499442
-0.5589961074671388,0.39467049358580664,-0.8751886574619506,-0.2130285269758082,-0.39203403746797344
-0.6327840939103364,-1.5444846063579383,-1.6566662327968746,-2.5727134712325666,-0.7233654770571215
-0.534400111986073,-0.15937382068383474,-1.3147697935878453,-0.2773835709100836,-1.0126230830476475
0.646207671105088,1.5027591221250893,-0.4844498697944887,0.06584333007271792,-0.7759577690553989
-1.4936439357476412,-0.7134181349534762,-1.6566662327968746,0.1731017366298433,-0.9915861662483365
0.3018637343701661,0.39467049358580664,1.322717023167523,-0.44899702140148434,-0.8005008386545951
-1.2968759718991145,0.6716926507206273,-0.04486873366859395,-2.315293295495466,0.30393729330923164
-0.4606121255428754,0.948714807855448,-0.04486873366859395,-0.14867348304153283,-0.5638355246623465
1.0889355897642734,-0.15937382068383474,-1.1194003997541144,-0.1701251643529582,-0.9758084786488532
-1.6412199086340364,0.2561594150183963,0.1016583117067043,-0.5348037466471843,-0.7847231510551118
-0.7065720803535339,0.8102037292880377,0.24818535708200254,-0.3631902961557836,-0.21672639747371522
-1.2722799764180486,1.3642480435576791,-1.021715702837249,0.06584333007271792,-0.7987477622546525
0.031307784078441696,0.39467049358580664,0.39471240245730077,-0.2559318895986582,-0.9705492494490255
0.670803666586154,-1.6829956849253485,-0.3867651728776232,-0.6635138345157351,-0.7514146994562028
1.0643395942832077,-0.8519292135208865,1.27387467470909,-1.1354508233670866,-0.18692409867469134
0.9413596168778784,-1.1289513706557073,-0.9728733543788162,-0.8994823289414104,-0.23425716147314105
-0.09167219332688757,-0.15937382068383474,0.39471240245730077,-0.19157684566438285,-0.5427986078630355
-0.5589961074671388,0.8102037292880377,1.322717023167523,0.5377803189240694,-1.023141541447303
0.4002477162944295,0.6716926507206273,1.6646134623765523,-0.5348037466471843,-0.8460808250531022
-1.542835926709773,1.6412702006924997,-0.14255343058545944,-0.12722180173010822,-0.6234401222603942
-0.3376321481375461,-0.4363959778186554,0.1016583117067043,-2.701423559101117,0.17420963971348058
-1.02632002160739,-1.1289513706557073,-1.6078238843384418,-0.7278688784500097,-0.5445516842629781
1.679239481309854,1.3642480435576791,-1.021715702837249,0.38761854974409404,-0.9600307910493701
-1.3706639583423121,1.3642480435576791,0.2970277055404353,-2.2938416141840405,-0.8565992834527577
1.015147603321076,0.11764833645098596,-0.3379228244191904,-1.7146462187755636,-0.034406451879686696
1.0643395942832077,-0.9904402920882969,-0.3867651728776232,-0.5348037466471843,-0.42183633626699735
0.9659556123589442,-1.4059735277905279,-0.9728733543788162,-0.8136756036957105,0.11635811851537536
-1.4198559493044438,-0.5749070563860658,-1.6566662327968746,-0.513352065335759,-0.6883039490582699
1.5562595039045246,0.39467049358580664,0.8342935385831954,-0.6420621532043097,-0.6094155110608537
-0.48520812102394123,0.533181572153217,-0.8751886574619506,-1.3070642738584874,-0.6024032054610833
-0.09167219332688757,-0.4363959778186554,-1.1194003997541144,-0.40609365877863357,-0.7356370118567195
-1.6412199086340364,-0.8519292135208865,-1.1194003997541144,-0.2559318895986582,-0.7198593242572363
-0.5098041165050071,-1.4059735277905279,-0.5332922182529214,-0.19157684566438285,-0.3867748082681457
0.7691876485104173,-0.9904402920882969,-0.3867651728776232,-0.10577012041868285,-0.7759577690553989
-1.223087985455917,-1.1289513706557073,-1.1194003997541144,-0.7707722410728605,-0.5305270730634374
0.4002477162944295,-1.5444846063579383,-1.2659274451294127,-0.38464197746720896,-0.16939333467526552
0.2034797524459027,-1.4059735277905279,0.7854511901247627,-1.0710957794328113,-0.3674909678687773
0.08049977504057342,1.3642480435576791,-1.3636121420462781,-0.40609365877863357,-0.8057600678544228
0.4248437117754954,-0.02086274211642439,1.518086417001254,-2.679971877789692,0.20576501491244706
1.3102995490938663,-0.8519292135208865,-0.5821345667113542,-0.49190038402433434,-0.649736268259533
-1.02632002160739,-0.8519292135208865,0.003973614789838794,-1.0281924168099612,-0.44813248226613606
0.6216116756240222,0.39467049358580664,1.0785052808753592,-0.9638373728756858,0.005914305318992693
1.0397435988021417,0.11764833645098596,1.0785052808753592,-0.44899702140148434,-0.6216870458604516
-0.7557640713156657,0.11764833645098596,1.518086417001254,-1.6073878122184382,-0.1413441122761842
1.4332795264991955,-1.5444846063579383,1.27387467470909,-0.5348037466471843,-0.7268716298570066
1.5316635084234589,-1.6829956849253485,-1.412454490504711,-0.1701251643529582,-0.14309718867612678
-0.8049560622777974,0.533181572153217,-1.5589815358800092,-1.1354508233670866,-0.4130709542672844
0.2772677388891002,-0.4363959778186554,0.6877664932078973,-0.01996339517298284,-0.6777854906586144
1.162723576207471,-0.5749070563860658,-0.3379228244191904,-0.47044870271290895,-0.6199339694605092
0.4002477162944295,0.6716926507206273,0.8342935385831954,0.044391648761292535,-0.947759256249772
0.9905516078400101,0.8102037292880377,1.0785052808753592,-0.47044870271290895,-0.6760324142586718
-1.4198559493044438,1.3642480435576791,1.0296629324169264,-0.47044870271290895,-0.8075131442543654
0.4740357027376271,-0.29788489925124506,0.6877664932078973,0.1516500553184179,-1.005610777447877
0.7445916530293515,-1.4059735277905279,0.6389241447494645,-0.42754534009005896,-0.8565992834527577
-0.9771280306452583,-0.02086274211642439,1.127347629333792,-1.736097900086989,0.07603736131669597
1.162723576207471,-0.4363959778186554,-0.04486873366859395,0.6664904067926202,-1.0494376874464417
0.4002477162944295,0.948714807855448,-0.9728733543788162,-0.12722180173010822,0.3670480437071646
0.4002477162944295,1.3642480435576791,1.27387467470909,-0.2773835709100836,-0.7759577690553989
-1.3460679628612462,-1.2674624492231175,1.322717023167523,-1.6717428561527135,-0.5129963090640116
-1.690411899596168,1.5027591221250893,-0.9240310059203835,-0.3202869335329336,-0.9530184854495997
-0.41142013458074367,-0.7134181349534762,0.6389241447494645,-0.2344802082872336,-0.5848724414616575
1.6054514948666565,1.6412702006924997,0.5900817962910317,-1.564484449595588,-0.27107176587193527
-1.1247040035316536,0.948714807855448,1.3715593716259558,-0.5991587905814597,-0.7321308590568344
-1.5182399312287072,-0.7134181349534762,-1.7055085812553072,0.1945534179412679,-1.0950176738449489
1.6546434858287882,-1.1289513706557073,-1.168242748212547,-0.34173861484435897,-0.6847977962583847
-0.48520812102394123,0.2561594150183963,-0.9240310059203835,-0.6206104718928843,-0.2307510086732559
0.32645972985123195,0.6716926507206273,-1.2659274451294127,-0.10577012041868285,-0.7216124006571789
-0.6819760848724681,-0.5749070563860658,0.49239709937416626,-0.49190038402433434,-0.5007247742644135
-0.6819760848724681,-0.7134181349534762,-0.0937110821270267,-0.49190038402433434,-0.4411201766663657
0.9167636213968124,-0.15937382068383474,1.27387467470909,-1.4572260430384627,-0.5410455314630929
-0.31303615265648027,0.11764833645098596,-0.6309769151697869,-2.894488690903943,0.41964033570544207
1.4578755219802613,-1.1289513706557073,-1.5589815358800092,-0.3202869335329336,-0.9635369438492553
0.3756517208133637,0.6716926507206273,-1.021715702837249,-0.7922239223842851,-0.8145254498541358
1.3102995490938663,-1.5444846063579383,-0.6309769151697869,-0.2773835709100836,-0.8250439082537913
0.8183796394725491,0.11764833645098596,-0.4356075213360559,0.28036014318696867,-1.0687215278458102
0.2772677388891002,1.0872258864228583,-0.9240310059203835,-0.49190038402433434,-0.6251931986603368
-0.06707619784582172,1.5027591221250893,1.6157711139181195,-0.7707722410728605,0.2864065293098058
-1.3214719673801802,-0.8519292135208865,1.1761899777922247,-0.3631902961557836,-0.4463794058661935
0.44943970725656124,0.948714807855448,-1.0705580512956816,-2.014969757135514,-0.360478662269007
-1.542835926709773,-0.4363959778186554,0.1993430086235698,-0.44899702140148434,-0.9389938742500591
1.3102995490938663,1.5027591221250893,1.6646134623765523,0.4948769563012194,-1.0546969166462694
0.9167636213968124,-0.4363959778186554,-0.9728733543788162,-1.049644098121386,-0.14660334147601195
0.15428776148377096,1.2257369649902687,-0.04486873366859395,-0.5348037466471843,-0.3972932666678012
-0.3376321481375461,-1.2674624492231175,1.0296629324169264,-0.8994823289414104,-0.10978873707721773
0.49863169821869296,0.39467049358580664,0.5900817962910317,-0.3631902961557836,-0.8986731170513796
0.670803666586154,0.39467049358580664,-1.1194003997541144,-0.10577012041868285,-0.9302284922503461
0.17888375696483683,-0.02086274211642439,-0.8263463090035179,-0.5348037466471843,-0.48845323946481545
-0.7311680758345999,-1.2674624492231175,0.9808205839584937,-0.9209340102528358,0.15667887571405475
0.9167636213968124,-0.02086274211642439,0.9808205839584937,-0.5562554279586097,0.33549266850819814
0.32645972985123195,-0.8519292135208865,1.0296629324169264,-0.2773835709100836,-0.595390899861313
1.2365115626506686,-0.9904402920882969,-0.19139577904389218,-0.49190038402433434,-0.7899823802549396
-1.2968759718991145,-0.5749070563860658,-1.021715702837249,-0.12722180173010822,-0.3780094262684328
-0.042480202364755866,0.8102037292880377,1.3715593716259558,-0.2988352522215082,-0.8110192970542506
-1.2968759718991145,0.533181572153217,1.1761899777922247,-0.7707722410728605,0.3179619045087723
-1.3460679628612462,-1.1289513706557073,-0.7775039605450852,-0.19157684566438285,-0.7917354566548822
-0.38682413909967783,0.39467049358580664,0.8342935385831954,-0.2988352522215082,-0.9425000270499442
-0.11626818880795343,-0.9904402920882969,-0.04486873366859395,-0.5562554279586097,-0.030900299079801533
-0.7065720803535339,0.2561594150183963,0.39471240245730077,-0.9209340102528358,-0.6690201086589014
-1.7396038905582998,1.2257369649902687,-0.19139577904389218,0.9668139451525709,-1.0301538470470732
-0.28844015717541444,-1.5444846063579383,0.9808205839584937,0.06584333007271792,-0.9162038810508055
0.10509577052163926,-0.5749070563860658,0.003973614789838794,0.1516500553184179,-1.0915115210450637
-1.5182399312287072,0.6716926507206273,0.44355475091573354,-0.40609365877863357,-0.6059093582609685
0.22807574792696855,-0.8519292135208865,-0.7775039605450852,0.044391648761292535,-0.9407469506500017
1.6546434858287882,-0.4363959778186554,1.322717023167523,0.2160050992526933,-1.0564499930462121
0.44943970725656124,-1.4059735277905279,-0.4356075213360559,-0.12722180173010822,-0.9530184854495997
0.3756517208133637,0.533181572153217,1.322717023167523,-0.6635138345157351,-0.6251931986603368
0.8429756349536149,-0.8519292135208865,-0.3379228244191904,-1.6717428561527135,0.4161341829055569
-0.19005617525115098,-0.8519292135208865,0.44355475091573354,-1.3928709991041874,-0.733883935456777
-0.43601613006180956,-1.6829956849253485,-0.4356075213360559,-0.5348037466471843,-0.7794639218552841
-1.4444519447855095,-0.29788489925124506,-0.6309769151697869,-1.9720663945126642,-0.2991209882710166
-1.4936439357476412,0.533181572153217,0.05281596324827154,0.36616686843266866,-1.0196353886474179
-0.19005617525115098,0.948714807855448,0.2970277055404353,-2.5727134712325666,0.033963527718074
-0.4606121255428754,-0.9904402920882969,-0.4356075213360559,-1.1354508233670866,-0.4639101698656193
1.5316635084234589,-0.29788489925124506,0.5900817962910317,-0.04141507648440746,-0.9214631102506332
1.138127580726405,0.948714807855448,0.6877664932078973,-0.8994823289414104,-0.5094901562641264
0.7199956575482857,-1.4059735277905279,1.1761899777922247,-0.6420621532043097,-0.6392178098598775
-0.854148053239929,-0.29788489925124506,0.2970277055404353,-0.6420621532043097,-0.8267969846537339
0.44943970725656124,0.533181572153217,0.05281596324827154,-2.5512617899211416,-0.22549177947342813
-1.198491989974851,-1.2674624492231175,-1.6078238843384418,0.7952004946611702,-1.098523826644834
-1.1738959944937852,1.5027591221250893,0.345870053998868,-2.7657786030353924,-0.5726009066620594
0.9905516078400101,0.8102037292880377,1.5669287654596866,-0.38464197746720896,-0.7110939422575234
-0.3376321481375461,-0.5749070563860658,-0.3379228244191904,-0.01996339517298284,-0.9740554022489107
0.15428776148377096,-1.5444846063579383,-0.04486873366859395,-0.7064171971385851,-0.7461554702563751
-1.5674319221908388,0.2561594150183963,0.541239447832599,-2.7657786030353924,-0.4288486418667677
0.7937836439914832,1.6412702006924997,0.8342935385831954,-0.8780306476299858,-0.6585016502592459
0.8921676259157466,-1.4059735277905279,0.345870053998868,-0.12722180173010822,-0.884648505851839
0.3018637343701661,1.0872258864228583,-0.24023812750232493,0.2160050992526933,-0.9372407978501165
-0.7557640713156657,-1.1289513706557073,-0.3379228244191904,-0.49190038402433434,-0.8618585126525854
-1.4444519447855095,-1.6829956849253485,0.8831358870416283,-0.38464197746720896,-0.8320562138535615
-0.5098041165050071,0.6716926507206273,1.4204017200843884,-0.3202869335329336,-0.6620078030591311
1.7038354767909198,-1.2674624492231175,1.4692440685428212,0.4519735936783694,-1.0792399862454656
-0.7803600667967315,-1.4059735277905279,0.1016583117067043,-0.5991587905814597,-0.47968785746510256
-0.5098041165050071,0.2561594150183963,-0.4844498697944887,-0.9209340102528358,-0.8513400542529299
-1.4690479402665755,-0.02086274211642439,0.003973614789838794,-0.2344802082872336,-0.35346635666923665
-0.01788420688369001,-0.4363959778186554,-1.5589815358800092,-2.8730370095925175,-0.13783795947629904
-1.2722799764180486,-1.1289513706557073,-0.7775039605450852,-0.10577012041868285,-0.8916608114516094
0.05590377955950755,1.3642480435576791,0.931978235500061,-0.42754534009005896,-0.6059093582609685
-0.43601613006180956,0.948714807855448,-0.7286616120866524,-0.7707722410728605,0.33373959210825554
-0.7311680758345999,-1.6829956849253485,-1.5101391874215764,-0.1701251643529582,-0.3867748082681457
0.44943970725656124,1.3642480435576791,1.1761899777922247,-0.2344802082872336,0.3372457449081407
0.5478236891808247,-0.4363959778186554,-0.9728733543788162,-3.044650460083918,0.48625723890326017
-1.2476839809369829,0.2561594150183963,0.8831358870416283,0.4948769563012194,-0.9898330898483939
-1.542835926709773,-0.7134181349534762,-0.8751886574619506,-0.40609365877863357,-0.7233654770571215
1.6546434858287882,0.11764833645098596,0.2970277055404353,-0.5348037466471843,-0.42358941266693995
-0.21465217073221685,1.3642480435576791,-1.3147697935878453,-0.7922239223842851,-0.07823336187825125
0.7691876485104173,-0.15937382068383474,-0.14255343058545944,-0.47044870271290895,-0.2921086826712463
-1.050916017088456,-0.7134181349534762,-1.2659274451294127,-0.6849655158271597,-0.4130709542672844
-0.7065720803535339,-0.15937382068383474,1.0296629324169264,-0.7064171971385851,-0.9074384990510925
-1.4444519447855095,1.6412702006924997,0.345870053998868,-2.5941651525439915,-0.43936710026642317
-0.6327840939103364,0.11764833645098596,-0.5821345667113542,-0.2559318895986582,-0.7408962410565473
1.5562595039045246,-1.2674624492231175,-1.6566662327968746,0.044391648761292535,-0.926722339450461
-0.6327840939103364,0.6716926507206273,0.6877664932078973,-1.2212575486127866,-0.8618585126525854
0.5970156801429564,1.5027591221250893,0.541239447832599,-2.057873119758365,0.20401193851250446
-0.11626818880795343,-0.15937382068383474,-1.6078238843384418,0.08729501138414254,-0.8460808250531022
-1.0755120125695217,-0.29788489925124506,-0.2890804759607577,-0.40609365877863357,-0.7198593242572363
0.7937836439914832,-0.4363959778186554,0.15050066016513702,-0.5777071092700343,-0.015122611480318291
0.2772677388891002,0.6716926507206273,-0.5332922182529214,-1.9935180758240896,-0.5200086146637819
1.679239481309854,-0.15937382068383474,0.003973614789838794,-0.10577012041868285,-1.0213884650473604
-0.26384416169434854,-0.9904402920882969,-0.3379228244191904,-0.44899702140148434,-0.8005008386545951
1.7038354767909198,-0.4363959778186554,-1.3636121420462781,-1.328515955169912,-0.12556642467670096
-1.5920279176719048,1.0872258864228583,-1.168242748212547,-2.057873119758365,-0.34996020386935145
-0.5589961074671388,0.6716926507206273,0.8831358870416283,-0.8136756036957105,-0.842574672253217
-0.042480202364755866,1.6412702006924997,0.9808205839584937,-2.358196658118316,0.17596271611342315
1.2365115626506686,-1.4059735277905279,0.1016583117067043,-0.2988352522215082,-0.16764025827532295
1.0397435988021417,-0.8519292135208865,-1.4612968389631436,-0.6420621532043097,-0.5498109134628059
-1.3706639583423121,0.533181572153217,-0.9728733543788162,0.8595555385954455,-1.0844992154452933
-1.2476839809369829,-1.1289513706557073,-0.9728733543788162,0.08729501138414254,-0.9758084786488532
-0.7803600667967315,-1.6829956849253485,-0.7775039605450852,0.6021353628583448,-1.1055361322446045
0.9413596168778784,0.6716926507206273,0.6389241447494645,-0.7278688784500097,-0.8548462070528151
-0.06707619784582172,0.2561594150183963,0.5900817962910317,-0.9209340102528358,-0.07823336187825125
-1.050916017088456,-0.8519292135208865,0.2970277055404353,-0.40609365877863357,-1.0213884650473604
-1.5920279176719048,1.6412702006924997,1.127347629333792,-0.9423856915642604,-0.7601800814559156
0.9659556123589442,-1.2674624492231175,0.44355475091573354,-2.980295416149643,-0.36573789146883473
-1.3460679628612462,1.0872258864228583,1.0785052808753592,-0.8351272850071351,-0.19744255707434683
-1.6166239131529705,-0.5749070563860658,-0.19139577904389218,0.06584333007271792,-0.9530184854495997
-1.690411899596168,0.2561594150183963,-1.3147697935878453,-0.6849655158271597,-0.3271702106700979
-1.542835926709773,1.2257369649902687,0.9808205839584937,0.516328637612644,-0.9863269370485088
0.17888375696483683,-0.4363959778186554,-1.3147697935878453,-0.2773835709100836,-0.9775615550487958
0.3018637343701661,-1.2674624492231175,-0.7286616120866524,-0.7278688784500097,-0.6024032054610833
0.8675716304346808,1.3642480435576791,0.003973614789838794,-0.1701251643529582,-0.7899823802549396
0.9167636213968124,0.948714807855448,0.24818535708200254,-0.7493205597614351,-0.7847231510551118
-1.1001080080505876,1.0872258864228583,0.39471240245730077,-0.47044870271290895,-0.926722339450461
-0.9033400442020608,-1.4059735277905279,-1.6566662327968746,0.9668139451525709,-1.0248946178472456
-0.8295520577588632,0.8102037292880377,0.2970277055404353,-0.2773835709100836,-0.7724516162555137
-1.198491989974851,-0.5749070563860658,1.127347629333792,-1.5430327682841627,-0.3008740646709592
1.0889355897642734,0.11764833645098596,-0.3379228244191904,-1.1569025046785113,-0.4972186214645284
0.2034797524459027,1.0872258864228583,-0.4844498697944887,-2.830133646969667,-0.7829700746551692
1.162723576207471,-0.29788489925124506,-0.3379228244191904,-1.6288394935298636,-0.6637608794590737
1.7038354767909198,-0.8519292135208865,0.9808205839584937,0.2160050992526933,-1.0669684514458675
-0.4606121255428754,0.2561594150183963,-1.0705580512956816,-0.2344802082872336,-0.7777108454553415
-1.5674319221908388,-0.02086274211642439,-0.7286616120866524,-0.1701251643529582,-0.8513400542529299
-1.223087985455917,-0.4363959778186554,-0.9728733543788162,0.9668139451525709,-1.0126230830476475
0.08049977504057342,1.2257369649902687,-0.9240310059203835,-0.04141507648440746,-0.767192387055686
0.5232276936997589,0.8102037292880377,0.49239709937416626,-0.9638373728756858,-0.8495869778529874
0.646207671105088,0.2561594150183963,0.24818535708200254,-1.371419317792762,-0.21497332107377265
1.187319571688537,1.0872258864228583,-0.3867651728776232,-0.44899702140148434,-0.5708478302621168
-1.5920279176719048,-0.02086274211642439,-0.9728733543788162,-0.34173861484435897,-0.3709971206686625
0.2034797524459027,0.8102037292880377,-0.04486873366859395,-0.7493205597614351,0.4371710997048679
-0.042480202364755866,-0.9904402920882969,-0.24023812750232493,-0.5991587905814597,-0.8916608114516094
-1.5920279176719048,0.39467049358580664,1.0785052808753592,-2.057873119758365,-0.6514893446594756
-0.21465217073221685,-0.9904402920882969,1.0296629324169264,-2.937392053526793,0.21277732051221737
-0.3376321481375461,-1.1289513706557073,-0.7286616120866524,-0.38464197746720896,-0.565588601062289
0.7445916530293515,0.11764833645098596,0.541239447832599,-0.3202869335329336,-0.42358941266693995
-1.5920279176719048,0.533181572153217,1.5669287654596866,-2.2938416141840405,-0.6304524278601646
-1.4444519447855095,-0.8519292135208865,1.5669287654596866,-0.49190038402433434,-0.49020631586475805
-0.26384416169434854,-0.02086274211642439,-1.1194003997541144,-1.371419317792762,-0.6812916434584995
0.8429756349536149,-0.9904402920882969,-1.6078238843384418,-1.371419317792762,-0.5550701426626335
-0.7803600667967315,1.2257369649902687,0.541239447832599,-0.9423856915642604,-0.8408215958532744
-0.09167219332688757,-0.15937382068383474,-1.2170850966709799,-2.980295416149643,-0.456897864265849
0.49863169821869296,-0.5749070563860658,-0.19139577904389218,-0.2130285269758082,-0.947759256249772
0.5970156801429564,1.0872258864228583,-0.19139577904389218,-0.47044870271290895,-0.8145254498541358
1.4332795264991955,-0.9904402920882969,1.6157711139181195,-0.44899702140148434,0.1426542645145141
-0.362228143618612,0.39467049358580664,-1.6566662327968746,-1.0281924168099612,-0.4744286282652748
0.2526717434080344,0.11764833645098596,0.05281596324827154,-0.42754534009005896,-0.21322024467383008
-0.7065720803535339,1.3642480435576791,1.127347629333792,-2.7443269217239674,-0.15712179987566743
0.9413596168778784,0.8102037292880377,-0.3867651728776232,-0.44899702140148434,-0.6830447198584421
0.5970156801429564,1.6412702006924997,-1.2170850966709799,0.3018118244983933,-1.0634622986459823
-0.9525320351641925,-1.4059735277905279,0.49239709937416626,-1.1569025046785113,-0.03791260467957186
-0.4606121255428754,-1.6829956849253485,-0.3379228244191904,-0.9852890541871112,0.15843195211399733
-0.7557640713156657,-0.15937382068383474,-0.04486873366859395,-0.9638373728756858,-0.7023285602578104
0.32645972985123195,-0.29788489925124506,-0.5332922182529214,0.5377803189240694,-1.052943840246327
0.17888375696483683,-0.8519292135208865,-1.6566662327968746,-0.6420621532043097,-0.7216124006571789
-0.5589961074671388,-0.02086274211642439,-1.0705580512956816,-0.8136756036957105,-0.179911793074921
-0.26384416169434854,-0.4363959778186554,0.2970277055404353,-0.9209340102528358,-0.9670430966491403
0.6216116756240222,0.11764833645098596,-0.5332922182529214,-0.34173861484435897,-0.5024778506643561
-0.6327840939103364,-0.29788489925124506,0.6389241447494645,-0.08431843910725746,-0.5077370798641838
-0.9033400442020608,-1.4059735277905279,0.003973614789838794,0.7952004946611702,-1.002104624647992
1.6300474903477222,1.3642480435576791,-1.5589815358800092,-0.38464197746720896,-0.788229303854997
0.15428776148377096,1.6412702006924997,-1.412454490504711,-0.1701251643529582,-0.9425000270499442
-1.0017240261263243,-0.8519292135208865,1.6157711139181195,-0.47044870271290895,-0.6514893446594756
0.4740357027376271,-1.1289513706557073,-0.7775039605450852,-0.42754534009005896,-0.9530184854495997
-0.09167219332688757,1.5027591221250893,-1.168242748212547,-2.143679845004065,-0.49195939226470065
-0.9771280306452583,-1.2674624492231175,1.7134558108349849,-0.2773835709100836,-0.18517102227474874
-0.28844015717541444,1.2257369649902687,-0.5332922182529214,-0.42754534009005896,-0.8583523598527003
0.5478236891808247,0.948714807855448,0.7854511901247627,-0.5991587905814597,-0.30963944667067206
-1.6658159041151024,0.2561594150183963,0.6877664932078973,0.7522971320383202,-1.0844992154452933
1.3102995490938663,0.6716926507206273,-1.021715702837249,-0.6420621532043097,-0.565588601062289
0.08049977504057342,-1.1289513706557073,-1.3636121420462781,-0.9638373728756858,-0.8250439082537913
1.2857035536128003,-0.9904402920882969,-0.5821345667113542,-0.49190038402433434,-0.03966568107951444
-1.3706639583423121,1.3642480435576791,-1.5589815358800092,-0.5777071092700343,-0.35171328026929405
0.8429756349536149,0.8102037292880377,-1.5589815358800092,-0.01996339517298284,-0.8478339014530448
1.5562595039045246,-1.5444846063579383,-1.168242748212547,-1.0925474607442367,0.34601112690785363
-1.223087985455917,1.6412702006924997,1.3715593716259558,-0.38464197746720896,-0.8320562138535615
0.22807574792696855,-0.7134181349534762,-0.6798192636282196,0.36616686843266866,-1.0669684514458675
-0.2392481662132827,-0.4363959778186554,-1.7055085812553072,-0.08431843910725746,-0.9968453954481643
0.9659556123589442,1.3642480435576791,-0.3379228244191904,-0.513352065335759,-0.9372407978501165
0.670803666586154,0.6716926507206273,0.6389241447494645,-1.4143226804156128,-0.25704715467239464
1.2119155671696027,-1.5444846063579383,0.39471240245730077,-2.7657786030353924,0.621244121698839
0.2034797524459027,0.2561594150183963,0.003973614789838794,0.2589084618755433,0.537096454501595
-0.9033400442020608,0.533181572153217,-1.7055085812553072,1.245685802201097,-0.6427239626597627
-0.48520812102394123,0.948714807855448,-0.04486873366859395,-1.1783541859899367,2.3147159240433735
1.2611075581317344,-1.5444846063579383,-1.6078238843384418,0.7952004946611702,0.25309807771089676
-1.3952599538233779,-0.9904402920882969,-1.168242748212547,0.7952004946611702,1.834372990459106
1.1135315852453394,1.5027591221250893,1.4204017200843884,-0.7493205597614351,-0.8390685194533318
-0.2392481662132827,-0.29788489925124506,-0.8751886574619506,-0.06286675779583284,0.9385509500884464
1.162723576207471,0.8102037292880377,-1.1194003997541144,-0.34173861484435897,-0.9670430966491403
0.031307784078441696,1.2257369649902687,-0.14255343058545944,-2.2080348889383403,-0.5690947538621742
0.32645972985123195,1.2257369649902687,1.1761899777922247,-0.34173861484435897,-0.7303777826568918
-1.542835926709773,0.948714807855448,0.931978235500061,0.5377803189240694,1.9641006440548572
-0.5589961074671388,0.2561594150183963,-0.4844498697944887,-0.5348037466471843,-0.6585016502592459
1.162723576207471,-0.15937382068383474,-1.3147697935878453,0.7737488133497455,1.5696584540677758
-1.715007895077234,-0.8519292135208865,-0.5332922182529214,0.1945534179412679,3.105353380417478
1.4086835310181296,0.6716926507206273,-0.8751886574619506,-0.2344802082872336,-0.18341794587480617
-1.5182399312287072,0.8102037292880377,0.931978235500061,0.9882656264639963,0.5388495309015376
0.5478236891808247,1.6412702006924997,1.27387467470909,-0.9852890541871112,0.6265033508986667
-0.48520812102394123,0.533181572153217,0.39471240245730077,-0.9638373728756858,-0.011616458680433128
-1.198491989974851,1.0872258864228583,-0.5332922182529214,-0.7064171971385851,0.30569036970917424
1.162723576207471,-1.6829956849253485,0.15050066016513702,0.5806836815469194,1.4364246476721396
0.4002477162944295,0.11764833645098596,1.6646134623765523,-2.12222816369264,-0.14660334147601195
-0.19005617525115098,0.6716926507206273,0.1993430086235698,-0.9209340102528358,-0.8250439082537913
-0.4606121255428754,-0.02086274211642439,1.5669287654596866,-2.5941651525439915,-0.7759577690553989
1.7038354767909198,-0.4363959778186554,-1.5101391874215764,0.1301983740069933,0.26361653611055225
1.4578755219802613,-0.9904402920882969,1.127347629333792,-0.6206104718928843,-0.6742793378587292
0.44943970725656124,1.0872258864228583,-0.3867651728776232,2.23246314252665,-0.733883935456777
1.4824715174613272,-0.29788489925124506,0.1993430086235698,1.1384273956439717,0.0935681253161218
-1.4198559493044438,1.0872258864228583,-1.5101391874215764,0.08729501138414254,-0.8495869778529874
-0.41142013458074367,-1.4059735277905279,-1.021715702837249,1.7176227910524486,-0.8653646654524706
0.9167636213968124,0.6716926507206273,-1.6566662327968746,-0.5562554279586097,-0.5638355246623465
-0.5098041165050071,-0.02086274211642439,1.6646134623765523,-1.4786777243498874,-0.8215377554539061
1.0397435988021417,0.2561594150183963,0.6877664932078973,1.2242341208896717,-0.574353983062002
-1.3706639583423121,0.2561594150183963,0.6877664932078973,-0.06286675779583284,0.6457871912980352
0.670803666586154,0.6716926507206273,-1.3147697935878453,-1.8648079879555388,1.7695091636612303
0.6953996620672198,0.11764833645098596,0.5900817962910317,1.8034295162981486,-0.5831193650617149
1.0643395942832077,1.3642480435576791,-0.2890804759607577,0.5806836815469194,0.08480274331640889
-0.362228143618612,-0.5749070563860658,1.6646134623765523,1.0311689890868463,-0.4726755518653322
1.0397435988021417,-1.2674624492231175,1.5669287654596866,-0.8351272850071351,0.18648117451307866
-0.38682413909967783,1.3642480435576791,0.2970277055404353,-0.9423856915642604,-0.7356370118567195
0.6216116756240222,-0.29788489925124506,-0.7286616120866524,0.5806836815469194,1.4872638632704747
-1.5674319221908388,1.0872258864228583,-1.3636121420462781,-0.7493205597614351,-0.565588601062289
1.4086835310181296,0.2561594150183963,0.2970277055404353,-0.42754534009005896,-0.7461554702563751
-1.4936439357476412,0.11764833645098596,1.1761899777922247,0.7093937694154702,-1.0669684514458675
-0.534400111986073,0.2561594150183963,-0.2890804759607577,0.36616686843266866,-0.09401104947773449
-0.7803600667967315,-0.7134181349534762,0.49239709937416626,0.5377803189240694,-0.9985984718481068
0.7691876485104173,-0.7134181349534762,-0.0937110821270267,0.5806836815469194,2.428665890039641
0.4740357027376271,0.6716926507206273,-1.6078238843384418,-0.8780306476299858,-0.5971439762612556
0.3756517208133637,-1.4059735277905279,1.322717023167523,0.6879420881040448,-0.08524566747802158
0.08049977504057342,-0.29788489925124506,1.4692440685428212,1.0955240330211218,2.4777520292380335
-1.2476839809369829,1.3642480435576791,-0.7286616120866524,-0.9423856915642604,-0.4726755518653322
-1.02632002160739,-1.4059735277905279,-1.5589815358800092,0.08729501138414254,-0.8618585126525854
0.8429756349536149,-0.7134181349534762,-0.7286616120866524,-0.6206104718928843,1.2102777920795467
0.5724196846618905,1.3642480435576791,-0.7775039605450852,0.4519735936783694,-0.9670430966491403
-0.9033400442020608,0.533181572153217,-1.4612968389631436,0.8810072199068709,0.2022588621125619
0.6953996620672198,1.0872258864228583,0.003973614789838794,1.4387509340039233,-0.8267969846537339
0.08049977504057342,0.39467049358580664,0.44355475091573354,-0.2773835709100836,-0.8232908318538487
1.0889355897642734,-1.4059735277905279,-1.2170850966709799,-1.5215810869727382,-0.36573789146883473
-1.715007895077234,-1.6829956849253485,-0.5821345667113542,-2.4654550646754414,-0.8443277486531596
1.2857035536128003,-0.9904402920882969,-1.6078238843384418,-1.7146462187755636,-0.5357863022632652
0.5724196846618905,0.2561594150183963,1.4204017200843884,-0.49190038402433434,-0.6024032054610833
1.187319571688537,1.5027591221250893,-1.7055085812553072,-0.8780306476299858,-0.7321308590568344
-0.4606121255428754,-1.4059735277905279,-1.168242748212547,-0.42754534009005896,-0.8215377554539061
0.6216116756240222,0.39467049358580664,-1.3636121420462781,0.2589084618755433,-1.0669684514458675
1.5562595039045246,0.6716926507206273,0.345870053998868,0.02293996744986792,-1.0091169302477623
-0.48520812102394123,1.5027591221250893,-1.5101391874215764,-1.1569025046785113,-0.11680104267698806
0.4248437117754954,1.6412702006924997,1.127347629333792,0.516328637612644,2.6250104468332105
-1.1738959944937852,-0.7134181349534762,-1.3147697935878453,-0.08431843910725746,2.104346756050264
-0.26384416169434854,0.6716926507206273,1.6157711139181195,0.23745678056411867,2.7459727184292486
0.9659556123589442,0.948714807855448,-1.7055085812553072,-0.01996339517298284,-0.9039323462512074
-0.6819760848724681,-0.8519292135208865,-1.3636121420462781,-0.34173861484435897,-0.43410787106659543
1.2365115626506686,0.2561594150183963,-1.3147697935878453,-0.19157684566438285,-0.5690947538621742
-1.6658159041151024,-1.1289513706557073,0.541239447832599,0.7093937694154702,-0.09751720227761965
0.9659556123589442,-0.5749070563860658,1.5669287654596866,-0.38464197746720896,-0.7777108454553415
0.7691876485104173,-1.6829956849253485,-0.19139577904389218,1.0740723517096964,-0.7128470186574659
1.2857035536128003,-1.6829956849253485,-0.8751886574619506,-1.328515955169912,0.0006550761191649468
-1.7396038905582998,1.2257369649902687,-0.3379228244191904,0.8595555385954455,-1.1002769030447765
1.0889355897642734,1.0872258864228583,0.24818535708200254,0.9882656264639963,-0.10102335507750482
-0.8295520577588632,-1.2674624492231175,0.8342935385831954,1.0311689890868463,-0.6900570254582123
1.015147603321076,1.6412702006924997,-1.3636121420462781,-0.8994823289414104,-0.6234401222603942
-0.8049560622777974,0.39467049358580664,0.5900817962910317,-0.7064171971385851,-0.6795385670585569
-0.38682413909967783,-0.5749070563860658,-1.7055085812553072,-0.8994823289414104,-0.767192387055686
-0.19005617525115098,-1.4059735277905279,-0.6798192636282196,0.8166521759725955,-1.077486909845523
1.0643395942832077,1.0872258864228583,-1.2659274451294127,-0.1701251643529582,-0.9319815686502887
0.5478236891808247,-1.4059735277905279,-0.0937110821270267,-1.7146462187755636,-0.20620793907405974
-0.21465217073221685,-1.6829956849253485,0.003973614789838794,1.2242341208896717,-0.2412694670729114
-0.31303615265648027,-1.1289513706557073,0.49239709937416626,-1.736097900086989,1.7502253232618619
1.6054514948666565,-1.4059735277905279,0.39471240245730077,-0.2344802082872336,-0.9337346450502313
-0.48520812102394123,-0.8519292135208865,1.0785052808753592,0.38761854974409404,0.06201275011715532
0.15428776148377096,0.39467049358580664,0.1016583117067043,-0.8136756036957105,-0.4428732530663083
1.015147603321076,0.2561594150183963,1.127347629333792,1.2242341208896717,-0.42358941266693995
0.12969176600270513,1.5027591221250893,-0.8751886574619506,1.1813307582668218,-0.6620078030591311
-1.542835926709773,-0.8519292135208865,1.322717023167523,1.0955240330211218,-0.2588002310723372
-0.8049560622777974,-0.29788489925124506,-1.6078238843384418,-0.7064171971385851,-0.7496616230562602
-0.21465217073221685,-0.4363959778186554,-1.6566662327968746,2.1681080985923753,-0.6462301154596478
0.9659556123589442,0.6716926507206273,0.24818535708200254,-1.7146462187755636,3.484017882805076
-1.3706639583423121,0.39467049358580664,-0.4356075213360559,-0.49190038402433434,-0.7356370118567195
0.12969176600270513,0.39467049358580664,1.3715593716259558,0.32326350580981866,2.4321720428395266
-1.4198559493044438,1.2257369649902687,-0.4844498697944887,0.3018118244983933,-0.9635369438492553
0.031307784078441696,-1.4059735277905279,-1.412454490504711,-3.1090055040181936,0.2706288417103226
-1.3460679628612462,-1.1289513706557073,0.44355475091573354,0.2160050992526933,-0.2097140918739449
-1.223087985455917,-1.4059735277905279,-0.0937110821270267,1.0955240330211218,-0.29561483547113143
0.12969176600270513,-1.6829956849253485,-1.5589815358800092,-0.6635138345157351,-0.8285500610536763
0.9659556123589442,1.6412702006924997,-0.7775039605450852,-0.9209340102528358,-0.7286247062569492
-0.19005617525115098,0.8102037292880377,1.4204017200843884,0.8595555385954455,0.27413499451020773
0.8183796394725491,0.948714807855448,-1.168242748212547,0.7093937694154702,-1.0178823122474752
0.08049977504057342,-1.1289513706557073,0.7854511901247627,-0.3202869335329336,-0.8899077350516668
0.08049977504057342,-1.6829956849253485,1.27387467470909,0.9024589012182955,2.7599973296287894
0.22807574792696855,-0.5749070563860658,-1.168242748212547,1.1169757143325463,0.46171416930406406
0.8429756349536149,-0.29788489925124506,1.5669287654596866,0.7952004946611702,-0.2307510086732559
1.3102995490938663,-0.02086274211642439,-0.9728733543788162,-2.336744976806891,-0.06946797987853834
-0.28844015717541444,0.2561594150183963,0.8342935385831954,0.9239105825297209,0.64228103849815
-0.9771280306452583,0.39467049358580664,-0.6798192636282196,-2.6585201964782668,-0.2097140918739449
0.44943970725656124,0.2561594150183963,-0.3379228244191904,-0.7493205597614351,-0.7969946858547099
-1.3460679628612462,0.11764833645098596,-0.14255343058545944,0.9453622638411455,1.753731476061747
0.5232276936997589,0.533181572153217,0.931978235500061,0.9239105825297209,0.22329577891187288
0.9659556123589442,-0.15937382068383474,-0.2890804759607577,0.1945534179412679,1.254104702078111
-1.3706639583423121,0.533181572153217,0.6877664932078973,0.9453622638411455,0.10759273651566245
0.17888375696483683,-0.5749070563860658,0.6389241447494645,0.5806836815469194,-1.107289208644547
-0.7065720803535339,1.6412702006924997,-0.4844498697944887,0.6664904067926202,-1.0178823122474752
-1.6166239131529705,1.5027591221250893,-1.6078238843384418,0.5592320002354948,0.1040865837157773
0.7691876485104173,0.948714807855448,1.7134558108349849,1.4387509340039233,-0.733883935456777
-0.854148053239929,-1.1289513706557073,-1.2659274451294127,-0.42754534009005896,-0.6795385670585569
0.4740357027376271,-0.29788489925124506,0.1993430086235698,0.5592320002354948,-0.9898330898483939
0.08049977504057342,0.39467049358580664,-1.7055085812553072,0.43052191236694404,2.172716735648024
0.4248437117754954,-1.2674624492231175,-1.021715702837249,0.516328637612644,0.675589490097059
0.8921676259157466,-0.7134181349534762,0.49239709937416626,0.001488286138442538,1.720423024462838
-0.09167219332688757,-1.5444846063579383,0.003973614789838794,-0.6420621532043097,-0.926722339450461
1.015147603321076,1.3642480435576791,0.39471240245730077,-0.12722180173010822,-0.9179569574507481
-0.6081880984292706,-0.15937382068383474,0.8342935385831954,-0.8994823289414104,-0.725118553457064
0.9659556123589442,-0.9904402920882969,-0.4356075213360559,2.1252047359695245,-0.6742793378587292
-0.01788420688369001,-1.6829956849253485,-0.6798192636282196,0.7737488133497455,-1.010870006647705
-1.6658159041151024,-0.5749070563860658,0.931978235500061,-0.19157684566438285,-0.7303777826568918
-0.7065720803535339,0.39467049358580664,0.6877664932078973,0.7737488133497455,0.1899873273129638
-0.534400111986073,-1.6829956849253485,-0.4356075213360559,-0.38464197746720896,-0.8040069914544802
1.679239481309854,1.3642480435576791,-1.4612968389631436,-0.34173861484435897,-0.5287739966634949
-0.21465217073221685,-0.29788489925124506,-1.2659274451294127,0.7737488133497455,-1.073980757045638
-1.050916017088456,0.948714807855448,-0.8751886574619506,-0.5348037466471843,0.07253120851681082
-0.6081880984292706,0.533181572153217,-1.021715702837249,-0.7922239223842851,2.4742458764381485
-0.19005617525115098,-1.1289513706557073,-0.0937110821270267,-1.6288394935298636,1.250598549278226
1.5316635084234589,-1.4059735277905279,-1.412454490504711,-1.1139991420556612,-0.6059093582609685
-1.3460679628612462,-0.29788489925124506,0.8342935385831954,-0.6635138345157351,-0.3850217318682031
-0.14086418428901928,1.0872258864228583,-1.2659274451294127,-0.3202869335329336,-0.8127723734541932
-1.5920279176719048,1.3642480435576791,-0.04486873366859395,1.910687922855274,-0.6585016502592459
0.6216116756240222,-0.7134181349534762,1.322717023167523,0.7952004946611702,0.058506597317270155
0.4002477162944295,-0.4363959778186554,-1.5101391874215764,0.43052191236694404,-1.0354130762469012
-0.43601613006180956,1.6412702006924997,0.1993430086235698,0.10874669269556791,1.888718358857326
-1.3706639583423121,-0.15937382068383474,-0.6798192636282196,-1.0925474607442367,0.47223262770371954
1.2611075581317344,-0.5749070563860658,1.518086417001254,-0.19157684566438285,0.1619381049138825
-0.31303615265648027,1.5027591221250893,1.322717023167523,-2.5727134712325666,-0.14835641787595452
-1.198491989974851,1.6412702006924997,-1.2170850966709799,-0.5562554279586097,-0.37976250266837536
0.5232276936997589,0.533181572153217,1.1761899777922247,-0.3202869335329336,0.2986780641094039
0.2526717434080344,-0.29788489925124506,-0.3867651728776232,0.8381038572840201,0.23381423731152837
-0.7065720803535339,-1.6829956849253485,-0.9240310059203835,1.8463328789209994,-0.8513400542529299
0.8183796394725491,-0.02086274211642439,0.6389241447494645,0.6021353628583448,0.4143811065056143
0.32645972985123195,-0.29788489925124506,-1.4612968389631436,0.23745678056411867,0.07603736131669597
0.8921676259157466,-1.1289513706557073,-0.04486873366859395,-0.34173861484435897,0.08480274331640889
1.5316635084234589,-1.2674624492231175,0.39471240245730077,2.06084969203525,-0.8022539150545377
-0.878744048720995,0.948714807855448,-0.5821345667113542,-0.3631902961557836,2.3024443892437754
1.6546434858287882,0.8102037292880377,0.8342935385831954,2.0823013733466755,-0.595390899861313
-0.8295520577588632,1.2257369649902687,-0.5332922182529214,-0.49190038402433434,0.25134500131095416
-0.41142013458074367,-0.8519292135208865,-0.4844498697944887,-0.49190038402433434,-1.0301538470470732
0.08049977504057342,1.5027591221250893,1.5669287654596866,1.5460093405610487,-0.788229303854997
1.0397435988021417,-0.7134181349534762,-1.7055085812553072,0.34471518712124405,0.25309807771089676
1.2611075581317344,0.2561594150183963,0.73660884166633,-0.6420621532043097,-0.08173951467813641
0.3018637343701661,1.0872258864228583,-0.04486873366859395,1.1384273956439717,0.9455632556882166
0.4248437117754954,-1.2674624492231175,0.003973614789838794,-2.2294865702497653,0.3372457449081407
-0.7803600667967315,0.2561594150183963,-1.6566662327968746,0.43052191236694404,0.3407518977080259
-0.16546017977008515,0.948714807855448,-1.5589815358800092,0.8595555385954455,0.5756641353003319
1.334895544574932,-0.8519292135208865,-1.3636121420462781,-0.6849655158271597,0.9350447972885612
-1.6166239131529705,0.6716926507206273,-0.04486873366859395,-2.980295416149643,-0.7198593242572363
-0.6819760848724681,0.11764833645098596,1.2250323262506575,0.8810072199068709,-0.18517102227474874
-0.3376321481375461,-1.5444846063579383,-0.6798192636282196,0.7308454507268948,1.44343695327191
-1.4936439357476412,-0.15937382068383474,0.8342935385831954,-1.7790012627098388,-0.36223173866894953
0.8921676259157466,-1.4059735277905279,-1.5101391874215764,-1.4143226804156128,-0.8197846790539635
1.7038354767909198,1.3642480435576791,-1.2170850966709799,0.7093937694154702,0.8456379008914895
-1.542835926709773,0.39467049358580664,-1.3147697935878453,0.23745678056411867,1.3925977376735752
-1.3952599538233779,-1.6829956849253485,-0.5332922182529214,-1.0067407354985358,0.2320611609115858
-1.690411899596168,-0.5749070563860658,-0.7775039605450852,0.4948769563012194,-0.09927027867756223
0.5232276936997589,1.3642480435576791,-0.6309769151697869,-1.0281924168099612,-0.3587255858690644
0.22807574792696855,-1.2674624492231175,-0.3867651728776232,-0.6635138345157351,-0.6795385670585569
1.187319571688537,-1.4059735277905279,-0.9728733543788162,-0.7493205597614351,-0.670773185058844
-1.2476839809369829,-0.15937382068383474,1.5669287654596866,0.7952004946611702,0.4108749537057292
0.6953996620672198,1.3642480435576791,-1.3636121420462781,0.8810072199068709,2.635528905232866
-1.2476839809369829,-0.15937382068383474,-0.24023812750232493,0.9882656264639963,-0.5094901562641264
0.9413596168778784,0.6716926507206273,0.49239709937416626,0.08729501138414254,-0.7110939422575234
-0.7065720803535339,0.8102037292880377,-1.5589815358800092,0.001488286138442538,2.2849136252443496
-1.3952599538233779,0.39467049358580664,-1.2659274451294127,2.23246314252665,-0.8180316026540209
1.1135315852453394,0.11764833645098596,0.15050066016513702,-2.8515853282810926,-0.7777108454553415
1.507067512942393,1.6412702006924997,0.1993430086235698,1.2885891648239471,-0.8986731170513796
0.8429756349536149,0.11764833645098596,-1.7055085812553072,-0.14867348304153283,-0.6041562818610259
-0.2392481662132827,1.6412702006924997,0.73660884166633,0.6021353628583448,1.1629447292810968
0.031307784078441696,0.6716926507206273,1.0296629324169264,-0.7278688784500097,-0.5620824482624039
-1.050916017088456,1.6412702006924997,1.27387467470909,-0.19157684566438285,0.5213187669021119
0.3756517208133637,-0.5749070563860658,-1.6566662327968746,-0.8136756036957105,-0.670773185058844
1.6546434858287882,1.0872258864228583,-0.3379228244191904,-0.06286675779583284,1.4837577104705895
0.17888375696483683,-1.6829956849253485,0.345870053998868,0.9239105825297209,0.20576501491244706
0.10509577052163926,-1.6829956849253485,-0.3867651728776232,-0.2130285269758082,-0.8005008386545951
-0.19005617525115098,1.6412702006924997,0.73660884166633,-0.2344802082872336,-0.7759577690553989
0.2526717434080344,-1.5444846063579383,-0.4844498697944887,0.8381038572840201,0.5160595377022841
-0.878744048720995,-0.02086274211642439,-1.1194003997541144,0.6450387254811948,-1.1002769030447765
-0.9279360396831267,0.39467049358580664,0.5900817962910317,1.2885891648239471,0.025198145718361094
1.507067512942393,-0.02086274211642439,-0.6309769151697869,-0.01996339517298284,0.8824525052902837
0.6953996620672198,-1.2674624492231175,1.322717023167523,-1.9935180758240896,3.243846416012942
-1.5182399312287072,-0.9904402920882969,1.7134558108349849,-0.6849655158271597,-0.7619331578558582
1.187319571688537,0.6716926507206273,1.1761899777922247,1.245685802201097,-0.1220602718768158
-0.09167219332688757,0.2561594150183963,0.1993430086235698,-0.2988352522215082,-0.6900570254582123
1.6300474903477222,0.6716926507206273,-1.2659274451294127,-1.8004529440212635,0.11460504211543278
1.2857035536128003,-0.15937382068383474,0.1993430086235698,0.47342527498979403,2.2603705556451534
0.17888375696483683,-0.29788489925124506,1.27387467470909,-0.9852890541871112,-0.051937215879112514
1.0643395942832077,-1.6829956849253485,-0.2890804759607577,-0.2988352522215082,-0.733883935456777
-1.198491989974851,-0.02086274211642439,0.931978235500061,-1.6073878122184382,-0.29386175907118883
-0.2392481662132827,0.8102037292880377,-1.3147697935878453,-0.3202869335329336,-0.896920040651437
-0.31303615265648027,-1.2674624492231175,-1.412454490504711,0.02293996744986792,-0.8005008386545951
-0.26384416169434854,-0.4363959778186554,1.2250323262506575,-1.2212575486127866,-0.6672670322589588
-0.7557640713156657,0.533181572153217,-0.04486873366859395,-0.14867348304153283,-0.6777854906586144
0.8429756349536149,-0.8519292135208865,-1.3147697935878453,0.47342527498979403,2.72668887802988
-0.4606121255428754,0.2561594150183963,-0.14255343058545944,1.3100408461353725,-0.19744255707434683
-0.4606121255428754,-1.6829956849253485,1.518086417001254,-0.6635138345157351,0.37406034930693494
0.7445916530293515,-0.15937382068383474,0.541239447832599,0.5806836815469194,1.8501506780585892
-1.542835926709773,0.948714807855448,-1.3636121420462781,-2.958843734838218,-0.42183633626699735
1.138127580726405,1.0872258864228583,-1.2659274451294127,-1.049644098121386,-0.6181808930605666
0.9659556123589442,-0.8519292135208865,0.1016583117067043,0.4519735936783694,-0.02213491708008862
-1.02632002160739,1.3642480435576791,0.8342935385831954,1.1598790769553964,1.531090773269039
1.015147603321076,0.11764833645098596,-1.3636121420462781,0.2160050992526933,2.8143426980270094
0.031307784078441696,0.2561594150183963,-0.5332922182529214,1.1384273956439717,0.29517191130951875
0.5478236891808247,-0.02086274211642439,1.2250323262506575,-0.47044870271290895,-0.7864762274550544
-0.5589961074671388,0.39467049358580664,-0.24023812750232493,0.7952004946611702,0.012926610918763022
1.4086835310181296,0.2561594150183963,-0.8263463090035179,1.3743958900696471,0.11285196571549021
1.138127580726405,0.533181572153217,1.0785052808753592,-0.6635138345157351,-0.4060586486675141
-0.534400111986073,1.0872258864228583,-1.5589815358800092,-0.9209340102528358,0.2303080845116432
0.08049977504057342,-1.1289513706557073,-0.2890804759607577,-1.4572260430384627,2.72668887802988
0.2034797524459027,1.3642480435576791,-0.6798192636282196,-0.2344802082872336,-0.07122105627848092
0.7937836439914832,1.6412702006924997,1.1761899777922247,0.7093937694154702,-0.3709971206686625
0.7937836439914832,-0.4363959778186554,0.003973614789838794,-0.38464197746720896,-1.0091169302477623
-0.8295520577588632,-0.29788489925124506,-0.0937110821270267,1.2027824395782472,-0.8443277486531596
-0.5835921029482046,-1.1289513706557073,1.2250323262506575,-0.6849655158271597,-0.3447009746695237
-1.5674319221908388,-1.4059735277905279,-1.6078238843384418,1.1384273956439717,0.44067725250475304
1.138127580726405,1.3642480435576791,-1.2659274451294127,1.1169757143325463,0.42840571770515495
0.8429756349536149,-0.7134181349534762,1.7134558108349849,-1.0067407354985358,-0.53228014946338
0.4740357027376271,-1.2674624492231175,-0.9728733543788162,0.6879420881040448,0.08129659051652373
0.2526717434080344,-1.6829956849253485,1.27387467470909,0.3018118244983933,1.2383270144786278
-0.7803600667967315,-0.29788489925124506,0.49239709937416626,-0.1701251643529582,0.2706288417103226
1.334895544574932,-1.5444846063579383,-1.021715702837249,-0.7278688784500097,-0.34996020386935145
1.4086835310181296,-1.5444846063579383,-1.3636121420462781,-2.7872302843468173,0.17245656331353798
-1.02632002160739,-0.8519292135208865,1.6646134623765523,1.1169757143325463,-0.8215377554539061
0.5232276936997589,0.6716926507206273,-0.3867651728776232,-0.8780306476299858,-0.7181062478572937
0.7445916530293515,1.2257369649902687,-1.6566662327968746,1.2027824395782472,0.17245656331353798
0.22807574792696855,0.6716926507206273,-0.0937110821270267,1.1813307582668218,-0.5866255178616001
-0.042480202364755866,0.8102037292880377,0.931978235500061,0.5592320002354948,-0.1220602718768158
-0.19005617525115098,-1.1289513706557073,1.4692440685428212,0.9024589012182955,-0.17640564027503586
0.7937836439914832,-0.9904402920882969,-1.4612968389631436,1.6103643844953233,-0.6357116570599923
0.35105572533229784,1.0872258864228583,-0.2890804759607577,0.8595555385954455,-1.0248946178472456
0.6953996620672198,0.6716926507206273,-0.9240310059203835,0.38761854974409404,0.4845041625033176
-1.6166239131529705,0.2561594150183963,1.2250323262506575,0.38761854974409404,1.045488610484944
0.08049977504057342,1.5027591221250893,1.7134558108349849,0.9668139451525709,-0.9372407978501165
-0.6573800893914022,-0.5749070563860658,-1.5589815358800092,1.3743958900696471,-0.7864762274550544
-1.1247040035316536,-1.1289513706557073,-1.2170850966709799,1.1169757143325463,-0.1904302514745765
-1.2476839809369829,-0.15937382068383474,0.2970277055404353,-0.6849655158271597,-0.8390685194533318
-1.5674319221908388,0.6716926507206273,-1.3147697935878453,0.34471518712124405,0.5616395241007912
-1.542835926709773,-0.9904402920882969,1.1761899777922247,-1.564484449595588,1.7940522332604265
-0.534400111986073,1.5027591221250893,1.322717023167523,-0.01996339517298284,-0.9284754158504036
-0.8049560622777974,-0.02086274211642439,0.8342935385831954,-0.34173861484435897,-0.7777108454553415
-1.4198559493044438,0.39467049358580664,1.6157711139181195,0.43052191236694404,0.4389241761048105
-0.19005617525115098,0.6716926507206273,1.127347629333792,-0.513352065335759,-0.8583523598527003
1.359491540055998,-0.29788489925124506,1.0785052808753592,-0.19157684566438285,-0.7899823802549396
1.5316635084234589,-1.6829956849253485,0.15050066016513702,-0.08431843910725746,1.5924484472670295
-0.5098041165050071,-1.6829956849253485,-1.168242748212547,0.36616686843266866,1.3189685288759867
-0.19005617525115098,1.6412702006924997,0.15050066016513702,-0.5348037466471843,-0.19919563347428942
0.7691876485104173,0.533181572153217,-1.021715702837249,0.7952004946611702,0.8070702200927528
-0.28844015717541444,0.2561594150183963,-0.8751886574619506,-0.6635138345157351,-0.6935631782580975
0.2034797524459027,-0.29788489925124506,-1.168242748212547,0.32326350580981866,0.053247368117442406
-1.050916017088456,-0.7134181349534762,-0.3867651728776232,-2.958843734838218,0.09532120171606438
-0.3376321481375461,-0.4363959778186554,-1.5589815358800092,-0.01996339517298284,-0.7742046926554563
0.44943970725656124,-0.02086274211642439,0.003973614789838794,0.08729501138414254,-0.8899077350516668
0.9659556123589442,-1.4059735277905279,0.6389241447494645,-0.9852890541871112,-0.050184139479169936
-1.1492999990127193,0.8102037292880377,0.15050066016513702,1.910687922855274,-0.7847231510551118
1.2857035536128003,-0.9904402920882969,0.2970277055404353,0.7522971320383202,0.36003573810739425
-0.43601613006180956,-0.5749070563860658,-1.2170850966709799,1.4387509340039233,-0.830303137453619
0.9167636213968124,0.533181572153217,0.05281596324827154,0.06584333007271792,1.539856155268752
-0.41142013458074367,-1.6829956849253485,1.6157711139181195,-0.38464197746720896,-0.7303777826568918
0.8183796394725491,-1.2674624492231175,1.0785052808753592,-0.9209340102528358,-0.6339585806600497
-1.5674319221908388,1.6412702006924997,1.5669287654596866,-0.01996339517298284,-1.1143015142443173
-1.198491989974851,-0.29788489925124506,-0.14255343058545944,0.8381038572840201,0.28465345290986327
1.015147603321076,1.3642480435576791,1.518086417001254,1.0955240330211218,-0.24652869627273913
-1.6166239131529705,0.533181572153217,-0.8751886574619506,-1.2212575486127866,1.4416838768719675
-1.198491989974851,0.2561594150183963,1.4692440685428212,0.7308454507268948,-1.052943840246327
-0.6819760848724681,-0.8519292135208865,-0.9240310059203835,0.8381038572840201,0.1707034869135954
1.4578755219802613,0.948714807855448,0.7854511901247627,0.02293996744986792,-0.5690947538621742
1.2857035536128003,-1.1289513706557073,0.1016583117067043,2.06084969203525,-0.7619331578558582
0.646207671105088,-1.2674624492231175,-1.5101391874215764,-1.1783541859899367,0.7509717752945901
-0.14086418428901928,-0.15937382068383474,-0.4356075213360559,0.9882656264639963,-0.3972932666678012
-1.223087985455917,-1.2674624492231175,-1.021715702837249,0.7308454507268948,1.4942761688702448
-1.050916017088456,-0.5749070563860658,1.0296629324169264,-1.6931945374641382,1.9711129496546274
-0.362228143618612,-1.1289513706557073,1.4692440685428212,-2.894488690903943,-0.14485026507606938
-1.050916017088456,-1.1289513706557073,-0.04486873366859395,0.4519735936783694,0.07077813211686823
1.334895544574932,1.0872258864228583,-0.19139577904389218,0.02293996744986792,-1.0213884650473604
-1.6658159041151024,-1.6829956849253485,1.2250323262506575,-0.2773835709100836,0.05675352091732758
-0.9279360396831267,0.2561594150183963,-1.5101391874215764,-1.1139991420556612,-0.47968785746510256
1.6054514948666565,0.39467049358580664,1.2250323262506575,0.9453622638411455,1.8448914488587616
1.6300474903477222,-1.4059735277905279,1.3715593716259558,0.9453622638411455,0.15667887571405475
0.17888375696483683,-0.9904402920882969,1.1761899777922247,0.044391648761292535,-0.8864015822517816
-0.26384416169434854,-1.1289513706557073,-0.3379228244191904,-0.3202869335329336,2.5075543280370574
0.10509577052163926,0.11764833645098596,-1.1194003997541144,-1.8648079879555388,1.3102031468762738
0.08049977504057342,-0.5749070563860658,-0.3379228244191904,-0.7278688784500097,-0.8145254498541358
0.031307784078441696,-1.2674624492231175,1.5669287654596866,1.0311689890868463,-0.2640594602721649
1.679239481309854,0.2561594150183963,-0.8751886574619506,-0.08431843910725746,2.372567445241479
-1.4936439357476412,-1.5444846063579383,0.39471240245730077,-0.40609365877863357,-0.6374647334599349
0.7445916530293515,-1.6829956849253485,-0.8751886574619506,-0.42754534009005896,-0.6392178098598775
1.4332795264991955,0.533181572153217,0.24818535708200254,0.8810072199068709,0.007667381718935275
-0.5589961074671388,0.533181572153217,0.7854511901247627,0.10874669269556791,2.3567897576419954
0.9905516078400101,-0.5749070563860658,1.1761899777922247,-0.8136756036957105,0.10583966011571987
-0.7557640713156657,0.39467049358580664,1.6157711139181195,0.34471518712124405,-1.0389192290467861
1.5316635084234589,1.6412702006924997,0.6389241447494645,-0.7064171971385851,-0.18517102227474874
-0.41142013458074367,-0.02086274211642439,1.322717023167523,-0.5348037466471843,-0.8355623666534467
1.4578755219802613,0.948714807855448,1.322717023167523,0.6664904067926202,-0.2482817726726817
0.17888375696483683,-1.2674624492231175,-1.412454490504711,-0.2130285269758082,-0.9495123326497146
-1.5920279176719048,0.2561594150183963,-0.7775039605450852,-1.3928709991041874,1.8238545320594506
-1.5182399312287072,-0.15937382068383474,1.6646134623765523,-0.2130285269758082,-0.7198593242572363
0.7199956575482857,0.39467049358580664,0.05281596324827154,1.0740723517096964,2.144667513248943
-1.690411899596168,0.8102037292880377,-0.9728733543788162,0.6235870441697694,-1.1037830558446617
1.5808554993855906,-1.5444846063579383,-1.2170850966709799,1.1169757143325463,1.0823032148837382
1.2365115626506686,-0.02086274211642439,0.003973614789838794,0.6235870441697694,-0.051937215879112514
1.4086835310181296,1.2257369649902687,-1.412454490504711,0.5377803189240694,-0.3692440442687199
-0.4606121255428754,-0.02086274211642439,0.7854511901247627,0.5806836815469194,-1.0301538470470732
-0.38682413909967783,0.533181572153217,0.44355475091573354,0.8381038572840201,0.2881596057097484
0.7445916530293515,0.2561594150183963,-0.0937110821270267,0.10874669269556791,0.9788717072871258
1.5316635084234589,-1.4059735277905279,1.1761899777922247,0.47342527498979403,-1.0687215278458102
-0.11626818880795343,-1.6829956849253485,-1.6566662327968746,1.1384273956439717,-0.3026271410709018
-1.3952599538233779,0.11764833645098596,1.322717023167523,-1.1783541859899367,0.6265033508986667
0.9659556123589442,-0.5749070563860658,1.0296629324169264,0.6664904067926202,0.002408152519107529
1.4332795264991955,0.6716926507206273,-0.5821345667113542,-0.5562554279586097,-0.4060586486675141
-0.11626818880795343,0.533181572153217,-0.7286616120866524,0.044391648761292535,-0.9319815686502887
1.359491540055998,-0.9904402920882969,0.15050066016513702,-1.285612592547062,2.966860344822014
-0.06707619784582172,-0.15937382068383474,-1.2170850966709799,0.5806836815469194,0.26712268891043744
1.3840875355370637,0.2561594150183963,-1.2170850966709799,0.8810072199068709,1.003414776886322
-0.26384416169434854,-1.1289513706557073,0.8831358870416283,-0.6635138345157351,-0.7934885330548247
-0.43601613006180956,1.6412702006924997,0.73660884166633,-2.315293295495466,-0.7198593242572363
0.05590377955950755,1.2257369649902687,-1.5589815358800092,-0.38464197746720896,0.20050578571261932
-1.0017240261263243,-1.1289513706557073,-1.2659274451294127,0.08729501138414254,-1.010870006647705
1.679239481309854,-0.8519292135208865,-0.24023812750232493,-0.38464197746720896,2.170963659248082
1.6300474903477222,0.39467049358580664,-1.021715702837249,-3.0661021413953433,0.48976339170314537
1.3102995490938663,-0.9904402920882969,-0.6309769151697869,-0.47044870271290895,-0.7146000950574085
-0.878744048720995,0.533181572153217,-1.412454490504711,0.06584333007271792,-0.9302284922503461
0.5232276936997589,-1.5444846063579383,-0.2890804759607577,0.516328637612644,0.1899873273129638
-1.6412199086340364,0.39467049358580664,1.6646134623765523,0.8810072199068709,-1.0459315346465565
-1.1247040035316536,0.6716926507206273,0.05281596324827154,0.5377803189240694,2.670590433231718
0.5232276936997589,-0.4363959778186554,-0.3379228244191904,-0.47044870271290895,-0.872376971052241
-0.7803600667967315,0.11764833645098596,0.1993430086235698,0.1945534179412679,-0.9740554022489107
1.2611075581317344,0.948714807855448,0.8342935385831954,0.34471518712124405,2.463727418038493
1.4578755219802613,1.3642480435576791,1.4692440685428212,-0.7707722410728605,0.016432763718648186
0.646207671105088,-0.9904402920882969,0.1993430086235698,-0.3631902961557836,-0.565588601062289
0.031307784078441696,0.39467049358580664,1.5669287654596866,-0.5348037466471843,1.3592892860746661
1.3102995490938663,-0.15937382068383474,-0.7775039605450852,0.1516500553184179,-1.0757338334455804
0.32645972985123195,-0.15937382068383474,-0.19139577904389218,-0.2344802082872336,1.8063237680600248
0.7691876485104173,0.2561594150183963,-1.5589815358800092,0.5806836815469194,1.1138585900827045
-1.3952599538233779,1.3642480435576791,1.4692440685428212,-0.2988352522215082,-0.8618585126525854
1.187319571688537,1.3642480435576791,-1.1194003997541144,1.3743958900696471,-0.3341825162698682
1.3840875355370637,-0.9904402920882969,0.49239709937416626,0.8166521759725955,0.5020349265027434
-1.2968759718991145,1.6412702006924997,-1.168242748212547,0.9882656264639963,-0.35346635666923665
1.6300474903477222,-0.7134181349534762,0.1016583117067043,-0.01996339517298284,-0.9652900202491977
-0.01788420688369001,-1.6829956849253485,1.322717023167523,1.0311689890868463,-0.6444770390597052
0.49863169821869296,0.39467049358580664,1.5669287654596866,0.6664904067926202,-1.010870006647705
0.49863169821869296,-1.1289513706557073,-0.3379228244191904,-1.7790012627098388,0.030457374918188843
0.2034797524459027,-0.4363959778186554,-0.19139577904389218,-2.7657786030353924,-0.22549177947342813
1.6300474903477222,1.5027591221250893,1.127347629333792,0.001488286138442538,-0.8285500610536763
-1.1247040035316536,1.5027591221250893,-1.3636121420462781,1.0311689890868463,-0.6760324142586718
-0.9279360396831267,-0.5749070563860658,-0.5821345667113542,-0.1701251643529582,-0.9197100338506906
-0.9771280306452583,0.2561594150183963,0.39471240245730077,-0.6849655158271597,-0.8408215958532744
-1.4444519447855095,-1.5444846063579383,0.6877664932078973,-0.3202869335329336,-0.7952416094547673
-0.6081880984292706,-0.02086274211642439,-1.3636121420462781,-0.04141507648440746,-0.8232908318538487
0.7937836439914832,-0.4363959778186554,-0.6309769151697869,1.9750429667895502,-0.7373900882566621
-1.5920279176719048,-1.6829956849253485,0.15050066016513702,0.28036014318696867,-1.1002769030447765
0.17888375696483683,-0.8519292135208865,-1.168242748212547,-2.5512617899211416,-0.2588002310723372
1.162723576207471,-0.8519292135208865,-0.9728733543788162,-0.2344802082872336,-0.276330995071763
0.5970156801429564,0.533181572153217,0.2970277055404353,0.47342527498979403,-0.0536902922790551
-1.3214719673801802,1.6412702006924997,-0.5821345667113542,-0.2559318895986582,-0.4411201766663657
-1.690411899596168,-0.9904402920882969,-1.2659274451294127,0.06584333007271792,-1.052943840246327
-0.09167219332688757,-1.1289513706557073,0.39471240245730077,1.2671374835125218,0.537096454501595
-1.4936439357476412,-1.6829956849253485,1.0296629324169264,1.3529442087582224,0.05675352091732758
1.2611075581317344,1.6412702006924997,0.05281596324827154,0.08729501138414254,-0.7146000950574085
-1.2476839809369829,0.8102037292880377,0.24818535708200254,-0.2130285269758082,-0.5235147674636671
-1.4444519447855095,-1.1289513706557073,1.2250323262506575,-0.34173861484435897,-0.9828207842486236
-1.1492999990127193,1.3642480435576791,1.5669287654596866,0.23745678056411867,-1.0687215278458102
-0.042480202364755866,-0.7134181349534762,0.8831358870416283,-0.7922239223842851,0.9928963184866664
-1.4690479402665755,1.3642480435576791,-0.6309769151697869,-1.9935180758240896,-0.13783795947629904
-0.6081880984292706,1.2257369649902687,0.39471240245730077,-0.10577012041868285,-0.36573789146883473
0.12969176600270513,0.39467049358580664,1.6646134623765523,-0.04141507648440746,-0.7531677758561454
-0.6573800893914022,0.2561594150183963,-1.3636121420462781,-0.7278688784500097,-0.8373154430533893
-1.5182399312287072,1.2257369649902687,-1.3147697935878453,1.331492527446797,-0.09401104947773449
-1.198491989974851,-1.2674624492231175,-1.4612968389631436,1.0955240330211218,-0.6392178098598775
1.0397435988021417,1.6412702006924997,-0.6309769151697869,0.5592320002354948,-0.9547715618495423
1.5562595039045246,-1.2674624492231175,0.1993430086235698,0.6021353628583448,1.6906207256638142
-0.31303615265648027,0.8102037292880377,-0.3867651728776232,-1.5001294056613128,-0.2675656130720501
-0.9525320351641925,1.6412702006924997,-0.24023812750232493,0.34471518712124405,0.21453039691215997
1.679239481309854,0.948714807855448,0.39471240245730077,-0.3202869335329336,-0.6812916434584995
-1.2722799764180486,-1.5444846063579383,0.8831358870416283,-0.44899702140148434,-0.9126977282509203
1.162723576207471,-1.6829956849253485,-1.6078238843384418,0.7737488133497455,-0.47618170466521736
-1.3214719673801802,-1.2674624492231175,0.6877664932078973,1.052620670398271,0.898230192889767
-0.28844015717541444,-1.6829956849253485,0.1016583117067043,-1.6931945374641382,-0.318404828670385
-1.02632002160739,-1.6829956849253485,-0.3867651728776232,1.3529442087582224,-0.5410455314630929
-1.6166239131529705,0.8102037292880377,0.6389241447494645,1.503105977938198,-0.6883039490582699
-0.7557640713156657,-0.9904402920882969,-0.9728733543788162,0.8381038572840201,1.4486961824717377
0.10509577052163926,-0.5749070563860658,0.5900817962910317,-1.1139991420556612,-0.04492491027934219
1.507067512942393,0.11764833645098596,-1.2170850966709799,0.5806836815469194,0.15492579931411218
-1.6658159041151024,0.11764833645098596,-0.6798192636282196,1.3958475713810725,-0.18341794587480617
-0.19005617525115098,-0.4363959778186554,1.5669287654596866,1.1598790769553964,-0.19744255707434683
1.0889355897642734,-1.2674624492231175,-1.7055085812553072,1.3743958900696471,-0.19744255707434683
-1.2476839809369829,-1.2674624492231175,-0.04486873366859395,-0.34173861484435897,-0.21847947387365782
1.4824715174613272,-1.4059735277905279,-0.24023812750232493,-0.513352065335759,-0.34294789826958116
-1.5920279176719048,0.948714807855448,1.3715593716259558,-0.5348037466471843,-0.5550701426626335
-0.8049560622777974,1.0872258864228583,1.127347629333792,0.9882656264639963,-0.14485026507606938
0.7199956575482857,1.3642480435576791,-1.5101391874215764,0.7093937694154702,-0.006357229480605382
1.4824715174613272,-0.7134181349534762,-1.2659274451294127,-0.3202869335329336,-0.8390685194533318
0.2772677388891002,0.948714807855448,-0.0937110821270267,-1.564484449595588,-0.17640564027503586
1.3102995490938663,0.2561594150183963,-0.19139577904389218,0.7952004946611702,1.301437764876561
-0.9771280306452583,1.5027591221250893,-0.5332922182529214,-0.34173861484435897,-0.9232161866505758
0.4740357027376271,-1.1289513706557073,-1.4612968389631436,-0.6849655158271597,-0.3850217318682031
-0.362228143618612,0.948714807855448,-1.4612968389631436,1.052620670398271,-0.767192387055686
-0.11626818880795343,-0.9904402920882969,1.4204017200843884,-2.4654550646754414,0.15492579931411218
0.7937836439914832,-0.4363959778186554,-0.3867651728776232,-0.2344802082872336,-0.8162785262540783
-0.362228143618612,0.6716926507206273,1.4692440685428212,-0.6635138345157351,-0.6655139558590163
-0.9525320351641925,1.2257369649902687,0.1016583117067043,0.9239105825297209,0.2022588621125619
-1.4198559493044438,1.0872258864228583,0.003973614789838794,-1.0067407354985358,-0.29561483547113143
0.2772677388891002,0.8102037292880377,-1.5589815358800092,-1.9506147132012397,2.670590433231718
-0.6819760848724681,-0.7134181349534762,1.127347629333792,0.7952004946611702,0.4354180233049253
-0.5589961074671388,0.948714807855448,-0.04486873366859395,-2.2723899328726156,0.7632433100941881
1.0643395942832077,0.2561594150183963,-1.0705580512956816,0.7737488133497455,0.1812219453132509
1.138127580726405,-1.4059735277905279,0.003973614789838794,0.9668139451525709,0.7246756292954514
0.32645972985123195,-1.2674624492231175,-0.7286616120866524,-0.47044870271290895,-0.8267969846537339
0.32645972985123195,-1.6829956849253485,1.7134558108349849,-1.9291630318898143,2.225309027646302
0.5232276936997589,-0.7134181349534762,-1.2659274451294127,-0.49190038402433434,-0.6146747402606814
0.5232276936997589,1.2257369649902687,-0.9240310059203835,0.1516500553184179,3.0983410748177076
-0.7065720803535339,-1.1289513706557073,0.2970277055404353,-2.7657786030353924,0.2583573069107245
0.031307784078441696,-1.5444846063579383,-1.6566662327968746,-0.04141507648440746,-1.0196353886474179
1.162723576207471,1.3642480435576791,0.003973614789838794,-1.6717428561527135,-0.6777854906586144
1.5316635084234589,-0.5749070563860658,-0.5332922182529214,-0.38464197746720896,-0.6444770390597052
-1.2722799764180486,-1.6829956849253485,-1.5101391874215764,0.4948769563012194,-1.073980757045638
0.35105572533229784,-0.5749070563860658,-1.0705580512956816,-0.7064171971385851,-0.6725262614587866
0.9413596168778784,0.6716926507206273,1.27387467470909,0.9668139451525709,0.23381423731152837
1.4578755219802613,-1.5444846063579383,-0.14255343058545944,-0.42754534009005896,-0.5463047606629207
1.4578755219802613,1.5027591221250893,0.39471240245730077,-2.8730370095925175,-0.5726009066620594
0.22807574792696855,-1.4059735277905279,1.518086417001254,-0.5562554279586097,-0.8828954294518965
-1.2722799764180486,0.2561594150183963,-1.6078238843384418,-2.915940372215368,-0.5550701426626335
-0.41142013458074367,-0.15937382068383474,0.1016583117067043,0.6664904067926202,-0.19568948067440425
-1.7396038905582998,1.2257369649902687,-1.3147697935878453,0.1516500553184179,-0.21497332107377265
-0.5835921029482046,0.39467049358580664,1.518086417001254,0.8381038572840201,-0.018628764280203457
1.6546434858287882,1.5027591221250893,0.2970277055404353,-1.4357743617270373,-0.5340332258633226
1.4578755219802613,0.11764833645098596,-1.5589815358800092,-0.38464197746720896,-0.5182555382638393
-1.5182399312287072,-0.9904402920882969,0.7854511901247627,-0.38464197746720896,2.374320521641421
-0.38682413909967783,-1.1289513706557073,1.127347629333792,0.06584333007271792,2.891478059624483
0.4740357027376271,-0.5749070563860658,-1.168242748212547,-0.5991587905814597,-0.4376140238664806
1.6054514948666565,0.6716926507206273,-0.19139577904389218,0.001488286138442538,-0.7198593242572363
-0.9279360396831267,0.948714807855448,1.322717023167523,-2.358196658118316,0.44067725250475304
-0.19005617525115098,-0.02086274211642439,1.1761899777922247,-0.34173861484435897,-0.7233654770571215
0.6216116756240222,0.2561594150183963,-0.14255343058545944,0.8381038572840201,-0.37976250266837536
-0.9033400442020608,-0.02086274211642439,0.6389241447494645,-0.7922239223842851,0.1426542645145141
1.7038354767909198,1.0872258864228583,1.7134558108349849,0.8166521759725955,-0.08524566747802158
-1.1247040035316536,1.3642480435576791,-0.5821345667113542,-1.650291174841288,2.72668887802988
-0.878744048720995,-1.2674624492231175,-1.6078238843384418,-0.38464197746720896,-0.6374647334599349
-1.02632002160739,-0.02086274211642439,-1.3147697935878453,0.6021353628583448,-1.0617092222460398
-1.2968759718991145,1.6412702006924997,1.1761899777922247,0.10874669269556791,2.3445182228423973
0.4740357027376271,1.2257369649902687,-0.5332922182529214,-1.7790012627098388,-0.3482071274694089
0.8921676259157466,1.6412702006924997,0.44355475091573354,0.8166521759725955,-0.2798371478716482
1.015147603321076,-0.9904402920882969,0.003973614789838794,1.052620670398271,0.4809980097034324
0.44943970725656124,-0.02086274211642439,1.0785052808753592,0.8810072199068709,1.4837577104705895
-0.09167219332688757,0.948714807855448,-0.8751886574619506,-0.19157684566438285,-0.036159528279629274
-0.5835921029482046,1.5027591221250893,-0.04486873366859395,0.9024589012182955,-1.0143761594475902
1.162723576207471,-0.02086274211642439,1.127347629333792,-0.34173861484435897,-0.43410787106659543
-0.9525320351641925,0.2561594150183963,0.05281596324827154,-2.915940372215368,-0.3324294398699256
0.7691876485104173,-1.4059735277905279,0.6877664932078973,-0.6849655158271597,-0.7005754838578679
0.4002477162944295,0.533181572153217,0.49239709937416626,-2.6585201964782668,-0.3289232870700405
-0.878744048720995,0.948714807855448,0.345870053998868,0.7737488133497455,-0.011616458680433128
-1.223087985455917,-1.5444846063579383,-0.7286616120866524,0.4519735936783694,0.1409011881145715
-0.7803600667967315,-1.6829956849253485,0.1016583117067043,-0.3202869335329336,-0.7356370118567195
-1.2476839809369829,-0.8519292135208865,0.9808205839584937,0.3018118244983933,0.42840571770515495
-0.26384416169434854,0.8102037292880377,-0.04486873366859395,1.0311689890868463,0.8877117344901115
-1.6166239131529705,-1.1289513706557073,-1.3636121420462781,-0.1701251643529582,-0.5918847470614278
0.031307784078441696,1.0872258864228583,0.15050066016513702,0.6450387254811948,1.5416092316686947
0.44943970725656124,0.533181572153217,0.541239447832599,-0.14867348304153283,-0.7198593242572363
0.006711788597375844,0.39467049358580664,-0.7775039605450852,-2.6585201964782668,0.24433269571118385
-0.5835921029482046,-0.02086274211642439,0.44355475091573354,0.5377803189240694,-1.0722276806456954
0.8429756349536149,-0.02086274211642439,-0.7286616120866524,-2.6585201964782668,-0.3552194330691792
0.9659556123589442,0.8102037292880377,-1.3147697935878453,1.1384273956439717,0.37581342570687754
-1.542835926709773,-1.5444846063579383,0.49239709937416626,-0.513352065335759,-0.36398481506889213
-0.06707619784582172,-0.5749070563860658,1.518086417001254,0.044391648761292535,-0.8951669642514946
-0.6819760848724681,-1.6829956849253485,0.1016583117067043,-0.513352065335759,-0.9758084786488532
0.031307784078441696,-1.1289513706557073,1.5669287654596866,1.052620670398271,-0.40956480146739926
0.17888375696483683,-0.4363959778186554,0.7854511901247627,0.6879420881040448,2.421653584439871
1.1135315852453394,-1.2674624492231175,0.6389241447494645,-0.3631902961557836,-0.6795385670585569
1.334895544574932,1.0872258864228583,-1.6078238843384418,-0.14867348304153283,-0.9600307910493701
-1.4690479402665755,-1.6829956849253485,-0.04486873366859395,0.5377803189240694,-0.04317183387939961
-0.26384416169434854,0.948714807855448,-0.2890804759607577,-1.5430327682841627,0.503788002902686
1.2119155671696027,-0.15937382068383474,-0.9240310059203835,-0.40609365877863357,-0.8530931306528725
0.49863169821869296,-1.6829956849253485,0.1993430086235698,0.5806836815469194,-0.10803566067727514
0.17888375696483683,-0.8519292135208865,-0.19139577904389218,0.10874669269556791,-1.010870006647705
0.7199956575482857,-0.29788489925124506,1.0785052808753592,0.6021353628583448,0.7246756292954514
1.2365115626506686,-0.5749070563860658,-0.8751886574619506,0.516328637612644,1.7309414828624934
-0.9279360396831267,-1.5444846063579383,-0.2890804759607577,-0.14867348304153283,2.2270621040462446
-0.31303615265648027,1.5027591221250893,-1.5101391874215764,0.8166521759725955,-1.0932645974450064
-0.8295520577588632,1.6412702006924997,-1.3636121420462781,0.38761854974409404,-1.0704746042457527
0.10509577052163926,-0.5749070563860658,-1.3636121420462781,1.1384273956439717,0.24082654291129868
-0.878744048720995,-0.9904402920882969,-1.168242748212547,-2.336744976806891,0.16369118131382507
1.4824715174613272,-0.15937382068383474,-0.5332922182529214,-0.2773835709100836,-0.4130709542672844
1.6054514948666565,-0.8519292135208865,-1.168242748212547,1.331492527446797,-0.5550701426626335
0.2772677388891002,1.5027591221250893,-1.2659274451294127,0.9239105825297209,0.0444819861177295
0.4248437117754954,0.11764833645098596,-1.7055085812553072,0.7522971320383202,-0.2886025298713611
-0.41142013458074367,-0.15937382068383474,-1.412454490504711,0.43052191236694404,0.48801031530320277
0.2526717434080344,0.11764833645098596,0.6389241447494645,-0.49190038402433434,-0.7110939422575234
0.5232276936997589,-1.1289513706557073,-0.04486873366859395,-1.7575495813984134,1.5275846204691539
1.2119155671696027,1.0872258864228583,0.8342935385831954,-0.2773835709100836,-0.8110192970542506
-0.6081880984292706,-0.5749070563860658,0.5900817962910317,0.7308454507268948,-0.4411201766663657
-0.6081880984292706,-1.4059735277905279,-1.3636121420462781,-1.0925474607442367,-0.372750197068605
-1.4936439357476412,0.533181572153217,0.7854511901247627,1.1384273956439717,-0.565588601062289
-1.3214719673801802,1.3642480435576791,1.322717023167523,-0.1701251643529582,2.8546634552256887
0.4248437117754954,0.6716926507206273,0.7854511901247627,-1.736097900086989,-0.6041562818610259
-0.6573800893914022,1.6412702006924997,0.345870053998868,0.1516500553184179,-0.1606279526755526
-0.9279360396831267,0.533181572153217,1.518086417001254,-2.7872302843468173,-0.3306763634699831
0.2526717434080344,-1.4059735277905279,1.4692440685428212,-2.637068515166842,0.25485115411083936
-0.11626818880795343,1.3642480435576791,0.931978235500061,-0.40609365877863357,-0.5620824482624039
0.7445916530293515,-0.15937382068383474,-0.5332922182529214,0.47342527498979403,0.04097583331784434
-1.5674319221908388,0.6716926507206273,-0.6309769151697869,0.044391648761292535,-0.9845738606485662
1.162723576207471,0.6716926507206273,-1.3636121420462781,-0.8351272850071351,-0.6970693310579827
0.4002477162944295,0.8102037292880377,-0.24023812750232493,-1.6288394935298636,-0.4551447878659064
-1.050916017088456,-0.29788489925124506,0.345870053998868,-1.1139991420556612,-0.33944174546969597
-0.7065720803535339,-0.5749070563860658,-1.5101391874215764,-0.40609365877863357,-0.8530931306528725
0.5970156801429564,-0.8519292135208865,1.518086417001254,1.2242341208896717,-0.3955401902678586
-1.1492999990127193,-0.9904402920882969,-1.4612968389631436,-0.38464197746720896,-0.7654393106557434
-0.5589961074671388,1.0872258864228583,-0.24023812750232493,-0.7278688784500097,-0.7128470186574659
-1.5674319221908388,0.948714807855448,-1.6566662327968746,-1.8433563066441143,1.8238545320594506
-1.3214719673801802,-0.15937382068383474,1.6646134623765523,0.8166521759725955,0.3302334393083704
-0.2392481662132827,-0.15937382068383474,1.127347629333792,-0.34173861484435897,-0.6409708862598201
0.08049977504057342,-0.29788489925124506,1.4692440685428212,1.8892362415438486,-0.5778601358618871
1.0397435988021417,-1.4059735277905279,0.1993430086235698,0.7737488133497455,-0.09050489667784932
1.2119155671696027,-0.4363959778186554,1.5669287654596866,-0.3202869335329336,-0.7391431646566047
1.3102995490938663,-0.9904402920882969,1.0785052808753592,1.2027824395782472,-0.04141875747945702
0.4002477162944295,1.6412702006924997,-0.5821345667113542,0.8810072199068709,0.5739110589003893
0.17888375696483683,0.11764833645098596,-0.8751886574619506,-0.7493205597614351,-0.5603293718624613
0.670803666586154,-1.6829956849253485,-1.2659274451294127,1.2885891648239471,-0.3201579050703276
-1.5182399312287072,-0.4363959778186554,-0.2890804759607577,1.3100408461353725,0.3091965225090594
1.4086835310181296,0.8102037292880377,-0.4844498697944887,-1.3928709991041874,2.5285912448363685
0.3756517208133637,1.0872258864228583,1.6646134623765523,0.8381038572840201,-0.19568948067440425
0.9905516078400101,0.6716926507206273,-1.0705580512956816,-0.5348037466471843,-0.23601023787308364
-1.2722799764180486,0.11764833645098596,0.05281596324827154,-1.1139991420556612,1.4714861756709914
0.12969176600270513,-1.5444846063579383,1.3715593716259558,0.5592320002354948,0.4564549401042363
-0.26384416169434854,-0.8519292135208865,1.2250323262506575,0.5592320002354948,-0.10102335507750482
1.0643395942832077,0.948714807855448,-0.4356075213360559,-0.1701251643529582,-0.842574672253217
-0.534400111986073,-0.29788489925124506,-0.0937110821270267,0.6664904067926202,0.058506597317270155
-0.43601613006180956,-1.2674624492231175,-1.7055085812553072,-0.3202869335329336,-0.9652900202491977
1.2611075581317344,-0.5749070563860658,1.2250323262506575,0.40907023105551865,-0.2588002310723372
-1.542835926709773,1.3642480435576791,-0.8263463090035179,-0.3631902961557836,-0.5796132122618297
-0.14086418428901928,-1.2674624492231175,-1.2659274451294127,1.1384273956439717,-0.8145254498541358
-1.0755120125695217,-1.2674624492231175,0.24818535708200254,-0.9852890541871112,-0.29386175907118883
-1.0755120125695217,-0.4363959778186554,-0.14255343058545944,0.9239105825297209,1.5468684608685224
1.138127580726405,-1.5444846063579383,1.5669287654596866,-1.1139991420556612,0.007667381718935275
1.0397435988021417,-1.1289513706557073,-1.6078238843384418,0.5806836815469194,1.6012138292667424
-0.5098041165050071,1.0872258864228583,-0.2890804759607577,1.0955240330211218,0.47223262770371954
1.4086835310181296,-0.15937382068383474,0.15050066016513702,-0.38464197746720896,-0.9582777146494275
1.679239481309854,-0.29788489925124506,0.73660884166633,-0.1701251643529582,-0.733883935456777
-0.7803600667967315,0.2561594150183963,1.6157711139181195,0.08729501138414254,1.8098299208599098
0.3756517208133637,-1.4059735277905279,-1.2170850966709799,-0.3202869335329336,-0.7356370118567195
1.507067512942393,0.11764833645098596,-1.6078238843384418,-0.6635138345157351,0.09707427811600697
-0.43601613006180956,-0.15937382068383474,-0.24023812750232493,-0.7493205597614351,-0.7724516162555137
-1.690411899596168,1.0872258864228583,0.6389241447494645,0.6235870441697694,-0.2903556062713037
-0.6819760848724681,-1.4059735277905279,-0.9728733543788162,-2.5512617899211416,-0.0028510766807202173
-0.9771280306452583,0.39467049358580664,0.6389241447494645,-0.40609365877863357,-0.9793146314487384
0.5970156801429564,0.11764833645098596,0.15050066016513702,-0.42754534009005896,-0.6777854906586144
1.2611075581317344,1.0872258864228583,1.322717023167523,0.7308454507268948,-0.49020631586475805
0.5478236891808247,-1.4059735277905279,-0.9240310059203835,-0.34173861484435897,-0.48845323946481545
1.5808554993855906,-0.4363959778186554,0.49239709937416626,0.4519735936783694,0.2495919249110116
1.4578755219802613,1.3642480435576791,-0.04486873366859395,-0.10577012041868285,-0.9091915754510351
-0.3376321481375461,-1.1289513706557073,0.8342935385831954,-0.5991587905814597,-0.9021792698512648
0.7199956575482857,-0.02086274211642439,-1.3147697935878453,2.0823013733466755,-0.8495869778529874
0.32645972985123195,0.39467049358580664,-1.4612968389631436,-0.19157684566438285,-0.6847977962583847
1.4332795264991955,-0.4363959778186554,-1.5589815358800092,0.9024589012182955,-1.0967707502448913
-1.198491989974851,0.533181572153217,0.1016583117067043,1.0740723517096964,-0.8864015822517816
0.4002477162944295,-0.29788489925124506,-0.7775039605450852,0.001488286138442538,1.0770439856839102
-1.4198559493044438,0.2561594150183963,1.322717023167523,-2.5083584272982913,-0.11504796627704547
0.2526717434080344,-1.4059735277905279,-1.6566662327968746,-0.5562554279586097,-0.8373154430533893
0.5724196846618905,-1.4059735277905279,-1.6078238843384418,-1.1354508233670866,2.0289644708527326
-1.3214719673801802,-0.02086274211642439,0.345870053998868,-0.2559318895986582,0.19875270931267672
-0.31303615265648027,1.5027591221250893,0.15050066016513702,-0.01996339517298284,-0.9126977282509203
-1.5674319221908388,1.5027591221250893,1.1761899777922247,0.1301983740069933,-0.9670430966491403
0.006711788597375844,1.6412702006924997,0.541239447832599,-2.8086819656582422,-0.45163863506602125
-1.4444519447855095,0.11764833645098596,0.15050066016513702,-0.12722180173010822,0.48801031530320277
0.6953996620672198,-1.6829956849253485,-0.6798192636282196,0.2589084618755433,1.2768946952773648
0.5232276936997589,0.11764833645098596,-0.9240310059203835,-1.2212575486127866,0.22504885531181545
-0.41142013458074367,0.2561594150183963,-0.0937110821270267,-0.7064171971385851,0.7825271504935566
-1.3460679628612462,-1.1289513706557073,-1.5101391874215764,-0.5348037466471843,-0.5761070594619445
-0.9033400442020608,1.2257369649902687,-0.3867651728776232,1.052620670398271,-0.39378711386791604
1.3840875355370637,0.8102037292880377,0.345870053998868,0.044391648761292535,-0.9442531034498868
0.5478236891808247,0.533181572153217,1.4204017200843884,-0.08431843910725746,2.1884944232475076
-0.9279360396831267,-0.02086274211642439,0.49239709937416626,-0.2559318895986582,-0.3464540510694663
0.10509577052163926,0.2561594150183963,-0.3379228244191904,0.36616686843266866,-0.060702597878825426
1.6300474903477222,-0.29788489925124506,-0.9240310059203835,-0.38464197746720896,1.308450070476331
-0.48520812102394123,-0.4363959778186554,-0.6309769151697869,-0.19157684566438285,-0.9670430966491403
-1.5182399312287072,1.0872258864228583,-0.5332922182529214,2.1681080985923753,-0.6760324142586718
-1.0755120125695217,-0.15937382068383474,1.7134558108349849,-0.12722180173010822,-0.32191098147027014
0.4740357027376271,0.533181572153217,0.541239447832599,0.9024589012182955,0.24082654291129868
-1.2722799764180486,1.3642480435576791,-0.6309769151697869,0.7952004946611702,-0.21672639747371522
1.0889355897642734,-0.7134181349534762,-1.4612968389631436,0.1516500553184179,2.605726606433842
-1.3214719673801802,0.39467049358580664,1.5669287654596866,0.1731017366298433,1.9763721788544553
-1.2476839809369829,1.0872258864228583,1.0296629324169264,-0.6206104718928843,-0.7181062478572937
-0.5835921029482046,1.2257369649902687,1.7134558108349849,0.2160050992526933,1.9237798868561777
1.1135315852453394,-0.02086274211642439,-0.6798192636282196,-0.10577012041868285,-0.5866255178616001
-0.11626818880795343,-1.1289513706557073,0.05281596324827154,-1.2212575486127866,-0.7110939422575234
0.006711788597375844,0.533181572153217,0.44355475091573354,0.1516500553184179,0.4143811065056143
0.3018637343701661,1.5027591221250893,0.931978235500061,1.245685802201097,-0.5235147674636671
1.187319571688537,1.0872258864228583,-0.6309769151697869,1.009717307775421,-0.8864015822517816
-1.7396038905582998,1.3642480435576791,-1.412454490504711,-0.6849655158271597,-0.8005008386545951
0.9905516078400101,-0.02086274211642439,-0.7775039605450852,-0.5562554279586097,0.19699963291273415
1.2857035536128003,1.0872258864228583,1.1761899777922247,0.044391648761292535,-1.1125484378443746
-1.02632002160739,-1.2674624492231175,0.6389241447494645,-0.34173861484435897,-0.8741300474521835
0.9659556123589442,0.39467049358580664,0.24818535708200254,1.2671374835125218,-0.5340332258633226
-1.4198559493044438,-0.15937382068383474,0.6389241447494645,0.47342527498979403,0.0006550761191649468
1.4578755219802613,0.6716926507206273,-0.2890804759607577,1.2671374835125218,-0.6812916434584995
0.2034797524459027,-0.4363959778186554,-0.5821345667113542,1.245685802201097,0.3144557517088871
-0.14086418428901928,1.5027591221250893,-1.5589815358800092,0.516328637612644,1.5030415508699577
0.646207671105088,1.5027591221250893,1.7134558108349849,-2.336744976806891,-0.08173951467813641
-1.1247040035316536,1.2257369649902687,1.4204017200843884,-0.7064171971385851,-0.5971439762612556
-1.4936439357476412,1.2257369649902687,-1.1194003997541144,0.6235870441697694,0.025198145718361094
1.6546434858287882,-0.29788489925124506,-1.3636121420462781,-0.8565789663185605,0.0637658265170979
-0.4606121255428754,-0.4363959778186554,-1.168242748212547,1.417299252692498,-0.5200086146637819
1.187319571688537,-0.02086274211642439,-1.6566662327968746,-0.5777071092700343,-0.6953162546580401
1.015147603321076,-0.9904402920882969,-0.3867651728776232,0.2589084618755433,-0.9179569574507481
-1.3460679628612462,-1.6829956849253485,-0.04486873366859395,0.6879420881040448,0.09181504891617921
0.8429756349536149,-0.29788489925124506,-1.7055085812553072,0.7308454507268948,-1.0687215278458102
1.5316635084234589,0.8102037292880377,1.1761899777922247,0.8166521759725955,-0.03966568107951444
0.6953996620672198,-0.29788489925124506,-0.6309769151697869,0.1516500553184179,-0.9530184854495997
0.2772677388891002,-1.5444846063579383,-0.24023812750232493,1.2885891648239471,-0.7636862342558008
1.4086835310181296,-1.5444846063579383,1.7134558108349849,0.7093937694154702,-0.3867748082681457
1.6300474903477222,-0.29788489925124506,-0.24023812750232493,1.1598790769553964,-0.5796132122618297
-0.6573800893914022,0.8102037292880377,-0.9728733543788162,-0.40609365877863357,-0.9021792698512648
-1.4936439357476412,0.533181572153217,0.345870053998868,0.5806836815469194,0.2723819181102652
-0.534400111986073,-1.6829956849253485,1.27387467470909,-0.5348037466471843,0.32322113370860006
-0.7311680758345999,0.2561594150183963,1.1761899777922247,-0.49190038402433434,-0.5936378234613704
1.6546434858287882,1.2257369649902687,-0.6798192636282196,1.2671374835125218,-0.6549954974593608
-1.1247040035316536,1.2257369649902687,0.6877664932078973,1.052620670398271,1.1559324236813266
1.5562595039045246,0.6716926507206273,-0.0937110821270267,1.0740723517096964,2.523332015636541
-1.0017240261263243,1.2257369649902687,1.6157711139181195,-1.9291630318898143,2.442690501239182
0.12969176600270513,-1.1289513706557073,-0.4356075213360559,-0.3202869335329336,-0.6041562818610259
1.2365115626506686,0.2561594150183963,1.6157711139181195,-2.8730370095925175,0.23732039011141354
-1.5674319221908388,-1.5444846063579383,-1.168242748212547,0.7952004946611702,0.28465345290986327
1.4332795264991955,0.8102037292880377,0.7854511901247627,-0.06286675779583284,-1.1090422850444894
1.3102995490938663,1.6412702006924997,-1.2170850966709799,-0.5777071092700343,-0.6812916434584995
-0.7065720803535339,0.39467049358580664,1.4692440685428212,-1.9720663945126642,-0.3482071274694089
0.6953996620672198,1.5027591221250893,1.4204017200843884,-0.5777071092700343,-0.5094901562641264
-1.542835926709773,-0.8519292135208865,0.39471240245730077,-1.6717428561527135,-0.5217616910637245
0.8921676259157466,-0.8519292135208865,-0.4356075213360559,-0.7064171971385851,-0.8548462070528151
0.8921676259157466,0.948714807855448,1.4692440685428212,0.5592320002354948,-1.0494376874464417
0.05590377955950755,-0.4363959778186554,0.541239447832599,0.2589084618755433,0.3372457449081407
-1.7396038905582998,0.2561594150183963,0.15050066016513702,-0.14867348304153283,-0.9021792698512648
-0.01788420688369001,-1.1289513706557073,1.3715593716259558,-0.38464197746720896,-0.8513400542529299
-0.7557640713156657,-0.02086274211642439,0.2970277055404353,0.7093937694154702,-0.4972186214645284
1.359491540055998,-1.6829956849253485,0.1016583117067043,-0.9638373728756858,-0.7391431646566047
-0.7065720803535339,-0.8519292135208865,0.8831358870416283,-1.1139991420556612,-0.6076624346609111
1.5562595039045246,-0.02086274211642439,-0.2890804759607577,-0.7707722410728605,-0.16588718187538035
-0.5098041165050071,-0.9904402920882969,0.5900817962910317,0.06584333007271792,1.5468684608685224
0.4248437117754954,-1.1289513706557073,-0.5821345667113542,2.1895597799038007,-0.7356370118567195
1.0889355897642734,-1.4059735277905279,-0.0937110821270267,-0.6635138345157351,0.037469680517959174
-0.5589961074671388,-0.4363959778186554,-0.0937110821270267,-0.5348037466471843,-0.9144508046508629
-1.2476839809369829,-0.15937382068383474,-0.3867651728776232,0.43052191236694404,3.431425590806798
-0.14086418428901928,-1.6829956849253485,-0.3379228244191904,-0.34173861484435897,-0.9933392426482791
0.7691876485104173,1.5027591221250893,1.27387467470909,0.5592320002354948,-0.07122105627848092
-0.7557640713156657,-1.4059735277905279,-1.4612968389631436,-1.1569025046785113,0.011173534518820439
1.187319571688537,1.5027591221250893,-0.4844498697944887,-0.6420621532043097,-0.6900570254582123
-0.9279360396831267,-1.1289513706557073,1.2250323262506575,-0.3202869335329336,-0.7601800814559156
0.8429756349536149,-0.5749070563860658,-0.9240310059203835,1.0740723517096964,-0.6234401222603942
0.5478236891808247,0.533181572153217,-0.6309769151697869,-0.08431843910725746,-1.0511907638463842
-0.6573800893914022,0.948714807855448,1.2250323262506575,1.2027824395782472,-0.32191098147027014
-1.4690479402665755,-1.4059735277905279,1.4692440685428212,0.28036014318696867,1.55212769006835
0.2526717434080344,1.0872258864228583,-0.4844498697944887,0.5806836815469194,2.2516051736454408
-1.3952599538233779,-0.15937382068383474,-1.412454490504711,-0.14867348304153283,-0.7496616230562602
0.3018637343701661,-0.4363959778186554,-0.5821345667113542,-0.08431843910725746,2.186741346847565
-0.5098041165050071,-0.29788489925124506,0.1993430086235698,1.1384273956439717,-0.8040069914544802
-0.4606121255428754,-0.7134181349534762,-0.9728733543788162,0.8810072199068709,-0.034406451879686696
-0.31303615265648027,1.3642480435576791,1.518086417001254,-2.4654550646754414,0.24257961931124128
0.49863169821869296,-0.5749070563860658,-1.412454490504711,0.2589084618755433,0.11285196571549021
-1.050916017088456,-0.9904402920882969,1.518086417001254,0.8381038572840201,2.0429890820522734
0.4740357027376271,0.6716926507206273,1.27387467470909,0.4948769563012194,0.1899873273129638
-1.1492999990127193,1.2257369649902687,-0.14255343058545944,-0.9852890541871112,1.9676067968547422
-1.4444519447855095,0.948714807855448,-1.6078238843384418,-3.023198778772493,0.58793567009993
-0.43601613006180956,0.6716926507206273,-0.19139577904389218,1.2027824395782472,-0.22549177947342813
-1.4936439357476412,-0.4363959778186554,0.1993430086235698,-1.3928709991041874,2.8301203856264925
-1.5920279176719048,1.6412702006924997,-0.5821345667113542,0.6235870441697694,1.2979316120766757
1.6054514948666565,0.2561594150183963,-0.5332922182529214,1.0740723517096964,0.3389988213080833
-0.41142013458074367,1.6412702006924997,1.0296629324169264,-0.40609365877863357,-0.7058347130576956
-1.715007895077234,-0.4363959778186554,0.39471240245730077,0.34471518712124405,-1.119560743444145
0.9167636213968124,0.8102037292880377,0.1993430086235698,-0.10577012041868285,-0.9933392426482791
1.7038354767909198,-0.4363959778186554,0.931978235500061,-0.42754534009005896,-0.8601054362526429
0.7199956575482857,-1.2674624492231175,-0.24023812750232493,-0.1701251643529582,-0.9389938742500591
1.2365115626506686,-0.8519292135208865,0.44355475091573354,0.001488286138442538,2.526838168436426
-1.5182399312287072,-1.4059735277905279,-0.7775039605450852,-0.3631902961557836,-0.5568232190625761
1.7038354767909198,-1.4059735277905279,-0.6309769151697869,0.4519735936783694,0.36178881450733685
-0.6327840939103364,-1.2674624492231175,-0.4844498697944887,-0.8565789663185605,-0.5866255178616001
-0.5835921029482046,0.948714807855448,0.24818535708200254,-0.513352065335759,-0.9004261934513222
-1.3214719673801802,-0.5749070563860658,0.931978235500061,-0.513352065335759,-0.649736268259533
0.9167636213968124,-0.02086274211642439,0.24818535708200254,0.06584333007271792,-0.8986731170513796
-0.5835921029482046,0.533181572153217,1.2250323262506575,-2.014969757135514,-0.20445486267411717
1.187319571688537,-1.5444846063579383,1.3715593716259558,-0.38464197746720896,0.4809980097034324
0.12969176600270513,-0.5749070563860658,0.15050066016513702,0.5592320002354948,2.425159737239756
-0.5589961074671388,0.39467049358580664,1.27387467470909,1.1598790769553964,0.3372457449081407
-0.41142013458074367,0.2561594150183963,-0.0937110821270267,-1.907711350578389,0.22680193171175803
-0.19005617525115098,1.2257369649902687,0.931978235500061,1.3529442087582224,-0.08875182027790673
-0.26384416169434854,-1.4059735277905279,-0.7775039605450852,1.009717307775421,1.2821539244771925
-1.5920279176719048,0.39467049358580664,1.518086417001254,-0.47044870271290895,-0.6339585806600497
0.7445916530293515,0.533181572153217,1.6157711139181195,0.2160050992526933,2.9230334348234495
0.3756517208133637,0.8102037292880377,0.73660884166633,0.8810072199068709,1.741459941262149
-0.26384416169434854,0.533181572153217,0.1993430086235698,0.4519735936783694,0.17245656331353798
-1.1738959944937852,0.6716926507206273,0.1016583117067043,0.5377803189240694,1.560893072068063
-0.26384416169434854,-1.2674624492231175,0.6389241447494645,0.38761854974409404,-1.0704746042457527
1.4086835310181296,1.3642480435576791,1.6157711139181195,-0.6206104718928843,0.3968503425061885
0.5724196846618905,1.0872258864228583,1.6646134623765523,-0.8780306476299858,-0.6900570254582123
0.6953996620672198,1.6412702006924997,-1.2170850966709799,0.8166521759725955,-1.0582030694461546
-0.19005617525115098,-0.9904402920882969,0.931978235500061,0.5377803189240694,0.13564195891474376
0.670803666586154,-0.02086274211642439,1.518086417001254,-0.5348037466471843,-0.5988970526611981
-1.4690479402665755,0.6716926507206273,0.6389241447494645,0.001488286138442538,-1.0266476942471883
-0.09167219332688757,-0.7134181349534762,1.322717023167523,-0.3202869335329336,-0.8197846790539635
1.2611075581317344,1.5027591221250893,-0.6309769151697869,-0.01996339517298284,2.6460473636325217
-1.3214719673801802,0.8102037292880377,-0.8263463090035179,-0.06286675779583284,-0.5007247742644135
-1.3706639583423121,1.2257369649902687,0.345870053998868,0.36616686843266866,0.20751809131238963
1.507067512942393,-0.7134181349534762,-0.7286616120866524,-0.44899702140148434,1.8378791432589912
0.35105572533229784,0.39467049358580664,0.2970277055404353,1.0955240330211218,1.3102031468762738
-0.16546017977008515,-0.02086274211642439,0.7854511901247627,-0.01996339517298284,-0.7742046926554563
0.3756517208133637,1.0872258864228583,0.541239447832599,0.02293996744986792,0.9350447972885612
-0.48520812102394123,-1.4059735277905279,0.345870053998868,-2.958843734838218,0.09006197251623663
-0.8295520577588632,1.6412702006924997,-1.4612968389631436,-0.7707722410728605,-0.051937215879112514
-0.8295520577588632,-0.02086274211642439,-0.6798192636282196,-0.5991587905814597,0.6703302608972314
-0.878744048720995,1.3642480435576791,-0.04486873366859395,-0.6420621532043097,-0.8758831238521261
0.15428776148377096,1.2257369649902687,0.6877664932078973,0.8166521759725955,0.39334418970630336
1.0643395942832077,-0.02086274211642439,-0.14255343058545944,-0.2344802082872336,-0.7969946858547099
0.006711788597375844,0.2561594150183963,-0.0937110821270267,1.052620670398271,-0.7321308590568344
-0.854148053239929,-0.02086274211642439,1.127347629333792,0.5592320002354948,0.02695122211830368
1.187319571688537,0.533181572153217,1.0785052808753592,-1.5001294056613128,-0.1518625706758397
-0.6573800893914022,1.0872258864228583,-0.7775039605450852,0.8810072199068709,-0.414824030667227
0.05590377955950755,0.8102037292880377,0.1016583117067043,-0.6420621532043097,-0.5638355246623465
-0.5098041165050071,-0.9904402920882969,-1.6078238843384418,0.8381038572840201,1.699386107663527
-1.2476839809369829,-0.8519292135208865,0.003973614789838794,0.5377803189240694,-1.098523826644834
0.7199956575482857,1.3642480435576791,-0.04486873366859395,-1.8433563066441143,3.1579456724157553
-1.4198559493044438,0.11764833645098596,1.0296629324169264,-1.371419317792762,-0.4551447878659064
1.0643395942832077,-0.29788489925124506,-0.0937110821270267,0.9668139451525709,-0.18341794587480617
1.6300474903477222,0.6716926507206273,-0.04486873366859395,1.9535912854781248,-0.7514146994562028
-0.5098041165050071,1.6412702006924997,0.39471240245730077,0.5806836815469194,0.22680193171175803
0.9659556123589442,0.533181572153217,0.7854511901247627,0.001488286138442538,-0.6514893446594756
0.8921676259157466,-0.8519292135208865,0.9808205839584937,-2.679971877789692,-0.2289979322733133
-0.042480202364755866,-0.02086274211642439,-1.3147697935878453,1.5460093405610487,-0.5778601358618871
1.4332795264991955,-1.5444846063579383,1.0785052808753592,0.9882656264639963,-0.25354100187250944
-1.4198559493044438,0.948714807855448,-1.1194003997541144,0.516328637612644,0.08129659051652373
-0.09167219332688757,-1.5444846063579383,1.518086417001254,0.7737488133497455,0.5546272185010209
1.2365115626506686,0.2561594150183963,1.2250323262506575,0.8166521759725955,0.2495919249110116
-1.4690479402665755,-1.6829956849253485,-1.021715702837249,0.6450387254811948,-0.31139252307061466
1.334895544574932,-0.5749070563860658,-1.3636121420462781,-0.2344802082872336,-0.5077370798641838
-1.7396038905582998,0.948714807855448,-1.5589815358800092,0.5806836815469194,1.33474621647547
-1.3214719673801802,1.3642480435576791,-0.5821345667113542,-0.06286675779583284,-1.0301538470470732
-1.3952599538233779,1.2257369649902687,-0.6798192636282196,-0.9638373728756858,-0.5936378234613704
0.17888375696483683,0.948714807855448,1.4692440685428212,1.8677845602324248,-0.758427005055973
-0.8295520577588632,-1.2674624492231175,1.322717023167523,0.6450387254811948,-1.0406723054467288
1.4086835310181296,-0.4363959778186554,-0.19139577904389218,1.2027824395782472,-0.5726009066620594
1.679239481309854,1.6412702006924997,0.003973614789838794,0.9239105825297209,-0.034406451879686696
0.08049977504057342,0.11764833645098596,-1.0705580512956816,-0.49190038402433434,-0.9249692630505184
-0.06707619784582172,0.2561594150183963,1.5669287654596866,0.28036014318696867,2.1394082840491153
-0.2392481662132827,0.533181572153217,0.7854511901247627,-0.47044870271290895,-0.9319815686502887
-0.042480202364755866,0.948714807855448,1.0785052808753592,1.1598790769553964,1.1682039584809247
0.670803666586154,-0.8519292135208865,0.7854511901247627,-0.6420621532043097,0.13213580611485862
0.670803666586154,0.6716926507206273,0.15050066016513702,-0.6849655158271597,-0.09050489667784932
-0.09167219332688757,-0.4363959778186554,0.73660884166633,-0.2130285269758082,-0.3447009746695237
0.2772677388891002,-1.6829956849253485,1.3715593716259558,-1.7146462187755636,0.2618634597106097
-0.7065720803535339,-0.8519292135208865,-1.2170850966709799,0.6235870441697694,0.30569036970917424
1.507067512942393,-1.4059735277905279,1.127347629333792,-0.34173861484435897,-0.3306763634699831
1.4824715174613272,1.0872258864228583,-1.168242748212547,1.8463328789209994,-0.7952416094547673
-0.16546017977008515,1.6412702006924997,1.0296629324169264,-0.19157684566438285,-0.7742046926554563
1.4824715174613272,-1.6829956849253485,1.322717023167523,0.6664904067926202,0.22680193171175803
-0.6081880984292706,-0.8519292135208865,-1.2659274451294127,1.1813307582668218,-0.18517102227474874
-1.198491989974851,-0.9904402920882969,0.6389241447494645,-0.5348037466471843,-0.9144508046508629
-1.02632002160739,-0.02086274211642439,0.1993430086235698,0.40907023105551865,0.005914305318992693
-1.4444519447855095,-0.4363959778186554,-1.5589815358800092,-0.8565789663185605,-0.7777108454553415
-0.854148053239929,0.948714807855448,-1.3636121420462781,0.8381038572840201,-0.0536902922790551
0.4248437117754954,0.8102037292880377,0.49239709937416626,-1.0925474607442367,-0.3324294398699256
0.05590377955950755,0.6716926507206273,-0.14255343058545944,-0.44899702140148434,-0.7075877894576382
0.9659556123589442,1.6412702006924997,0.003973614789838794,0.7093937694154702,-0.04317183387939961
-1.1738959944937852,-1.5444846063579383,-1.0705580512956816,0.38761854974409404,0.19524655651279155
0.2772677388891002,0.533181572153217,1.4692440685428212,1.503105977938198,-0.725118553457064
1.4086835310181296,-1.5444846063579383,-0.14255343058545944,1.3743958900696471,-0.5901316706614852
-1.2722799764180486,0.39467049358580664,0.931978235500061,-0.44899702140148434,-0.9039323462512074
-1.6658159041151024,1.3642480435576791,0.9808205839584937,0.47342527498979403,0.2706288417103226
0.12969176600270513,1.3642480435576791,0.8342935385831954,-0.7493205597614351,-0.6514893446594756
1.4332795264991955,0.2561594150183963,-0.04486873366859395,-0.7278688784500097,0.3950972661062459
-1.223087985455917,-0.5749070563860658,-0.6798192636282196,1.1384273956439717,-0.7531677758561454
-1.050916017088456,0.8102037292880377,-0.0937110821270267,-0.01996339517298284,-0.8285500610536763
-0.5835921029482046,0.6716926507206273,0.8342935385831954,0.044391648761292535,-1.0582030694461546
-0.06707619784582172,1.3642480435576791,0.1016583117067043,0.5806836815469194,0.2197896261119877
-0.09167219332688757,-0.29788489925124506,-1.0705580512956816,-0.2559318895986582,-0.5392924550631504
0.5970156801429564,1.0872258864228583,1.127347629333792,0.23745678056411867,-1.0792399862454656
0.3018637343701661,-0.29788489925124506,-1.3147697935878453,0.2160050992526933,1.3592892860746661
-1.542835926709773,-1.2674624492231175,-0.4844498697944887,0.40907023105551865,0.0444819861177295
1.6300474903477222,0.11764833645098596,0.9808205839584937,0.47342527498979403,-1.065215375045925
1.5808554993855906,1.0872258864228583,-1.5589815358800092,0.7737488133497455,0.44243032890469564
-1.7396038905582998,0.533181572153217,-1.3636121420462781,-0.42754534009005896,-0.15536872347572486
1.3102995490938663,-0.02086274211642439,-1.4612968389631436,1.331492527446797,0.4231464885053272
0.2034797524459027,-0.15937382068383474,-0.8751886574619506,-2.8086819656582422,0.19349348011284898
0.5478236891808247,-0.4363959778186554,-0.7286616120866524,-0.5991587905814597,-0.7496616230562602
-0.7065720803535339,0.8102037292880377,-1.168242748212547,-0.5777071092700343,0.06727197931698306
-0.11626818880795343,1.2257369649902687,1.1761899777922247,1.4816542966267725,-0.49020631586475805
0.8921676259157466,-0.15937382068383474,0.8342935385831954,-0.38464197746720896,-0.6269462750602794
-0.4606121255428754,1.3642480435576791,-1.4612968389631436,1.4816542966267725,-0.48670016306487285
-1.4690479402665755,-0.29788489925124506,-1.3147697935878453,-0.47044870271290895,-0.1711464110752081
-1.4198559493044438,-0.4363959778186554,1.0296629324169264,-0.5348037466471843,-0.9319815686502887
1.015147603321076,0.39467049358580664,1.0296629324169264,-0.5562554279586097,-0.8390685194533318
-1.1492999990127193,0.11764833645098596,-0.8751886574619506,-1.8004529440212635,-0.5165024618638968
1.2119155671696027,1.2257369649902687,-1.2170850966709799,0.28036014318696867,-0.1536156470757823
-0.06707619784582172,-0.7134181349534762,-0.8751886574619506,0.8166521759725955,-0.051937215879112514
0.32645972985123195,-1.1289513706557073,0.5900817962910317,0.516328637612644,0.011173534518820439
1.5316635084234589,-0.4363959778186554,0.1993430086235698,0.7737488133497455,-0.22373870307348556
1.5808554993855906,-1.2674624492231175,0.1016583117067043,0.7522971320383202,0.14791349371434184
-0.6819760848724681,-1.6829956849253485,-1.412454490504711,-0.5562554279586097,-0.6690201086589014
-1.2722799764180486,-1.6829956849253485,-1.168242748212547,-0.7278688784500097,-0.6024032054610833
-0.06707619784582172,0.8102037292880377,1.27387467470909,1.1813307582668218,-0.0028510766807202173
0.44943970725656124,0.11764833645098596,0.7854511901247627,1.0955240330211218,0.3389988213080833
1.679239481309854,-0.9904402920882969,1.4692440685428212,-0.49190038402433434,-0.8285500610536763
-1.02632002160739,-0.02086274211642439,-1.412454490504711,-0.7278688784500097,-0.7444023938564325
-0.7065720803535339,1.0872258864228583,-0.4844498697944887,-0.2559318895986582,-0.5182555382638393
1.3840875355370637,1.2257369649902687,0.44355475091573354,1.009717307775421,-0.3587255858690644
0.670803666586154,-0.29788489925124506,-1.3147697935878453,-0.513352065335759,-0.8005008386545951
0.17888375696483683,-0.29788489925124506,1.518086417001254,0.6450387254811948,2.6670842804318324
0.9659556123589442,-0.5749070563860658,0.7854511901247627,0.38761854974409404,-1.0617092222460398
1.2119155671696027,1.2257369649902687,-1.1194003997541144,0.7522971320383202,0.44243032890469564
-0.14086418428901928,-0.29788489925124506,-0.24023812750232493,0.43052191236694404,0.07603736131669597
-1.6166239131529705,0.533181572153217,-0.6309769151697869,-0.5562554279586097,-0.4937124686646432
0.9659556123589442,-1.5444846063579383,0.6877664932078973,0.8595555385954455,1.0717847564840826
-0.362228143618612,-0.5749070563860658,-0.8751886574619506,-0.8565789663185605,3.1421679848162722
0.9905516078400101,1.6412702006924997,-1.3636121420462781,-2.444003383364016,-0.6742793378587292
0.2034797524459027,-0.8519292135208865,1.6157711139181195,0.38761854974409404,0.22329577891187288
-1.715007895077234,1.0872258864228583,-0.9728733543788162,0.8166521759725955,2.470739723638263
-1.3706639583423121,0.11764833645098596,0.2970277055404353,-0.8994823289414104,0.4757387805036047
0.9413596168778784,0.39467049358580664,0.49239709937416626,-0.6206104718928843,-0.6514893446594756
1.5808554993855906,0.6716926507206273,-0.9728733543788162,-0.6206104718928843,-0.6216870458604516
-0.6081880984292706,-0.4363959778186554,1.322717023167523,-0.7278688784500097,-0.7373900882566621
-0.4606121255428754,-0.4363959778186554,0.24818535708200254,0.06584333007271792,1.229561632478915
-0.43601613006180956,-1.4059735277905279,0.1993430086235698,-1.242709229924212,0.2618634597106097
-1.223087985455917,-0.8519292135208865,1.1761899777922247,1.5460093405610487,-0.7146000950574085
-0.9525320351641925,0.39467049358580664,1.127347629333792,1.8677845602324248,-0.884648505851839
1.6054514948666565,-0.29788489925124506,-0.6309769151697869,1.0740723517096964,-0.4411201766663657
-0.31303615265648027,-1.1289513706557073,0.5900817962910317,0.8381038572840201,-0.27107176587193527
-0.09167219332688757,-1.5444846063579383,1.4692440685428212,-0.8351272850071351,0.5546272185010209
-1.4690479402665755,1.0872258864228583,1.322717023167523,0.7737488133497455,-0.036159528279629274
0.05590377955950755,-1.1289513706557073,0.345870053998868,-0.19157684566438285,0.25309807771089676
1.6546434858287882,-0.4363959778186554,0.44355475091573354,-0.47044870271290895,-0.8618585126525854
0.6216116756240222,-0.5749070563860658,-0.19139577904389218,-0.2988352522215082,-0.6812916434584995
-0.31303615265648027,0.2561594150183963,-1.0705580512956816,-0.44899702140148434,0.780774074093614
1.4332795264991955,-0.4363959778186554,-1.2659274451294127,0.06584333007271792,2.966860344822014
1.015147603321076,-1.1289513706557073,-0.5821345667113542,0.43052191236694404,-0.19744255707434683
-1.2968759718991145,0.11764833645098596,0.541239447832599,0.6450387254811948,-1.086252291845236
1.2119155671696027,0.6716926507206273,-1.7055085812553072,-0.8565789663185605,-0.30963944667067206
-1.1738959944937852,0.39467049358580664,0.2970277055404353,-0.14867348304153283,-0.6111685874607962
1.5562595039045246,1.6412702006924997,1.127347629333792,-0.6849655158271597,-0.7514146994562028
-1.2968759718991145,-1.1289513706557073,1.4692440685428212,-0.47044870271290895,-0.8373154430533893
1.0643395942832077,-0.8519292135208865,-0.6309769151697869,-0.2988352522215082,-0.7461554702563751
0.49863169821869296,1.6412702006924997,-1.5101391874215764,1.2671374835125218,-0.07472720907836608
0.6953996620672198,-0.4363959778186554,-1.1194003997541144,0.40907023105551865,0.7281817820953366
-0.5098041165050071,-1.2674624492231175,-0.3379228244191904,1.0311689890868463,0.01993891651853335
0.4740357027376271,1.6412702006924997,0.8342935385831954,-0.513352065335759,-0.5918847470614278
-1.6166239131529705,-1.4059735277905279,0.24818535708200254,-0.6635138345157351,-0.7023285602578104
1.4086835310181296,0.533181572153217,1.518086417001254,0.6021353628583448,-1.0091169302477623
1.015147603321076,-0.29788489925124506,1.322717023167523,1.8034295162981486,-0.691810101858155
-1.0755120125695217,1.2257369649902687,0.05281596324827154,0.38761854974409404,1.8922245116572112
0.7937836439914832,1.5027591221250893,0.49239709937416626,0.6021353628583448,-0.0642087506787106
1.6546434858287882,0.6716926507206273,0.2970277055404353,-0.34173861484435897,-0.6322055042601072
-0.6573800893914022,0.6716926507206273,0.49239709937416626,2.1681080985923753,-0.8320562138535615
1.6300474903477222,-0.02086274211642439,0.5900817962910317,-0.7278688784500097,-0.1413441122761842
-1.1001080080505876,-0.5749070563860658,-1.0705580512956816,0.1516500553184179,2.7003927320307417
-1.5674319221908388,-1.6829956849253485,0.05281596324827154,-0.38464197746720896,-0.6251931986603368
0.32645972985123195,-0.9904402920882969,-1.3636121420462781,-0.513352065335759,-0.6146747402606814
-0.878744048720995,0.8102037292880377,0.44355475091573354,-0.513352065335759,-0.9091915754510351
-0.4606121255428754,0.948714807855448,-0.2890804759607577,0.7093937694154702,1.8869652824573835
-1.223087985455917,0.8102037292880377,1.6646134623765523,-0.6420621532043097,-0.7636862342558008
0.2034797524459027,-1.1289513706557073,1.27387467470909,0.8166521759725955,-0.34294789826958116
-0.16546017977008515,0.2561594150183963,-0.4844498697944887,0.001488286138442538,-0.9425000270499442
1.2365115626506686,0.11764833645098596,0.44355475091573354,0.7308454507268948,-1.0266476942471883
-0.9279360396831267,-0.02086274211642439,-0.5821345667113542,-0.9423856915642604,-0.2903556062713037
-1.2722799764180486,-0.15937382068383474,-0.2890804759607577,-0.2344802082872336,-1.0371661526468436
0.8921676259157466,0.2561594150183963,-1.2170850966709799,0.6450387254811948,2.1639513536483115
-0.9033400442020608,-1.1289513706557073,-1.6566662327968746,1.1598790769553964,-0.6251931986603368
-1.715007895077234,-0.02086274211642439,-0.3379228244191904,0.4519735936783694,0.004161228919050111
-0.6081880984292706,-0.02086274211642439,1.127347629333792,-0.3631902961557836,-0.8215377554539061
-0.28844015717541444,-0.7134181349534762,1.127347629333792,0.06584333007271792,-1.0143761594475902
0.7691876485104173,-0.02086274211642439,1.322717023167523,-1.1139991420556612,-0.16413410547543777
-0.8295520577588632,-0.8519292135208865,1.518086417001254,0.7952004946611702,0.09532120171606438
0.05590377955950755,-1.6829956849253485,1.7134558108349849,0.1731017366298433,2.4321720428395266
0.5970156801429564,-1.1289513706557073,0.73660884166633,0.9239105825297209,0.02169199291847593
1.2611075581317344,-1.6829956849253485,-1.5589815358800092,-0.2559318895986582,-0.863611589052528
0.646207671105088,0.11764833645098596,-1.4612968389631436,-0.38464197746720896,-0.7233654770571215
0.9167636213968124,1.5027591221250893,-1.1194003997541144,-0.49190038402433434,-0.6024032054610833
-0.5835921029482046,0.2561594150183963,-1.2170850966709799,0.9453622638411455,0.5651456769006764
-0.5835921029482046,-1.4059735277905279,-1.6566662327968746,-1.242709229924212,1.0349701520852883
1.4578755219802613,-1.2674624492231175,-1.7055085812553072,-2.722875240412542,0.1899873273129638
0.8183796394725491,0.6716926507206273,-0.3867651728776232,0.08729501138414254,1.9623475676549145
1.187319571688537,-0.02086274211642439,-0.7775039605450852,-0.34173861484435897,-0.704081636657753
-0.26384416169434854,-0.02086274211642439,0.7854511901247627,0.02293996744986792,1.313709299676159
1.4332795264991955,-0.4363959778186554,0.8831358870416283,0.4519735936783694,0.34601112690785363
-1.3460679628612462,-1.4059735277905279,-1.6566662327968746,-0.49190038402433434,-0.42358941266693995
-1.198491989974851,-1.4059735277905279,-1.5101391874215764,0.40907023105551865,0.07077813211686823
0.7199956575482857,0.533181572153217,-0.8751886574619506,-1.8433563066441143,2.057013693251814
-0.9771280306452583,0.6716926507206273,-1.3636121420462781,-0.19157684566438285,-0.5603293718624613
-0.5589961074671388,1.0872258864228583,1.1761899777922247,0.9882656264639963,0.3986034189061311
0.3756517208133637,1.2257369649902687,1.6646134623765523,0.06584333007271792,-1.0091169302477623
1.4332795264991955,-1.6829956849253485,1.7134558108349849,0.6450387254811948,1.4714861756709914
-0.38682413909967783,0.8102037292880377,0.931978235500061,0.5806836815469194,0.30744344610911684
1.5316635084234589,-1.6829956849253485,1.0785052808753592,0.7522971320383202,0.35302343250762397
0.670803666586154,0.948714807855448,1.0785052808753592,-1.1783541859899367,0.5826764409001022
-0.31303615265648027,-0.29788489925124506,-1.1194003997541144,-1.049644098121386,-0.2658125366721075
-1.6166239131529705,0.39467049358580664,0.5900817962910317,0.7093937694154702,1.0209455408857477
1.4332795264991955,1.5027591221250893,-0.19139577904389218,0.5806836815469194,-0.22724485587337073
0.5970156801429564,-0.9904402920882969,-1.3147697935878453,-0.6635138345157351,0.6931202540964849
-1.7396038905582998,-0.15937382068383474,0.49239709937416626,-2.8730370095925175,-0.3026271410709018
1.5562595039045246,0.39467049358580664,0.345870053998868,-1.5215810869727382,2.158692124448484
-1.050916017088456,1.0872258864228583,-1.3636121420462781,0.9453622638411455,-0.5340332258633226
1.4578755219802613,0.2561594150183963,1.1761899777922247,-0.2344802082872336,-0.17640564027503586
-0.7557640713156657,-1.4059735277905279,0.6877664932078973,-0.3202869335329336,-0.8741300474521835
-1.1001080080505876,1.0872258864228583,-0.8751886574619506,-0.5991587905814597,-0.7110939422575234
-0.09167219332688757,-0.8519292135208865,-1.0705580512956816,-0.2559318895986582,-0.28334330067153335
1.0397435988021417,-1.4059735277905279,1.518086417001254,-0.513352065335759,-0.8688708182523558
1.4578755219802613,-0.4363959778186554,-0.9240310059203835,-0.2344802082872336,1.4837577104705895
1.4578755219802613,-1.5444846063579383,0.345870053998868,0.9453622638411455,-0.1518625706758397
-1.3460679628612462,-0.8519292135208865,1.322717023167523,-0.38464197746720896,-0.6900570254582123
0.7199956575482857,1.3642480435576791,-1.7055085812553072,-2.2723899328726156,-0.10978873707721773
-1.050916017088456,-0.5749070563860658,0.8831358870416283,-0.42754534009005896,-0.5235147674636671
-1.5674319221908388,1.0872258864228583,-0.2890804759607577,-0.7278688784500097,0.8298602132920063
0.670803666586154,-0.02086274211642439,-0.8751886574619506,0.3018118244983933,-0.9985984718481068
0.17888375696483683,1.3642480435576791,1.7134558108349849,-0.5562554279586097,0.7614902336942456
-0.854148053239929,0.948714807855448,-0.3379228244191904,0.40907023105551865,0.07954351411658114
-0.6327840939103364,1.6412702006924997,-0.8263463090035179,1.5674610218724725,-0.8338092902535041
1.138127580726405,0.6716926507206273,-1.168242748212547,-1.1139991420556612,0.014679687318705604
-1.223087985455917,0.8102037292880377,-1.5101391874215764,1.1169757143325463,2.2936790072440627
-1.050916017088456,1.2257369649902687,-1.2659274451294127,0.10874669269556791,-0.1027764314774474
-1.198491989974851,1.6412702006924997,-0.04486873366859395,0.7737488133497455,-0.13608488307635647
1.2365115626506686,-1.1289513706557073,0.44355475091573354,-1.821904625332689,0.4459364817045808
-0.7803600667967315,-1.5444846063579383,-0.4356075213360559,-1.1569025046785113,0.7106510180959107
-0.16546017977008515,0.8102037292880377,-0.14255343058545944,-0.5991587905814597,-0.19919563347428942
0.08049977504057342,1.3642480435576791,0.39471240245730077,-0.49190038402433434,-0.6357116570599923
0.9413596168778784,1.3642480435576791,0.24818535708200254,0.8166521759725955,2.3936043620407896
-0.5589961074671388,0.533181572153217,-1.5101391874215764,-0.49190038402433434,-0.7724516162555137
-1.715007895077234,0.39467049358580664,0.8831358870416283,0.9882656264639963,0.8947240400898818
-1.2476839809369829,-1.4059735277905279,-0.7775039605450852,1.0311689890868463,-0.8320562138535615
-1.3952599538233779,-1.5444846063579383,0.5900817962910317,0.1945534179412679,-0.050184139479169936
-1.223087985455917,-1.6829956849253485,-0.04486873366859395,0.6879420881040448,0.12687657691503085
-0.9033400442020608,-0.5749070563860658,1.1761899777922247,-0.40609365877863357,-0.754920852256088
-1.5920279176719048,1.0872258864228583,0.44355475091573354,-0.14867348304153283,1.2996846884766182
0.7937836439914832,-0.4363959778186554,-0.2890804759607577,-0.513352065335759,-0.7110939422575234
0.8429756349536149,-0.15937382068383474,-0.04486873366859395,-0.08431843910725746,-0.6655139558590163
1.4086835310181296,0.8102037292880377,1.4204017200843884,-0.6206104718928843,-0.5690947538621742
-1.198491989974851,1.5027591221250893,-0.7775039605450852,-0.44899702140148434,-0.8548462070528151
-0.41142013458074367,-0.5749070563860658,-1.3636121420462781,-0.34173861484435897,-0.5638355246623465
-0.9279360396831267,0.8102037292880377,-0.24023812750232493,1.1598790769553964,1.5293376968690966
1.3840875355370637,-1.2674624492231175,0.1016583117067043,-0.3631902961557836,-0.8390685194533318
1.4332795264991955,0.11764833645098596,-0.8751886574619506,-0.7922239223842851,-0.1115418134771603
-1.4444519447855095,0.948714807855448,0.003973614789838794,0.10874669269556791,0.34601112690785363
-0.41142013458074367,-0.8519292135208865,-0.04486873366859395,-0.6849655158271597,-0.19218332787451908
-0.38682413909967783,1.0872258864228583,1.6157711139181195,1.0955240330211218,-0.4744286282652748
-0.4606121255428754,-1.2674624492231175,-0.19139577904389218,-0.2773835709100836,-0.8671177418524132
-1.1738959944937852,1.6412702006924997,0.931978235500061,-2.16513152631549,-0.7181062478572937
1.5808554993855906,0.948714807855448,-0.8263463090035179,0.9239105825297209,-0.4007994194676864
1.334895544574932,0.2561594150183963,-0.3867651728776232,-0.7064171971385851,0.7649963864941307
-0.6327840939103364,-1.6829956849253485,-1.3636121420462781,2.14665641728095,-0.565588601062289
-1.4936439357476412,1.2257369649902687,1.5669287654596866,-1.2641609112356367,-0.11680104267698806
-0.8049560622777974,-0.29788489925124506,1.5669287654596866,0.5377803189240694,3.1123656860172484
1.187319571688537,1.6412702006924997,-0.9240310059203835,-0.8780306476299858,0.0830496669164663
-1.0755120125695217,-0.8519292135208865,-1.168242748212547,0.9882656264639963,-0.008110305880547964
0.5724196846618905,-0.5749070563860658,1.518086417001254,-0.8136756036957105,0.22154270251193028
-1.4444519447855095,1.5027591221250893,-0.8263463090035179,-1.199805867301362,2.523332015636541
-1.1738959944937852,0.2561594150183963,0.73660884166633,-0.6849655158271597,-0.49897169786447093
0.6216116756240222,1.0872258864228583,-0.19139577904389218,1.1598790769553964,-0.704081636657753
-0.31303615265648027,-0.15937382068383474,0.6389241447494645,-2.0364214384469395,-0.08349259107807899
-1.3460679628612462,-1.1289513706557073,-0.24023812750232493,-1.6288394935298636,0.27413499451020773
0.15428776148377096,-0.8519292135208865,0.931978235500061,-0.40609365877863357,-0.6514893446594756
1.0643395942832077,-0.15937382068383474,0.931978235500061,-0.8351272850071351,-0.4270955654668251
-0.48520812102394123,-1.1289513706557073,-1.2170850966709799,0.9239105825297209,0.11635811851537536
0.32645972985123195,-0.02086274211642439,-1.5589815358800092,0.7737488133497455,0.037469680517959174
1.7038354767909198,0.6716926507206273,-0.9728733543788162,0.36616686843266866,0.1707034869135954
-0.8295520577588632,-1.2674624492231175,0.345870053998868,0.08729501138414254,1.611732287666398
-1.2968759718991145,1.6412702006924997,-0.5821345667113542,1.0955240330211218,-0.6357116570599923
-0.9033400442020608,-0.29788489925124506,-0.19139577904389218,1.009717307775421,-0.16413410547543777
-1.6412199086340364,-0.29788489925124506,0.1993430086235698,-0.6635138345157351,-0.6234401222603942
1.5808554993855906,1.0872258864228583,-0.8263463090035179,0.6235870441697694,0.02695122211830368
-0.19005617525115098,-0.02086274211642439,0.931978235500061,-0.2559318895986582,0.1917404037129064
-1.2476839809369829,-1.1289513706557073,1.322717023167523,0.7308454507268948,-0.5252678438636097
-0.19005617525115098,1.0872258864228583,1.3715593716259558,0.1731017366298433,0.44243032890469564
0.7445916530293515,-0.7134181349534762,-0.7775039605450852,-0.40609365877863357,-0.8513400542529299
-0.9279360396831267,-0.9904402920882969,0.931978235500061,0.4519735936783694,2.5846896896345313
-1.2722799764180486,-0.7134181349534762,1.518086417001254,-0.1701251643529582,-0.7373900882566621
1.4824715174613272,1.6412702006924997,-0.24023812750232493,-0.8994823289414104,0.12687657691503085
1.162723576207471,-0.8519292135208865,-0.0937110821270267,-0.7493205597614351,-0.6777854906586144
-0.8049560622777974,0.39467049358580664,0.44355475091573354,0.8810072199068709,0.2022588621125619
-0.362228143618612,1.2257369649902687,-0.14255343058545944,-0.2344802082872336,-0.372750197068605
0.44943970725656124,-0.5749070563860658,1.1761899777922247,0.06584333007271792,-0.9389938742500591
1.4332795264991955,0.6716926507206273,-0.3867651728776232,0.7308454507268948,0.2390734665113561
0.7199956575482857,1.0872258864228583,1.5669287654596866,-2.5298101086097167,0.5563802949009635
1.5562595039045246,-0.9904402920882969,1.3715593716259558,-0.9423856915642604,-0.6532424210594182
0.670803666586154,0.2561594150183963,-1.4612968389631436,-0.10577012041868285,-0.8916608114516094
-0.362228143618612,0.8102037292880377,-1.412454490504711,1.5889127031838979,-0.8460808250531022
0.5232276936997589,-0.15937382068383474,0.73660884166633,0.6235870441697694,1.5240784676692687
0.3756517208133637,-0.15937382068383474,-1.6078238843384418,1.3958475713810725,-0.6041562818610259
-0.5589961074671388,1.2257369649902687,1.6646134623765523,1.1384273956439717,-0.31489867587049986
1.015147603321076,1.2257369649902687,0.8342935385831954,1.9321396041666994,-0.8776362002520687
-0.01788420688369001,0.8102037292880377,-1.021715702837249,1.331492527446797,0.3968503425061885
1.507067512942393,0.533181572153217,0.15050066016513702,-1.8433563066441143,1.1857347224803505
0.4248437117754954,-1.5444846063579383,1.6157711139181195,-0.49190038402433434,-0.5585762954625187
-0.38682413909967783,-0.02086274211642439,1.127347629333792,0.9453622638411455,-0.3359355926698108
0.5724196846618905,0.948714807855448,1.27387467470909,0.9882656264639963,2.425159737239756
0.646207671105088,0.2561594150183963,-0.24023812750232493,0.516328637612644,-0.023887993480031202
-0.43601613006180956,-0.02086274211642439,0.6877664932078973,-0.513352065335759,-0.47968785746510256
0.9167636213968124,0.39467049358580664,-1.2170850966709799,-0.8351272850071351,0.0006550761191649468
-0.38682413909967783,0.39467049358580664,1.3715593716259558,-0.14867348304153283,-0.8145254498541358
-0.7311680758345999,1.2257369649902687,0.24818535708200254,1.009717307775421,-0.3885278846680883
0.7199956575482857,1.6412702006924997,-0.14255343058545944,0.6235870441697694,-0.03265337547974411
-0.042480202364755866,1.5027591221250893,0.24818535708200254,-0.19157684566438285,-0.5498109134628059
0.670803666586154,-0.15937382068383474,1.2250323262506575,-0.01996339517298284,-0.9179569574507481
0.646207671105088,-1.2674624492231175,0.1993430086235698,-0.40609365877863357,-0.9197100338506906
-0.854148053239929,1.3642480435576791,0.5900817962910317,0.8381038572840201,-1.073980757045638
-0.878744048720995,-0.8519292135208865,-0.8751886574619506,-1.8004529440212635,-0.6549954974593608
0.7445916530293515,0.6716926507206273,1.6646134623765523,-0.9209340102528358,-0.200948709874232
0.4248437117754954,1.2257369649902687,0.003973614789838794,0.001488286138442538,-0.830303137453619
0.9167636213968124,1.2257369649902687,1.322717023167523,-1.2212575486127866,1.9991621720537087
-0.01788420688369001,1.0872258864228583,0.24818535708200254,0.2160050992526933,0.16018502851393993
1.162723576207471,-0.9904402920882969,-0.19139577904389218,-1.7575495813984134,1.1629447292810968
1.5808554993855906,-0.29788489925124506,1.0785052808753592,-0.34173861484435897,-0.9389938742500591
-0.6819760848724681,0.6716926507206273,-0.5332922182529214,0.001488286138442538,-0.8565992834527577
-0.48520812102394123,0.11764833645098596,-0.4844498697944887,-0.5348037466471843,-0.830303137453619
-0.26384416169434854,-0.02086274211642439,-1.5101391874215764,0.5592320002354948,-1.052943840246327
0.8675716304346808,-0.29788489925124506,0.2970277055404353,-1.0925474607442367,-0.47793478106515996
-0.43601613006180956,0.39467049358580664,-1.3636121420462781,-0.14867348304153283,-0.9091915754510351
-1.2722799764180486,0.948714807855448,1.5669287654596866,-0.6206104718928843,-0.7654393106557434
0.9905516078400101,1.0872258864228583,-1.5101391874215764,0.8166521759725955,1.581929988867374
-0.6819760848724681,0.948714807855448,-1.5101391874215764,-0.5991587905814597,-0.8267969846537339
0.8429756349536149,1.5027591221250893,-0.3379228244191904,0.6664904067926202,2.1516798188487134
0.2772677388891002,1.5027591221250893,0.5900817962910317,-0.2988352522215082,-0.842574672253217
-0.06707619784582172,-1.4059735277905279,-1.0705580512956816,0.23745678056411867,0.11986427131526053
-1.1247040035316536,-0.8519292135208865,-0.19139577904389218,1.3529442087582224,0.4669733985038918
0.8921676259157466,-0.15937382068383474,1.3715593716259558,0.5806836815469194,-0.1711464110752081
1.5316635084234589,-1.6829956849253485,-0.9728733543788162,-0.513352065335759,0.10934581291560504
0.7937836439914832,1.5027591221250893,-0.8263463090035179,-2.7872302843468173,-0.5200086146637819
1.3840875355370637,1.5027591221250893,0.5900817962910317,-0.19157684566438285,-0.49195939226470065
0.9659556123589442,-0.29788489925124506,-0.8263463090035179,-2.8086819656582422,0.14440734091445667
0.5724196846618905,1.6412702006924997,0.8831358870416283,-0.6635138345157351,-0.7794639218552841
0.7445916530293515,1.2257369649902687,-0.14255343058545944,0.5592320002354948,0.3968503425061885
-0.48520812102394123,0.6716926507206273,-0.6798192636282196,-0.04141507648440746,2.8634288372254018
-0.9279360396831267,1.3642480435576791,-0.3867651728776232,0.7308454507268948,2.593455071634244
-1.0017240261263243,1.0872258864228583,-0.0937110821270267,0.5592320002354948,-0.9845738606485662
1.138127580726405,-0.5749070563860658,-0.19139577904389218,-1.9720663945126642,-0.6357116570599923
-0.534400111986073,-1.2674624492231175,-1.1194003997541144,0.8595555385954455,0.032210451318131425
1.2857035536128003,-0.5749070563860658,-0.9240310059203835,-0.7064171971385851,-0.09927027867756223
1.4824715174613272,0.2561594150183963,-1.5101391874215764,-0.6849655158271597,-0.33944174546969597
-1.5920279176719048,0.948714807855448,-0.2890804759607577,-0.7493205597614351,-0.33944174546969597
-1.02632002160739,-0.29788489925124506,-0.7775039605450852,1.4602026153153471,-0.6953162546580401
1.162723576207471,-0.29788489925124506,0.73660884166633,-0.3631902961557836,-0.6374647334599349
-1.6412199086340364,-1.1289513706557073,1.0296629324169264,-1.2641609112356367,-0.19218332787451908
-1.3952599538233779,-1.5444846063579383,1.518086417001254,-0.06286675779583284,-0.6655139558590163
0.4740357027376271,-1.5444846063579383,1.322717023167523,-2.894488690903943,-0.6462301154596478
-1.3706639583423121,0.533181572153217,-1.2170850966709799,-0.44899702140148434,-0.1115418134771603
0.8429756349536149,0.8102037292880377,-1.3636121420462781,-0.42754534009005896,-0.5603293718624613
0.006711788597375844,-0.02086274211642439,1.6157711139181195,-0.47044870271290895,-0.7952416094547673
0.9167636213968124,1.2257369649902687,1.7134558108349849,-2.637068515166842,-0.006357229480605382
-0.01788420688369001,-1.4059735277905279,0.003973614789838794,0.9882656264639963,-0.6725262614587866
0.5970156801429564,0.6716926507206273,1.6646134623765523,0.4519735936783694,1.8378791432589912
-1.223087985455917,1.5027591221250893,-0.19139577904389218,1.3529442087582224,-0.42183633626699735
0.646207671105088,-0.15937382068383474,1.127347629333792,1.996494648100974,-0.6357116570599923
-0.6081880984292706,-0.29788489925124506,0.6877664932078973,-1.0925474607442367,-0.221985626673543
-0.11626818880795343,0.8102037292880377,1.2250323262506575,-0.5562554279586097,-0.1325787302764713
-1.0755120125695217,-0.9904402920882969,-1.0705580512956816,-0.1701251643529582,0.38808496050647556
-1.6658159041151024,-1.5444846063579383,-0.6309769151697869,0.7952004946611702,0.09006197251623663
-0.9771280306452583,0.6716926507206273,-0.6798192636282196,-2.5512617899211416,-0.616427816660624
-1.5674319221908388,1.0872258864228583,0.5900817962910317,-0.5562554279586097,-0.03791260467957186
-1.690411899596168,-0.15937382068383474,1.3715593716259558,0.7308454507268948,0.34951727970773877
0.9905516078400101,-1.1289513706557073,-1.6566662327968746,-0.5348037466471843,-0.5147493854639542
-1.690411899596168,1.0872258864228583,-1.7055085812553072,-0.12722180173010822,-0.9179569574507481
0.670803666586154,1.2257369649902687,0.1993430086235698,-0.10577012041868285,-0.9074384990510925
0.4002477162944295,1.6412702006924997,0.345870053998868,0.1301983740069933,2.376073598041364
-1.5674319221908388,-0.5749070563860658,1.518086417001254,0.5806836815469194,-0.9863269370485088
1.4824715174613272,-1.2674624492231175,1.6646134623765523,-0.5991587905814597,-0.704081636657753
1.4824715174613272,-1.6829956849253485,-1.6078238843384418,-0.47044870271290895,0.43191187050504015
-0.48520812102394123,1.6412702006924997,0.05281596324827154,1.0311689890868463,1.3645485152744938
0.4248437117754954,1.3642480435576791,-0.5821345667113542,0.9024589012182955,1.8098299208599098
1.6054514948666565,-0.15937382068383474,-0.3379228244191904,-0.19157684566438285,-0.7724516162555137
-0.21465217073221685,-1.6829956849253485,1.5669287654596866,0.7737488133497455,-0.2588002310723372
0.3018637343701661,0.39467049358580664,1.127347629333792,-0.6206104718928843,-0.7917354566548822
-1.7396038905582998,0.11764833645098596,-1.021715702837249,-0.42754534009005896,-0.8706238946522984
0.4002477162944295,-0.5749070563860658,1.6646134623765523,-0.5777071092700343,-0.872376971052241
0.006711788597375844,-1.4059735277905279,1.322717023167523,-0.5562554279586097,-0.5463047606629207
-1.2722799764180486,0.533181572153217,0.15050066016513702,0.6021353628583448,-0.3464540510694663
1.2611075581317344,-1.5444846063579383,-1.6078238843384418,1.8892362415438486,-0.7934885330548247
-0.9771280306452583,0.39467049358580664,0.541239447832599,-1.4143226804156128,-0.4691693990654471
1.0889355897642734,-0.7134181349534762,-0.4844498697944887,-0.5562554279586097,-0.43936710026642317
0.6216116756240222,0.11764833645098596,-0.3379228244191904,-2.4654550646754414,-0.6251931986603368
-1.0755120125695217,-0.5749070563860658,-0.7775039605450852,-0.44899702140148434,-1.0284007706471308
1.3840875355370637,-0.7134181349534762,-0.6798192636282196,-1.6717428561527135,-0.8671177418524132
-1.223087985455917,0.2561594150183963,-0.8751886574619506,0.5592320002354948,1.6187445932661682
1.7038354767909198,-1.6829956849253485,0.44355475091573354,0.5806836815469194,0.6370218092983222
1.015147603321076,0.8102037292880377,0.8831358870416283,-1.3499676364813373,-0.029147222679858947
-0.6573800893914022,1.3642480435576791,1.4692440685428212,-2.637068515166842,0.6054664340993557
-1.3460679628612462,-0.4363959778186554,-0.8263463090035179,0.7952004946611702,0.14966657011428441
0.10509577052163926,-1.5444846063579383,-1.5101391874215764,-0.49190038402433434,-0.7706985398555711
-1.3952599538233779,0.948714807855448,0.9808205839584937,2.2539148238380755,-0.5690947538621742
0.670803666586154,-0.5749070563860658,-1.6078238843384418,-0.9423856915642604,0.7912925324932695
1.4086835310181296,-0.15937382068383474,-0.6798192636282196,-0.14867348304153283,-0.2307510086732559
0.2526717434080344,-0.7134181349534762,-1.6566662327968746,0.4948769563012194,-1.031906923447016
0.9905516078400101,-0.9904402920882969,1.6157711139181195,0.5377803189240694,1.5714115304677185
0.646207671105088,-0.5749070563860658,0.15050066016513702,-1.5215810869727382,-0.6970693310579827
1.334895544574932,-0.15937382068383474,1.322717023167523,0.5592320002354948,1.5416092316686947
0.15428776148377096,0.6716926507206273,0.541239447832599,-0.49190038402433434,-0.7812169982552266
1.359491540055998,-0.8519292135208865,0.2970277055404353,2.23246314252665,-0.6076624346609111
0.031307784078441696,-1.6829956849253485,1.322717023167523,-1.1783541859899367,-0.5007247742644135
-1.715007895077234,1.6412702006924997,-1.168242748212547,-0.12722180173010822,-0.5726009066620594
-0.26384416169434854,0.11764833645098596,1.2250323262506575,1.7176227910524486,-0.49020631586475805
0.7937836439914832,-0.4363959778186554,-0.14255343058545944,0.7737488133497455,1.3102031468762738
-0.5589961074671388,0.2561594150183963,0.49239709937416626,-0.6420621532043097,-0.733883935456777
1.5316635084234589,-0.15937382068383474,-0.5821345667113542,0.4948769563012194,0.047988138917614664
0.5724196846618905,1.6412702006924997,0.541239447832599,-0.9209340102528358,0.5844295173000448
-0.7311680758345999,-0.7134181349534762,-0.04486873366859395,0.8810072199068709,0.19524655651279155
0.5724196846618905,1.0872258864228583,-0.0937110821270267,0.8810072199068709,1.9851375608541681
-1.2968759718991145,0.11764833645098596,-1.1194003997541144,-2.8515853282810926,-0.47618170466521736
0.9413596168778784,-0.5749070563860658,-1.2659274451294127,-1.3070642738584874,0.15667887571405475
0.8429756349536149,0.948714807855448,0.003973614789838794,1.009717307775421,-0.1904302514745765
0.32645972985123195,1.0872258864228583,0.05281596324827154,-0.06286675779583284,2.093828297650608
0.3756517208133637,1.5027591221250893,1.518086417001254,0.06584333007271792,0.6037133576994131
-1.6658159041151024,1.6412702006924997,1.6157711139181195,1.9321396041666994,-0.6251931986603368
0.5478236891808247,-0.29788489925124506,-1.1194003997541144,0.10874669269556791,-0.9319815686502887
0.08049977504057342,-0.15937382068383474,1.1761899777922247,-0.3631902961557836,-0.8232908318538487
0.4002477162944295,0.948714807855448,1.0785052808753592,-2.5727134712325666,0.4389241761048105
0.44943970725656124,-0.4363959778186554,-0.3379228244191904,-0.42754534009005896,-0.8408215958532744
0.5724196846618905,0.11764833645098596,0.003973614789838794,1.0740723517096964,1.254104702078111
-0.11626818880795343,0.533181572153217,-0.0937110821270267,0.9453622638411455,0.08830889611629406
1.0889355897642734,-0.5749070563860658,-0.8751886574619506,1.3100408461353725,-0.030900299079801533
0.17888375696483683,-0.9904402920882969,-0.4844498697944887,0.7737488133497455,0.2022588621125619
1.4578755219802613,0.11764833645098596,-1.0705580512956816,0.10874669269556791,-1.0599561458460973
-1.0755120125695217,-0.4363959778186554,-0.0937110821270267,-0.8780306476299858,0.6107256632991835
-0.534400111986073,-1.5444846063579383,0.15050066016513702,0.9668139451525709,0.151419646514227
-1.2722799764180486,1.0872258864228583,-0.24023812750232493,-2.5727134712325666,-0.43060171826671023
0.5724196846618905,-0.15937382068383474,-1.1194003997541144,-1.564484449595588,0.8035640672928676
0.031307784078441696,-0.5749070563860658,1.518086417001254,-0.7064171971385851,-0.6777854906586144
-1.0755120125695217,0.2561594150183963,-0.7286616120866524,-0.47044870271290895,-1.023141541447303
0.05590377955950755,0.8102037292880377,-0.9240310059203835,-0.3631902961557836,-0.8513400542529299
0.4740357027376271,0.2561594150183963,0.6877664932078973,-1.5430327682841627,1.3154623760761015
-0.3376321481375461,-0.7134181349534762,-0.7286616120866524,0.6664904067926202,0.014679687318705604
-0.11626818880795343,0.6716926507206273,0.931978235500061,0.8166521759725955,1.955335262055144
-1.6658159041151024,0.39467049358580664,-1.412454490504711,-0.34173861484435897,-0.7899823802549396
-0.6081880984292706,1.5027591221250893,0.73660884166633,0.23745678056411867,-0.9775615550487958
-0.31303615265648027,-0.29788489925124506,-0.04486873366859395,-0.6206104718928843,-0.5778601358618871
-0.11626818880795343,-1.1289513706557073,0.39471240245730077,-0.6206104718928843,-0.7794639218552841
1.4578755219802613,0.948714807855448,0.15050066016513702,1.5889127031838979,-0.6690201086589014
1.138127580726405,0.533181572153217,-0.6798192636282196,-1.049644098121386,3.024711866020119
1.4332795264991955,-1.1289513706557073,0.1993430086235698,-0.5348037466471843,-0.7093408658575808
0.8183796394725491,-1.4059735277905279,-1.4612968389631436,-0.5991587905814597,-0.8355623666534467
0.646207671105088,-0.5749070563860658,-1.5589815358800092,-0.42754534009005896,-0.6637608794590737
-0.43601613006180956,0.8102037292880377,-1.5101391874215764,-0.513352065335759,-1.010870006647705
-1.5674319221908388,1.2257369649902687,-0.3379228244191904,-0.7278688784500097,-0.21146716827388748
0.006711788597375844,0.6716926507206273,-1.4612968389631436,1.1598790769553964,-0.5165024618638968
1.5316635084234589,1.5027591221250893,-0.7775039605450852,-0.2130285269758082,-0.7654393106557434
-0.9033400442020608,1.6412702006924997,1.0785052808753592,0.5377803189240694,0.30393729330923164
0.031307784078441696,0.8102037292880377,-1.021715702837249,1.1598790769553964,-0.38326865546826056
0.8675716304346808,1.5027591221250893,-0.8263463090035179,-0.7493205597614351,-0.8127723734541932
1.162723576207471,0.8102037292880377,1.322717023167523,1.1813307582668218,1.3908446612736325
-1.050916017088456,-0.29788489925124506,-0.4844498697944887,-0.44899702140148434,-0.7636862342558008
-0.11626818880795343,1.3642480435576791,1.6157711139181195,-0.5991587905814597,-0.7724516162555137
1.0643395942832077,1.6412702006924997,1.7134558108349849,1.8677845602324248,-0.8162785262540783
-1.0755120125695217,-1.2674624492231175,0.931978235500061,2.0823013733466755,-0.8320562138535615
-0.28844015717541444,1.6412702006924997,1.4204017200843884,-1.8648079879555388,-0.4972186214645284
0.5970156801429564,0.948714807855448,1.6157711139181195,0.36616686843266866,-1.0827461390453508
-0.26384416169434854,-1.1289513706557073,0.8342935385831954,-2.3796483394297407,-0.553317066262691
1.162723576207471,-1.4059735277905279,1.1761899777922247,-0.5348037466471843,-0.5778601358618871
-0.19005617525115098,1.6412702006924997,1.6646134623765523,-0.6206104718928843,-0.7216124006571789
1.4824715174613272,-0.4363959778186554,0.8342935385831954,0.2160050992526933,-1.052943840246327
1.6300474903477222,-1.4059735277905279,-0.14255343058545944,0.08729501138414254,0.6492933440979203
-0.4606121255428754,0.11764833645098596,-0.6309769151697869,-0.2559318895986582,-0.9442531034498868
-0.042480202364755866,1.6412702006924997,-1.7055085812553072,-0.06286675779583284,-0.7005754838578679
-1.690411899596168,1.3642480435576791,0.15050066016513702,-0.5777071092700343,-0.8899077350516668
-0.11626818880795343,-0.5749070563860658,-1.412454490504711,1.331492527446797,-0.8495869778529874
-0.042480202364755866,-1.6829956849253485,-0.4844498697944887,-0.2344802082872336,-0.4972186214645284
1.4332795264991955,0.11764833645098596,0.1016583117067043,2.0179463294123994,-0.5883785942615426
-0.9033400442020608,-1.6829956849253485,0.1016583117067043,0.5806836815469194,-0.18692409867469134
-0.6819760848724681,-1.6829956849253485,1.3715593716259558,0.7308454507268948,-0.3026271410709018
0.49863169821869296,0.8102037292880377,1.7134558108349849,0.7308454507268948,1.4890169396704172
0.3018637343701661,0.11764833645098596,0.6877664932078973,2.0823013733466755,-0.7023285602578104
1.6546434858287882,1.5027591221250893,-0.3867651728776232,1.3743958900696471,0.5055410793026286
1.359491540055998,-1.2674624492231175,1.4204017200843884,-0.6420621532043097,-0.4691693990654471
1.3102995490938663,1.6412702006924997,0.6877664932078973,0.044391648761292535,2.9493295808225883
-1.1492999990127193,-0.9904402920882969,-0.9240310059203835,-2.0364214384469395,-0.5831193650617149
1.507067512942393,-0.7134181349534762,0.8831358870416283,0.10874669269556791,-0.9652900202491977
-0.6081880984292706,1.6412702006924997,-1.412454490504711,-0.513352065335759,-0.7934885330548247
-1.5182399312287072,0.39467049358580664,-0.7286616120866524,0.8595555385954455,-0.060702597878825426
-1.1247040035316536,-0.15937382068383474,0.345870053998868,-2.143679845004065,-0.2500348490726243
-1.2476839809369829,-0.02086274211642439,-0.6798192636282196,1.2885891648239471,-0.2921086826712463
-1.1001080080505876,0.8102037292880377,-0.6798192636282196,0.9453622638411455,-0.009863382280490546
1.359491540055998,-0.7134181349534762,1.27387467470909,0.6235870441697694,0.26887576531038
-1.4444519447855095,-0.29788489925124506,0.24818535708200254,-1.0067407354985358,1.166450882080982
-1.3952599538233779,-0.7134181349534762,0.49239709937416626,0.6879420881040448,0.7614902336942456
-1.4444519447855095,-1.4059735277905279,-1.5101391874215764,0.5806836815469194,-0.318404828670385
-0.7803600667967315,1.5027591221250893,0.73660884166633,-1.2641609112356367,-0.4060586486675141
-1.4198559493044438,-0.9904402920882969,0.931978235500061,-0.5562554279586097,-0.7496616230562602
0.7445916530293515,0.11764833645098596,-0.0937110821270267,1.1384273956439717,-0.5936378234613704
0.2034797524459027,1.6412702006924997,0.24818535708200254,0.5592320002354948,1.6502999684651347
-0.5098041165050071,0.8102037292880377,-0.24023812750232493,-0.2130285269758082,-0.8320562138535615
-1.2968759718991145,0.533181572153217,-0.3867651728776232,-0.3631902961557836,-0.2780840714717056
0.44943970725656124,-0.02086274211642439,0.003973614789838794,0.5806836815469194,-0.3482071274694089
1.0397435988021417,-1.1289513706557073,0.73660884166633,-0.1701251643529582,-0.8811423530519539
0.17888375696483683,0.8102037292880377,1.3715593716259558,-0.34173861484435897,-0.5988970526611981
0.5478236891808247,-0.29788489925124506,-1.6078238843384418,-0.47044870271290895,-0.9039323462512074
1.6300474903477222,-0.8519292135208865,-0.8751886574619506,0.2160050992526933,1.645040739265307
-0.7311680758345999,1.0872258864228583,0.1016583117067043,-2.12222816369264,-0.19744255707434683
-1.690411899596168,-1.6829956849253485,0.73660884166633,0.5377803189240694,-0.09401104947773449
0.7937836439914832,-0.02086274211642439,-0.7286616120866524,0.6021353628583448,1.1699570348808672
-0.2392481662132827,1.3642480435576791,1.2250323262506575,0.6021353628583448,-0.3990463430677438
-1.1247040035316536,-1.1289513706557073,0.931978235500061,0.6664904067926202,0.12337042411514569
1.334895544574932,0.39467049358580664,1.5669287654596866,0.7952004946611702,0.06201275011715532
0.3756517208133637,-1.4059735277905279,0.6877664932078973,-1.0281924168099612,-0.11680104267698806
-0.09167219332688757,-0.15937382068383474,0.345870053998868,1.0955240330211218,1.1962531808800059
-0.6327840939103364,0.39467049358580664,-0.5332922182529214,-0.8565789663185605,2.2743951668446942
0.3018637343701661,-1.2674624492231175,1.7134558108349849,-1.0710957794328113,-0.3464540510694663
-1.1247040035316536,-1.4059735277905279,-0.7286616120866524,0.9024589012182955,0.5072941557025712
0.8183796394725491,-0.4363959778186554,-1.5101391874215764,-0.7493205597614351,-0.9021792698512648
-1.02632002160739,0.533181572153217,-0.4356075213360559,1.0311689890868463,1.1629447292810968
-1.542835926709773,-0.5749070563860658,-0.19139577904389218,0.5377803189240694,-1.052943840246327
1.015147603321076,-0.8519292135208865,-1.168242748212547,0.6021353628583448,-0.3692440442687199
0.44943970725656124,0.6716926507206273,-0.9728733543788162,1.052620670398271,-0.05719644507894026
-1.198491989974851,0.6716926507206273,0.541239447832599,-0.513352065335759,-0.7163531714573511
0.2034797524459027,1.2257369649902687,0.8342935385831954,0.044391648761292535,0.9438101792882742
0.6216116756240222,0.6716926507206273,-1.6566662327968746,0.6235870441697694,-0.0536902922790551
0.5970156801429564,0.6716926507206273,0.05281596324827154,-0.8994823289414104,0.12512350051508828
-0.6573800893914022,-1.1289513706557073,-1.5589815358800092,-0.9209340102528358,-0.5480578370628633
0.8429756349536149,-0.15937382068383474,-0.19139577904389218,0.10874669269556791,-0.9775615550487958
-1.1247040035316536,1.3642480435576791,-1.3147697935878453,-1.907711350578389,-0.14835641787595452
1.7038354767909198,-1.6829956849253485,0.541239447832599,-0.5348037466471843,-0.5936378234613704
0.9167636213968124,0.948714807855448,0.8831358870416283,0.47342527498979403,0.17771579251336575
-1.4690479402665755,0.8102037292880377,-0.8263463090035179,0.8381038572840201,-1.1107953614444321
-1.6166239131529705,1.2257369649902687,1.1761899777922247,0.7522971320383202,0.2197896261119877
-1.02632002160739,1.5027591221250893,0.541239447832599,1.052620670398271,2.270889014044809
0.44943970725656124,0.948714807855448,0.1016583117067043,-0.1701251643529582,-0.5427986078630355
1.2365115626506686,-0.7134181349534762,0.1016583117067043,-0.42754534009005896,-0.9442531034498868
1.4086835310181296,0.11764833645098596,-1.6566662327968746,0.40907023105551865,-0.27457791867182046
1.6300474903477222,-1.2674624492231175,1.7134558108349849,0.9882656264639963,-0.008110305880547964
0.2772677388891002,1.5027591221250893,-0.19139577904389218,-1.3070642738584874,-0.41131787786734186
-0.5589961074671388,0.533181572153217,0.73660884166633,-1.7146462187755636,1.5205723148693837
0.646207671105088,0.533181572153217,1.6646134623765523,0.8381038572840201,-1.0687215278458102
-1.4936439357476412,-1.1289513706557073,0.24818535708200254,-0.01996339517298284,0.28290037650992067
-1.6658159041151024,-1.6829956849253485,0.7854511901247627,-0.8351272850071351,1.1173647428825897
1.7038354767909198,0.8102037292880377,-0.4844498697944887,0.001488286138442538,3.189501047614722
0.3018637343701661,1.3642480435576791,1.6646134623765523,-0.9423856915642604,-0.3569725094691218
-1.02632002160739,1.0872258864228583,0.1993430086235698,-0.8136756036957105,0.002408152519107529
0.5232276936997589,0.8102037292880377,-1.5589815358800092,-0.5562554279586097,-0.4270955654668251
0.4740357027376271,1.2257369649902687,1.0296629324169264,-0.49190038402433434,-0.6988224074579253
-0.31303615265648027,0.8102037292880377,0.1016583117067043,0.9882656264639963,-0.27457791867182046
-0.38682413909967783,1.6412702006924997,0.15050066016513702,0.06584333007271792,2.6495535164324067
-1.1001080080505876,1.2257369649902687,0.345870053998868,-0.6849655158271597,-0.6409708862598201
-1.7396038905582998,-1.6829956849253485,1.518086417001254,-0.6420621532043097,-0.8583523598527003
1.3102995490938663,-0.02086274211642439,1.2250323262506575,0.6879420881040448,1.5293376968690966
1.334895544574932,-0.29788489925124506,-1.021715702837249,1.2671374835125218,-0.7110939422575234
1.2365115626506686,-0.15937382068383474,0.7854511901247627,-0.8994823289414104,-0.5673416774622316
0.6216116756240222,1.0872258864228583,1.127347629333792,0.02293996744986792,-0.8338092902535041
-1.223087985455917,-0.15937382068383474,-0.8751886574619506,-0.3631902961557836,-0.896920040651437
-1.4690479402665755,0.11764833645098596,-1.6566662327968746,2.2539148238380755,-0.6076624346609111
-1.4444519447855095,-0.02086274211642439,0.8831358870416283,0.7522971320383202,1.9886437136540533
1.3102995490938663,1.6412702006924997,0.931978235500061,-1.1569025046785113,-0.41833018346711215
-0.19005617525115098,0.948714807855448,-0.7286616120866524,1.009717307775421,2.442690501239182
0.5970156801429564,-0.9904402920882969,1.7134558108349849,-0.6635138345157351,-0.7233654770571215
1.4086835310181296,-1.4059735277905279,-0.7286616120866524,-0.1701251643529582,-0.16413410547543777
0.17888375696483683,-0.5749070563860658,1.27387467470909,1.2671374835125218,0.007667381718935275
0.6953996620672198,0.39467049358580664,1.0785052808753592,-0.5348037466471843,-0.8180316026540209
-0.3376321481375461,0.6716926507206273,1.7134558108349849,0.9668139451525709,-0.5673416774622316
-0.9525320351641925,-1.6829956849253485,-1.2659274451294127,-0.2988352522215082,-0.6672670322589588
0.5478236891808247,-1.5444846063579383,-1.168242748212547,0.6021353628583448,-0.19393640427446165
-0.854148053239929,1.5027591221250893,1.27387467470909,-0.7707722410728605,-0.5901316706614852
-1.5920279176719048,-0.9904402920882969,-1.2659274451294127,-0.3631902961557836,-0.7777108454553415
-0.9771280306452583,-0.15937382068383474,0.003973614789838794,-0.2559318895986582,-0.2482817726726817
1.4824715174613272,0.533181572153217,-0.24023812750232493,0.6450387254811948,-1.0722276806456954
-1.050916017088456,-0.29788489925124506,1.6646134623765523,-0.38464197746720896,0.10934581291560504
-0.06707619784582172,1.5027591221250893,1.0296629324169264,-0.5777071092700343,-0.8005008386545951
0.2772677388891002,-1.4059735277905279,-1.2170850966709799,-0.7493205597614351,-0.7075877894576382
1.138127580726405,0.39467049358580664,0.49239709937416626,-1.0710957794328113,-0.5883785942615426
-1.02632002160739,-1.6829956849253485,-0.9240310059203835,-0.7278688784500097,-0.6111685874607962
1.2611075581317344,-0.02086274211642439,1.0296629324169264,1.1598790769553964,0.7351940876951069
-0.5589961074671388,-1.2674624492231175,0.05281596324827154,0.6879420881040448,-0.15536872347572486
0.35105572533229784,0.948714807855448,-1.6078238843384418,2.2110114612152247,-0.6514893446594756
0.4740357027376271,1.6412702006924997,-1.2659274451294127,0.08729501138414254,1.9115083520565797
-1.0017240261263243,0.533181572153217,-1.1194003997541144,0.7952004946611702,0.5809233645001596
-0.534400111986073,-1.2674624492231175,-0.2890804759607577,0.7952004946611702,0.4634672457040066
-0.2392481662132827,-0.02086274211642439,0.05281596324827154,-0.2773835709100836,1.3119562232762163
1.7038354767909198,0.533181572153217,0.2970277055404353,-1.5215810869727382,-0.22724485587337073
-1.542835926709773,0.11764833645098596,0.49239709937416626,0.9668139451525709,1.8028176152601396
0.670803666586154,-0.5749070563860658,-1.168242748212547,0.9239105825297209,-1.0196353886474179
-1.198491989974851,0.39467049358580664,-1.3636121420462781,-0.8136756036957105,-0.06946797987853834
0.12969176600270513,-1.6829956849253485,0.39471240245730077,0.2589084618755433,2.9510826572225306
1.2611075581317344,0.2561594150183963,0.9808205839584937,-1.242709229924212,-0.6567485738593033
1.2857035536128003,-1.1289513706557073,-1.7055085812553072,0.1731017366298433,0.7439594696948197
-0.8295520577588632,0.2561594150183963,-0.0937110821270267,0.23745678056411867,0.3127026753089446
-1.5674319221908388,0.11764833645098596,0.931978235500061,-0.49190038402433434,-0.8355623666534467
-0.38682413909967783,1.3642480435576791,1.0296629324169264,-0.7922239223842851,-0.4814409338650451
1.2119155671696027,-0.02086274211642439,0.15050066016513702,0.7308454507268948,-0.13608488307635647
0.5232276936997589,-0.29788489925124506,1.6646134623765523,1.052620670398271,1.9307921924559481
-1.1492999990127193,-1.2674624492231175,0.931978235500061,0.5806836815469194,-1.0196353886474179
-0.854148053239929,1.5027591221250893,-0.2890804759607577,1.417299252692498,-0.7969946858547099
1.4824715174613272,-1.5444846063579383,0.2970277055404353,0.7093937694154702,1.024451693685633
0.8429756349536149,0.6716926507206273,0.05281596324827154,1.009717307775421,-0.7636862342558008
1.3840875355370637,-0.9904402920882969,1.3715593716259558,0.6021353628583448,0.5055410793026286
1.2119155671696027,0.8102037292880377,0.345870053998868,-0.9852890541871112,0.7912925324932695
-1.4444519447855095,-1.1289513706557073,-1.412454490504711,-0.8136756036957105,-0.7689454634556286
-1.5920279176719048,-1.6829956849253485,-0.24023812750232493,-2.6585201964782668,0.33198651570831295
-0.5589961074671388,-1.2674624492231175,0.931978235500061,-1.4786777243498874,1.518819238469441
1.5562595039045246,1.0872258864228583,-1.2170850966709799,0.34471518712124405,0.2110242441122748
-1.1738959944937852,1.0872258864228583,-1.168242748212547,-1.0067407354985358,0.407368800905844
1.6300474903477222,1.0872258864228583,-1.5589815358800092,0.32326350580981866,-1.0599561458460973
-0.8049560622777974,-1.2674624492231175,1.322717023167523,-1.8648079879555388,-0.7496616230562602
1.3840875355370637,-0.29788489925124506,1.7134558108349849,0.34471518712124405,1.7256822536626657
-0.6327840939103364,-1.6829956849253485,1.4692440685428212,0.9024589012182955,-0.06596182707865317
-1.198491989974851,0.2561594150183963,-1.021715702837249,1.0740723517096964,0.12687657691503085
-1.715007895077234,-0.7134181349534762,-0.9728733543788162,-0.14867348304153283,-0.9565246382494849
0.15428776148377096,-0.15937382068383474,1.127347629333792,-0.40609365877863357,-0.8583523598527003
0.2772677388891002,0.948714807855448,0.39471240245730077,-0.6206104718928843,-0.3376886690697534
-0.7557640713156657,-0.7134181349534762,1.2250323262506575,0.32326350580981866,-0.9302284922503461
0.6953996620672198,1.3642480435576791,0.6877664932078973,0.7952004946611702,-1.044178458246614
-0.9771280306452583,-0.02086274211642439,-1.3636121420462781,1.0740723517096964,0.21277732051221737
-0.534400111986073,-1.2674624492231175,-0.24023812750232493,1.6318160658067487,-0.7969946858547099
1.2365115626506686,0.6716926507206273,0.931978235500061,-0.2344802082872336,-0.5620824482624039
-0.854148053239929,0.39467049358580664,0.345870053998868,-0.34173861484435897,-0.8828954294518965
0.9659556123589442,0.39467049358580664,-0.6798192636282196,0.6879420881040448,1.5433623080686372
0.2526717434080344,-1.1289513706557073,-0.4356075213360559,-0.19157684566438285,-0.179911793074921
1.6054514948666565,-0.7134181349534762,-1.5589815358800092,0.6879420881040448,0.32146805730865746
0.9167636213968124,0.948714807855448,1.6646134623765523,1.1598790769553964,0.37230727290699234
-0.3376321481375461,-0.02086274211642439,-1.5101391874215764,0.38761854974409404,0.14440734091445667
1.6054514948666565,-0.7134181349534762,-0.4356075213360559,1.1169757143325463,-0.670773185058844
0.2526717434080344,0.8102037292880377,1.27387467470909,-0.14867348304153283,-0.809266220654308
0.9413596168778784,1.2257369649902687,-0.04486873366859395,0.6021353628583448,0.919267109689078
1.507067512942393,1.6412702006924997,1.322717023167523,-0.49190038402433434,-0.9372407978501165
1.4578755219802613,0.39467049358580664,1.3715593716259558,0.516328637612644,-1.0704746042457527
-1.1738959944937852,-0.4363959778186554,-1.2659274451294127,0.7737488133497455,2.470739723638263
0.5724196846618905,-1.2674624492231175,-0.5332922182529214,0.7093937694154702,-0.21847947387365782
-0.5835921029482046,0.11764833645098596,1.4692440685428212,-1.7575495813984134,3.30345101361099
0.5970156801429564,0.533181572153217,0.2970277055404353,-0.6420621532043097,0.8806994288903411
1.1135315852453394,0.11764833645098596,1.0785052808753592,0.9882656264639963,-0.03791260467957186
-0.7065720803535339,1.5027591221250893,-1.6566662327968746,-0.513352065335759,-0.9284754158504036
1.507067512942393,-0.7134181349534762,1.3715593716259558,2.14665641728095,-0.6357116570599923
-0.14086418428901928,-0.02086274211642439,-1.3147697935878453,0.8166521759725955,-0.4831940102649877
0.3756517208133637,0.533181572153217,-0.4844498697944887,1.1384273956439717,0.22329577891187288
0.9167636213968124,1.2257369649902687,-0.2890804759607577,-0.34173861484435897,-0.9039323462512074
0.9659556123589442,1.6412702006924997,1.322717023167523,0.1516500553184179,1.4925230924703023
-0.19005617525115098,0.11764833645098596,0.05281596324827154,0.6664904067926202,-0.9652900202491977
-0.9279360396831267,1.6412702006924997,-0.8263463090035179,-1.1139991420556612,3.3560433056092673
-0.5589961074671388,-0.4363959778186554,-1.5101391874215764,1.331492527446797,-0.5340332258633226
0.7445916530293515,0.6716926507206273,1.4204017200843884,-0.04141507648440746,-0.7128470186574659
1.2119155671696027,1.3642480435576791,1.27387467470909,-0.19157684566438285,-0.23776331427302622
0.8675716304346808,-1.2674624492231175,-0.3867651728776232,1.9750429667895502,-0.5918847470614278
-0.6081880984292706,-1.1289513706557073,1.7134558108349849,0.5377803189240694,0.11460504211543278
0.4002477162944295,1.5027591221250893,1.4204017200843884,1.1813307582668218,-0.6076624346609111
1.187319571688537,-0.7134181349534762,1.322717023167523,0.9453622638411455,0.17946886891330832
-1.542835926709773,1.3642480435576791,1.0296629324169264,1.245685802201097,0.28290037650992067
0.3018637343701661,0.2561594150183963,-0.04486873366859395,0.6879420881040448,2.5881958424344162
-0.9525320351641925,-0.29788489925124506,-1.2659274451294127,0.5377803189240694,0.11635811851537536
0.2772677388891002,-0.4363959778186554,-0.24023812750232493,0.4948769563012194,0.032210451318131425
-1.4444519447855095,-0.8519292135208865,1.6646134623765523,0.5806836815469194,-0.47968785746510256
0.4248437117754954,1.2257369649902687,-0.19139577904389218,-0.04141507648440746,2.670590433231718
0.2772677388891002,-0.15937382068383474,0.15050066016513702,1.3100408461353725,-0.2079610154740023
-0.26384416169434854,-0.4363959778186554,-1.4612968389631436,2.14665641728095,-0.7321308590568344
-1.4936439357476412,1.0872258864228583,-0.7286616120866524,0.1731017366298433,2.3515305284421677
1.0889355897642734,1.3642480435576791,1.7134558108349849,1.3529442087582224,-0.6392178098598775
-1.3952599538233779,-1.4059735277905279,-0.6309769151697869,0.1516500553184179,0.3950972661062459
-1.1492999990127193,-0.8519292135208865,0.7854511901247627,1.0955240330211218,1.4206469600726563
1.3102995490938663,-0.9904402920882969,1.4204017200843884,1.2027824395782472,-0.6514893446594756
-0.48520812102394123,-1.1289513706557073,1.0785052808753592,0.5377803189240694,0.11986427131526053
0.12969176600270513,1.2257369649902687,-0.24023812750232493,0.6879420881040448,-0.4533917114659638
0.17888375696483683,0.2561594150183963,-1.5101391874215764,1.1598790769553964,0.46171416930406406
0.3018637343701661,0.533181572153217,1.3715593716259558,0.6021353628583448,0.6440341148980926
1.187319571688537,1.3642480435576791,0.541239447832599,0.5806836815469194,0.9858840128868961
-1.6412199086340364,-1.1289513706557073,0.7854511901247627,0.8595555385954455,0.02870429851824626
0.7199956575482857,-0.29788489925124506,-0.5332922182529214,0.43052191236694404,2.6250104468332105
1.6054514948666565,0.8102037292880377,-0.5821345667113542,2.2110114612152247,-0.6094155110608537
0.17888375696483683,-0.7134181349534762,-1.3147697935878453,0.9453622638411455,0.4792449333034899
-1.2722799764180486,-0.15937382068383474,0.931978235500061,1.0311689890868463,0.10759273651566245
-1.050916017088456,-0.7134181349534762,1.127347629333792,0.34471518712124405,0.835119442491834
1.5316635084234589,-1.6829956849253485,-1.5101391874215764,1.824881197609574,-0.5147493854639542
-0.5835921029482046,-0.9904402920882969,-0.2890804759607577,1.2671374835125218,-0.41833018346711215
-0.3376321481375461,-0.4363959778186554,-0.24023812750232493,0.1731017366298433,-0.025641069879973784
0.22807574792696855,-0.9904402920882969,0.1016583117067043,0.7308454507268948,2.833626538426378
-1.542835926709773,1.0872258864228583,-0.4844498697944887,0.7093937694154702,0.1899873273129638
-1.223087985455917,0.39467049358580664,1.0296629324169264,0.7308454507268948,0.047988138917614664
-1.4936439357476412,-0.29788489925124506,0.003973614789838794,0.6021353628583448,-0.09576412587767706
-0.6573800893914022,-1.4059735277905279,0.1993430086235698,1.5460093405610487,-0.7286247062569492
1.6546434858287882,-0.9904402920882969,-1.1194003997541144,0.9024589012182955,0.07779043771663856
-0.43601613006180956,0.533181572153217,0.1993430086235698,0.516328637612644,1.6380284336655366
1.2365115626506686,0.533181572153217,-1.3636121420462781,0.6235870441697694,1.4679800228711062
1.187319571688537,-0.15937382068383474,0.2970277055404353,1.3100408461353725,-0.7268716298570066
0.2772677388891002,-0.15937382068383474,-1.2659274451294127,1.2242341208896717,-0.2921086826712463
-0.5589961074671388,0.8102037292880377,-0.6798192636282196,0.5806836815469194,-0.33944174546969597
0.4248437117754954,-0.9904402920882969,0.9808205839584937,-1.8862596692669642,0.9122548040893076
-1.0017240261263243,-1.4059735277905279,0.6877664932078973,0.8595555385954455,2.1972598052472203
-0.2392481662132827,-0.15937382068383474,-1.168242748212547,0.8595555385954455,-0.3271702106700979
0.6216116756240222,1.2257369649902687,-0.6309769151697869,1.052620670398271,-0.44988555866607866
-0.11626818880795343,0.39467049358580664,-0.2890804759607577,0.9882656264639963,-0.725118553457064
1.6546434858287882,-1.5444846063579383,-1.5589815358800092,1.052620670398271,-0.6970693310579827
1.0397435988021417,0.39467049358580664,-1.168242748212547,0.43052191236694404,0.37406034930693494
1.6054514948666565,-1.2674624492231175,-0.14255343058545944,0.8166521759725955,0.11285196571549021
-0.06707619784582172,-1.4059735277905279,-0.5332922182529214,0.8810072199068709,0.25134500131095416
-0.9525320351641925,-0.5749070563860658,1.4692440685428212,0.4948769563012194,0.10583966011571987
0.10509577052163926,-0.29788489925124506,-0.8751886574619506,0.40907023105551865,1.3575362096747234
-0.362228143618612,-1.2674624492231175,0.5900817962910317,-1.2641609112356367,1.611732287666398
1.0643395942832077,0.6716926507206273,1.27387467470909,1.3743958900696471,-0.48845323946481545
1.4578755219802613,-0.4363959778186554,-0.3379228244191904,0.7737488133497455,0.0444819861177295
1.015147603321076,-0.8519292135208865,0.541239447832599,0.5806836815469194,-0.3078863702707295
-1.5182399312287072,-0.7134181349534762,1.1761899777922247,0.40907023105551865,0.4845041625033176
0.7691876485104173,-0.15937382068383474,0.44355475091573354,-0.8136756036957105,1.7852868512607136
0.10509577052163926,0.948714807855448,0.345870053998868,-0.9423856915642604,2.560146620035335
0.4248437117754954,0.39467049358580664,0.73660884166633,0.9024589012182955,0.6370218092983222
0.49863169821869296,0.2561594150183963,-0.9728733543788162,2.1252047359695245,-0.8811423530519539
-0.362228143618612,1.5027591221250893,1.4692440685428212,2.0823013733466755,-0.7233654770571215
-0.06707619784582172,1.2257369649902687,-0.3379228244191904,-1.285612592547062,1.4662269464711635
-0.6573800893914022,1.6412702006924997,-1.6078238843384418,0.28036014318696867,1.9746191024545126
0.35105572533229784,0.6716926507206273,-0.24023812750232493,0.6879420881040448,0.3950972661062459
-0.7311680758345999,-0.02086274211642439,-1.5589815358800092,0.9239105825297209,0.5020349265027434
0.9167636213968124,-0.02086274211642439,0.931978235500061,0.9882656264639963,-0.8267969846537339
1.4332795264991955,0.948714807855448,-1.5589815358800092,0.8595555385954455,2.560146620035335
-1.4690479402665755,1.0872258864228583,-1.6566662327968746,0.38761854974409404,0.2303080845116432
0.44943970725656124,0.2561594150183963,-0.0937110821270267,-0.3631902961557836,1.76249685806146
-1.6166239131529705,-1.1289513706557073,0.345870053998868,1.2027824395782472,-0.3306763634699831
-1.198491989974851,-0.02086274211642439,-0.24023812750232493,0.7093937694154702,0.01993891651853335
-1.2722799764180486,1.2257369649902687,-0.5821345667113542,-1.7146462187755636,0.3950972661062459
-0.26384416169434854,-1.5444846063579383,0.39471240245730077,0.2160050992526933,2.3988635912406173
-0.042480202364755866,-0.15937382068383474,1.1761899777922247,-1.4572260430384627,2.40061666764056
1.359491540055998,0.533181572153217,-0.5821345667113542,1.331492527446797,-0.5147493854639542
-0.09167219332688757,1.6412702006924997,0.541239447832599,-2.0364214384469395,0.16719733411371024
-0.2392481662132827,-1.2674624492231175,1.6646134623765523,0.3018118244983933,2.623257370433268
1.015147603321076,0.6716926507206273,-1.412454490504711,-0.6635138345157351,2.4444435776391247
-1.1738959944937852,1.0872258864228583,1.27387467470909,-1.4572260430384627,0.033963527718074
-1.6166239131529705,0.39467049358580664,1.3715593716259558,1.4387509340039233,-0.90568542265115
-1.4690479402665755,-0.29788489925124506,0.49239709937416626,0.6021353628583448,2.5338504740361962
1.2857035536128003,-1.5444846063579383,-1.2659274451294127,0.7737488133497455,2.1516798188487134
-0.6819760848724681,0.8102037292880377,-0.14255343058545944,1.8892362415438486,-0.5901316706614852
1.2365115626506686,-1.4059735277905279,-1.6566662327968746,0.6664904067926202,0.2723819181102652
-1.1001080080505876,-1.5444846063579383,-1.2659274451294127,2.0823013733466755,-0.6146747402606814
-0.38682413909967783,-0.15937382068383474,-0.5821345667113542,0.7093937694154702,-0.12731950107664355
-0.43601613006180956,-0.7134181349534762,0.5900817962910317,0.5377803189240694,-0.09050489667784932
1.2611075581317344,0.11764833645098596,0.44355475091573354,-1.242709229924212,1.9535821856552016
-0.042480202364755866,-0.4363959778186554,0.15050066016513702,1.052620670398271,-0.42008325986705475
1.4824715174613272,0.11764833645098596,-1.0705580512956816,1.3100408461353725,-0.6690201086589014
-1.2722799764180486,-1.4059735277905279,-0.9728733543788162,0.6235870441697694,0.1426542645145141
-0.9279360396831267,0.6716926507206273,-1.5589815358800092,1.1169757143325463,0.16369118131382507
-0.6081880984292706,-0.4363959778186554,0.5900817962910317,0.2160050992526933,-0.3587255858690644
0.8183796394725491,-0.8519292135208865,-0.8751886574619506,0.36616686843266866,0.06902505571692565
-1.0017240261263243,0.2561594150183963,0.15050066016513702,1.331492527446797,-0.1886771750746339
0.9905516078400101,-1.4059735277905279,-1.0705580512956816,-1.4786777243498874,0.9122548040893076
-0.534400111986073,0.6716926507206273,0.24818535708200254,-0.01996339517298284,0.8316132896919488
-0.5589961074671388,-1.4059735277905279,1.127347629333792,0.8166521759725955,0.20050578571261932
0.4002477162944295,-1.4059735277905279,0.8342935385831954,-0.6849655158271597,1.9500760328553164
1.5316635084234589,-0.8519292135208865,-0.9728733543788162,1.0311689890868463,1.12437704848236
0.5970156801429564,0.39467049358580664,-1.2659274451294127,2.06084969203525,-0.6444770390597052
1.015147603321076,1.2257369649902687,1.2250323262506575,0.5806836815469194,1.6169915168662257
0.006711788597375844,0.11764833645098596,1.6157711139181195,1.417299252692498,-0.7023285602578104
0.006711788597375844,1.3642480435576791,1.2250323262506575,0.1945534179412679,-0.3674909678687773
0.5232276936997589,-1.6829956849253485,-0.7286616120866524,0.6664904067926202,-0.02213491708008862
-0.06707619784582172,0.8102037292880377,0.1993430086235698,-1.650291174841288,2.647800440032464
0.670803666586154,0.39467049358580664,-0.19139577904389218,0.6021353628583448,0.037469680517959174
-0.06707619784582172,-1.5444846063579383,0.15050066016513702,0.6664904067926202,0.19699963291273415
0.5478236891808247,1.3642480435576791,-1.2659274451294127,0.6235870441697694,-0.16413410547543777
-1.4690479402665755,0.533181572153217,-1.1194003997541144,2.06084969203525,-0.8776362002520687
-1.4198559493044438,-1.2674624492231175,-0.19139577904389218,1.1169757143325463,-0.08173951467813641
-0.8049560622777974,1.5027591221250893,-1.0705580512956816,0.28036014318696867,2.581183536834646
-1.715007895077234,1.6412702006924997,1.0785052808753592,-2.0364214384469395,0.6510464204978629
-0.878744048720995,-0.29788489925124506,-0.5821345667113542,0.7952004946611702,2.118371367249804
0.44943970725656124,-0.9904402920882969,1.6646134623765523,0.7093937694154702,-0.29386175907118883
-1.6412199086340364,-0.9904402920882969,1.7134558108349849,1.3529442087582224,-0.7636862342558008
-1.5182399312287072,-0.4363959778186554,0.003973614789838794,0.6879420881040448,0.4669733985038918
-0.38682413909967783,1.5027591221250893,0.24818535708200254,2.0823013733466755,-0.7601800814559156
1.507067512942393,0.6716926507206273,-0.5821345667113542,1.4816542966267725,-0.6059093582609685
1.0643395942832077,-1.6829956849253485,-1.5101391874215764,1.331492527446797,0.2618634597106097
0.4248437117754954,0.948714807855448,0.44355475091573354,0.8595555385954455,0.5423556837014228
-1.4444519447855095,1.2257369649902687,-1.5101391874215764,0.4519735936783694,0.3302334393083704
1.4332795264991955,0.6716926507206273,1.27387467470909,0.1516500553184179,1.4609677172713358
0.08049977504057342,1.5027591221250893,-1.5101391874215764,1.245685802201097,-0.5357863022632652
-1.3214719673801802,-0.8519292135208865,0.6877664932078973,1.5889127031838979,-0.8478339014530448
-0.7065720803535339,-1.6829956849253485,0.39471240245730077,0.9668139451525709,0.5809233645001596
-1.4936439357476412,0.39467049358580664,-1.5589815358800092,0.06584333007271792,0.4757387805036047
-1.4690479402665755,-0.5749070563860658,-0.04486873366859395,0.6450387254811948,1.855409907258417
1.2857035536128003,-1.2674624492231175,-1.021715702837249,0.4519735936783694,0.22504885531181545
0.08049977504057342,0.39467049358580664,-1.168242748212547,1.2027824395782472,-0.5848724414616575
0.7937836439914832,-0.8519292135208865,-1.0705580512956816,0.5806836815469194,1.0104270824860921
-0.6819760848724681,1.6412702006924997,0.1993430086235698,0.7308454507268948,-0.1904302514745765
-0.6819760848724681,1.5027591221250893,0.44355475091573354,0.47342527498979403,1.2909193064769053
0.08049977504057342,0.948714807855448,-0.5332922182529214,0.6021353628583448,0.1707034869135954
1.3840875355370637,1.6412702006924997,-0.04486873366859395,0.6664904067926202,1.38909158487369
-1.4444519447855095,-0.8519292135208865,0.541239447832599,0.7308454507268948,0.8859586580901689
-1.1247040035316536,-1.6829956849253485,0.1993430086235698,0.7308454507268948,0.11635811851537536
1.679239481309854,-0.9904402920882969,1.4692440685428212,1.8034295162981486,-0.8145254498541358
0.646207671105088,-0.29788489925124506,1.0296629324169264,-0.8780306476299858,0.7124040944958533
-1.0017240261263243,0.533181572153217,1.2250323262506575,0.6664904067926202,0.4915164681030879
1.5562595039045246,-1.5444846063579383,-1.3636121420462781,1.5245576592496233,-0.5778601358618871
1.0643395942832077,-0.15937382068383474,0.05281596324827154,0.7952004946611702,0.3477642033077962
-1.0755120125695217,0.533181572153217,0.541239447832599,0.9239105825297209,0.7474656224947049
-1.4444519447855095,-1.6829956849253485,1.27387467470909,-0.34173861484435897,3.2754017912119084
1.0643395942832077,0.2561594150183963,0.7854511901247627,0.1516500553184179,0.04623506251767208
1.4086835310181296,-0.5749070563860658,-0.3379228244191904,1.6747194284295979,-0.7321308590568344
1.4332795264991955,-1.2674624492231175,-1.3147697935878453,0.9453622638411455,2.3690612924415935
0.8183796394725491,1.3642480435576791,-0.6798192636282196,0.7522971320383202,0.009420458118877857
-1.5674319221908388,-0.29788489925124506,1.0785052808753592,0.47342527498979403,0.5651456769006764
