temperature,humidity,rainfall
1.009717307775421,0.18954334875623724,0.35302343250762397
0.6879420881040448,-0.21169055341267984,-0.16413410547543777
-1.4786777243498874,0.7913942020096129,2.5408627796359666
0.516328637612644,0.7913942020096129,1.3698077444743215
1.653267747118174,-2.117551588715036,-0.7987477622546525
1.996494648100974,-1.415392259919431,-0.565588601062289
0.6450387254811948,1.19262810417853,2.283160548844407
1.1169757143325463,0.08923487321400798,0.11986427131526053
1.1813307582668218,1.0923196286363006,1.3312400636755848
0.36616686843266866,0.08923487321400798,0.2583573069107245
0.9882656264639963,0.7913942020096129,2.3147159240433735
-1.9506147132012397,1.5938620063474471,2.458468188838665
0.6664904067926202,1.2929365797207593,1.7028922604634122
-1.9291630318898143,-0.6129244555815969,1.0051678532862645
0.2160050992526933,0.6910857264673836,1.4820046340706468
0.6235870441697694,0.6910857264673836,0.3688011201071072
-1.7575495813984134,-0.3119990289549091,1.1646978056810395
0.4519735936783694,1.2929365797207593,1.259363931277939
0.7522971320383202,0.49046877538292505,0.621244121698839
1.3529442087582224,-1.1144668332927432,-0.3972932666678012
1.052620670398271,-2.2178600642572652,-0.6059093582609685
0.516328637612644,0.2898518242984665,-0.08349259107807899
1.3743958900696471,-2.117551588715036,-0.7479085466563176
1.4816542966267725,-1.415392259919431,-0.8443277486531596
1.6318160658067487,-1.716317686546119,-0.5761070594619445
1.6961711097410233,-1.8166261620883482,-0.6129216638607388
0.7093937694154702,1.2929365797207593,2.737207336429536
1.6103643844953233,-1.716317686546119,-0.8320562138535615
0.5592320002354948,1.4935535308052177,2.2147905692466465
0.43052191236694404,0.49046877538292505,0.1426542645145141
2.14665641728095,-2.3181685397994944,-0.7198593242572363
-0.06286675779583284,0.6910857264673836,2.342765146442455
1.052620670398271,-1.415392259919431,-0.6059093582609685
0.2160050992526933,1.2929365797207593,1.2260554796790297
0.8381038572840201,-0.11138207787045057,0.25134500131095416
-1.1783541859899367,-0.9138498822082848,1.4346715712721971
1.245685802201097,-2.4184770153417237,-0.6479831918595904
1.5674610218724725,-2.3181685397994944,-0.8320562138535615
-0.5777071092700343,1.0923196286363006,2.887971906824598
0.43052191236694404,0.3901602998406958,0.46171416930406406
1.8034295162981486,-1.5157007354616603,-0.6392178098598775
1.3958475713810725,-1.5157007354616603,-0.6549954974593608
0.7522971320383202,-0.9138498822082848,-0.36573789146883473
2.0393980107238248,-1.716317686546119,-0.8653646654524706
-0.04141507648440746,1.3932450552629885,1.2225493268791447
0.5592320002354948,0.3901602998406958,1.9378044980557183
-0.2773835709100836,-0.6129244555815969,0.45820801650417886
0.5806836815469194,0.18954334875623724,0.20050578571261932
1.0955240330211218,1.19262810417853,1.5451153844685799
1.6747194284295979,-2.2178600642572652,-0.6427239626597627
1.1384273956439717,1.0923196286363006,1.0542539924846568
0.1301983740069933,0.5907772509251543,1.7852868512607136
0.7952004946611702,-0.11138207787045057,0.016432763718648186
0.5377803189240694,0.49046877538292505,0.35302343250762397
0.1301983740069933,-0.11138207787045057,-0.11329488987710289
0.9668139451525709,-0.21169055341267984,-0.25529407827245204
0.5377803189240694,0.49046877538292505,0.22680193171175803
0.5377803189240694,0.08923487321400798,-0.36573789146883473
0.7737488133497455,-0.3119990289549091,-0.45865094066579154
0.8381038572840201,0.3901602998406958,0.09532120171606438
0.1945534179412679,0.6910857264673836,0.5949479756997003
0.6021353628583448,-0.21169055341267984,0.011173534518820439
0.8595555385954455,-0.21169055341267984,-0.05544336867899768
1.3529442087582224,-0.11138207787045057,-0.09576412587767706
-1.1783541859899367,1.4935535308052177,2.900243441624196
1.5889127031838979,-1.716317686546119,-0.5936378234613704
1.653267747118174,-2.4184770153417237,-0.9074384990510925
0.4519735936783694,0.6910857264673836,0.5791702881002171
0.7952004946611702,0.49046877538292505,0.07253120851681082
0.6879420881040448,-0.5126159800393677,-0.004604153080662799
0.2160050992526933,0.3901602998406958,-0.10978873707721773
0.8595555385954455,-0.5126159800393677,-0.36223173866894953
1.3100408461353725,-1.3150837843772019,-0.28334330067153335
0.6021353628583448,-1.2147753088349726,-0.5357863022632652
0.1516500553184179,-0.011073602328221294,0.4143811065056143
-1.371419317792762,-0.4123075044971384,1.867681442058015
0.6021353628583448,-1.1144668332927432,-0.24477561987279656
-1.5215810869727382,1.2929365797207593,0.4248995649052698
-0.9852890541871112,1.0923196286363006,1.9658537204547997
0.6664904067926202,0.6910857264673836,1.7502253232618619
0.6664904067926202,0.3901602998406958,-0.10803566067727514
1.0740723517096964,-0.21169055341267984,0.4774918569035473
1.0955240330211218,0.8917026775518422,0.047988138917614664
0.4519735936783694,1.6941704818896763,1.666077656064618
0.43052191236694404,1.0923196286363006,1.0437355340850012
0.6879420881040448,-0.8135414066660555,-0.22724485587337073
0.4519735936783694,0.9920111530940714,2.4479497304390097
0.36616686843266866,-0.6129244555815969,0.005914305318992693
1.0740723517096964,-0.6129244555815969,-0.18692409867469134
1.417299252692498,-2.017243113172807,-0.7408962410565473
-1.4357743617270373,0.6910857264673836,1.7677560872612876
-0.8780306476299858,-0.7132329311238262,1.0893155204835083
0.6879420881040448,-0.5126159800393677,-0.1395910358762416
1.009717307775421,0.49046877538292505,2.5531343144355647
0.6664904067926202,1.4935535308052177,2.891478059624483
0.6235870441697694,0.49046877538292505,-0.13608488307635647
0.6235870441697694,0.08923487321400798,0.35302343250762397
0.9024589012182955,-0.6129244555815969,0.34601112690785363
0.6021353628583448,1.2929365797207593,2.120124443649747
-1.9720663945126642,1.2929365797207593,1.1734631876807524
-0.3631902961557836,0.5907772509251543,1.1068462844829343
0.8810072199068709,0.2898518242984665,0.0637658265170979
0.1516500553184179,0.9920111530940714,2.5075543280370574
0.23745678056411867,1.2929365797207593,2.9528357336224733
-2.0364214384469395,1.2929365797207593,2.0798036864510676
0.5592320002354948,0.6910857264673836,-0.04843106307922735
0.34471518712124405,1.19262810417853,1.4925230924703023
1.0955240330211218,-2.4184770153417237,-0.6988224074579253
0.2160050992526933,1.5938620063474471,2.0675321516514695
1.3100408461353725,0.5907772509251543,0.5791702881002171
-1.2641609112356367,0.49046877538292505,2.7161704196302248
1.0311689890868463,-1.5157007354616603,-0.6725262614587866
0.9024589012182955,-0.6129244555815969,-0.22549177947342813
0.3018118244983933,-0.3119990289549091,0.39159111330636076
-0.3631902961557836,-0.21169055341267984,0.1812219453132509
1.824881197609574,-1.6160092110038897,-0.733883935456777
0.6450387254811948,-1.014158357750514,-0.03265337547974411
0.5377803189240694,-0.5126159800393677,-0.14835641787595452
0.6021353628583448,-0.3119990289549091,-0.25529407827245204
1.0311689890868463,0.7913942020096129,0.4511957109044085
0.516328637612644,1.2929365797207593,2.057013693251814
1.7176227910524486,-1.716317686546119,-0.6567485738593033
0.5806836815469194,-0.3119990289549091,-0.2693186894719927
0.7522971320383202,-0.011073602328221294,-0.04667798667928477
0.6879420881040448,0.6910857264673836,-0.06596182707865317
0.6450387254811948,0.8917026775518422,2.873947295625057
1.0955240330211218,0.9920111530940714,0.014679687318705604
-0.7493205597614351,-0.21169055341267984,0.09532120171606438
0.9668139451525709,0.08923487321400798,-0.2798371478716482
0.8166521759725955,0.5907772509251543,0.46171416930406406
0.7308454507268948,-1.1144668332927432,0.007667381718935275
0.5806836815469194,0.5907772509251543,0.2881596057097484
0.8810072199068709,0.08923487321400798,0.058506597317270155
0.7093937694154702,-0.6129244555815969,-0.372750197068605
0.8810072199068709,0.2898518242984665,1.3329931400755273
0.7737488133497455,0.7913942020096129,0.22680193171175803
0.8166521759725955,0.49046877538292505,0.3144557517088871
0.7093937694154702,-0.6129244555815969,-0.2517879254725669
-0.38464197746720896,-0.8135414066660555,-0.08524566747802158
0.6235870441697694,-0.011073602328221294,-0.08524566747802158
0.6664904067926202,0.7913942020096129,1.2102777920795467
1.245685802201097,-1.415392259919431,-0.4270955654668251
0.9882656264639963,-0.6129244555815969,-0.4428732530663083
1.7605261536752994,-1.8166261620883482,-0.6883039490582699
0.6879420881040448,-0.011073602328221294,0.27588807091015033
0.47342527498979403,0.49046877538292505,0.23556731371147094
0.8381038572840201,-0.4123075044971384,-0.29736791187107403
1.5889127031838979,-1.3150837843772019,-0.8215377554539061
0.6450387254811948,-0.11138207787045057,0.3091965225090594
0.10874669269556791,1.4935535308052177,2.2866667016442923
-0.19157684566438285,0.49046877538292505,-0.2289979322733133
-0.10577012041868285,-1.3150837843772019,-0.9109446518509777
-0.12722180173010822,0.6910857264673836,-0.42008325986705475
-0.8780306476299858,0.49046877538292505,-0.926722339450461
-0.7278688784500097,-0.11138207787045057,-0.5270209202635523
-0.513352065335759,0.5907772509251543,-0.4551447878659064
-0.42754534009005896,-0.4123075044971384,-0.5638355246623465
-0.5991587905814597,-0.011073602328221294,-0.5515639898627485
-0.7707722410728605,0.49046877538292505,-0.5971439762612556
0.9668139451525709,-1.716317686546119,-1.0476846110464992
-0.6635138345157351,0.2898518242984665,-0.9284754158504036
-0.08431843910725746,-0.4123075044971384,-0.8373154430533893
0.2160050992526933,-1.8166261620883482,-1.0546969166462694
-0.2559318895986582,-0.5126159800393677,-0.4744286282652748
-0.6206104718928843,1.4935535308052177,0.12337042411514569
-0.513352065335759,-0.21169055341267984,-0.46040401706573414
-0.2988352522215082,0.08923487321400798,0.0637658265170979
-1.9291630318898143,-0.9138498822082848,-0.1728994874751507
-0.3631902961557836,1.2929365797207593,-0.43235479466665283
0.7308454507268948,-1.3150837843772019,-0.9600307910493701
0.38761854974409404,-1.716317686546119,-1.023141541447303
-0.7278688784500097,0.5907772509251543,-0.6935631782580975
-1.1354508233670866,0.6910857264673836,0.7194164000956236
-0.6635138345157351,0.5907772509251543,-0.03265337547974411
-0.47044870271290895,-1.1144668332927432,-0.884648505851839
-0.5348037466471843,-0.011073602328221294,-0.5971439762612556
-0.7493205597614351,0.49046877538292505,-0.6585016502592459
-0.1701251643529582,0.18954334875623724,-0.7812169982552266
-0.44899702140148434,-0.011073602328221294,-0.4691693990654471
0.9024589012182955,-2.117551588715036,-1.073980757045638
-0.42754534009005896,0.3901602998406958,-0.6462301154596478
-1.0925474607442367,1.3932450552629885,-0.3376886690697534
0.2160050992526933,-1.2147753088349726,-1.0564499930462121
-0.3631902961557836,0.18954334875623724,-0.8530931306528725
0.6021353628583448,-1.716317686546119,-1.010870006647705
-0.2559318895986582,0.6910857264673836,-0.48670016306487285
-0.7707722410728605,1.3932450552629885,0.37406034930693494
-0.5991587905814597,0.2898518242984665,-0.7356370118567195
-0.44899702140148434,0.3901602998406958,-0.7742046926554563
-0.10577012041868285,0.2898518242984665,-0.42358941266693995
-2.722875240412542,1.19262810417853,-0.6953162546580401
-0.1701251643529582,0.3901602998406958,-0.456897864265849
-1.1139991420556612,1.5938620063474471,-0.5165024618638968
-2.143679845004065,-0.9138498822082848,-0.40781172506745667
-2.2294865702497653,1.19262810417853,-0.5796132122618297
-3.0661021413953433,0.2898518242984665,-0.42008325986705475
-0.44899702140148434,0.3901602998406958,-0.7233654770571215
-0.34173861484435897,0.6910857264673836,-0.7146000950574085
-0.7493205597614351,-0.3119990289549091,-0.7566739286560306
-0.34173861484435897,-0.011073602328221294,-0.842574672253217
-2.5083584272982913,-0.21169055341267984,-0.6514893446594756
-0.14867348304153283,0.5907772509251543,0.41964033570544207
-0.34173861484435897,0.08923487321400798,-0.9530184854495997
-0.6849655158271597,-0.011073602328221294,-0.9162038810508055
-0.8780306476299858,1.0923196286363006,0.13564195891474376
-2.16513152631549,-0.5126159800393677,-0.2079610154740023
-2.7872302843468173,0.5907772509251543,-0.7321308590568344
-0.5777071092700343,-0.011073602328221294,-0.8671177418524132
-0.12722180173010822,0.5907772509251543,-0.8618585126525854
0.6235870441697694,-2.2178600642572652,-1.0792399862454656
-0.2559318895986582,0.6910857264673836,-0.5603293718624613
-0.19157684566438285,1.0923196286363006,0.3986034189061311
-0.6420621532043097,-0.7132329311238262,-0.8513400542529299
-0.2130285269758082,0.3901602998406958,-0.8583523598527003
-2.6585201964782668,0.18954334875623724,-0.435860947466538
-1.4572260430384627,-0.8135414066660555,-0.36573789146883473
0.7308454507268948,-1.8166261620883482,-1.0371661526468436
-0.19157684566438285,-0.8135414066660555,-0.8127723734541932
-0.19157684566438285,0.3901602998406958,-0.6357116570599923
-0.3202869335329336,0.5907772509251543,-0.2307510086732559
-1.7575495813984134,1.3932450552629885,-0.3552194330691792
-1.371419317792762,1.3932450552629885,-0.7058347130576956
-0.513352065335759,0.6910857264673836,-0.7514146994562028
-0.2130285269758082,0.6910857264673836,-0.7110939422575234
-0.3631902961557836,-1.3150837843772019,-0.9880800134484513
-0.1701251643529582,1.19262810417853,-0.2097140918739449
-0.7707722410728605,0.3901602998406958,-0.8793892766520113
-0.01996339517298284,-0.9138498822082848,-0.9652900202491977
-0.6849655158271597,-0.7132329311238262,-0.7654393106557434
-0.7707722410728605,1.19262810417853,0.04623506251767208
-0.3631902961557836,-0.11138207787045057,-0.5848724414616575
-0.40609365877863357,0.49046877538292505,-0.6111685874607962
-1.242709229924212,0.08923487321400798,0.15843195211399733
-1.049644098121386,0.9920111530940714,0.5423556837014228
-0.47044870271290895,0.18954334875623724,-0.628699351460222
-0.19157684566438285,0.3901602998406958,-0.3289232870700405
0.044391648761292535,-0.6129244555815969,-0.9389938742500591
0.08729501138414254,-1.1144668332927432,-0.9372407978501165
-0.8351272850071351,1.4935535308052177,-0.07122105627848092
-1.0281924168099612,1.2929365797207593,-0.6935631782580975
-0.38464197746720896,-0.7132329311238262,-0.9495123326497146
-0.14867348304153283,0.8917026775518422,-0.3464540510694663
-0.5562554279586097,0.08923487321400798,-0.595390899861313
-1.1783541859899367,1.0923196286363006,0.058506597317270155
-0.38464197746720896,0.6910857264673836,-0.7969946858547099
-3.0661021413953433,-0.011073602328221294,-0.3569725094691218
-0.6420621532043097,0.18954334875623724,-0.7391431646566047
-1.6073878122184382,0.2898518242984665,0.2618634597106097
-0.2130285269758082,-0.8135414066660555,-0.9793146314487384
-0.7278688784500097,0.2898518242984665,-0.6760324142586718
-0.01996339517298284,-0.3119990289549091,-1.0213884650473604
-0.12722180173010822,-0.8135414066660555,-0.9004261934513222
-3.001747097461068,1.5938620063474471,-0.10803566067727514
-0.8780306476299858,0.6910857264673836,-0.7601800814559156
-0.3631902961557836,0.49046877538292505,-0.45865094066579154
-0.04141507648440746,0.3901602998406958,-0.7706985398555711
-0.1701251643529582,0.3901602998406958,-0.5305270730634374
-0.44899702140148434,0.08923487321400798,-0.6111685874607962
-0.34173861484435897,0.18954334875623724,-0.6690201086589014
-0.2773835709100836,-0.5126159800393677,-0.8057600678544228
-1.4572260430384627,0.6910857264673836,0.002408152519107529
-0.42754534009005896,0.2898518242984665,-0.6567485738593033
-0.2559318895986582,1.2929365797207593,-0.5638355246623465
-0.38464197746720896,0.2898518242984665,-0.5059840034642413
-0.47044870271290895,-1.1144668332927432,-0.8583523598527003
-0.7922239223842851,0.08923487321400798,-0.5480578370628633
-3.001747097461068,0.08923487321400798,-0.5848724414616575
-1.736097900086989,-0.8135414066660555,0.032210451318131425
-2.186583207626915,1.4935535308052177,-0.179911793074921
-0.3202869335329336,0.3901602998406958,-0.4428732530663083
-0.5777071092700343,0.49046877538292505,-0.8530931306528725
-0.6849655158271597,1.0923196286363006,-0.4656632462655619
-0.2988352522215082,1.2929365797207593,-0.3867748082681457
-0.6206104718928843,-0.11138207787045057,-0.7426493174564899
-0.44899702140148434,-0.5126159800393677,-0.7075877894576382
-1.0067407354985358,0.5907772509251543,0.3793195785067627
-0.10577012041868285,-0.4123075044971384,-1.0126230830476475
-0.04141507648440746,-0.8135414066660555,-0.9074384990510925
-0.6635138345157351,0.8917026775518422,0.0637658265170979
-2.894488690903943,0.9920111530940714,-0.6479831918595904
-0.47044870271290895,0.6910857264673836,-0.9162038810508055
-0.19157684566438285,0.49046877538292505,-0.7461554702563751
-0.8565789663185605,0.7913942020096129,0.11109888931554762
-2.637068515166842,-0.7132329311238262,-0.2903556062713037
-0.5777071092700343,0.08923487321400798,-0.6760324142586718
-0.47044870271290895,-0.6129244555815969,-0.7216124006571789
-0.12722180173010822,-1.014158357750514,-0.896920040651437
-0.40609365877863357,0.3901602998406958,-0.6479831918595904
-0.40609365877863357,0.18954334875623724,0.04097583331784434
-0.7707722410728605,1.2929365797207593,0.29341883490957615
-2.8086819656582422,0.6910857264673836,-0.6392178098598775
-0.6420621532043097,0.8917026775518422,-0.030900299079801533
-1.199805867301362,0.49046877538292505,-0.4849470866649303
0.10874669269556791,-0.5126159800393677,-0.9670430966491403
-0.06286675779583284,-0.11138207787045057,-0.5936378234613704
-0.6635138345157351,0.3901602998406958,-0.9091915754510351
-0.34173861484435897,0.6910857264673836,-0.6251931986603368
0.7952004946611702,-1.1144668332927432,-1.0950176738449489
-0.40609365877863357,0.6910857264673836,-0.5024778506643561
-1.6288394935298636,1.4935535308052177,-0.3867748082681457
-0.1701251643529582,-1.2147753088349726,-0.809266220654308
-0.49190038402433434,1.19262810417853,0.09006197251623663
0.6450387254811948,-0.11138207787045057,0.002408152519107529
-0.6420621532043097,0.3901602998406958,-0.7216124006571789
-0.34173861484435897,0.08923487321400798,-0.5042309270642987
0.6021353628583448,0.18954334875623724,-0.015122611480318291
1.1598790769553964,-0.7132329311238262,-0.200948709874232
-0.2988352522215082,0.08923487321400798,-0.4954655450645858
0.08729501138414254,-1.6160092110038897,-1.052943840246327
0.7308454507268948,0.5907772509251543,-0.030900299079801533
0.9668139451525709,-1.2147753088349726,-0.16764025827532295
-1.3499676364813373,-0.5126159800393677,2.316469000443316
1.417299252692498,-2.2178600642572652,-0.6111685874607962
-0.34173861484435897,-0.11138207787045057,-0.8022539150545377
1.0311689890868463,0.08923487321400798,1.208524715679604
0.9024589012182955,1.19262810417853,1.0612662980844272
0.2589084618755433,-1.5157007354616603,-1.077486909845523
-3.023198778772493,1.19262810417853,-0.050184139479169936
-0.5562554279586097,0.08923487321400798,-0.5427986078630355
0.7093937694154702,0.18954334875623724,1.2032654864797763
-0.9638373728756858,1.5938620063474471,-0.19919563347428942
0.7308454507268948,0.18954334875623724,0.004161228919050111
-1.199805867301362,1.4935535308052177,0.4056157245059014
1.1384273956439717,-1.3150837843772019,-0.5866255178616001
-0.6849655158271597,1.0923196286363006,-0.4691693990654471
-0.2559318895986582,0.8917026775518422,-0.34119482186963856
0.1731017366298433,1.2929365797207593,2.277901319644579
1.0311689890868463,-0.6129244555815969,-0.029147222679858947
-0.47044870271290895,-0.21169055341267984,-0.7356370118567195
-0.40609365877863357,0.3901602998406958,-0.8180316026540209
-0.42754534009005896,-0.4123075044971384,-0.9337346450502313
0.3018118244983933,0.8917026775518422,1.5959546000669147
0.32326350580981866,-1.3150837843772019,-0.9109446518509777
-2.7872302843468173,-0.3119990289549091,0.19875270931267672
-0.1701251643529582,-0.5126159800393677,-0.8022539150545377
0.8810072199068709,0.9920111530940714,0.8508971300913173
-0.14867348304153283,-0.11138207787045057,-0.6988224074579253
-1.0710957794328113,0.8917026775518422,0.6668241080973462
-0.2130285269758082,-0.5126159800393677,-0.9249692630505184
-0.2773835709100836,-0.11138207787045057,-0.9582777146494275
0.47342527498979403,-0.4123075044971384,-0.16588718187538035
0.9882656264639963,-0.7132329311238262,-0.2079610154740023
1.5674610218724725,-1.9169346376305774,-0.7023285602578104
0.5377803189240694,-1.2147753088349726,-0.4060586486675141
0.6235870441697694,0.2898518242984665,0.1812219453132509
1.0955240330211218,-1.415392259919431,-0.754920852256088
0.10874669269556791,0.18954334875623724,0.44418340530463823
-0.38464197746720896,0.2898518242984665,-0.8776362002520687
1.3958475713810725,0.5907772509251543,0.47047955130377694
0.516328637612644,-1.6160092110038897,-1.0459315346465565
0.7093937694154702,-1.716317686546119,-1.031906923447016
-0.34173861484435897,0.2898518242984665,-0.33944174546969597
0.9668139451525709,0.3901602998406958,2.5040481752371724
-0.1701251643529582,0.6910857264673836,-0.9249692630505184
1.1384273956439717,-0.21169055341267984,0.15843195211399733
-0.34173861484435897,-1.1144668332927432,-0.9074384990510925
-1.5859361309070128,0.5907772509251543,-0.5375393786632078
0.7093937694154702,0.18954334875623724,1.0384763048851735
0.7522971320383202,1.4935535308052177,0.9227732624889631
-0.38464197746720896,-0.9138498822082848,-0.7496616230562602
-0.3631902961557836,0.08923487321400798,-0.5147493854639542
0.7737488133497455,0.49046877538292505,-0.02038184068014604
-0.40609365877863357,1.2929365797207593,-0.4130709542672844
-2.958843734838218,1.4935535308052177,-0.07998643827819384
0.4519735936783694,0.49046877538292505,0.014679687318705604
1.1384273956439717,0.6910857264673836,0.4739857041036621
1.3529442087582224,-1.014158357750514,-0.3043802174708443
-0.9209340102528358,1.5938620063474471,2.6127389120336124
0.6235870441697694,1.4935535308052177,0.4739857041036621
1.052620670398271,-1.014158357750514,-0.10803566067727514
1.3958475713810725,-2.017243113172807,-0.8197846790539635
0.6235870441697694,0.8917026775518422,3.1632049016155834
0.6450387254811948,-1.3150837843772019,-0.09751720227761965
-0.3202869335329336,-1.014158357750514,-0.9880800134484513
0.36616686843266866,0.2898518242984665,0.4459364817045808
-0.5777071092700343,0.18954334875623724,-0.8390685194533318
1.5460093405610487,-1.2147753088349726,-0.5620824482624039
-0.42754534009005896,-0.9138498822082848,2.3673082160416508
0.34471518712124405,0.18954334875623724,-0.14309718867612678
-1.199805867301362,0.8917026775518422,-0.49020631586475805
0.1945534179412679,-1.3150837843772019,-1.1160545906442598
0.001488286138442538,-0.7132329311238262,-0.8075131442543654
-1.1139991420556612,0.5907772509251543,-0.4376140238664806
-0.14867348304153283,-0.7132329311238262,-0.8197846790539635
-2.5727134712325666,-0.3119990289549091,0.23556731371147094
1.0955240330211218,0.2898518242984665,1.0542539924846568
0.8381038572840201,-0.3119990289549091,0.524824919701997
0.1301983740069933,0.6910857264673836,2.6793558152314305
0.06584333007271792,-0.4123075044971384,-0.9126977282509203
0.5806836815469194,-1.3150837843772019,-0.4043055722675715
-0.6849655158271597,0.6910857264673836,-0.7899823802549396
1.2671374835125218,0.18954334875623724,-0.1606279526755526
0.23745678056411867,-0.7132329311238262,0.5967010520996429
0.43052191236694404,-0.5126159800393677,0.449442634504466
0.23745678056411867,-1.2147753088349726,-0.9442531034498868
-0.2773835709100836,-0.3119990289549091,-1.002104624647992
0.2589084618755433,-2.2178600642572652,-1.0476846110464992
0.044391648761292535,0.7913942020096129,0.32497421010854266
-0.5348037466471843,-0.9138498822082848,-0.9617838674493127
0.6450387254811948,0.49046877538292505,0.25309807771089676
-0.9638373728756858,0.7913942020096129,-0.3762563498684902
0.5377803189240694,0.3901602998406958,0.40386264810595884
-0.9423856915642604,0.7913942020096129,-0.574353983062002
-0.3631902961557836,1.2929365797207593,-0.24652869627273913
-0.8994823289414104,-0.6129244555815969,-0.8180316026540209
-1.736097900086989,1.4935535308052177,1.3855854320738048
0.1731017366298433,-1.716317686546119,-0.9950923190482217
-0.34173861484435897,0.2898518242984665,-0.6041562818610259
-0.6206104718928843,0.18954334875623724,-0.842574672253217
0.4519735936783694,0.5907772509251543,0.0637658265170979
-0.40609365877863357,0.7913942020096129,-0.31139252307061466
-0.6206104718928843,1.19262810417853,2.5583935436353924
0.06584333007271792,-0.7132329311238262,-0.7812169982552266
-0.7064171971385851,0.3901602998406958,-0.5357863022632652
-0.3631902961557836,0.2898518242984665,-0.8267969846537339
0.001488286138442538,1.6941704818896763,1.2663762368777092
1.6747194284295979,-2.3181685397994944,-0.691810101858155
0.6235870441697694,1.2929365797207593,1.476745404870819
-2.958843734838218,-0.7132329311238262,-0.5988970526611981
0.38761854974409404,0.8917026775518422,1.003414776886322
-0.2344802082872336,0.8917026775518422,-0.016875687880260875
-0.513352065335759,0.49046877538292505,-0.9302284922503461
-0.34173861484435897,0.3901602998406958,-0.8530931306528725
-1.8004529440212635,-0.3119990289549091,-0.360478662269007
0.5806836815469194,-2.117551588715036,-1.0564499930462121
-0.6635138345157351,0.6910857264673836,0.053247368117442406
-1.736097900086989,1.4935535308052177,-0.31489867587049986
-0.40609365877863357,0.3901602998406958,-0.036159528279629274
-0.8565789663185605,1.2929365797207593,0.07779043771663856
-0.40609365877863357,0.5907772509251543,-0.6532424210594182
-1.049644098121386,1.3932450552629885,1.2435862436784557
0.8381038572840201,0.5907772509251543,0.03922275691790175
0.7522971320383202,-1.9169346376305774,-1.0494376874464417
0.6879420881040448,-1.3150837843772019,-0.511243232664069
0.4519735936783694,0.08923487321400798,0.11109888931554762
-0.04141507648440746,-0.21169055341267984,-0.6585016502592459
1.3743958900696471,-0.9138498822082848,-0.3008740646709592
-0.14867348304153283,0.3901602998406958,-0.3569725094691218
-0.2988352522215082,0.6910857264673836,0.40386264810595884
-1.5001294056613128,-0.6129244555815969,-0.45163863506602125
1.0740723517096964,-0.3119990289549091,-0.09751720227761965
-0.5991587905814597,0.49046877538292505,-0.6549954974593608
-1.4572260430384627,-0.11138207787045057,-0.43060171826671023
-0.3202869335329336,0.6910857264673836,-0.595390899861313
0.36616686843266866,-0.5126159800393677,-0.14660334147601195
0.10874669269556791,0.5907772509251543,-0.01336953508037571
-1.8004529440212635,-0.11138207787045057,0.3565295853075091
-0.06286675779583284,-1.3150837843772019,-0.9950923190482217
0.7952004946611702,-1.9169346376305774,-1.0354130762469012
0.7093937694154702,0.18954334875623724,0.6598118024975758
0.9024589012182955,0.18954334875623724,1.2646231604777667
1.3100408461353725,-1.2147753088349726,-0.4691693990654471
0.06584333007271792,1.3932450552629885,1.1980062572799486
-1.328515955169912,-0.8135414066660555,0.3810726549067053
0.9453622638411455,0.6910857264673836,0.4266526413052124
1.5674610218724725,-2.4184770153417237,-0.7969946858547099
-1.1569025046785113,0.49046877538292505,0.27588807091015033
1.3100408461353725,-2.2178600642572652,-0.5796132122618297
0.6664904067926202,1.0923196286363006,1.7870399276606561
1.331492527446797,-2.017243113172807,-0.5796132122618297
1.245685802201097,-0.6129244555815969,-0.12556642467670096
1.331492527446797,-1.3150837843772019,-0.7426493174564899
0.36616686843266866,0.3901602998406958,0.15492579931411218
0.6450387254811948,0.5907772509251543,0.5388495309015376
0.28036014318696867,0.8917026775518422,1.455708488071508
0.9453622638411455,1.2929365797207593,1.9080021992566945
1.1813307582668218,1.0923196286363006,2.710911190430397
1.2027824395782472,0.49046877538292505,0.4547018637042937
-1.4572260430384627,-0.9138498822082848,1.4662269464711635
1.4816542966267725,-1.6160092110038897,-0.7373900882566621
0.02293996744986792,0.6910857264673836,2.7599973296287894
0.7522971320383202,-0.9138498822082848,-0.5463047606629207
0.9024589012182955,0.6910857264673836,-0.07122105627848092
0.7522971320383202,0.9920111530940714,0.33373959210825554
0.47342527498979403,1.0923196286363006,1.2646231604777667
-0.3202869335329336,1.3932450552629885,0.6282564272986093
1.2027824395782472,-2.017243113172807,-0.7496616230562602
-0.5348037466471843,0.18954334875623724,1.1822285696804653
1.3529442087582224,-0.5126159800393677,-0.2517879254725669
0.8810072199068709,0.8917026775518422,0.8316132896919488
1.0955240330211218,-2.3181685397994944,-0.8250439082537913
-1.7575495813984134,0.18954334875623724,2.6811088916313732
0.9239105825297209,0.5907772509251543,2.5741712312348755
-1.1139991420556612,-0.6129244555815969,1.7782745456609432
-0.2988352522215082,1.5938620063474471,1.4802515576707043
0.1731017366298433,1.3932450552629885,1.0595132216844845
1.331492527446797,-0.5126159800393677,0.030457374918188843
0.9239105825297209,0.2898518242984665,0.1829750217131935
1.0740723517096964,-0.21169055341267984,0.2618634597106097
0.2160050992526933,0.18954334875623724,0.15667887571405475
0.9024589012182955,-0.7132329311238262,0.17771579251336575
1.245685802201097,-1.8166261620883482,-0.6006501290611407
1.0740723517096964,1.19262810417853,2.1394082840491153
0.43052191236694404,0.2898518242984665,0.3302334393083704
0.9024589012182955,0.3901602998406958,0.4547018637042937
2.0179463294123994,-2.3181685397994944,-0.7461554702563751
1.5460093405610487,-2.017243113172807,-0.8267969846537339
0.43052191236694404,0.6910857264673836,1.3189685288759867
1.2885891648239471,-0.011073602328221294,0.1338888825148012
1.996494648100974,-2.017243113172807,-0.6847977962583847
0.3018118244983933,-0.7132329311238262,0.5388495309015376
1.3743958900696471,-1.1144668332927432,-0.6830447198584421
0.2589084618755433,1.5938620063474471,2.1096059852500915
0.02293996744986792,0.7913942020096129,1.5433623080686372
0.6664904067926202,1.2929365797207593,0.02169199291847593
0.5592320002354948,-1.014158357750514,-0.4744286282652748
0.7737488133497455,0.9920111530940714,2.090322144850723
0.47342527498979403,0.6910857264673836,0.012926610918763022
0.5377803189240694,-0.7132329311238262,0.5300841489018248
-1.285612592547062,1.2929365797207593,0.22154270251193028
0.36616686843266866,-0.11138207787045057,0.05500044451738499
0.6021353628583448,0.49046877538292505,0.21628347331210254
0.4519735936783694,0.2898518242984665,0.2110242441122748
0.5806836815469194,-1.1144668332927432,-0.5129963090640116
0.4519735936783694,0.08923487321400798,-0.06596182707865317
0.5806836815469194,0.7913942020096129,1.76249685806146
0.8810072199068709,-0.5126159800393677,-0.4025524958676289
1.2885891648239471,-0.3119990289549091,-0.05894952147888285
0.7737488133497455,0.08923487321400798,2.072791380851297
0.7952004946611702,-0.3119990289549091,-0.08173951467813641
0.2589084618755433,1.2929365797207593,1.9500760328553164
-0.2559318895986582,-0.7132329311238262,1.1909939516801782
0.8595555385954455,-0.11138207787045057,0.12862965331497345
1.1813307582668218,0.8917026775518422,1.720423024462838
-0.2988352522215082,-0.9138498822082848,2.5373566268360817
0.6235870441697694,0.49046877538292505,0.2986780641094039
0.6021353628583448,0.2898518242984665,0.33198651570831295
0.9239105825297209,-0.011073602328221294,0.05500044451738499
0.32326350580981866,0.08923487321400798,0.16719733411371024
0.8166521759725955,0.3901602998406958,0.3565295853075091
0.38761854974409404,0.18954334875623724,0.35127035610768137
0.9668139451525709,0.3901602998406958,2.165704430048254
0.8381038572840201,0.49046877538292505,-0.09751720227761965
0.5377803189240694,1.3932450552629885,1.5749176832676037
0.5377803189240694,-1.2147753088349726,-0.27282484227187787
0.8381038572840201,-0.21169055341267984,-0.2640594602721649
0.8595555385954455,1.19262810417853,2.0254583180528476
0.6235870441697694,-0.8135414066660555,-0.511243232664069
1.3529442087582224,-0.11138207787045057,-0.372750197068605
-0.3631902961557836,1.0923196286363006,1.8817060532575558
1.1169757143325463,-1.415392259919431,-0.10452950787738997
0.36616686843266866,0.3901602998406958,0.1338888825148012
0.7952004946611702,-0.011073602328221294,0.4108749537057292
0.9668139451525709,-0.011073602328221294,0.06551890291704049
-1.7790012627098388,0.49046877538292505,3.024711866020119
0.9882656264639963,-0.011073602328221294,0.17946886891330832
1.052620670398271,1.2929365797207593,-0.04843106307922735
0.9239105825297209,-0.6129244555815969,-0.49020631586475805
1.5889127031838979,-1.9169346376305774,-0.5270209202635523
0.8166521759725955,0.3901602998406958,0.17420963971348058
0.8381038572840201,0.2898518242984665,-0.14485026507606938
0.5592320002354948,1.19262810417853,1.8080768444599673
0.43052191236694404,1.5938620063474471,1.76249685806146
-1.7790012627098388,0.2898518242984665,3.457721736805937
0.2589084618755433,1.2929365797207593,1.632769204465709
0.5806836815469194,-0.3119990289549091,-0.4744286282652748
-1.8862596692669642,-0.6129244555815969,1.729188406462551
-0.04141507648440746,-0.6129244555815969,3.285920249611564
0.6021353628583448,1.0923196286363006,0.3565295853075091
0.8810072199068709,0.3901602998406958,0.8491440536913747
1.3529442087582224,-0.4123075044971384,-0.4639101698656193
0.5377803189240694,-0.8135414066660555,-0.435860947466538
-1.5430327682841627,-0.11138207787045057,0.9823778600870109
0.02293996744986792,1.0923196286363006,1.5591399956681204
0.10874669269556791,0.7913942020096129,1.3978569668734029
0.9024589012182955,-0.5126159800393677,0.012926610918763022
0.9882656264639963,-1.716317686546119,-0.7934885330548247
1.1384273956439717,0.18954334875623724,-0.10452950787738997
0.001488286138442538,-0.7132329311238262,1.0665255272842549
-0.8780306476299858,-0.011073602328221294,0.7912925324932695
0.9239105825297209,0.49046877538292505,2.2305682568461296
1.0955240330211218,-2.117551588715036,-0.6339585806600497
1.0740723517096964,1.2929365797207593,2.333999764442742
0.6021353628583448,1.2929365797207593,2.018446012453077
0.38761854974409404,1.3932450552629885,0.4915164681030879
0.28036014318696867,0.18954334875623724,-0.07472720907836608
0.10874669269556791,1.4935535308052177,2.5408627796359666
0.32326350580981866,-0.5126159800393677,0.4634672457040066
1.1813307582668218,0.7913942020096129,2.521578939236598
0.8810072199068709,-0.011073602328221294,0.002408152519107529
0.9239105825297209,0.08923487321400798,0.31971498090871486
0.9024589012182955,0.18954334875623724,0.06201275011715532
0.6021353628583448,0.5907772509251543,0.6668241080973462
0.5377803189240694,-0.11138207787045057,0.005914305318992693
0.9882656264639963,1.0923196286363006,0.7509717752945901
0.5377803189240694,0.18954334875623724,0.26712268891043744
0.9024589012182955,0.5907772509251543,2.93004574042322
0.7308454507268948,0.5907772509251543,0.9367978736885038
0.9453622638411455,0.08923487321400798,0.05500044451738499
1.0955240330211218,0.7913942020096129,0.6037133576994131
0.8810072199068709,-1.1144668332927432,-0.511243232664069
0.9024589012182955,0.5907772509251543,0.35302343250762397
0.34471518712124405,-0.5126159800393677,-0.10803566067727514
1.0740723517096964,-0.11138207787045057,-0.435860947466538
0.28036014318696867,1.3932450552629885,2.3445182228423973
-1.9720663945126642,0.49046877538292505,1.0209455408857477
1.2242341208896717,-0.5126159800393677,0.36003573810739425
1.009717307775421,-2.117551588715036,-0.8601054362526429
0.34471518712124405,-0.011073602328221294,-0.09751720227761965
-1.2641609112356367,-0.9138498822082848,1.7221761008627805
0.1945534179412679,1.3932450552629885,0.621244121698839
-0.40609365877863357,-0.7132329311238262,-0.7181062478572937
0.8810072199068709,0.2898518242984665,-0.07472720907836608
1.1169757143325463,-1.5157007354616603,-0.5392924550631504
0.7737488133497455,-0.11138207787045057,-0.2588002310723372
-2.6156168338554164,-0.11138207787045057,-0.023887993480031202
0.8381038572840201,-1.014158357750514,-0.2675656130720501
1.6961711097410233,-2.3181685397994944,-0.8127723734541932
-0.6420621532043097,0.6910857264673836,0.058506597317270155
0.7093937694154702,0.6910857264673836,1.8869652824573835
0.6021353628583448,0.6910857264673836,0.16018502851393993
-0.49190038402433434,0.6910857264673836,-0.6532424210594182
0.02293996744986792,-1.1144668332927432,-0.9249692630505184
0.7522971320383202,-0.11138207787045057,0.07077813211686823
-0.42754534009005896,-0.5126159800393677,-0.9302284922503461
0.9453622638411455,-0.11138207787045057,-0.02213491708008862
1.0311689890868463,-1.415392259919431,-0.872376971052241
1.8677845602324248,-2.117551588715036,-0.7356370118567195
-2.143679845004065,-0.11138207787045057,-0.7601800814559156
-1.0281924168099612,0.8917026775518422,0.15843195211399733
1.1169757143325463,-1.3150837843772019,-0.40781172506745667
1.1384273956439717,0.7913942020096129,0.3162088281088297
-0.8780306476299858,1.6941704818896763,-0.40781172506745667
-0.42754534009005896,-0.5126159800393677,-0.725118553457064
-0.2988352522215082,1.5938620063474471,1.4364246476721396
-0.513352065335759,0.6910857264673836,-0.5480578370628633
-0.14867348304153283,0.2898518242984665,-0.893413887851552
-0.3202869335329336,-0.4123075044971384,-1.0143761594475902
0.1731017366298433,1.4935535308052177,0.5195656905021693
-1.4572260430384627,-0.5126159800393677,-0.2482817726726817
-0.12722180173010822,-0.11138207787045057,-0.9775615550487958
-0.01996339517298284,0.18954334875623724,-0.6111685874607962
-1.6073878122184382,-0.3119990289549091,0.02870429851824626
0.044391648761292535,1.4935535308052177,1.3592892860746661
1.245685802201097,-0.5126159800393677,-0.41833018346711215
0.044391648761292535,-2.117551588715036,-1.0582030694461546
-1.2212575486127866,0.3901602998406958,-0.18517102227474874
-0.5348037466471843,-0.21169055341267984,-0.8618585126525854
0.47342527498979403,-2.4184770153417237,-0.9512654090496572
-2.100776482381215,-0.8135414066660555,-0.0010980002807776353
-0.5777071092700343,-0.011073602328221294,-0.6374647334599349
0.5806836815469194,0.3901602998406958,0.5563802949009635
0.4948769563012194,-1.716317686546119,-0.9968453954481643
-0.513352065335759,-1.3150837843772019,-0.8215377554539061
0.9453622638411455,0.49046877538292505,0.1409011881145715
0.06584333007271792,-1.5157007354616603,-0.9495123326497146
0.9024589012182955,0.08923487321400798,0.3968503425061885
-0.14867348304153283,-1.1144668332927432,-0.7163531714573511
0.32326350580981866,0.2898518242984665,0.38983803690641816
-0.42754534009005896,-1.014158357750514,-0.7601800814559156
-0.49190038402433434,0.49046877538292505,-0.7181062478572937
1.1598790769553964,1.0923196286363006,0.33549266850819814
0.9024589012182955,-1.5157007354616603,-1.0880053682451785
-1.3499676364813373,-0.011073602328221294,0.2583573069107245
0.516328637612644,-2.117551588715036,-1.0546969166462694
0.5592320002354948,-1.6160092110038897,-1.052943840246327
0.8595555385954455,-0.11138207787045057,0.2583573069107245
1.739074472363874,-1.8166261620883482,-0.6988224074579253
1.0955240330211218,1.0923196286363006,2.2095313400468184
0.4948769563012194,1.3932450552629885,1.1191178192825324
-0.8565789663185605,0.5907772509251543,-0.49195939226470065
0.06584333007271792,-1.716317686546119,-1.0809930626454083
-1.8862596692669642,0.9920111530940714,-0.34996020386935145
0.23745678056411867,0.6910857264673836,2.8423919204260906
-0.49190038402433434,0.7913942020096129,-0.22549177947342813
0.08729501138414254,-0.7132329311238262,-0.9828207842486236
-0.34173861484435897,1.0923196286363006,-0.5813662886617723
0.6235870441697694,-0.011073602328221294,0.13914811171462893
-0.9209340102528358,-0.3119990289549091,-0.8758831238521261
0.9668139451525709,-2.2178600642572652,-0.758427005055973
-0.7064171971385851,0.6910857264673836,-0.6076624346609111
-0.5348037466471843,0.7913942020096129,-0.5287739966634949
-0.9209340102528358,-0.4123075044971384,-0.4411201766663657
-0.9209340102528358,1.0923196286363006,-0.5638355246623465
-0.2988352522215082,-1.2147753088349726,-0.8495869778529874
-1.907711350578389,0.08923487321400798,1.313709299676159
-1.650291174841288,-0.9138498822082848,-0.7093408658575808
-0.47044870271290895,1.19262810417853,0.2706288417103226
1.3743958900696471,-0.4123075044971384,-0.33944174546969597
-0.8565789663185605,0.3901602998406958,2.3900982092409047
1.5460093405610487,-2.117551588715036,-0.691810101858155
-0.3631902961557836,0.6910857264673836,-0.7023285602578104
-0.47044870271290895,0.8917026775518422,-0.7934885330548247
-0.9638373728756858,1.5938620063474471,0.5178126141022267
-0.6635138345157351,-0.011073602328221294,-0.616427816660624
-0.6206104718928843,0.6910857264673836,-0.9144508046508629
1.009717307775421,-0.8135414066660555,-0.42008325986705475
0.044391648761292535,-0.4123075044971384,-0.8671177418524132
0.9024589012182955,0.7913942020096129,1.6801022672641586
-1.0281924168099612,0.08923487321400798,2.1639513536483115
0.7308454507268948,0.08923487321400798,0.27413499451020773
-0.38464197746720896,-0.9138498822082848,-0.9162038810508055
0.9453622638411455,-1.1144668332927432,-0.2921086826712463
-0.2344802082872336,0.2898518242984665,0.05500044451738499
-1.1354508233670866,1.3932450552629885,2.752985024029019
0.3018118244983933,-0.21169055341267984,0.3845788077065904
0.3018118244983933,0.6910857264673836,1.951829109255259
1.0311689890868463,1.0923196286363006,2.1253836728495745
0.044391648761292535,-0.21169055341267984,-0.5778601358618871
0.40907023105551865,-1.2147753088349726,-1.005610777447877
-0.6635138345157351,0.2898518242984665,-0.8075131442543654
0.10874669269556791,1.4935535308052177,2.3900982092409047
-2.958843734838218,-0.011073602328221294,-0.16588718187538035
1.1813307582668218,0.9920111530940714,0.17946886891330832
-1.8648079879555388,0.3901602998406958,1.5118069328696706
0.2589084618755433,0.6910857264673836,1.1296362776821878
-0.1701251643529582,0.2898518242984665,-0.9004261934513222
0.9453622638411455,-0.11138207787045057,0.10583966011571987
0.8810072199068709,0.2898518242984665,0.16369118131382507
-0.08431843910725746,-0.7132329311238262,-0.9214631102506332
-0.513352065335759,-0.4123075044971384,-0.9091915754510351
1.6961711097410233,-1.6160092110038897,-0.5498109134628059
0.36616686843266866,1.3932450552629885,1.4259061892724842
-0.47044870271290895,-0.11138207787045057,-1.0038577010479346
-0.06286675779583284,0.7913942020096129,2.2218028748464165
0.6235870441697694,0.8917026775518422,0.2390734665113561
1.4387509340039233,-2.4184770153417237,-0.6567485738593033
-0.5562554279586097,0.3901602998406958,-0.6883039490582699
1.5889127031838979,-2.2178600642572652,-0.8390685194533318
1.4602026153153471,-1.716317686546119,-0.7286247062569492
-2.5727134712325666,1.5938620063474471,-0.36398481506889213
-1.821904625332689,-0.5126159800393677,0.7211694764955662
1.0955240330211218,0.8917026775518422,0.9841309364869535
1.1169757143325463,-0.4123075044971384,0.1829750217131935
0.5377803189240694,0.2898518242984665,0.27764114731009293
-0.19157684566438285,-0.21169055341267984,-0.9249692630505184
0.2589084618755433,0.08923487321400798,0.1829750217131935
0.02293996744986792,0.5907772509251543,2.249852097245498
1.331492527446797,-0.5126159800393677,-0.5550701426626335
-0.19157684566438285,-1.2147753088349726,-0.8320562138535615
-2.5727134712325666,-0.011073602328221294,-0.7023285602578104
-0.2773835709100836,0.49046877538292505,-0.7023285602578104
-0.04141507648440746,0.7913942020096129,2.7880465520278706
0.516328637612644,0.08923487321400798,0.3389988213080833
0.5592320002354948,0.3901602998406958,1.9325452688558906
1.2027824395782472,-0.5126159800393677,0.2390734665113561
-0.14867348304153283,0.6910857264673836,-0.6742793378587292
1.3958475713810725,0.2898518242984665,-0.08699874387796416
-0.2559318895986582,-1.415392259919431,-0.9109446518509777
0.9453622638411455,-0.11138207787045057,0.016432763718648186
0.43052191236694404,0.5907772509251543,0.20576501491244706
-0.3631902961557836,-0.9138498822082848,2.7757750172282725
-0.2773835709100836,-0.4123075044971384,-0.7163531714573511
0.6235870441697694,0.6910857264673836,0.042728909717786916
0.08729501138414254,0.18954334875623724,-1.002104624647992
1.2671374835125218,-1.716317686546119,-0.7636862342558008
0.7737488133497455,0.3901602998406958,0.3144557517088871
-0.38464197746720896,0.5907772509251543,-0.7899823802549396
0.5592320002354948,-0.11138207787045057,-0.17465256387509326
0.6879420881040448,0.7913942020096129,2.3129628476434307
-0.44899702140148434,-0.4123075044971384,-0.8986731170513796
-0.38464197746720896,0.7913942020096129,-0.42008325986705475
-2.336744976806891,-0.8135414066660555,-0.4270955654668251
-0.10577012041868285,-1.1144668332927432,-0.9775615550487958
0.6450387254811948,-1.716317686546119,-1.119560743444145
0.08729501138414254,-2.117551588715036,-1.0599561458460973
-0.7278688784500097,0.9920111530940714,0.6387748856982648
-0.6206104718928843,-0.11138207787045057,-0.7759577690553989
-0.5562554279586097,0.18954334875623724,-0.8706238946522984
-2.16513152631549,0.3901602998406958,-0.725118553457064
-1.9506147132012397,0.5907772509251543,-0.27107176587193527
0.7522971320383202,-1.5157007354616603,-0.9126977282509203
-0.38464197746720896,0.18954334875623724,-0.7899823802549396
-0.38464197746720896,-1.415392259919431,-0.884648505851839
-0.7493205597614351,-0.4123075044971384,-0.8583523598527003
-0.6206104718928843,0.6910857264673836,-0.6514893446594756
0.10874669269556791,-1.1144668332927432,-1.0546969166462694
-0.6420621532043097,0.2898518242984665,-0.6935631782580975
-0.7064171971385851,1.4935535308052177,-0.5673416774622316
-0.5562554279586097,0.49046877538292505,-0.5883785942615426
-0.2344802082872336,-1.415392259919431,-0.8793892766520113
-1.0067407354985358,0.7913942020096129,-0.5708478302621168
-2.7872302843468173,-0.6129244555815969,-0.32191098147027014
-1.4786777243498874,1.4935535308052177,-0.5270209202635523
-0.5348037466471843,0.18954334875623724,-0.7391431646566047
-0.49190038402433434,0.5907772509251543,-0.6146747402606814
-2.25093825156119,-0.7132329311238262,0.04974121531755724
-0.6849655158271597,-0.11138207787045057,-0.5515639898627485
-0.49190038402433434,0.7913942020096129,0.0444819861177295
-0.08431843910725746,-1.014158357750514,-0.8653646654524706
-0.6420621532043097,0.08923487321400798,-0.6041562818610259
0.9024589012182955,-1.415392259919431,-0.9950923190482217
-0.2988352522215082,1.2929365797207593,-0.7356370118567195
-0.7064171971385851,0.3901602998406958,-0.8565992834527577
-0.8136756036957105,0.6910857264673836,-0.5305270730634374
-0.2559318895986582,1.0923196286363006,-0.04141875747945702
0.001488286138442538,-0.7132329311238262,-1.0354130762469012
-2.5941651525439915,1.2929365797207593,0.3407518977080259
-1.0281924168099612,0.5907772509251543,0.41964033570544207
-2.637068515166842,0.8917026775518422,0.27413499451020773
-0.6420621532043097,1.5938620063474471,-0.09401104947773449
-0.2773835709100836,-1.1144668332927432,-0.842574672253217
-0.34173861484435897,-0.011073602328221294,-0.5638355246623465
-0.2130285269758082,1.0923196286363006,-0.3376886690697534
-0.40609365877863357,0.5907772509251543,-0.6339585806600497
-0.6420621532043097,1.6941704818896763,-0.7373900882566621
-0.34173861484435897,-0.6129244555815969,-0.8530931306528725
-0.44899702140148434,-0.21169055341267984,-0.7829700746551692
-0.3202869335329336,0.2898518242984665,-0.8601054362526429
-0.40609365877863357,-1.1144668332927432,-0.8548462070528151
0.2160050992526933,-1.8166261620883482,-0.9652900202491977
-0.1701251643529582,1.19262810417853,-0.7899823802549396
-0.5777071092700343,-0.7132329311238262,-0.4849470866649303
-0.14867348304153283,0.8917026775518422,0.15492579931411218
-0.1701251643529582,-0.4123075044971384,-0.7812169982552266
-0.47044870271290895,-0.4123075044971384,-0.9302284922503461
-1.0281924168099612,0.5907772509251543,-0.6865508726583273
0.08729501138414254,-2.4184770153417237,-1.0178823122474752
-2.014969757135514,1.2929365797207593,-0.767192387055686
-0.3202869335329336,-1.415392259919431,-0.7321308590568344
-0.6635138345157351,-0.011073602328221294,-0.7794639218552841
-0.40609365877863357,1.19262810417853,-0.4428732530663083
-2.958843734838218,-0.21169055341267984,0.17946886891330832
0.06584333007271792,-1.2147753088349726,-1.0564499930462121
-0.6849655158271597,0.5907772509251543,-0.8408215958532744
-0.7922239223842851,1.2929365797207593,0.011173534518820439
-0.3202869335329336,-0.11138207787045057,-0.7128470186574659
-1.0067407354985358,0.9920111530940714,0.2320611609115858
-0.5348037466471843,0.18954334875623724,-0.8162785262540783
-1.7575495813984134,-0.011073602328221294,-0.28159022427159075
-0.42754534009005896,0.3901602998406958,-0.6216870458604516
-0.2130285269758082,-0.7132329311238262,-0.9687961730490829
-0.47044870271290895,0.8917026775518422,-0.19919563347428942
-1.1354508233670866,1.2929365797207593,-0.360478662269007
-0.7922239223842851,0.8917026775518422,0.09006197251623663
0.08729501138414254,-1.415392259919431,-0.8811423530519539
-1.5001294056613128,1.4935535308052177,-0.43235479466665283
-0.9852890541871112,1.2929365797207593,0.09532120171606438
-0.6635138345157351,1.3932450552629885,-0.31489867587049986
-0.3202869335329336,-1.2147753088349726,-0.9495123326497146
0.9024589012182955,-1.5157007354616603,-1.0967707502448913
-1.6717428561527135,-0.7132329311238262,-0.17640564027503586
-0.9209340102528358,0.49046877538292505,-0.8285500610536763
-0.7493205597614351,1.3932450552629885,0.36178881450733685
-0.3631902961557836,0.3901602998406958,-0.9039323462512074
-0.8565789663185605,1.2929365797207593,-0.21847947387365782
-0.2988352522215082,-0.9138498822082848,-1.0196353886474179
-1.1354508233670866,1.4935535308052177,-0.3061332938707869
-0.12722180173010822,1.19262810417853,-0.8057600678544228
-0.9209340102528358,1.19262810417853,-0.3990463430677438
-0.1701251643529582,-1.415392259919431,-0.8601054362526429
0.02293996744986792,-1.415392259919431,-0.9389938742500591
-0.8351272850071351,-0.21169055341267984,-0.6357116570599923
-0.34173861484435897,1.19262810417853,-0.6900570254582123
-0.14867348304153283,-1.3150837843772019,-0.8215377554539061
-0.7493205597614351,0.2898518242984665,-0.6076624346609111
-0.3202869335329336,-1.3150837843772019,-0.788229303854997
0.08729501138414254,-0.21169055341267984,-0.9319815686502887
0.08729501138414254,-0.011073602328221294,-0.6655139558590163
-0.49190038402433434,-0.6129244555815969,-1.0336599998469584
-0.3202869335329336,0.49046877538292505,-0.7163531714573511
-0.7922239223842851,1.19262810417853,-0.2517879254725669
-2.6156168338554164,1.4935535308052177,-0.34996020386935145
-0.2988352522215082,0.2898518242984665,0.012926610918763022
-0.40609365877863357,-0.11138207787045057,-0.8706238946522984
-0.9209340102528358,-0.7132329311238262,-0.8899077350516668
-0.8994823289414104,0.7913942020096129,-0.7075877894576382
-0.7493205597614351,0.08923487321400798,-0.8127723734541932
-0.10577012041868285,-0.11138207787045057,-0.863611589052528
0.6021353628583448,-1.5157007354616603,-1.1107953614444321
-0.6635138345157351,-0.011073602328221294,-0.8355623666534467
-0.38464197746720896,0.18954334875623724,-0.8530931306528725
-2.915940372215368,0.7913942020096129,0.407368800905844
-0.2344802082872336,0.6910857264673836,0.09882735451594954
0.4519735936783694,-1.6160092110038897,-0.9758084786488532
-0.3631902961557836,0.49046877538292505,0.007667381718935275
-0.19157684566438285,0.8917026775518422,0.17946886891330832
-0.5348037466471843,-0.5126159800393677,-0.6988224074579253
-0.9209340102528358,-0.21169055341267984,-0.9179569574507481
-2.8086819656582422,0.7913942020096129,-0.4726755518653322
-0.7064171971385851,1.19262810417853,-0.5498109134628059
-0.8994823289414104,-0.3119990289549091,-0.7759577690553989
0.001488286138442538,0.08923487321400798,-0.9179569574507481
0.6879420881040448,-2.4184770153417237,-1.0073638538478198
-0.8994823289414104,1.3932450552629885,-0.19744255707434683
-1.7790012627098388,0.2898518242984665,-0.004604153080662799
-0.7064171971385851,0.49046877538292505,-0.8443277486531596
-0.8136756036957105,0.7913942020096129,-0.5568232190625761
-0.6849655158271597,1.5938620063474471,0.5388495309015376
-0.5348037466471843,-0.7132329311238262,-0.893413887851552
-2.637068515166842,1.3932450552629885,0.24783884851106902
-0.9638373728756858,-0.5126159800393677,-0.7812169982552266
-0.5777071092700343,1.6941704818896763,-0.40781172506745667
-0.34173861484435897,-1.415392259919431,-0.9512654090496572
0.6021353628583448,-2.3181685397994944,-1.0476846110464992
0.8810072199068709,-1.716317686546119,-1.0091169302477623
-0.8994823289414104,0.6910857264673836,-0.2640594602721649
-0.7064171971385851,0.08923487321400798,-0.5445516842629781
-2.0364214384469395,-0.7132329311238262,-0.704081636657753
-0.7707722410728605,1.3932450552629885,-0.41131787786734186
-0.04141507648440746,-0.011073602328221294,-0.9091915754510351
-0.14867348304153283,-0.11138207787045057,-0.7163531714573511
0.6235870441697694,-1.1144668332927432,-0.9828207842486236
-0.7278688784500097,1.6941704818896763,-0.45163863506602125
-0.6206104718928843,-0.11138207787045057,-0.872376971052241
-0.8780306476299858,-0.21169055341267984,-0.8671177418524132
-0.14867348304153283,-0.3119990289549091,-0.8162785262540783
-0.3631902961557836,0.3901602998406958,-0.2307510086732559
-0.04141507648440746,-0.11138207787045057,-0.9249692630505184
-0.513352065335759,1.0923196286363006,-0.12731950107664355
0.6879420881040448,0.3901602998406958,2.3900982092409047
0.9453622638411455,-0.11138207787045057,-0.22724485587337073
-0.8351272850071351,-0.21169055341267984,1.1646978056810395
0.6235870441697694,-1.014158357750514,-0.4744286282652748
0.32326350580981866,0.8917026775518422,0.9999086240864368
1.0955240330211218,-1.2147753088349726,-0.6795385670585569
1.653267747118174,-2.117551588715036,-0.553317066262691
0.6450387254811948,0.49046877538292505,0.36354189090727945
0.9668139451525709,1.0923196286363006,-0.12907257747658613
0.5806836815469194,0.18954334875623724,0.28290037650992067
1.3100408461353725,0.3901602998406958,-0.2500348490726243
1.245685802201097,-0.4123075044971384,0.2706288417103226
0.7308454507268948,0.5907772509251543,1.1033401316830491
0.9668139451525709,0.3901602998406958,0.23732039011141354
0.1731017366298433,0.5907772509251543,0.4845041625033176
1.5889127031838979,-1.3150837843772019,-0.8075131442543654
0.47342527498979403,1.4935535308052177,2.9914034144212103
1.1384273956439717,-1.6160092110038897,-0.7864762274550544
0.9453622638411455,0.08923487321400798,1.2523516256781686
-0.2773835709100836,1.5938620063474471,0.6738364136971164
1.2671374835125218,-1.3150837843772019,-0.5918847470614278
0.6235870441697694,0.49046877538292505,-0.17815871667497843
1.3529442087582224,-1.2147753088349726,-0.7531677758561454
1.996494648100974,-2.117551588715036,-0.5287739966634949
0.9453622638411455,0.2898518242984665,0.6668241080973462
-1.5859361309070128,0.9920111530940714,2.632022752432981
1.2242341208896717,-0.6129244555815969,-0.46040401706573414
0.7952004946611702,0.2898518242984665,0.17420963971348058
0.516328637612644,1.0923196286363006,2.5408627796359666
-1.199805867301362,-0.4123075044971384,1.981631408054283
0.5592320002354948,0.7913942020096129,0.7141571708957959
1.1169757143325463,0.3901602998406958,0.09532120171606438
0.6235870441697694,0.6910857264673836,0.07077813211686823
0.02293996744986792,0.6910857264673836,0.6089725868992409
-1.2212575486127866,0.5907772509251543,2.376073598041364
0.43052191236694404,0.18954334875623724,-0.05719644507894026
0.7737488133497455,0.49046877538292505,-0.1904302514745765
0.34471518712124405,1.19262810417853,1.1366485832819582
0.8166521759725955,-0.3119990289549091,0.4389241761048105
0.9239105825297209,1.2929365797207593,1.9693598732546849
0.47342527498979403,0.8917026775518422,2.8529103788257464
0.28036014318696867,-0.5126159800393677,-0.16588718187538035
-0.19157684566438285,-0.9138498822082848,2.1131121380499764
1.052620670398271,-1.014158357750514,-0.29736791187107403
1.0955240330211218,-2.3181685397994944,-0.7005754838578679
0.9882656264639963,-0.5126159800393677,-0.2658125366721075
0.38761854974409404,-0.011073602328221294,0.1040865837157773
1.1598790769553964,1.0923196286363006,2.342765146442455
0.28036014318696867,1.2929365797207593,2.9370580460229903
1.1813307582668218,0.9920111530940714,1.4451900296718525
-0.2344802082872336,-0.11138207787045057,1.8641752892581298
0.40907023105551865,0.08923487321400798,-0.2482817726726817
0.23745678056411867,1.3932450552629885,1.0209455408857477
0.9668139451525709,-0.6129244555815969,-0.595390899861313
0.6235870441697694,0.6910857264673836,0.4354180233049253
-1.328515955169912,-0.9138498822082848,1.3575362096747234
0.5377803189240694,0.9920111530940714,2.5671589256351055
2.2110114612152247,-1.9169346376305774,-0.6111685874607962
0.5806836815469194,1.5938620063474471,2.225309027646302
1.1384273956439717,-0.9138498822082848,-0.435860947466538
1.8034295162981486,-1.6160092110038897,-0.8285500610536763
0.4948769563012194,1.0923196286363006,1.6923738020637566
0.7308454507268948,-1.014158357750514,-0.42008325986705475
0.6879420881040448,1.2929365797207593,1.1611916528811543
0.34471518712124405,0.2898518242984665,0.19875270931267672
0.40907023105551865,0.6910857264673836,-0.27282484227187787
0.9239105825297209,-0.11138207787045057,0.07077813211686823
0.5377803189240694,1.2929365797207593,1.1682039584809247
0.9024589012182955,0.18954334875623724,-0.2395163906729688
-1.7146462187755636,1.0923196286363006,2.8423919204260906
1.245685802201097,-0.11138207787045057,-0.2482817726726817
0.6450387254811948,0.6910857264673836,0.6650710316974036
1.0311689890868463,-0.011073602328221294,0.5178126141022267
0.7308454507268948,0.2898518242984665,-0.025641069879973784
0.7522971320383202,-1.014158357750514,-0.318404828670385
0.9024589012182955,0.49046877538292505,0.02870429851824626
0.9024589012182955,-0.7132329311238262,-0.07823336187825125
1.2885891648239471,-1.2147753088349726,-0.8390685194533318
0.6664904067926202,1.2929365797207593,2.370814368841536
0.1516500553184179,-0.3119990289549091,0.11986427131526053
0.6450387254811948,0.5907772509251543,-0.08349259107807899
1.996494648100974,-1.716317686546119,-0.691810101858155
-1.7146462187755636,-0.6129244555815969,3.512067105204157
0.6450387254811948,0.3901602998406958,0.21277732051221737
0.8166521759725955,-0.11138207787045057,0.1216173477152031
-0.3202869335329336,-0.7132329311238262,1.7134107188630676
0.7737488133497455,0.5907772509251543,0.27764114731009293
1.1169757143325463,0.08923487321400798,1.872940671257843
0.8595555385954455,0.18954334875623724,2.8476511496259183
-0.9852890541871112,0.49046877538292505,0.6948733304964274
-1.4143226804156128,0.2898518242984665,0.4757387805036047
0.34471518712124405,-0.5126159800393677,0.2723819181102652
0.1731017366298433,-0.3119990289549091,-0.360478662269007
0.34471518712124405,-0.5126159800393677,-0.19919563347428942
0.6235870441697694,0.08923487321400798,0.29166575850963355
0.1945534179412679,0.49046877538292505,0.05149429171749983
0.7737488133497455,1.0923196286363006,0.37406034930693494
1.1813307582668218,0.7913942020096129,1.262870084077824
0.8595555385954455,0.5907772509251543,0.1338888825148012
0.6664904067926202,0.7913942020096129,0.8368725188917766
1.009717307775421,0.3901602998406958,2.8774534484249426
1.8463328789209994,-2.3181685397994944,-0.7531677758561454
0.7952004946611702,-0.9138498822082848,-0.13783795947629904
1.6318160658067487,-1.2147753088349726,-0.8443277486531596
0.8810072199068709,-1.3150837843772019,-0.43235479466665283
1.1813307582668218,-0.4123075044971384,0.2864065293098058
1.009717307775421,-1.6160092110038897,-0.6549954974593608
1.8677845602324248,-2.3181685397994944,-0.8022539150545377
0.4519735936783694,0.5907772509251543,0.7404533168949345
1.1169757143325463,-2.117551588715036,-0.8565992834527577
1.052620670398271,0.3901602998406958,2.170963659248082
0.7308454507268948,1.0923196286363006,2.5952081480341866
0.40907023105551865,0.9920111530940714,2.1814821176477373
0.6450387254811948,-0.3119990289549091,-0.3464540510694663
1.1169757143325463,1.2929365797207593,0.5791702881002171
1.1169757143325463,-2.117551588715036,-0.5515639898627485
0.8381038572840201,0.2898518242984665,2.1902474996474504
2.14665641728095,-2.3181685397994944,-0.616427816660624
0.8595555385954455,0.18954334875623724,0.24783884851106902
0.044391648761292535,0.7913942020096129,0.33198651570831295
0.9882656264639963,-1.415392259919431,-0.31139252307061466
0.9453622638411455,0.08923487321400798,2.458468188838665
1.7605261536752994,-2.117551588715036,-0.6514893446594756
0.8381038572840201,0.49046877538292505,0.16895041051365284
0.5377803189240694,-0.011073602328221294,0.20927116771233223
0.40907023105551865,0.18954334875623724,0.22329577891187288
-0.14867348304153283,1.5938620063474471,0.0637658265170979
0.7093937694154702,0.7913942020096129,-0.12907257747658613
-1.1139991420556612,1.4935535308052177,1.624003822465996
0.6235870441697694,0.08923487321400798,-0.050184139479169936
0.7093937694154702,1.0923196286363006,2.2323213332460723
0.43052191236694404,0.6910857264673836,0.0006550761191649468
-0.04141507648440746,1.3932450552629885,2.903749594424081
0.1731017366298433,1.19262810417853,1.8834591296574983
0.9882656264639963,0.6910857264673836,1.3400054456752977
2.14665641728095,-1.2147753088349726,-0.8110192970542506
0.32326350580981866,0.3901602998406958,0.042728909717786916
0.7308454507268948,-0.4123075044971384,-0.1518625706758397
0.9453622638411455,-1.3150837843772019,-0.10102335507750482
0.5592320002354948,-0.011073602328221294,0.25134500131095416
1.9535912854781248,-1.415392259919431,-0.7444023938564325
0.6450387254811948,0.5907772509251543,0.43366494690498275
1.1813307582668218,-0.9138498822082848,-0.3043802174708443
0.1945534179412679,1.0923196286363006,2.6215042940333255
1.7819778349867232,-1.415392259919431,-0.4972186214645284
1.1384273956439717,-0.4123075044971384,-0.2482817726726817
0.4948769563012194,1.6941704818896763,2.819601927226837
1.2671374835125218,0.49046877538292505,0.64228103849815
-0.7278688784500097,1.4935535308052177,2.8809596012248275
0.6879420881040448,-0.5126159800393677,-0.456897864265849
-0.49190038402433434,0.49046877538292505,-0.49020631586475805
-0.08431843910725746,-1.3150837843772019,-1.1002769030447765
0.7522971320383202,-1.2147753088349726,-1.052943840246327
0.7522971320383202,-1.6160092110038897,-1.119560743444145
-0.7064171971385851,-0.5126159800393677,-0.8005008386545951
0.6021353628583448,-1.2147753088349726,-0.9898330898483939
-0.47044870271290895,0.18954334875623724,-0.6549954974593608
-0.04141507648440746,-1.5157007354616603,-1.0582030694461546
-0.6849655158271597,0.18954334875623724,-0.7146000950574085
-0.5991587905814597,0.3901602998406958,-0.9091915754510351
-0.08431843910725746,0.3901602998406958,-0.7023285602578104
-0.6420621532043097,0.3901602998406958,-0.6094155110608537
-0.44899702140148434,1.0923196286363006,-0.006357229480605382
-0.40609365877863357,0.18954334875623724,-0.45865094066579154
0.43052191236694404,-2.4184770153417237,-1.0003515482480494
-0.6206104718928843,0.6910857264673836,-0.6357116570599923
-1.8004529440212635,-0.9138498822082848,-0.6216870458604516
-1.9720663945126642,1.3932450552629885,-0.2886025298713611
-0.3631902961557836,-0.8135414066660555,-0.842574672253217
-0.5348037466471843,1.2929365797207593,-0.2640594602721649
-0.7922239223842851,1.19262810417853,-0.027394146279916366
-0.2130285269758082,-0.7132329311238262,-0.884648505851839
-0.2130285269758082,0.6910857264673836,-0.884648505851839
-0.5348037466471843,1.5938620063474471,0.5896887464998726
0.08729501138414254,-0.9138498822082848,-0.7093408658575808
-0.5991587905814597,0.2898518242984665,-0.6620078030591311
-0.34173861484435897,0.3901602998406958,-0.9319815686502887
-0.9209340102528358,1.3932450552629885,-0.4060586486675141
0.6450387254811948,-1.1144668332927432,-1.0704746042457527
-0.42754534009005896,0.7913942020096129,-0.02038184068014604
-0.49190038402433434,-0.11138207787045057,-0.7373900882566621
-0.6206104718928843,1.4935535308052177,0.5704049061005041
-1.4786777243498874,0.08923487321400798,-0.25529407827245204
-0.7064171971385851,-0.011073602328221294,-0.8758831238521261
-0.38464197746720896,0.2898518242984665,-0.8232908318538487
-0.38464197746720896,1.19262810417853,-0.1395910358762416
-2.4869067459868663,1.2929365797207593,-0.3008740646709592
-2.2938416141840405,-0.6129244555815969,-0.2886025298713611
-0.19157684566438285,-0.9138498822082848,-0.926722339450461
0.10874669269556791,-2.017243113172807,-1.0704746042457527
-0.38464197746720896,0.9920111530940714,-0.20445486267411717
-0.2773835709100836,0.18954334875623724,-0.2517879254725669
-1.1354508233670866,0.8917026775518422,-0.6269462750602794
-0.3631902961557836,0.8917026775518422,-0.21672639747371522
-0.6849655158271597,0.49046877538292505,-0.6690201086589014
-0.04141507648440746,-1.8166261620883482,-1.0143761594475902
-0.44899702140148434,1.0923196286363006,-0.02038184068014604
-0.14867348304153283,-0.5126159800393677,-0.6970693310579827
-0.40609365877863357,0.3901602998406958,-0.6111685874607962
-1.0710957794328113,1.3932450552629885,0.29341883490957615
-0.06286675779583284,-0.6129244555815969,-0.8793892766520113
-0.49190038402433434,-0.4123075044971384,-0.9389938742500591
0.001488286138442538,-0.3119990289549091,-0.5761070594619445
-0.7707722410728605,-0.5126159800393677,-0.8460808250531022
0.8595555385954455,-1.415392259919431,-1.0704746042457527
0.7093937694154702,-1.8166261620883482,-0.9354877214501739
-0.42754534009005896,0.08923487321400798,-0.44813248226613606
-1.1783541859899367,1.0923196286363006,-0.44813248226613606
0.02293996744986792,-0.5126159800393677,-0.896920040651437
-0.8565789663185605,1.4935535308052177,0.3582826617074517
-0.44899702140148434,0.7913942020096129,-0.5883785942615426
-2.894488690903943,0.08923487321400798,-0.6812916434584995
-0.5777071092700343,0.6910857264673836,-0.32191098147027014
-1.736097900086989,-0.11138207787045057,0.5265779961019396
0.9668139451525709,-1.8166261620883482,-1.0617092222460398
-0.47044870271290895,0.2898518242984665,-0.5726009066620594
-0.6420621532043097,-0.11138207787045057,-0.8548462070528151
-0.06286675779583284,0.3901602998406958,-0.725118553457064
-0.9209340102528358,0.5907772509251543,0.34601112690785363
0.044391648761292535,-0.6129244555815969,-0.9740554022489107
0.001488286138442538,-1.415392259919431,-1.0371661526468436
-0.6420621532043097,-0.11138207787045057,-0.7706985398555711
-0.1701251643529582,-0.11138207787045057,-1.0038577010479346
-1.0067407354985358,1.6941704818896763,0.3775665021068201
-0.6206104718928843,1.2929365797207593,-0.2588002310723372
-2.422551702052591,-0.6129244555815969,-0.09576412587767706
-1.1783541859899367,1.3932450552629885,-0.3674909678687773
0.47342527498979403,-2.2178600642572652,-1.002104624647992
-1.4572260430384627,-0.9138498822082848,-0.8460808250531022
-1.4572260430384627,0.3901602998406958,0.32497421010854266
-0.44899702140148434,-0.5126159800393677,-0.872376971052241
-0.3202869335329336,1.2929365797207593,-0.3850217318682031
-0.34173861484435897,1.19262810417853,-0.6146747402606814
-0.44899702140148434,0.2898518242984665,-0.9758084786488532
-1.9720663945126642,0.8917026775518422,-0.2412694670729114
-0.8780306476299858,1.6941704818896763,-0.2868494534714185
-0.2988352522215082,0.5907772509251543,-0.9126977282509203
-0.3202869335329336,-0.11138207787045057,-0.8408215958532744
-0.3202869335329336,0.6910857264673836,-0.863611589052528
-0.5562554279586097,0.5907772509251543,-0.5831193650617149
-0.8780306476299858,1.4935535308052177,-0.3008740646709592
-1.7790012627098388,0.6910857264673836,0.014679687318705604
0.02293996744986792,-1.3150837843772019,-0.8653646654524706
0.7737488133497455,-2.4184770153417237,-0.9652900202491977
-0.7064171971385851,0.8917026775518422,-0.5357863022632652
-0.3631902961557836,-0.3119990289549091,-0.8671177418524132
-0.2988352522215082,-0.3119990289549091,-0.7181062478572937
-0.47044870271290895,0.3901602998406958,-0.8618585126525854
-0.2988352522215082,-0.11138207787045057,-0.9460061798498294
-0.3631902961557836,1.0923196286363006,-0.02213491708008862
-1.0281924168099612,1.5938620063474471,-0.553317066262691
0.32326350580981866,-2.2178600642572652,-1.002104624647992
-1.7146462187755636,-0.21169055341267984,0.5633926005007338
-2.014969757135514,1.3932450552629885,0.025198145718361094
-0.5777071092700343,-0.7132329311238262,-0.9004261934513222
-0.9209340102528358,-0.3119990289549091,-0.8565992834527577
-0.42754534009005896,0.5907772509251543,-0.8338092902535041
-0.42754534009005896,-0.6129244555815969,-0.5094901562641264
-0.3631902961557836,0.3901602998406958,-0.788229303854997
-0.513352065335759,-0.11138207787045057,-0.7777108454553415
-0.3631902961557836,-0.011073602328221294,-0.7479085466563176
-0.8780306476299858,-0.11138207787045057,-0.8583523598527003
-0.40609365877863357,-1.2147753088349726,-0.9407469506500017
-0.49190038402433434,0.18954334875623724,-0.6024032054610833
-1.1569025046785113,1.3932450552629885,-0.23776331427302622
-0.49190038402433434,1.2929365797207593,0.02695122211830368
-0.8994823289414104,0.8917026775518422,0.22855500811170062
-0.12722180173010822,0.18954334875623724,-0.6672670322589588
-0.19157684566438285,-0.5126159800393677,-0.7847231510551118
-0.7278688784500097,0.08923487321400798,-0.7636862342558008
-0.42754534009005896,0.6910857264673836,-0.9074384990510925
-0.47044870271290895,-1.2147753088349726,-0.8145254498541358
-0.5562554279586097,-0.011073602328221294,-0.8057600678544228
0.06584333007271792,-0.3119990289549091,-0.9968453954481643
-0.3631902961557836,1.0923196286363006,-0.4165771070671696
-0.2559318895986582,0.3901602998406958,-0.8075131442543654
0.8381038572840201,-1.3150837843772019,-1.0371661526468436
0.6450387254811948,-2.017243113172807,-0.893413887851552
-0.40609365877863357,-0.11138207787045057,-0.5550701426626335
-0.12722180173010822,-0.21169055341267984,-0.595390899861313
-0.2988352522215082,0.6910857264673836,-0.5077370798641838
-0.08431843910725746,-0.21169055341267984,-0.9109446518509777
-0.6206104718928843,0.5907772509251543,-0.6111685874607962
-0.6849655158271597,1.6941704818896763,0.6194910452988964
0.3018118244983933,-2.2178600642572652,-1.1037830558446617
0.4519735936783694,-2.3181685397994944,-0.9775615550487958
0.001488286138442538,-2.4184770153417237,-0.9898330898483939
-0.12722180173010822,0.49046877538292505,-0.3043802174708443
0.9453622638411455,-1.3150837843772019,-1.0687215278458102
-0.49190038402433434,-0.3119990289549091,-0.758427005055973
0.001488286138442538,-0.9138498822082848,-0.8653646654524706
-0.10577012041868285,0.49046877538292505,-0.6076624346609111
-1.3928709991041874,1.2929365797207593,-0.02038184068014604
0.044391648761292535,-0.9138498822082848,-1.0301538470470732
-0.5991587905814597,0.49046877538292505,-0.7531677758561454
-0.2344802082872336,0.49046877538292505,-0.200948709874232
-0.513352065335759,0.08923487321400798,-0.6444770390597052
-0.08431843910725746,-1.2147753088349726,-0.9880800134484513
-0.5991587905814597,0.2898518242984665,-0.5901316706614852
-0.7922239223842851,-0.5126159800393677,-0.5901316706614852
0.7522971320383202,0.5907772509251543,2.3006913128438327
0.7522971320383202,0.08923487321400798,0.2864065293098058
0.001488286138442538,1.4935535308052177,2.4461966540390674
1.6747194284295979,-1.9169346376305774,-0.7759577690553989
0.8810072199068709,0.2898518242984665,0.08655581971635147
-0.1701251643529582,0.2898518242984665,0.3407518977080259
0.5806836815469194,1.4935535308052177,2.048248311252101
1.3958475713810725,-0.4123075044971384,-0.3990463430677438
-1.371419317792762,-0.11138207787045057,2.5864427660344735
1.0311689890868463,-1.6160092110038897,-0.5918847470614278
1.1598790769553964,0.9920111530940714,1.5959546000669147
0.9453622638411455,0.6910857264673836,-0.09401104947773449
0.6450387254811948,0.5907772509251543,1.9132614284565221
1.245685802201097,-1.014158357750514,-0.4060586486675141
-0.8780306476299858,1.4935535308052177,2.090322144850723
-0.42754534009005896,-0.5126159800393677,0.5914418228998151
1.245685802201097,-0.4123075044971384,-0.47968785746510256
1.0955240330211218,0.08923487321400798,1.7256822536626657
1.7605261536752994,-1.716317686546119,-0.6304524278601646
0.6450387254811948,0.3901602998406958,0.023445069318418513
1.0955240330211218,0.6910857264673836,-0.12381334827675838
0.2589084618755433,0.8917026775518422,2.1972598052472203
1.2671374835125218,-2.2178600642572652,-0.6935631782580975
0.6021353628583448,-0.21169055341267984,0.06551890291704049
-0.8351272850071351,1.5938620063474471,3.131649526416617
0.36616686843266866,1.4935535308052177,0.9718594016873554
-1.650291174841288,0.6910857264673836,2.9616011156221864
1.1598790769553964,1.0923196286363006,-0.17815871667497843
0.6021353628583448,0.49046877538292505,-0.0729741326784235
0.7093937694154702,-0.11138207787045057,0.07253120851681082
0.9239105825297209,-0.3119990289549091,-0.3464540510694663
0.5377803189240694,0.18954334875623724,0.11811119491531795
0.9024589012182955,-0.11138207787045057,0.1812219453132509
0.47342527498979403,1.19262810417853,1.4066223488731158
0.5806836815469194,0.18954334875623724,0.04974121531755724
0.7308454507268948,0.6910857264673836,0.365294967307222
0.9882656264639963,-0.4123075044971384,-0.43936710026642317
0.8381038572840201,0.3901602998406958,0.0637658265170979
0.7952004946611702,0.08923487321400798,-0.07998643827819384
1.996494648100974,-1.9169346376305774,-0.6812916434584995
1.245685802201097,-1.415392259919431,-0.6532424210594182
2.103753054658099,-1.9169346376305774,-0.574353983062002
-0.01996339517298284,0.7913942020096129,2.993156490821153
-0.2344802082872336,-0.21169055341267984,0.9350447972885612
0.5377803189240694,0.08923487321400798,2.078050610051125
-0.3202869335329336,-0.8135414066660555,2.439184348439297
-0.3202869335329336,-0.8135414066660555,1.9974090956537662
0.3018118244983933,-0.4123075044971384,0.0006550761191649468
0.9239105825297209,1.2929365797207593,0.23381423731152837
1.0955240330211218,-0.8135414066660555,-0.02213491708008862
1.1598790769553964,-2.3181685397994944,-0.809266220654308
0.5377803189240694,0.08923487321400798,1.5205723148693837
0.02293996744986792,1.5938620063474471,1.5328438496689818
0.9668139451525709,-0.3119990289549091,-0.31139252307061466
-0.7278688784500097,0.08923487321400798,1.208524715679604
0.43052191236694404,0.5907772509251543,0.1812219453132509
0.9668139451525709,-0.011073602328221294,0.13564195891474376
0.8595555385954455,0.6910857264673836,-0.0010980002807776353
0.23745678056411867,0.7913942020096129,3.4734994244054205
0.5592320002354948,-0.011073602328221294,0.06551890291704049
0.6235870441697694,0.08923487321400798,0.011173534518820439
-0.5777071092700343,-0.011073602328221294,1.3066969940763886
-2.014969757135514,-0.3119990289549091,1.867681442058015
1.1384273956439717,0.18954334875623724,1.1629447292810968
0.3018118244983933,-0.21169055341267984,-0.24652869627273913
0.7093937694154702,0.08923487321400798,0.005914305318992693
0.7737488133497455,0.6910857264673836,0.5108003085024564
0.8810072199068709,-0.7132329311238262,-0.24477561987279656
0.7952004946611702,0.5907772509251543,0.45996109290412146
-0.06286675779583284,0.5907772509251543,1.4574615644714506
0.6021353628583448,0.08923487321400798,0.33549266850819814
1.7605261536752994,-2.3181685397994944,-0.7812169982552266
0.7308454507268948,1.0923196286363006,3.2368341104131715
0.4519735936783694,-0.11138207787045057,0.4845041625033176
0.4948769563012194,-0.21169055341267984,0.5213187669021119
1.3529442087582224,0.49046877538292505,0.0637658265170979
0.3018118244983933,0.9920111530940714,1.464473870071221
0.6235870441697694,0.3901602998406958,-0.11504796627704547
1.1813307582668218,0.6910857264673836,0.5984541284995855
1.1384273956439717,-0.7132329311238262,-0.11504796627704547
0.28036014318696867,-0.011073602328221294,0.08830889611629406
1.2885891648239471,-1.9169346376305774,-0.8653646654524706
-1.7146462187755636,-0.4123075044971384,1.401363119673288
0.6450387254811948,0.8917026775518422,0.35302343250762397
0.8381038572840201,-0.3119990289549091,-0.25704715467239464
1.3100408461353725,-1.014158357750514,-0.47968785746510256
0.6021353628583448,1.6941704818896763,1.2243024032790872
-0.7707722410728605,-0.8135414066660555,1.2278085560789724
2.1681080985923753,-1.2147753088349726,-0.6795385670585569
1.503105977938198,-1.1144668332927432,-0.7356370118567195
0.6664904067926202,1.2929365797207593,1.1103524372828195
-1.285612592547062,0.49046877538292505,1.1506731944814987
0.8810072199068709,-0.7132329311238262,0.738700240494992
-1.5215810869727382,1.3932450552629885,0.6983794832963126
1.6747194284295979,-2.4184770153417237,-0.6111685874607962
1.0955240330211218,-1.716317686546119,-0.7654393106557434
1.9750429667895502,-2.017243113172807,-0.5147493854639542
-0.9209340102528358,-0.8135414066660555,1.8115829972598525
0.8166521759725955,0.2898518242984665,0.42840571770515495
1.7819778349867232,-1.9169346376305774,-0.6795385670585569
0.7522971320383202,0.6910857264673836,0.8824525052902837
1.1813307582668218,-0.21169055341267984,-0.10628258427733256
0.5592320002354948,-0.21169055341267984,-0.40781172506745667
0.6450387254811948,0.5907772509251543,0.30569036970917424
0.2589084618755433,1.4935535308052177,0.5704049061005041
2.23246314252665,-2.017243113172807,-0.8530931306528725
1.2885891648239471,-0.6129244555815969,-0.179911793074921
1.0311689890868463,-0.7132329311238262,-0.2693186894719927
1.2885891648239471,-1.3150837843772019,-0.1606279526755526
0.9239105825297209,-0.3119990289549091,-0.02213491708008862
0.9453622638411455,0.2898518242984665,0.3582826617074517
1.0740723517096964,0.5907772509251543,-0.25704715467239464
0.9668139451525709,0.3901602998406958,0.07077813211686823
0.7952004946611702,0.3901602998406958,0.02870429851824626
-0.6849655158271597,-0.8135414066660555,0.6124787396991261
0.7093937694154702,-0.6129244555815969,-0.32541713427015534
0.6235870441697694,0.18954334875623724,0.41964033570544207
2.14665641728095,-2.117551588715036,-0.8828954294518965
0.28036014318696867,1.0923196286363006,0.7422063932948771
1.009717307775421,-1.415392259919431,-0.3552194330691792
1.8892362415438486,-1.716317686546119,-0.7654393106557434
0.4948769563012194,0.49046877538292505,-0.07998643827819384
0.1731017366298433,0.7913942020096129,1.4732392520709339
0.9024589012182955,0.08923487321400798,0.053247368117442406
0.9668139451525709,-1.2147753088349726,-0.25704715467239464
1.8463328789209994,-1.9169346376305774,-0.7987477622546525
-0.3202869335329336,0.5907772509251543,0.2881596057097484
0.43052191236694404,1.2929365797207593,1.7239291772627232
-0.7064171971385851,-0.8135414066660555,1.9290391160560054
-1.2641609112356367,0.3901602998406958,2.547875085235737
0.9668139451525709,-1.014158357750514,-0.3482071274694089
1.2027824395782472,-0.6129244555815969,-0.2307510086732559
0.9882656264639963,1.0923196286363006,1.0945747496833362
1.7819778349867232,-2.017243113172807,-0.5585762954625187
-0.06286675779583284,1.0923196286363006,0.6896141012965997
0.7737488133497455,-0.8135414066660555,-0.07998643827819384
1.3743958900696471,-2.4184770153417237,-0.7917354566548822
-0.08431843910725746,1.5938620063474471,1.783533774860771
-1.4143226804156128,0.18954334875623724,0.5493679893011931
0.2589084618755433,0.6910857264673836,2.02019908885302
1.2671374835125218,-2.2178600642572652,-0.8338092902535041
1.009717307775421,0.08923487321400798,0.8947240400898818
1.009717307775421,-0.11138207787045057,-0.2307510086732559
-0.2130285269758082,-0.6129244555815969,3.8276208571938217
0.7522971320383202,0.3901602998406958,0.9297855680887335
0.6879420881040448,0.6910857264673836,0.13564195891474376
1.1384273956439717,0.6910857264673836,0.6527994968978055
2.06084969203525,-1.8166261620883482,-0.4937124686646432
-1.6931945374641382,-0.11138207787045057,0.537096454501595
0.28036014318696867,-0.011073602328221294,-0.3692440442687199
-0.513352065335759,-1.415392259919431,-0.7321308590568344
-0.7064171971385851,0.49046877538292505,-0.7566739286560306
-2.4869067459868663,-0.011073602328221294,0.06201275011715532
-0.49190038402433434,1.0923196286363006,0.1829750217131935
-0.7278688784500097,0.08923487321400798,-0.7128470186574659
-0.3631902961557836,-0.11138207787045057,-0.7444023938564325
-0.5348037466471843,-0.11138207787045057,-0.7952416094547673
-0.14867348304153283,-0.21169055341267984,-0.7058347130576956
-3.0875538227067683,-0.7132329311238262,-0.03265337547974411
-1.1354508233670866,1.3932450552629885,-0.18517102227474874
-0.47044870271290895,0.2898518242984665,-0.6111685874607962
-0.5348037466471843,1.2929365797207593,0.030457374918188843
-0.6635138345157351,0.6910857264673836,-0.7356370118567195
-0.7707722410728605,-0.5126159800393677,-0.9126977282509203
-1.6931945374641382,0.7913942020096129,0.02870429851824626
-0.42754534009005896,0.3901602998406958,-0.6392178098598775
0.4948769563012194,-1.716317686546119,-1.052943840246327
0.9668139451525709,-2.017243113172807,-1.0494376874464417
-0.5348037466471843,-0.3119990289549091,-0.8022539150545377
-1.049644098121386,0.5907772509251543,0.032210451318131425
-0.34173861484435897,0.2898518242984665,-0.7794639218552841
-0.2344802082872336,0.2898518242984665,-0.6514893446594756
-1.371419317792762,-0.4123075044971384,-0.6795385670585569
-0.04141507648440746,-0.5126159800393677,-0.565588601062289
-0.8136756036957105,0.3901602998406958,-0.7829700746551692
-0.34173861484435897,0.49046877538292505,-0.7321308590568344
-0.14867348304153283,-0.4123075044971384,-0.8548462070528151
-0.10577012041868285,-0.5126159800393677,-0.9302284922503461
-0.5562554279586097,0.08923487321400798,-0.7373900882566621
0.23745678056411867,-2.4184770153417237,-0.981067707848681
-0.5777071092700343,-0.11138207787045057,-0.6444770390597052
-2.5298101086097167,1.0923196286363006,-0.39378711386791604
-2.422551702052591,0.2898518242984665,-0.15887487627561003
-0.3631902961557836,0.49046877538292505,-0.456897864265849
-0.47044870271290895,0.18954334875623724,-0.5498109134628059
0.044391648761292535,-1.6160092110038897,-1.0564499930462121
-0.47044870271290895,-1.014158357750514,-0.9197100338506906
-0.2559318895986582,0.3901602998406958,-0.3762563498684902
-0.3202869335329336,-1.3150837843772019,-0.9442531034498868
-2.0364214384469395,0.6910857264673836,-0.42008325986705475
-0.6206104718928843,-0.11138207787045057,-0.8232908318538487
-0.38464197746720896,1.0923196286363006,0.26712268891043744
-0.3202869335329336,1.19262810417853,-0.8828954294518965
0.2589084618755433,-2.3181685397994944,-1.0704746042457527
-0.19157684566438285,-0.3119990289549091,-0.8285500610536763
-0.42754534009005896,0.18954334875623724,-0.6812916434584995
-0.34173861484435897,0.7913942020096129,0.1409011881145715
-0.9638373728756858,1.2929365797207593,-0.4025524958676289
-0.12722180173010822,-0.7132329311238262,-0.9179569574507481
0.001488286138442538,0.49046877538292505,-0.7742046926554563
-2.7657786030353924,-0.011073602328221294,-0.17815871667497843
-0.7278688784500097,0.08923487321400798,-0.8197846790539635
-0.6420621532043097,0.5907772509251543,-0.7969946858547099
-0.9209340102528358,-0.11138207787045057,-0.7777108454553415
0.02293996744986792,-2.2178600642572652,-1.0494376874464417
-0.8994823289414104,1.3932450552629885,0.4809980097034324
-0.6635138345157351,0.5907772509251543,-0.5778601358618871
-0.40609365877863357,-0.7132329311238262,-0.6462301154596478
-0.3202869335329336,0.6910857264673836,-0.4533917114659638
-0.2773835709100836,0.3901602998406958,-0.39028096106803084
-0.513352065335759,0.3901602998406958,-0.7566739286560306
-0.42754534009005896,0.49046877538292505,0.1216173477152031
-2.915940372215368,0.18954334875623724,-0.4709224754653896
-0.7278688784500097,0.08923487321400798,-0.7934885330548247
-0.8780306476299858,-0.3119990289549091,-0.7864762274550544
-0.8994823289414104,1.0923196286363006,-0.7005754838578679
-0.5348037466471843,-0.5126159800393677,-0.8530931306528725
-0.7278688784500097,0.49046877538292505,-0.8460808250531022
-1.8433563066441143,1.2929365797207593,0.10058043091589212
-0.40609365877863357,0.5907772509251543,-0.733883935456777
-0.06286675779583284,-0.3119990289549091,-0.9950923190482217
-0.6635138345157351,0.5907772509251543,-0.33944174546969597
0.9239105825297209,-1.3150837843772019,-1.0617092222460398
-1.5859361309070128,-0.11138207787045057,-0.5690947538621742
-0.3631902961557836,0.08923487321400798,-0.6322055042601072
-0.7493205597614351,1.2929365797207593,-0.27107176587193527
-0.8136756036957105,0.6910857264673836,0.037469680517959174
-0.2344802082872336,1.0923196286363006,-0.2868494534714185
-0.2130285269758082,-0.4123075044971384,-0.9705492494490255
0.044391648761292535,-1.2147753088349726,-0.809266220654308
-0.10577012041868285,0.6910857264673836,-0.511243232664069
-2.2294865702497653,0.3901602998406958,-0.3674909678687773
-1.6073878122184382,-0.4123075044971384,-0.6269462750602794
-0.1701251643529582,1.0923196286363006,0.20050578571261932
0.47342527498979403,-1.1144668332927432,-1.0757338334455804
-0.5777071092700343,1.4935535308052177,-0.27457791867182046
0.1731017366298433,-1.8166261620883482,-1.0091169302477623
-1.5430327682841627,0.9920111530940714,-0.7426493174564899
-0.2559318895986582,-0.6129244555815969,-0.9898330898483939
-3.001747097461068,-0.4123075044971384,-0.7461554702563751
-0.7278688784500097,1.5938620063474471,-0.6392178098598775
-0.14867348304153283,-0.5126159800393677,-1.031906923447016
-1.1139991420556612,1.4935535308052177,-0.2097140918739449
0.044391648761292535,-0.6129244555815969,-0.7356370118567195
-1.7575495813984134,0.08923487321400798,-0.0922579730777919
-0.7278688784500097,0.5907772509251543,-0.5883785942615426
0.7093937694154702,-2.4184770153417237,-1.0757338334455804
-0.8780306476299858,1.2929365797207593,-0.07648028547830867
-0.40609365877863357,0.9920111530940714,0.037469680517959174
0.8595555385954455,-1.2147753088349726,-1.0038577010479346
-0.9638373728756858,1.4935535308052177,-0.7181062478572937
-0.8351272850071351,0.8917026775518422,-0.07472720907836608
-0.2773835709100836,-0.11138207787045057,-0.7829700746551692
-0.9852890541871112,1.19262810417853,0.018185840118590767
-0.7064171971385851,1.2929365797207593,-0.5778601358618871
-0.513352065335759,0.49046877538292505,-0.7268716298570066
-1.736097900086989,-0.5126159800393677,-0.3289232870700405
-1.5859361309070128,0.5907772509251543,-0.8916608114516094
-0.34173861484435897,0.7913942020096129,-0.6304524278601646
0.02293996744986792,-0.011073602328221294,-0.8741300474521835
0.8595555385954455,-1.1144668332927432,-1.002104624647992
-0.01996339517298284,-1.415392259919431,-0.8618585126525854
-0.5348037466471843,0.18954334875623724,-0.6812916434584995
-0.3631902961557836,0.6910857264673836,-0.809266220654308
-0.7707722410728605,0.9920111530940714,0.3688011201071072
-0.47044870271290895,0.49046877538292505,-0.6479831918595904
-0.8351272850071351,1.5938620063474471,0.5861825936999874
-0.04141507648440746,-1.716317686546119,-0.9354877214501739
0.34471518712124405,-1.1144668332927432,-1.0599561458460973
-0.3631902961557836,-1.014158357750514,-1.0003515482480494
-1.5215810869727382,0.7913942020096129,0.5108003085024564
0.02293996744986792,-2.2178600642572652,-1.0073638538478198
-2.8730370095925175,-0.6129244555815969,-0.11329488987710289
-0.3631902961557836,0.6910857264673836,-0.6146747402606814
-0.2344802082872336,1.19262810417853,-0.628699351460222
-0.5348037466471843,-0.11138207787045057,-0.8811423530519539
0.2589084618755433,-1.716317686546119,-1.1090422850444894
0.001488286138442538,-0.7132329311238262,-0.7812169982552266
-0.513352065335759,0.18954334875623724,-0.8986731170513796
-0.06286675779583284,0.3901602998406958,-0.7636862342558008
-0.7064171971385851,0.3901602998406958,-0.456897864265849
-1.199805867301362,-0.21169055341267984,-0.4288486418667677
0.06584333007271792,0.6910857264673836,-0.5971439762612556
-0.7064171971385851,-0.7132329311238262,-0.5305270730634374
-2.6156168338554164,-0.6129244555815969,-0.5813662886617723
-0.42754534009005896,-0.011073602328221294,-0.4972186214645284
-0.2130285269758082,1.2929365797207593,-0.0922579730777919
-0.5991587905814597,0.3901602998406958,-0.6059093582609685
-0.1701251643529582,0.5907772509251543,-0.43235479466665283
-0.3631902961557836,0.3901602998406958,-0.7163531714573511
0.7093937694154702,-2.3181685397994944,-1.0722276806456954
0.7308454507268948,-1.2147753088349726,-0.9985984718481068
-0.34173861484435897,0.3901602998406958,-0.38326865546826056
-0.5348037466471843,0.2898518242984665,-0.7742046926554563
-0.6420621532043097,-0.11138207787045057,-0.8864015822517816
-1.0281924168099612,1.4935535308052177,-0.3762563498684902
-0.44899702140148434,-0.21169055341267984,-0.8653646654524706
-0.49190038402433434,-0.011073602328221294,-0.6024032054610833
-1.199805867301362,-0.3119990289549091,-0.754920852256088
0.001488286138442538,-0.3119990289549091,-0.947759256249772
0.8595555385954455,-0.011073602328221294,0.30393729330923164
0.6879420881040448,-0.11138207787045057,0.407368800905844
-1.2641609112356367,-0.3119990289549091,0.9578347904878147
0.5377803189240694,0.3901602998406958,1.8641752892581298
0.9024589012182955,1.2929365797207593,2.0552606168518714
1.3743958900696471,0.49046877538292505,-0.036159528279629274
0.6021353628583448,0.3901602998406958,-0.11680104267698806
1.1598790769553964,-0.11138207787045057,-0.5463047606629207
-1.821904625332689,-0.21169055341267984,1.0665255272842549
-0.08431843910725746,-0.21169055341267984,1.8361260668590487
1.1384273956439717,0.6910857264673836,0.8631686648909154
0.7093937694154702,0.49046877538292505,0.10759273651566245
1.9321396041666994,-1.2147753088349726,-0.4656632462655619
1.5889127031838979,-1.716317686546119,-0.7461554702563751
0.8810072199068709,-0.21169055341267984,-0.21847947387365782
0.7308454507268948,0.3901602998406958,0.11109888931554762
0.7308454507268948,1.4935535308052177,1.2996846884766182
1.1169757143325463,0.18954334875623724,-0.025641069879973784
-1.1354508233670866,-0.8135414066660555,2.207778263646876
1.824881197609574,-2.017243113172807,-0.8793892766520113
-0.9852890541871112,0.49046877538292505,2.014939859653192
0.7093937694154702,-1.2147753088349726,-0.19218332787451908
-0.06286675779583284,0.7913942020096129,0.4143811065056143
1.4816542966267725,-1.716317686546119,-0.7093408658575808
0.7093937694154702,-1.014158357750514,-0.3324294398699256
0.38761854974409404,0.18954334875623724,0.7369471640950495
1.9750429667895502,-1.8166261620883482,-0.8180316026540209
0.9239105825297209,0.08923487321400798,0.11109888931554762
1.3100408461353725,-0.4123075044971384,-0.4376140238664806
0.7952004946611702,0.18954334875623724,0.22680193171175803
1.0955240330211218,-0.3119990289549091,0.3267272865084852
0.1731017366298433,-0.011073602328221294,0.025198145718361094
0.5377803189240694,0.7913942020096129,1.5135600092696133
1.9321396041666994,-1.9169346376305774,-0.5445516842629781
0.7522971320383202,0.49046877538292505,2.782787322828043
-1.4357743617270373,0.6910857264673836,2.6513065928323494
1.2671374835125218,-0.11138207787045057,-0.2921086826712463
-1.242709229924212,-0.3119990289549091,3.3437717708096693
1.1813307582668218,-0.6129244555815969,0.47047955130377694
1.331492527446797,-0.11138207787045057,0.20050578571261932
0.6664904067926202,-0.6129244555815969,-0.13783795947629904
1.1813307582668218,0.08923487321400798,0.025198145718361094
-1.5215810869727382,-0.4123075044971384,1.7151637952630103
-1.650291174841288,0.08923487321400798,0.42840571770515495
0.36616686843266866,0.49046877538292505,0.018185840118590767
-0.8565789663185605,-0.4123075044971384,1.5135600092696133
0.6879420881040448,0.08923487321400798,1.3838323556738623
-0.04141507648440746,1.4935535308052177,1.6853614964639863
0.6664904067926202,0.5907772509251543,1.9413106508556035
0.7737488133497455,0.3901602998406958,0.09707427811600697
0.34471518712124405,0.18954334875623724,0.002408152519107529
0.7308454507268948,-1.415392259919431,-0.4674163226655045
1.2242341208896717,0.18954334875623724,0.310949598909002
-0.01996339517298284,1.3932450552629885,3.198266429614435
-0.9209340102528358,-0.9138498822082848,2.791552704827756
-1.650291174841288,0.5907772509251543,1.3452646748751254
1.009717307775421,0.2898518242984665,0.4091218773057866
0.10874669269556791,1.19262810417853,1.3645485152744938
0.7522971320383202,0.2898518242984665,0.08129659051652373
-1.4143226804156128,0.08923487321400798,2.6933804264309713
0.9453622638411455,0.7913942020096129,1.17872241688058
-0.6206104718928843,0.7913942020096129,1.3119562232762163
0.6021353628583448,-0.011073602328221294,0.16018502851393993
0.02293996744986792,0.6910857264673836,1.5661523012678908
1.3958475713810725,-0.21169055341267984,0.44243032890469564
1.5674610218724725,-1.1144668332927432,-0.7601800814559156
1.331492527446797,-0.6129244555815969,-0.1115418134771603
-1.4143226804156128,-0.11138207787045057,1.2996846884766182
1.009717307775421,-1.3150837843772019,-0.25354100187250944
-0.44899702140148434,1.0923196286363006,1.5118069328696706
-1.3070642738584874,0.2898518242984665,2.5145666336368278
-0.7922239223842851,1.3932450552629885,2.358542834041938
1.7176227910524486,-2.4184770153417237,-0.8057600678544228
0.6450387254811948,0.18954334875623724,1.1471670416816135
0.9239105825297209,-0.3119990289549091,0.18472809811313606
0.9453622638411455,1.19262810417853,0.41964033570544207
0.516328637612644,0.49046877538292505,0.28290037650992067
0.36616686843266866,0.08923487321400798,0.5353433781016524
-0.8994823289414104,1.0923196286363006,1.031463999285403
0.7093937694154702,0.49046877538292505,0.007667381718935275
1.2027824395782472,-0.21169055341267984,-0.06245567427876801
0.7308454507268948,0.6910857264673836,-0.04667798667928477
0.6021353628583448,1.6941704818896763,0.5125533849023989
0.9024589012182955,1.19262810417853,2.2270621040462446
0.8595555385954455,-0.5126159800393677,-0.16939333467526552
-0.34173861484435897,-0.8135414066660555,2.7056519612305694
0.2160050992526933,-0.4123075044971384,-0.0010980002807776353
1.2027824395782472,-1.1144668332927432,-0.05894952147888285
0.43052191236694404,0.7913942020096129,3.0036749492208084
0.3018118244983933,1.4935535308052177,2.216543645646589
0.9024589012182955,-0.3119990289549091,-0.3026271410709018
0.6235870441697694,0.18954334875623724,0.28465345290986327
1.2885891648239471,-0.3119990289549091,0.18823425091302123
0.6235870441697694,0.7913942020096129,2.064025998851584
-0.10577012041868285,0.6910857264673836,1.560893072068063
-0.40609365877863357,0.7913942020096129,0.5002818501028008
0.38761854974409404,-0.5126159800393677,0.12862965331497345
0.1301983740069933,1.3932450552629885,1.2576108548779963
0.6879420881040448,0.5907772509251543,-0.2307510086732559
0.7737488133497455,1.0923196286363006,0.27413499451020773
0.7952004946611702,0.08923487321400798,0.1917404037129064
0.40907023105551865,0.08923487321400798,0.14616041731439927
0.8810072199068709,0.3901602998406958,0.2303080845116432
0.7952004946611702,0.18954334875623724,-0.018628764280203457
1.2671374835125218,0.18954334875623724,-0.008110305880547964
1.3100408461353725,-1.8166261620883482,-0.8460808250531022
2.2539148238380755,-1.6160092110038897,-0.8057600678544228
0.5592320002354948,0.7913942020096129,1.3663015916744363
0.9239105825297209,0.08923487321400798,0.11986427131526053
1.0740723517096964,-1.5157007354616603,-0.8250439082537913
1.3743958900696471,-0.11138207787045057,0.2601103833106671
0.7308454507268948,-0.3119990289549091,-0.2658125366721075
0.9239105825297209,-0.8135414066660555,-0.4726755518653322
0.6664904067926202,1.5938620063474471,0.9613409432876999
1.6961711097410233,-1.1144668332927432,-0.4691693990654471
0.6235870441697694,0.18954334875623724,0.7124040944958533
0.3018118244983933,1.2929365797207593,0.3793195785067627
0.6235870441697694,1.5938620063474471,0.9999086240864368
0.8810072199068709,-1.1144668332927432,-0.2289979322733133
1.0311689890868463,-0.21169055341267984,-0.23250408507319847
0.8810072199068709,1.2929365797207593,2.307703618443603
1.3529442087582224,-0.9138498822082848,-0.1395910358762416
1.7176227910524486,-2.2178600642572652,-0.5778601358618871
0.6450387254811948,0.2898518242984665,1.3382523692753552
1.1384273956439717,-0.3119990289549091,-0.22724485587337073
1.1384273956439717,-0.4123075044971384,-0.32191098147027014
1.5889127031838979,-2.017243113172807,-0.7601800814559156
0.5806836815469194,0.6910857264673836,-0.09927027867756223
-0.01996339517298284,0.8917026775518422,1.3505239040749533
0.8166521759725955,0.2898518242984665,0.0637658265170979
-1.4357743617270373,0.5907772509251543,2.8651819136253445
0.6664904067926202,0.49046877538292505,2.2025190344470484
0.4948769563012194,1.5938620063474471,2.6618250512320047
0.5377803189240694,1.6941704818896763,2.3357528408426846
0.001488286138442538,1.2929365797207593,0.7316879348952217
0.6235870441697694,1.19262810417853,2.2551113264453257
0.4519735936783694,0.7913942020096129,1.9325452688558906
-0.04141507648440746,1.4935535308052177,2.4444435776391247
0.9668139451525709,0.49046877538292505,1.28040084807725
-0.2130285269758082,1.4935535308052177,2.7757750172282725
0.9239105825297209,0.2898518242984665,0.558133371300906
1.5460093405610487,-1.1144668332927432,-0.7917354566548822
-1.4143226804156128,-0.5126159800393677,2.2884197780442346
1.1384273956439717,-0.6129244555815969,-0.4954655450645858
0.5592320002354948,0.6910857264673836,2.141161360449058
0.8595555385954455,0.08923487321400798,1.283907000877135
0.7093937694154702,0.18954334875623724,0.3547765089075665
0.7952004946611702,1.2929365797207593,1.2488454728782834
0.6664904067926202,-0.4123075044971384,-0.4744286282652748
-0.38464197746720896,0.3901602998406958,3.4805117300051904
0.23745678056411867,1.6941704818896763,1.455708488071508
0.9668139451525709,0.2898518242984665,-0.2640594602721649
1.3743958900696471,-0.11138207787045057,-0.04317183387939961
1.3958475713810725,-1.2147753088349726,-0.6462301154596478
0.6664904067926202,0.2898518242984665,0.0006550761191649468
0.5377803189240694,0.2898518242984665,0.22855500811170062
0.6235870441697694,1.6941704818896763,2.412888202440158
0.7093937694154702,0.6910857264673836,0.21453039691215997
0.8381038572840201,-1.1144668332927432,-0.5217616910637245
0.5592320002354948,-0.8135414066660555,-0.39203403746797344
0.7737488133497455,0.08923487321400798,0.33198651570831295
2.2110114612152247,-1.3150837843772019,-0.6076624346609111
0.5592320002354948,-0.21169055341267984,-0.4060586486675141
1.7819778349867232,-1.415392259919431,-0.7934885330548247
-1.9935180758240896,0.9920111530940714,1.9325452688558906
0.32326350580981866,0.49046877538292505,0.3775665021068201
0.7093937694154702,0.18954334875623724,1.1366485832819582
0.8381038572840201,0.3901602998406958,2.2340744096460146
-1.1569025046785113,1.4935535308052177,1.6134853640663405
2.0393980107238248,-1.3150837843772019,-0.6339585806600497
0.40907023105551865,0.7913942020096129,1.0542539924846568
1.2885891648239471,-0.4123075044971384,-0.11329488987710289
-0.06286675779583284,1.2929365797207593,3.385845604408291
0.7308454507268948,0.5907772509251543,-0.2886025298713611
0.7093937694154702,0.5907772509251543,0.3372457449081407
1.910687922855274,-1.1144668332927432,-0.6041562818610259
0.43052191236694404,0.2898518242984665,-0.20270178627417457
0.6664904067926202,0.3901602998406958,0.12687657691503085
-0.2559318895986582,0.7913942020096129,2.2814074724444646
1.3100408461353725,-0.9138498822082848,-0.06596182707865317
0.02293996744986792,0.7913942020096129,2.6425412108326363
0.7308454507268948,0.5907772509251543,0.7299348584952791
0.7522971320383202,-1.2147753088349726,-0.13608488307635647
0.5592320002354948,0.18954334875623724,0.0006550761191649468
1.052620670398271,1.19262810417853,2.3129628476434307
1.245685802201097,-1.2147753088349726,-0.35171328026929405
0.4948769563012194,0.08923487321400798,-0.21497332107377265
0.9453622638411455,0.08923487321400798,0.2723819181102652
-1.5859361309070128,0.2898518242984665,2.1253836728495745
-1.328515955169912,1.5938620063474471,0.25134500131095416
0.6664904067926202,0.5907772509251543,1.5135600092696133
1.1813307582668218,1.19262810417853,1.4206469600726563
-0.40609365877863357,-0.5126159800393677,1.1646978056810395
0.7308454507268948,-0.11138207787045057,0.3582826617074517
0.516328637612644,-0.5126159800393677,0.06902505571692565
-0.04141507648440746,1.4935535308052177,2.2638767084450384
1.0740723517096964,0.7913942020096129,0.3091965225090594
0.36616686843266866,-0.011073602328221294,0.25485115411083936
1.824881197609574,-2.3181685397994944,-0.6690201086589014
1.503105977938198,-1.9169346376305774,-0.8285500610536763
-0.2559318895986582,0.49046877538292505,1.485510786870532
1.9750429667895502,-1.6160092110038897,-0.7128470186574659
0.38761854974409404,0.2898518242984665,0.11109888931554762
1.2242341208896717,0.49046877538292505,0.6668241080973462
0.5592320002354948,0.8917026775518422,0.28465345290986327
0.06584333007271792,0.7913942020096129,2.8125896216270667
1.2885891648239471,-1.3150837843772019,-0.08349259107807899
1.3743958900696471,-0.011073602328221294,-0.30963944667067206
0.9882656264639963,-0.6129244555815969,0.0444819861177295
0.7308454507268948,-0.5126159800393677,-0.04667798667928477
-0.14867348304153283,1.2929365797207593,0.64228103849815
0.9453622638411455,0.08923487321400798,0.20050578571261932
-0.8351272850071351,-0.11138207787045057,1.934298345255833
1.0955240330211218,1.19262810417853,1.3803262028739771
0.7522971320383202,0.49046877538292505,0.289912682109691
1.009717307775421,-0.11138207787045057,-0.04141875747945702
1.3743958900696471,-0.8135414066660555,-0.4726755518653322
0.28036014318696867,1.6941704818896763,1.0402293812851162
0.8595555385954455,0.49046877538292505,0.2566042305107819
0.7093937694154702,-0.6129244555815969,-0.4533917114659638
0.8381038572840201,-0.5126159800393677,-0.06771490347859575
0.6664904067926202,0.9920111530940714,2.2007659580471057
-1.0281924168099612,-0.7132329311238262,2.3094566948435458
0.8166521759725955,-0.4123075044971384,-0.15887487627561003
0.5806836815469194,0.5907772509251543,-0.016875687880260875
0.38761854974409404,0.49046877538292505,0.053247368117442406
1.6961711097410233,-1.2147753088349726,-0.5550701426626335
1.009717307775421,-0.4123075044971384,0.5546272185010209
0.43052191236694404,0.3901602998406958,-0.13433180667641387
1.331492527446797,-0.4123075044971384,0.07077813211686823
0.9668139451525709,1.19262810417853,0.24257961931124128
-0.7493205597614351,0.2898518242984665,1.1401547360818434
0.8595555385954455,0.8917026775518422,2.1814821176477373
0.6235870441697694,0.9920111530940714,0.9438101792882742
0.6235870441697694,-1.1144668332927432,-0.32191098147027014
2.0393980107238248,-1.716317686546119,-0.7146000950574085
1.3958475713810725,-0.4123075044971384,-0.19218332787451908
-0.04141507648440746,1.5938620063474471,2.12888982564946
0.6879420881040448,-0.4123075044971384,-0.28509637707147595
0.9239105825297209,0.7913942020096129,1.5679053776678333
0.5806836815469194,-1.014158357750514,-0.39028096106803084
1.2885891648239471,0.3901602998406958,0.5388495309015376
0.044391648761292535,0.6910857264673836,2.689874273631086
0.7952004946611702,0.2898518242984665,-0.015122611480318291
-0.8780306476299858,-0.21169055341267984,0.2793942237100355
0.43052191236694404,0.5907772509251543,0.19875270931267672
1.009717307775421,0.8917026775518422,1.4188938836727139
-1.242709229924212,0.3901602998406958,0.032210451318131425
0.7952004946611702,-0.9138498822082848,-0.21322024467383008
0.9453622638411455,1.0923196286363006,0.9999086240864368
0.9453622638411455,0.7913942020096129,0.44243032890469564
-1.8862596692669642,-0.4123075044971384,0.8666748176908005
0.5592320002354948,0.08923487321400798,0.38808496050647556
0.7093937694154702,-1.415392259919431,-0.19393640427446165
0.9239105825297209,1.19262810417853,1.1436608888817286
-2.014969757135514,0.7913942020096129,1.5223253912693262
-1.7575495813984134,1.5938620063474471,2.9353049696230475
0.5806836815469194,-0.5126159800393677,-0.09401104947773449
1.3100408461353725,-0.5126159800393677,-0.4428732530663083
0.6879420881040448,0.5907772509251543,0.0444819861177295
-0.10577012041868285,1.6941704818896763,1.9781252552543978
-0.08431843910725746,1.4935535308052177,1.5240784676692687
1.009717307775421,0.3901602998406958,2.3865920564410192
0.7093937694154702,0.5907772509251543,0.386331884106533
1.739074472363874,-1.8166261620883482,-0.6111685874607962
0.7093937694154702,0.9920111530940714,2.7477257948291913
1.3100408461353725,-2.017243113172807,-0.5603293718624613
0.34471518712124405,0.6910857264673836,0.27588807091015033
-1.1354508233670866,1.3932450552629885,0.6510464204978629
0.6021353628583448,1.19262810417853,0.13038272971491602
0.2160050992526933,-0.3119990289549091,0.2495919249110116
0.4519735936783694,0.6910857264673836,3.2578710272124827
-0.34173861484435897,-0.11138207787045057,2.77402194082833
0.10874669269556791,-0.21169055341267984,0.5756641353003319
0.6664904067926202,0.49046877538292505,0.07253120851681082
0.7522971320383202,0.49046877538292505,-0.02038184068014604
0.4519735936783694,0.2898518242984665,-0.02213491708008862
0.044391648761292535,0.8917026775518422,2.8949842124243683
0.7737488133497455,0.7913942020096129,2.316469000443316
1.2242341208896717,-0.21169055341267984,0.4091218773057866
1.2027824395782472,-0.8135414066660555,-0.15887487627561003
0.4948769563012194,0.5907772509251543,2.4444435776391247
0.6664904067926202,0.08923487321400798,1.3838323556738623
0.6235870441697694,-1.1144668332927432,-0.2640594602721649
-1.8433563066441143,0.3901602998406958,2.7056519612305694
0.5377803189240694,1.0923196286363006,1.7239291772627232
-1.242709229924212,0.5907772509251543,2.4882704876376893
1.0740723517096964,-0.6129244555815969,0.16369118131382507
-0.5991587905814597,-0.011073602328221294,0.9543286376879296
1.009717307775421,-1.1144668332927432,-0.09401104947773449
0.5592320002354948,-0.21169055341267984,-0.03966568107951444
0.6879420881040448,0.18954334875623724,0.5406026073014802
1.996494648100974,-1.5157007354616603,-0.8706238946522984
0.1945534179412679,-0.011073602328221294,0.5423556837014228
0.6021353628583448,1.2929365797207593,1.3925977376735752
-0.01996339517298284,1.5938620063474471,2.749478871229134
0.6879420881040448,0.7913942020096129,1.7782745456609432
0.7093937694154702,0.8917026775518422,1.5643992248679481
1.0311689890868463,-0.011073602328221294,-0.051937215879112514
1.9750429667895502,-1.716317686546119,-0.8741300474521835
1.3529442087582224,0.2898518242984665,0.24608577211112645
0.02293996744986792,0.6910857264673836,3.508560952404272
-0.513352065335759,0.49046877538292505,-0.6339585806600497
0.06584333007271792,1.6941704818896763,2.412888202440158
1.009717307775421,0.08923487321400798,0.5055410793026286
-0.2130285269758082,0.3901602998406958,-0.6672670322589588
-0.8994823289414104,1.0923196286363006,-0.6269462750602794
0.10874669269556791,-2.4184770153417237,-1.0844992154452933
-0.6849655158271597,-0.011073602328221294,-0.893413887851552
1.8677845602324248,-1.5157007354616603,-0.8022539150545377
0.06584333007271792,-0.4123075044971384,-0.9600307910493701
1.1384273956439717,-2.017243113172807,-0.5147493854639542
1.052620670398271,0.3901602998406958,0.3389988213080833
0.10874669269556791,1.0923196286363006,2.2761482432446365
0.9453622638411455,-0.6129244555815969,-0.4463794058661935
-0.34173861484435897,1.0923196286363006,-0.5480578370628633
-2.444003383364016,-0.6129244555815969,-0.5392924550631504
0.8810072199068709,-2.3181685397994944,-1.0564499930462121
-1.049644098121386,1.5938620063474471,-0.4954655450645858
-0.38464197746720896,0.9920111530940714,-0.2517879254725669
-0.3631902961557836,0.18954334875623724,-0.8180316026540209
-0.5348037466471843,0.18954334875623724,-0.7636862342558008
-0.04141507648440746,-2.3181685397994944,-1.0880053682451785
-0.9852890541871112,1.0923196286363006,-0.4849470866649303
1.3743958900696471,-0.21169055341267984,-0.45865094066579154
0.2160050992526933,-1.5157007354616603,-1.1107953614444321
-0.12722180173010822,-1.1144668332927432,-0.896920040651437
0.7093937694154702,1.0923196286363006,2.426912813639699
-2.958843734838218,1.2929365797207593,0.2986780641094039
-1.4572260430384627,1.5938620063474471,1.4066223488731158
-0.49190038402433434,0.3901602998406958,-0.276330995071763
-0.7707722410728605,1.5938620063474471,-0.595390899861313
1.0311689890868463,0.3901602998406958,1.485510786870532
-0.19157684566438285,-0.7132329311238262,-0.947759256249772
-0.3202869335329336,0.3901602998406958,-0.7934885330548247
0.02293996744986792,-2.4184770153417237,-1.0143761594475902
-0.7922239223842851,0.49046877538292505,-0.41833018346711215
-1.4572260430384627,0.5907772509251543,-0.7408962410565473
-0.5777071092700343,0.49046877538292505,-0.8495869778529874
0.6450387254811948,-1.8166261620883482,-1.0704746042457527
1.9750429667895502,-2.117551588715036,-0.842574672253217
-0.5348037466471843,-0.011073602328221294,-0.7075877894576382
-1.5859361309070128,1.5938620063474471,0.5563802949009635
0.38761854974409404,0.5907772509251543,-0.31314559947055726
-0.2988352522215082,0.8917026775518422,-0.4165771070671696
-0.44899702140148434,0.49046877538292505,-0.8267969846537339
0.516328637612644,0.5907772509251543,0.6072195104992983
-0.1701251643529582,1.19262810417853,0.21628347331210254
-0.5348037466471843,0.2898518242984665,-0.754920852256088
0.36616686843266866,0.49046877538292505,-0.4007994194676864
0.06584333007271792,0.2898518242984665,-0.8811423530519539
0.02293996744986792,-0.9138498822082848,-0.9232161866505758
-0.2559318895986582,-0.4123075044971384,-0.9442531034498868
0.4948769563012194,-0.11138207787045057,0.29517191130951875
-1.8004529440212635,1.2929365797207593,0.3284803629084278
0.8810072199068709,-0.9138498822082848,-0.4043055722675715
-1.3928709991041874,-0.011073602328221294,1.2155370212793744
-1.8004529440212635,0.08923487321400798,-0.7146000950574085
1.9535912854781248,-1.3150837843772019,-0.6462301154596478
1.910687922855274,-2.4184770153417237,-0.8758831238521261
0.32326350580981866,0.2898518242984665,0.3547765089075665
0.6664904067926202,-0.6129244555815969,0.15492579931411218
1.009717307775421,-0.21169055341267984,0.45820801650417886
0.6021353628583448,0.6910857264673836,-0.008110305880547964
-1.1569025046785113,1.0923196286363006,2.8423919204260906
1.2242341208896717,-2.2178600642572652,-0.8162785262540783
-0.9423856915642604,-0.21169055341267984,-0.5568232190625761
0.9453622638411455,1.2929365797207593,0.011173534518820439
0.38761854974409404,-0.4123075044971384,0.06201275011715532
-2.2294865702497653,0.2898518242984665,0.1426542645145141
1.739074472363874,-1.9169346376305774,-0.6357116570599923
1.5245576592496233,-1.415392259919431,-0.5568232190625761
-0.12722180173010822,0.3901602998406958,-0.6094155110608537
-1.8004529440212635,-0.5126159800393677,2.2007659580471057
-0.12722180173010822,-0.8135414066660555,-0.7373900882566621
0.5592320002354948,0.9920111530940714,1.4802515576707043
1.9750429667895502,-2.017243113172807,-0.6146747402606814
0.7952004946611702,0.49046877538292505,0.23556731371147094
-0.10577012041868285,0.2898518242984665,-0.7198593242572363
1.1384273956439717,-1.3150837843772019,-0.3376886690697534
0.36616686843266866,0.49046877538292505,0.23381423731152837
-0.12722180173010822,-0.6129244555815969,-0.9039323462512074
-0.6635138345157351,-0.21169055341267984,-0.4972186214645284
-0.19157684566438285,-0.4123075044971384,-0.8127723734541932
-0.7707722410728605,1.19262810417853,0.1426542645145141
0.7522971320383202,1.2929365797207593,1.3031908412765034
-1.3070642738584874,0.2898518242984665,2.72668887802988
-0.2559318895986582,0.3901602998406958,0.18472809811313606
0.10874669269556791,-1.3150837843772019,-0.8864015822517816
1.0740723517096964,0.2898518242984665,-0.1115418134771603
-0.34173861484435897,-0.21169055341267984,-0.9021792698512648
0.6879420881040448,-0.21169055341267984,-0.35346635666923665
-0.04141507648440746,-0.8135414066660555,1.8834591296574983
0.9882656264639963,1.19262810417853,1.8606691364582448
0.9453622638411455,-0.5126159800393677,-0.43936710026642317
0.8166521759725955,-2.3181685397994944,-1.0126230830476475
1.2242341208896717,-1.6160092110038897,-0.7829700746551692
0.9453622638411455,1.19262810417853,0.19699963291273415
0.8810072199068709,0.5907772509251543,-0.051937215879112514
-0.9852890541871112,1.5938620063474471,-0.6549954974593608
0.2589084618755433,1.19262810417853,1.9360514216557758
-0.08431843910725746,-1.415392259919431,-1.0284007706471308
-0.3202869335329336,1.2929365797207593,-0.2623063838722224
0.36616686843266866,0.8917026775518422,1.8361260668590487
-0.44899702140148434,0.7913942020096129,0.8281071368920637
-0.7064171971385851,0.18954334875623724,-0.9091915754510351
-0.3202869335329336,-0.21169055341267984,-0.9793146314487384
0.7093937694154702,0.18954334875623724,0.3267272865084852
-0.2130285269758082,0.3901602998406958,-0.3324294398699256
0.6235870441697694,0.08923487321400798,0.5072941557025712
-0.19157684566438285,1.19262810417853,-0.5831193650617149
0.6235870441697694,1.2929365797207593,1.5118069328696706
-1.5215810869727382,1.5938620063474471,-0.5550701426626335
0.7093937694154702,0.2898518242984665,1.8150891500597377
0.9239105825297209,-0.3119990289549091,-0.43410787106659543
1.1384273956439717,0.7913942020096129,1.2172900976793168
-1.1354508233670866,1.2929365797207593,-0.04141875747945702
-2.07932480106979,0.3901602998406958,-0.3674909678687773
1.1813307582668218,-1.3150837843772019,-0.767192387055686
-0.9423856915642604,1.0923196286363006,0.19349348011284898
-0.7278688784500097,1.6941704818896763,-0.20445486267411717
0.9453622638411455,0.08923487321400798,-0.0536902922790551
-0.2344802082872336,-0.8135414066660555,-0.8671177418524132
-0.6849655158271597,0.5907772509251543,-0.8338092902535041
-0.3631902961557836,0.6910857264673836,-0.34294789826958116
0.43052191236694404,-0.11138207787045057,0.10934581291560504
-0.10577012041868285,-0.7132329311238262,-0.9337346450502313
-0.513352065335759,-0.4123075044971384,-0.9652900202491977
1.052620670398271,-0.21169055341267984,-0.16939333467526552
0.06584333007271792,-0.6129244555815969,-0.896920040651437
1.417299252692498,-1.716317686546119,-0.7426493174564899
1.1384273956439717,-1.716317686546119,-0.8793892766520113
0.4948769563012194,-2.3181685397994944,-1.0389192290467861
-0.2130285269758082,0.18954334875623724,-0.6847977962583847
-0.9209340102528358,1.3932450552629885,-0.7198593242572363
1.1169757143325463,0.8917026775518422,0.0444819861177295
-0.513352065335759,0.3901602998406958,-0.3674909678687773
-0.7493205597614351,0.8917026775518422,-0.5270209202635523
-0.3202869335329336,-1.2147753088349726,-0.8232908318538487
0.38761854974409404,-0.011073602328221294,0.21277732051221737
-0.8994823289414104,1.5938620063474471,0.12337042411514569
0.10874669269556791,-1.1144668332927432,-0.9547715618495423
-1.1569025046785113,1.6941704818896763,0.1619381049138825
0.9882656264639963,-0.6129244555815969,-0.29561483547113143
-0.6849655158271597,0.5907772509251543,-0.6585016502592459
-0.6420621532043097,0.6910857264673836,-0.7847231510551118
1.331492527446797,-0.011073602328221294,0.6563056496976907
0.9668139451525709,1.2929365797207593,0.8596625120910302
0.40907023105551865,0.49046877538292505,0.38983803690641816
1.824881197609574,-1.8166261620883482,-0.7987477622546525
-1.0067407354985358,1.5938620063474471,-0.6672670322589588
-0.47044870271290895,-0.011073602328221294,-0.6514893446594756
-0.7493205597614351,0.6910857264673836,-0.5848724414616575
-0.10577012041868285,0.49046877538292505,-0.5410455314630929
0.08729501138414254,-0.11138207787045057,-0.7654393106557434
-0.2988352522215082,-0.3119990289549091,-0.7426493174564899
-0.49190038402433434,0.08923487321400798,-0.35171328026929405
-0.2559318895986582,1.0923196286363006,-0.20445486267411717
0.10874669269556791,-2.4184770153417237,-1.086252291845236
-0.2344802082872336,0.6910857264673836,-0.767192387055686
-0.5562554279586097,0.9920111530940714,-0.39203403746797344
-2.8086819656582422,1.4935535308052177,-0.004604153080662799
-0.49190038402433434,-1.415392259919431,-0.9880800134484513
0.06584333007271792,-0.11138207787045057,-0.53228014946338
-2.12222816369264,-0.6129244555815969,0.3688011201071072
-0.3202869335329336,1.0923196286363006,-0.7426493174564899
-0.7064171971385851,1.19262810417853,-0.5200086146637819
-0.49190038402433434,0.49046877538292505,-0.4937124686646432
-0.8780306476299858,1.2929365797207593,-0.22549177947342813
-0.5348037466471843,0.3901602998406958,-0.8127723734541932
0.9668139451525709,-1.3150837843772019,-0.9565246382494849
-1.8004529440212635,-0.011073602328221294,-0.42183633626699735
-0.3202869335329336,-0.11138207787045057,-0.8057600678544228
-0.3631902961557836,0.3901602998406958,-0.7321308590568344
-0.34173861484435897,-0.7132329311238262,-0.8653646654524706
-1.1783541859899367,0.3901602998406958,-0.16939333467526552
-0.2559318895986582,-0.6129244555815969,-0.6655139558590163
-0.42754534009005896,0.3901602998406958,-0.5287739966634949
-0.7278688784500097,-0.11138207787045057,-0.7514146994562028
-0.42754534009005896,-0.11138207787045057,-0.6462301154596478
-0.7922239223842851,1.3932450552629885,-0.015122611480318291
-0.06286675779583284,-0.8135414066660555,-0.9144508046508629
-1.3928709991041874,0.9920111530940714,-0.41833018346711215
-0.1701251643529582,1.2929365797207593,-0.43235479466665283
-0.5991587905814597,0.18954334875623724,-0.6672670322589588
0.044391648761292535,-0.8135414066660555,-0.7110939422575234
-0.513352065335759,0.49046877538292505,-0.8355623666534467
-0.2559318895986582,-1.415392259919431,-0.8758831238521261
-0.2130285269758082,-1.415392259919431,-0.7917354566548822
-0.6206104718928843,0.5907772509251543,-0.8110192970542506
-0.10577012041868285,0.49046877538292505,-0.6742793378587292
-0.7064171971385851,0.7913942020096129,0.31971498090871486
0.06584333007271792,-0.5126159800393677,-1.0073638538478198
0.5806836815469194,-1.1144668332927432,-0.9687961730490829
-0.40609365877863357,0.5907772509251543,-0.8758831238521261
-0.47044870271290895,0.5907772509251543,-0.7917354566548822
-0.7707722410728605,1.3932450552629885,-0.4007994194676864
-0.1701251643529582,-0.5126159800393677,-0.4831940102649877
-0.8565789663185605,1.6941704818896763,-0.49020631586475805
-0.7278688784500097,0.5907772509251543,-0.8653646654524706
-0.2988352522215082,0.2898518242984665,-0.27282484227187787
-0.42754534009005896,1.19262810417853,-0.4726755518653322
0.4519735936783694,-1.8166261620883482,-1.0354130762469012
-1.0710957794328113,1.2929365797207593,-0.5427986078630355
0.08729501138414254,-1.415392259919431,-1.0073638538478198
-0.7064171971385851,0.6910857264673836,-0.9337346450502313
-1.1354508233670866,0.6910857264673836,-0.6216870458604516
-2.6585201964782668,-0.21169055341267984,0.310949598909002
0.43052191236694404,-1.2147753088349726,-1.0143761594475902
-0.34173861484435897,0.3901602998406958,-0.8811423530519539
-0.5348037466471843,1.0923196286363006,-0.7829700746551692
0.02293996744986792,-0.5126159800393677,-0.8951669642514946
-1.3070642738584874,0.3901602998406958,-0.47968785746510256
-0.2773835709100836,0.49046877538292505,-0.31139252307061466
0.06584333007271792,-2.017243113172807,-0.9021792698512648
0.044391648761292535,-0.3119990289549091,-0.7777108454553415
0.044391648761292535,-0.6129244555815969,-0.8267969846537339
0.4948769563012194,-1.415392259919431,-1.0248946178472456
0.001488286138442538,0.5907772509251543,-0.8267969846537339
-0.47044870271290895,0.6910857264673836,-0.8250439082537913
-0.40609365877863357,0.5907772509251543,-0.7321308590568344
-0.19157684566438285,0.9920111530940714,-0.23601023787308364
-0.44899702140148434,0.49046877538292505,-0.9126977282509203
-0.04141507648440746,0.6910857264673836,-0.7181062478572937
0.9239105825297209,-1.716317686546119,-1.0511907638463842
-0.3631902961557836,0.3901602998406958,0.3407518977080259
0.23745678056411867,-2.117551588715036,-0.9828207842486236
-0.6420621532043097,0.08923487321400798,-0.7759577690553989
-0.2344802082872336,1.0923196286363006,-0.6988224074579253
-2.143679845004065,-0.21169055341267984,-0.3201579050703276
-0.38464197746720896,0.3901602998406958,0.047988138917614664
0.6235870441697694,-1.8166261620883482,-0.9793146314487384
-0.6206104718928843,0.7913942020096129,-0.6795385670585569
-0.9638373728756858,-0.6129244555815969,-0.5585762954625187
-0.2559318895986582,0.18954334875623724,-0.4463794058661935
-0.7278688784500097,0.7913942020096129,0.2723819181102652
-0.3202869335329336,0.49046877538292505,-0.90568542265115
-0.513352065335759,0.18954334875623724,-0.758427005055973
-0.7278688784500097,1.2929365797207593,-0.4533917114659638
-0.34173861484435897,-0.011073602328221294,-0.6427239626597627
-0.04141507648440746,-0.4123075044971384,-0.7899823802549396
-0.5562554279586097,0.8917026775518422,-0.6041562818610259
-0.9423856915642604,-0.011073602328221294,-0.5813662886617723
0.43052191236694404,-2.017243113172807,-1.010870006647705
-0.38464197746720896,0.8917026775518422,-0.15010949427589712
-0.47044870271290895,-0.21169055341267984,-0.9740554022489107
-1.0925474607442367,0.8917026775518422,0.12862965331497345
-1.6288394935298636,0.7913942020096129,-0.13783795947629904
-1.1354508233670866,1.4935535308052177,-0.5550701426626335
-0.5348037466471843,1.2929365797207593,0.08129659051652373
-0.44899702140148434,-1.415392259919431,-0.9302284922503461
-0.8994823289414104,1.5938620063474471,-0.15887487627561003
-0.7278688784500097,0.08923487321400798,-0.8162785262540783
-0.7064171971385851,0.5907772509251543,0.27413499451020773
-0.8565789663185605,0.3901602998406958,-0.6970693310579827
-0.3631902961557836,0.6910857264673836,-0.553317066262691
-0.10577012041868285,-1.2147753088349726,-0.9828207842486236
0.10874669269556791,-1.6160092110038897,-0.9425000270499442
-0.19157684566438285,0.8917026775518422,-0.7303777826568918
-0.2344802082872336,0.2898518242984665,-0.6041562818610259
-0.6206104718928843,0.18954334875623724,-0.863611589052528
-0.5777071092700343,-0.3119990289549091,-0.8601054362526429
-0.3202869335329336,1.19262810417853,-0.27457791867182046
-0.04141507648440746,-0.11138207787045057,-0.9144508046508629
-0.2559318895986582,0.18954334875623724,-0.733883935456777
0.5592320002354948,-1.1144668332927432,-0.9950923190482217
-0.5562554279586097,0.8917026775518422,-0.47793478106515996
-0.9209340102528358,1.4935535308052177,-0.16939333467526552
-0.1701251643529582,0.49046877538292505,-0.37976250266837536
-0.9638373728756858,0.2898518242984665,-0.7794639218552841
-0.7707722410728605,0.08923487321400798,-0.8338092902535041
-0.1701251643529582,0.6910857264673836,-0.2307510086732559
-2.2294865702497653,-0.5126159800393677,-0.41833018346711215
-0.10577012041868285,-0.5126159800393677,-0.767192387055686
-2.186583207626915,0.9920111530940714,-0.04141875747945702
-0.5562554279586097,0.49046877538292505,-0.5445516842629781
0.5377803189240694,-1.9169346376305774,-0.9582777146494275
-0.7064171971385851,0.3901602998406958,-0.5182555382638393
0.43052191236694404,-1.1144668332927432,-0.9758084786488532
-0.6849655158271597,1.4935535308052177,-0.22549177947342813
-0.513352065335759,0.2898518242984665,-0.02038184068014604
0.8810072199068709,-1.8166261620883482,-1.0599561458460973
-0.5777071092700343,0.9920111530940714,-0.36223173866894953
-1.9506147132012397,0.49046877538292505,-0.25704715467239464
-0.19157684566438285,0.7913942020096129,-0.4972186214645284
-0.5991587905814597,-0.21169055341267984,-0.4954655450645858
-2.637068515166842,-0.6129244555815969,-0.37976250266837536
-1.1354508233670866,1.5938620063474471,-0.2921086826712463
-3.0875538227067683,1.0923196286363006,-0.42008325986705475
-0.6420621532043097,-0.4123075044971384,-0.6479831918595904
-0.5348037466471843,1.3932450552629885,0.6054664340993557
-3.0875538227067683,0.08923487321400798,-0.3447009746695237
-0.44899702140148434,0.2898518242984665,-0.7812169982552266
-1.9720663945126642,-0.9138498822082848,-0.6444770390597052
-0.6849655158271597,0.8917026775518422,-0.3043802174708443
-0.19157684566438285,1.2929365797207593,0.3688011201071072
-0.42754534009005896,1.19262810417853,-0.2921086826712463
0.001488286138442538,-0.4123075044971384,-0.9705492494490255
-0.6849655158271597,0.6910857264673836,-0.7566739286560306
-0.1701251643529582,0.18954334875623724,-0.2588002310723372
0.9239105825297209,0.6910857264673836,0.6598118024975758
0.38761854974409404,0.08923487321400798,-0.12381334827675838
-1.4143226804156128,-0.4123075044971384,0.6019602812994707
1.9535912854781248,-2.117551588715036,-0.754920852256088
0.38761854974409404,0.7913942020096129,0.9964024712865516
-0.7064171971385851,0.6910857264673836,0.5213187669021119
0.32326350580981866,0.08923487321400798,0.6948733304964274
1.2671374835125218,-1.3150837843772019,-0.14485026507606938
0.5377803189240694,0.18954334875623724,0.19875270931267672
0.6450387254811948,0.18954334875623724,0.2864065293098058
0.7093937694154702,-0.011073602328221294,-0.0536902922790551
0.43052191236694404,0.5907772509251543,0.058506597317270155
1.245685802201097,-2.4184770153417237,-0.8741300474521835
-1.285612592547062,-0.9138498822082848,1.0963278260832787
1.8677845602324248,-1.415392259919431,-0.6742793378587292
1.1598790769553964,-0.21169055341267984,0.44418340530463823
0.1516500553184179,0.5907772509251543,-0.3674909678687773
0.6450387254811948,0.9920111530940714,0.8053171436928102
1.331492527446797,-1.014158357750514,-0.5568232190625761
1.331492527446797,-0.11138207787045057,-0.42008325986705475
-0.8780306476299858,1.4935535308052177,0.5300841489018248
0.8595555385954455,1.0923196286363006,2.4076289732403304
1.739074472363874,-1.1144668332927432,-0.8460808250531022
2.1681080985923753,-1.1144668332927432,-0.6620078030591311
1.1598790769553964,0.49046877538292505,-0.04843106307922735
1.0740723517096964,-1.2147753088349726,-0.4007994194676864
1.0311689890868463,-0.3119990289549091,-0.04667798667928477
0.6235870441697694,1.19262810417853,0.5949479756997003
-0.44899702140148434,-0.4123075044971384,0.5441087601013654
0.47342527498979403,0.2898518242984665,0.22680193171175803
0.8595555385954455,-1.1144668332927432,-0.36573789146883473
0.10874669269556791,-0.9138498822082848,0.007667381718935275
1.052620670398271,-0.6129244555815969,-0.16764025827532295
0.7522971320383202,-1.3150837843772019,-0.4060586486675141
0.5592320002354948,0.6910857264673836,0.12512350051508828
1.1598790769553964,-1.3150837843772019,-0.13433180667641387
0.23745678056411867,-0.011073602328221294,-0.2517879254725669
1.3100408461353725,-0.8135414066660555,-0.3043802174708443
0.08729501138414254,-0.6129244555815969,1.720423024462838
-0.5777071092700343,0.8917026775518422,1.9167675812564073
0.6450387254811948,0.2898518242984665,-0.06596182707865317
0.5806836815469194,1.3932450552629885,1.783533774860771
0.9024589012182955,-0.11138207787045057,0.018185840118590767
0.9453622638411455,1.19262810417853,1.3417585220752402
0.9668139451525709,0.8917026775518422,1.1278832012822453
-0.01996339517298284,-0.8135414066660555,2.2218028748464165
0.6021353628583448,1.2929365797207593,1.4206469600726563
-1.2212575486127866,0.7913942020096129,2.6881211972311436
0.3018118244983933,0.7913942020096129,0.9210201860890206
0.6235870441697694,0.9920111530940714,1.0086740060861497
0.6450387254811948,-1.3150837843772019,-0.24477561987279656
1.2885891648239471,-2.017243113172807,-0.8618585126525854
1.739074472363874,-1.3150837843772019,-0.8232908318538487
0.47342527498979403,0.3901602998406958,0.15667887571405475
0.044391648761292535,0.6910857264673836,0.5949479756997003
0.8166521759725955,0.6910857264673836,-0.016875687880260875
0.8595555385954455,-0.11138207787045057,0.07253120851681082
0.47342527498979403,0.6910857264673836,0.10759273651566245
0.7308454507268948,0.08923487321400798,0.3582826617074517
0.9668139451525709,-1.9169346376305774,-0.7426493174564899
0.23745678056411867,1.2929365797207593,1.632769204465709
-1.1139991420556612,0.5907772509251543,0.10934581291560504
-1.2641609112356367,1.19262810417853,1.7362007120623213
0.9882656264639963,-0.011073602328221294,-0.20445486267411717
1.4816542966267725,-1.6160092110038897,-0.8951669642514946
1.6747194284295979,-2.3181685397994944,-0.6830447198584421
0.02293996744986792,0.18954334875623724,2.7512319476290763
1.5460093405610487,-1.3150837843772019,-0.7391431646566047
0.6450387254811948,0.3901602998406958,-0.2289979322733133
0.2589084618755433,0.5907772509251543,2.7056519612305694
0.6450387254811948,0.3901602998406958,0.41964033570544207
0.2589084618755433,1.5938620063474471,2.3655551396417085
0.9453622638411455,0.2898518242984665,2.4444435776391247
0.8595555385954455,-0.11138207787045057,-0.25354100187250944
0.9024589012182955,-0.5126159800393677,-0.3341825162698682
0.1516500553184179,-0.4123075044971384,-0.18692409867469134
0.5377803189240694,-1.415392259919431,-0.5252678438636097
1.1813307582668218,-0.11138207787045057,-0.3078863702707295
0.9668139451525709,-1.2147753088349726,-0.2798371478716482
0.9239105825297209,0.49046877538292505,0.005914305318992693
1.8892362415438486,-1.9169346376305774,-0.6567485738593033
1.5245576592496233,-1.9169346376305774,-0.8811423530519539
0.8381038572840201,-0.21169055341267984,-0.23425716147314105
0.8381038572840201,0.3901602998406958,-0.0028510766807202173
0.5592320002354948,0.49046877538292505,0.030457374918188843
-0.10577012041868285,1.2929365797207593,1.0928216732833935
1.009717307775421,-0.9138498822082848,-0.25704715467239464
0.9024589012182955,1.2929365797207593,2.5408627796359666
0.6021353628583448,0.8917026775518422,0.7842802268934992
0.2589084618755433,-0.5126159800393677,-0.1536156470757823
1.009717307775421,0.8917026775518422,2.8125896216270667
1.0740723517096964,1.2929365797207593,1.0402293812851162
1.052620670398271,-1.8166261620883482,-0.6847977962583847
0.8595555385954455,0.6910857264673836,0.28114730010997807
0.8381038572840201,0.6910857264673836,0.449442634504466
0.2160050992526933,0.2898518242984665,0.3828257313066478
-1.3928709991041874,0.2898518242984665,2.2901728544441773
0.5592320002354948,-0.6129244555815969,-0.44988555866607866
0.34471518712124405,0.49046877538292505,-0.10628258427733256
0.9882656264639963,-0.4123075044971384,0.03571660411801659
0.47342527498979403,-0.6129244555815969,0.09006197251623663
-1.1783541859899367,1.3932450552629885,2.4023697440405027
2.0179463294123994,-2.117551588715036,-0.6637608794590737
-1.049644098121386,1.4935535308052177,3.441944049206454
0.7093937694154702,-0.11138207787045057,-0.03966568107951444
-1.4786777243498874,0.8917026775518422,1.5714115304677185
0.7952004946611702,0.5907772509251543,1.5275846204691539
0.5592320002354948,0.08923487321400798,2.044742158452216
0.001488286138442538,0.3901602998406958,0.2022588621125619
0.6235870441697694,-0.4123075044971384,-0.18517102227474874
0.8166521759725955,0.49046877538292505,-0.10102335507750482
0.6450387254811948,0.2898518242984665,0.29517191130951875
1.4387509340039233,-2.117551588715036,-0.6339585806600497
0.38761854974409404,0.9920111530940714,2.4199005080399285
-1.4143226804156128,-0.11138207787045057,3.266636409212196
1.4816542966267725,-1.9169346376305774,-0.6549954974593608
1.910687922855274,-1.3150837843772019,-0.6409708862598201
1.8034295162981486,-2.117551588715036,-0.8250439082537913
1.0311689890868463,1.0923196286363006,0.3267272865084852
0.38761854974409404,0.3901602998406958,0.15492579931411218
0.7308454507268948,1.0923196286363006,1.1226239720824176
0.1301983740069933,-0.3119990289549091,0.07954351411658114
0.6879420881040448,0.2898518242984665,1.6625715032647328
0.5806836815469194,-0.21169055341267984,0.45820801650417886
1.0740723517096964,-0.7132329311238262,0.6124787396991261
-0.2130285269758082,1.4935535308052177,1.2243024032790872
0.7952004946611702,-0.21169055341267984,-0.28334330067153335
0.7737488133497455,0.5907772509251543,-0.06596182707865317
0.6879420881040448,-0.3119990289549091,0.4161341829055569
1.1598790769553964,0.49046877538292505,1.0770439856839102
2.06084969203525,-2.2178600642572652,-0.6532424210594182
0.6021353628583448,0.7913942020096129,0.5265779961019396
0.5377803189240694,0.18954334875623724,0.4547018637042937
0.8810072199068709,0.18954334875623724,0.30569036970917424
0.8810072199068709,0.18954334875623724,0.05675352091732758
-0.9638373728756858,-0.3119990289549091,2.270889014044809
2.0179463294123994,-1.716317686546119,-0.5813662886617723
0.5592320002354948,-0.5126159800393677,0.15843195211399733
1.3100408461353725,-1.1144668332927432,-0.733883935456777
1.1169757143325463,-1.2147753088349726,-0.3289232870700405
0.3018118244983933,0.5907772509251543,1.4451900296718525
0.1731017366298433,1.5938620063474471,0.6282564272986093
-0.8780306476299858,0.3901602998406958,1.9991621720537087
1.0311689890868463,0.2898518242984665,-0.08524566747802158
0.5806836815469194,0.18954334875623724,0.8964771164898244
0.6664904067926202,0.3901602998406958,0.1216173477152031
0.7522971320383202,0.3901602998406958,0.1899873273129638
0.9453622638411455,1.19262810417853,2.756491176828904
0.8810072199068709,-0.5126159800393677,-0.15712179987566743
-1.0925474607442367,-0.21169055341267984,2.4076289732403304
0.7308454507268948,-1.415392259919431,-0.3674909678687773
-0.2344802082872336,-0.8135414066660555,-0.9915861662483365
1.0740723517096964,-0.9138498822082848,-0.23776331427302622
-0.34173861484435897,0.2898518242984665,-0.6357116570599923
0.34471518712124405,-1.415392259919431,-1.0897584446451212
-0.06286675779583284,-0.5126159800393677,-0.9337346450502313
-0.04141507648440746,-1.8166261620883482,-0.9863269370485088
0.10874669269556791,-0.8135414066660555,-0.8653646654524706
-0.6420621532043097,1.0923196286363006,-0.6094155110608537
0.8166521759725955,-0.3119990289549091,0.20927116771233223
1.1384273956439717,-2.4184770153417237,-0.8127723734541932
-0.5777071092700343,1.3932450552629885,-0.5480578370628633
-0.47044870271290895,-0.6129244555815969,-0.7110939422575234
0.8166521759725955,-0.4123075044971384,-0.22724485587337073
-1.9720663945126642,1.2929365797207593,-0.7058347130576956
1.052620670398271,1.0923196286363006,0.8403786716916618
0.43052191236694404,-1.1144668332927432,-1.0494376874464417
-0.5348037466471843,-0.6129244555815969,1.687114572863929
-0.2559318895986582,-1.415392259919431,-0.8460808250531022
0.001488286138442538,0.6910857264673836,2.1884944232475076
-0.7493205597614351,0.9920111530940714,2.342765146442455
-0.3631902961557836,0.18954334875623724,-0.8548462070528151
1.052620670398271,0.18954334875623724,0.8035640672928676
-0.9423856915642604,0.5907772509251543,0.3547765089075665
0.9453622638411455,-1.6160092110038897,-1.052943840246327
0.1945534179412679,-2.4184770153417237,-0.9600307910493701
0.9024589012182955,-0.011073602328221294,0.22329577891187288
-0.42754534009005896,0.18954334875623724,-0.13783795947629904
-0.8136756036957105,-0.6129244555815969,2.723182725229995
0.43052191236694404,1.4935535308052177,0.7667494628940733
-1.6288394935298636,-0.11138207787045057,2.1096059852500915
1.8892362415438486,-2.2178600642572652,-0.6146747402606814
2.1252047359695245,-1.3150837843772019,-0.5866255178616001
-0.6420621532043097,1.2929365797207593,-0.3043802174708443
0.5377803189240694,0.8917026775518422,1.2716354660775369
-0.42754534009005896,0.6910857264673836,-0.8285500610536763
-0.49190038402433434,0.18954334875623724,-0.5883785942615426
-1.907711350578389,0.8917026775518422,-0.8022539150545377
-0.9638373728756858,0.18954334875623724,1.6625715032647328
-0.9209340102528358,1.6941704818896763,0.09006197251623663
-0.04141507648440746,0.6910857264673836,2.213037492846704
-1.6717428561527135,-0.6129244555815969,2.1902474996474504
-0.01996339517298284,-0.5126159800393677,-0.7847231510551118
-1.821904625332689,-0.7132329311238262,2.093828297650608
0.7952004946611702,0.49046877538292505,-0.10978873707721773
0.34471518712124405,-2.117551588715036,-1.0091169302477623
-2.014969757135514,0.9920111530940714,1.3435115984751829
1.009717307775421,0.2898518242984665,0.5721579825004467
1.9535912854781248,-1.2147753088349726,-0.5392924550631504
-0.8994823289414104,-0.11138207787045057,-0.8460808250531022
0.34471518712124405,1.0923196286363006,2.1429144368490003
0.6664904067926202,0.7913942020096129,1.1839816460804078
-1.4143226804156128,0.5907772509251543,0.05675352091732758
-0.40609365877863357,-0.11138207787045057,1.2733885424774796
0.6664904067926202,0.3901602998406958,0.1917404037129064
-0.19157684566438285,-0.8135414066660555,-0.8232908318538487
-2.057873119758365,-0.5126159800393677,-0.4007994194676864
-0.5348037466471843,0.6910857264673836,-0.4043055722675715
0.43052191236694404,-0.7132329311238262,0.4231464885053272
-0.38464197746720896,-0.4123075044971384,-0.8530931306528725
-0.7493205597614351,0.08923487321400798,-0.8460808250531022
-0.9209340102528358,1.19262810417853,-0.6462301154596478
-0.01996339517298284,0.9920111530940714,1.199759333679891
0.1516500553184179,0.6910857264673836,-0.09576412587767706
-0.8565789663185605,0.5907772509251543,-0.17815871667497843
0.9239105825297209,-0.4123075044971384,-0.2079610154740023
-0.01996339517298284,-1.3150837843772019,-0.8671177418524132
-1.4143226804156128,1.4935535308052177,-0.15536872347572486
-0.9209340102528358,1.2929365797207593,-0.1711464110752081
0.8810072199068709,0.2898518242984665,0.002408152519107529
-0.6849655158271597,1.6941704818896763,-0.3780094262684328
-0.2773835709100836,0.2898518242984665,-0.8057600678544228
0.9453622638411455,-0.011073602328221294,0.09707427811600697
0.7522971320383202,0.2898518242984665,-0.023887993480031202
0.4948769563012194,-0.21169055341267984,-0.0729741326784235
0.38761854974409404,0.08923487321400798,0.3670480437071646
-0.8351272850071351,0.08923487321400798,-0.830303137453619
-0.42754534009005896,-0.011073602328221294,-0.863611589052528
1.052620670398271,0.2898518242984665,2.009680630453364
-0.44899702140148434,0.5907772509251543,-0.3359355926698108
1.3529442087582224,0.18954334875623724,-0.435860947466538
-0.6206104718928843,1.5938620063474471,-0.32366405787021274
-0.47044870271290895,-0.011073602328221294,-0.4937124686646432
-0.44899702140148434,-0.7132329311238262,-0.6374647334599349
-0.1701251643529582,-0.21169055341267984,0.8754401996905135
-0.2344802082872336,-1.3150837843772019,-1.0003515482480494
-0.06286675779583284,-0.5126159800393677,-0.8653646654524706
-0.8994823289414104,0.49046877538292505,-0.5270209202635523
-0.5991587905814597,-0.011073602328221294,-0.767192387055686
-0.2130285269758082,-0.9138498822082848,0.6738364136971164
2.14665641728095,-2.2178600642572652,-0.5726009066620594
-0.3631902961557836,-0.011073602328221294,-0.8460808250531022
-0.513352065335759,0.5907772509251543,2.82836730922655
-0.8780306476299858,1.2929365797207593,-0.5007247742644135
-1.907711350578389,-0.5126159800393677,-0.4253424890668825
-1.0281924168099612,0.6910857264673836,-0.02213491708008862
-0.513352065335759,0.08923487321400798,-0.8215377554539061
1.1384273956439717,0.7913942020096129,0.2320611609115858
1.653267747118174,-2.117551588715036,-0.8338092902535041
-0.8994823289414104,1.6941704818896763,-0.006357229480605382
1.3529442087582224,0.18954334875623724,0.06727197931698306
-0.2773835709100836,0.3901602998406958,-0.31489867587049986
2.14665641728095,-1.1144668332927432,-0.8390685194533318
-1.0067407354985358,1.5938620063474471,1.5328438496689818
0.7522971320383202,-1.2147753088349726,-0.34294789826958116
0.7308454507268948,0.3901602998406958,1.2435862436784557
-1.0281924168099612,0.6910857264673836,0.15492579931411218
1.8034295162981486,-2.4184770153417237,-0.7461554702563751
0.7308454507268948,0.6910857264673836,0.2022588621125619
1.3529442087582224,-0.5126159800393677,-0.2640594602721649
-1.821904625332689,-0.5126159800393677,1.65380612126502
-0.2344802082872336,0.3901602998406958,0.007667381718935275
-0.5348037466471843,1.19262810417853,-0.060702597878825426
-2.980295416149643,0.9920111530940714,-0.1606279526755526
0.6664904067926202,0.49046877538292505,0.3021842169092891
0.4948769563012194,0.8917026775518422,0.9087486512894225
0.5806836815469194,0.5907772509251543,0.6475402676979778
0.06584333007271792,0.5907772509251543,-0.7619331578558582
-1.0925474607442367,1.2929365797207593,-0.49020631586475805
-0.8780306476299858,0.2898518242984665,-0.7496616230562602
0.7308454507268948,-0.11138207787045057,0.08830889611629406
1.2885891648239471,-0.4123075044971384,0.2495919249110116
1.7605261536752994,-1.1144668332927432,-0.5463047606629207
0.4519735936783694,0.18954334875623724,0.2969249877094613
0.6879420881040448,-0.6129244555815969,-0.15536872347572486
-0.49190038402433434,-1.415392259919431,-0.9950923190482217
0.7522971320383202,-0.11138207787045057,-0.1395910358762416
0.6450387254811948,-1.3150837843772019,-0.16238102907549518
-1.0281924168099612,0.7913942020096129,1.9658537204547997
0.044391648761292535,-1.3150837843772019,-0.9530184854495997
0.43052191236694404,0.6910857264673836,0.07603736131669597
-0.2130285269758082,0.3901602998406958,-0.5392924550631504
0.4948769563012194,-0.5126159800393677,0.6002072048995281
0.7308454507268948,-0.21169055341267984,-0.4656632462655619
-0.49190038402433434,0.18954334875623724,-0.18341794587480617
-0.04141507648440746,-0.7132329311238262,-0.7794639218552841
-0.19157684566438285,1.0923196286363006,-0.48845323946481545
-0.2988352522215082,-0.6129244555815969,-0.8776362002520687
-0.5562554279586097,0.5907772509251543,0.15492579931411218
-0.7493205597614351,1.19262810417853,-0.5848724414616575
-0.2130285269758082,0.2898518242984665,-0.3885278846680883
0.10874669269556791,-1.5157007354616603,-1.0546969166462694
-1.821904625332689,1.19262810417853,2.4321720428395266
0.8381038572840201,-0.8135414066660555,-0.3043802174708443
0.6021353628583448,-0.7132329311238262,-0.2500348490726243
1.3743958900696471,-0.5126159800393677,-0.2903556062713037
2.103753054658099,-1.2147753088349726,-0.6479831918595904
1.0740723517096964,-2.017243113172807,-0.7987477622546525
0.9024589012182955,0.5907772509251543,1.2733885424774796
-0.1701251643529582,1.2929365797207593,-0.29561483547113143
-0.06286675779583284,1.6941704818896763,1.476745404870819
1.2885891648239471,-2.3181685397994944,-0.6620078030591311
0.6021353628583448,-0.011073602328221294,0.04097583331784434
-1.9291630318898143,0.08923487321400798,2.1639513536483115
0.8595555385954455,0.2898518242984665,0.43191187050504015
-0.47044870271290895,1.4935535308052177,1.7502253232618619
1.910687922855274,-1.1144668332927432,-0.6146747402606814
1.2885891648239471,-0.3119990289549091,0.2723819181102652
2.0179463294123994,-1.1144668332927432,-0.8285500610536763
1.996494648100974,-1.5157007354616603,-0.7023285602578104
0.28036014318696867,1.0923196286363006,2.4356781956394116
0.8810072199068709,0.2898518242984665,0.9122548040893076
1.8677845602324248,-2.4184770153417237,-0.5901316706614852
0.9239105825297209,-0.4123075044971384,0.07954351411658114
0.34471518712124405,0.5907772509251543,-0.023887993480031202
0.7093937694154702,0.18954334875623724,1.9693598732546849
0.1731017366298433,0.7913942020096129,1.112105513682762
1.0955240330211218,1.2929365797207593,0.7720086920939011
0.8166521759725955,-0.011073602328221294,-0.05719644507894026
-1.2212575486127866,0.49046877538292505,1.322474681675872
-1.4357743617270373,-0.011073602328221294,0.8088232964926952
0.2160050992526933,1.3932450552629885,1.2663762368777092
0.28036014318696867,0.5907772509251543,1.247092396478341
1.0311689890868463,-0.21169055341267984,0.0637658265170979
0.9668139451525709,0.49046877538292505,0.058506597317270155
0.6664904067926202,-1.3150837843772019,-0.2991209882710166
2.0823013733466755,-1.6160092110038897,-0.7917354566548822
1.0955240330211218,-1.2147753088349726,-0.725118553457064
0.5592320002354948,-0.011073602328221294,-0.2675656130720501
0.3018118244983933,1.6941704818896763,2.3234813060430866
0.7737488133497455,0.08923487321400798,0.2986780641094039
0.4948769563012194,1.4935535308052177,0.9385509500884464
0.4948769563012194,-0.6129244555815969,-0.2307510086732559
-0.6849655158271597,0.8917026775518422,2.220049798446474
0.7737488133497455,-0.21169055341267984,0.005914305318992693
0.6021353628583448,0.9920111530940714,0.4774918569035473
1.0311689890868463,-1.1144668332927432,-0.21497332107377265
1.009717307775421,1.0923196286363006,2.023705241652905
0.8595555385954455,-0.11138207787045057,0.15317272291416958
-0.47044870271290895,1.3932450552629885,3.091328769217937
1.3529442087582224,-0.4123075044971384,-0.27107176587193527
0.5806836815469194,-0.21169055341267984,-0.27107176587193527
1.8463328789209994,-1.9169346376305774,-0.7934885330548247
0.516328637612644,1.0923196286363006,1.687114572863929
1.910687922855274,-2.017243113172807,-0.7952416094547673
0.6450387254811948,-0.4123075044971384,0.13739503531468636
0.1731017366298433,0.6910857264673836,0.2022588621125619
1.0955240330211218,0.3901602998406958,1.301437764876561
1.331492527446797,0.5907772509251543,0.18823425091302123
0.7737488133497455,0.7913942020096129,1.7940522332604265
0.38761854974409404,1.4935535308052177,0.6405279620982074
1.6961711097410233,-1.5157007354616603,-0.6777854906586144
0.8381038572840201,-0.11138207787045057,-0.3955401902678586
-1.5001294056613128,-0.5126159800393677,1.9044960464568093
1.5674610218724725,-2.2178600642572652,-0.6076624346609111
0.7522971320383202,1.19262810417853,0.20927116771233223
0.7308454507268948,-0.6129244555815969,-0.21497332107377265
0.7737488133497455,-0.11138207787045057,-0.10102335507750482
0.8810072199068709,-0.011073602328221294,0.3127026753089446
1.1169757143325463,-1.716317686546119,-0.6988224074579253
0.6450387254811948,-0.7132329311238262,-0.030900299079801533
0.6664904067926202,-0.3119990289549091,-0.10628258427733256
0.9453622638411455,0.08923487321400798,-0.0729741326784235
0.8381038572840201,0.6910857264673836,0.3810726549067053
0.9882656264639963,1.19262810417853,0.9630940196876425
0.40907023105551865,0.5907772509251543,0.19699963291273415
1.0311689890868463,1.0923196286363006,2.048248311252101
-0.06286675779583284,0.6910857264673836,1.7922991568604838
0.5592320002354948,0.5907772509251543,2.9633541920221287
1.1384273956439717,-1.1144668332927432,-0.6479831918595904
0.5592320002354948,0.8917026775518422,0.0935681253161218
0.47342527498979403,0.49046877538292505,-0.07472720907836608
-0.12722180173010822,-0.11138207787045057,1.325980834475757
-1.1354508233670866,0.3901602998406958,1.166450882080982
0.9882656264639963,-0.7132329311238262,0.30744344610911684
1.996494648100974,-2.2178600642572652,-0.6024032054610833
0.8595555385954455,0.49046877538292505,-0.004604153080662799
0.5377803189240694,1.2929365797207593,0.9753655544872406
0.4519735936783694,-0.011073602328221294,0.5055410793026286
0.6235870441697694,-0.4123075044971384,-0.42183633626699735
1.1813307582668218,-0.7132329311238262,0.09707427811600697
1.653267747118174,-1.1144668332927432,-0.6585016502592459
0.7093937694154702,-0.9138498822082848,-0.3061332938707869
0.7737488133497455,0.08923487321400798,0.04974121531755724
0.7308454507268948,1.19262810417853,1.6678307324645605
-1.3070642738584874,-0.11138207787045057,0.13564195891474376
-0.5348037466471843,1.5938620063474471,2.45496203603878
-1.0925474607442367,-0.11138207787045057,1.8221014556595079
2.1895597799038007,-1.1144668332927432,-0.7706985398555711
1.3529442087582224,-1.5157007354616603,-0.7268716298570066
1.009717307775421,-0.4123075044971384,-0.33944174546969597
0.5377803189240694,-0.011073602328221294,-0.050184139479169936
1.2885891648239471,-0.21169055341267984,-0.43235479466665283
0.6879420881040448,0.49046877538292505,1.1962531808800059
0.9668139451525709,-0.9138498822082848,-0.32366405787021274
0.1731017366298433,1.0923196286363006,1.927286039656063
-1.0281924168099612,0.6910857264673836,2.090322144850723
1.0311689890868463,-1.415392259919431,-0.28159022427159075
0.1945534179412679,0.7913942020096129,2.213037492846704
2.1681080985923753,-1.6160092110038897,-0.6883039490582699
1.910687922855274,-1.716317686546119,-0.6672670322589588
0.6235870441697694,-0.6129244555815969,0.6878610248966571
0.28036014318696867,1.2929365797207593,1.6695838088645032
0.9453622638411455,0.7913942020096129,1.7765214692610005
-0.9423856915642604,-0.21169055341267984,2.714417343230282
1.052620670398271,-0.11138207787045057,-0.318404828670385
1.0311689890868463,0.08923487321400798,1.8028176152601396
0.7093937694154702,0.6910857264673836,0.407368800905844
2.2539148238380755,-1.8166261620883482,-0.7128470186574659
0.2589084618755433,1.4935535308052177,1.7993114624602544
0.7308454507268948,0.08923487321400798,0.4739857041036621
0.5806836815469194,0.18954334875623724,0.41262803010567173
0.7522971320383202,0.5907772509251543,1.9202737340562925
1.1813307582668218,0.49046877538292505,2.4532089596388373
0.7093937694154702,-1.3150837843772019,-0.4709224754653896
0.7308454507268948,-0.4123075044971384,-0.3885278846680883
0.7308454507268948,1.4935535308052177,1.7607437816615175
0.10874669269556791,1.2929365797207593,0.64228103849815
-1.285612592547062,-0.11138207787045057,1.8781999004576706
-0.06286675779583284,1.3932450552629885,1.0437355340850012
1.0311689890868463,-2.4184770153417237,-0.8478339014530448
0.8810072199068709,0.18954334875623724,0.3372457449081407
1.331492527446797,-1.415392259919431,-0.5901316706614852
1.1384273956439717,-0.6129244555815969,0.025198145718361094
2.103753054658099,-1.2147753088349726,-0.8075131442543654
1.0740723517096964,0.49046877538292505,1.3312400636755848
1.0955240330211218,-1.2147753088349726,-0.19744255707434683
-1.8862596692669642,1.4935535308052177,1.9658537204547997
0.06584333007271792,0.7913942020096129,0.726428705695394
0.9668139451525709,1.19262810417853,1.3715608208742642
0.7737488133497455,0.2898518242984665,0.02169199291847593
0.7308454507268948,-0.9138498822082848,-0.3359355926698108
0.47342527498979403,0.7913942020096129,0.9473163320881592
0.7308454507268948,1.2929365797207593,2.702145808430684
1.3958475713810725,-0.4123075044971384,-0.30963944667067206
2.1252047359695245,-1.9169346376305774,-0.7514146994562028
0.23745678056411867,-0.011073602328221294,-0.03791260467957186
-0.7278688784500097,0.7913942020096129,2.2849136252443496
0.6021353628583448,1.3932450552629885,0.6370218092983222
0.5592320002354948,-0.011073602328221294,0.18472809811313606
0.8810072199068709,0.49046877538292505,0.10934581291560504
-0.04141507648440746,0.6910857264673836,2.114865214449919
-0.9423856915642604,0.6910857264673836,1.7256822536626657
-1.9291630318898143,0.49046877538292505,2.090322144850723
1.1813307582668218,-0.011073602328221294,0.03922275691790175
-0.5991587905814597,1.5938620063474471,2.0920752212506657
1.4387509340039233,-1.9169346376305774,-0.7268716298570066
0.6021353628583448,-1.2147753088349726,-0.2079610154740023
0.7093937694154702,0.9920111530940714,2.065779075251527
0.43052191236694404,0.3901602998406958,-0.07472720907836608
0.43052191236694404,0.2898518242984665,0.03571660411801659
0.9668139451525709,-0.21169055341267984,0.0444819861177295
0.8810072199068709,-0.7132329311238262,-0.12731950107664355
-0.8136756036957105,0.49046877538292505,2.7179234960301675
0.28036014318696867,0.8917026775518422,1.851903754458532
0.6021353628583448,0.9920111530940714,0.2197896261119877
-1.7790012627098388,-0.6129244555815969,1.7695091636612303
0.7737488133497455,0.3901602998406958,0.482751086103375
2.0179463294123994,-2.3181685397994944,-0.6655139558590163
0.9453622638411455,-0.7132329311238262,-0.28159022427159075
-1.328515955169912,0.9920111530940714,1.6888676492638715
0.9453622638411455,-0.6129244555815969,0.36178881450733685
1.1813307582668218,-0.21169055341267984,-0.4831940102649877
1.4387509340039233,-1.9169346376305774,-0.6777854906586144
2.0823013733466755,-1.5157007354616603,-0.5287739966634949
0.7308454507268948,-0.011073602328221294,0.20050578571261932
1.052620670398271,-1.1144668332927432,-0.08349259107807899
1.6961711097410233,-1.5157007354616603,-0.7952416094547673
0.23745678056411867,0.9920111530940714,2.4497028068389524
0.02293996744986792,0.7913942020096129,1.5240784676692687
0.6879420881040448,-1.014158357750514,-0.21672639747371522
0.001488286138442538,0.18954334875623724,2.7880465520278706
0.7093937694154702,0.5907772509251543,0.4056157245059014
0.516328637612644,0.3901602998406958,-0.060702597878825426
-0.6635138345157351,-0.21169055341267984,2.1376552076491726
2.0823013733466755,-2.017243113172807,-0.7268716298570066
-0.5777071092700343,-0.7132329311238262,3.4682401952055923
-0.08431843910725746,0.7913942020096129,0.8281071368920637
0.5806836815469194,-0.3119990289549091,-0.08173951467813641
1.0955240330211218,-1.8166261620883482,-0.8706238946522984
-0.8351272850071351,-0.21169055341267984,1.4276592656724267
0.9024589012182955,0.7913942020096129,1.5240784676692687
1.6103643844953233,-1.716317686546119,-0.8793892766520113
-0.5348037466471843,-0.8135414066660555,0.5195656905021693
1.1384273956439717,-0.6129244555815969,-0.3166517522704424
-0.8780306476299858,0.5907772509251543,0.7983048380930398
0.34471518712124405,0.5907772509251543,0.4669733985038918
0.8810072199068709,-1.2147753088349726,-0.21847947387365782
-1.9291630318898143,-0.8135414066660555,0.15667887571405475
0.5592320002354948,0.18954334875623724,0.0742842849167534
-1.8004529440212635,1.4935535308052177,0.7947986852931547
0.7737488133497455,0.49046877538292505,0.22504885531181545
1.0955240330211218,-1.415392259919431,-0.28159022427159075
0.06584333007271792,0.8917026775518422,2.2761482432446365
1.996494648100974,-2.117551588715036,-0.7356370118567195
0.7308454507268948,1.2929365797207593,0.27588807091015033
0.5592320002354948,0.8917026775518422,0.9367978736885038
-0.7707722410728605,-0.5126159800393677,1.8361260668590487
0.2160050992526933,0.2898518242984665,-0.03265337547974411
0.7093937694154702,1.4935535308052177,1.2856600772770777
1.052620670398271,-1.014158357750514,-0.4165771070671696
2.0393980107238248,-2.2178600642572652,-0.7163531714573511
0.47342527498979403,0.49046877538292505,0.5072941557025712
0.9239105825297209,-0.011073602328221294,0.07253120851681082
0.32326350580981866,-0.011073602328221294,0.1917404037129064
0.2160050992526933,0.08923487321400798,0.032210451318131425
1.052620670398271,0.5907772509251543,2.483011258437861
0.47342527498979403,-0.011073602328221294,0.2583573069107245
0.02293996744986792,-0.5126159800393677,3.2455994924128846
1.331492527446797,0.08923487321400798,0.28290037650992067
0.6235870441697694,0.6910857264673836,1.753731476061747
-0.38464197746720896,-0.21169055341267984,2.072791380851297
0.6664904067926202,0.2898518242984665,0.0006550761191649468
-0.04141507648440746,0.7913942020096129,2.6618250512320047
0.10874669269556791,1.6941704818896763,2.1674575064481965
0.38761854974409404,0.49046877538292505,0.3021842169092891
0.9024589012182955,0.18954334875623724,0.45820801650417886
1.0740723517096964,-1.3150837843772019,-0.8408215958532744
1.2885891648239471,-0.11138207787045057,-0.01336953508037571
0.38761854974409404,0.6910857264673836,-0.09927027867756223
1.739074472363874,-1.716317686546119,-0.830303137453619
0.6450387254811948,0.49046877538292505,0.07077813211686823
1.3100408461353725,-1.014158357750514,-0.3271702106700979
0.8810072199068709,1.0923196286363006,0.7071448652960255
0.10874669269556791,-0.011073602328221294,0.4056157245059014
1.1598790769553964,-1.415392259919431,-0.4744286282652748
-0.49190038402433434,0.18954334875623724,0.3144557517088871
1.4816542966267725,-2.2178600642572652,-0.863611589052528
-1.0067407354985358,1.19262810417853,2.0552606168518714
0.9024589012182955,-0.9138498822082848,-0.4446263294662509
2.06084969203525,-2.2178600642572652,-0.6111685874607962
0.8595555385954455,0.49046877538292505,0.49677569730291565
0.7522971320383202,0.3901602998406958,0.3179619045087723
0.08729501138414254,0.7913942020096129,0.2390734665113561
0.6021353628583448,-1.1144668332927432,-0.2798371478716482
1.2885891648239471,-1.716317686546119,-0.6304524278601646
0.9239105825297209,0.49046877538292505,0.5230718433020544
1.8677845602324248,-2.2178600642572652,-0.7286247062569492
0.8381038572840201,0.49046877538292505,-0.1220602718768158
0.7737488133497455,0.9920111530940714,2.3936043620407896
1.0311689890868463,1.0923196286363006,2.765256558828617
1.996494648100974,-2.2178600642572652,-0.7969946858547099
-1.9506147132012397,-0.21169055341267984,2.551381238035622
0.5592320002354948,0.9920111530940714,0.6790956428969442
1.1598790769553964,-0.21169055341267984,0.11986427131526053
-1.8433563066441143,-0.6129244555815969,0.47047955130377694
0.47342527498979403,0.49046877538292505,0.20927116771233223
-0.5777071092700343,1.4935535308052177,2.1674575064481965
1.245685802201097,-2.117551588715036,-0.8601054362526429
0.7522971320383202,-0.11138207787045057,0.45996109290412146
-0.04141507648440746,0.6910857264673836,2.472492800038206
2.0823013733466755,-1.8166261620883482,-0.6322055042601072
0.5377803189240694,0.5907772509251543,0.45996109290412146
0.8810072199068709,0.49046877538292505,1.0279578464855181
0.4948769563012194,0.6910857264673836,0.26536961251049485
1.503105977938198,-1.6160092110038897,-0.6094155110608537
0.5377803189240694,0.6910857264673836,0.26361653611055225
0.06584333007271792,0.7913942020096129,2.795058857627641
0.8810072199068709,-1.1144668332927432,-0.2798371478716482
2.1681080985923753,-1.9169346376305774,-0.6970693310579827
0.6879420881040448,-1.014158357750514,-0.19744255707434683
0.8166521759725955,0.5907772509251543,0.5055410793026286
0.5806836815469194,0.5907772509251543,0.08480274331640889
1.9535912854781248,-2.3181685397994944,-0.8162785262540783
0.8166521759725955,0.8917026775518422,1.7765214692610005
0.8381038572840201,0.08923487321400798,0.10934581291560504
0.9239105825297209,0.7913942020096129,0.2618634597106097
1.0311689890868463,-2.017243113172807,-0.48670016306487285
-0.2773835709100836,-0.8135414066660555,1.888718358857326
-0.42754534009005896,-0.011073602328221294,2.2884197780442346
2.103753054658099,-2.2178600642572652,-0.8005008386545951
0.36616686843266866,0.5907772509251543,0.3705541965070498
-0.9638373728756858,0.08923487321400798,2.169210582848139
-1.8004529440212635,0.8917026775518422,3.1088595332173634
0.6879420881040448,-0.6129244555815969,-0.08173951467813641
0.23745678056411867,-0.3119990289549091,0.02870429851824626
0.34471518712124405,0.3901602998406958,0.32146805730865746
1.7819778349867232,-2.3181685397994944,-0.7321308590568344
1.2671374835125218,-0.011073602328221294,0.4056157245059014
0.4519735936783694,-0.6129244555815969,0.2197896261119877
0.6450387254811948,0.08923487321400798,0.2723819181102652
1.8892362415438486,-1.6160092110038897,-0.7058347130576956
-0.8351272850071351,1.3932450552629885,2.2866667016442923
0.6450387254811948,0.08923487321400798,1.2015124100798338
-0.8994823289414104,-0.5126159800393677,1.8221014556595079
0.9453622638411455,-1.1144668332927432,-0.16764025827532295
0.516328637612644,0.8917026775518422,2.4532089596388373
0.7522971320383202,0.49046877538292505,0.37406034930693494
-0.01996339517298284,0.5907772509251543,2.7582442532288467
0.32326350580981866,0.08923487321400798,-0.456897864265849
-1.6073878122184382,0.18954334875623724,1.897483740857039
0.3018118244983933,-0.3119990289549091,-0.3587255858690644
0.9239105825297209,0.6910857264673836,-0.01336953508037571
1.052620670398271,-0.9138498822082848,-0.43235479466665283
0.7522971320383202,-1.3150837843772019,-0.360478662269007
0.4948769563012194,0.9920111530940714,1.2243024032790872
0.7093937694154702,0.9920111530940714,1.539856155268752
-1.0710957794328113,0.8917026775518422,1.6415345864654218
-0.06286675779583284,0.7913942020096129,3.5576470916026643
0.6450387254811948,-1.2147753088349726,-0.10452950787738997
-0.8780306476299858,1.2929365797207593,-0.22373870307348556
-0.34173861484435897,0.8917026775518422,0.10759273651566245
-0.513352065335759,0.6910857264673836,-0.7601800814559156
-0.9423856915642604,1.0923196286363006,-0.11855411907693064
-0.34173861484435897,0.7913942020096129,-0.8565992834527577
-0.7493205597614351,1.19262810417853,-0.4463794058661935
-0.2344802082872336,0.5907772509251543,-0.2780840714717056
0.7737488133497455,-1.6160092110038897,-0.9126977282509203
-1.2641609112356367,-0.4123075044971384,0.41262803010567173
-2.5727134712325666,-0.8135414066660555,-0.6479831918595904
-0.47044870271290895,-0.011073602328221294,-0.6269462750602794
-0.5991587905814597,0.08923487321400798,-0.7075877894576382
0.02293996744986792,-1.415392259919431,-0.8916608114516094
-0.2773835709100836,1.19262810417853,-0.2798371478716482
-0.513352065335759,0.6910857264673836,-0.4726755518653322
-0.01996339517298284,-0.21169055341267984,-0.9372407978501165
-0.6849655158271597,0.8917026775518422,-0.5007247742644135
-0.49190038402433434,-0.7132329311238262,-0.46040401706573414
-0.1701251643529582,1.19262810417853,0.15843195211399733
-0.1701251643529582,-0.011073602328221294,-0.4726755518653322
-0.6635138345157351,-0.011073602328221294,-0.7146000950574085
-0.47044870271290895,0.6910857264673836,-0.18692409867469134
-0.5348037466471843,0.08923487321400798,-0.7619331578558582
-0.5348037466471843,0.5907772509251543,-0.6725262614587866
-1.0710957794328113,1.2929365797207593,0.32146805730865746
-0.14867348304153283,0.7913942020096129,-0.3201579050703276
-0.40609365877863357,-0.7132329311238262,-0.754920852256088
-0.7064171971385851,0.18954334875623724,-0.9162038810508055
-0.42754534009005896,0.18954334875623724,-0.8899077350516668
-0.5777071092700343,1.19262810417853,0.005914305318992693
-0.2130285269758082,0.6910857264673836,-0.46040401706573414
-2.0364214384469395,0.3901602998406958,0.16719733411371024
0.2160050992526933,-2.117551588715036,-1.0459315346465565
-1.242709229924212,0.9920111530940714,-0.6970693310579827
-1.564484449595588,0.2898518242984665,-0.13608488307635647
-0.5562554279586097,0.7913942020096129,0.43015879410509755
-0.6206104718928843,1.19262810417853,-0.5638355246623465
-0.14867348304153283,-1.1144668332927432,-0.9565246382494849
-0.2130285269758082,0.3901602998406958,-0.09576412587767706
-0.5991587905814597,-0.11138207787045057,-0.6357116570599923
-0.7493205597614351,1.4935535308052177,0.2864065293098058
-0.8565789663185605,1.19262810417853,-0.19218332787451908
-2.2723899328726156,1.5938620063474471,-0.036159528279629274
-0.2773835709100836,-0.011073602328221294,-0.7969946858547099
-2.2938416141840405,1.19262810417853,0.5108003085024564
-1.6717428561527135,-0.5126159800393677,0.5633926005007338
0.02293996744986792,-1.3150837843772019,-0.7005754838578679
-0.2559318895986582,-0.21169055341267984,-0.9775615550487958
-0.44899702140148434,-0.6129244555815969,-0.8548462070528151
0.02293996744986792,-1.5157007354616603,-0.9758084786488532
-0.01996339517298284,-1.8166261620883482,-1.0459315346465565
-2.0364214384469395,1.0923196286363006,-0.7689454634556286
-2.980295416149643,0.9920111530940714,-0.3990463430677438
-0.6635138345157351,0.3901602998406958,-0.7496616230562602
-0.38464197746720896,0.18954334875623724,-0.01336953508037571
-0.49190038402433434,1.2929365797207593,-0.5708478302621168
-0.44899702140148434,0.49046877538292505,-0.6129216638607388
-0.49190038402433434,0.49046877538292505,-0.6479831918595904
0.1945534179412679,-1.1144668332927432,-0.9775615550487958
-0.2559318895986582,0.2898518242984665,0.05675352091732758
-0.5348037466471843,0.49046877538292505,-0.809266220654308
-0.7707722410728605,-0.4123075044971384,-0.5901316706614852
-1.6288394935298636,0.6910857264673836,-0.0922579730777919
-0.2344802082872336,0.5907772509251543,-0.7496616230562602
-0.3631902961557836,0.3901602998406958,-0.6514893446594756
-0.5348037466471843,0.5907772509251543,-0.018628764280203457
-1.0067407354985358,1.4935535308052177,-0.435860947466538
-0.6849655158271597,-0.011073602328221294,-0.9495123326497146
-0.42754534009005896,0.7913942020096129,-0.8758831238521261
-0.40609365877863357,0.3901602998406958,-0.5200086146637819
-0.5348037466471843,0.18954334875623724,-0.7917354566548822
-0.7278688784500097,1.19262810417853,-0.2903556062713037
0.5592320002354948,-2.017243113172807,-1.0196353886474179
-0.40609365877863357,0.08923487321400798,-0.7566739286560306
-0.7493205597614351,1.19262810417853,-0.17465256387509326
-0.6420621532043097,1.4935535308052177,-0.04492491027934219
-1.8862596692669642,0.8917026775518422,-0.4639101698656193
-0.9638373728756858,1.6941704818896763,-0.2886025298713611
-0.7064171971385851,0.8917026775518422,-0.5638355246623465
-0.38464197746720896,1.2929365797207593,0.14966657011428441
-0.6420621532043097,0.5907772509251543,-0.8040069914544802
-0.47044870271290895,0.49046877538292505,-0.8530931306528725
0.5377803189240694,-2.4184770153417237,-1.0301538470470732
-0.2988352522215082,-1.014158357750514,-0.9389938742500591
-1.7146462187755636,-0.4123075044971384,-0.7198593242572363
-2.2723899328726156,1.0923196286363006,-0.8478339014530448
0.1945534179412679,-1.6160092110038897,-1.0073638538478198
0.2160050992526933,-2.2178600642572652,-1.0546969166462694
0.38761854974409404,-1.3150837843772019,-1.0757338334455804
0.6235870441697694,-2.2178600642572652,-1.031906923447016
-0.47044870271290895,-0.11138207787045057,-0.5200086146637819
-2.679971877789692,0.18954334875623724,-0.20270178627417457
-0.1701251643529582,-0.7132329311238262,-0.9915861662483365
-0.6420621532043097,1.2929365797207593,-0.21146716827388748
-0.3631902961557836,1.2929365797207593,-0.6024032054610833
-0.8136756036957105,0.9920111530940714,0.4091218773057866
-2.5512617899211416,-0.4123075044971384,-0.809266220654308
-0.2773835709100836,0.8917026775518422,-0.2921086826712463
-0.3202869335329336,0.7913942020096129,-0.565588601062289
-1.0281924168099612,1.19262810417853,-0.2658125366721075
0.47342527498979403,-2.017243113172807,-0.9968453954481643
-1.1139991420556612,1.4935535308052177,-0.4937124686646432
-0.34173861484435897,0.3901602998406958,-0.18517102227474874
-0.7493205597614351,0.9920111530940714,-0.3674909678687773
0.10874669269556791,-0.6129244555815969,-0.8653646654524706
0.7737488133497455,-2.2178600642572652,-0.9933392426482791
-0.6635138345157351,0.08923487321400798,-0.8899077350516668
-0.12722180173010822,-0.3119990289549091,-0.8688708182523558
-0.5348037466471843,-0.9138498822082848,-0.725118553457064
-2.722875240412542,0.18954334875623724,-0.08173951467813641
-0.2988352522215082,-1.415392259919431,-0.8986731170513796
-2.5083584272982913,-0.21169055341267984,-0.6532424210594182
-0.5777071092700343,0.08923487321400798,-0.649736268259533
-0.08431843910725746,-1.2147753088349726,-0.8390685194533318
-0.513352065335759,-0.011073602328221294,-0.8881546586517242
-2.6585201964782668,-0.8135414066660555,-0.5901316706614852
-0.7922239223842851,-0.011073602328221294,-0.6900570254582123
-0.3202869335329336,-0.4123075044971384,-0.8653646654524706
-0.6420621532043097,0.08923487321400798,-0.6760324142586718
-2.7443269217239674,0.5907772509251543,0.032210451318131425
-0.34173861484435897,1.19262810417853,-0.3990463430677438
-0.2773835709100836,0.2898518242984665,-0.36223173866894953
-0.34173861484435897,-0.4123075044971384,-0.8075131442543654
-0.1701251643529582,-1.3150837843772019,-0.8828954294518965
-0.9423856915642604,0.3901602998406958,-0.788229303854997
-3.0661021413953433,0.5907772509251543,-0.3762563498684902
-1.0710957794328113,1.3932450552629885,-0.43060171826671023
-0.8565789663185605,1.3932450552629885,0.6527994968978055
-0.49190038402433434,0.08923487321400798,-0.6024032054610833
-0.08431843910725746,-1.415392259919431,-1.0599561458460973
-0.7493205597614351,0.49046877538292505,-0.8390685194533318
0.47342527498979403,-1.3150837843772019,-1.0126230830476475
0.6450387254811948,-1.1144668332927432,-1.0459315346465565
0.8595555385954455,-2.3181685397994944,-1.0950176738449489
-0.47044870271290895,0.18954334875623724,-0.5585762954625187
-0.44899702140148434,0.18954334875623724,-0.1308256538765287
-0.2344802082872336,-0.7132329311238262,-0.9617838674493127
0.40907023105551865,-2.3181685397994944,-1.0687215278458102
0.02293996744986792,-2.117551588715036,-1.0634622986459823
-0.9209340102528358,1.19262810417853,0.012926610918763022
-0.04141507648440746,-0.3119990289549091,-0.8828954294518965
-0.12722180173010822,-0.5126159800393677,-0.9039323462512074
-0.47044870271290895,0.3901602998406958,-0.8706238946522984
-0.3631902961557836,0.6910857264673836,-0.39203403746797344
-1.3499676364813373,-0.5126159800393677,0.5721579825004467
-1.328515955169912,1.5938620063474471,0.042728909717786916
-0.38464197746720896,1.2929365797207593,-0.8601054362526429
-0.6635138345157351,0.3901602998406958,-0.7110939422575234
-0.7278688784500097,1.6941704818896763,-0.23425716147314105
-0.12722180173010822,0.6910857264673836,-0.8250439082537913
-1.1569025046785113,1.3932450552629885,-0.4639101698656193
0.7522971320383202,-0.11138207787045057,-0.414824030667227
-1.1354508233670866,0.6910857264673836,-0.31314559947055726
-0.7278688784500097,-0.7132329311238262,1.6397815100654791
-0.5348037466471843,1.0923196286363006,-0.3885278846680883
-0.14867348304153283,0.6910857264673836,-0.725118553457064
0.5592320002354948,0.6910857264673836,0.22329577891187288
-0.49190038402433434,-0.3119990289549091,-0.9354877214501739
-0.14867348304153283,0.49046877538292505,-0.38326865546826056
-1.9720663945126642,0.49046877538292505,1.4890169396704172
-0.47044870271290895,0.3901602998406958,-0.7426493174564899
-1.2641609112356367,1.2929365797207593,2.481258182037919
-0.7278688784500097,0.9920111530940714,-0.0729741326784235
0.6879420881040448,-0.6129244555815969,-0.0729741326784235
-1.564484449595588,-0.8135414066660555,-0.5515639898627485
-0.7278688784500097,0.49046877538292505,-0.6777854906586144
-0.12722180173010822,1.0923196286363006,-0.7110939422575234
-0.01996339517298284,-2.2178600642572652,-0.9442531034498868
0.9668139451525709,-0.7132329311238262,-0.456897864265849
0.28036014318696867,-1.8166261620883482,-1.0967707502448913
-0.19157684566438285,-1.014158357750514,-0.7566739286560306
1.2671374835125218,-0.9138498822082848,-0.29561483547113143
0.6021353628583448,1.5938620063474471,2.3515305284421677
0.5806836815469194,-1.3150837843772019,-1.0757338334455804
-0.49190038402433434,1.19262810417853,-0.35171328026929405
-0.40609365877863357,-0.5126159800393677,-0.8741300474521835
-3.0875538227067683,0.49046877538292505,-0.16939333467526552
-1.199805867301362,1.0923196286363006,0.23556731371147094
0.10874669269556791,-2.3181685397994944,-0.9880800134484513
0.7952004946611702,-0.9138498822082848,-0.22549177947342813
-0.06286675779583284,-1.9169346376305774,-1.065215375045925
-0.7064171971385851,0.6910857264673836,0.09707427811600697
-0.06286675779583284,-0.11138207787045057,-0.8671177418524132
-0.8351272850071351,1.0923196286363006,0.09532120171606438
0.4948769563012194,0.7913942020096129,1.4749923284708766
0.40907023105551865,-0.7132329311238262,0.40386264810595884
1.0740723517096964,-0.8135414066660555,-0.16764025827532295
-1.0067407354985358,0.9920111530940714,-0.5936378234613704
-2.5298101086097167,0.18954334875623724,0.0830496669164663
0.4519735936783694,0.5907772509251543,0.2022588621125619
-0.6635138345157351,0.5907772509251543,-0.5427986078630355
0.8810072199068709,-2.3181685397994944,-0.9950923190482217
-2.5727134712325666,1.2929365797207593,-0.6111685874607962
0.5806836815469194,0.3901602998406958,0.3127026753089446
-0.2988352522215082,-0.6129244555815969,-0.9758084786488532
0.5806836815469194,0.7913942020096129,2.551381238035622
-1.5215810869727382,-0.5126159800393677,-0.2307510086732559
0.7522971320383202,0.08923487321400798,0.2881596057097484
1.1169757143325463,0.7913942020096129,1.133142430482073
-0.38464197746720896,0.49046877538292505,-0.7496616230562602
0.7737488133497455,0.3901602998406958,0.10934581291560504
0.8810072199068709,-0.11138207787045057,0.5300841489018248
-0.6206104718928843,0.2898518242984665,-0.9197100338506906
1.1813307582668218,-0.21169055341267984,-0.4709224754653896
0.001488286138442538,0.6910857264673836,2.1359021312492303
-0.7064171971385851,0.2898518242984665,-0.7023285602578104
0.7093937694154702,-0.011073602328221294,0.1426542645145141
-0.2988352522215082,0.9920111530940714,3.0071811020206933
0.32326350580981866,-0.11138207787045057,0.14791349371434184
-0.5991587905814597,-0.4123075044971384,-0.7917354566548822
0.8810072199068709,0.49046877538292505,0.16719733411371024
-0.44899702140148434,-0.21169055341267984,-0.8162785262540783
-0.6420621532043097,-0.011073602328221294,-0.8916608114516094
-0.7922239223842851,1.2929365797207593,0.07077813211686823
0.8166521759725955,-1.2147753088349726,-1.073980757045638
-0.1701251643529582,-1.415392259919431,-0.9635369438492553
2.2539148238380755,-1.2147753088349726,-0.5147493854639542
-1.5215810869727382,-0.7132329311238262,0.5528741421010783
0.8810072199068709,0.6910857264673836,0.02695122211830368
0.2160050992526933,-0.011073602328221294,0.012926610918763022
-0.47044870271290895,0.49046877538292505,-0.7093408658575808
-0.3631902961557836,0.5907772509251543,-0.7777108454553415
0.7522971320383202,0.08923487321400798,0.3179619045087723
-1.1354508233670866,0.8917026775518422,-0.6742793378587292
0.9882656264639963,-1.9169346376305774,-0.6847977962583847
0.9882656264639963,0.9920111530940714,-0.06771490347859575
0.47342527498979403,-2.3181685397994944,-1.0950176738449489
-1.4572260430384627,1.0923196286363006,-0.6216870458604516
-0.6206104718928843,0.08923487321400798,-0.842574672253217
-0.34173861484435897,1.0923196286363006,1.1927470280801207
-1.6717428561527135,-0.5126159800393677,2.414641278840101
-1.2212575486127866,-0.21169055341267984,-0.5498109134628059
0.9239105825297209,0.5907772509251543,0.009420458118877857
-0.01996339517298284,-1.014158357750514,-1.0038577010479346
-0.06286675779583284,-2.117551588715036,-0.9565246382494849
0.06584333007271792,0.49046877538292505,-0.7531677758561454
0.001488286138442538,1.5938620063474471,0.8877117344901115
0.6450387254811948,-0.6129244555815969,-0.19744255707434683
1.0740723517096964,0.7913942020096129,0.19699963291273415
-0.49190038402433434,-0.7132329311238262,-0.8443277486531596
1.5889127031838979,-2.4184770153417237,-0.5375393786632078
-0.8780306476299858,0.9920111530940714,-0.45865094066579154
0.7952004946611702,0.2898518242984665,1.6380284336655366
0.6879420881040448,-0.011073602328221294,0.06727197931698306
-0.9209340102528358,1.2929365797207593,-0.11855411907693064
-0.10577012041868285,-0.3119990289549091,-0.767192387055686
-0.6420621532043097,0.2898518242984665,-0.8478339014530448
1.2885891648239471,0.08923487321400798,0.3688011201071072
-1.8004529440212635,-0.21169055341267984,-0.5848724414616575
-0.2773835709100836,0.3901602998406958,0.23732039011141354
0.9453622638411455,0.18954334875623724,-0.11329488987710289
1.6318160658067487,-1.1144668332927432,-0.8688708182523558
0.1516500553184179,1.5938620063474471,2.521578939236598
1.1169757143325463,0.49046877538292505,-0.3569725094691218
1.1598790769553964,0.2898518242984665,0.011173534518820439
0.7952004946611702,-1.1144668332927432,-0.36223173866894953
-0.7493205597614351,1.3932450552629885,-0.49195939226470065
-0.2773835709100836,-0.11138207787045057,-0.758427005055973
-0.2773835709100836,0.2898518242984665,0.34250497410796843
0.8381038572840201,0.49046877538292505,-0.016875687880260875
0.02293996744986792,-0.8135414066660555,-0.9600307910493701
0.8381038572840201,-1.415392259919431,-0.09050489667784932
-2.7657786030353924,-0.011073602328221294,-0.3674909678687773
2.1895597799038007,-1.9169346376305774,-0.6655139558590163
1.996494648100974,-1.6160092110038897,-0.8513400542529299
1.0955240330211218,-0.011073602328221294,-0.11504796627704547
0.7522971320383202,-2.2178600642572652,-1.0424253818466713
0.9668139451525709,0.2898518242984665,1.0121801588860349
-0.6635138345157351,-0.011073602328221294,-0.7023285602578104
1.1169757143325463,1.2929365797207593,0.5511210657011357
-0.8136756036957105,1.4935535308052177,0.5458618365013079
-0.47044870271290895,0.49046877538292505,-0.7864762274550544
1.0955240330211218,-1.6160092110038897,-0.788229303854997
1.1813307582668218,0.08923487321400798,-0.3008740646709592
-0.6849655158271597,0.6910857264673836,-0.6602547266591885
0.6021353628583448,0.08923487321400798,0.2022588621125619
-0.34173861484435897,-0.11138207787045057,-0.6427239626597627
-0.5991587905814597,0.5907772509251543,-0.6444770390597052
0.5592320002354948,-0.011073602328221294,0.04974121531755724
-0.8351272850071351,0.7913942020096129,1.8378791432589912
1.1813307582668218,-0.7132329311238262,-0.32366405787021274
0.5592320002354948,0.9920111530940714,1.7344476356623786
0.044391648761292535,1.19262810417853,0.8473909772914321
-1.7146462187755636,0.2898518242984665,-0.24302254347285396
-0.2130285269758082,-1.3150837843772019,-0.981067707848681
0.8810072199068709,0.18954334875623724,1.4749923284708766
-0.2130285269758082,1.0923196286363006,-0.5708478302621168
-0.8351272850071351,1.4935535308052177,-0.43060171826671023
1.1384273956439717,0.6910857264673836,2.114865214449919
1.996494648100974,-2.117551588715036,-0.5971439762612556
0.4948769563012194,0.6910857264673836,2.418147431639986
-0.04141507648440746,-0.011073602328221294,-0.53228014946338
0.47342527498979403,0.9920111530940714,1.774768392861058
0.8810072199068709,-0.5126159800393677,-0.5287739966634949
0.43052191236694404,-0.11138207787045057,0.38983803690641816
0.02293996744986792,-2.4184770153417237,-1.0354130762469012
0.9239105825297209,0.49046877538292505,-0.030900299079801533
-0.8565789663185605,1.0923196286363006,0.45996109290412146
0.43052191236694404,0.18954334875623724,0.1899873273129638
0.43052191236694404,-1.2147753088349726,-1.0126230830476475
-0.6635138345157351,1.3932450552629885,0.8771932760904559
2.0823013733466755,-1.3150837843772019,-0.6409708862598201
1.3529442087582224,-0.6129244555815969,-0.18517102227474874
1.2885891648239471,-1.3150837843772019,-0.8460808250531022
-1.8648079879555388,0.08923487321400798,0.33549266850819814
0.43052191236694404,-0.11138207787045057,0.2495919249110116
0.8595555385954455,-1.1144668332927432,0.02169199291847593
1.5460093405610487,-1.716317686546119,-0.7461554702563751
1.009717307775421,0.7913942020096129,0.3144557517088871
0.36616686843266866,0.2898518242984665,-0.11680104267698806
0.6235870441697694,0.5907772509251543,1.6485468920651922
0.7522971320383202,-1.3150837843772019,-0.07648028547830867
0.1731017366298433,1.3932450552629885,0.7316879348952217
0.6021353628583448,-0.6129244555815969,-0.1027764314774474
0.32326350580981866,0.08923487321400798,0.46872647490383434
0.5592320002354948,-0.4123075044971384,-0.21847947387365782
0.6879420881040448,-0.011073602328221294,0.4564549401042363
0.40907023105551865,-0.5126159800393677,0.3950972661062459
0.1731017366298433,-0.4123075044971384,-0.34294789826958116
0.6879420881040448,0.49046877538292505,0.46171416930406406
1.6961711097410233,-1.9169346376305774,-0.7864762274550544
0.8595555385954455,-0.7132329311238262,-0.15536872347572486
0.9024589012182955,0.2898518242984665,1.5275846204691539
1.2671374835125218,-1.415392259919431,-0.0642087506787106
0.7522971320383202,-0.011073602328221294,0.27588807091015033
2.0393980107238248,-1.2147753088349726,-0.6339585806600497
0.9024589012182955,0.3901602998406958,1.0437355340850012
0.7093937694154702,0.8917026775518422,2.009680630453364
0.516328637612644,-0.11138207787045057,0.1338888825148012
1.8034295162981486,-2.2178600642572652,-0.7286247062569492
0.4948769563012194,0.49046877538292505,0.35127035610768137
0.6664904067926202,0.2898518242984665,0.3547765089075665
1.653267747118174,-1.8166261620883482,-0.6146747402606814
1.1169757143325463,1.19262810417853,0.002408152519107529
0.7522971320383202,-0.3119990289549091,-0.3061332938707869
0.32326350580981866,-0.3119990289549091,-0.2991209882710166
0.516328637612644,1.6941704818896763,2.34627129924234
-0.5777071092700343,0.08923487321400798,0.41262803010567173
1.0740723517096964,-0.9138498822082848,-0.43060171826671023
1.0311689890868463,-0.21169055341267984,-0.19568948067440425
0.6879420881040448,-1.415392259919431,-0.24652869627273913
1.052620670398271,0.18954334875623724,1.4241531128725415
-0.9209340102528358,0.6910857264673836,2.749478871229134
0.34471518712124405,0.6910857264673836,2.623257370433268
-1.4143226804156128,-0.011073602328221294,1.2558577784780538
0.8381038572840201,-1.3150837843772019,-0.2395163906729688
1.1813307582668218,-1.415392259919431,-0.4937124686646432
1.7819778349867232,-1.716317686546119,-0.6900570254582123
2.1895597799038007,-2.2178600642572652,-0.7777108454553415
1.331492527446797,-0.011073602328221294,0.3144557517088871
0.40907023105551865,1.5938620063474471,0.5055410793026286
0.5592320002354948,0.5907772509251543,0.4774918569035473
1.8677845602324248,-2.117551588715036,-0.6602547266591885
0.5377803189240694,0.6910857264673836,0.3267272865084852
0.6664904067926202,1.0923196286363006,1.4837577104705895
1.1384273956439717,1.2929365797207593,1.6292630516658237
-0.5348037466471843,1.5938620063474471,0.5914418228998151
1.1813307582668218,0.5907772509251543,1.12437704848236
-0.5562554279586097,0.8917026775518422,2.6618250512320047
1.2885891648239471,-1.415392259919431,-0.5094901562641264
0.6021353628583448,-0.3119990289549091,0.07253120851681082
0.02293996744986792,0.5907772509251543,0.29166575850963355
0.8810072199068709,0.08923487321400798,0.1829750217131935
-0.01996339517298284,1.6941704818896763,1.834372990459106
-1.8004529440212635,1.5938620063474471,1.4276592656724267
0.23745678056411867,0.7913942020096129,2.412888202440158
0.9239105825297209,0.8917026775518422,0.39159111330636076
0.8810072199068709,-0.3119990289549091,-0.5480578370628633
0.1516500553184179,0.3901602998406958,0.0742842849167534
0.6879420881040448,1.2929365797207593,1.0770439856839102
0.02293996744986792,1.3932450552629885,3.2473525688128273
0.7522971320383202,0.6910857264673836,2.6372819816328086
1.052620670398271,-0.11138207787045057,-0.3762563498684902
1.5460093405610487,-1.716317686546119,-0.6742793378587292
0.9453622638411455,-0.5126159800393677,-0.372750197068605
1.1598790769553964,-0.9138498822082848,-0.4639101698656193
0.7308454507268948,-0.21169055341267984,-0.4007994194676864
-1.4143226804156128,0.7913942020096129,0.6142318160990686
2.2539148238380755,-2.117551588715036,-0.5796132122618297
-0.2988352522215082,1.0923196286363006,2.8143426980270094
2.14665641728095,-1.415392259919431,-0.5585762954625187
-0.2559318895986582,1.2929365797207593,1.55212769006835
0.7308454507268948,0.18954334875623724,0.36003573810739425
1.245685802201097,-1.1144668332927432,-0.6900570254582123
1.1384273956439717,1.0923196286363006,0.8105763728926378
0.2589084618755433,0.18954334875623724,0.09707427811600697
2.2110114612152247,-1.3150837843772019,-0.6830447198584421
0.7093937694154702,0.08923487321400798,-0.01336953508037571
0.5377803189240694,1.19262810417853,1.91852065765635
0.5806836815469194,1.19262810417853,0.9385509500884464
0.6450387254811948,0.5907772509251543,-0.08699874387796416
0.5806836815469194,0.2898518242984665,-0.025641069879973784
2.23246314252665,-2.4184770153417237,-0.8162785262540783
0.47342527498979403,0.7913942020096129,3.03873647721966
-1.3499676364813373,0.8917026775518422,2.9212803584235068
1.4602026153153471,-2.117551588715036,-0.7426493174564899
1.1598790769553964,-1.1144668332927432,-0.10628258427733256
-1.8433563066441143,-0.7132329311238262,-0.06596182707865317
0.6021353628583448,0.18954334875623724,0.06201275011715532
1.1813307582668218,-1.415392259919431,-0.5235147674636671
0.4948769563012194,1.0923196286363006,0.7124040944958533
0.43052191236694404,-0.11138207787045057,0.16544425771376767
1.0740723517096964,0.3901602998406958,1.6713368852644457
1.0311689890868463,-0.011073602328221294,-0.15010949427589712
2.1681080985923753,-1.2147753088349726,-0.7128470186574659
0.9668139451525709,0.3901602998406958,0.09882735451594954
0.8595555385954455,0.49046877538292505,0.2723819181102652
-0.06286675779583284,0.6910857264673836,0.7299348584952791
-0.5991587905814597,-0.21169055341267984,2.3567897576419954
0.7093937694154702,-0.6129244555815969,-0.5673416774622316
-0.8994823289414104,1.5938620063474471,1.1348955068820155
1.0311689890868463,-1.1144668332927432,-0.22373870307348556
-0.8351272850071351,0.9920111530940714,1.3487708276750106
0.32326350580981866,0.18954334875623724,0.005914305318992693
1.245685802201097,-0.9138498822082848,-0.4428732530663083
1.3100408461353725,-0.5126159800393677,0.4389241761048105
0.5806836815469194,0.2898518242984665,-0.006357229480605382
0.9453622638411455,-0.5126159800393677,-0.17815871667497843
0.3018118244983933,1.6941704818896763,1.4714861756709914
0.5806836815469194,0.8917026775518422,1.3592892860746661
1.6747194284295979,-1.6160092110038897,-0.704081636657753
0.516328637612644,0.49046877538292505,-0.09576412587767706
0.4948769563012194,1.19262810417853,2.7319481072297083
1.0955240330211218,0.6910857264673836,1.872940671257843
0.1301983740069933,1.5938620063474471,1.2383270144786278
1.2242341208896717,-1.9169346376305774,-0.7005754838578679
1.331492527446797,-0.7132329311238262,-0.14835641787595452
0.4948769563012194,0.18954334875623724,0.33373959210825554
2.23246314252665,-1.3150837843772019,-0.5690947538621742
0.5377803189240694,0.18954334875623724,0.13914811171462893
0.9239105825297209,-0.4123075044971384,-0.4831940102649877
-0.38464197746720896,-0.4123075044971384,2.8178488508268944
0.9239105825297209,-0.7132329311238262,-0.318404828670385
0.5592320002354948,0.49046877538292505,0.2723819181102652
-1.9935180758240896,1.2929365797207593,0.7544779280944752
0.9668139451525709,1.19262810417853,2.472492800038206
0.5377803189240694,-0.3119990289549091,-0.4007994194676864
0.9453622638411455,-0.8135414066660555,-0.4288486418667677
0.5377803189240694,0.8917026775518422,1.955335262055144
1.245685802201097,-1.415392259919431,-0.9039323462512074
1.3529442087582224,-1.3150837843772019,-0.5252678438636097
1.2027824395782472,-0.8135414066660555,-0.3762563498684902
1.4387509340039233,-1.8166261620883482,-0.8145254498541358
0.8595555385954455,-1.3150837843772019,-0.40781172506745667
0.2160050992526933,0.7913942020096129,2.45496203603878
0.6021353628583448,1.19262810417853,2.2480990208455554
0.9668139451525709,-0.4123075044971384,-0.14485026507606938
0.8810072199068709,0.2898518242984665,1.247092396478341
1.2242341208896717,-0.21169055341267984,-0.12030719547687321
0.001488286138442538,0.8917026775518422,1.3400054456752977
1.0955240330211218,-0.7132329311238262,-0.2886025298713611
2.1252047359695245,-1.8166261620883482,-0.725118553457064
0.6664904067926202,-0.3119990289549091,-0.2640594602721649
0.6450387254811948,0.18954334875623724,0.037469680517959174
0.4519735936783694,0.2898518242984665,0.5160595377022841
0.1945534179412679,0.08923487321400798,0.4845041625033176
0.6664904067926202,0.49046877538292505,2.8774534484249426
1.2885891648239471,-1.2147753088349726,-0.8373154430533893
1.2242341208896717,0.5907772509251543,0.5178126141022267
-0.513352065335759,-0.8135414066660555,0.09006197251623663
0.6879420881040448,0.2898518242984665,0.48976339170314537
0.6879420881040448,0.5907772509251543,0.09707427811600697
0.516328637612644,1.19262810417853,2.4917766404375743
0.8166521759725955,0.18954334875623724,0.40035649530607365
0.38761854974409404,0.18954334875623724,0.33373959210825554
0.34471518712124405,0.2898518242984665,0.09006197251623663
1.052620670398271,0.8917026775518422,0.8491440536913747
1.2027824395782472,-0.11138207787045057,-0.3376886690697534
0.7308454507268948,1.2929365797207593,3.059773394018971
-1.6073878122184382,0.8917026775518422,2.518072786436713
2.0393980107238248,-2.117551588715036,-0.8145254498541358
-0.8351272850071351,-0.21169055341267984,1.3645485152744938
1.9535912854781248,-1.5157007354616603,-0.7689454634556286
0.6450387254811948,0.49046877538292505,1.0349701520852883
1.1598790769553964,-0.7132329311238262,-0.17640564027503586
-0.9209340102528358,1.3932450552629885,0.23381423731152837
-0.6420621532043097,-0.011073602328221294,2.5741712312348755
1.9750429667895502,-1.2147753088349726,-0.8215377554539061
-0.6635138345157351,0.9920111530940714,1.804570691660082
0.7308454507268948,0.2898518242984665,0.10058043091589212
1.3743958900696471,-1.415392259919431,-0.19568948067440425
1.0311689890868463,-0.5126159800393677,-0.553317066262691
-1.4786777243498874,1.5938620063474471,0.3582826617074517
0.1731017366298433,-0.3119990289549091,-0.2517879254725669
0.6879420881040448,1.2929365797207593,1.1945001044800634
1.1169757143325463,-0.7132329311238262,-0.018628764280203457
0.43052191236694404,1.0923196286363006,0.558133371300906
0.6450387254811948,-0.5126159800393677,-0.4130709542672844
0.044391648761292535,0.6910857264673836,1.5083007800697856
0.40907023105551865,-0.011073602328221294,-0.3078863702707295
0.9453622638411455,0.9920111530940714,0.7439594696948197
0.43052191236694404,-0.3119990289549091,0.10233350731583471
1.2242341208896717,-0.21169055341267984,0.30569036970917424
0.9239105825297209,0.3901602998406958,-0.12731950107664355
0.34471518712124405,0.49046877538292505,0.0742842849167534
1.0740723517096964,-0.11138207787045057,0.12687657691503085
0.7522971320383202,-0.7132329311238262,-0.3780094262684328
1.2671374835125218,-2.2178600642572652,-0.7426493174564899
0.5806836815469194,-0.21169055341267984,0.2566042305107819
0.36616686843266866,-0.11138207787045057,0.21277732051221737
-1.2641609112356367,1.3932450552629885,1.301437764876561
0.6664904067926202,1.2929365797207593,1.0980809024832214
0.5806836815469194,0.18954334875623724,2.744219642029306
0.9239105825297209,0.3901602998406958,0.6159848924990112
0.3018118244983933,1.5938620063474471,3.445450202006339
0.6879420881040448,1.5938620063474471,2.9177742056236218
0.7308454507268948,0.7913942020096129,1.7642499344614024
1.5460093405610487,-1.415392259919431,-0.7075877894576382
1.245685802201097,0.18954334875623724,-0.1904302514745765
0.1301983740069933,0.7913942020096129,1.6310161280657662
1.1169757143325463,0.6910857264673836,1.7221761008627805
0.9668139451525709,-0.7132329311238262,-0.2482817726726817
1.2242341208896717,-0.21169055341267984,0.2706288417103226
0.9453622638411455,0.5907772509251543,0.9666001724875277
0.6021353628583448,0.8917026775518422,-0.09401104947773449
1.8034295162981486,-1.1144668332927432,-0.7531677758561454
0.6021353628583448,0.3901602998406958,2.116618290849862
2.23246314252665,-1.9169346376305774,-0.8793892766520113
-0.7278688784500097,0.3901602998406958,2.7862934756279283
0.9239105825297209,0.18954334875623724,-0.011616458680433128
0.1301983740069933,0.8917026775518422,2.505801251637115
0.06584333007271792,0.9920111530940714,3.1877479712147796
1.2885891648239471,-0.4123075044971384,-0.03791260467957186
0.516328637612644,-0.4123075044971384,0.17771579251336575
1.4387509340039233,-1.1144668332927432,-0.7969946858547099
0.5806836815469194,0.49046877538292505,0.004161228919050111
1.009717307775421,-0.7132329311238262,-0.3306763634699831
0.6879420881040448,1.19262810417853,0.36354189090727945
0.40907023105551865,0.7913942020096129,2.7354542600295932
0.47342527498979403,0.18954334875623724,-0.07823336187825125
0.7093937694154702,0.6910857264673836,-0.05894952147888285
0.5592320002354948,0.7913942020096129,0.5300841489018248
1.9750429667895502,-1.5157007354616603,-0.8250439082537913
1.245685802201097,-2.2178600642572652,-0.5901316706614852
1.8892362415438486,-1.3150837843772019,-0.5182555382638393
0.5592320002354948,-0.21169055341267984,-0.16764025827532295
0.7522971320383202,-0.011073602328221294,-0.1711464110752081
2.23246314252665,-2.4184770153417237,-0.53228014946338
0.7522971320383202,0.3901602998406958,0.2583573069107245
0.32326350580981866,1.0923196286363006,0.9893901656867813
0.8381038572840201,-0.11138207787045057,0.20050578571261932
-1.2212575486127866,1.19262810417853,0.5230718433020544
1.3100408461353725,-2.117551588715036,-0.5550701426626335
0.34471518712124405,0.8917026775518422,2.807330392427239
0.23745678056411867,-0.4123075044971384,0.2706288417103226
0.08729501138414254,0.6910857264673836,1.44343695327191
0.34471518712124405,-0.6129244555815969,-0.35171328026929405
2.0393980107238248,-1.3150837843772019,-0.6585016502592459
-0.6206104718928843,1.19262810417853,0.407368800905844
0.32326350580981866,0.9920111530940714,2.090322144850723
0.8166521759725955,-0.4123075044971384,-0.4060586486675141
-1.7146462187755636,-0.011073602328221294,2.8108365452271245
1.0955240330211218,0.5907772509251543,0.8386255952917192
-0.2344802082872336,-0.011073602328221294,0.9560817140878722
0.32326350580981866,0.3901602998406958,0.08655581971635147
0.1945534179412679,-0.011073602328221294,0.20050578571261932
2.0393980107238248,-1.6160092110038897,-0.7461554702563751
1.052620670398271,1.0923196286363006,-0.09401104947773449
0.38761854974409404,1.19262810417853,2.2516051736454408
1.6961711097410233,-2.117551588715036,-0.5726009066620594
-0.3202869335329336,0.9920111530940714,2.5250850920364836
0.34471518712124405,0.2898518242984665,0.3950972661062459
0.6235870441697694,0.3901602998406958,0.9701063252874128
0.8381038572840201,0.08923487321400798,0.973612478087298
0.8810072199068709,0.18954334875623724,0.3302334393083704
1.1813307582668218,-1.415392259919431,-0.5726009066620594
1.331492527446797,-1.2147753088349726,-0.5585762954625187
2.0393980107238248,-1.6160092110038897,-0.7303777826568918
0.36616686843266866,0.8917026775518422,2.0412360056523307
0.38761854974409404,0.2898518242984665,0.2881596057097484
0.40907023105551865,1.5938620063474471,0.8789463524903985
1.1384273956439717,0.9920111530940714,0.25309807771089676
-1.371419317792762,-0.5126159800393677,2.132395978449345
1.331492527446797,-1.3150837843772019,-0.38151557906831796
1.3529442087582224,-1.2147753088349726,-0.04843106307922735
0.23745678056411867,1.6941704818896763,2.4058758968403877
2.0823013733466755,-1.1144668332927432,-0.8653646654524706
0.7522971320383202,0.3901602998406958,1.5959546000669147
0.7522971320383202,0.5907772509251543,0.7474656224947049
0.6450387254811948,1.0923196286363006,1.9027429700568668
0.10874669269556791,1.19262810417853,1.3364992928754125
0.6664904067926202,0.6910857264673836,0.3021842169092891
1.2027824395782472,-0.3119990289549091,-0.3972932666678012
1.6103643844953233,-1.9169346376305774,-0.6479831918595904
0.4519735936783694,-0.6129244555815969,-0.0729741326784235
1.0955240330211218,-2.017243113172807,-0.6427239626597627
0.6235870441697694,0.18954334875623724,0.30569036970917424
0.8381038572840201,0.2898518242984665,0.06727197931698306
0.47342527498979403,0.18954334875623724,0.449442634504466
0.38761854974409404,0.6910857264673836,-0.029147222679858947
0.6450387254811948,0.2898518242984665,0.0742842849167534
-0.01996339517298284,1.3932450552629885,2.572418154834933
0.6021353628583448,-0.21169055341267984,-0.2605533074722798
1.245685802201097,-2.3181685397994944,-0.6988224074579253
1.0955240330211218,0.6910857264673836,1.5328438496689818
0.5377803189240694,0.3901602998406958,0.19699963291273415
0.08729501138414254,-0.7132329311238262,2.1902474996474504
0.38761854974409404,0.2898518242984665,0.11986427131526053
0.08729501138414254,0.6910857264673836,0.6440341148980926
1.2671374835125218,-2.017243113172807,-0.5217616910637245
-0.19157684566438285,1.0923196286363006,-0.5340332258633226
-0.2559318895986582,0.3901602998406958,-0.7514146994562028
0.38761854974409404,-2.3181685397994944,-1.0932645974450064
0.23745678056411867,-1.3150837843772019,-0.9758084786488532
-1.371419317792762,0.18954334875623724,-0.030900299079801533
-0.9852890541871112,1.2929365797207593,-0.6812916434584995
-0.3631902961557836,-0.5126159800393677,-0.6357116570599923
-1.4572260430384627,-0.6129244555815969,0.20927116771233223
-0.6849655158271597,1.3932450552629885,0.39159111330636076
0.6664904067926202,-2.117551588715036,-1.0336599998469584
0.02293996744986792,-2.017243113172807,-1.073980757045638
0.8166521759725955,-1.5157007354616603,-1.031906923447016
-0.14867348304153283,0.2898518242984665,-0.4744286282652748
0.08729501138414254,-1.3150837843772019,-1.1230668962440302
-0.1701251643529582,-0.8135414066660555,-0.8057600678544228
-0.6420621532043097,-0.011073602328221294,-0.6655139558590163
-0.2130285269758082,1.19262810417853,-0.2868494534714185
-0.3202869335329336,-1.014158357750514,-0.7479085466563176
-0.42754534009005896,0.18954334875623724,-0.9179569574507481
-0.7064171971385851,-0.5126159800393677,-0.8110192970542506
-0.49190038402433434,1.0923196286363006,-0.3271702106700979
0.28036014318696867,-2.2178600642572652,-1.0143761594475902
0.7737488133497455,-2.3181685397994944,-1.0143761594475902
-0.2988352522215082,-0.3119990289549091,-0.884648505851839
-1.4572260430384627,-0.4123075044971384,-0.2886025298713611
-0.8565789663185605,0.6910857264673836,-0.830303137453619
-0.6420621532043097,-0.011073602328221294,-0.7724516162555137
0.10874669269556791,-1.2147753088349726,-0.8408215958532744
-3.023198778772493,-0.4123075044971384,-0.034406451879686696
-0.34173861484435897,0.2898518242984665,-0.3780094262684328
-0.6420621532043097,0.7913942020096129,0.26536961251049485
-2.8515853282810926,0.2898518242984665,0.11986427131526053
0.1301983740069933,-2.017243113172807,-1.1002769030447765
-0.3631902961557836,0.2898518242984665,-0.6988224074579253
0.06584333007271792,0.6910857264673836,-0.9214631102506332
-1.3070642738584874,-0.011073602328221294,-0.1728994874751507
0.9024589012182955,-1.415392259919431,-1.0809930626454083
0.34471518712124405,-1.415392259919431,-1.098523826644834
-0.6635138345157351,-0.11138207787045057,-0.7058347130576956
-2.358196658118316,-0.9138498822082848,-0.13608488307635647
-0.7922239223842851,1.3932450552629885,0.042728909717786916
-0.8351272850071351,0.6910857264673836,-0.8478339014530448
-0.1701251643529582,-0.8135414066660555,-0.8390685194533318
-0.8994823289414104,0.9920111530940714,-0.5796132122618297
-0.2988352522215082,1.2929365797207593,-0.7444023938564325
-0.8780306476299858,0.9920111530940714,0.3372457449081407
-0.04141507648440746,0.18954334875623724,-0.7268716298570066
-0.2773835709100836,0.49046877538292505,-0.11329488987710289
-0.6635138345157351,0.9920111530940714,0.11635811851537536
-0.6635138345157351,1.2929365797207593,-0.16238102907549518
-0.2559318895986582,0.7913942020096129,0.26887576531038
-0.2130285269758082,0.3901602998406958,-0.7689454634556286
0.044391648761292535,-0.9138498822082848,-0.7636862342558008
-1.7146462187755636,-0.7132329311238262,-0.22724485587337073
-2.25093825156119,-0.5126159800393677,0.4108749537057292
-0.47044870271290895,0.2898518242984665,-0.6024032054610833
-1.4357743617270373,1.19262810417853,-0.09050489667784932
0.38761854974409404,-2.017243113172807,-0.9354877214501739
-1.4572260430384627,1.19262810417853,0.5055410793026286
-0.7064171971385851,-0.011073602328221294,-0.7391431646566047
-0.04141507648440746,-0.8135414066660555,-0.8583523598527003
-0.9209340102528358,0.9920111530940714,-0.3955401902678586
0.34471518712124405,-2.117551588715036,-1.0617092222460398
-0.2773835709100836,0.49046877538292505,-0.4007994194676864
-0.10577012041868285,-2.4184770153417237,-0.9179569574507481
-0.34173861484435897,-1.014158357750514,-0.9004261934513222
-0.7064171971385851,0.49046877538292505,-0.5796132122618297
-0.49190038402433434,0.18954334875623724,-0.6129216638607388
-1.2641609112356367,1.2929365797207593,-0.3780094262684328
-0.8565789663185605,1.5938620063474471,-0.3482071274694089
-0.01996339517298284,-1.3150837843772019,-0.9652900202491977
-0.7064171971385851,0.49046877538292505,-0.5375393786632078
-0.10577012041868285,-0.7132329311238262,-0.7514146994562028
-0.14867348304153283,0.08923487321400798,-0.6620078030591311
0.7308454507268948,-1.3150837843772019,-1.0950176738449489
-1.4143226804156128,1.3932450552629885,-0.7356370118567195
-1.1783541859899367,1.2929365797207593,-0.6304524278601646
-0.9209340102528358,0.6910857264673836,-0.7005754838578679
-0.6635138345157351,0.3901602998406958,-0.7514146994562028
-1.285612592547062,-0.3119990289549091,-0.5585762954625187
-1.0925474607442367,0.7913942020096129,-0.07648028547830867
-0.5777071092700343,-0.7132329311238262,-0.6760324142586718
0.001488286138442538,-0.8135414066660555,-0.893413887851552
-0.1701251643529582,0.7913942020096129,-0.027394146279916366
0.7737488133497455,-1.415392259919431,-1.0248946178472456
-0.6849655158271597,0.08923487321400798,-0.7636862342558008
-0.5562554279586097,-0.3119990289549091,-0.7146000950574085
-0.3631902961557836,0.2898518242984665,-0.2658125366721075
-0.42754534009005896,0.49046877538292505,0.35302343250762397
-0.3202869335329336,-0.21169055341267984,-0.733883935456777
-0.34173861484435897,0.5907772509251543,-0.3955401902678586
-0.47044870271290895,-0.4123075044971384,-0.8145254498541358
-0.2559318895986582,0.2898518242984665,-0.9863269370485088
-0.19157684566438285,1.19262810417853,-0.2289979322733133
-0.40609365877863357,0.8917026775518422,0.26361653611055225
-0.7064171971385851,0.5907772509251543,-0.7636862342558008
-0.49190038402433434,1.2929365797207593,0.28465345290986327
0.1945534179412679,-2.3181685397994944,-1.0617092222460398
0.6235870441697694,-2.117551588715036,-1.098523826644834
-0.8565789663185605,0.9920111530940714,0.4757387805036047
-0.7278688784500097,0.49046877538292505,-0.8601054362526429
-0.44899702140148434,0.2898518242984665,-0.7601800814559156
-0.34173861484435897,0.08923487321400798,0.38983803690641816
-0.2988352522215082,-0.3119990289549091,-0.8618585126525854
-0.7064171971385851,0.5907772509251543,-0.6970693310579827
-0.2344802082872336,-0.6129244555815969,-0.8653646654524706
0.1945534179412679,-1.415392259919431,-1.1090422850444894
0.23745678056411867,-2.3181685397994944,-0.981067707848681
0.28036014318696867,-1.1144668332927432,-1.0722276806456954
-0.40609365877863357,-0.4123075044971384,-0.926722339450461
0.001488286138442538,-1.5157007354616603,-1.0827461390453508
-2.5727134712325666,0.2898518242984665,-0.3692440442687199
-1.0925474607442367,0.8917026775518422,-0.5936378234613704
-1.650291174841288,0.18954334875623724,0.23556731371147094
-0.7922239223842851,0.8917026775518422,-0.32191098147027014
0.8810072199068709,-1.415392259919431,-1.0582030694461546
-0.1701251643529582,1.2929365797207593,-0.6690201086589014
-0.01996339517298284,-2.3181685397994944,-1.0406723054467288
-1.0925474607442367,1.6941704818896763,0.407368800905844
-0.7064171971385851,0.5907772509251543,-0.8057600678544228
-0.5348037466471843,0.08923487321400798,-0.5638355246623465
-0.34173861484435897,-0.5126159800393677,-0.8530931306528725
-2.6156168338554164,-0.6129244555815969,-0.511243232664069
-1.0710957794328113,1.5938620063474471,-0.0028510766807202173
-0.40609365877863357,0.8917026775518422,-0.3271702106700979
-0.5991587905814597,0.08923487321400798,-0.5761070594619445
0.9453622638411455,-1.6160092110038897,-0.9863269370485088
-1.9720663945126642,0.7913942020096129,0.10759273651566245
-0.2344802082872336,0.6910857264673836,-0.7601800814559156
-1.4143226804156128,0.18954334875623724,0.46872647490383434
-0.2559318895986582,-1.3150837843772019,-0.9530184854495997
-1.6717428561527135,-0.11138207787045057,-0.7005754838578679
-0.47044870271290895,0.49046877538292505,-0.830303137453619
-0.7064171971385851,0.5907772509251543,-0.7514146994562028
-0.513352065335759,0.7913942020096129,-0.14835641787595452
0.06584333007271792,-1.415392259919431,-0.7023285602578104
-1.1569025046785113,1.5938620063474471,0.36003573810739425
-0.47044870271290895,0.5907772509251543,-0.3990463430677438
-2.358196658118316,-0.9138498822082848,-0.6742793378587292
-1.650291174841288,1.4935535308052177,-0.5375393786632078
0.8166521759725955,-1.5157007354616603,-0.9512654090496572
-2.315293295495466,1.3932450552629885,-0.7216124006571789
-0.38464197746720896,-0.011073602328221294,-0.7812169982552266
-0.40609365877863357,0.49046877538292505,-0.649736268259533
0.02293996744986792,-0.7132329311238262,-0.8127723734541932
-1.9506147132012397,1.4935535308052177,0.3793195785067627
-0.6635138345157351,0.3901602998406958,-0.7514146994562028
-0.2344802082872336,0.49046877538292505,-0.7794639218552841
-0.3631902961557836,0.5907772509251543,-0.4954655450645858
-0.3631902961557836,1.19262810417853,-0.29386175907118883
0.1301983740069933,-2.4184770153417237,-1.052943840246327
-0.8994823289414104,0.8917026775518422,0.35127035610768137
-0.47044870271290895,-0.7132329311238262,-0.8583523598527003
-0.2988352522215082,-0.4123075044971384,-0.8618585126525854
-0.5777071092700343,0.5907772509251543,-0.5918847470614278
0.7093937694154702,-1.716317686546119,-1.1213138198440875
-2.915940372215368,0.8917026775518422,-0.6059093582609685
0.8810072199068709,-2.2178600642572652,-1.0354130762469012
-0.38464197746720896,-1.014158357750514,-0.7514146994562028
-0.6849655158271597,0.7913942020096129,0.738700240494992
-0.01996339517298284,-1.5157007354616603,-1.0389192290467861
-0.1701251643529582,1.0923196286363006,-0.47618170466521736
-0.7707722410728605,1.3932450552629885,-0.221985626673543
-0.12722180173010822,-0.21169055341267984,-0.5585762954625187
-0.44899702140148434,0.5907772509251543,-0.6427239626597627
-0.42754534009005896,-0.11138207787045057,-0.6865508726583273
-0.19157684566438285,0.3901602998406958,-0.4428732530663083
-0.44899702140148434,0.6910857264673836,-0.6883039490582699
-0.44899702140148434,0.6910857264673836,-0.6374647334599349
-0.1701251643529582,0.08923487321400798,0.33549266850819814
-2.4869067459868663,0.6910857264673836,-0.6760324142586718
0.1301983740069933,-1.8166261620883482,-1.0301538470470732
-2.5512617899211416,1.3932450552629885,0.23381423731152837
-2.7872302843468173,-0.21169055341267984,-0.19919563347428942
-0.9638373728756858,0.5907772509251543,-0.7391431646566047
-0.01996339517298284,-1.6160092110038897,-1.0424253818466713
-0.6849655158271597,0.18954334875623724,-0.725118553457064
-0.2559318895986582,-0.3119990289549091,-1.0143761594475902
0.40907023105551865,-2.017243113172807,-1.0476846110464992
-0.2130285269758082,0.49046877538292505,-0.7181062478572937
0.001488286138442538,-2.117551588715036,-1.0389192290467861
-0.42754534009005896,0.8917026775518422,-0.49020631586475805
-0.1701251643529582,0.3901602998406958,-0.7216124006571789
-0.42754534009005896,-0.8135414066660555,-0.7426493174564899
-0.10577012041868285,0.7913942020096129,-0.21146716827388748
-2.336744976806891,0.6910857264673836,0.36178881450733685
-0.47044870271290895,-0.011073602328221294,-0.7391431646566047
-0.14867348304153283,1.2929365797207593,-0.2658125366721075
-3.001747097461068,-0.8135414066660555,0.6913671776965423
-0.6420621532043097,1.5938620063474471,-0.29561483547113143
-0.3631902961557836,0.6910857264673836,-0.5165024618638968
-0.14867348304153283,-0.11138207787045057,-0.9162038810508055
-0.19157684566438285,0.9920111530940714,0.13739503531468636
-0.5562554279586097,0.49046877538292505,-0.725118553457064
-0.9209340102528358,0.5907772509251543,-0.8653646654524706
-0.14867348304153283,0.3901602998406958,-0.7128470186574659
-0.3202869335329336,-0.7132329311238262,-0.8653646654524706
-1.5001294056613128,0.8917026775518422,-0.034406451879686696
-2.830133646969667,-0.9138498822082848,-0.13783795947629904
-0.2130285269758082,0.5907772509251543,-0.7566739286560306
-2.679971877789692,-0.3119990289549091,-0.5305270730634374
-0.3631902961557836,0.2898518242984665,0.35302343250762397
-0.513352065335759,0.49046877538292505,-0.616427816660624
-0.3631902961557836,0.2898518242984665,-0.3552194330691792
-0.42754534009005896,0.5907772509251543,0.047988138917614664
-0.3202869335329336,1.2929365797207593,-0.6988224074579253
-3.0661021413953433,1.3932450552629885,-0.3078863702707295
-0.7493205597614351,1.3932450552629885,-0.12556642467670096
0.8810072199068709,-2.017243113172807,-1.073980757045638
-0.04141507648440746,-1.2147753088349726,-1.0494376874464417
-2.915940372215368,1.5938620063474471,0.6598118024975758
-2.07932480106979,1.4935535308052177,-0.42358941266693995
-0.3631902961557836,-1.3150837843772019,-1.0196353886474179
0.4519735936783694,-1.9169346376305774,-0.9652900202491977
-0.06286675779583284,-1.415392259919431,-1.0196353886474179
-0.49190038402433434,0.3901602998406958,-0.46215709346567674
-0.40609365877863357,-1.3150837843772019,-0.9740554022489107
-0.7707722410728605,1.0923196286363006,0.42840571770515495
-0.8136756036957105,0.8917026775518422,-0.7408962410565473
-0.7064171971385851,0.49046877538292505,-0.6760324142586718
-0.9638373728756858,0.8917026775518422,-0.7601800814559156
-0.8780306476299858,0.8917026775518422,-0.13783795947629904
-0.2130285269758082,0.6910857264673836,-0.884648505851839
0.10874669269556791,-1.3150837843772019,-1.0406723054467288
0.06584333007271792,0.6910857264673836,-0.4691693990654471
-0.6635138345157351,1.6941704818896763,-0.34119482186963856
0.10874669269556791,-0.6129244555815969,-0.7531677758561454
-0.40609365877863357,0.5907772509251543,-0.758427005055973
-0.5777071092700343,0.6910857264673836,0.2303080845116432
-0.7064171971385851,0.6910857264673836,0.20927116771233223
-1.0067407354985358,1.0923196286363006,-0.3552194330691792
-2.143679845004065,1.3932450552629885,-0.7601800814559156
-0.5348037466471843,-0.011073602328221294,-0.7899823802549396
-0.1701251643529582,0.49046877538292505,-0.360478662269007
-0.7922239223842851,1.0923196286363006,-0.04492491027934219
-0.5991587905814597,1.3932450552629885,0.23732039011141354
-2.6585201964782668,0.2898518242984665,-0.22724485587337073
0.1945534179412679,-1.1144668332927432,-1.0091169302477623
-0.06286675779583284,-0.11138207787045057,-0.8022539150545377
-0.1701251643529582,0.3901602998406958,-0.6690201086589014
0.08729501138414254,-0.4123075044971384,-0.6742793378587292
-1.0925474607442367,1.5938620063474471,-0.5796132122618297
-1.1783541859899367,-0.7132329311238262,-0.7216124006571789
0.47342527498979403,-2.3181685397994944,-1.0669684514458675
-0.5348037466471843,0.8917026775518422,-0.46040401706573414
-0.34173861484435897,0.5907772509251543,-0.511243232664069
-0.5348037466471843,-1.415392259919431,-0.7952416094547673
-0.47044870271290895,0.6910857264673836,-0.6024032054610833
-0.5348037466471843,0.8917026775518422,-0.3078863702707295
-0.8994823289414104,0.7913942020096129,-0.09927027867756223
-0.513352065335759,0.8917026775518422,-0.18517102227474874
-0.3631902961557836,-1.2147753088349726,-0.863611589052528
-0.7493205597614351,0.5907772509251543,-0.5270209202635523
-3.001747097461068,1.5938620063474471,-0.4709224754653896
-1.9720663945126642,1.4935535308052177,-0.16939333467526552
-0.08431843910725746,-0.011073602328221294,-0.8180316026540209
-1.1569025046785113,1.0923196286363006,-0.4165771070671696
-0.3631902961557836,0.08923487321400798,-0.5673416774622316
-0.49190038402433434,0.8917026775518422,-0.14485026507606938
-0.2344802082872336,0.2898518242984665,0.3582826617074517
-3.0875538227067683,0.8917026775518422,-0.08173951467813641
-0.40609365877863357,0.18954334875623724,-0.7724516162555137
-0.5562554279586097,-0.011073602328221294,-0.7759577690553989
-0.01996339517298284,-0.11138207787045057,-0.7391431646566047
0.08729501138414254,-0.9138498822082848,-0.7934885330548247
-0.7064171971385851,0.5907772509251543,-0.565588601062289
-0.34173861484435897,-0.9138498822082848,-0.830303137453619
0.2160050992526933,-1.415392259919431,-1.052943840246327
-1.0925474607442367,0.9920111530940714,-0.5866255178616001
-0.2988352522215082,1.2929365797207593,-0.17640564027503586
-0.8565789663185605,-0.7132329311238262,-0.9582777146494275
-0.7064171971385851,0.7913942020096129,-0.43235479466665283
-0.9209340102528358,1.19262810417853,-0.4831940102649877
0.32326350580981866,-2.117551588715036,-1.044178458246614
0.6021353628583448,-1.3150837843772019,-0.9915861662483365
-0.6849655158271597,0.9920111530940714,-0.8373154430533893
-0.5991587905814597,-0.011073602328221294,-0.6041562818610259
0.1516500553184179,-2.2178600642572652,-1.0371661526468436
-0.49190038402433434,-1.014158357750514,-0.863611589052528
-0.5562554279586097,1.6941704818896763,0.05500044451738499
-0.3631902961557836,-0.7132329311238262,-0.830303137453619
-0.5777071092700343,0.5907772509251543,-0.5305270730634374
-1.0281924168099612,1.4935535308052177,-0.01336953508037571
-2.8730370095925175,-0.4123075044971384,-0.23601023787308364
-0.42754534009005896,0.2898518242984665,-0.8583523598527003
-1.0067407354985358,1.0923196286363006,0.19699963291273415
0.08729501138414254,-0.4123075044971384,-0.863611589052528
-2.4011000207411657,-0.7132329311238262,-0.7391431646566047
0.28036014318696867,-2.3181685397994944,-1.1090422850444894
0.8166521759725955,-2.3181685397994944,-1.0494376874464417
-0.6635138345157351,-0.11138207787045057,-0.8075131442543654
-0.3631902961557836,-0.5126159800393677,-0.9039323462512074
0.2589084618755433,-2.2178600642572652,-1.010870006647705
-3.001747097461068,0.2898518242984665,-0.5690947538621742
-0.2344802082872336,-0.4123075044971384,-0.809266220654308
-0.2559318895986582,0.8917026775518422,-0.28159022427159075
-0.8780306476299858,0.8917026775518422,-0.12907257747658613
-0.3202869335329336,-1.3150837843772019,-0.8197846790539635
-0.2988352522215082,0.49046877538292505,-0.6479831918595904
-0.6206104718928843,0.6910857264673836,-0.7566739286560306
1.1813307582668218,-1.415392259919431,-0.1728994874751507
0.8166521759725955,-1.1144668332927432,0.018185840118590767
2.103753054658099,-1.9169346376305774,-0.6549954974593608
-1.6073878122184382,0.7913942020096129,-0.6129216638607388
0.7093937694154702,-0.9138498822082848,-0.28159022427159075
-0.2130285269758082,-0.9138498822082848,-0.06596182707865317
-0.5348037466471843,-0.4123075044971384,-0.9319815686502887
0.02293996744986792,1.6941704818896763,2.1920005760473926
-0.3631902961557836,0.3901602998406958,-0.5813662886617723
-0.38464197746720896,0.5907772509251543,-0.7847231510551118
-0.34173861484435897,-1.1144668332927432,-0.7444023938564325
-2.143679845004065,0.08923487321400798,0.05500044451738499
-0.01996339517298284,-0.6129244555815969,0.4161341829055569
-0.49190038402433434,0.49046877538292505,-0.830303137453619
-0.10577012041868285,-0.9138498822082848,-0.9337346450502313
0.001488286138442538,-0.4123075044971384,-0.9389938742500591
-0.6420621532043097,0.18954334875623724,-0.7777108454553415
-0.2988352522215082,-0.21169055341267984,-0.47618170466521736
0.8595555385954455,-0.011073602328221294,0.08480274331640889
0.9453622638411455,0.5907772509251543,0.15317272291416958
1.7605261536752994,-1.5157007354616603,-0.6865508726583273
0.8595555385954455,-0.011073602328221294,0.3828257313066478
0.8810072199068709,0.18954334875623724,0.16544425771376767
-0.40609365877863357,-0.4123075044971384,-0.9740554022489107
0.7308454507268948,0.18954334875623724,0.6107256632991835
1.2885891648239471,-1.3150837843772019,-0.8075131442543654
-1.0710957794328113,0.5907772509251543,-0.4639101698656193
-2.915940372215368,0.6910857264673836,0.025198145718361094
0.7522971320383202,1.0923196286363006,2.2936790072440627
-0.40609365877863357,-0.7132329311238262,-0.9337346450502313
-3.023198778772493,0.08923487321400798,-0.6725262614587866
0.43052191236694404,-0.11138207787045057,0.19699963291273415
-1.1569025046785113,0.5907772509251543,-0.22724485587337073
0.8595555385954455,0.2898518242984665,0.9105017276893651
-0.42754534009005896,-0.11138207787045057,-0.6444770390597052
0.5806836815469194,0.9920111530940714,2.076297533651182
0.8595555385954455,0.2898518242984665,0.10058043091589212
0.9882656264639963,0.9920111530940714,1.5205723148693837
-1.907711350578389,-0.3119990289549091,0.6159848924990112
-1.1569025046785113,0.5907772509251543,-0.6024032054610833
0.5592320002354948,0.5907772509251543,2.6109858356336697
-0.06286675779583284,1.19262810417853,2.1779759648478523
-0.44899702140148434,0.7913942020096129,3.0439957064194876
2.103753054658099,-1.6160092110038897,-0.7093408658575808
-1.907711350578389,-0.11138207787045057,1.955335262055144
-1.3928709991041874,1.19262810417853,0.6843548720967719
1.8892362415438486,-1.6160092110038897,-0.5673416774622316
-0.8136756036957105,0.2898518242984665,-0.8688708182523558
1.2885891648239471,-1.014158357750514,-0.14309718867612678
-1.7790012627098388,-0.011073602328221294,1.0717847564840826
0.7308454507268948,0.9920111530940714,1.645040739265307
0.40907023105551865,0.5907772509251543,0.04974121531755724
0.6450387254811948,-0.3119990289549091,-0.11504796627704547
-0.38464197746720896,0.7913942020096129,-0.39028096106803084
0.40907023105551865,1.6941704818896763,1.55212769006835
2.06084969203525,-1.1144668332927432,-0.7864762274550544
-2.2080348889383403,-0.6129244555815969,-0.2658125366721075
-1.0067407354985358,1.2929365797207593,0.023445069318418513
0.6235870441697694,1.19262810417853,3.4910301884048462
-2.143679845004065,-0.11138207787045057,-0.8565992834527577
0.4948769563012194,1.2929365797207593,1.6643245796646753
0.34471518712124405,0.8917026775518422,0.7947986852931547
1.1813307582668218,-1.1144668332927432,-0.12556642467670096
-0.2988352522215082,0.2898518242984665,-0.04317183387939961
-3.001747097461068,1.5938620063474471,-0.4025524958676289
0.6235870441697694,1.19262810417853,0.6808487192968868
-1.7146462187755636,-0.011073602328221294,1.0823032148837382
1.910687922855274,-1.716317686546119,-0.7619331578558582
1.2671374835125218,-1.2147753088349726,-0.8040069914544802
-1.5859361309070128,-0.7132329311238262,2.630269676033038
-0.6849655158271597,1.4935535308052177,-0.13783795947629904
0.7737488133497455,-2.2178600642572652,-1.0950176738449489
-0.513352065335759,-1.014158357750514,-0.9407469506500017
0.2589084618755433,-1.6160092110038897,-1.1125484378443746
0.8595555385954455,0.49046877538292505,-0.25354100187250944
0.7522971320383202,0.49046877538292505,1.7063984132632972
-0.513352065335759,0.49046877538292505,-0.7146000950574085
-0.5991587905814597,0.7913942020096129,-0.3289232870700405
-1.9935180758240896,0.7913942020096129,0.15667887571405475
0.6664904067926202,-0.5126159800393677,0.002408152519107529
0.9882656264639963,-2.3181685397994944,-0.8548462070528151
-0.8136756036957105,1.6941704818896763,-0.6339585806600497
-1.5001294056613128,-0.8135414066660555,3.3805863752084635
-0.6420621532043097,-0.6129244555815969,3.105353380417478
-1.1354508233670866,0.5907772509251543,-0.16939333467526552
-0.06286675779583284,-1.8166261620883482,-1.044178458246614
0.08729501138414254,0.9920111530940714,1.3943508140735177
1.245685802201097,-0.6129244555815969,0.2303080845116432
-1.049644098121386,1.2929365797207593,0.04974121531755724
-0.12722180173010822,-0.8135414066660555,-0.9144508046508629
0.9239105825297209,0.3901602998406958,-0.10628258427733256
1.653267747118174,-2.3181685397994944,-0.4937124686646432
0.9882656264639963,-0.5126159800393677,0.48801031530320277
1.7176227910524486,-1.716317686546119,-0.6269462750602794
0.4519735936783694,0.7913942020096129,1.4399308004720248
-1.0710957794328113,0.5907772509251543,-0.025641069879973784
1.6103643844953233,-2.117551588715036,-0.7426493174564899
-0.08431843910725746,1.0923196286363006,0.9701063252874128
0.2160050992526933,1.5938620063474471,2.647800440032464
0.43052191236694404,0.08923487321400798,-0.09401104947773449
-2.358196658118316,-0.4123075044971384,0.25309807771089676
0.8810072199068709,0.18954334875623724,0.0006550761191649468
-0.6635138345157351,0.18954334875623724,-0.6865508726583273
-2.014969757135514,0.7913942020096129,0.35127035610768137
-0.40609365877863357,-0.4123075044971384,-0.8811423530519539
0.9024589012182955,-1.6160092110038897,-0.9863269370485088
-0.7278688784500097,-0.21169055341267984,-0.5988970526611981
0.38761854974409404,0.49046877538292505,-0.19393640427446165
-0.40609365877863357,0.6910857264673836,-0.4674163226655045
0.8810072199068709,-0.9138498822082848,-0.3447009746695237
0.10874669269556791,-1.8166261620883482,-0.9985984718481068
-0.3202869335329336,-0.5126159800393677,-0.7496616230562602
0.10874669269556791,-1.3150837843772019,-1.0424253818466713
0.7737488133497455,0.2898518242984665,0.24608577211112645
-0.40609365877863357,-0.3119990289549091,-0.7899823802549396
-0.12722180173010822,-0.9138498822082848,-0.8530931306528725
-0.6206104718928843,1.6941704818896763,-0.6006501290611407
0.7952004946611702,-0.6129244555815969,-0.45865094066579154
-0.513352065335759,0.6910857264673836,-0.6532424210594182
-0.7493205597614351,0.18954334875623724,-0.6322055042601072
-0.34173861484435897,0.5907772509251543,-0.8355623666534467
1.0740723517096964,0.3901602998406958,-0.14309718867612678
0.38761854974409404,1.5938620063474471,1.8238545320594506
1.052620670398271,1.2929365797207593,-0.10452950787738997
-0.06286675779583284,-2.2178600642572652,-1.0915115210450637
-0.44899702140148434,0.8917026775518422,0.018185840118590767
0.6664904067926202,0.5907772509251543,-0.018628764280203457
0.08729501138414254,1.5938620063474471,1.0682786036841974
1.8892362415438486,-2.3181685397994944,-0.8285500610536763
0.47342527498979403,-1.8166261620883482,-0.9635369438492553
-0.10577012041868285,0.6910857264673836,0.5423556837014228
0.8595555385954455,0.5907772509251543,0.34951727970773877
-1.5215810869727382,-0.9138498822082848,0.6492933440979203
-1.9720663945126642,-0.3119990289549091,-0.48670016306487285
0.1516500553184179,1.2929365797207593,2.5741712312348755
0.5592320002354948,-1.6160092110038897,-1.0792399862454656
0.6450387254811948,1.4935535308052177,2.5864427660344735
-0.6420621532043097,0.6910857264673836,-0.5515639898627485
-0.3202869335329336,-0.11138207787045057,-0.9933392426482791
0.9453622638411455,0.18954334875623724,1.2102777920795467
1.1384273956439717,-1.3150837843772019,-0.09050489667784932
1.245685802201097,-0.11138207787045057,-0.5147493854639542
-0.3202869335329336,-0.5126159800393677,-0.9635369438492553
0.9668139451525709,0.2898518242984665,0.41964033570544207
-2.422551702052591,1.2929365797207593,-0.754920852256088
-0.5562554279586097,-0.011073602328221294,-0.6357116570599923
0.8381038572840201,0.6910857264673836,-0.04141875747945702
-0.6635138345157351,0.2898518242984665,-0.9214631102506332
0.10874669269556791,0.7913942020096129,0.69662640689637
-0.04141507648440746,-0.11138207787045057,-0.7496616230562602
0.7308454507268948,-1.014158357750514,-0.2868494534714185
-0.7707722410728605,1.3932450552629885,0.3004311405093465
-0.2344802082872336,-0.3119990289549091,-0.649736268259533
0.3018118244983933,-0.7132329311238262,-0.14660334147601195
0.1301983740069933,0.8917026775518422,0.7194164000956236
1.1813307582668218,-1.1144668332927432,-0.5007247742644135
0.6021353628583448,0.6910857264673836,2.3813328272411916
0.7737488133497455,-0.3119990289549091,-0.34119482186963856
1.0740723517096964,-0.6129244555815969,-0.07823336187825125
1.3743958900696471,-1.3150837843772019,-0.5305270730634374
0.32326350580981866,-1.6160092110038897,-1.098523826644834
0.5806836815469194,-0.11138207787045057,0.05500044451738499
-1.8004529440212635,-0.3119990289549091,0.7229225528955088
0.9668139451525709,-0.11138207787045057,0.2706288417103226
-1.9935180758240896,0.3901602998406958,2.372567445241479
-0.38464197746720896,-0.011073602328221294,-0.8215377554539061
0.9882656264639963,0.2898518242984665,-0.1413441122761842
1.0740723517096964,-2.3181685397994944,-0.628699351460222
-1.5001294056613128,-0.5126159800393677,1.0682786036841974
0.4948769563012194,1.2929365797207593,1.1945001044800634
0.5592320002354948,1.6941704818896763,1.900989893656924
0.38761854974409404,0.6910857264673836,0.15843195211399733
-2.057873119758365,0.2898518242984665,-0.36398481506889213
-1.3499676364813373,-0.5126159800393677,3.322734854010358
1.1598790769553964,0.8917026775518422,1.876446824057728
-2.937392053526793,-0.21169055341267984,-0.48670016306487285
0.6450387254811948,-1.1144668332927432,-0.12381334827675838
-0.7707722410728605,0.9920111530940714,0.34951727970773877
1.2242341208896717,-0.4123075044971384,-0.43410787106659543
0.9239105825297209,0.18954334875623724,-0.1518625706758397
0.10874669269556791,1.5938620063474471,1.729188406462551
0.7522971320383202,-0.11138207787045057,0.36178881450733685
0.8810072199068709,0.49046877538292505,1.8834591296574983
-0.5348037466471843,1.0923196286363006,-0.3008740646709592
0.38761854974409404,0.08923487321400798,0.04974121531755724
0.6879420881040448,0.7913942020096129,1.401363119673288
-0.2130285269758082,-0.5126159800393677,-0.7093408658575808
1.245685802201097,-0.4123075044971384,-0.39378711386791604
0.7952004946611702,-0.4123075044971384,-0.3674909678687773
0.6235870441697694,-0.8135414066660555,-0.21847947387365782
-0.7493205597614351,-0.011073602328221294,-0.8688708182523558
0.9668139451525709,-0.4123075044971384,-0.5094901562641264
-1.907711350578389,1.0923196286363006,0.7246756292954514
0.34471518712124405,0.08923487321400798,0.2793942237100355
-0.01996339517298284,-1.8166261620883482,-1.0266476942471883
1.1598790769553964,0.18954334875623724,0.8421317480916044
2.2110114612152247,-2.2178600642572652,-0.6847977962583847
-0.9423856915642604,1.19262810417853,0.002408152519107529
1.331492527446797,-0.11138207787045057,-0.32191098147027014
-1.821904625332689,0.8917026775518422,1.3417585220752402
-0.7064171971385851,0.6910857264673836,-0.5024778506643561
0.7093937694154702,1.19262810417853,2.3129628476434307
-0.47044870271290895,1.2929365797207593,0.19875270931267672
-1.650291174841288,1.19262810417853,1.5275846204691539
-2.958843734838218,-0.21169055341267984,0.5686518297005615
-0.9638373728756858,1.2929365797207593,-0.6865508726583273
-0.2559318895986582,0.6910857264673836,-0.6725262614587866
-0.9852890541871112,0.8917026775518422,-0.5550701426626335
-0.01996339517298284,-0.5126159800393677,-0.9319815686502887
0.6450387254811948,0.2898518242984665,0.4266526413052124
-0.3631902961557836,-0.8135414066660555,-1.0161292358475327
-0.40609365877863357,-0.5126159800393677,-0.9232161866505758
-0.40609365877863357,0.3901602998406958,0.12337042411514569
0.516328637612644,-1.1144668332927432,-0.9950923190482217
0.34471518712124405,-0.011073602328221294,0.17420963971348058
0.1731017366298433,1.5938620063474471,1.2663762368777092
1.2242341208896717,-1.3150837843772019,-0.7899823802549396
-0.3631902961557836,0.2898518242984665,-0.27107176587193527
-0.04141507648440746,0.5907772509251543,-0.8811423530519539
-0.3202869335329336,-1.415392259919431,-0.9460061798498294
-1.7575495813984134,0.49046877538292505,1.0051678532862645
1.331492527446797,-0.3119990289549091,-0.14660334147601195
0.34471518712124405,0.6910857264673836,-0.09050489667784932
0.02293996744986792,-0.5126159800393677,-0.8390685194533318
-2.143679845004065,0.9920111530940714,-0.3464540510694663
-0.7064171971385851,-0.11138207787045057,-0.8250439082537913
-0.04141507648440746,-2.017243113172807,-1.0459315346465565
0.1731017366298433,-1.6160092110038897,-0.8951669642514946
1.1813307582668218,-0.5126159800393677,-0.2500348490726243
1.1384273956439717,-2.2178600642572652,-0.6462301154596478
-0.3631902961557836,0.18954334875623724,-0.8653646654524706
-0.42754534009005896,0.6910857264673836,-0.47968785746510256
-0.19157684566438285,-1.2147753088349726,-0.7619331578558582
1.6961711097410233,-1.3150837843772019,-0.8197846790539635
-0.6849655158271597,-0.011073602328221294,-0.767192387055686
-0.3202869335329336,-0.011073602328221294,0.3810726549067053
0.6235870441697694,1.0923196286363006,1.7660030108613451
-0.6206104718928843,0.49046877538292505,-0.6935631782580975
0.7737488133497455,0.08923487321400798,0.1829750217131935
-0.7707722410728605,1.0923196286363006,-0.36573789146883473
-0.9209340102528358,0.3901602998406958,-0.6111685874607962
0.6021353628583448,0.2898518242984665,0.22154270251193028
1.6318160658067487,-1.3150837843772019,-0.5200086146637819
0.2589084618755433,-1.5157007354616603,-1.0073638538478198
-0.5348037466471843,1.4935535308052177,-0.21497332107377265
-0.49190038402433434,-1.014158357750514,-0.8408215958532744
-0.42754534009005896,0.3901602998406958,-0.754920852256088
1.1169757143325463,-0.4123075044971384,-0.21672639747371522
-0.7922239223842851,0.9920111530940714,-0.09576412587767706
1.1813307582668218,0.6910857264673836,1.5030415508699577
0.7093937694154702,0.5907772509251543,1.7975583860603117
0.10874669269556791,-0.5126159800393677,-0.7864762274550544
-0.10577012041868285,1.6941704818896763,0.8859586580901689
0.5377803189240694,-0.11138207787045057,0.3091965225090594
0.5377803189240694,0.08923487321400798,0.042728909717786916
-1.0925474607442367,1.3932450552629885,0.24433269571118385
0.5592320002354948,0.49046877538292505,1.611732287666398
0.36616686843266866,-2.3181685397994944,-1.0371661526468436
1.3958475713810725,-1.6160092110038897,-0.7619331578558582
0.001488286138442538,-0.5126159800393677,-0.9565246382494849
1.996494648100974,-1.2147753088349726,-0.8127723734541932
-0.49190038402433434,0.08923487321400798,-0.6549954974593608
-0.47044870271290895,-1.2147753088349726,-0.8040069914544802
-0.42754534009005896,-0.6129244555815969,-0.8548462070528151
0.23745678056411867,1.3932450552629885,1.573164606867661
-0.34173861484435897,0.08923487321400798,-0.53228014946338
-0.8565789663185605,0.9920111530940714,-0.2517879254725669
0.6664904067926202,-1.014158357750514,-0.36573789146883473
-1.1783541859899367,0.7913942020096129,0.35302343250762397
-1.5859361309070128,0.2898518242984665,3.4752525008053627
0.7093937694154702,-1.014158357750514,-0.12907257747658613
0.34471518712124405,1.6941704818896763,1.8431383724588188
-1.5215810869727382,0.8917026775518422,-0.5094901562641264
-0.7707722410728605,-0.5126159800393677,-0.6251931986603368
-0.5991587905814597,0.08923487321400798,-0.8250439082537913
-0.513352065335759,-0.011073602328221294,-0.7233654770571215
1.1384273956439717,0.6910857264673836,-0.27282484227187787
0.6450387254811948,-1.415392259919431,-0.4849470866649303
0.1301983740069933,0.3901602998406958,0.11986427131526053
0.06584333007271792,0.18954334875623724,1.7274353300626084
-0.513352065335759,-0.011073602328221294,-0.6970693310579827
-0.47044870271290895,0.08923487321400798,-0.372750197068605
0.06584333007271792,1.3932450552629885,2.02019908885302
0.08729501138414254,-1.1144668332927432,-0.8986731170513796
1.2671374835125218,-2.117551588715036,-0.6988224074579253
-1.564484449595588,1.4935535308052177,2.060519846051699
0.4948769563012194,0.2898518242984665,0.2601103833106671
1.2885891648239471,-0.11138207787045057,-0.616427816660624
-2.186583207626915,-0.9138498822082848,-0.8443277486531596
-0.9638373728756858,1.6941704818896763,0.6738364136971164
-1.4786777243498874,0.18954334875623724,0.48801031530320277
1.7176227910524486,-1.3150837843772019,-0.5340332258633226
-0.47044870271290895,0.8917026775518422,2.8809596012248275
0.5377803189240694,-0.011073602328221294,0.16018502851393993
-0.3202869335329336,0.49046877538292505,-0.27282484227187787
0.5592320002354948,0.6910857264673836,2.3690612924415935
0.6021353628583448,0.5907772509251543,0.10058043091589212
0.6664904067926202,0.3901602998406958,2.4602212652386077
0.7952004946611702,0.49046877538292505,0.889464810890054
-0.14867348304153283,0.6910857264673836,-0.5988970526611981
-0.38464197746720896,0.6910857264673836,-0.691810101858155
-0.6420621532043097,1.3932450552629885,0.151419646514227
-0.8994823289414104,0.7913942020096129,0.01993891651853335
-0.49190038402433434,-0.011073602328221294,-0.6392178098598775
-0.19157684566438285,0.2898518242984665,-0.32191098147027014
-0.44899702140148434,0.2898518242984665,-0.6339585806600497
-2.679971877789692,1.19262810417853,-0.7163531714573511
-0.3631902961557836,0.08923487321400798,-0.5568232190625761
0.5806836815469194,-1.2147753088349726,-1.0915115210450637
-0.47044870271290895,0.7913942020096129,-0.32366405787021274
-2.679971877789692,1.5938620063474471,-0.4937124686646432
-0.14867348304153283,-0.8135414066660555,-0.8548462070528151
0.1731017366298433,-1.8166261620883482,-1.0915115210450637
-0.1701251643529582,-0.21169055341267984,-0.8688708182523558
-0.6206104718928843,0.9920111530940714,-0.5831193650617149
0.8166521759725955,-2.3181685397994944,-1.002104624647992
-0.34173861484435897,0.18954334875623724,-0.2517879254725669
-3.0875538227067683,1.0923196286363006,-0.42008325986705475
-0.6206104718928843,0.5907772509251543,-0.8758831238521261
-0.19157684566438285,0.08923487321400798,-0.05719644507894026
-1.6073878122184382,0.3901602998406958,-0.015122611480318291
0.06584333007271792,-2.2178600642572652,-1.1125484378443746
-0.8565789663185605,0.3901602998406958,-0.8793892766520113
-0.10577012041868285,-1.2147753088349726,-0.9337346450502313
-0.44899702140148434,0.3901602998406958,-0.5480578370628633
-0.14867348304153283,-0.6129244555815969,-0.8951669642514946
-0.5348037466471843,0.08923487321400798,-0.6357116570599923
0.7308454507268948,-1.716317686546119,-1.0406723054467288
-0.2130285269758082,-1.014158357750514,-0.8285500610536763
-0.34173861484435897,-0.8135414066660555,-0.8951669642514946
-0.6849655158271597,1.0923196286363006,-0.15010949427589712
-0.34173861484435897,-0.6129244555815969,-0.6865508726583273
-0.34173861484435897,0.49046877538292505,-0.8688708182523558
-0.06286675779583284,-0.5126159800393677,-0.9039323462512074
-0.2773835709100836,-0.6129244555815969,-0.9162038810508055
-1.8862596692669642,-0.6129244555815969,-0.3762563498684902
0.1945534179412679,-1.5157007354616603,-0.9460061798498294
0.3018118244983933,-1.716317686546119,-1.031906923447016
-1.564484449595588,-0.011073602328221294,-0.4270955654668251
-0.6635138345157351,0.49046877538292505,-0.8355623666534467
-0.49190038402433434,-0.011073602328221294,-0.9197100338506906
0.06584333007271792,-0.3119990289549091,-0.47793478106515996
-0.34173861484435897,-1.014158357750514,-0.9460061798498294
-0.04141507648440746,-0.5126159800393677,-0.7514146994562028
-0.38464197746720896,-0.011073602328221294,-0.6953162546580401
-0.3631902961557836,-1.3150837843772019,-0.8741300474521835
-0.40609365877863357,0.3901602998406958,-0.7917354566548822
0.10874669269556791,-2.2178600642572652,-1.077486909845523
-0.47044870271290895,-0.5126159800393677,-1.002104624647992
0.8810072199068709,-1.5157007354616603,-1.0669684514458675
-0.513352065335759,-0.011073602328221294,-0.9249692630505184
-0.513352065335759,0.08923487321400798,-0.0010980002807776353
0.43052191236694404,-1.5157007354616603,-1.0844992154452933
-0.7278688784500097,0.2898518242984665,-0.6129216638607388
-0.7922239223842851,-0.6129244555815969,-0.41833018346711215
-0.7278688784500097,0.2898518242984665,-0.8338092902535041
-1.650291174841288,0.9920111530940714,0.15667887571405475
-0.6635138345157351,-0.4123075044971384,-0.6620078030591311
-0.5991587905814597,0.08923487321400798,-0.7619331578558582
0.7093937694154702,-1.2147753088349726,-1.023141541447303
-0.3202869335329336,0.18954334875623724,-0.6462301154596478
-0.47044870271290895,0.3901602998406958,-0.8758831238521261
-0.8136756036957105,1.3932450552629885,-0.08173951467813641
-2.315293295495466,-0.11138207787045057,-0.18692409867469134
-0.5348037466471843,-0.5126159800393677,-0.5410455314630929
0.06584333007271792,-1.415392259919431,-0.9845738606485662
0.6879420881040448,-2.117551588715036,-0.9495123326497146
-0.6849655158271597,0.8917026775518422,0.5896887464998726
0.10874669269556791,-0.8135414066660555,-1.044178458246614
-1.3499676364813373,-0.8135414066660555,0.4564549401042363
0.6235870441697694,-2.017243113172807,-0.9407469506500017
-0.38464197746720896,-0.11138207787045057,-0.7093408658575808
0.1731017366298433,-2.3181685397994944,-1.0371661526468436
-0.01996339517298284,-0.6129244555815969,-0.8618585126525854
-0.06286675779583284,-0.11138207787045057,-0.7531677758561454
-0.5348037466471843,1.2929365797207593,-0.5866255178616001
0.02293996744986792,-2.117551588715036,-0.9740554022489107
-0.513352065335759,0.08923487321400798,-0.24652869627273913
-1.2641609112356367,1.4935535308052177,-0.08524566747802158
-2.5512617899211416,-0.7132329311238262,-0.7163531714573511
-0.7278688784500097,0.18954334875623724,-0.893413887851552
0.06584333007271792,-0.4123075044971384,-0.9004261934513222
-0.19157684566438285,0.3901602998406958,-0.3569725094691218
-0.38464197746720896,0.08923487321400798,-0.754920852256088
-0.38464197746720896,0.5907772509251543,-0.2605533074722798
-0.5562554279586097,0.49046877538292505,-0.5270209202635523
0.1516500553184179,-1.716317686546119,-1.0687215278458102
-0.7278688784500097,0.8917026775518422,0.1040865837157773
-2.358196658118316,0.49046877538292505,-0.029147222679858947
-0.19157684566438285,-0.4123075044971384,-0.9880800134484513
0.4948769563012194,-1.716317686546119,-0.9162038810508055
-1.9291630318898143,1.2929365797207593,0.5143064613023415
-0.8994823289414104,0.9920111530940714,0.5318372253017674
-0.12722180173010822,0.5907772509251543,-0.27107176587193527
-3.001747097461068,1.3932450552629885,0.21453039691215997
-0.14867348304153283,-0.11138207787045057,-0.733883935456777
-0.44899702140148434,-1.014158357750514,-0.9915861662483365
-0.10577012041868285,-0.3119990289549091,-0.7987477622546525
-0.7922239223842851,0.5907772509251543,-0.7952416094547673
-0.40609365877863357,-0.4123075044971384,-0.7829700746551692
-0.06286675779583284,-0.7132329311238262,-0.9021792698512648
-0.44899702140148434,-0.8135414066660555,-0.8899077350516668
-1.049644098121386,1.2929365797207593,-0.4007994194676864
-0.2344802082872336,-1.415392259919431,-0.8864015822517816
-0.2773835709100836,0.6910857264673836,-0.767192387055686
0.02293996744986792,-2.2178600642572652,-1.0617092222460398
-0.40609365877863357,0.49046877538292505,-0.40956480146739926
-0.2559318895986582,0.3901602998406958,-0.5059840034642413
-0.2344802082872336,-1.3150837843772019,-0.7373900882566621
-0.3631902961557836,0.2898518242984665,-0.565588601062289
-1.1354508233670866,0.6910857264673836,0.3968503425061885
-0.513352065335759,-0.5126159800393677,-0.7408962410565473
-0.8136756036957105,1.6941704818896763,-0.5094901562641264
-0.2559318895986582,1.0923196286363006,-0.3376886690697534
-2.014969757135514,0.8917026775518422,-0.595390899861313
-0.513352065335759,-0.3119990289549091,-0.9652900202491977
-0.7064171971385851,-0.11138207787045057,-0.7847231510551118
0.5806836815469194,-1.415392259919431,-1.0809930626454083
-1.0281924168099612,0.5907772509251543,-0.0028510766807202173
-0.2988352522215082,-0.011073602328221294,-0.6479831918595904
-0.5777071092700343,0.9920111530940714,-0.5024778506643561
0.001488286138442538,-1.1144668332927432,-0.9933392426482791
-0.2773835709100836,1.0923196286363006,-0.7689454634556286
-1.0710957794328113,0.6910857264673836,0.4354180233049253
-0.6206104718928843,1.6941704818896763,-0.21322024467383008
-0.7493205597614351,0.5907772509251543,-0.38326865546826056
-0.34173861484435897,-0.3119990289549091,-0.896920040651437
-0.49190038402433434,-0.8135414066660555,-0.733883935456777
-0.06286675779583284,-0.4123075044971384,-0.9512654090496572
-0.6635138345157351,0.08923487321400798,-0.6146747402606814
0.5592320002354948,-1.3150837843772019,-1.1178076670442025
-0.8351272850071351,1.19262810417853,0.2706288417103226
-2.16513152631549,1.0923196286363006,-0.03265337547974411
-2.186583207626915,1.4935535308052177,0.030457374918188843
-1.5215810869727382,-0.6129244555815969,-0.3166517522704424
-0.1701251643529582,0.49046877538292505,-0.5971439762612556
-1.3928709991041874,0.49046877538292505,-0.5673416774622316
-0.49190038402433434,0.8917026775518422,-0.6374647334599349
-0.1701251643529582,0.5907772509251543,-0.758427005055973
-1.242709229924212,0.18954334875623724,-0.7952416094547673
-1.049644098121386,0.8917026775518422,-0.372750197068605
-0.9423856915642604,-0.7132329311238262,-0.8057600678544228
-0.6635138345157351,0.5907772509251543,-0.8250439082537913
-0.38464197746720896,-0.011073602328221294,-0.8197846790539635
-0.12722180173010822,0.18954334875623724,-0.08699874387796416
-0.513352065335759,-0.3119990289549091,-0.6269462750602794
0.08729501138414254,-0.6129244555815969,-0.9495123326497146
-1.7790012627098388,0.2898518242984665,-0.6444770390597052
-0.513352065335759,0.8917026775518422,-0.35346635666923665
0.3018118244983933,-1.3150837843772019,-1.0476846110464992
-0.5348037466471843,-0.3119990289549091,-0.6988224074579253
-0.44899702140148434,-0.4123075044971384,-0.9249692630505184
-0.3631902961557836,0.18954334875623724,-0.7619331578558582
-1.0067407354985358,1.2929365797207593,0.29517191130951875
-2.100776482381215,1.0923196286363006,-0.18341794587480617
-0.6420621532043097,0.9920111530940714,0.03571660411801659
0.08729501138414254,0.2898518242984665,-0.9197100338506906
-0.04141507648440746,0.49046877538292505,-0.7233654770571215
-0.44899702140148434,0.49046877538292505,-0.6900570254582123
-0.5562554279586097,0.3901602998406958,-0.6690201086589014
-0.01996339517298284,-1.415392259919431,-0.9635369438492553
-1.8004529440212635,-0.21169055341267984,0.5861825936999874
-0.47044870271290895,-0.4123075044971384,-1.0371661526468436
-0.5562554279586097,0.3901602998406958,-0.7724516162555137
-2.12222816369264,0.49046877538292505,-0.595390899861313
-1.6073878122184382,0.7913942020096129,0.3547765089075665
-0.6420621532043097,-0.011073602328221294,-0.5392924550631504
-0.38464197746720896,0.8917026775518422,-0.06946797987853834
-0.19157684566438285,0.8917026775518422,-0.40956480146739926
-0.2344802082872336,0.08923487321400798,-0.0010980002807776353
-0.5562554279586097,1.0923196286363006,-0.5024778506643561
0.8381038572840201,-1.5157007354616603,-1.0143761594475902
-1.4357743617270373,0.08923487321400798,-0.7742046926554563
-0.34173861484435897,-0.5126159800393677,-0.8478339014530448
-0.44899702140148434,-0.011073602328221294,-0.7864762274550544
-0.1701251643529582,-0.21169055341267984,-0.9126977282509203
-0.08431843910725746,-1.415392259919431,-1.0827461390453508
-0.47044870271290895,0.18954334875623724,-0.7303777826568918
-0.7278688784500097,1.6941704818896763,-0.09576412587767706
-0.3631902961557836,1.19262810417853,-0.09050489667784932
-0.3631902961557836,0.5907772509251543,-0.733883935456777
-0.04141507648440746,-1.3150837843772019,-0.8250439082537913
-0.7278688784500097,-0.21169055341267984,-0.7093408658575808
-0.40609365877863357,0.5907772509251543,-0.7373900882566621
0.4948769563012194,-2.017243113172807,-1.0143761594475902
-0.3202869335329336,0.7913942020096129,-0.7163531714573511
-0.47044870271290895,0.9920111530940714,-0.20445486267411717
-0.49190038402433434,0.49046877538292505,-0.7461554702563751
0.001488286138442538,-0.3119990289549091,-0.9074384990510925
-0.42754534009005896,0.5907772509251543,-0.7146000950574085
-0.47044870271290895,-0.011073602328221294,-0.6988224074579253
-0.6420621532043097,0.2898518242984665,-0.7706985398555711
-0.513352065335759,0.3901602998406958,-0.8741300474521835
-1.650291174841288,-0.6129244555815969,0.4161341829055569
0.001488286138442538,-0.5126159800393677,-0.863611589052528
-0.5991587905814597,1.6941704818896763,-0.2412694670729114
-1.9935180758240896,-0.7132329311238262,0.33549266850819814
-0.7493205597614351,0.7913942020096129,-0.44813248226613606
-0.6849655158271597,1.0923196286363006,-0.1606279526755526
-0.19157684566438285,-0.8135414066660555,-1.010870006647705
-1.3070642738584874,0.3901602998406958,0.26536961251049485
0.9239105825297209,-1.3150837843772019,-0.9687961730490829
-2.07932480106979,1.3932450552629885,-0.48845323946481545
-0.513352065335759,-0.011073602328221294,-0.7128470186574659
-0.5348037466471843,-0.3119990289549091,-0.9705492494490255
-0.6420621532043097,0.6910857264673836,-0.8618585126525854
-1.564484449595588,-0.6129244555815969,0.007667381718935275
-0.7922239223842851,0.49046877538292505,-0.4691693990654471
-0.42754534009005896,0.08923487321400798,-0.6199339694605092
-1.0925474607442367,1.6941704818896763,-0.4428732530663083
-1.8433563066441143,1.19262810417853,-0.5936378234613704
-0.3631902961557836,0.18954334875623724,0.1040865837157773
-0.38464197746720896,-0.11138207787045057,-0.5007247742644135
-0.5562554279586097,0.08923487321400798,-0.896920040651437
-0.2344802082872336,0.49046877538292505,-0.7479085466563176
0.6664904067926202,-1.9169346376305774,-1.1107953614444321
-0.7707722410728605,1.2929365797207593,-0.36223173866894953
-0.8351272850071351,1.3932450552629885,-0.2921086826712463
-0.10577012041868285,0.08923487321400798,-0.7514146994562028
0.6021353628583448,-1.415392259919431,-1.0844992154452933
-0.5991587905814597,0.5907772509251543,0.1216173477152031
-0.3202869335329336,0.49046877538292505,-0.036159528279629274
-0.44899702140148434,0.3901602998406958,-0.8110192970542506
0.08729501138414254,-1.014158357750514,-1.0178823122474752
-0.47044870271290895,0.5907772509251543,-0.8145254498541358
-0.2344802082872336,-1.2147753088349726,-0.7233654770571215
-0.34173861484435897,0.18954334875623724,-0.11504796627704547
-0.2559318895986582,0.5907772509251543,0.2495919249110116
-0.3631902961557836,0.3901602998406958,-0.8267969846537339
-2.6585201964782668,-0.6129244555815969,-0.0642087506787106
-0.2988352522215082,-0.4123075044971384,-0.9845738606485662
0.06584333007271792,-1.8166261620883482,-1.065215375045925
-1.3928709991041874,-0.9138498822082848,-0.5077370798641838
0.06584333007271792,-0.5126159800393677,-0.5568232190625761
-1.8862596692669642,0.49046877538292505,0.11285196571549021
-0.12722180173010822,0.6910857264673836,-0.830303137453619
-0.7278688784500097,0.2898518242984665,-0.6795385670585569
-0.49190038402433434,0.18954334875623724,-0.1325787302764713
-0.19157684566438285,-1.3150837843772019,-0.7373900882566621
-0.2559318895986582,0.6910857264673836,-0.7181062478572937
-0.40609365877863357,0.6910857264673836,-0.595390899861313
-0.49190038402433434,0.8917026775518422,-0.1395910358762416
-0.12722180173010822,0.9920111530940714,0.407368800905844
-2.637068515166842,1.4935535308052177,-0.17465256387509326
-0.6635138345157351,0.2898518242984665,-0.7864762274550544
-0.19157684566438285,0.08923487321400798,0.1917404037129064
-2.186583207626915,0.49046877538292505,0.12687657691503085
0.08729501138414254,-0.5126159800393677,-0.90568542265115
-0.2988352522215082,-0.8135414066660555,-0.6953162546580401
-0.04141507648440746,-0.6129244555815969,-0.9004261934513222
0.044391648761292535,-0.4123075044971384,-0.7969946858547099
-0.5348037466471843,0.5907772509251543,-0.2289979322733133
-0.2988352522215082,0.49046877538292505,-0.6549954974593608
0.47342527498979403,-1.1144668332927432,-0.9933392426482791
-0.7064171971385851,-0.11138207787045057,-0.8548462070528151
0.02293996744986792,-1.716317686546119,-0.9723023258489681
-0.2559318895986582,0.18954334875623724,-0.6830447198584421
-2.7443269217239674,1.3932450552629885,-0.7514146994562028
-1.0067407354985358,0.7913942020096129,0.3828257313066478
-0.5348037466471843,0.49046877538292505,-0.725118553457064
-0.6206104718928843,1.3932450552629885,-0.10102335507750482
-0.2773835709100836,-1.2147753088349726,-0.7268716298570066
-1.0067407354985358,0.6910857264673836,0.005914305318992693
-0.5562554279586097,0.5907772509251543,-0.6514893446594756
-0.7493205597614351,0.08923487321400798,-0.9302284922503461
-0.44899702140148434,0.3901602998406958,-0.6532424210594182
-0.7278688784500097,1.2929365797207593,-0.4551447878659064
-0.47044870271290895,0.3901602998406958,-0.6637608794590737
0.10874669269556791,0.5907772509251543,-0.9004261934513222
-0.8565789663185605,-0.011073602328221294,-0.7987477622546525
-0.7707722410728605,-0.011073602328221294,-0.8548462070528151
-1.328515955169912,0.2898518242984665,0.06201275011715532
-0.6420621532043097,0.18954334875623724,-0.8776362002520687
-0.6420621532043097,-0.3119990289549091,-0.46215709346567674
-0.9638373728756858,-0.21169055341267984,-0.8022539150545377
-0.49190038402433434,0.08923487321400798,-0.02213491708008862
0.7522971320383202,-1.5157007354616603,-0.9740554022489107
-1.6073878122184382,0.8917026775518422,-0.616427816660624
-0.2988352522215082,-0.21169055341267984,-0.5024778506643561
-0.38464197746720896,0.08923487321400798,0.014679687318705604
0.02293996744986792,-0.5126159800393677,-0.6900570254582123
0.23745678056411867,-1.8166261620883482,-1.0424253818466713
-0.8136756036957105,0.8917026775518422,-0.46215709346567674
-0.2559318895986582,0.5907772509251543,-0.8548462070528151
-0.6849655158271597,0.18954334875623724,-0.9354877214501739
-0.3631902961557836,-0.5126159800393677,-0.9004261934513222
-0.513352065335759,0.49046877538292505,-0.7356370118567195
-0.38464197746720896,1.0923196286363006,-0.06596182707865317
-0.7064171971385851,-0.011073602328221294,-0.6883039490582699
-0.5777071092700343,0.5907772509251543,0.15667887571405475
0.38761854974409404,-1.3150837843772019,-0.9565246382494849
-0.7064171971385851,0.3901602998406958,-0.8408215958532744
-0.5991587905814597,1.3932450552629885,0.4652203221039492
-0.8136756036957105,0.6910857264673836,-0.6409708862598201
-1.6717428561527135,-0.6129244555815969,-0.6637608794590737
-0.513352065335759,-0.11138207787045057,-0.5445516842629781
-2.937392053526793,0.49046877538292505,0.1899873273129638
-0.2988352522215082,-0.6129244555815969,-0.7706985398555711
-0.2773835709100836,0.7913942020096129,-0.04843106307922735
-0.5562554279586097,0.5907772509251543,-0.8548462070528151
0.6664904067926202,-2.2178600642572652,-1.0669684514458675
0.40907023105551865,0.5907772509251543,0.8719340468906283
-1.7146462187755636,-0.11138207787045057,0.8281071368920637
0.8166521759725955,0.5907772509251543,0.27764114731009293
0.1731017366298433,-1.716317686546119,-0.9898330898483939
-0.34173861484435897,0.2898518242984665,-0.767192387055686
-0.49190038402433434,0.3901602998406958,-0.8110192970542506
-0.6206104718928843,0.8917026775518422,-0.3008740646709592
-2.4011000207411657,-0.8135414066660555,0.3127026753089446
0.2160050992526933,-1.8166261620883482,-1.0073638538478198
1.0955240330211218,0.18954334875623724,0.5511210657011357
-0.08431843910725746,-1.415392259919431,-1.0844992154452933
0.5592320002354948,0.9920111530940714,2.421653584439871
1.2027824395782472,-0.9138498822082848,-0.5007247742644135
0.044391648761292535,1.0923196286363006,2.3147159240433735
-1.0067407354985358,1.19262810417853,0.5423556837014228
0.5377803189240694,0.6910857264673836,0.26361653611055225
0.7093937694154702,-2.4184770153417237,-1.107289208644547
0.4519735936783694,0.3901602998406958,0.36003573810739425
0.5806836815469194,1.0923196286363006,1.0542539924846568
-1.9720663945126642,-0.5126159800393677,2.3287405352429142
-0.01996339517298284,0.5907772509251543,1.4294123420723694
-2.2080348889383403,1.19262810417853,0.09181504891617921
1.6103643844953233,-1.415392259919431,-0.6988224074579253
0.32326350580981866,0.3901602998406958,0.17771579251336575
-0.7064171971385851,1.5938620063474471,0.22855500811170062
0.7522971320383202,-1.6160092110038897,-1.0704746042457527
1.245685802201097,-0.7132329311238262,-0.36223173866894953
-0.513352065335759,0.3901602998406958,-0.8706238946522984
1.245685802201097,-0.11138207787045057,-0.4376140238664806
-1.1569025046785113,1.5938620063474471,-0.06771490347859575
-0.1701251643529582,-0.21169055341267984,-0.8758831238521261
-2.07932480106979,0.5907772509251543,0.20401193851250446
-0.2344802082872336,1.5938620063474471,1.9886437136540533
0.34471518712124405,0.5907772509251543,0.1899873273129638
1.2242341208896717,-0.8135414066660555,-0.1711464110752081
0.1731017366298433,-1.716317686546119,-1.0546969166462694
-0.2559318895986582,0.5907772509251543,-0.6024032054610833
-0.513352065335759,0.08923487321400798,-0.6970693310579827
0.9882656264639963,0.08923487321400798,0.8228479076922359
-0.513352065335759,-0.21169055341267984,-0.8618585126525854
-0.06286675779583284,-2.017243113172807,-1.0564499930462121
-0.8780306476299858,0.5907772509251543,-0.3078863702707295
-0.38464197746720896,0.2898518242984665,-0.34996020386935145
0.9024589012182955,0.18954334875623724,0.3144557517088871
0.9024589012182955,1.0923196286363006,1.5170661620694985
1.1169757143325463,-0.5126159800393677,0.19524655651279155
-0.9423856915642604,0.18954334875623724,-0.6777854906586144
-0.2559318895986582,-0.6129244555815969,2.1639513536483115
-0.7707722410728605,1.4935535308052177,2.8599226844255163
0.06584333007271792,-2.3181685397994944,-1.0634622986459823
-0.2344802082872336,0.2898518242984665,-0.5901316706614852
0.1301983740069933,0.6910857264673836,1.5381030788688095
-2.2723899328726156,1.19262810417853,0.5213187669021119
-0.40609365877863357,0.18954334875623724,-0.8864015822517816
-0.40609365877863357,0.6910857264673836,-0.6830447198584421
-2.7872302843468173,-0.5126159800393677,-0.31314559947055726
0.06584333007271792,-1.5157007354616603,-0.9845738606485662
0.9668139451525709,0.08923487321400798,0.047988138917614664
-0.40609365877863357,0.49046877538292505,-0.565588601062289
0.044391648761292535,-0.6129244555815969,-0.9389938742500591
0.47342527498979403,0.49046877538292505,0.29341883490957615
0.6664904067926202,1.2929365797207593,2.6250104468332105
-0.34173861484435897,0.6910857264673836,-0.7373900882566621
-1.4143226804156128,1.0923196286363006,-0.511243232664069
0.7737488133497455,0.49046877538292505,0.6878610248966571
0.08729501138414254,-0.7132329311238262,-0.6742793378587292
0.6664904067926202,0.08923487321400798,0.5791702881002171
0.4519735936783694,0.7913942020096129,2.686368120831201
-0.3631902961557836,0.18954334875623724,-0.6532424210594182
0.4519735936783694,0.49046877538292505,0.012926610918763022
0.2589084618755433,-0.7132329311238262,-0.11504796627704547
0.9882656264639963,-0.011073602328221294,-0.4270955654668251
-1.1139991420556612,-0.5126159800393677,2.2182967220465315
1.1169757143325463,0.2898518242984665,0.6159848924990112
0.08729501138414254,1.2929365797207593,3.0282180188200045
-0.38464197746720896,0.08923487321400798,-0.8373154430533893
0.6664904067926202,0.2898518242984665,2.120124443649747
0.40907023105551865,-1.5157007354616603,-1.0634622986459823
-0.47044870271290895,0.18954334875623724,-0.6620078030591311
0.6450387254811948,-0.011073602328221294,0.41262803010567173
-1.9506147132012397,0.49046877538292505,0.1409011881145715
0.4519735936783694,1.3932450552629885,2.165704430048254
-1.821904625332689,0.49046877538292505,2.8266142328266075
-0.49190038402433434,0.5907772509251543,-0.13783795947629904
-2.8730370095925175,0.2898518242984665,0.5844295173000448
-0.3202869335329336,-0.11138207787045057,-0.7934885330548247
1.1384273956439717,-1.6160092110038897,-0.6672670322589588
0.8595555385954455,1.2929365797207593,2.0254583180528476
-1.8862596692669642,0.5907772509251543,-0.3043802174708443
1.0311689890868463,-2.4184770153417237,-0.809266220654308
-0.6635138345157351,1.0923196286363006,0.2303080845116432
0.1731017366298433,-2.117551588715036,-0.9793146314487384
0.4519735936783694,0.08923487321400798,0.19875270931267672
-0.06286675779583284,1.2929365797207593,1.590695370867087
-0.3631902961557836,0.08923487321400798,0.05149429171749983
1.1598790769553964,0.49046877538292505,0.5826764409001022
0.10874669269556791,0.18954334875623724,0.5055410793026286
1.7605261536752994,-1.415392259919431,-0.6076624346609111
1.8892362415438486,-2.117551588715036,-0.8232908318538487
-0.7064171971385851,0.2898518242984665,-0.830303137453619
1.2242341208896717,-0.011073602328221294,0.5774172117002745
-0.5348037466471843,0.8917026775518422,-0.5375393786632078
0.06584333007271792,-0.11138207787045057,-0.6725262614587866
0.044391648761292535,1.0923196286363006,1.112105513682762
-0.5991587905814597,0.49046877538292505,-0.9004261934513222
-2.16513152631549,0.18954334875623724,0.009420458118877857
0.7952004946611702,0.08923487321400798,0.2601103833106671
0.9668139451525709,0.7913942020096129,0.9034894220895947
-1.0710957794328113,1.6941704818896763,-0.0010980002807776353
1.3743958900696471,0.08923487321400798,0.06902505571692565
1.3743958900696471,0.3901602998406958,-0.29386175907118883
0.4948769563012194,-0.5126159800393677,-0.11855411907693064
-0.44899702140148434,0.6910857264673836,-0.8618585126525854
0.36616686843266866,0.18954334875623724,0.40210957170601624
0.9668139451525709,-1.2147753088349726,-0.6812916434584995
-1.8433563066441143,1.0923196286363006,3.5173263344039847
-0.6420621532043097,0.3901602998406958,-0.7005754838578679
-0.7922239223842851,0.6910857264673836,0.11986427131526053
-0.6206104718928843,0.3901602998406958,-0.7636862342558008
0.4519735936783694,-0.011073602328221294,0.3091965225090594
0.5806836815469194,-1.3150837843772019,-0.1518625706758397
-0.5991587905814597,0.08923487321400798,3.2894264024114492
1.1813307582668218,-2.2178600642572652,-0.8022539150545377
-2.2938416141840405,-0.21169055341267984,-0.34996020386935145
-0.7064171971385851,1.2929365797207593,0.10233350731583471
-0.8994823289414104,0.49046877538292505,-0.947759256249772
-0.42754534009005896,-0.11138207787045057,-0.947759256249772
-0.14867348304153283,0.18954334875623724,-0.5708478302621168
1.503105977938198,-1.1144668332927432,-0.7461554702563751
0.32326350580981866,1.5938620063474471,2.593455071634244
-0.2559318895986582,-1.3150837843772019,-0.8828954294518965
0.2160050992526933,0.5907772509251543,2.0026683248535937
0.40907023105551865,0.2898518242984665,0.26712268891043744
-0.8565789663185605,0.8917026775518422,-0.2412694670729114
0.7093937694154702,1.19262810417853,1.581929988867374
-1.907711350578389,0.6910857264673836,-0.3061332938707869
0.02293996744986792,1.3932450552629885,0.8298602132920063
-1.5430327682841627,-0.21169055341267984,-0.3885278846680883
0.7093937694154702,0.3901602998406958,0.8473909772914321
-0.7278688784500097,0.18954334875623724,-0.5936378234613704
-0.19157684566438285,-0.11138207787045057,-0.7794639218552841
-0.04141507648440746,-1.415392259919431,-0.926722339450461
-0.12722180173010822,0.6910857264673836,-0.05719644507894026
-0.7922239223842851,0.7913942020096129,-0.46215709346567674
1.1813307582668218,-0.3119990289549091,-0.3885278846680883
-0.8780306476299858,0.6910857264673836,-0.8355623666534467
1.2885891648239471,-0.21169055341267984,-0.2798371478716482
-0.7278688784500097,-0.11138207787045057,-0.8951669642514946
-0.9852890541871112,0.9920111530940714,0.6773425664970016
-0.12722180173010822,0.7913942020096129,0.06727197931698306
-2.722875240412542,0.5907772509251543,-0.8320562138535615
-0.5562554279586097,0.2898518242984665,-0.7444023938564325
-0.08431843910725746,-0.11138207787045057,-0.3990463430677438
-0.42754534009005896,0.5907772509251543,-0.6830447198584421
-0.2988352522215082,0.2898518242984665,-0.10628258427733256
-0.40609365877863357,0.18954334875623724,-0.7198593242572363
0.02293996744986792,-1.1144668332927432,-1.010870006647705
-0.10577012041868285,0.2898518242984665,-0.9302284922503461
0.7737488133497455,-2.4184770153417237,-1.0546969166462694
0.28036014318696867,-2.2178600642572652,-1.0073638538478198
-0.19157684566438285,1.2929365797207593,-0.19744255707434683
-0.10577012041868285,-2.3181685397994944,-0.9407469506500017
-0.40609365877863357,-0.11138207787045057,-0.9214631102506332
-0.6849655158271597,0.49046877538292505,-0.5778601358618871
-0.2988352522215082,-0.3119990289549091,-0.5217616910637245
-0.9209340102528358,0.49046877538292505,-0.863611589052528
-0.5562554279586097,1.0923196286363006,-0.7058347130576956
-0.7064171971385851,0.49046877538292505,-0.8653646654524706
-0.49190038402433434,1.2929365797207593,-0.48670016306487285
-1.3499676364813373,1.19262810417853,-0.6076624346609111
-0.5348037466471843,-0.4123075044971384,-0.6935631782580975
0.34471518712124405,-2.2178600642572652,-1.010870006647705
0.1945534179412679,-1.8166261620883482,-1.044178458246614
0.044391648761292535,0.49046877538292505,-0.5357863022632652
-0.7493205597614351,0.49046877538292505,-0.6585016502592459
-1.6288394935298636,-0.7132329311238262,-0.016875687880260875
-0.7707722410728605,0.49046877538292505,-0.6830447198584421
-0.8565789663185605,1.5938620063474471,0.5072941557025712
-0.1701251643529582,0.49046877538292505,-0.9162038810508055
-0.2773835709100836,0.8917026775518422,-0.725118553457064
-0.04141507648440746,-1.6160092110038897,-0.9933392426482791
-1.4786777243498874,0.8917026775518422,-0.6760324142586718
-0.8994823289414104,1.6941704818896763,0.7124040944958533
-0.38464197746720896,-1.2147753088349726,-1.005610777447877
-2.5083584272982913,0.8917026775518422,-0.8250439082537913
-0.6206104718928843,1.0923196286363006,-0.43060171826671023
-0.5348037466471843,0.49046877538292505,-0.7268716298570066
-0.34173861484435897,-0.011073602328221294,-0.7514146994562028
-0.5777071092700343,0.3901602998406958,-0.6585016502592459
-0.47044870271290895,0.5907772509251543,-0.44988555866607866
-0.5777071092700343,0.7913942020096129,-0.7128470186574659
0.10874669269556791,-2.2178600642572652,-1.1055361322446045
-0.5348037466471843,0.3901602998406958,-0.7005754838578679
0.47342527498979403,-2.2178600642572652,-0.9775615550487958
-0.40609365877863357,0.5907772509251543,-0.9004261934513222
-2.2938416141840405,-0.11138207787045057,0.7018856360961978
-3.1090055040181936,-0.11138207787045057,0.2864065293098058
-0.42754534009005896,-0.11138207787045057,-0.9232161866505758
-0.513352065335759,0.18954334875623724,-0.6620078030591311
-0.44899702140148434,0.6910857264673836,-0.5778601358618871
-0.3202869335329336,1.0923196286363006,0.365294967307222
-0.40609365877863357,-1.415392259919431,-0.8180316026540209
-1.8433563066441143,-0.9138498822082848,-0.8232908318538487
-0.44899702140148434,0.08923487321400798,0.11811119491531795
-0.47044870271290895,0.7913942020096129,-0.7531677758561454
-0.2773835709100836,-0.11138207787045057,-0.8583523598527003
-0.6635138345157351,-0.11138207787045057,-0.7058347130576956
-0.08431843910725746,-1.2147753088349726,-1.0301538470470732
0.9024589012182955,-2.3181685397994944,-1.0161292358475327
-1.2212575486127866,0.8917026775518422,-0.34996020386935145
-0.14867348304153283,-1.014158357750514,-0.9512654090496572
-0.7064171971385851,0.8917026775518422,-0.18341794587480617
-0.8994823289414104,0.9920111530940714,-0.20445486267411717
-0.6635138345157351,0.9920111530940714,-0.4814409338650451
-0.12722180173010822,0.18954334875623724,-0.6059093582609685
-0.2130285269758082,0.8917026775518422,-0.6725262614587866
-0.7064171971385851,0.18954334875623724,-0.767192387055686
-0.2988352522215082,1.2929365797207593,-0.15887487627561003
-0.47044870271290895,1.19262810417853,-0.4007994194676864
-0.5562554279586097,1.6941704818896763,-0.1220602718768158
-1.9720663945126642,-0.7132329311238262,-0.2991209882710166
-0.8994823289414104,-0.6129244555815969,-0.9109446518509777
-0.5348037466471843,-0.11138207787045057,-0.5077370798641838
-0.3631902961557836,0.3901602998406958,-0.7531677758561454
-0.7707722410728605,-0.7132329311238262,-0.8741300474521835
0.9239105825297209,-2.3181685397994944,-1.0967707502448913
-0.9638373728756858,1.0923196286363006,-0.4130709542672844
-1.3928709991041874,0.7913942020096129,-0.1220602718768158
-0.513352065335759,-1.014158357750514,-0.9091915754510351
0.4519735936783694,-1.6160092110038897,-1.0757338334455804
0.06584333007271792,-0.8135414066660555,-0.8916608114516094
-0.9852890541871112,1.6941704818896763,-0.5340332258633226
-0.9638373728756858,0.08923487321400798,-0.8022539150545377
-0.7278688784500097,0.2898518242984665,-0.7058347130576956
-2.6585201964782668,-0.6129244555815969,-0.14309718867612678
-0.7064171971385851,0.8917026775518422,0.15317272291416958
-0.44899702140148434,0.3901602998406958,-0.893413887851552
0.001488286138442538,-0.9138498822082848,-0.8338092902535041
0.516328637612644,-1.2147753088349726,-1.065215375045925
-1.1569025046785113,1.0923196286363006,-0.29736791187107403
0.9453622638411455,-2.4184770153417237,-1.098523826644834
-0.38464197746720896,0.5907772509251543,-0.6672670322589588
-0.1701251643529582,0.2898518242984665,0.0830496669164663
-0.47044870271290895,0.08923487321400798,-0.8373154430533893
-2.143679845004065,-0.5126159800393677,-0.4411201766663657
-1.8862596692669642,0.8917026775518422,0.037469680517959174
-0.40609365877863357,0.18954334875623724,-0.6847977962583847
-0.01996339517298284,0.49046877538292505,-0.8864015822517816
-0.08431843910725746,0.08923487321400798,-0.6883039490582699
-2.6585201964782668,-0.21169055341267984,-0.5690947538621742
-1.0925474607442367,1.5938620063474471,-0.7093408658575808
-0.6849655158271597,0.18954334875623724,-0.809266220654308
-3.0661021413953433,0.2898518242984665,-0.221985626673543
-0.5991587905814597,0.2898518242984665,-0.6953162546580401
-0.2344802082872336,0.9920111530940714,0.15317272291416958
0.8595555385954455,-2.3181685397994944,-1.0424253818466713
-0.42754534009005896,-0.11138207787045057,-0.7619331578558582
0.1731017366298433,-1.1144668332927432,-1.010870006647705
-0.10577012041868285,-0.9138498822082848,-1.0389192290467861
-1.1354508233670866,0.5907772509251543,-0.6444770390597052
-3.1090055040181936,-0.4123075044971384,-0.6847977962583847
-0.6206104718928843,1.4935535308052177,-0.2588002310723372
-0.5777071092700343,0.6910857264673836,-0.6865508726583273
0.044391648761292535,-0.8135414066660555,-0.8758831238521261
0.43052191236694404,-1.2147753088349726,-1.098523826644834
0.10874669269556791,-1.716317686546119,-1.0213884650473604
-0.7493205597614351,0.8917026775518422,0.23732039011141354
-0.5777071092700343,1.3932450552629885,-0.41131787786734186
-2.7657786030353924,-0.7132329311238262,-0.7005754838578679
-2.5512617899211416,0.2898518242984665,0.1216173477152031
-1.1569025046785113,0.5907772509251543,-0.2658125366721075
0.08729501138414254,-0.3119990289549091,-0.9950923190482217
-0.38464197746720896,-1.415392259919431,-0.9091915754510351
-0.6206104718928843,0.08923487321400798,-0.788229303854997
-0.49190038402433434,-1.415392259919431,-0.9828207842486236
-0.08431843910725746,-1.9169346376305774,-0.9652900202491977
-1.0925474607442367,1.19262810417853,-0.3885278846680883
-0.8994823289414104,0.6910857264673836,-0.9828207842486236
-0.7922239223842851,0.49046877538292505,-0.7426493174564899
-3.023198778772493,1.3932450552629885,0.10759273651566245
-0.08431843910725746,-1.415392259919431,-0.947759256249772
0.06584333007271792,-0.6129244555815969,-0.8040069914544802
-0.7278688784500097,-0.21169055341267984,-0.6304524278601646
0.08729501138414254,-2.117551588715036,-1.0722276806456954
-0.2130285269758082,0.8917026775518422,-0.1711464110752081
-1.9506147132012397,-0.6129244555815969,-0.49897169786447093
0.10874669269556791,-1.415392259919431,-1.0248946178472456
-2.143679845004065,1.19262810417853,-0.3867748082681457
-0.5562554279586097,0.5907772509251543,-0.8513400542529299
-0.14867348304153283,0.18954334875623724,-0.4130709542672844
-1.5859361309070128,0.3901602998406958,-0.40956480146739926
-0.5777071092700343,0.3901602998406958,-0.6532424210594182
-0.2988352522215082,0.5907772509251543,-0.24302254347285396
-1.1139991420556612,1.4935535308052177,0.09181504891617921
-0.47044870271290895,-1.1144668332927432,-0.8460808250531022
0.1945534179412679,-2.3181685397994944,-1.005610777447877
-0.5348037466471843,0.3901602998406958,-0.5007247742644135
0.06584333007271792,-1.716317686546119,-1.031906923447016
-2.5727134712325666,0.3901602998406958,-0.5778601358618871
1.052620670398271,1.2929365797207593,1.4784984812707616
0.4948769563012194,1.5938620063474471,1.8326199140591635
0.001488286138442538,-0.011073602328221294,1.4732392520709339
-1.1783541859899367,0.18954334875623724,3.20177258241432
2.1252047359695245,-1.716317686546119,-0.6795385670585569
0.6664904067926202,-0.3119990289549091,-0.39378711386791604
2.0179463294123994,-1.716317686546119,-0.649736268259533
0.9668139451525709,0.2898518242984665,0.6703302608972314
1.1598790769553964,0.49046877538292505,0.29517191130951875
0.9882656264639963,-1.3150837843772019,-0.3201579050703276
1.0955240330211218,-2.2178600642572652,-0.5813662886617723
0.4519735936783694,-0.011073602328221294,0.004161228919050111
0.6879420881040448,1.2929365797207593,0.8491440536913747
0.43052191236694404,0.08923487321400798,0.01993891651853335
-0.6849655158271597,0.2898518242984665,1.7922991568604838
2.0179463294123994,-1.6160092110038897,-0.7233654770571215
2.1681080985923753,-2.2178600642572652,-0.8197846790539635
0.36616686843266866,0.6910857264673836,0.19875270931267672
0.7952004946611702,0.3901602998406958,0.011173534518820439
0.9239105825297209,1.2929365797207593,0.4564549401042363
0.9882656264639963,-0.11138207787045057,-0.5182555382638393
-1.328515955169912,0.49046877538292505,3.075551081618454
1.3100408461353725,-1.9169346376305774,-0.6900570254582123
0.1731017366298433,1.2929365797207593,2.2691359376448665
2.23246314252665,-1.5157007354616603,-0.8653646654524706
0.7308454507268948,1.0923196286363006,1.145413965281671
0.7737488133497455,0.49046877538292505,-0.4463794058661935
0.6664904067926202,0.6910857264673836,-0.034406451879686696
1.2027824395782472,-0.4123075044971384,0.37581342570687754
-0.06286675779583284,-0.3119990289549091,1.3996100432733454
0.9668139451525709,-0.11138207787045057,0.018185840118590767
0.8166521759725955,-1.2147753088349726,-0.20445486267411717
1.2671374835125218,-1.9169346376305774,-0.809266220654308
-1.9506147132012397,0.9920111530940714,0.9157609568891928
1.7176227910524486,-1.415392259919431,-0.8267969846537339
1.331492527446797,-0.4123075044971384,0.4845041625033176
0.9668139451525709,-0.011073602328221294,0.08129659051652373
0.6450387254811948,1.0923196286363006,2.2726420904447515
0.8595555385954455,0.2898518242984665,-0.027394146279916366
0.9239105825297209,-0.11138207787045057,-0.15712179987566743
0.08729501138414254,0.6910857264673836,2.4654804944384354
0.9239105825297209,-0.8135414066660555,0.011173534518820439
1.2671374835125218,-1.9169346376305774,-0.49020631586475805
1.1598790769553964,-0.7132329311238262,-0.31139252307061466
0.6021353628583448,0.6910857264673836,-0.04492491027934219
1.2242341208896717,0.18954334875623724,-0.35171328026929405
0.6235870441697694,0.6910857264673836,1.9027429700568668
0.7522971320383202,0.18954334875623724,0.3091965225090594
0.47342527498979403,1.5938620063474471,2.7214296488300525
1.3529442087582224,0.49046877538292505,0.6405279620982074
0.10874669269556791,0.7913942020096129,2.9072557472239664
0.7093937694154702,1.2929365797207593,0.6808487192968868
0.6664904067926202,-0.6129244555815969,0.12687657691503085
-1.8433563066441143,-0.4123075044971384,1.247092396478341
0.5377803189240694,0.8917026775518422,0.40035649530607365
0.9024589012182955,0.08923487321400798,0.3775665021068201
0.7093937694154702,-1.1144668332927432,-0.40781172506745667
1.8677845602324248,-1.415392259919431,-0.8005008386545951
0.5592320002354948,0.08923487321400798,0.1899873273129638
0.4519735936783694,-0.11138207787045057,0.27764114731009293
0.8381038572840201,0.49046877538292505,-0.09050489667784932
-1.5859361309070128,0.8917026775518422,1.4381777240720823
0.516328637612644,-0.4123075044971384,-0.3043802174708443
1.8463328789209994,-1.2147753088349726,-0.6637608794590737
2.23246314252665,-1.6160092110038897,-0.7777108454553415
1.0311689890868463,0.49046877538292505,2.220049798446474
0.9882656264639963,-2.4184770153417237,-0.788229303854997
0.6664904067926202,0.2898518242984665,0.25309807771089676
1.3743958900696471,-0.21169055341267984,-0.2658125366721075
-1.9291630318898143,0.8917026775518422,2.6916273500310286
0.9024589012182955,0.2898518242984665,2.032470623652618
0.516328637612644,0.49046877538292505,0.17771579251336575
0.7952004946611702,0.3901602998406958,0.26536961251049485
0.9668139451525709,0.18954334875623724,0.39334418970630336
0.044391648761292535,0.7913942020096129,2.6039735300338998
0.6879420881040448,-1.014158357750514,-0.1711464110752081
0.36616686843266866,0.2898518242984665,0.0006550761191649468
-1.1139991420556612,-0.5126159800393677,1.2698823896775944
-1.5430327682841627,-0.7132329311238262,1.247092396478341
0.43052191236694404,0.2898518242984665,-0.04317183387939961
1.8034295162981486,-2.3181685397994944,-0.7706985398555711
0.7952004946611702,0.49046877538292505,0.2566042305107819
1.3100408461353725,-2.4184770153417237,-0.670773185058844
-0.3631902961557836,-0.4123075044971384,3.005428025620751
1.2027824395782472,-0.9138498822082848,-0.221985626673543
0.7308454507268948,-1.1144668332927432,-0.1325787302764713
0.2160050992526933,0.08923487321400798,-0.050184139479169936
0.8166521759725955,0.9920111530940714,1.6853614964639863
0.6021353628583448,0.2898518242984665,0.3302334393083704
0.10874669269556791,1.19262810417853,2.253358250045383
0.3018118244983933,0.2898518242984665,0.2618634597106097
-0.08431843910725746,1.0923196286363006,2.521578939236598
-0.8136756036957105,0.2898518242984665,1.3592892860746661
0.7737488133497455,0.6910857264673836,0.17596271611342315
1.3100408461353725,-0.7132329311238262,0.14791349371434184
0.02293996744986792,1.3932450552629885,0.5844295173000448
0.34471518712124405,0.3901602998406958,0.27588807091015033
1.2671374835125218,-0.4123075044971384,-0.30963944667067206
1.2242341208896717,-0.7132329311238262,0.3705541965070498
-1.3928709991041874,-0.4123075044971384,1.4995353980700727
1.9750429667895502,-1.3150837843772019,-0.6865508726583273
1.1384273956439717,1.2929365797207593,2.3392589936425696
1.6961711097410233,-2.017243113172807,-0.7566739286560306
0.8381038572840201,-0.11138207787045057,-0.15010949427589712
-1.0925474607442367,0.9920111530940714,0.6983794832963126
0.32326350580981866,-0.11138207787045057,0.09707427811600697
1.9535912854781248,-1.6160092110038897,-0.8338092902535041
0.9239105825297209,0.5907772509251543,0.2320611609115858
0.2589084618755433,-0.3119990289549091,-0.2079610154740023
1.6747194284295979,-2.2178600642572652,-0.7479085466563176
0.8595555385954455,1.19262810417853,1.1857347224803505
1.0955240330211218,0.9920111530940714,1.1769693404806376
-0.5991587905814597,-0.011073602328221294,1.4153877308728287
1.0740723517096964,-1.5157007354616603,-0.8408215958532744
0.8166521759725955,1.0923196286363006,0.8806994288903411
-0.04141507648440746,0.3901602998406958,0.11285196571549021
2.103753054658099,-2.4184770153417237,-0.5603293718624613
0.23745678056411867,0.6910857264673836,3.189501047614722
0.5377803189240694,0.18954334875623724,0.2180365497120451
1.1384273956439717,-0.8135414066660555,-0.16238102907549518
0.6021353628583448,0.49046877538292505,-0.10978873707721773
0.2589084618755433,-0.6129244555815969,0.6492933440979203
1.9535912854781248,-1.415392259919431,-0.6462301154596478
0.4519735936783694,1.19262810417853,0.6089725868992409
1.1813307582668218,-0.4123075044971384,0.0444819861177295
0.34471518712124405,0.2898518242984665,0.03571660411801659
0.5592320002354948,0.18954334875623724,0.3267272865084852
1.1169757143325463,-1.2147753088349726,-0.5831193650617149
-1.1139991420556612,-0.8135414066660555,1.581929988867374
1.5889127031838979,-1.1144668332927432,-0.7864762274550544
0.1945534179412679,-0.7132329311238262,-0.17465256387509326
0.6879420881040448,0.5907772509251543,0.22680193171175803
1.1169757143325463,-1.6160092110038897,-0.5796132122618297
-0.06286675779583284,1.0923196286363006,0.5931948992997577
1.653267747118174,-1.1144668332927432,-0.6830447198584421
0.08729501138414254,1.0923196286363006,2.321728229643144
-0.5562554279586097,0.6910857264673836,2.7161704196302248
0.8166521759725955,-0.21169055341267984,0.4774918569035473
1.3529442087582224,-1.9169346376305774,-0.6357116570599923
0.7308454507268948,0.3901602998406958,0.4809980097034324
1.2027824395782472,-0.21169055341267984,0.1812219453132509
0.5377803189240694,-0.3119990289549091,-0.2079610154740023
0.7737488133497455,-0.011073602328221294,0.1917404037129064
0.7737488133497455,0.49046877538292505,2.3778266744413066
-0.42754534009005896,0.5907772509251543,2.761750406028732
0.34471518712124405,-0.21169055341267984,0.20751809131238963
0.001488286138442538,0.5907772509251543,1.0069209296862072
1.0740723517096964,0.5907772509251543,0.5195656905021693
1.1813307582668218,-1.716317686546119,-0.8110192970542506
0.3018118244983933,0.7913942020096129,2.3778266744413066
0.43052191236694404,-0.11138207787045057,0.3582826617074517
0.6235870441697694,1.2929365797207593,0.032210451318131425
1.1598790769553964,-1.415392259919431,-0.7128470186574659
-0.42754534009005896,-1.2147753088349726,-0.9600307910493701
-0.1701251643529582,0.5907772509251543,-0.07998643827819384
-0.2559318895986582,-1.2147753088349726,-0.893413887851552
-0.2130285269758082,0.9920111530940714,-0.5550701426626335
0.34471518712124405,0.6910857264673836,0.22329577891187288
0.9453622638411455,0.6910857264673836,0.15317272291416958
-0.6849655158271597,0.5907772509251543,0.6510464204978629
1.1813307582668218,-0.7132329311238262,0.033963527718074
1.1384273956439717,0.2898518242984665,0.5511210657011357
-0.8565789663185605,0.2898518242984665,-0.9109446518509777
0.044391648761292535,0.5907772509251543,-0.8022539150545377
0.001488286138442538,-1.2147753088349726,-0.9144508046508629
-0.08431843910725746,-0.5126159800393677,-0.8951669642514946
0.7093937694154702,0.49046877538292505,0.13213580611485862
1.2027824395782472,-1.3150837843772019,-0.3464540510694663
-0.06286675779583284,-0.7132329311238262,3.298191784411162
0.1731017366298433,-2.017243113172807,-1.065215375045925
0.6879420881040448,1.2929365797207593,2.3515305284421677
0.516328637612644,-2.017243113172807,-1.077486909845523
0.43052191236694404,1.3932450552629885,2.372567445241479
0.36616686843266866,0.08923487321400798,-0.36573789146883473
0.43052191236694404,-2.3181685397994944,-0.9547715618495423
0.1301983740069933,1.0923196286363006,2.623257370433268
-0.47044870271290895,-0.4123075044971384,-0.7724516162555137
-0.19157684566438285,0.3901602998406958,-0.553317066262691
0.06584333007271792,-0.21169055341267984,-0.9284754158504036
-2.637068515166842,0.49046877538292505,0.5633926005007338
-0.5991587905814597,0.5907772509251543,-0.7759577690553989
0.6664904067926202,0.2898518242984665,0.1338888825148012
-0.38464197746720896,0.3901602998406958,-0.8320562138535615
-0.08431843910725746,-2.2178600642572652,-1.0687215278458102
1.2885891648239471,-1.415392259919431,-0.6742793378587292
-0.6849655158271597,0.08923487321400798,-0.5094901562641264
-0.44899702140148434,0.2898518242984665,-0.7531677758561454
1.1598790769553964,1.2929365797207593,1.573164606867661
-0.513352065335759,-0.011073602328221294,-0.49195939226470065
-0.8136756036957105,-0.4123075044971384,-0.8232908318538487
-0.9638373728756858,0.8917026775518422,-0.2921086826712463
-0.14867348304153283,0.3901602998406958,-0.5761070594619445
0.1945534179412679,1.4935535308052177,2.6004673772340143
-0.7064171971385851,0.6910857264673836,-0.754920852256088
0.02293996744986792,-0.4123075044971384,-0.9968453954481643
0.43052191236694404,0.5907772509251543,0.151419646514227
-0.7064171971385851,0.9920111530940714,0.10233350731583471
0.40907023105551865,-2.4184770153417237,-1.0336599998469584
0.43052191236694404,0.6910857264673836,1.455708488071508
0.38761854974409404,-1.6160092110038897,-0.9915861662483365
0.10874669269556791,1.2929365797207593,2.8984903652242533
0.044391648761292535,0.8917026775518422,1.834372990459106
-0.5777071092700343,1.5938620063474471,-0.3885278846680883
0.6879420881040448,-1.3150837843772019,-0.14835641787595452
-0.5991587905814597,0.2898518242984665,3.008934178420636
0.6664904067926202,0.2898518242984665,-0.025641069879973784
0.9668139451525709,0.2898518242984665,1.4697330992710487
1.052620670398271,0.5907772509251543,0.6668241080973462
0.8810072199068709,-1.014158357750514,-0.32541713427015534
0.6021353628583448,0.5907772509251543,3.03873647721966
-0.513352065335759,-0.4123075044971384,-0.7847231510551118
-0.5348037466471843,0.49046877538292505,2.0289644708527326
0.6664904067926202,-0.6129244555815969,0.17420963971348058
0.7737488133497455,0.5907772509251543,0.1829750217131935
-0.49190038402433434,0.5907772509251543,-0.5778601358618871
-0.7493205597614351,1.2929365797207593,-0.5270209202635523
-0.7278688784500097,0.6910857264673836,-0.7654393106557434
0.6235870441697694,1.0923196286363006,2.5583935436353924
0.9882656264639963,-0.8135414066660555,-0.23776331427302622
-0.04141507648440746,-0.4123075044971384,-0.8530931306528725
-0.9852890541871112,0.6910857264673836,-0.3026271410709018
-0.44899702140148434,-0.8135414066660555,2.372567445241479
0.06584333007271792,-1.2147753088349726,-0.9652900202491977
-0.40609365877863357,-0.011073602328221294,-0.6690201086589014
0.516328637612644,-2.017243113172807,-1.0126230830476475
1.245685802201097,-0.9138498822082848,-0.3745032734685476
-0.7493205597614351,1.19262810417853,-0.1413441122761842
-0.6420621532043097,0.2898518242984665,-0.7759577690553989
0.6235870441697694,0.5907772509251543,1.888718358857326
-0.12722180173010822,-0.7132329311238262,-0.7461554702563751
1.6961711097410233,-1.716317686546119,-0.7216124006571789
0.7952004946611702,0.2898518242984665,-0.15536872347572486
-0.2988352522215082,-1.1144668332927432,-0.7706985398555711
0.6664904067926202,1.5938620063474471,1.3575362096747234
-0.2130285269758082,0.3901602998406958,0.03571660411801659
-0.8136756036957105,0.49046877538292505,-0.8583523598527003
0.38761854974409404,0.3901602998406958,0.5160595377022841
-0.5562554279586097,-0.011073602328221294,-0.7742046926554563
0.044391648761292535,1.6941704818896763,2.3129628476434307
-0.19157684566438285,1.0923196286363006,-0.3061332938707869
-0.04141507648440746,1.2929365797207593,0.48801031530320277
0.36616686843266866,0.6910857264673836,-0.050184139479169936
1.0740723517096964,-2.4184770153417237,-0.8443277486531596
0.10874669269556791,1.4935535308052177,1.8308668376592208
-2.057873119758365,0.5907772509251543,-0.4270955654668251
0.4519735936783694,-1.5157007354616603,-0.9898330898483939
-2.0364214384469395,-0.4123075044971384,-0.12030719547687321
-0.44899702140148434,0.3901602998406958,-0.6585016502592459
0.08729501138414254,-2.117551588715036,-1.044178458246614
-1.0281924168099612,1.3932450552629885,-0.7496616230562602
0.9882656264639963,-1.415392259919431,-0.2675656130720501
0.5806836815469194,-1.2147753088349726,-0.1413441122761842
0.9453622638411455,0.49046877538292505,2.4497028068389524
-0.9852890541871112,1.5938620063474471,-0.3166517522704424
-1.285612592547062,0.7913942020096129,-0.3376886690697534
0.6021353628583448,0.18954334875623724,-0.04317183387939961
0.6879420881040448,-0.11138207787045057,-0.4446263294662509
-0.6849655158271597,0.08923487321400798,-0.8706238946522984
-0.5348037466471843,0.5907772509251543,-0.8495869778529874
-0.47044870271290895,-1.2147753088349726,-0.9495123326497146
0.47342527498979403,-1.5157007354616603,-0.9933392426482791
-1.5859361309070128,0.9920111530940714,-0.5708478302621168
0.34471518712124405,1.0923196286363006,2.270889014044809
0.001488286138442538,1.0923196286363006,2.014939859653192
0.6450387254811948,1.0923196286363006,0.10058043091589212
-0.5562554279586097,0.2898518242984665,-0.8530931306528725
-1.7575495813984134,-0.8135414066660555,2.3673082160416508
-0.47044870271290895,0.3901602998406958,-0.8022539150545377
0.7308454507268948,0.6910857264673836,0.3793195785067627
0.7522971320383202,-2.3181685397994944,-1.005610777447877
0.8381038572840201,-2.3181685397994944,-1.0266476942471883
2.14665641728095,-1.8166261620883482,-0.8355623666534467
0.6664904067926202,0.6910857264673836,0.10934581291560504
-0.06286675779583284,1.19262810417853,0.10934581291560504
0.5592320002354948,-0.011073602328221294,0.01993891651853335
-0.3202869335329336,-0.21169055341267984,-0.6234401222603942
-0.08431843910725746,-0.3119990289549091,-0.8565992834527577
-0.3631902961557836,0.3901602998406958,2.6127389120336124
-0.14867348304153283,-1.3150837843772019,-0.9249692630505184
-0.2559318895986582,0.9920111530940714,-0.7461554702563751
-0.34173861484435897,0.6910857264673836,-0.7514146994562028
-0.49190038402433434,0.08923487321400798,-0.5357863022632652
1.052620670398271,-1.5157007354616603,-0.6900570254582123
0.34471518712124405,-0.7132329311238262,0.05149429171749983
-1.736097900086989,-0.4123075044971384,2.213037492846704
0.8810072199068709,0.8917026775518422,0.7404533168949345
0.7952004946611702,-2.2178600642572652,-1.1248199726439727
0.8810072199068709,-0.21169055341267984,-0.04667798667928477
-0.38464197746720896,0.8917026775518422,0.032210451318131425
1.245685802201097,-0.5126159800393677,-0.1886771750746339
0.40907023105551865,-0.6129244555815969,0.386331884106533
-0.12722180173010822,-1.3150837843772019,-0.7426493174564899
0.516328637612644,0.5907772509251543,2.3410120700425123
1.1384273956439717,-1.2147753088349726,-0.036159528279629274
1.0740723517096964,1.2929365797207593,0.39334418970630336
-0.47044870271290895,0.6910857264673836,-0.7566739286560306
0.9024589012182955,-0.21169055341267984,0.5195656905021693
0.6235870441697694,-0.11138207787045057,-0.0536902922790551
-0.7064171971385851,1.19262810417853,-0.06946797987853834
-0.9638373728756858,1.0923196286363006,0.06902505571692565
0.10874669269556791,-1.2147753088349726,-1.073980757045638
-0.2559318895986582,-0.4123075044971384,-0.9968453954481643
0.8810072199068709,0.3901602998406958,-0.15536872347572486
0.6879420881040448,0.5907772509251543,2.912514976423794
-2.12222816369264,-0.5126159800393677,-0.10628258427733256
-0.6420621532043097,0.7913942020096129,-0.6462301154596478
-0.9423856915642604,0.08923487321400798,-0.9635369438492553
-1.0281924168099612,1.3932450552629885,-0.36398481506889213
0.5377803189240694,-2.2178600642572652,-1.0599561458460973
0.516328637612644,-2.017243113172807,-1.0511907638463842
-0.5562554279586097,0.08923487321400798,-0.6620078030591311
-0.2130285269758082,0.7913942020096129,-0.788229303854997
-2.3796483394297407,-0.7132329311238262,-0.04141875747945702
-1.3499676364813373,0.9920111530940714,1.7379537884622638
0.7952004946611702,-0.8135414066660555,-0.3762563498684902
0.6879420881040448,0.08923487321400798,0.3705541965070498
1.1384273956439717,0.8917026775518422,2.156939048048541
0.6664904067926202,-2.3181685397994944,-1.010870006647705
0.7737488133497455,0.08923487321400798,1.1015870552831064
0.7952004946611702,0.2898518242984665,0.11460504211543278
0.516328637612644,-2.117551588715036,-1.0476846110464992
2.1681080985923753,-1.9169346376305774,-0.8408215958532744
-1.8648079879555388,1.3932450552629885,1.2698823896775944
0.5592320002354948,0.2898518242984665,-0.03966568107951444
0.47342527498979403,-0.21169055341267984,-0.1904302514745765
-0.2130285269758082,-0.5126159800393677,2.207778263646876
0.5377803189240694,0.9920111530940714,1.6801022672641586
-1.7575495813984134,0.2898518242984665,-0.6514893446594756
-0.38464197746720896,0.08923487321400798,-0.767192387055686
-0.34173861484435897,-0.011073602328221294,-0.863611589052528
-0.44899702140148434,0.5907772509251543,-0.44988555866607866
0.9239105825297209,1.2929365797207593,0.6247502744987242
0.8595555385954455,0.08923487321400798,0.10233350731583471
1.331492527446797,-1.6160092110038897,-0.5971439762612556
1.0311689890868463,-0.3119990289549091,-0.04317183387939961
0.6879420881040448,0.7913942020096129,1.0262047700855754
0.6021353628583448,0.3901602998406958,1.485510786870532
1.1813307582668218,0.6910857264673836,1.4925230924703023
-0.8565789663185605,1.5938620063474471,-0.39028096106803084
-2.8515853282810926,0.49046877538292505,-0.5866255178616001
1.3743958900696471,-0.4123075044971384,0.10934581291560504
-0.2988352522215082,0.8917026775518422,-0.6392178098598775
-1.5430327682841627,-0.11138207787045057,2.2743951668446942
1.1169757143325463,-2.4184770153417237,-0.7391431646566047
-0.49190038402433434,-0.4123075044971384,-0.8706238946522984
0.9453622638411455,0.49046877538292505,-0.03265337547974411
-0.1701251643529582,1.2929365797207593,-0.4446263294662509
1.5460093405610487,-1.8166261620883482,-0.6146747402606814
0.8381038572840201,0.08923487321400798,-0.05544336867899768
-0.1701251643529582,-1.415392259919431,-0.9950923190482217
-0.6420621532043097,0.6910857264673836,-0.5200086146637819
-0.04141507648440746,0.9920111530940714,2.439184348439297
0.3018118244983933,-1.8166261620883482,-1.1037830558446617
0.2160050992526933,0.2898518242984665,-0.050184139479169936
-0.04141507648440746,1.3932450552629885,1.3663015916744363
-0.7064171971385851,0.6910857264673836,-0.7075877894576382
0.4948769563012194,-0.011073602328221294,-0.004604153080662799
-0.44899702140148434,1.2929365797207593,0.1812219453132509
0.044391648761292535,-0.11138207787045057,-0.5410455314630929
-2.6585201964782668,-0.8135414066660555,-0.6111685874607962
0.3018118244983933,1.0923196286363006,1.3329931400755273
1.0740723517096964,-0.21169055341267984,-0.05719644507894026
0.6021353628583448,-1.014158357750514,-0.15712179987566743
0.6235870441697694,0.8917026775518422,2.5881958424344162
0.4519735936783694,0.2898518242984665,0.39334418970630336
0.06584333007271792,-2.4184770153417237,-1.0424253818466713
-0.42754534009005896,-0.6129244555815969,-0.7566739286560306
1.3529442087582224,-0.21169055341267984,-0.5410455314630929
-0.06286675779583284,0.5907772509251543,2.9019965180241387
0.38761854974409404,0.49046877538292505,0.4476895581045234
0.6879420881040448,1.2929365797207593,1.031463999285403
-0.6849655158271597,1.2929365797207593,0.1409011881145715
-0.01996339517298284,-0.3119990289549091,-0.9547715618495423
-0.01996339517298284,-1.415392259919431,-0.8373154430533893
-0.3202869335329336,0.5907772509251543,0.012926610918763022
0.6450387254811948,-1.415392259919431,-0.5270209202635523
1.8034295162981486,-2.3181685397994944,-0.6216870458604516
0.7522971320383202,-0.5126159800393677,-0.08173951467813641
-0.9852890541871112,1.6941704818896763,-0.32366405787021274
-0.12722180173010822,-0.3119990289549091,-0.6988224074579253
-0.49190038402433434,0.6910857264673836,-0.7759577690553989
0.6450387254811948,-0.7132329311238262,0.2197896261119877
-0.7278688784500097,0.6910857264673836,-0.12731950107664355
0.8810072199068709,0.49046877538292505,0.3372457449081407
0.9453622638411455,0.18954334875623724,0.037469680517959174
0.6235870441697694,0.7913942020096129,1.2120308684794892
0.6879420881040448,0.7913942020096129,0.6545525732977481
-0.3631902961557836,0.49046877538292505,1.783533774860771
0.2589084618755433,0.8917026775518422,0.6738364136971164
0.4948769563012194,0.18954334875623724,0.023445069318418513
0.5377803189240694,-1.1144668332927432,-0.5620824482624039
-0.8994823289414104,0.8917026775518422,-0.2868494534714185
1.2671374835125218,-2.117551588715036,-0.7216124006571789
-0.42754534009005896,1.19262810417853,-0.28509637707147595
0.28036014318696867,-1.2147753088349726,-1.0143761594475902
-1.564484449595588,0.3901602998406958,-0.6532424210594182
-2.444003383364016,-0.8135414066660555,-0.1027764314774474
-1.1139991420556612,0.8917026775518422,-0.574353983062002
-1.0710957794328113,1.4935535308052177,0.19524655651279155
1.0955240330211218,0.18954334875623724,1.9833844844542254
-1.907711350578389,1.2929365797207593,-0.5129963090640116
-0.3202869335329336,-0.7132329311238262,-0.6953162546580401
-2.830133646969667,1.2929365797207593,-0.0729741326784235
-0.47044870271290895,0.9920111530940714,-0.6812916434584995
-2.186583207626915,1.0923196286363006,-0.6585016502592459
0.1731017366298433,-0.5126159800393677,0.023445069318418513
0.9882656264639963,-0.5126159800393677,0.19699963291273415
0.10874669269556791,-2.3181685397994944,-1.005610777447877
0.7308454507268948,0.5907772509251543,0.10759273651566245
1.6318160658067487,-1.3150837843772019,-0.670773185058844
0.4519735936783694,0.7913942020096129,2.9317988168231626
0.34471518712124405,-0.011073602328221294,-0.01336953508037571
-0.7064171971385851,0.49046877538292505,-0.8355623666534467
0.7093937694154702,0.8917026775518422,0.3845788077065904
-0.40609365877863357,-1.3150837843772019,-0.7952416094547673
0.6021353628583448,1.4935535308052177,2.0798036864510676
-0.2559318895986582,0.6910857264673836,-0.34119482186963856
-0.8351272850071351,1.0923196286363006,-0.6637608794590737
-0.49190038402433434,0.49046877538292505,-0.6725262614587866
-0.06286675779583284,-1.3150837843772019,-0.9898330898483939
-0.513352065335759,-0.11138207787045057,-0.8986731170513796
0.40907023105551865,0.8917026775518422,0.45996109290412146
-0.49190038402433434,-0.7132329311238262,-0.8215377554539061
0.001488286138442538,-0.21169055341267984,-0.6339585806600497
0.8810072199068709,0.5907772509251543,0.36003573810739425
0.36616686843266866,0.5907772509251543,0.24608577211112645
-0.42754534009005896,0.9920111530940714,-0.3464540510694663
0.6450387254811948,0.3901602998406958,0.19524655651279155
-0.44899702140148434,0.08923487321400798,0.08129659051652373
1.996494648100974,-2.2178600642572652,-0.628699351460222
0.6235870441697694,-1.1144668332927432,-1.0161292358475327
0.34471518712124405,0.6910857264673836,0.13038272971491602
0.8166521759725955,-1.3150837843772019,-0.16413410547543777
0.02293996744986792,1.5938620063474471,2.3410120700425123
-0.6420621532043097,0.2898518242984665,-0.8513400542529299
0.5806836815469194,0.18954334875623724,2.116618290849862
2.1895597799038007,-1.3150837843772019,-0.6146747402606814
0.1945534179412679,-2.117551588715036,-1.0564499930462121
-0.2130285269758082,0.18954334875623724,0.13914811171462893
-2.894488690903943,1.2929365797207593,0.0006550761191649468
0.516328637612644,-1.3150837843772019,-1.0757338334455804
-2.980295416149643,-0.3119990289549091,-0.5235147674636671
-0.9638373728756858,0.6910857264673836,-0.6374647334599349
0.6450387254811948,0.2898518242984665,0.34601112690785363
-0.2773835709100836,0.08923487321400798,-0.8127723734541932
-0.6849655158271597,-0.6129244555815969,-0.8899077350516668
1.3958475713810725,-1.3150837843772019,-0.8180316026540209
0.9882656264639963,0.49046877538292505,-0.39203403746797344
1.2242341208896717,0.5907772509251543,0.23732039011141354
-0.513352065335759,-0.9138498822082848,-0.8881546586517242
1.1813307582668218,0.2898518242984665,-0.3482071274694089
-0.10577012041868285,-0.11138207787045057,-0.9530184854495997
0.8166521759725955,-0.11138207787045057,0.3688011201071072
1.0740723517096964,-0.6129244555815969,0.29166575850963355
-0.7278688784500097,1.6941704818896763,0.7246756292954514
0.9882656264639963,0.49046877538292505,2.078050610051125
0.4948769563012194,-0.011073602328221294,0.35302343250762397
-0.44899702140148434,0.3901602998406958,-0.49897169786447093
-0.44899702140148434,-0.21169055341267984,-0.7321308590568344
-2.057873119758365,0.5907772509251543,-0.5708478302621168
-0.42754534009005896,0.08923487321400798,-0.7128470186574659
0.9239105825297209,-0.11138207787045057,-0.050184139479169936
-0.2988352522215082,0.3901602998406958,-0.8162785262540783
0.8810072199068709,-1.5157007354616603,-0.9389938742500591
-2.958843734838218,-0.5126159800393677,0.012926610918763022
-0.8136756036957105,1.0923196286363006,-0.42183633626699735
-1.5215810869727382,-0.7132329311238262,-0.7303777826568918
-0.40609365877863357,0.3901602998406958,-0.9337346450502313
-0.3202869335329336,-0.6129244555815969,-0.5813662886617723
-0.1701251643529582,0.08923487321400798,-0.14660334147601195
0.001488286138442538,-1.1144668332927432,-1.0406723054467288
-0.40609365877863357,0.08923487321400798,-0.8145254498541358
-0.14867348304153283,-0.3119990289549091,-0.9354877214501739
1.739074472363874,-1.3150837843772019,-0.6742793378587292
-0.44899702140148434,-1.415392259919431,-0.8005008386545951
-0.10577012041868285,0.3901602998406958,-0.36573789146883473
-0.2130285269758082,0.9920111530940714,0.22680193171175803
-0.12722180173010822,0.9920111530940714,-0.006357229480605382
-0.40609365877863357,0.6910857264673836,0.3828257313066478
-0.40609365877863357,-0.3119990289549091,-0.9004261934513222
-1.3928709991041874,1.5938620063474471,2.551381238035622
-0.2773835709100836,-1.2147753088349726,-0.7899823802549396
0.6879420881040448,0.08923487321400798,0.17420963971348058
0.47342527498979403,0.9920111530940714,1.0875624440835658
-0.5348037466471843,0.6910857264673836,-0.947759256249772
0.3018118244983933,1.6941704818896763,2.8897249832245406
-0.44899702140148434,-1.3150837843772019,-0.947759256249772
-0.34173861484435897,-0.7132329311238262,-0.8864015822517816
-2.5727134712325666,0.08923487321400798,-0.8215377554539061
-0.04141507648440746,0.2898518242984665,-0.5726009066620594
-0.5991587905814597,0.08923487321400798,-0.7408962410565473
-0.8565789663185605,-0.21169055341267984,-0.767192387055686
0.9239105825297209,-0.7132329311238262,-0.3482071274694089
0.06584333007271792,-0.7132329311238262,3.31046331921076
-0.1701251643529582,0.3901602998406958,0.8929709636899392
0.9882656264639963,-2.3181685397994944,-0.6953162546580401
1.0955240330211218,0.2898518242984665,2.77402194082833
0.47342527498979403,1.19262810417853,1.1576855000812691
-0.5777071092700343,1.5938620063474471,0.3950972661062459
-0.12722180173010822,1.0923196286363006,-0.809266220654308
-0.2130285269758082,-0.7132329311238262,-0.8355623666534467
0.5592320002354948,-0.11138207787045057,0.24433269571118385
-0.8994823289414104,-0.4123075044971384,-0.8530931306528725
0.06584333007271792,1.19262810417853,3.5488817096029512
0.8595555385954455,0.6910857264673836,1.9132614284565221
0.7308454507268948,-0.11138207787045057,-0.34119482186963856
0.32326350580981866,-1.9169346376305774,-1.0932645974450064
0.6879420881040448,-0.011073602328221294,0.25485115411083936
-2.894488690903943,1.0923196286363006,-0.6637608794590737
0.5592320002354948,0.6910857264673836,0.24082654291129868
-1.8862596692669642,0.7913942020096129,2.0710383044513545
1.5460093405610487,-1.8166261620883482,-0.8530931306528725
-0.38464197746720896,0.3901602998406958,-0.8320562138535615
-0.14867348304153283,0.08923487321400798,-0.435860947466538
-0.7922239223842851,1.2929365797207593,0.24433269571118385
1.0311689890868463,-0.8135414066660555,-0.28334330067153335
0.6021353628583448,1.3932450552629885,1.045488610484944
-0.08431843910725746,-1.6160092110038897,-1.0126230830476475
0.9668139451525709,-1.1144668332927432,-0.4411201766663657
-0.34173861484435897,1.19262810417853,2.362048986841823
0.3018118244983933,-1.5157007354616603,-1.0704746042457527
-0.5777071092700343,0.2898518242984665,-0.6392178098598775
0.8810072199068709,0.18954334875623724,0.27588807091015033
0.6879420881040448,-1.3150837843772019,0.047988138917614664
1.8677845602324248,-2.117551588715036,-0.8373154430533893
0.7737488133497455,0.9920111530940714,0.5949479756997003
0.9239105825297209,-2.117551588715036,-1.0687215278458102
1.1384273956439717,-1.8166261620883482,-0.754920852256088
0.8381038572840201,0.08923487321400798,0.29517191130951875
0.5377803189240694,0.6910857264673836,0.07253120851681082
-0.1701251643529582,0.18954334875623724,-0.7146000950574085
-0.47044870271290895,0.6910857264673836,-0.43060171826671023
0.6879420881040448,0.08923487321400798,0.1409011881145715
0.516328637612644,-1.2147753088349726,-0.9863269370485088
-0.7707722410728605,-0.21169055341267984,1.0332170756853458
-0.7922239223842851,1.0923196286363006,0.2303080845116432
0.7952004946611702,-1.1144668332927432,-0.47968785746510256
0.4519735936783694,1.6941704818896763,2.2182967220465315
0.6664904067926202,0.08923487321400798,0.012926610918763022
-3.0661021413953433,0.2898518242984665,-0.4656632462655619
0.7308454507268948,-1.8166261620883482,-0.981067707848681
0.02293996744986792,0.3901602998406958,-0.6251931986603368
-0.6206104718928843,-0.011073602328221294,-0.7794639218552841
-0.5348037466471843,-0.11138207787045057,-0.7899823802549396
1.503105977938198,-1.415392259919431,-0.6795385670585569
0.5377803189240694,0.7913942020096129,0.2320611609115858
0.9668139451525709,0.6910857264673836,1.0104270824860921
-2.07932480106979,0.7913942020096129,-0.11680104267698806
-0.2344802082872336,1.2929365797207593,-0.809266220654308
-0.10577012041868285,-0.3119990289549091,-0.981067707848681
-0.6420621532043097,-0.6129244555815969,-0.7969946858547099
-0.12722180173010822,0.08923487321400798,0.1899873273129638
-0.44899702140148434,-0.7132329311238262,-0.7742046926554563
-0.14867348304153283,-0.6129244555815969,-0.7075877894576382
0.044391648761292535,0.6910857264673836,-0.7268716298570066
0.044391648761292535,-0.21169055341267984,0.4371710997048679
0.6450387254811948,0.8917026775518422,3.03873647721966
1.1169757143325463,0.3901602998406958,0.58793567009993
-0.2988352522215082,0.2898518242984665,-0.7146000950574085
-0.47044870271290895,0.8917026775518422,-0.6234401222603942
1.1813307582668218,-1.716317686546119,-0.7444023938564325
-2.315293295495466,-0.7132329311238262,-0.02213491708008862
-1.0925474607442367,0.7913942020096129,0.4056157245059014
0.02293996744986792,0.08923487321400798,1.7589907052615747
0.1945534179412679,0.9920111530940714,1.0875624440835658
-0.5348037466471843,0.08923487321400798,-0.6269462750602794
-0.8136756036957105,1.2929365797207593,-0.2202325502736004
-0.2344802082872336,0.18954334875623724,-0.36223173866894953
-0.01996339517298284,-1.1144668332927432,-1.0213884650473604
-0.5562554279586097,0.5907772509251543,-0.6129216638607388
1.1169757143325463,1.19262810417853,2.2323213332460723
0.9453622638411455,0.6910857264673836,-0.02038184068014604
-0.2344802082872336,-1.2147753088349726,-0.8758831238521261
0.7522971320383202,-0.11138207787045057,-0.05544336867899768
-2.7872302843468173,0.8917026775518422,-0.616427816660624
1.0955240330211218,-0.3119990289549091,0.06551890291704049
0.3018118244983933,0.5907772509251543,2.9317988168231626
0.7093937694154702,-0.011073602328221294,-0.01336953508037571
-0.5991587905814597,0.9920111530940714,0.5756641353003319
-1.1783541859899367,1.3932450552629885,0.24257961931124128
0.02293996744986792,0.49046877538292505,-0.8530931306528725
0.5377803189240694,-1.014158357750514,-0.24302254347285396
-0.42754534009005896,-0.4123075044971384,3.080810310818282
0.9882656264639963,0.5907772509251543,0.621244121698839
-0.38464197746720896,0.18954334875623724,0.3389988213080833
0.8810072199068709,0.18954334875623724,2.0377298528524457
0.9668139451525709,0.2898518242984665,0.365294967307222
1.1169757143325463,-0.3119990289549091,0.10934581291560504
-0.12722180173010822,0.49046877538292505,-0.2886025298713611
-1.0710957794328113,1.2929365797207593,-0.34119482186963856
0.34471518712124405,1.6941704818896763,3.4507094312061666
-0.9638373728756858,0.7913942020096129,1.8659283656580725
-0.42754534009005896,1.2929365797207593,-0.6585016502592459
1.0955240330211218,0.6910857264673836,1.6836084200640438
1.1598790769553964,-2.3181685397994944,-0.7461554702563751
0.43052191236694404,0.5907772509251543,0.2618634597106097
0.9882656264639963,-0.3119990289549091,0.1812219453132509
-1.7146462187755636,-0.3119990289549091,-0.5305270730634374
0.34471518712124405,0.3901602998406958,0.11460504211543278
-0.06286675779583284,-0.21169055341267984,-0.5831193650617149
-0.6206104718928843,0.3901602998406958,-0.4814409338650451
-0.7278688784500097,-0.011073602328221294,-0.5235147674636671
1.1813307582668218,-2.2178600642572652,-0.8057600678544228
-2.4869067459868663,-0.9138498822082848,-0.7777108454553415
1.331492527446797,-1.5157007354616603,-0.8320562138535615
-1.0067407354985358,1.6941704818896763,-0.04317183387939961
0.28036014318696867,-0.4123075044971384,0.42840571770515495
-2.186583207626915,-0.9138498822082848,0.2618634597106097
-0.6849655158271597,0.6910857264673836,0.558133371300906
0.1516500553184179,0.7913942020096129,0.856156359291145
-0.3202869335329336,0.08923487321400798,-0.7444023938564325
0.9882656264639963,1.19262810417853,-0.09401104947773449
-0.3202869335329336,0.2898518242984665,0.04974121531755724
-0.6420621532043097,0.18954334875623724,-0.6409708862598201
1.2885891648239471,-1.9169346376305774,-0.7461554702563751
0.6450387254811948,0.8917026775518422,-0.21322024467383008
-1.821904625332689,-0.21169055341267984,2.064025998851584
0.044391648761292535,-2.3181685397994944,-1.0582030694461546
-0.6635138345157351,0.6910857264673836,-0.8495869778529874
-0.9638373728756858,0.5907772509251543,2.391851285640847
-0.9852890541871112,-0.9138498822082848,0.25134500131095416
-1.5215810869727382,-0.9138498822082848,2.467233570838378
0.6450387254811948,-1.3150837843772019,-0.5165024618638968
-0.08431843910725746,-0.5126159800393677,-0.788229303854997
-0.40609365877863357,-0.011073602328221294,-0.8864015822517816
-2.915940372215368,1.19262810417853,0.30393729330923164
0.7308454507268948,-2.017243113172807,-1.0564499930462121
-1.4572260430384627,0.5907772509251543,2.9773788032216695
0.08729501138414254,-0.4123075044971384,-0.47968785746510256
-0.42754534009005896,0.7913942020096129,0.14791349371434184
0.08729501138414254,0.2898518242984665,2.116618290849862
-0.38464197746720896,0.3901602998406958,-0.6514893446594756
-0.3202869335329336,0.5907772509251543,-0.8110192970542506
-3.044650460083918,-0.6129244555815969,-0.12030719547687321
-0.7493205597614351,1.2929365797207593,-0.3078863702707295
0.8810072199068709,-1.2147753088349726,-0.3061332938707869
0.1945534179412679,0.9920111530940714,0.7194164000956236
0.7737488133497455,-0.5126159800393677,-0.2500348490726243
-0.3631902961557836,0.3901602998406958,0.033963527718074
0.2589084618755433,0.6910857264673836,1.3943508140735177
-0.7064171971385851,0.2898518242984665,-0.8320562138535615
-0.06286675779583284,0.2898518242984665,-0.456897864265849
0.7952004946611702,0.6910857264673836,0.03571660411801659
1.052620670398271,0.9920111530940714,-0.008110305880547964
-0.04141507648440746,0.5907772509251543,-0.9214631102506332
-0.47044870271290895,-0.21169055341267984,-0.8601054362526429
-0.513352065335759,1.2929365797207593,2.668837356831775
-0.08431843910725746,1.0923196286363006,1.5468684608685224
-1.0067407354985358,0.5907772509251543,-0.1606279526755526
-2.7443269217239674,0.2898518242984665,0.4739857041036621
-1.5859361309070128,0.18954334875623724,-0.3271702106700979
0.516328637612644,-0.5126159800393677,0.3389988213080833
-0.47044870271290895,0.5907772509251543,-0.6672670322589588
-2.830133646969667,0.08923487321400798,0.22680193171175803
1.2242341208896717,-1.716317686546119,-0.6847977962583847
0.7522971320383202,-0.6129244555815969,-0.31139252307061466
-0.40609365877863357,0.2898518242984665,-0.12556642467670096
-0.2988352522215082,0.9920111530940714,-0.6602547266591885
0.7308454507268948,0.5907772509251543,0.3021842169092891
1.331492527446797,-0.7132329311238262,-0.46040401706573414
0.6450387254811948,1.19262810417853,2.616245064833498
0.2589084618755433,-2.2178600642572652,-1.0722276806456954
-0.2344802082872336,1.2929365797207593,-0.8215377554539061
-0.12722180173010822,-0.6129244555815969,-0.9495123326497146
0.7737488133497455,-0.5126159800393677,-0.5445516842629781
-0.6849655158271597,0.7913942020096129,-0.1115418134771603
0.6021353628583448,0.18954334875623724,0.18472809811313606
-1.049644098121386,1.19262810417853,0.002408152519107529
-0.5991587905814597,-0.11138207787045057,-0.8390685194533318
-2.07932480106979,0.3901602998406958,0.47047955130377694
-2.186583207626915,1.4935535308052177,-0.23776331427302622
0.8166521759725955,0.18954334875623724,0.5476149129012505
-1.8433563066441143,-0.8135414066660555,0.011173534518820439
-0.44899702140148434,-1.415392259919431,-0.9758084786488532
2.2110114612152247,-1.6160092110038897,-0.6076624346609111
-0.19157684566438285,0.8917026775518422,-0.4937124686646432
0.8166521759725955,0.3901602998406958,0.1426542645145141
-1.371419317792762,0.18954334875623724,1.1576855000812691
0.8595555385954455,0.18954334875623724,-0.15010949427589712
0.06584333007271792,-1.1144668332927432,-0.90568542265115
0.9024589012182955,-1.415392259919431,-1.0844992154452933
-0.8351272850071351,-0.5126159800393677,-0.4849470866649303
-0.04141507648440746,-1.716317686546119,-1.005610777447877
-0.19157684566438285,-0.7132329311238262,0.9280324916887909
-0.38464197746720896,-0.4123075044971384,-0.8408215958532744
-1.1139991420556612,0.9920111530940714,-0.3780094262684328
1.6961711097410233,-1.8166261620883482,-0.8390685194533318
-0.47044870271290895,1.2929365797207593,1.922026810456235
-0.5991587905814597,-0.6129244555815969,-0.9512654090496572
-0.9852890541871112,1.0923196286363006,0.023445069318418513
-0.3631902961557836,-0.11138207787045057,-0.4937124686646432
-0.5991587905814597,0.5907772509251543,-0.2921086826712463
-0.3202869335329336,-0.3119990289549091,-0.6444770390597052
-0.9209340102528358,0.6910857264673836,-0.8741300474521835
0.7093937694154702,-0.011073602328221294,-0.21847947387365782
-0.7493205597614351,1.4935535308052177,0.6247502744987242
-1.8648079879555388,-0.11138207787045057,1.1208708956824749
0.38761854974409404,0.9920111530940714,2.8055773160272963
-0.34173861484435897,0.08923487321400798,-0.5568232190625761
-0.47044870271290895,0.6910857264673836,1.0191924644858052
1.0740723517096964,-0.4123075044971384,-0.3955401902678586
-1.7146462187755636,1.3932450552629885,-0.060702597878825426
0.06584333007271792,1.5938620063474471,2.5548873908355074
0.7093937694154702,0.2898518242984665,0.004161228919050111
0.1945534179412679,0.8917026775518422,1.0823032148837382
1.0311689890868463,1.0923196286363006,2.6548127456322343
0.6235870441697694,1.0923196286363006,2.71266426683034
-0.06286675779583284,0.6910857264673836,0.8281071368920637
-0.6849655158271597,-0.11138207787045057,-0.7689454634556286
0.8810072199068709,-0.11138207787045057,0.11811119491531795
-0.5562554279586097,0.49046877538292505,-0.6076624346609111
-1.2641609112356367,0.8917026775518422,3.6961401271981282
0.7952004946611702,-0.21169055341267984,-0.21146716827388748
0.34471518712124405,1.0923196286363006,1.76249685806146
0.8810072199068709,0.3901602998406958,1.2611170076778815
0.044391648761292535,-0.5126159800393677,-0.9880800134484513
1.009717307775421,0.6910857264673836,-0.018628764280203457
0.6021353628583448,0.08923487321400798,2.2270621040462446
0.001488286138442538,-1.3150837843772019,-0.9617838674493127
1.009717307775421,1.0923196286363006,2.761750406028732
-0.7064171971385851,-0.11138207787045057,-0.7268716298570066
-0.6206104718928843,0.5907772509251543,-0.6059093582609685
-1.0281924168099612,0.9920111530940714,0.07253120851681082
-0.47044870271290895,0.8917026775518422,-0.18692409867469134
0.8166521759725955,0.49046877538292505,0.4354180233049253
0.6235870441697694,1.2929365797207593,2.120124443649747
-0.513352065335759,0.18954334875623724,-0.5007247742644135
-0.08431843910725746,-1.014158357750514,-0.6830447198584421
-2.100776482381215,-0.3119990289549091,-0.1115418134771603
-2.8730370095925175,-0.011073602328221294,-0.32541713427015534
0.08729501138414254,1.2929365797207593,0.7527248516945326
1.5460093405610487,-1.8166261620883482,-0.733883935456777
-0.7493205597614351,1.2929365797207593,0.02695122211830368
-0.7278688784500097,-0.8135414066660555,2.8143426980270094
0.1731017366298433,-1.8166261620883482,-1.0950176738449489
-0.49190038402433434,0.08923487321400798,-0.7286247062569492
-0.08431843910725746,-1.9169346376305774,-0.9687961730490829
2.1681080985923753,-1.1144668332927432,-0.6830447198584421
0.1731017366298433,0.5907772509251543,1.8624222128581873
-0.19157684566438285,0.3901602998406958,-0.5094901562641264
-0.14867348304153283,0.2898518242984665,-0.1325787302764713
-0.5348037466471843,0.18954334875623724,-0.6094155110608537
-2.5941651525439915,1.2929365797207593,-0.2588002310723372
-2.25093825156119,-0.5126159800393677,-0.24652869627273913
-0.2344802082872336,0.5907772509251543,-0.7181062478572937
-0.5348037466471843,-0.011073602328221294,1.2050185628797188
-0.7922239223842851,-0.011073602328221294,-0.9547715618495423
-0.3631902961557836,0.2898518242984665,-0.7110939422575234
-0.2773835709100836,0.49046877538292505,-0.6988224074579253
-0.08431843910725746,1.19262810417853,1.112105513682762
0.6879420881040448,0.49046877538292505,2.7424665656293636
-0.40609365877863357,-1.415392259919431,-0.8618585126525854
0.08729501138414254,-0.3119990289549091,-0.8267969846537339
0.08729501138414254,1.3932450552629885,1.296178535676733
-1.049644098121386,1.19262810417853,0.3828257313066478
0.001488286138442538,-0.21169055341267984,-0.8793892766520113
-0.12722180173010822,-0.3119990289549091,-0.9915861662483365
-2.100776482381215,0.8917026775518422,0.02870429851824626
-0.04141507648440746,0.9920111530940714,2.5846896896345313
-2.7872302843468173,-0.4123075044971384,-0.12030719547687321
0.8381038572840201,-0.6129244555815969,-0.22549177947342813
-0.6206104718928843,0.5907772509251543,-0.7899823802549396
-1.328515955169912,1.19262810417853,1.6976330312635843
-0.19157684566438285,0.7913942020096129,0.3950972661062459
-1.199805867301362,-0.011073602328221294,0.09006197251623663
0.40907023105551865,-2.2178600642572652,-0.9740554022489107
-1.9935180758240896,-0.3119990289549091,3.210537964414033
0.02293996744986792,-1.3150837843772019,-1.1002769030447765
-1.285612592547062,1.5938620063474471,-0.5480578370628633
0.4519735936783694,-0.3119990289549091,0.17946886891330832
1.3743958900696471,-0.5126159800393677,-0.17465256387509326
-0.5348037466471843,0.6910857264673836,-0.8338092902535041
-0.2130285269758082,1.19262810417853,-0.43235479466665283
-0.513352065335759,1.19262810417853,-0.2886025298713611
-0.47044870271290895,-0.11138207787045057,-0.9126977282509203
1.3529442087582224,-0.3119990289549091,-0.06946797987853834
0.9453622638411455,0.6910857264673836,0.22680193171175803
-2.186583207626915,-0.21169055341267984,0.151419646514227
-0.01996339517298284,-0.6129244555815969,2.7459727184292486
0.9668139451525709,0.08923487321400798,0.310949598909002
1.1598790769553964,0.49046877538292505,1.9903967900539958
0.47342527498979403,0.18954334875623724,-0.018628764280203457
-0.6849655158271597,1.4935535308052177,-0.3464540510694663
-1.6717428561527135,0.9920111530940714,2.2393336388458427
-0.6420621532043097,-0.011073602328221294,-0.6812916434584995
1.1813307582668218,-1.2147753088349726,-0.8373154430533893
-0.10577012041868285,-1.014158357750514,-0.9933392426482791
0.5592320002354948,-0.21169055341267984,-0.2517879254725669
0.7308454507268948,-0.011073602328221294,-0.1325787302764713
-0.9209340102528358,0.9920111530940714,-0.14660334147601195
-2.422551702052591,0.2898518242984665,-0.14660334147601195
-0.01996339517298284,0.5907772509251543,2.4987889460373447
0.8595555385954455,-1.716317686546119,-0.9985984718481068
0.6450387254811948,-1.2147753088349726,-0.3762563498684902
-0.7493205597614351,0.49046877538292505,-0.8127723734541932
-1.0925474607442367,-0.11138207787045057,2.5566404672354497
0.8166521759725955,0.08923487321400798,0.7141571708957959
0.8595555385954455,-0.8135414066660555,-0.3447009746695237
-0.7064171971385851,0.08923487321400798,-0.6900570254582123
0.8595555385954455,0.49046877538292505,0.6072195104992983
-0.2988352522215082,-1.1144668332927432,-0.9460061798498294
-0.2988352522215082,-0.4123075044971384,-0.7426493174564899
-0.2559318895986582,0.6910857264673836,1.0560070688845993
-0.12722180173010822,-0.7132329311238262,-0.9284754158504036
0.3018118244983933,-1.1144668332927432,-1.0073638538478198
0.9024589012182955,-0.21169055341267984,0.2180365497120451
0.044391648761292535,0.5907772509251543,1.6853614964639863
0.6235870441697694,0.6910857264673836,0.2303080845116432
-0.2559318895986582,0.2898518242984665,-0.5182555382638393
-0.513352065335759,-0.011073602328221294,-0.6269462750602794
1.1384273956439717,-0.7132329311238262,0.2320611609115858
1.3529442087582224,-1.415392259919431,-0.8285500610536763
0.34471518712124405,-1.716317686546119,-0.8951669642514946
-1.9720663945126642,0.49046877538292505,0.4547018637042937
-0.6206104718928843,0.18954334875623724,-0.6988224074579253
1.052620670398271,-0.6129244555815969,-0.11504796627704547
-1.1569025046785113,-0.6129244555815969,2.8564165316256314
0.08729501138414254,-1.6160092110038897,-1.0091169302477623
0.8381038572840201,-1.2147753088349726,-0.21322024467383008
-0.7064171971385851,-0.11138207787045057,-0.649736268259533
-0.2130285269758082,1.2929365797207593,-0.7601800814559156
-0.6206104718928843,0.49046877538292505,-0.7514146994562028
-0.7278688784500097,-0.5126159800393677,-0.6549954974593608
0.7308454507268948,0.2898518242984665,0.24608577211112645
0.9668139451525709,0.3901602998406958,-0.02213491708008862
-0.8565789663185605,1.5938620063474471,-0.21672639747371522
-0.44899702140148434,0.18954334875623724,-0.6777854906586144
-1.9291630318898143,1.3932450552629885,0.4266526413052124
-1.1354508233670866,-0.5126159800393677,3.4910301884048462
0.34471518712124405,-0.5126159800393677,0.4564549401042363
0.32326350580981866,-1.1144668332927432,-1.0073638538478198
-0.6420621532043097,0.3901602998406958,-0.691810101858155
-0.14867348304153283,-0.21169055341267984,-0.7461554702563751
0.23745678056411867,0.18954334875623724,0.09006197251623663
-0.3202869335329336,0.18954334875623724,-0.43060171826671023
-1.0067407354985358,1.5938620063474471,-0.5778601358618871
0.7737488133497455,0.6910857264673836,-0.05544336867899768
0.6879420881040448,-0.3119990289549091,-0.23601023787308364
1.6103643844953233,-1.1144668332927432,-0.6795385670585569
1.3743958900696471,0.2898518242984665,0.07954351411658114
0.6021353628583448,0.08923487321400798,0.3127026753089446
0.9239105825297209,0.49046877538292505,1.5345969260689243
1.9750429667895502,-2.017243113172807,-0.6514893446594756
0.6450387254811948,-0.6129244555815969,-0.07122105627848092
0.4948769563012194,1.6941704818896763,3.252611798012655
-0.6420621532043097,0.3901602998406958,-0.6444770390597052
0.5806836815469194,0.5907772509251543,1.5836830652673166
-1.049644098121386,0.5907772509251543,-0.29386175907118883
0.02293996744986792,-0.9138498822082848,-0.9933392426482791
0.7093937694154702,-0.8135414066660555,-0.43060171826671023
-0.06286675779583284,-1.3150837843772019,-0.8899077350516668
0.1731017366298433,1.19262810417853,3.1071064568174207
-0.6420621532043097,0.49046877538292505,-0.90568542265115
-0.2773835709100836,0.6910857264673836,-0.5603293718624613
-0.49190038402433434,0.2898518242984665,-0.7075877894576382
-1.4143226804156128,0.8917026775518422,-0.3341825162698682
-0.40609365877863357,-0.11138207787045057,-0.7689454634556286
-0.7278688784500097,1.2929365797207593,-0.04141875747945702
-0.38464197746720896,0.49046877538292505,-0.9144508046508629
-0.42754534009005896,0.49046877538292505,-0.5182555382638393
0.6235870441697694,0.6910857264673836,1.464473870071221
-0.7064171971385851,1.6941704818896763,-0.1518625706758397
-0.6206104718928843,0.2898518242984665,-0.628699351460222
-0.3202869335329336,-1.1144668332927432,-0.8864015822517816
0.6021353628583448,0.2898518242984665,0.09006197251623663
0.1301983740069933,0.7913942020096129,2.5741712312348755
-0.9423856915642604,1.5938620063474471,-0.6532424210594182
-0.34173861484435897,-0.011073602328221294,-0.5515639898627485
0.32326350580981866,0.49046877538292505,0.3407518977080259
0.9668139451525709,0.08923487321400798,0.2864065293098058
1.7819778349867232,-1.5157007354616603,-0.6602547266591885
0.8166521759725955,0.08923487321400798,-0.2289979322733133
-0.01996339517298284,-2.2178600642572652,-1.1230668962440302
1.910687922855274,-2.2178600642572652,-0.7742046926554563
0.1516500553184179,1.2929365797207593,2.4865174112377466
1.7819778349867232,-1.2147753088349726,-0.8267969846537339
0.6235870441697694,-2.117551588715036,-1.005610777447877
-0.7707722410728605,1.6941704818896763,0.13739503531468636
0.10874669269556791,1.3932450552629885,2.7880465520278706
-0.44899702140148434,1.0923196286363006,-0.7566739286560306
0.5806836815469194,1.5938620063474471,1.3119562232762163
0.06584333007271792,-1.8166261620883482,-1.0494376874464417
0.4948769563012194,-0.21169055341267984,0.13213580611485862
0.6450387254811948,1.6941704818896763,1.1138585900827045
-0.04141507648440746,-1.8166261620883482,-1.1055361322446045
0.7737488133497455,0.6910857264673836,-0.07823336187825125
0.32326350580981866,0.7913942020096129,0.864921741290858
0.5806836815469194,-1.6160092110038897,-1.0003515482480494
0.6450387254811948,-1.2147753088349726,-0.15536872347572486
0.43052191236694404,1.6941704818896763,2.7512319476290763
-2.830133646969667,0.3901602998406958,-0.5077370798641838
-0.40609365877863357,0.7913942020096129,-0.4060586486675141
0.5377803189240694,0.8917026775518422,2.451455883238895
0.5377803189240694,-1.014158357750514,-0.37976250266837536
-1.3070642738584874,0.5907772509251543,3.2122910408139758
0.7522971320383202,0.49046877538292505,0.17596271611342315
-0.12722180173010822,0.08923487321400798,-0.5936378234613704
2.06084969203525,-2.4184770153417237,-0.6760324142586718
-0.42754534009005896,0.7913942020096129,-0.179911793074921
-0.7278688784500097,0.2898518242984665,-0.5252678438636097
0.6664904067926202,0.3901602998406958,0.29517191130951875
0.9453622638411455,0.49046877538292505,0.28114730010997807
-0.2988352522215082,-1.3150837843772019,-0.6725262614587866
-0.3202869335329336,-1.014158357750514,-0.8741300474521835
0.001488286138442538,-0.21169055341267984,-0.8565992834527577
-0.5562554279586097,-0.4123075044971384,-0.8881546586517242
-0.42754534009005896,-0.011073602328221294,-0.9074384990510925
-0.3631902961557836,0.49046877538292505,-0.6129216638607388
1.1598790769553964,0.5907772509251543,0.4371710997048679
0.6021353628583448,1.4935535308052177,0.4845041625033176
0.40907023105551865,-0.3119990289549091,0.10058043091589212
-0.34173861484435897,0.49046877538292505,-0.6006501290611407
-0.7707722410728605,1.6941704818896763,0.3021842169092891
0.8595555385954455,-0.011073602328221294,0.3091965225090594
0.5377803189240694,0.08923487321400798,0.4459364817045808
-2.3796483394297407,0.08923487321400798,-0.3078863702707295
0.8381038572840201,-1.2147753088349726,-0.9442531034498868
0.1516500553184179,-1.3150837843772019,-0.9126977282509203
-1.9291630318898143,0.9920111530940714,1.3785731264740344
-0.5991587905814597,0.08923487321400798,-0.7286247062569492
0.8381038572840201,-2.117551588715036,-1.0406723054467288
1.6103643844953233,-1.415392259919431,-0.6602547266591885
-0.38464197746720896,0.08923487321400798,-0.29386175907118883
-0.1701251643529582,-0.4123075044971384,-0.8951669642514946
-0.6206104718928843,1.6941704818896763,-0.2903556062713037
0.8810072199068709,1.0923196286363006,1.8571629836583596
0.9239105825297209,0.2898518242984665,0.3389988213080833
0.8595555385954455,0.6910857264673836,-0.04141875747945702
2.06084969203525,-1.3150837843772019,-0.649736268259533
1.245685802201097,-0.8135414066660555,-0.23425716147314105
0.1945534179412679,0.5907772509251543,0.0637658265170979
-0.6849655158271597,-0.5126159800393677,-0.8478339014530448
1.417299252692498,-1.716317686546119,-0.7146000950574085
-0.9852890541871112,1.4935535308052177,0.3688011201071072
-0.6849655158271597,1.5938620063474471,1.8904714352572687
1.503105977938198,-1.5157007354616603,-0.6549954974593608
-0.12722180173010822,0.6910857264673836,-0.42008325986705475
1.0311689890868463,0.5907772509251543,0.30569036970917424
0.6235870441697694,-0.011073602328221294,0.05675352091732758
-0.7278688784500097,0.6910857264673836,-0.35346635666923665
-2.16513152631549,-0.21169055341267984,-0.08524566747802158
-0.7064171971385851,-0.011073602328221294,-0.8548462070528151
-0.40609365877863357,-0.11138207787045057,-0.5305270730634374
-0.47044870271290895,0.6910857264673836,-0.30963944667067206
-0.2130285269758082,-0.9138498822082848,-1.010870006647705
-0.6635138345157351,0.2898518242984665,-0.8285500610536763
0.9668139451525709,0.2898518242984665,1.099833978883164
0.7308454507268948,0.5907772509251543,2.2743951668446942
0.5377803189240694,-1.415392259919431,-1.0266476942471883
-0.49190038402433434,0.3901602998406958,-0.6777854906586144
-0.6206104718928843,-0.6129244555815969,-0.8250439082537913
-0.9423856915642604,1.3932450552629885,-0.7146000950574085
-0.49190038402433434,0.3901602998406958,-0.17640564027503586
-2.5941651525439915,-0.8135414066660555,-0.7864762274550544
1.3100408461353725,-1.8166261620883482,-0.6672670322589588
1.3743958900696471,-1.2147753088349726,-0.0642087506787106
0.1516500553184179,-1.6160092110038897,-0.9985984718481068
-0.2773835709100836,0.5907772509251543,-0.3709971206686625
0.6450387254811948,-0.9138498822082848,-0.11855411907693064
1.824881197609574,-2.4184770153417237,-0.7759577690553989
1.1813307582668218,-0.11138207787045057,0.365294967307222
-1.199805867301362,1.3932450552629885,3.2298218048134015
-0.2130285269758082,-1.2147753088349726,-0.754920852256088
-0.49190038402433434,-0.4123075044971384,-0.6988224074579253
0.34471518712124405,1.5938620063474471,0.5633926005007338
0.7308454507268948,1.19262810417853,1.2874131536770201
-1.1139991420556612,1.5938620063474471,-0.1816648694748636
0.7093937694154702,1.19262810417853,2.363802063241766
-0.42754534009005896,0.18954334875623724,-0.7110939422575234
-0.44899702140148434,0.08923487321400798,-0.2289979322733133
0.5592320002354948,-0.011073602328221294,-0.027394146279916366
-2.4011000207411657,1.2929365797207593,-0.1395910358762416
-0.1701251643529582,-0.21169055341267984,-0.8250439082537913
0.5377803189240694,0.7913942020096129,1.5328438496689818
-0.47044870271290895,-0.011073602328221294,-0.7075877894576382
-1.3499676364813373,0.9920111530940714,1.8291137612592783
-0.8351272850071351,-0.7132329311238262,-0.6567485738593033
-0.9852890541871112,1.19262810417853,-0.15712179987566743
1.2242341208896717,-0.21169055341267984,-0.49897169786447093
0.9453622638411455,-0.7132329311238262,-0.3482071274694089
-0.9852890541871112,1.3932450552629885,-0.23776331427302622
0.8810072199068709,0.2898518242984665,0.0935681253161218
0.7737488133497455,-0.6129244555815969,-0.372750197068605
-0.6849655158271597,0.2898518242984665,2.82836730922655
0.8810072199068709,-0.9138498822082848,-0.25529407827245204
-1.736097900086989,1.0923196286363006,1.3066969940763886
1.0740723517096964,0.2898518242984665,0.9630940196876425
-0.34173861484435897,0.5907772509251543,-0.5638355246623465
0.9668139451525709,0.49046877538292505,0.02870429851824626
-0.12722180173010822,0.5907772509251543,-0.49195939226470065
-0.12722180173010822,-0.3119990289549091,-0.8478339014530448
0.7737488133497455,0.3901602998406958,0.15667887571405475
-0.6206104718928843,0.7913942020096129,0.06201275011715532
-0.08431843910725746,0.3901602998406958,3.185994894814837
2.1681080985923753,-2.4184770153417237,-0.8355623666534467
-2.2294865702497653,1.19262810417853,-0.43936710026642317
-2.637068515166842,0.2898518242984665,-0.29736791187107403
-0.47044870271290895,0.18954334875623724,0.29166575850963355
0.8595555385954455,-1.415392259919431,-0.43235479466665283
1.8463328789209994,-1.2147753088349726,-0.7058347130576956
-0.513352065335759,-0.011073602328221294,-0.6339585806600497
0.8166521759725955,0.5907772509251543,0.2618634597106097
0.7522971320383202,-0.21169055341267984,0.3477642033077962
-0.8351272850071351,0.3901602998406958,-0.8145254498541358
-1.5215810869727382,1.19262810417853,-0.05719644507894026
0.4519735936783694,0.49046877538292505,0.025198145718361094
-2.3796483394297407,-0.7132329311238262,-0.42008325986705475
0.044391648761292535,-1.3150837843772019,-0.9775615550487958
-1.0281924168099612,0.7913942020096129,2.980884956021555
-0.5348037466471843,-0.11138207787045057,-0.53228014946338
0.8810072199068709,-0.5126159800393677,-0.2903556062713037
0.9453622638411455,-0.7132329311238262,-0.47968785746510256
0.7952004946611702,0.08923487321400798,1.0069209296862072
-0.2130285269758082,1.0923196286363006,-0.6795385670585569
-0.01996339517298284,0.49046877538292505,-0.8197846790539635
-0.5991587905814597,0.9920111530940714,0.7579840808943604
-0.2559318895986582,0.49046877538292505,-0.6725262614587866
1.1384273956439717,-1.3150837843772019,-0.16413410547543777
-0.47044870271290895,0.2898518242984665,-0.7005754838578679
0.1731017366298433,-0.7132329311238262,0.10058043091589212
0.5377803189240694,0.18954334875623724,0.14440734091445667
0.02293996744986792,-0.9138498822082848,-0.8986731170513796
1.0311689890868463,-0.9138498822082848,-0.4043055722675715
-0.2559318895986582,-1.2147753088349726,-0.7216124006571789
-0.44899702140148434,0.49046877538292505,-0.670773185058844
1.2671374835125218,-0.4123075044971384,0.04097583331784434
-0.7493205597614351,0.2898518242984665,-0.8145254498541358
-0.6849655158271597,-0.3119990289549091,1.97286602605457
0.6021353628583448,1.0923196286363006,2.370814368841536
-0.6635138345157351,0.49046877538292505,-0.6234401222603942
0.7522971320383202,0.18954334875623724,-0.06771490347859575
-0.42754534009005896,0.49046877538292505,-0.758427005055973
-0.7922239223842851,1.19262810417853,0.15843195211399733
0.7308454507268948,-2.017243113172807,-1.0213884650473604
1.009717307775421,-0.7132329311238262,-0.179911793074921
-0.8136756036957105,0.08923487321400798,1.5030415508699577
-1.1139991420556612,1.5938620063474471,-0.2307510086732559
-0.3202869335329336,-0.8135414066660555,-0.7847231510551118
0.9668139451525709,0.3901602998406958,1.0893155204835083
-0.40609365877863357,-0.011073602328221294,-0.7356370118567195
1.3958475713810725,0.3901602998406958,0.4091218773057866
-0.04141507648440746,-2.2178600642572652,-1.073980757045638
-0.6849655158271597,-0.9138498822082848,0.6019602812994707
-3.044650460083918,1.0923196286363006,-0.4463794058661935
1.009717307775421,1.19262810417853,1.4259061892724842
0.7952004946611702,0.6910857264673836,2.982638032421497
-1.1569025046785113,1.19262810417853,-0.7005754838578679
-1.9935180758240896,-0.11138207787045057,-0.3867748082681457
-0.44899702140148434,0.08923487321400798,-0.4744286282652748
0.6879420881040448,0.18954334875623724,0.13914811171462893
-1.6931945374641382,1.19262810417853,-0.2693186894719927
-0.7278688784500097,-0.011073602328221294,-0.7075877894576382
-0.3202869335329336,-0.11138207787045057,-0.9109446518509777
0.4948769563012194,0.5907772509251543,1.7186699480628953
0.9453622638411455,0.18954334875623724,0.12512350051508828
0.7093937694154702,-0.21169055341267984,0.09532120171606438
0.4519735936783694,-0.11138207787045057,0.08830889611629406
0.7093937694154702,0.2898518242984665,0.5020349265027434
0.9239105825297209,0.2898518242984665,0.21277732051221737
1.3958475713810725,-1.9169346376305774,-0.788229303854997
0.5806836815469194,-0.6129244555815969,-0.28159022427159075
-1.6073878122184382,0.7913942020096129,-0.1220602718768158
0.044391648761292535,-1.1144668332927432,-1.0827461390453508
0.7308454507268948,0.6910857264673836,2.879206524824885
-0.9423856915642604,1.3932450552629885,-0.5936378234613704
-1.8004529440212635,1.0923196286363006,-0.7742046926554563
1.3743958900696471,-0.6129244555815969,-0.2412694670729114
-0.2559318895986582,-0.6129244555815969,-0.8390685194533318
-0.10577012041868285,1.2929365797207593,1.325980834475757
-0.7493205597614351,1.19262810417853,-0.4656632462655619
-0.04141507648440746,-0.7132329311238262,-0.9915861662483365
0.06584333007271792,-0.5126159800393677,-0.4831940102649877
0.516328637612644,0.5907772509251543,2.40061666764056
0.34471518712124405,0.5907772509251543,0.8964771164898244
1.6961711097410233,-2.4184770153417237,-0.758427005055973
0.7522971320383202,0.5907772509251543,2.1902474996474504
-1.650291174841288,-0.3119990289549091,-0.7444023938564325
-0.2559318895986582,-0.9138498822082848,-0.884648505851839
-0.7278688784500097,0.2898518242984665,-0.49020631586475805
0.3018118244983933,-0.21169055341267984,0.18648117451307866
1.1813307582668218,-1.2147753088349726,-0.051937215879112514
-0.08431843910725746,-2.3181685397994944,-1.0757338334455804
0.2589084618755433,1.3932450552629885,0.7983048380930398
-0.6635138345157351,1.19262810417853,3.072044928818569
-1.1354508233670866,1.6941704818896763,-0.25704715467239464
0.7093937694154702,0.08923487321400798,0.0444819861177295
1.1384273956439717,0.08923487321400798,-0.19568948067440425
-1.1783541859899367,0.5907772509251543,0.5055410793026286
0.8381038572840201,0.2898518242984665,0.28465345290986327
-0.7278688784500097,0.2898518242984665,2.1236305964496323
0.6450387254811948,1.4935535308052177,2.602220453633957
0.7737488133497455,0.6910857264673836,0.2495919249110116
-0.5991587905814597,0.3901602998406958,-0.7829700746551692
-0.2559318895986582,-0.6129244555815969,-1.0371661526468436
-0.513352065335759,0.3901602998406958,-0.6392178098598775
-0.34173861484435897,-0.3119990289549091,-0.9004261934513222
0.6664904067926202,0.18954334875623724,2.023705241652905
-0.42754534009005896,1.19262810417853,-0.49195939226470065
0.47342527498979403,1.4935535308052177,2.5829366132345886
0.4519735936783694,-0.21169055341267984,-0.16764025827532295
-0.42754534009005896,-0.4123075044971384,-0.9179569574507481
-0.7278688784500097,-0.011073602328221294,-0.6725262614587866
1.1169757143325463,1.2929365797207593,0.5195656905021693
0.1731017366298433,-0.7132329311238262,-0.04141875747945702
-1.5859361309070128,-0.21169055341267984,1.2400800908785705
-2.358196658118316,0.18954334875623724,0.8631686648909154
-1.4143226804156128,1.3932450552629885,-0.18341794587480617
1.5460093405610487,-1.1144668332927432,-0.7005754838578679
0.3018118244983933,0.2898518242984665,0.10583966011571987
0.8166521759725955,1.2929365797207593,1.3627954388745511
-0.6206104718928843,1.3932450552629885,-0.10803566067727514
-2.2938416141840405,-0.8135414066660555,0.004161228919050111
-0.06286675779583284,-1.415392259919431,-0.9793146314487384
0.6450387254811948,0.18954334875623724,0.1426542645145141
1.0311689890868463,0.18954334875623724,-0.2605533074722798
-0.19157684566438285,-0.21169055341267984,-0.7163531714573511
0.7952004946611702,0.2898518242984665,-0.018628764280203457
0.5377803189240694,0.5907772509251543,0.004161228919050111
-2.444003383364016,0.49046877538292505,-0.2658125366721075
-0.12722180173010822,-0.11138207787045057,-0.872376971052241
-0.513352065335759,0.18954334875623724,-0.41131787786734186
-0.2773835709100836,0.9920111530940714,-0.5392924550631504
0.5592320002354948,0.6910857264673836,0.11986427131526053
0.6879420881040448,-1.2147753088349726,-0.19568948067440425
0.6235870441697694,1.0923196286363006,2.065779075251527
1.3100408461353725,-0.8135414066660555,-0.06596182707865317
0.8381038572840201,-1.3150837843772019,-1.0178823122474752
0.7522971320383202,0.18954334875623724,0.4248995649052698
0.40907023105551865,-0.011073602328221294,0.10759273651566245
1.2027824395782472,-0.4123075044971384,0.20401193851250446
0.7952004946611702,-0.011073602328221294,0.3407518977080259
-1.2641609112356367,-0.6129244555815969,2.602220453633957
-1.2641609112356367,-0.5126159800393677,-0.35171328026929405
-0.9209340102528358,0.8917026775518422,-0.34119482186963856
0.1516500553184179,-1.716317686546119,-0.9828207842486236
0.10874669269556791,-1.3150837843772019,-1.0687215278458102
-0.47044870271290895,-1.014158357750514,-0.9495123326497146
-0.9423856915642604,0.2898518242984665,2.470739723638263
-0.9209340102528358,-0.4123075044971384,-0.7864762274550544
0.1731017366298433,0.6910857264673836,0.3793195785067627
0.7308454507268948,0.5907772509251543,0.9210201860890206
0.5592320002354948,1.2929365797207593,1.2891662300769628
0.32326350580981866,-0.4123075044971384,0.4389241761048105
-0.2130285269758082,-0.6129244555815969,-0.9565246382494849
-0.5991587905814597,0.49046877538292505,-0.8408215958532744
-0.9209340102528358,0.5907772509251543,-0.8320562138535615
0.044391648761292535,1.5938620063474471,2.0710383044513545
0.6235870441697694,-0.4123075044971384,-0.4288486418667677
1.1813307582668218,-1.1144668332927432,-0.6847977962583847
0.8166521759725955,-1.2147753088349726,-0.9985984718481068
0.02293996744986792,1.3932450552629885,0.9911432420867239
-0.7922239223842851,1.19262810417853,-0.5708478302621168
-3.044650460083918,-0.011073602328221294,0.24257961931124128
-1.9291630318898143,0.49046877538292505,0.9893901656867813
0.5377803189240694,1.19262810417853,1.301437764876561
0.6235870441697694,-0.11138207787045057,-0.2079610154740023
1.3100408461353725,-1.9169346376305774,-0.7321308590568344
-0.6206104718928843,0.6910857264673836,0.21628347331210254
1.0740723517096964,-1.415392259919431,-0.8320562138535615
-1.7146462187755636,0.3901602998406958,1.5871892180672018
1.8677845602324248,-2.4184770153417237,-0.6532424210594182
-1.7146462187755636,0.7913942020096129,0.5108003085024564
1.0311689890868463,0.8917026775518422,0.37230727290699234
0.8595555385954455,-2.2178600642572652,-1.010870006647705
1.1169757143325463,-1.6160092110038897,-0.6216870458604516
-0.6420621532043097,-0.11138207787045057,-0.6585016502592459
0.23745678056411867,-1.2147753088349726,-0.9407469506500017
1.1598790769553964,1.0923196286363006,0.3389988213080833
-0.49190038402433434,0.7913942020096129,-0.6094155110608537
-1.0067407354985358,1.0923196286363006,-0.14660334147601195
0.6879420881040448,1.5938620063474471,2.086815992050838
1.3100408461353725,0.6910857264673836,0.3162088281088297
0.7522971320383202,-1.6160092110038897,-1.0582030694461546
-0.44899702140148434,0.18954334875623724,-0.6392178098598775
0.08729501138414254,-2.2178600642572652,-1.1020299794447193
1.331492527446797,-2.2178600642572652,-0.6988224074579253
0.32326350580981866,1.5938620063474471,0.7194164000956236
-0.42754534009005896,0.8917026775518422,-0.42358941266693995
-0.6635138345157351,1.2929365797207593,-0.4849470866649303
-3.044650460083918,-0.21169055341267984,-0.5059840034642413
1.503105977938198,-1.6160092110038897,-0.7812169982552266
-1.4143226804156128,0.5907772509251543,-0.6094155110608537
-1.5859361309070128,0.9920111530940714,2.605726606433842
1.1813307582668218,0.08923487321400798,0.2197896261119877
0.9239105825297209,-2.2178600642572652,-1.0897584446451212
-1.049644098121386,0.8917026775518422,-0.5550701426626335
0.6235870441697694,-1.3150837843772019,-1.073980757045638
0.5592320002354948,-0.11138207787045057,0.17946886891330832
1.7819778349867232,-1.2147753088349726,-0.842574672253217
-0.38464197746720896,-0.4123075044971384,-0.8180316026540209
0.6021353628583448,0.5907772509251543,3.091328769217937
-0.49190038402433434,0.7913942020096129,0.3793195785067627
-2.6156168338554164,0.7913942020096129,0.16544425771376767
0.516328637612644,-1.415392259919431,-0.9617838674493127
-0.6635138345157351,0.49046877538292505,-0.8495869778529874
-0.1701251643529582,0.7913942020096129,-0.6514893446594756
0.4519735936783694,0.6910857264673836,-0.009863382280490546
0.32326350580981866,-1.5157007354616603,-0.9933392426482791
1.1169757143325463,-1.415392259919431,-0.42183633626699735
-0.513352065335759,0.18954334875623724,-0.6427239626597627
-1.3499676364813373,-0.7132329311238262,0.2110242441122748
0.6021353628583448,0.49046877538292505,1.2453393200783982
0.5806836815469194,-0.4123075044971384,-0.10628258427733256
-0.7064171971385851,0.9920111530940714,-0.42183633626699735
0.6450387254811948,1.19262810417853,2.1341490548492876
-0.10577012041868285,1.2929365797207593,1.4171408072727714
-0.8136756036957105,0.9920111530940714,0.3845788077065904
-0.5348037466471843,0.3901602998406958,-0.8110192970542506
2.1681080985923753,-1.716317686546119,-0.7093408658575808
-0.5562554279586097,0.6910857264673836,-0.733883935456777
0.08729501138414254,-0.8135414066660555,-0.8671177418524132
-0.8780306476299858,-0.6129244555815969,-0.7391431646566047
-0.42754534009005896,0.5907772509251543,-0.7268716298570066
-2.2080348889383403,1.19262810417853,-0.25354100187250944
-0.47044870271290895,1.19262810417853,-0.8040069914544802
-1.0067407354985358,1.3932450552629885,0.2601103833106671
0.7952004946611702,-1.8166261620883482,-1.0950176738449489
-1.7146462187755636,-0.9138498822082848,0.7246756292954514
-1.1354508233670866,0.8917026775518422,-0.24302254347285396
-2.679971877789692,-0.011073602328221294,0.32497421010854266
-0.19157684566438285,-0.21169055341267984,-0.5235147674636671
-1.7790012627098388,0.08923487321400798,-0.0729741326784235
1.331492527446797,-1.2147753088349726,-0.19744255707434683
-0.12722180173010822,0.18954334875623724,-0.788229303854997
-0.14867348304153283,0.18954334875623724,-0.5568232190625761
-0.3202869335329336,0.8917026775518422,-0.649736268259533
0.7522971320383202,0.3901602998406958,-0.21672639747371522
-0.3202869335329336,-1.3150837843772019,-1.005610777447877
-0.34173861484435897,-0.4123075044971384,-0.9442531034498868
0.5806836815469194,-1.2147753088349726,-0.19568948067440425
0.32326350580981866,-0.3119990289549091,-0.32541713427015534
-0.8351272850071351,-0.8135414066660555,2.253358250045383
-0.9852890541871112,1.4935535308052177,0.32497421010854266
0.7737488133497455,-1.6160092110038897,-0.9705492494490255
1.331492527446797,-1.014158357750514,-0.29561483547113143
1.1384273956439717,0.2898518242984665,0.42840571770515495
-0.08431843910725746,0.6910857264673836,2.1621982772483688
1.6318160658067487,-1.1144668332927432,-0.8390685194533318
-0.19157684566438285,-1.3150837843772019,-0.767192387055686
0.5806836815469194,0.7913942020096129,1.1734631876807524
-0.38464197746720896,-1.1144668332927432,-0.9214631102506332
-1.0710957794328113,0.5907772509251543,0.047988138917614664
0.9668139451525709,0.18954334875623724,0.17420963971348058
0.5377803189240694,0.6910857264673836,0.42840571770515495
1.3100408461353725,-1.6160092110038897,-0.7321308590568344
1.1169757143325463,-0.21169055341267984,-0.015122611480318291
-0.44899702140148434,0.49046877538292505,-0.3166517522704424
-1.8862596692669642,1.4935535308052177,0.3688011201071072
-2.915940372215368,0.9920111530940714,-0.6672670322589588
-0.6849655158271597,1.2929365797207593,-0.4849470866649303
1.3529442087582224,-0.9138498822082848,-0.23250408507319847
-0.2988352522215082,0.2898518242984665,0.17245656331353798
-0.38464197746720896,0.18954334875623724,-0.5305270730634374
0.4948769563012194,-2.4184770153417237,-1.0967707502448913
1.245685802201097,0.3901602998406958,0.14440734091445667
-1.1139991420556612,1.19262810417853,-0.2605533074722798
0.9668139451525709,0.2898518242984665,0.22154270251193028
-1.4357743617270373,-0.7132329311238262,0.3407518977080259
1.009717307775421,-0.5126159800393677,-0.011616458680433128
-3.044650460083918,0.3901602998406958,-0.2412694670729114
2.0823013733466755,-2.2178600642572652,-0.884648505851839
-0.6420621532043097,0.3901602998406958,-0.7531677758561454
-0.2559318895986582,0.5907772509251543,0.058506597317270155
-0.40609365877863357,-0.3119990289549091,-0.6339585806600497
-0.42754534009005896,-0.11138207787045057,-0.6216870458604516
1.1169757143325463,-0.7132329311238262,-0.11680104267698806
0.7093937694154702,-0.9138498822082848,-0.3008740646709592
-1.0925474607442367,0.8917026775518422,2.8353796148263206
-0.04141507648440746,-2.117551588715036,-0.9985984718481068
0.6021353628583448,-0.011073602328221294,0.45996109290412146
-0.12722180173010822,-0.7132329311238262,-0.6812916434584995
-0.2773835709100836,0.18954334875623724,0.24082654291129868
1.6103643844953233,-2.117551588715036,-0.7093408658575808
-1.5859361309070128,0.6910857264673836,-0.6094155110608537
0.516328637612644,-0.4123075044971384,-0.23250408507319847
-0.10577012041868285,0.5907772509251543,-0.5427986078630355
-0.1701251643529582,0.18954334875623724,0.2618634597106097
-0.5991587905814597,-0.11138207787045057,-0.6883039490582699
-0.42754534009005896,-0.8135414066660555,-0.8355623666534467
-0.19157684566438285,0.9920111530940714,-0.42358941266693995
0.02293996744986792,1.0923196286363006,0.7912925324932695
-1.564484449595588,0.7913942020096129,1.8957306644570964
0.7093937694154702,-1.1144668332927432,-1.002104624647992
0.6879420881040448,1.19262810417853,0.8070702200927528
-1.1783541859899367,-0.5126159800393677,2.577677384034761
-0.513352065335759,0.49046877538292505,-0.7426493174564899
0.2160050992526933,-0.011073602328221294,0.14791349371434184
-0.34173861484435897,-0.11138207787045057,-0.595390899861313
0.8810072199068709,0.6910857264673836,0.5002818501028008
0.6021353628583448,-1.2147753088349726,-0.22373870307348556
0.9882656264639963,-1.3150837843772019,-0.5007247742644135
-0.44899702140148434,-0.011073602328221294,-0.8127723734541932
-0.7493205597614351,1.0923196286363006,-0.42358941266693995
0.9453622638411455,1.2929365797207593,1.6467938156652495
-0.42754534009005896,-0.3119990289549091,-0.896920040651437
0.8166521759725955,0.2898518242984665,1.9974090956537662
0.6021353628583448,-0.4123075044971384,-0.22373870307348556
0.7093937694154702,-0.11138207787045057,-0.21672639747371522
1.1598790769553964,0.49046877538292505,0.8579094356910876
0.6235870441697694,-1.415392259919431,-0.9389938742500591
1.9535912854781248,-1.415392259919431,-0.6479831918595904
0.6235870441697694,-2.4184770153417237,-1.0511907638463842
-0.01996339517298284,-1.2147753088349726,-1.0599561458460973
-0.8351272850071351,1.2929365797207593,-0.4025524958676289
1.3743958900696471,-1.415392259919431,-0.1886771750746339
0.5592320002354948,0.08923487321400798,1.0945747496833362
-1.821904625332689,-0.11138207787045057,0.3389988213080833
1.1384273956439717,-1.3150837843772019,-0.21497332107377265
-2.5083584272982913,0.5907772509251543,-0.7128470186574659
-0.06286675779583284,1.3932450552629885,0.5931948992997577
-0.5777071092700343,-0.7132329311238262,-0.7829700746551692
-0.3202869335329336,-0.7132329311238262,-0.9337346450502313
-0.44899702140148434,-0.4123075044971384,1.9693598732546849
0.38761854974409404,0.8917026775518422,1.254104702078111
-0.47044870271290895,0.5907772509251543,-0.7181062478572937
2.1252047359695245,-2.017243113172807,-0.7058347130576956
-0.513352065335759,0.6910857264673836,-0.5761070594619445
-0.2344802082872336,0.6910857264673836,-0.8145254498541358
2.1681080985923753,-1.415392259919431,-0.7321308590568344
-0.19157684566438285,0.49046877538292505,-0.42008325986705475
1.1169757143325463,-0.9138498822082848,-0.43235479466665283
-0.2559318895986582,0.2898518242984665,-0.8513400542529299
-1.3070642738584874,-0.7132329311238262,1.66081842686479
-0.5348037466471843,1.5938620063474471,-0.6181808930605666
-0.8994823289414104,1.4935535308052177,0.3477642033077962
-0.8994823289414104,0.6910857264673836,0.3582826617074517
-1.8862596692669642,-0.5126159800393677,-0.04141875747945702
0.9024589012182955,0.49046877538292505,0.42139341210538467
-2.5941651525439915,0.3901602998406958,-0.5340332258633226
0.40907023105551865,0.8917026775518422,2.526838168436426
-0.7064171971385851,0.7913942020096129,-0.8075131442543654
-0.8780306476299858,0.5907772509251543,-0.3569725094691218
-2.5727134712325666,0.7913942020096129,-0.43235479466665283
-0.08431843910725746,-0.011073602328221294,-0.8180316026540209
0.4519735936783694,0.5907772509251543,0.42840571770515495
-0.7064171971385851,-0.5126159800393677,-0.8075131442543654
0.7093937694154702,-1.2147753088349726,-0.28334330067153335
0.34471518712124405,-0.21169055341267984,0.42139341210538467
0.47342527498979403,0.08923487321400798,0.1216173477152031
-0.7922239223842851,-0.3119990289549091,-0.6427239626597627
-0.3202869335329336,0.8917026775518422,-0.7952416094547673
-0.6206104718928843,0.18954334875623724,-0.6129216638607388
-0.7278688784500097,1.5938620063474471,2.4777520292380335
-0.14867348304153283,-0.5126159800393677,-0.8548462070528151
-0.34173861484435897,-0.5126159800393677,-1.0354130762469012
0.6879420881040448,-2.4184770153417237,-1.065215375045925
-0.6635138345157351,0.6910857264673836,-0.8022539150545377
-0.9423856915642604,1.19262810417853,-0.4814409338650451
0.6021353628583448,0.5907772509251543,1.741459941262149
1.5674610218724725,-1.3150837843772019,-0.5761070594619445
0.7952004946611702,-0.5126159800393677,-0.2623063838722224
-1.8433563066441143,0.18954334875623724,-0.25354100187250944
0.8595555385954455,-1.8166261620883482,-1.0669684514458675
-0.8994823289414104,1.0923196286363006,0.6037133576994131
-0.47044870271290895,0.6910857264673836,-0.4656632462655619
-0.06286675779583284,-0.7132329311238262,-0.9407469506500017
0.6235870441697694,-0.011073602328221294,0.2706288417103226
-1.564484449595588,-0.8135414066660555,-0.6409708862598201
0.6664904067926202,0.18954334875623724,1.0928216732833935
-0.42754534009005896,0.8917026775518422,-0.5200086146637819
0.08729501138414254,-0.8135414066660555,-0.9740554022489107
-0.1701251643529582,-0.3119990289549091,-0.8864015822517816
0.7522971320383202,1.2929365797207593,0.002408152519107529
-0.513352065335759,0.2898518242984665,-0.5638355246623465
0.08729501138414254,-2.3181685397994944,-0.9898330898483939
0.2589084618755433,-0.3119990289549091,0.19875270931267672
0.4519735936783694,1.5938620063474471,0.5616395241007912
1.331492527446797,-0.7132329311238262,-0.4831940102649877
-1.0067407354985358,1.2929365797207593,2.3234813060430866
1.9321396041666994,-1.5157007354616603,-0.8162785262540783
0.28036014318696867,0.5907772509251543,1.590695370867087
0.28036014318696867,1.2929365797207593,2.305950542043661
-0.06286675779583284,-1.415392259919431,-1.0406723054467288
-0.7278688784500097,0.8917026775518422,-0.23776331427302622
-0.3631902961557836,0.5907772509251543,-0.8741300474521835
0.6235870441697694,-0.011073602328221294,-0.0028510766807202173
0.001488286138442538,-1.3150837843772019,-0.7601800814559156
-0.2988352522215082,0.3901602998406958,-0.6795385670585569
0.6450387254811948,-0.4123075044971384,-0.14309718867612678
-0.513352065335759,1.2929365797207593,0.07253120851681082
-0.42754534009005896,0.3901602998406958,-0.7444023938564325
0.8810072199068709,-1.6160092110038897,-1.0196353886474179
-0.40609365877863357,-0.11138207787045057,-0.893413887851552
1.3529442087582224,-1.9169346376305774,-0.6339585806600497
-0.1701251643529582,0.2898518242984665,-0.7216124006571789
1.2885891648239471,-0.4123075044971384,-0.43235479466665283
1.1384273956439717,-0.7132329311238262,-0.4744286282652748
1.2242341208896717,-1.415392259919431,-0.44988555866607866
-0.38464197746720896,-0.8135414066660555,3.566412473602377
-2.422551702052591,-0.3119990289549091,-0.5165024618638968
2.14665641728095,-1.3150837843772019,-0.48845323946481545
-0.2344802082872336,-1.014158357750514,-0.8881546586517242
-2.4011000207411657,1.3932450552629885,-0.3376886690697534
-0.6849655158271597,0.2898518242984665,2.7757750172282725
-1.6073878122184382,0.9920111530940714,2.169210582848139
-0.2130285269758082,1.19262810417853,-0.830303137453619
-0.7064171971385851,-0.11138207787045057,-0.6041562818610259
0.06584333007271792,-2.2178600642572652,-0.9179569574507481
0.7737488133497455,-0.4123075044971384,-0.3341825162698682
-0.04141507648440746,-0.5126159800393677,-0.9372407978501165
1.0740723517096964,-1.2147753088349726,-0.16413410547543777
-0.7064171971385851,1.6941704818896763,-0.22373870307348556
-0.10577012041868285,1.2929365797207593,-0.4253424890668825
0.08729501138414254,-2.2178600642572652,-1.0213884650473604
0.43052191236694404,0.18954334875623724,0.14966657011428441
-1.907711350578389,1.5938620063474471,3.2543648744125977
-0.2344802082872336,-1.014158357750514,-0.9284754158504036
-0.47044870271290895,1.0923196286363006,-0.4007994194676864
0.38761854974409404,-2.3181685397994944,-1.0757338334455804
0.9024589012182955,-1.8166261620883482,-0.9670430966491403
-0.34173861484435897,0.18954334875623724,-0.5620824482624039
0.36616686843266866,-1.1144668332927432,-1.0511907638463842
0.8810072199068709,-1.5157007354616603,-0.9565246382494849
-0.7278688784500097,0.08923487321400798,-0.7023285602578104
-0.7064171971385851,0.08923487321400798,-0.926722339450461
0.9239105825297209,0.08923487321400798,0.11635811851537536
-1.0925474607442367,-0.011073602328221294,1.9746191024545126
0.5592320002354948,-0.5126159800393677,0.14791349371434184
0.8166521759725955,-0.11138207787045057,-0.43060171826671023
-0.12722180173010822,-0.11138207787045057,-0.7216124006571789
1.4602026153153471,-1.1144668332927432,-0.5813662886617723
-0.49190038402433434,1.3932450552629885,0.7965517616930973
-1.242709229924212,-0.8135414066660555,2.9440703516227607
0.8595555385954455,-0.11138207787045057,0.4915164681030879
-0.44899702140148434,-0.3119990289549091,-0.8671177418524132
1.4816542966267725,-2.017243113172807,-0.7391431646566047
0.7093937694154702,0.08923487321400798,2.3094566948435458
-0.1701251643529582,0.2898518242984665,0.9666001724875277
-0.7278688784500097,0.08923487321400798,-0.5971439762612556
-0.6849655158271597,-0.011073602328221294,-0.7268716298570066
-1.2212575486127866,-0.21169055341267984,1.906249122856752
0.5592320002354948,0.49046877538292505,0.5002818501028008
0.5806836815469194,-1.8166261620883482,-1.0161292358475327
0.5806836815469194,-0.6129244555815969,-0.2605533074722798
0.6879420881040448,-2.117551588715036,-1.065215375045925
1.3529442087582224,-0.9138498822082848,-0.4007994194676864
1.331492527446797,0.08923487321400798,0.02695122211830368
-0.5777071092700343,0.5907772509251543,-0.6041562818610259
0.40907023105551865,-2.2178600642572652,-1.0897584446451212
0.7737488133497455,0.49046877538292505,1.296178535676733
-0.08431843910725746,1.4935535308052177,2.795058857627641
-0.6206104718928843,0.08923487321400798,-0.5831193650617149
-0.7278688784500097,0.3901602998406958,-0.7181062478572937
-0.2559318895986582,0.9920111530940714,-0.05719644507894026
-0.1701251643529582,0.08923487321400798,0.41788725930549947
0.9024589012182955,0.49046877538292505,0.1040865837157773
1.3529442087582224,-0.3119990289549091,0.5493679893011931
0.6235870441697694,1.4935535308052177,0.36354189090727945
-0.2130285269758082,1.0923196286363006,-0.8495869778529874
1.0311689890868463,-0.7132329311238262,0.3389988213080833
-0.47044870271290895,-0.5126159800393677,-0.9126977282509203
0.5377803189240694,-0.9138498822082848,-0.36398481506889213
0.6450387254811948,-1.415392259919431,-1.0301538470470732
0.7522971320383202,0.2898518242984665,0.13213580611485862
0.10874669269556791,0.08923487321400798,0.03571660411801659
0.5592320002354948,-1.1144668332927432,-0.44988555866607866
-0.2559318895986582,-0.3119990289549091,-0.7636862342558008
-0.3202869335329336,-0.6129244555815969,-0.8250439082537913
0.36616686843266866,0.08923487321400798,0.14440734091445667
-0.6420621532043097,0.5907772509251543,-0.9179569574507481
0.9668139451525709,0.49046877538292505,0.11986427131526053
-0.38464197746720896,0.49046877538292505,2.40061666764056
0.9024589012182955,0.5907772509251543,0.12512350051508828
0.5806836815469194,0.08923487321400798,1.9851375608541681
1.0740723517096964,0.6910857264673836,0.49852877370285825
0.5592320002354948,0.3901602998406958,0.21277732051221737
-1.1783541859899367,0.5907772509251543,-0.5831193650617149
0.5592320002354948,-0.11138207787045057,0.13914811171462893
0.7952004946611702,0.6910857264673836,0.4091218773057866
0.4519735936783694,-1.3150837843772019,-1.0494376874464417
-0.5777071092700343,0.2898518242984665,-0.8267969846537339
-0.6849655158271597,1.6941704818896763,-0.21322024467383008
-0.2773835709100836,-0.3119990289549091,-0.9021792698512648
0.23745678056411867,0.6910857264673836,1.6976330312635843
0.6235870441697694,0.18954334875623724,0.018185840118590767
-0.12722180173010822,-0.7132329311238262,-0.7636862342558008
-1.1139991420556612,0.5907772509251543,0.6317625800984945
0.08729501138414254,-1.3150837843772019,-1.0617092222460398
0.6021353628583448,1.2929365797207593,1.5679053776678333
0.6021353628583448,0.9920111530940714,1.7063984132632972
-1.9935180758240896,-0.8135414066660555,-0.6216870458604516
1.2027824395782472,-1.3150837843772019,-0.6374647334599349
-2.830133646969667,0.3901602998406958,0.7229225528955088
0.47342527498979403,0.6910857264673836,0.3407518977080259
-0.42754534009005896,-0.4123075044971384,-0.9425000270499442
0.8166521759725955,-0.011073602328221294,0.10058043091589212
0.8381038572840201,-0.7132329311238262,-0.35171328026929405
0.5377803189240694,0.5907772509251543,2.090322144850723
-1.285612592547062,-0.8135414066660555,-0.36573789146883473
-0.6635138345157351,0.08923487321400798,-0.8864015822517816
-0.2988352522215082,0.2898518242984665,3.4191540560072
-0.6635138345157351,0.5907772509251543,-0.9004261934513222
-1.8433563066441143,1.0923196286363006,-0.4551447878659064
-0.8994823289414104,0.9920111530940714,0.5055410793026286
-0.1701251643529582,-0.5126159800393677,-0.9179569574507481
-0.08431843910725746,0.08923487321400798,-0.9705492494490255
1.245685802201097,-1.415392259919431,-0.4709224754653896
-0.5562554279586097,0.9920111530940714,-0.4446263294662509
0.6664904067926202,-1.5157007354616603,-1.0213884650473604
1.2671374835125218,-1.415392259919431,0.06902505571692565
0.5806836815469194,1.2929365797207593,0.7737617684938437
1.331492527446797,-1.1144668332927432,-0.13433180667641387
0.43052191236694404,0.18954334875623724,0.042728909717786916
-0.7707722410728605,1.0923196286363006,2.199012881647163
1.5245576592496233,-1.2147753088349726,-0.8040069914544802
0.5592320002354948,-0.7132329311238262,0.22329577891187288
0.6450387254811948,0.9920111530940714,2.011433706853307
1.2027824395782472,-2.117551588715036,-0.8250439082537913
0.6450387254811948,1.6941704818896763,1.3540300568748382
1.996494648100974,-1.716317686546119,-0.8916608114516094
0.5592320002354948,0.7913942020096129,2.0535075404519287
0.5377803189240694,1.2929365797207593,1.4714861756709914
1.3743958900696471,0.18954334875623724,-0.23601023787308364
0.6021353628583448,0.3901602998406958,0.26712268891043744
1.503105977938198,-1.415392259919431,-0.7216124006571789
-0.06286675779583284,0.8917026775518422,0.7509717752945901
1.3958475713810725,-0.11138207787045057,-0.4130709542672844
-1.2212575486127866,1.3932450552629885,2.6495535164324067
0.5377803189240694,0.2898518242984665,-0.15887487627561003
0.9024589012182955,0.5907772509251543,0.64228103849815
-1.9935180758240896,-0.3119990289549091,1.5766707596675462
0.516328637612644,-0.011073602328221294,0.5125533849023989
-0.9423856915642604,-0.011073602328221294,1.5030415508699577
0.7093937694154702,-0.4123075044971384,-0.5165024618638968
0.7952004946611702,1.19262810417853,0.05500044451738499
-0.08431843910725746,0.7913942020096129,2.4619743416385504
0.23745678056411867,0.08923487321400798,-0.07823336187825125
0.28036014318696867,-0.5126159800393677,0.10058043091589212
0.7093937694154702,0.3901602998406958,1.5977076764668572
0.5592320002354948,0.49046877538292505,0.20401193851250446
0.7737488133497455,0.08923487321400798,0.0444819861177295
0.10874669269556791,1.5938620063474471,2.021952165252962
-0.6420621532043097,0.5907772509251543,0.3091965225090594
0.28036014318696867,-0.6129244555815969,-0.16413410547543777
0.6664904067926202,1.19262810417853,1.560893072068063
0.6450387254811948,0.5907772509251543,1.7642499344614024
0.2160050992526933,1.0923196286363006,0.7001325596962552
-0.10577012041868285,0.6910857264673836,1.741459941262149
0.7952004946611702,-0.8135414066660555,-0.02038184068014604
0.9453622638411455,0.2898518242984665,0.2320611609115858
0.8595555385954455,0.49046877538292505,0.26712268891043744
0.7952004946611702,1.19262810417853,1.6082261348665128
1.2885891648239471,0.3901602998406958,0.5090472321025138
0.6664904067926202,0.08923487321400798,0.01993891651853335
0.7093937694154702,-0.011073602328221294,0.27413499451020773
0.1301983740069933,0.6910857264673836,2.374320521641421
0.5592320002354948,-1.2147753088349726,-0.318404828670385
0.7952004946611702,0.8917026775518422,2.211284416446761
-1.821904625332689,-0.4123075044971384,3.668090904799047
-1.9935180758240896,0.7913942020096129,3.631276300400253
0.43052191236694404,0.5907772509251543,0.449442634504466
0.4519735936783694,1.0923196286363006,2.0412360056523307
1.2885891648239471,-0.21169055341267984,-0.4130709542672844
0.9024589012182955,-0.4123075044971384,0.3810726549067053
1.0740723517096964,-1.8166261620883482,-0.7216124006571789
1.2242341208896717,-0.7132329311238262,-0.09576412587767706
0.7522971320383202,0.49046877538292505,0.0935681253161218
0.9024589012182955,-0.7132329311238262,-0.29736791187107403
-1.4786777243498874,-0.6129244555815969,0.856156359291145
0.34471518712124405,-0.5126159800393677,0.39334418970630336
0.36616686843266866,0.49046877538292505,-0.051937215879112514
1.4602026153153471,-1.716317686546119,-0.8548462070528151
0.9024589012182955,-0.4123075044971384,0.38983803690641816
1.2027824395782472,-1.1144668332927432,-0.2588002310723372
1.1598790769553964,0.6910857264673836,2.2849136252443496
-0.08431843910725746,0.9920111530940714,1.0928216732833935
0.9882656264639963,-0.3119990289549091,-0.1308256538765287
-0.10577012041868285,1.4935535308052177,0.7912925324932695
1.1384273956439717,-1.3150837843772019,-0.1536156470757823
0.6235870441697694,-0.7132329311238262,-0.009863382280490546
-1.3070642738584874,1.5938620063474471,2.2586174792452107
0.7522971320383202,0.5907772509251543,0.8806994288903411
0.9239105825297209,-1.3150837843772019,-0.4709224754653896
0.9668139451525709,0.08923487321400798,0.13739503531468636
0.5592320002354948,-0.5126159800393677,-0.3569725094691218
0.7093937694154702,0.5907772509251543,0.7053917888960829
0.6450387254811948,-0.11138207787045057,-0.1115418134771603
1.1813307582668218,0.5907772509251543,0.7404533168949345
0.8381038572840201,0.08923487321400798,1.4153877308728287
0.7308454507268948,-0.11138207787045057,-0.3709971206686625
1.2885891648239471,-0.3119990289549091,0.33373959210825554
0.7308454507268948,0.18954334875623724,-0.09401104947773449
0.10874669269556791,-0.5126159800393677,0.2793942237100355
-1.7790012627098388,1.0923196286363006,1.283907000877135
0.9882656264639963,-1.5157007354616603,-0.7408962410565473
0.044391648761292535,-0.3119990289549091,1.3154623760761015
0.6021353628583448,1.0923196286363006,1.6906207256638142
0.9882656264639963,-1.3150837843772019,-0.5778601358618871
2.0393980107238248,-2.4184770153417237,-0.5550701426626335
1.2027824395782472,-1.3150837843772019,-0.30963944667067206
0.6879420881040448,1.2929365797207593,0.6124787396991261
-0.44899702140148434,0.2898518242984665,-0.036159528279629274
0.6235870441697694,-0.4123075044971384,-0.3289232870700405
0.6664904067926202,0.08923487321400798,1.9798783316543402
0.7737488133497455,0.18954334875623724,0.3127026753089446
0.9453622638411455,0.2898518242984665,-0.02038184068014604
0.7737488133497455,-0.011073602328221294,0.3162088281088297
0.8595555385954455,1.19262810417853,-0.11329488987710289
1.5460093405610487,-2.3181685397994944,-0.8565992834527577
-0.9852890541871112,0.2898518242984665,1.4276592656724267
1.503105977938198,-2.117551588715036,-0.5217616910637245
1.1813307582668218,0.6910857264673836,1.247092396478341
0.6450387254811948,-0.5126159800393677,-0.14309718867612678
0.43052191236694404,0.08923487321400798,-0.34119482186963856
0.8166521759725955,0.18954334875623724,0.4056157245059014
1.3743958900696471,-0.21169055341267984,-0.2289979322733133
1.2885891648239471,-1.8166261620883482,-0.7163531714573511
-0.3202869335329336,-0.9138498822082848,1.3540300568748382
0.7522971320383202,-0.011073602328221294,0.004161228919050111
0.6664904067926202,-0.9138498822082848,-0.318404828670385
0.6664904067926202,0.18954334875623724,2.0342237000525603
0.9882656264639963,-1.3150837843772019,-0.8408215958532744
1.3743958900696471,-1.8166261620883482,-0.7724516162555137
-1.9935180758240896,0.08923487321400798,0.8701809704906857
0.7308454507268948,0.9920111530940714,0.7965517616930973
0.40907023105551865,0.49046877538292505,0.01993891651853335
1.0955240330211218,-1.5157007354616603,-0.8671177418524132
1.3100408461353725,-2.3181685397994944,-0.809266220654308
0.9453622638411455,-1.014158357750514,-0.18692409867469134
1.052620670398271,-1.2147753088349726,-0.45865094066579154
0.1301983740069933,-0.6129244555815969,-0.16764025827532295
0.6879420881040448,-0.011073602328221294,-0.016875687880260875
0.6450387254811948,0.18954334875623724,-0.4043055722675715
-0.3202869335329336,0.9920111530940714,2.5987143008340716
-0.5777071092700343,1.5938620063474471,2.623257370433268
1.009717307775421,-0.8135414066660555,-0.12030719547687321
1.8677845602324248,-2.017243113172807,-0.8250439082537913
2.1252047359695245,-2.4184770153417237,-0.8197846790539635
-1.242709229924212,0.6910857264673836,1.5363500024688668
0.06584333007271792,0.9920111530940714,1.44343695327191
0.5806836815469194,0.7913942020096129,0.8386255952917192
0.23745678056411867,0.9920111530940714,2.5969612244341294
0.34471518712124405,0.3901602998406958,0.23381423731152837
0.8595555385954455,-0.8135414066660555,-0.3552194330691792
0.47342527498979403,0.6910857264673836,1.4031161960732306
0.10874669269556791,0.7913942020096129,2.861675760825459
1.0740723517096964,-2.2178600642572652,-0.8828954294518965
0.9668139451525709,-0.21169055341267984,-0.12731950107664355
1.6961711097410233,-1.415392259919431,-0.5988970526611981
0.43052191236694404,-0.011073602328221294,0.34250497410796843
0.8381038572840201,-0.11138207787045057,-0.14660334147601195
0.7093937694154702,-0.11138207787045057,0.20751809131238963
0.7308454507268948,-0.3119990289549091,0.05500044451738499
0.7093937694154702,-0.5126159800393677,-0.13608488307635647
0.6021353628583448,1.0923196286363006,1.5118069328696706
-0.8565789663185605,0.49046877538292505,1.91852065765635
2.1681080985923753,-1.9169346376305774,-0.725118553457064
0.6664904067926202,0.5907772509251543,2.0850629156508953
0.8595555385954455,-0.3119990289549091,-0.2517879254725669
-0.2773835709100836,-0.11138207787045057,1.4259061892724842
2.14665641728095,-1.415392259919431,-0.5427986078630355
0.7308454507268948,0.08923487321400798,0.36178881450733685
-0.2130285269758082,-0.7132329311238262,-0.7917354566548822
1.009717307775421,-0.11138207787045057,-0.3850217318682031
0.9239105825297209,1.0923196286363006,1.5433623080686372
2.0823013733466755,-1.9169346376305774,-0.8793892766520113
-1.1783541859899367,1.5938620063474471,-0.3376886690697534
0.8166521759725955,0.6910857264673836,0.11811119491531795
1.2885891648239471,0.08923487321400798,0.36003573810739425
1.9535912854781248,-1.1144668332927432,-0.5901316706614852
0.5377803189240694,0.3901602998406958,1.7589907052615747
0.9024589012182955,-0.4123075044971384,-0.07472720907836608
-0.01996339517298284,-0.6129244555815969,0.6159848924990112
0.3018118244983933,-1.5157007354616603,-1.052943840246327
-1.3928709991041874,0.6910857264673836,-0.12731950107664355
-0.12722180173010822,-1.3150837843772019,-0.8250439082537913
2.2539148238380755,-2.117551588715036,-0.9039323462512074
-0.12722180173010822,0.8917026775518422,0.2706288417103226
-0.5348037466471843,-0.6129244555815969,-0.9319815686502887
0.02293996744986792,-1.2147753088349726,-1.107289208644547
-0.5777071092700343,1.3932450552629885,-0.2658125366721075
0.9239105825297209,1.19262810417853,0.5931948992997577
0.9239105825297209,0.08923487321400798,0.023445069318418513
0.9239105825297209,-0.8135414066660555,-0.2202325502736004
2.1681080985923753,-1.5157007354616603,-0.7163531714573511
0.044391648761292535,-0.3119990289549091,-0.8601054362526429
-0.2344802082872336,1.0923196286363006,0.365294967307222
-0.5991587905814597,-0.4123075044971384,2.305950542043661
1.2242341208896717,-0.21169055341267984,0.30569036970917424
-0.513352065335759,0.3901602998406958,-0.6847977962583847
0.32326350580981866,-2.4184770153417237,-1.0476846110464992
1.3529442087582224,-0.7132329311238262,-0.2588002310723372
-0.2773835709100836,-0.21169055341267984,-0.758427005055973
0.516328637612644,0.5907772509251543,0.08655581971635147
0.08729501138414254,-1.2147753088349726,-0.9319815686502887
-0.34173861484435897,0.08923487321400798,-0.8565992834527577
1.1384273956439717,1.0923196286363006,2.56365277283522
-0.6206104718928843,0.8917026775518422,-0.41833018346711215
1.1598790769553964,-1.014158357750514,-0.20620793907405974
-0.5348037466471843,-0.11138207787045057,-0.49195939226470065
1.052620670398271,-0.7132329311238262,0.32322113370860006
-0.6420621532043097,0.6910857264673836,-0.1115418134771603
1.417299252692498,-1.415392259919431,-0.7934885330548247
-2.315293295495466,1.4935535308052177,0.45820801650417886
-0.8994823289414104,-0.7132329311238262,-0.8232908318538487
-0.1701251643529582,0.9920111530940714,0.13564195891474376
-0.2559318895986582,0.08923487321400798,0.27588807091015033
-0.06286675779583284,-0.11138207787045057,-0.8127723734541932
-0.8351272850071351,0.6910857264673836,0.30569036970917424
0.08729501138414254,1.2929365797207593,1.0542539924846568
0.5377803189240694,-1.9169346376305774,-1.0634622986459823
-1.1783541859899367,1.19262810417853,0.0830496669164663
-0.10577012041868285,-0.011073602328221294,-0.5059840034642413
0.6021353628583448,0.2898518242984665,0.08129659051652373
1.2242341208896717,0.5907772509251543,0.18823425091302123
1.7819778349867232,-1.6160092110038897,-0.7444023938564325
-1.1354508233670866,-0.11138207787045057,3.185994894814837
-0.2130285269758082,0.8917026775518422,-0.6532424210594182
-0.8565789663185605,-0.6129244555815969,-0.8899077350516668
0.5806836815469194,0.18954334875623724,0.29517191130951875
0.7522971320383202,-0.6129244555815969,-0.21672639747371522
-0.1701251643529582,-0.21169055341267984,-0.6532424210594182
-0.49190038402433434,0.7913942020096129,-0.3850217318682031
0.7093937694154702,0.49046877538292505,0.2320611609115858
0.5377803189240694,-1.3150837843772019,-1.0792399862454656
1.331492527446797,-1.014158357750514,-0.16238102907549518
0.9024589012182955,-0.3119990289549091,-0.38151557906831796
-1.8433563066441143,1.3932450552629885,-0.2079610154740023
0.9668139451525709,0.9920111530940714,1.4153877308728287
-0.2988352522215082,0.5907772509251543,-0.7408962410565473
0.32326350580981866,0.18954334875623724,-0.04141875747945702
0.8381038572840201,-2.2178600642572652,-1.0827461390453508
0.43052191236694404,-1.8166261620883482,-1.0161292358475327
-0.3202869335329336,0.5907772509251543,-0.7742046926554563
-0.8994823289414104,0.5907772509251543,-0.6444770390597052
-0.2130285269758082,-0.9138498822082848,2.858169608025574
0.10874669269556791,-1.2147753088349726,-1.0844992154452933
-2.980295416149643,-0.4123075044971384,0.5598864477008486
0.9668139451525709,0.9920111530940714,0.6843548720967719
-0.44899702140148434,-0.11138207787045057,-0.8653646654524706
0.7522971320383202,0.7913942020096129,2.2638767084450384
0.5806836815469194,-0.11138207787045057,-0.0922579730777919
0.2589084618755433,0.9920111530940714,1.347017751275068
-0.9852890541871112,1.19262810417853,-0.37976250266837536
0.10874669269556791,1.6941704818896763,0.3021842169092891
1.3529442087582224,-0.21169055341267984,0.10934581291560504
-1.1569025046785113,1.19262810417853,-0.1816648694748636
1.2027824395782472,-0.3119990289549091,-0.3709971206686625
-0.08431843910725746,1.6941704818896763,3.2245625756135734
0.23745678056411867,0.9920111530940714,0.5598864477008486
0.6879420881040448,0.5907772509251543,0.10934581291560504
-0.9423856915642604,-0.011073602328221294,-0.5410455314630929
-2.057873119758365,0.7913942020096129,-0.1308256538765287
-0.3202869335329336,0.6910857264673836,-0.9179569574507481
-0.19157684566438285,0.7913942020096129,-0.29561483547113143
0.8810072199068709,-1.014158357750514,-0.16413410547543777
0.7093937694154702,-0.21169055341267984,-0.034406451879686696
0.7093937694154702,-0.011073602328221294,0.22154270251193028
1.3100408461353725,-0.6129244555815969,0.45996109290412146
1.1813307582668218,-0.5126159800393677,-0.09927027867756223
-1.9935180758240896,0.8917026775518422,0.5318372253017674
1.8034295162981486,-1.5157007354616603,-0.8373154430533893
1.9321396041666994,-1.415392259919431,-0.8197846790539635
0.6664904067926202,-0.4123075044971384,-0.4533917114659638
0.516328637612644,-0.5126159800393677,0.3284803629084278
-1.328515955169912,-0.4123075044971384,0.19875270931267672
-1.1569025046785113,1.19262810417853,-0.7408962410565473
0.32326350580981866,-1.415392259919431,-0.9687961730490829
0.3018118244983933,1.0923196286363006,0.9595878668877573
-0.7493205597614351,0.6910857264673836,-0.6690201086589014
-0.5348037466471843,0.08923487321400798,-0.7706985398555711
-0.40609365877863357,0.2898518242984665,-0.11855411907693064
0.3018118244983933,0.18954334875623724,0.3477642033077962
0.08729501138414254,-0.8135414066660555,-0.9600307910493701
0.1945534179412679,0.9920111530940714,1.33474621647547
-1.049644098121386,1.2929365797207593,-0.46040401706573414
1.503105977938198,-2.017243113172807,-0.5936378234613704
-0.7064171971385851,0.8917026775518422,-0.5726009066620594
0.7308454507268948,0.5907772509251543,0.3810726549067053
1.2027824395782472,-0.11138207787045057,-0.2675656130720501
-0.14867348304153283,0.3901602998406958,0.22329577891187288
-0.47044870271290895,0.5907772509251543,-0.5866255178616001
0.5377803189240694,1.5938620063474471,1.1927470280801207
-1.4572260430384627,-0.3119990289549091,2.3094566948435458
-0.1701251643529582,-0.11138207787045057,-0.9021792698512648
-0.8136756036957105,1.6941704818896763,-0.12731950107664355
0.8595555385954455,0.3901602998406958,0.17771579251336575
0.9453622638411455,1.0923196286363006,0.12687657691503085
-0.513352065335759,0.9920111530940714,2.626763523233153
-0.1701251643529582,-1.3150837843772019,-0.8355623666534467
1.2671374835125218,-1.014158357750514,-0.6024032054610833
-0.3631902961557836,0.18954334875623724,-0.3078863702707295
-0.513352065335759,1.19262810417853,-0.2640594602721649
0.001488286138442538,-1.6160092110038897,-1.0301538470470732
-0.49190038402433434,-0.3119990289549091,-0.7426493174564899
-0.5991587905814597,-0.3119990289549091,0.6282564272986093
-0.38464197746720896,0.49046877538292505,-0.5901316706614852
0.6664904067926202,-0.11138207787045057,-0.11855411907693064
-0.14867348304153283,-0.3119990289549091,-0.788229303854997
0.34471518712124405,0.6910857264673836,0.7404533168949345
0.36616686843266866,-0.11138207787045057,-0.10452950787738997
0.6450387254811948,1.19262810417853,1.5118069328696706
0.6664904067926202,-1.415392259919431,-0.4428732530663083
-0.12722180173010822,0.2898518242984665,-0.3587255858690644
-0.5991587905814597,-0.11138207787045057,-0.6830447198584421
-0.19157684566438285,0.8917026775518422,-0.42183633626699735
1.3743958900696471,-1.3150837843772019,-0.2675656130720501
0.7737488133497455,1.19262810417853,2.463727418038493
-1.242709229924212,0.7913942020096129,-0.09751720227761965
0.6664904067926202,-2.117551588715036,-1.0932645974450064
-0.9638373728756858,1.6941704818896763,-0.5094901562641264
0.9453622638411455,-1.2147753088349726,-1.1248199726439727
-0.7278688784500097,-0.3119990289549091,-0.7233654770571215
0.7952004946611702,-0.6129244555815969,-0.04843106307922735
-1.9720663945126642,-0.7132329311238262,-0.21672639747371522
0.9882656264639963,0.5907772509251543,2.035976776452503
1.2671374835125218,-1.3150837843772019,-0.22549177947342813
-0.6206104718928843,1.4935535308052177,-0.31314559947055726
-0.7922239223842851,1.6941704818896763,0.2583573069107245
-0.44899702140148434,1.0923196286363006,-0.9004261934513222
-0.38464197746720896,0.5907772509251543,-0.8986731170513796
-0.8565789663185605,0.3901602998406958,-0.6234401222603942
-0.12722180173010822,0.9920111530940714,-0.33944174546969597
-0.42754534009005896,-0.8135414066660555,-0.7303777826568918
0.08729501138414254,-0.3119990289549091,-0.8005008386545951
-2.915940372215368,1.4935535308052177,0.0637658265170979
0.6664904067926202,-1.3150837843772019,-0.9968453954481643
-2.980295416149643,0.6910857264673836,-0.5182555382638393
1.5674610218724725,-1.5157007354616603,-0.8671177418524132
-2.07932480106979,1.0923196286363006,-0.3482071274694089
-1.7575495813984134,-0.6129244555815969,0.2303080845116432
1.1598790769553964,-1.716317686546119,-0.5708478302621168
-0.5348037466471843,1.2929365797207593,-0.15010949427589712
-1.3928709991041874,0.8917026775518422,0.5002818501028008
-0.49190038402433434,1.0923196286363006,-0.21146716827388748
-0.2988352522215082,1.2929365797207593,-0.4639101698656193
-1.1139991420556612,0.8917026775518422,-0.2517879254725669
0.28036014318696867,-1.3150837843772019,-0.9547715618495423
1.3958475713810725,-2.2178600642572652,-0.6777854906586144
0.8166521759725955,0.08923487321400798,0.16895041051365284
-0.12722180173010822,-0.11138207787045057,-0.8180316026540209
1.739074472363874,-2.117551588715036,-0.7321308590568344
0.47342527498979403,0.9920111530940714,3.46648711880565
0.5377803189240694,1.4935535308052177,0.7229225528955088
0.8166521759725955,-0.11138207787045057,-0.3289232870700405
-0.2130285269758082,0.2898518242984665,-0.691810101858155
-0.3202869335329336,1.0923196286363006,-0.23250408507319847
-1.0281924168099612,1.4935535308052177,2.8423919204260906
0.8166521759725955,-0.011073602328221294,0.16369118131382507
-1.0067407354985358,0.5907772509251543,0.007667381718935275
0.5592320002354948,-2.3181685397994944,-0.9863269370485088
2.1681080985923753,-1.9169346376305774,-0.8285500610536763
-2.014969757135514,-0.4123075044971384,-0.34294789826958116
0.36616686843266866,0.5907772509251543,2.4111351260402154
-0.34173861484435897,1.19262810417853,-0.1027764314774474
1.009717307775421,-1.3150837843772019,-0.8828954294518965
-0.5991587905814597,1.2929365797207593,-0.49195939226470065
0.8166521759725955,-2.117551588715036,-1.0564499930462121
-0.7493205597614351,-0.5126159800393677,0.2390734665113561
0.9882656264639963,0.8917026775518422,1.0717847564840826
1.245685802201097,-0.4123075044971384,-0.4446263294662509
1.2027824395782472,-1.8166261620883482,-0.6339585806600497
1.6318160658067487,-2.117551588715036,-0.6006501290611407
0.5592320002354948,0.3901602998406958,1.0682786036841974
1.8034295162981486,-2.4184770153417237,-0.8443277486531596
-0.42754534009005896,0.2898518242984665,-0.8040069914544802
-0.49190038402433434,-1.1144668332927432,-0.9232161866505758
0.6450387254811948,0.2898518242984665,-0.04317183387939961
0.23745678056411867,-0.21169055341267984,-0.13433180667641387
0.001488286138442538,-1.2147753088349726,-0.9039323462512074
-0.38464197746720896,0.5907772509251543,-0.896920040651437
0.6879420881040448,-1.1144668332927432,-1.0038577010479346
-0.38464197746720896,-0.5126159800393677,2.928292664023277
-0.2988352522215082,-0.11138207787045057,-0.8355623666534467
0.6450387254811948,0.6910857264673836,0.31971498090871486
-0.08431843910725746,-0.7132329311238262,-0.4744286282652748
0.06584333007271792,-0.5126159800393677,-0.8320562138535615
1.331492527446797,-0.11138207787045057,-0.5129963090640116
-0.9209340102528358,1.19262810417853,-0.22373870307348556
0.6450387254811948,1.0923196286363006,1.7554845524616896
-1.1569025046785113,1.2929365797207593,-0.006357229480605382
0.8595555385954455,0.5907772509251543,-0.200948709874232
-0.44899702140148434,0.8917026775518422,-0.31314559947055726
-0.08431843910725746,-1.415392259919431,-1.1107953614444321
1.9750429667895502,-1.9169346376305774,-0.758427005055973
0.9239105825297209,0.08923487321400798,0.26887576531038
0.7093937694154702,0.5907772509251543,0.21453039691215997
0.38761854974409404,0.6910857264673836,0.2566042305107819
0.9239105825297209,0.18954334875623724,1.7502253232618619
0.9453622638411455,-2.4184770153417237,-1.0476846110464992
0.1731017366298433,-0.3119990289549091,-0.13433180667641387
-0.6420621532043097,-0.011073602328221294,-0.7812169982552266
-0.8351272850071351,-0.7132329311238262,-0.8864015822517816
0.4948769563012194,-0.6129244555815969,0.24783884851106902
0.9453622638411455,0.8917026775518422,2.616245064833498
-2.057873119758365,-0.011073602328221294,-0.6041562818610259
0.9882656264639963,-1.415392259919431,-0.6567485738593033
-0.1701251643529582,0.7913942020096129,-0.49020631586475805
-0.2130285269758082,-1.1144668332927432,-1.0038577010479346
-0.2559318895986582,1.5938620063474471,3.0685387760186837
0.38761854974409404,0.3901602998406958,0.3950972661062459
-1.3928709991041874,-0.7132329311238262,-0.6357116570599923
0.06584333007271792,1.2929365797207593,1.7221761008627805
-0.8136756036957105,-0.011073602328221294,-0.7987477622546525
0.9668139451525709,0.18954334875623724,-0.08173951467813641
1.8463328789209994,-1.2147753088349726,-0.5077370798641838
-1.199805867301362,-0.4123075044971384,0.43366494690498275
0.47342527498979403,0.7913942020096129,0.26887576531038
0.6235870441697694,0.5907772509251543,0.44418340530463823
-0.42754534009005896,-0.4123075044971384,-0.6146747402606814
-0.8136756036957105,1.4935535308052177,-0.6146747402606814
-1.1139991420556612,0.6910857264673836,-0.2605533074722798
-0.7493205597614351,1.19262810417853,-0.08524566747802158
-0.40609365877863357,-0.6129244555815969,-0.9687961730490829
-1.242709229924212,-0.6129244555815969,2.7582442532288467
-0.9423856915642604,1.4935535308052177,-0.360478662269007
-0.3631902961557836,1.3932450552629885,0.047988138917614664
0.43052191236694404,0.08923487321400798,0.19699963291273415
-0.12722180173010822,-0.7132329311238262,-0.8320562138535615
-0.2988352522215082,-0.8135414066660555,-0.6900570254582123
1.1813307582668218,-1.6160092110038897,-0.7496616230562602
-0.9423856915642604,0.9920111530940714,0.18823425091302123
0.2160050992526933,0.5907772509251543,0.08830889611629406
0.9239105825297209,0.5907772509251543,-0.13608488307635647
0.32326350580981866,1.19262810417853,0.566898753300619
0.6879420881040448,0.2898518242984665,0.03571660411801659
-0.3631902961557836,1.2929365797207593,-0.5007247742644135
0.36616686843266866,-0.11138207787045057,0.04974121531755724
1.0955240330211218,1.2929365797207593,2.0044214012535364
0.9239105825297209,-0.011073602328221294,0.07779043771663856
-0.01996339517298284,-0.011073602328221294,-0.5007247742644135
0.40907023105551865,-2.017243113172807,-1.052943840246327
0.5806836815469194,0.18954334875623724,0.537096454501595
-0.42754534009005896,0.18954334875623724,-0.8408215958532744
-0.47044870271290895,1.19262810417853,-0.22549177947342813
-0.9209340102528358,-0.011073602328221294,-0.8601054362526429
0.6021353628583448,-0.5126159800393677,-0.32366405787021274
-2.057873119758365,-0.6129244555815969,0.16544425771376767
1.2242341208896717,-0.3119990289549091,-0.0536902922790551
0.7093937694154702,-0.11138207787045057,-0.25704715467239464
-0.49190038402433434,1.0923196286363006,1.3277339108756996
-0.2773835709100836,1.0923196286363006,-0.2675656130720501
1.3100408461353725,-0.7132329311238262,-0.27282484227187787
-1.5001294056613128,-0.11138207787045057,2.277901319644579
0.5592320002354948,0.9920111530940714,3.1106126096173057
-0.6635138345157351,1.3932450552629885,-0.4428732530663083
-1.0281924168099612,0.7913942020096129,-0.09927027867756223
0.32326350580981866,0.08923487321400798,0.18472809811313606
-0.01996339517298284,-0.21169055341267984,-0.6865508726583273
-0.42754534009005896,-0.11138207787045057,-0.6760324142586718
-1.1354508233670866,0.8917026775518422,-0.015122611480318291
-0.49190038402433434,0.49046877538292505,-0.7601800814559156
-0.6849655158271597,0.2898518242984665,-0.6725262614587866
1.1384273956439717,-1.415392259919431,-0.4726755518653322
0.044391648761292535,-1.3150837843772019,-0.9109446518509777
-0.9209340102528358,0.08923487321400798,-0.9091915754510351
-1.3070642738584874,0.5907772509251543,1.6836084200640438
0.6235870441697694,-1.415392259919431,-0.07648028547830867
1.5674610218724725,-1.2147753088349726,-0.7110939422575234
-0.1701251643529582,1.19262810417853,-0.2097140918739449
0.9668139451525709,-0.3119990289549091,-0.5200086146637819
0.5377803189240694,-0.4123075044971384,-0.4060586486675141
0.8810072199068709,0.08923487321400798,0.11811119491531795
0.38761854974409404,0.18954334875623724,0.3284803629084278
-0.6206104718928843,0.08923487321400798,2.982638032421497
1.1813307582668218,-2.117551588715036,-0.6795385670585569
1.0740723517096964,-0.4123075044971384,-0.23425716147314105
2.0393980107238248,-2.2178600642572652,-0.8180316026540209
0.34471518712124405,1.5938620063474471,0.7947986852931547
1.6103643844953233,-1.716317686546119,-0.842574672253217
-1.6073878122184382,-0.011073602328221294,0.40386264810595884
0.43052191236694404,0.3901602998406958,0.4792449333034899
0.7308454507268948,0.9920111530940714,2.9230334348234495
-1.4357743617270373,0.6910857264673836,0.7737617684938437
-1.242709229924212,-0.3119990289549091,1.422400036472599
1.824881197609574,-1.3150837843772019,-0.8495869778529874
-1.6288394935298636,0.49046877538292505,-0.07472720907836608
0.10874669269556791,0.5907772509251543,0.8193417548923508
0.6450387254811948,1.0923196286363006,1.955335262055144
-0.7278688784500097,1.0923196286363006,1.1436608888817286
2.1895597799038007,-1.5157007354616603,-0.53228014946338
0.7737488133497455,0.8917026775518422,2.791552704827756
0.43052191236694404,0.5907772509251543,0.20576501491244706
0.4948769563012194,0.2898518242984665,-0.025641069879973784
0.6664904067926202,1.4935535308052177,3.198266429614435
0.23745678056411867,0.5907772509251543,1.3312400636755848
-1.7575495813984134,-0.3119990289549091,1.3873385084737473
0.6021353628583448,0.9920111530940714,-0.11329488987710289
0.06584333007271792,0.8917026775518422,0.8736871232905709
1.1169757143325463,1.19262810417853,2.3515305284421677
1.2885891648239471,-2.017243113172807,-0.6988224074579253
0.7522971320383202,0.9920111530940714,2.363802063241766
0.36616686843266866,0.3901602998406958,0.37230727290699234
1.1813307582668218,-1.1144668332927432,-0.6883039490582699
0.6450387254811948,1.0923196286363006,1.9325452688558906
-1.6073878122184382,-0.21169055341267984,0.3845788077065904
-0.9423856915642604,-0.8135414066660555,1.187487798880293
-1.371419317792762,-0.011073602328221294,2.4409374248392393
0.7093937694154702,0.18954334875623724,-0.276330995071763
0.40907023105551865,1.6941704818896763,2.8984903652242533
0.06584333007271792,1.3932450552629885,0.6685771844972888
0.8810072199068709,0.2898518242984665,1.0209455408857477
0.7522971320383202,0.7913942020096129,1.876446824057728
0.9668139451525709,0.6910857264673836,0.20927116771233223
1.653267747118174,-1.2147753088349726,-0.7023285602578104
0.9024589012182955,1.19262810417853,2.2516051736454408
0.7308454507268948,-0.9138498822082848,-0.21146716827388748
-0.5348037466471843,1.0923196286363006,0.36354189090727945
0.3018118244983933,0.6910857264673836,2.5846896896345313
1.0311689890868463,1.0923196286363006,-0.004604153080662799
0.8166521759725955,-0.11138207787045057,-0.08349259107807899
-1.1354508233670866,0.2898518242984665,0.3267272865084852
-1.242709229924212,0.08923487321400798,-0.016875687880260875
1.3100408461353725,-0.21169055341267984,-0.6076624346609111
1.245685802201097,-1.2147753088349726,-0.8005008386545951
0.1731017366298433,-0.3119990289549091,-0.1711464110752081
0.47342527498979403,0.5907772509251543,-0.25354100187250944
0.36616686843266866,-0.11138207787045057,0.20050578571261932
0.32326350580981866,0.8917026775518422,2.942317275222818
0.43052191236694404,0.7913942020096129,3.3630556112090377
-0.04141507648440746,0.49046877538292505,1.6082261348665128
0.7737488133497455,0.5907772509251543,0.03571660411801659
-1.4572260430384627,-0.9138498822082848,0.6089725868992409
0.516328637612644,0.08923487321400798,-0.023887993480031202
0.8595555385954455,0.18954334875623724,0.08480274331640889
1.2885891648239471,0.5907772509251543,0.4915164681030879
-1.242709229924212,-0.9138498822082848,2.0885690684507803
0.9024589012182955,-0.21169055341267984,-0.09927027867756223
0.6021353628583448,-0.8135414066660555,-0.09050489667784932
-0.01996339517298284,-0.21169055341267984,2.4444435776391247
0.9668139451525709,0.6910857264673836,0.04097583331784434
0.7308454507268948,-1.415392259919431,-0.23250408507319847
-0.8136756036957105,0.49046877538292505,1.7116576424631251
0.6879420881040448,1.3932450552629885,2.8721942192251144
0.5806836815469194,0.8917026775518422,2.120124443649747
0.7093937694154702,0.5907772509251543,0.002408152519107529
0.2589084618755433,1.5938620063474471,0.621244121698839
1.1169757143325463,0.2898518242984665,1.560893072068063
0.9024589012182955,0.08923487321400798,2.4339251192394693
-0.12722180173010822,1.3932450552629885,2.0342237000525603
0.9668139451525709,-0.6129244555815969,-0.2307510086732559
0.6450387254811948,0.5907772509251543,0.9175140332891354
0.43052191236694404,0.6910857264673836,2.5496281616356793
0.02293996744986792,-0.8135414066660555,2.265629784844981
0.6450387254811948,0.49046877538292505,0.05675352091732758
0.8381038572840201,0.6910857264673836,0.21453039691215997
1.3100408461353725,-0.9138498822082848,-0.10628258427733256
0.34471518712124405,0.6910857264673836,1.3417585220752402
0.5592320002354948,0.08923487321400798,0.030457374918188843
1.1598790769553964,-0.3119990289549091,-0.38151557906831796
0.6450387254811948,0.3901602998406958,0.09006197251623663
-0.44899702140148434,0.49046877538292505,2.8546634552256887
0.7522971320383202,0.49046877538292505,0.04974121531755724
0.7737488133497455,0.3901602998406958,0.19524655651279155
2.103753054658099,-2.117551588715036,-0.6514893446594756
0.47342527498979403,-0.011073602328221294,-0.11680104267698806
-0.2559318895986582,1.19262810417853,1.199759333679891
1.052620670398271,-0.011073602328221294,0.25309807771089676
1.8463328789209994,-1.716317686546119,-0.7216124006571789
1.7176227910524486,-2.4184770153417237,-0.595390899861313
1.1384273956439717,-0.21169055341267984,-0.23425716147314105
0.7093937694154702,1.2929365797207593,0.7579840808943604
1.0311689890868463,1.19262810417853,2.4882704876376893
0.4948769563012194,-0.11138207787045057,0.1216173477152031
0.6235870441697694,0.2898518242984665,0.6300095036985519
-0.6420621532043097,1.19262810417853,2.807330392427239
1.910687922855274,-1.9169346376305774,-0.7724516162555137
0.4519735936783694,0.6910857264673836,-0.03966568107951444
0.7093937694154702,0.7913942020096129,0.6492933440979203
0.6664904067926202,0.18954334875623724,2.0412360056523307
0.06584333007271792,0.9920111530940714,1.0945747496833362
1.0955240330211218,-0.21169055341267984,-0.2991209882710166
0.9024589012182955,0.5907772509251543,0.23556731371147094
-0.6206104718928843,1.5938620063474471,2.3112097712434885
-1.3928709991041874,-0.3119990289549091,1.7344476356623786
0.6021353628583448,-1.415392259919431,-0.3306763634699831
0.9024589012182955,0.3901602998406958,0.7877863796933843
0.1516500553184179,1.3932450552629885,2.007927554053422
-0.6420621532043097,0.5907772509251543,-0.09751720227761965
0.5377803189240694,0.49046877538292505,0.4161341829055569
0.43052191236694404,-0.6129244555815969,-0.28509637707147595
1.503105977938198,-2.017243113172807,-0.8653646654524706
1.7605261536752994,-2.017243113172807,-0.8040069914544802
0.1731017366298433,0.08923487321400798,-0.04667798667928477
1.7176227910524486,-2.2178600642572652,-0.6094155110608537
0.8810072199068709,0.8917026775518422,1.3663015916744363
0.6450387254811948,-0.011073602328221294,-0.13608488307635647
1.2242341208896717,-0.21169055341267984,-0.13783795947629904
0.9024589012182955,0.5907772509251543,0.2986780641094039
2.1252047359695245,-2.4184770153417237,-0.7128470186574659
0.6021353628583448,0.8917026775518422,0.4108749537057292
1.0311689890868463,1.0923196286363006,1.3645485152744938
0.6450387254811948,0.08923487321400798,0.24082654291129868
-1.4143226804156128,1.3932450552629885,1.0209455408857477
0.47342527498979403,0.5907772509251543,3.180735665615009
0.34471518712124405,0.2898518242984665,0.37230727290699234
1.0740723517096964,-0.6129244555815969,-0.435860947466538
0.38761854974409404,0.5907772509251543,0.8614155884909728
-1.8433563066441143,0.18954334875623724,1.9027429700568668
-0.47044870271290895,-0.4123075044971384,0.36003573810739425
1.4387509340039233,-1.8166261620883482,-0.7899823802549396
0.2589084618755433,1.4935535308052177,0.8088232964926952
0.9453622638411455,1.0923196286363006,2.4023697440405027
1.2027824395782472,0.08923487321400798,0.27413499451020773
0.6664904067926202,-0.011073602328221294,0.2320611609115858
0.1301983740069933,-0.6129244555815969,-0.29386175907118883
0.6450387254811948,-1.014158357750514,-0.2517879254725669
1.331492527446797,-1.1144668332927432,-0.8040069914544802
2.2110114612152247,-2.3181685397994944,-0.5340332258633226
1.009717307775421,0.5907772509251543,-0.2395163906729688
1.009717307775421,-0.11138207787045057,-0.2868494534714185
1.0740723517096964,-0.7132329311238262,-0.221985626673543
1.8034295162981486,-1.6160092110038897,-0.6532424210594182
0.9024589012182955,0.9920111530940714,1.7712622400611728
1.009717307775421,-0.7132329311238262,-0.10452950787738997
1.1169757143325463,0.3901602998406958,0.18823425091302123
0.7737488133497455,0.49046877538292505,0.5388495309015376
0.2160050992526933,0.08923487321400798,0.10233350731583471
1.4816542966267725,-1.716317686546119,-0.6532424210594182
1.4387509340039233,-1.8166261620883482,-0.8478339014530448
0.9024589012182955,0.49046877538292505,0.151419646514227
1.4602026153153471,-2.3181685397994944,-0.6129216638607388
0.9882656264639963,-0.3119990289549091,-0.3201579050703276
0.38761854974409404,1.4935535308052177,2.426912813639699
1.3743958900696471,-0.3119990289549091,-0.4674163226655045
-0.7493205597614351,-0.011073602328221294,1.3838323556738623
0.9024589012182955,0.2898518242984665,0.25134500131095416
0.5806836815469194,0.5907772509251543,0.8105763728926378
0.10874669269556791,0.8917026775518422,0.5721579825004467
1.0311689890868463,-1.415392259919431,-0.616427816660624
0.8166521759725955,0.49046877538292505,-0.31314559947055726
0.7093937694154702,0.49046877538292505,-0.04843106307922735
0.9239105825297209,-0.21169055341267984,-0.23601023787308364
1.8463328789209994,-1.6160092110038897,-0.6532424210594182
-1.6073878122184382,0.18954334875623724,0.11109888931554762
-0.5348037466471843,0.18954334875623724,0.5178126141022267
0.7522971320383202,0.9920111530940714,2.9090088236239087
0.7737488133497455,-0.7132329311238262,-0.4060586486675141
0.9024589012182955,-0.9138498822082848,-0.12907257747658613
0.7522971320383202,0.18954334875623724,0.08480274331640889
1.331492527446797,-0.8135414066660555,-0.3482071274694089
1.2242341208896717,-0.21169055341267984,0.10934581291560504
1.3743958900696471,-1.8166261620883482,-0.8075131442543654
0.23745678056411867,0.5907772509251543,0.01993891651853335
0.2160050992526933,0.6910857264673836,2.0429890820522734
0.8166521759725955,-0.5126159800393677,-0.1886771750746339
0.5806836815469194,-1.2147753088349726,-0.4709224754653896
0.6664904067926202,1.6941704818896763,1.0595132216844845
-1.7575495813984134,-0.5126159800393677,0.8491440536913747
0.1731017366298433,1.5938620063474471,3.0983410748177076
-1.0281924168099612,-0.5126159800393677,2.0675321516514695
-0.7064171971385851,-0.4123075044971384,0.32146805730865746
0.6879420881040448,-0.11138207787045057,-0.42183633626699735
0.7093937694154702,0.5907772509251543,0.18648117451307866
0.08729501138414254,1.0923196286363006,2.5198258628366554
1.245685802201097,-2.117551588715036,-0.842574672253217
2.14665641728095,-1.5157007354616603,-0.6602547266591885
0.9239105825297209,0.08923487321400798,0.1040865837157773
2.14665641728095,-1.415392259919431,-0.6883039490582699
0.8595555385954455,0.3901602998406958,1.5275846204691539
1.1169757143325463,-1.8166261620883482,-0.7724516162555137
1.5889127031838979,-2.117551588715036,-0.8145254498541358
0.9239105825297209,-0.11138207787045057,-0.04667798667928477
1.331492527446797,-0.3119990289549091,-0.016875687880260875
2.1895597799038007,-1.2147753088349726,-0.6637608794590737
0.5592320002354948,-0.21169055341267984,-0.19568948067440425
1.0311689890868463,0.3901602998406958,0.5002818501028008
-1.4357743617270373,-0.7132329311238262,1.7256822536626657
0.9882656264639963,1.19262810417853,1.5801769124674314
-0.8994823289414104,1.3932450552629885,2.1972598052472203
2.0179463294123994,-1.5157007354616603,-0.8215377554539061
0.7308454507268948,-1.014158357750514,-0.2482817726726817
0.8166521759725955,-1.2147753088349726,-0.3674909678687773
0.6450387254811948,0.2898518242984665,0.9245263388889057
0.8810072199068709,-0.9138498822082848,-0.5182555382638393
1.1169757143325463,0.9920111530940714,2.2638767084450384
1.2885891648239471,-0.7132329311238262,0.7492186988946475
0.8595555385954455,-0.11138207787045057,0.25309807771089676
0.2160050992526933,1.3932450552629885,3.0527610884192007
0.2589084618755433,1.6941704818896763,2.363802063241766
1.3529442087582224,0.08923487321400798,0.06025967371721274
0.02293996744986792,1.6941704818896763,2.756491176828904
0.5806836815469194,1.0923196286363006,2.086815992050838
0.38761854974409404,0.5907772509251543,0.2390734665113561
1.2671374835125218,-0.3119990289549091,-0.19744255707434683
-1.8004529440212635,-0.7132329311238262,3.387598680808234
0.47342527498979403,-0.11138207787045057,0.012926610918763022
0.38761854974409404,0.18954334875623724,-0.008110305880547964
-0.8565789663185605,0.18954334875623724,1.7712622400611728
0.1945534179412679,0.18954334875623724,0.15317272291416958
2.14665641728095,-1.716317686546119,-0.809266220654308
0.044391648761292535,-0.11138207787045057,1.9413106508556035
1.1598790769553964,-0.7132329311238262,-0.31489867587049986
1.009717307775421,-1.1144668332927432,-0.5550701426626335
0.516328637612644,0.9920111530940714,2.635528905232866
0.9882656264639963,0.5907772509251543,0.48625723890326017
0.1945534179412679,1.3932450552629885,0.973612478087298
0.9882656264639963,1.0923196286363006,1.9360514216557758
1.052620670398271,0.49046877538292505,-0.29386175907118883
0.6450387254811948,0.08923487321400798,0.06025967371721274
0.8595555385954455,0.9920111530940714,0.43015879410509755
1.417299252692498,-1.3150837843772019,-0.8495869778529874
0.8381038572840201,0.08923487321400798,0.7229225528955088
0.1945534179412679,0.8917026775518422,3.0492549356193153
0.9024589012182955,0.5907772509251543,-0.01336953508037571
1.0955240330211218,0.6910857264673836,0.15843195211399733
1.2242341208896717,-0.11138207787045057,-0.05719644507894026
0.7522971320383202,1.2929365797207593,2.349777452042225
0.32326350580981866,0.08923487321400798,-0.1536156470757823
0.5806836815469194,0.8917026775518422,1.922026810456235
1.1384273956439717,1.0923196286363006,2.34627129924234
0.9239105825297209,0.3901602998406958,-0.0028510766807202173
-1.7146462187755636,1.5938620063474471,2.7968119340275837
0.6450387254811948,0.18954334875623724,0.07603736131669597
1.9321396041666994,-2.117551588715036,-0.7531677758561454
0.1731017366298433,1.4935535308052177,1.7011391840634695
-0.08431843910725746,-0.9138498822082848,1.4066223488731158
-1.5001294056613128,0.2898518242984665,1.6941268784636994
1.1598790769553964,0.9920111530940714,1.2909193064769053
0.9024589012182955,0.9920111530940714,1.3452646748751254
0.7952004946611702,0.5907772509251543,0.2197896261119877
1.5245576592496233,-1.5157007354616603,-0.767192387055686
1.6103643844953233,-2.4184770153417237,-0.7216124006571789
0.5377803189240694,0.2898518242984665,1.091068596883451
0.4519735936783694,-0.011073602328221294,-0.2886025298713611
-1.7146462187755636,-0.4123075044971384,0.49852877370285825
-1.242709229924212,-0.4123075044971384,2.572418154834933
0.47342527498979403,-0.6129244555815969,0.1216173477152031
0.6235870441697694,0.08923487321400798,0.3021842169092891
1.2027824395782472,-0.6129244555815969,0.1619381049138825
0.02293996744986792,1.19262810417853,2.0500013876520438
-0.7493205597614351,-0.8135414066660555,0.6265033508986667
1.2671374835125218,-1.014158357750514,-0.19218332787451908
0.7093937694154702,-0.3119990289549091,-0.49195939226470065
-0.2559318895986582,1.0923196286363006,0.030457374918188843
0.23745678056411867,0.9920111530940714,1.6029669056666849
1.3958475713810725,-1.9169346376305774,-0.7724516162555137
0.516328637612644,0.49046877538292505,0.39334418970630336
-0.5348037466471843,-0.9138498822082848,2.1902474996474504
0.8381038572840201,0.49046877538292505,1.5679053776678333
0.9453622638411455,-0.5126159800393677,0.18823425091302123
0.9668139451525709,-0.3119990289549091,0.4792449333034899
-1.2212575486127866,1.2929365797207593,0.780774074093614
0.4519735936783694,0.5907772509251543,-0.3464540510694663
0.6879420881040448,0.6910857264673836,1.939557574455661
0.36616686843266866,1.6941704818896763,1.031463999285403
0.1301983740069933,1.2929365797207593,0.31971498090871486
-1.3928709991041874,-0.4123075044971384,0.19524655651279155
-0.06286675779583284,0.5907772509251543,1.2015124100798338
-1.6288394935298636,0.8917026775518422,2.0254583180528476
0.1301983740069933,0.8917026775518422,1.4031161960732306
0.9453622638411455,0.18954334875623724,0.19524655651279155
0.516328637612644,-0.21169055341267984,0.26887576531038
0.9882656264639963,0.5907772509251543,0.9490694084881018
0.7093937694154702,0.49046877538292505,0.5651456769006764
0.6450387254811948,1.6941704818896763,2.9528357336224733
0.8381038572840201,0.08923487321400798,0.34951727970773877
1.2027824395782472,-1.2147753088349726,-0.5901316706614852
0.10874669269556791,1.6941704818896763,2.630269676033038
1.3743958900696471,-0.5126159800393677,-0.27282484227187787
0.6021353628583448,-2.4184770153417237,-0.9863269370485088
-0.7278688784500097,-0.011073602328221294,-0.7619331578558582
-0.5991587905814597,-0.6129244555815969,-0.8653646654524706
-0.49190038402433434,0.49046877538292505,-0.6199339694605092
-0.19157684566438285,-0.21169055341267984,-0.9162038810508055
-2.7443269217239674,1.5938620063474471,-0.6865508726583273
-0.5991587905814597,1.4935535308052177,-0.3587255858690644
-0.9209340102528358,1.6941704818896763,-0.07472720907836608
-0.5348037466471843,-0.11138207787045057,-0.6935631782580975
-0.6206104718928843,0.3901602998406958,-0.6602547266591885
0.08729501138414254,-2.117551588715036,-1.0722276806456954
-0.7278688784500097,0.2898518242984665,-0.7812169982552266
-0.08431843910725746,-0.3119990289549091,-0.8180316026540209
0.34471518712124405,-2.4184770153417237,-1.1143015142443173
-0.9638373728756858,0.9920111530940714,-0.5200086146637819
-0.7922239223842851,0.6910857264673836,-0.5883785942615426
-0.5777071092700343,0.3901602998406958,-0.649736268259533
-0.19157684566438285,-0.6129244555815969,-0.7110939422575234
-0.6420621532043097,-0.11138207787045057,-0.8864015822517816
-0.3631902961557836,0.49046877538292505,-0.842574672253217
0.02293996744986792,-1.415392259919431,-1.0284007706471308
-1.049644098121386,1.6941704818896763,-0.3359355926698108
-0.38464197746720896,-0.4123075044971384,-0.691810101858155
-1.0925474607442367,0.7913942020096129,0.02695122211830368
-0.10577012041868285,-1.3150837843772019,-0.8548462070528151
-0.2988352522215082,0.18954334875623724,-0.6532424210594182
0.08729501138414254,-0.4123075044971384,-0.7636862342558008
-0.40609365877863357,0.5907772509251543,-0.05894952147888285
-0.3631902961557836,0.6910857264673836,-0.5988970526611981
-2.8086819656582422,0.8917026775518422,-0.39378711386791604
-0.06286675779583284,-0.21169055341267984,-0.9232161866505758
-0.7278688784500097,0.5907772509251543,-0.628699351460222
-0.6420621532043097,0.3901602998406958,-0.7426493174564899
0.1731017366298433,-1.6160092110038897,-1.052943840246327
-1.736097900086989,-0.8135414066660555,-0.3447009746695237
-0.513352065335759,-0.5126159800393677,-0.46215709346567674
-0.2988352522215082,0.6910857264673836,-0.725118553457064
0.10874669269556791,-2.3181685397994944,-1.0599561458460973
-0.513352065335759,0.49046877538292505,-0.6392178098598775
-0.7493205597614351,0.5907772509251543,-0.830303137453619
0.23745678056411867,-2.2178600642572652,-1.0599561458460973
-0.6206104718928843,0.5907772509251543,-0.38151557906831796
-0.7493205597614351,-0.11138207787045057,-0.7479085466563176
-2.2723899328726156,0.7913942020096129,0.3968503425061885
0.1731017366298433,-1.415392259919431,-0.9600307910493701
-2.336744976806891,1.0923196286363006,-0.5620824482624039
-2.2080348889383403,-0.3119990289549091,-0.7058347130576956
0.7522971320383202,-2.117551588715036,-0.9600307910493701
-0.01996339517298284,-0.11138207787045057,-0.8338092902535041
-0.8565789663185605,1.19262810417853,-0.3043802174708443
0.1301983740069933,-1.3150837843772019,-0.9828207842486236
-0.7707722410728605,1.6941704818896763,-0.3885278846680883
-2.830133646969667,0.6910857264673836,0.032210451318131425
-2.16513152631549,1.19262810417853,0.12512350051508828
-0.9852890541871112,0.8917026775518422,-0.07472720907836608
-1.049644098121386,0.6910857264673836,-0.08524566747802158
-0.38464197746720896,0.08923487321400798,-0.8215377554539061
0.08729501138414254,-0.4123075044971384,-0.8180316026540209
-0.5991587905814597,0.8917026775518422,-0.4639101698656193
-0.12722180173010822,0.18954334875623724,-0.8075131442543654
-0.5777071092700343,-0.011073602328221294,-0.7952416094547673
-0.2773835709100836,0.08923487321400798,0.18472809811313606
-0.3202869335329336,0.2898518242984665,-0.6374647334599349
-0.34173861484435897,0.6910857264673836,-0.8285500610536763
-0.42754534009005896,-0.9138498822082848,-0.8180316026540209
-2.8515853282810926,-0.5126159800393677,-0.3026271410709018
-0.2130285269758082,-0.6129244555815969,-0.8460808250531022
0.4948769563012194,-1.415392259919431,-0.9337346450502313
0.4948769563012194,-2.017243113172807,-1.0687215278458102
-1.5215810869727382,0.08923487321400798,-0.5235147674636671
0.6450387254811948,-1.716317686546119,-0.9933392426482791
-2.937392053526793,0.2898518242984665,-0.5480578370628633
-0.5777071092700343,-0.5126159800393677,-0.830303137453619
-0.513352065335759,-1.1144668332927432,-0.9530184854495997
-0.3631902961557836,0.3901602998406958,-0.5463047606629207
-0.513352065335759,0.49046877538292505,-0.7216124006571789
-0.5991587905814597,0.2898518242984665,-0.6041562818610259
-0.5991587905814597,-0.4123075044971384,-0.5883785942615426
-0.19157684566438285,0.8917026775518422,-0.47968785746510256
-0.38464197746720896,0.8917026775518422,-0.2991209882710166
-0.2130285269758082,-0.4123075044971384,-0.9863269370485088
0.32326350580981866,-2.4184770153417237,-1.1020299794447193
0.6879420881040448,-1.3150837843772019,-1.073980757045638
-0.6635138345157351,0.49046877538292505,-0.7058347130576956
-0.8994823289414104,1.0923196286363006,-0.5568232190625761
-0.06286675779583284,-0.3119990289549091,-0.8548462070528151
-0.5348037466471843,1.19262810417853,-0.29736791187107403
0.10874669269556791,-1.9169346376305774,-0.9425000270499442
-0.513352065335759,-0.011073602328221294,-0.8075131442543654
-0.42754534009005896,-0.011073602328221294,-0.6374647334599349
-0.513352065335759,0.49046877538292505,-0.30963944667067206
-0.42754534009005896,-0.3119990289549091,-0.8583523598527003
0.28036014318696867,-1.3150837843772019,-0.9968453954481643
-0.42754534009005896,0.18954334875623724,-0.15536872347572486
0.6664904067926202,-2.017243113172807,-0.9828207842486236
-0.34173861484435897,0.08923487321400798,-0.4674163226655045
-0.1701251643529582,0.6910857264673836,0.07603736131669597
-1.0710957794328113,1.19262810417853,-0.43060171826671023
0.001488286138442538,-1.1144668332927432,-1.0266476942471883
-2.2938416141840405,0.49046877538292505,-0.5585762954625187
-0.6635138345157351,1.5938620063474471,-0.48845323946481545
-0.2988352522215082,0.8917026775518422,-0.060702597878825426
-0.2559318895986582,0.9920111530940714,-0.5270209202635523
-0.7493205597614351,-0.6129244555815969,-0.6111685874607962
-0.40609365877863357,0.3901602998406958,-0.7794639218552841
-0.2988352522215082,0.3901602998406958,-0.8390685194533318
-0.40609365877863357,-0.3119990289549091,-0.7654393106557434
0.7093937694154702,-1.8166261620883482,-0.9284754158504036
-0.12722180173010822,0.49046877538292505,-0.8460808250531022
-0.34173861484435897,0.3901602998406958,-0.7110939422575234
-0.2130285269758082,0.18954334875623724,0.06551890291704049
-1.5215810869727382,0.5907772509251543,-0.036159528279629274
-0.7707722410728605,-0.6129244555815969,-0.8793892766520113
-0.06286675779583284,-0.21169055341267984,-0.7619331578558582
-0.7064171971385851,-0.3119990289549091,-0.754920852256088
0.36616686843266866,-1.716317686546119,-0.9775615550487958
-0.3631902961557836,0.2898518242984665,-0.595390899861313
-1.0710957794328113,0.9920111530940714,-0.4411201766663657
-0.42754534009005896,1.0923196286363006,-0.0028510766807202173
-1.1569025046785113,1.6941704818896763,0.06727197931698306
-1.9720663945126642,-0.21169055341267984,-0.8180316026540209
-0.44899702140148434,0.49046877538292505,-0.32191098147027014
-0.5562554279586097,0.2898518242984665,-0.6129216638607388
-0.3631902961557836,-0.11138207787045057,-0.6374647334599349
-2.8730370095925175,0.3901602998406958,-0.29561483547113143
-1.6717428561527135,-0.11138207787045057,-0.7181062478572937
-0.1701251643529582,0.2898518242984665,-0.2079610154740023
-1.1354508233670866,1.0923196286363006,-0.1886771750746339
-0.34173861484435897,0.08923487321400798,-0.7864762274550544
-0.7064171971385851,0.5907772509251543,-0.6760324142586718
-0.34173861484435897,-0.6129244555815969,-0.9670430966491403
0.06584333007271792,-1.6160092110038897,-1.0284007706471308
0.06584333007271792,-1.3150837843772019,-0.9687961730490829
-3.023198778772493,-0.7132329311238262,-0.07648028547830867
-0.7278688784500097,1.6941704818896763,0.28290037650992067
0.02293996744986792,-2.4184770153417237,-0.9968453954481643
-0.5991587905814597,1.0923196286363006,-0.6690201086589014
-1.285612592547062,-0.5126159800393677,0.151419646514227
-0.3631902961557836,0.08923487321400798,-0.5568232190625761
-0.513352065335759,-0.6129244555815969,-0.9565246382494849
-0.40609365877863357,0.18954334875623724,-0.7216124006571789
-0.2344802082872336,-0.5126159800393677,-1.005610777447877
-0.04141507648440746,-0.5126159800393677,-0.8565992834527577
-0.5777071092700343,0.9920111530940714,0.16018502851393993
-1.049644098121386,1.2929365797207593,0.4389241761048105
-0.513352065335759,0.3901602998406958,-0.6129216638607388
0.08729501138414254,0.2898518242984665,-0.4691693990654471
-3.0875538227067683,-0.9138498822082848,0.4774918569035473
-1.0710957794328113,1.2929365797207593,-0.16238102907549518
-0.8565789663185605,-0.4123075044971384,-0.6041562818610259
0.06584333007271792,-2.4184770153417237,-1.010870006647705
0.06584333007271792,-1.415392259919431,-0.9337346450502313
-3.0875538227067683,1.0923196286363006,-0.37976250266837536
-2.7657786030353924,0.8917026775518422,-0.5270209202635523
-0.34173861484435897,-0.11138207787045057,-0.7969946858547099
-0.3631902961557836,-1.3150837843772019,-0.6585016502592459
-2.2723899328726156,0.9920111530940714,-0.2658125366721075
0.23745678056411867,-1.6160092110038897,-1.002104624647992
0.6450387254811948,-1.716317686546119,-1.0038577010479346
-1.371419317792762,-0.5126159800393677,-0.35346635666923665
-2.4869067459868663,0.6910857264673836,-0.5165024618638968
-0.3202869335329336,-0.5126159800393677,-0.8671177418524132
-0.5777071092700343,1.2929365797207593,0.2618634597106097
-0.06286675779583284,-0.21169055341267984,-0.9425000270499442
-0.44899702140148434,-0.9138498822082848,-0.9723023258489681
0.32326350580981866,-2.017243113172807,-1.0424253818466713
-0.7922239223842851,1.5938620063474471,-0.0010980002807776353
0.02293996744986792,-2.2178600642572652,-1.0459315346465565
-0.6420621532043097,0.6910857264673836,-0.8197846790539635
-0.7064171971385851,0.3901602998406958,-0.8583523598527003
-0.7278688784500097,0.6910857264673836,-0.6514893446594756
-1.1139991420556612,0.6910857264673836,0.11811119491531795
0.9453622638411455,-1.3150837843772019,-0.9968453954481643
-0.42754534009005896,-1.2147753088349726,-0.7987477622546525
-1.0067407354985358,1.5938620063474471,0.46872647490383434
-0.7278688784500097,0.3901602998406958,-0.7444023938564325
-0.04141507648440746,-0.21169055341267984,-0.9179569574507481
-0.06286675779583284,-0.3119990289549091,-0.9179569574507481
-0.2559318895986582,-0.21169055341267984,-0.6883039490582699
-1.3928709991041874,1.4935535308052177,-0.24652869627273913
0.2160050992526933,-1.3150837843772019,-1.0617092222460398
-0.47044870271290895,0.3901602998406958,-0.9933392426482791
-0.19157684566438285,-0.8135414066660555,-0.8916608114516094
-0.2559318895986582,1.0923196286363006,-0.1518625706758397
-0.2130285269758082,1.2929365797207593,-0.8355623666534467
-0.9209340102528358,1.3932450552629885,-0.6795385670585569
-2.8515853282810926,-0.5126159800393677,0.5511210657011357
-0.19157684566438285,1.19262810417853,-0.6129216638607388
-2.830133646969667,-0.4123075044971384,0.3845788077065904
0.23745678056411867,-1.5157007354616603,-1.0336599998469584
0.7093937694154702,-1.5157007354616603,-1.0634622986459823
-0.19157684566438285,0.8917026775518422,-0.37976250266837536
-0.47044870271290895,0.8917026775518422,-0.006357229480605382
-0.38464197746720896,0.7913942020096129,-0.12556642467670096
-0.8780306476299858,1.2929365797207593,-0.23425716147314105
-0.2559318895986582,-0.9138498822082848,-0.8793892766520113
0.02293996744986792,-0.5126159800393677,-0.7444023938564325
-2.358196658118316,-0.4123075044971384,-0.3850217318682031
0.044391648761292535,-0.4123075044971384,-0.9635369438492553
-0.5991587905814597,1.5938620063474471,0.7281817820953366
-0.38464197746720896,0.3901602998406958,-0.8338092902535041
-0.7922239223842851,1.5938620063474471,-0.7829700746551692
-0.9638373728756858,0.7913942020096129,-0.1518625706758397
-2.980295416149643,1.4935535308052177,-0.5585762954625187
-0.47044870271290895,0.18954334875623724,-0.2395163906729688
-0.19157684566438285,0.2898518242984665,-0.6041562818610259
-0.44899702140148434,-0.5126159800393677,-0.7952416094547673
-0.38464197746720896,0.7913942020096129,-0.15536872347572486
-0.14867348304153283,0.9920111530940714,-0.16764025827532295
0.044391648761292535,-0.4123075044971384,-1.0284007706471308
-0.513352065335759,0.08923487321400798,-0.1027764314774474
-1.3928709991041874,-0.011073602328221294,-0.7899823802549396
-0.14867348304153283,-0.11138207787045057,-0.9179569574507481
-1.821904625332689,0.08923487321400798,-0.18341794587480617
-0.2559318895986582,0.2898518242984665,-0.8320562138535615
-0.40609365877863357,-1.1144668332927432,-0.8495869778529874
-0.5562554279586097,0.5907772509251543,-0.863611589052528
-2.5512617899211416,-0.21169055341267984,-0.6847977962583847
-0.44899702140148434,-0.5126159800393677,-0.8565992834527577
-0.04141507648440746,-0.11138207787045057,-0.9337346450502313
-0.6849655158271597,-0.11138207787045057,-0.6006501290611407
-0.6206104718928843,1.0923196286363006,-0.43060171826671023
-0.2773835709100836,-0.6129244555815969,-0.7408962410565473
0.9453622638411455,-1.6160092110038897,-1.1125484378443746
-0.513352065335759,-0.8135414066660555,-0.8338092902535041
-0.7922239223842851,1.3932450552629885,-0.03966568107951444
-0.38464197746720896,0.3901602998406958,-0.6479831918595904
-0.10577012041868285,-0.21169055341267984,-0.788229303854997
-0.1701251643529582,-0.3119990289549091,-0.9460061798498294
0.38761854974409404,-1.8166261620883482,-0.9828207842486236
-0.2988352522215082,0.7913942020096129,-0.29561483547113143
-0.40609365877863357,0.9920111530940714,0.15317272291416958
-0.2559318895986582,-0.7132329311238262,-0.8706238946522984
-0.44899702140148434,1.2929365797207593,-0.1518625706758397
-1.0925474607442367,0.6910857264673836,0.30744344610911684
-2.2294865702497653,0.8917026775518422,-0.4428732530663083
-0.7278688784500097,-0.3119990289549091,-0.6339585806600497
-0.5348037466471843,0.9920111530940714,-0.08524566747802158
-0.47044870271290895,-0.3119990289549091,-0.8075131442543654
-0.3631902961557836,-0.5126159800393677,-0.8197846790539635
-0.49190038402433434,-1.014158357750514,-1.0371661526468436
0.8166521759725955,-1.716317686546119,-1.0915115210450637
-0.2559318895986582,-1.2147753088349726,-0.9389938742500591
-0.40609365877863357,0.6910857264673836,-0.8565992834527577
0.044391648761292535,-0.5126159800393677,-0.8355623666534467
-0.38464197746720896,0.7913942020096129,0.09532120171606438
-0.01996339517298284,-1.6160092110038897,-0.981067707848681
-0.6420621532043097,-0.011073602328221294,-0.7321308590568344
-1.4572260430384627,1.3932450552629885,-0.40781172506745667
0.7093937694154702,-1.716317686546119,-1.0599561458460973
-0.49190038402433434,-0.6129244555815969,-0.7479085466563176
-2.722875240412542,0.7913942020096129,0.0742842849167534
-0.1701251643529582,0.7913942020096129,-0.3745032734685476
-0.06286675779583284,-1.014158357750514,-0.90568542265115
0.2589084618755433,-1.6160092110038897,-1.0196353886474179
0.43052191236694404,-1.5157007354616603,-1.098523826644834
-0.513352065335759,0.6910857264673836,-0.5690947538621742
-0.6849655158271597,-0.6129244555815969,-0.5305270730634374
0.08729501138414254,-1.2147753088349726,-0.6970693310579827
-0.49190038402433434,-0.11138207787045057,-0.754920852256088
-0.12722180173010822,0.8917026775518422,0.07779043771663856
-0.10577012041868285,0.2898518242984665,-0.6409708862598201
-0.2988352522215082,0.9920111530940714,0.4634672457040066
-0.5991587905814597,1.19262810417853,-0.0922579730777919
0.8166521759725955,-2.117551588715036,-1.023141541447303
-0.7922239223842851,1.4935535308052177,-0.16238102907549518
-0.9209340102528358,0.6910857264673836,-0.3850217318682031
-0.40609365877863357,0.9920111530940714,-0.8215377554539061
-0.9423856915642604,1.2929365797207593,0.32322113370860006
-0.47044870271290895,-0.011073602328221294,-0.7110939422575234
0.43052191236694404,-1.8166261620883482,-1.0126230830476475
-2.186583207626915,-0.011073602328221294,-0.025641069879973784
-0.2988352522215082,0.7913942020096129,-0.3359355926698108
-0.42754534009005896,-0.11138207787045057,-0.5761070594619445
-0.10577012041868285,-1.2147753088349726,-0.8741300474521835
-0.14867348304153283,0.5907772509251543,-0.1027764314774474
0.9453622638411455,-2.3181685397994944,-1.0196353886474179
-2.980295416149643,0.6910857264673836,-0.8618585126525854
0.1516500553184179,-1.6160092110038897,-1.073980757045638
-2.0364214384469395,0.8917026775518422,-0.5936378234613704
-1.2641609112356367,0.9920111530940714,-0.6357116570599923
-1.6073878122184382,1.3932450552629885,0.6510464204978629
-0.6420621532043097,0.5907772509251543,0.0830496669164663
0.7737488133497455,-1.9169346376305774,-1.0669684514458675
0.10874669269556791,-0.21169055341267984,-0.7321308590568344
-0.5777071092700343,-0.7132329311238262,-0.7391431646566047
-0.5991587905814597,0.3901602998406958,-0.5620824482624039
-0.7064171971385851,1.5938620063474471,-0.21847947387365782
0.02293996744986792,-1.8166261620883482,-1.0704746042457527
-0.2988352522215082,-0.7132329311238262,-0.9126977282509203
-0.8994823289414104,1.4935535308052177,-0.018628764280203457
-0.9209340102528358,0.8917026775518422,-0.4831940102649877
-0.40609365877863357,0.7913942020096129,-0.5708478302621168
0.06584333007271792,-1.1144668332927432,-1.010870006647705
-1.242709229924212,-0.6129244555815969,0.02169199291847593
-0.8351272850071351,1.5938620063474471,-0.38326865546826056
-2.4654550646754414,-0.5126159800393677,0.503788002902686
-1.0925474607442367,1.0923196286363006,-0.13783795947629904
-0.8994823289414104,1.2929365797207593,-0.4253424890668825
0.06584333007271792,-0.4123075044971384,-0.8460808250531022
-0.2988352522215082,-0.4123075044971384,-0.7952416094547673
-2.722875240412542,0.6910857264673836,-0.5427986078630355
-2.315293295495466,0.5907772509251543,-0.6409708862598201
-0.513352065335759,-0.5126159800393677,-0.7356370118567195
-1.199805867301362,1.5938620063474471,0.25134500131095416
-0.2559318895986582,0.2898518242984665,-0.9389938742500591
-0.2344802082872336,-0.3119990289549091,-0.7146000950574085
-0.34173861484435897,-0.011073602328221294,-0.6935631782580975
0.1731017366298433,-2.4184770153417237,-1.0038577010479346
-0.04141507648440746,-0.21169055341267984,-0.7917354566548822
-0.2344802082872336,0.7913942020096129,-0.7601800814559156
-0.2130285269758082,-1.014158357750514,-0.9319815686502887
-2.100776482381215,1.4935535308052177,-0.8320562138535615
-0.12722180173010822,0.6910857264673836,0.18823425091302123
-0.7493205597614351,1.0923196286363006,0.46872647490383434
-0.7064171971385851,0.08923487321400798,-0.7724516162555137
-0.5991587905814597,0.18954334875623724,-0.616427816660624
-1.285612592547062,-0.011073602328221294,-0.28334330067153335
-1.2641609112356367,0.6910857264673836,-0.6567485738593033
-0.42754534009005896,0.9920111530940714,-0.7163531714573511
-0.7064171971385851,-0.11138207787045057,-0.8548462070528151
-0.34173861484435897,0.08923487321400798,-0.6462301154596478
-0.1701251643529582,-0.21169055341267984,-0.8881546586517242
-1.7790012627098388,0.18954334875623724,-0.7724516162555137
0.08729501138414254,-2.017243113172807,-1.0494376874464417
-0.38464197746720896,0.6910857264673836,-0.6830447198584421
-1.1354508233670866,1.6941704818896763,0.5318372253017674
-0.2130285269758082,0.18954334875623724,-0.8180316026540209
-0.9423856915642604,-0.011073602328221294,-0.7566739286560306
-1.0925474607442367,0.9920111530940714,0.10583966011571987
0.38761854974409404,-2.2178600642572652,-1.052943840246327
-0.6849655158271597,0.6910857264673836,-0.7286247062569492
-0.5348037466471843,0.18954334875623724,-0.6725262614587866
-2.8086819656582422,-0.21169055341267984,0.24433269571118385
-0.7064171971385851,0.6910857264673836,0.7527248516945326
-0.04141507648440746,-0.4123075044971384,-0.9179569574507481
-2.07932480106979,-0.4123075044971384,-0.3972932666678012
-0.7922239223842851,0.6910857264673836,0.3582826617074517
0.08729501138414254,-1.3150837843772019,-0.8916608114516094
-0.34173861484435897,-0.7132329311238262,-0.8618585126525854
0.7522971320383202,-1.1144668332927432,-1.1020299794447193
-0.3631902961557836,-0.3119990289549091,-0.842574672253217
-2.5941651525439915,1.0923196286363006,0.37581342570687754
-0.3202869335329336,0.7913942020096129,-0.12381334827675838
-0.2988352522215082,-0.8135414066660555,-0.8916608114516094
-1.1569025046785113,1.4935535308052177,0.1426542645145141
-2.014969757135514,-0.9138498822082848,-0.5392924550631504
0.06584333007271792,0.3901602998406958,-0.628699351460222
-0.7278688784500097,0.3901602998406958,-0.8127723734541932
-0.5777071092700343,-0.21169055341267984,-0.9179569574507481
-0.5777071092700343,0.3901602998406958,-0.7110939422575234
0.044391648761292535,-0.9138498822082848,-0.8495869778529874
0.06584333007271792,-1.1144668332927432,-0.8495869778529874
-1.8433563066441143,0.5907772509251543,-0.07998643827819384
0.2589084618755433,-1.1144668332927432,-0.9425000270499442
-0.2130285269758082,0.08923487321400798,-0.39203403746797344
-2.5727134712325666,-0.5126159800393677,-0.7233654770571215
-0.2773835709100836,-1.415392259919431,-1.0126230830476475
0.06584333007271792,-0.7132329311238262,-0.7759577690553989
0.1731017366298433,-1.3150837843772019,-0.9915861662483365
-0.44899702140148434,0.18954334875623724,-0.8005008386545951
-2.315293295495466,1.5938620063474471,0.30393729330923164
-0.14867348304153283,-0.5126159800393677,-0.5638355246623465
-0.1701251643529582,-1.3150837843772019,-0.9758084786488532
-0.5348037466471843,-0.9138498822082848,-0.7847231510551118
-0.3631902961557836,0.6910857264673836,-0.21672639747371522
0.06584333007271792,-1.014158357750514,-0.7987477622546525
-0.2559318895986582,-0.9138498822082848,-0.9705492494490255
-0.6635138345157351,0.5907772509251543,-0.7514146994562028
-1.1354508233670866,1.19262810417853,-0.18692409867469134
-0.8994823289414104,1.4935535308052177,-0.23425716147314105
-0.19157684566438285,0.5907772509251543,-0.5427986078630355
0.5377803189240694,-1.1144668332927432,-1.023141541447303
-0.5348037466471843,-1.1144668332927432,-0.8460808250531022
-0.12722180173010822,0.8917026775518422,-0.6234401222603942
-2.701423559101117,0.7913942020096129,0.17420963971348058
-0.7278688784500097,0.5907772509251543,-0.5445516842629781
0.38761854974409404,-1.1144668332927432,-0.9600307910493701
-2.2938416141840405,0.8917026775518422,-0.8565992834527577
-1.7146462187755636,1.19262810417853,-0.034406451879686696
-0.5348037466471843,1.2929365797207593,-0.42183633626699735
-0.8136756036957105,0.6910857264673836,0.11635811851537536
-0.513352065335759,0.49046877538292505,-0.6883039490582699
-0.6420621532043097,0.18954334875623724,-0.6094155110608537
-1.3070642738584874,0.3901602998406958,-0.6024032054610833
-0.40609365877863357,-0.8135414066660555,-0.7356370118567195
-0.2559318895986582,0.9920111530940714,-0.7198593242572363
-0.19157684566438285,0.7913942020096129,-0.3867748082681457
-0.10577012041868285,-0.6129244555815969,-0.7759577690553989
-0.7707722410728605,0.8917026775518422,-0.5305270730634374
-0.38464197746720896,1.19262810417853,-0.16939333467526552
-1.0710957794328113,0.7913942020096129,-0.3674909678687773
-0.40609365877863357,0.49046877538292505,-0.8057600678544228
-2.679971877789692,1.3932450552629885,0.20576501491244706
-0.49190038402433434,0.6910857264673836,-0.649736268259533
-1.0281924168099612,1.6941704818896763,-0.44813248226613606
-0.9638373728756858,0.5907772509251543,0.005914305318992693
-0.44899702140148434,0.2898518242984665,-0.6216870458604516
-1.6073878122184382,0.2898518242984665,-0.1413441122761842
-0.5348037466471843,-0.11138207787045057,-0.7268716298570066
-0.1701251643529582,0.2898518242984665,-0.14309718867612678
-1.1354508233670866,1.2929365797207593,-0.4130709542672844
-0.01996339517298284,0.08923487321400798,-0.6777854906586144
-0.47044870271290895,0.2898518242984665,-0.6199339694605092
0.044391648761292535,-1.3150837843772019,-0.947759256249772
-0.47044870271290895,0.08923487321400798,-0.6760324142586718
-0.47044870271290895,-1.1144668332927432,-0.8075131442543654
0.1516500553184179,-2.2178600642572652,-1.005610777447877
-0.42754534009005896,-0.21169055341267984,-0.8565992834527577
-1.736097900086989,0.7913942020096129,0.07603736131669597
0.6664904067926202,-1.9169346376305774,-1.0494376874464417
-0.12722180173010822,0.6910857264673836,0.3670480437071646
-0.2773835709100836,-1.415392259919431,-0.7759577690553989
-1.6717428561527135,-0.21169055341267984,-0.5129963090640116
-0.3202869335329336,-1.014158357750514,-0.9530184854495997
-0.2344802082872336,0.6910857264673836,-0.5848724414616575
-1.564484449595588,1.5938620063474471,-0.27107176587193527
-0.5991587905814597,0.18954334875623724,-0.7321308590568344
0.1945534179412679,-2.117551588715036,-1.0950176738449489
-0.34173861484435897,-0.011073602328221294,-0.6847977962583847
-0.6206104718928843,1.6941704818896763,-0.2307510086732559
-0.10577012041868285,0.2898518242984665,-0.7216124006571789
-0.49190038402433434,0.2898518242984665,-0.5007247742644135
-0.49190038402433434,0.08923487321400798,-0.4411201766663657
-1.4572260430384627,1.19262810417853,-0.5410455314630929
-2.894488690903943,0.18954334875623724,0.41964033570544207
-0.3202869335329336,-1.1144668332927432,-0.9635369438492553
-0.7922239223842851,-0.21169055341267984,-0.8145254498541358
-0.2773835709100836,0.2898518242984665,-0.8250439082537913
0.28036014318696867,-2.3181685397994944,-1.0687215278458102
-0.49190038402433434,0.3901602998406958,-0.6251931986603368
-0.7707722410728605,0.8917026775518422,0.2864065293098058
-0.3631902961557836,0.3901602998406958,-0.4463794058661935
-2.014969757135514,-0.8135414066660555,-0.360478662269007
-0.44899702140148434,-0.6129244555815969,-0.9389938742500591
0.4948769563012194,-1.2147753088349726,-1.0546969166462694
-1.049644098121386,1.3932450552629885,-0.14660334147601195
-0.5348037466471843,0.3901602998406958,-0.3972932666678012
-0.8994823289414104,1.19262810417853,-0.10978873707721773
-0.3631902961557836,-0.21169055341267984,-0.8986731170513796
-0.10577012041868285,-0.5126159800393677,-0.9302284922503461
-0.5348037466471843,0.6910857264673836,-0.48845323946481545
-0.9209340102528358,0.9920111530940714,0.15667887571405475
-0.5562554279586097,0.5907772509251543,0.33549266850819814
-0.2773835709100836,-0.5126159800393677,-0.595390899861313
-0.49190038402433434,-0.5126159800393677,-0.7899823802549396
-0.12722180173010822,-0.5126159800393677,-0.3780094262684328
-0.2988352522215082,-0.5126159800393677,-0.8110192970542506
-0.7707722410728605,1.0923196286363006,0.3179619045087723
-0.19157684566438285,-0.3119990289549091,-0.7917354566548822
-0.2988352522215082,-0.6129244555815969,-0.9425000270499442
-0.5562554279586097,1.5938620063474471,-0.030900299079801533
-0.9209340102528358,-0.11138207787045057,-0.6690201086589014
0.9668139451525709,-2.017243113172807,-1.0301538470470732
0.06584333007271792,0.5907772509251543,-0.9162038810508055
0.1516500553184179,-1.3150837843772019,-1.0915115210450637
-0.40609365877863357,0.5907772509251543,-0.6059093582609685
0.044391648761292535,-2.117551588715036,-0.9407469506500017
0.2160050992526933,-1.2147753088349726,-1.0564499930462121
-0.12722180173010822,0.2898518242984665,-0.9530184854495997
-0.6635138345157351,-0.011073602328221294,-0.6251931986603368
-1.6717428561527135,-0.9138498822082848,0.4161341829055569
-1.3928709991041874,0.6910857264673836,-0.733883935456777
-0.5348037466471843,0.08923487321400798,-0.7794639218552841
-1.9720663945126642,-0.3119990289549091,-0.2991209882710166
0.36616686843266866,-1.6160092110038897,-1.0196353886474179
-2.5727134712325666,-0.21169055341267984,0.033963527718074
-1.1354508233670866,1.3932450552629885,-0.4639101698656193
-0.04141507648440746,-0.6129244555815969,-0.9214631102506332
-0.8994823289414104,0.7913942020096129,-0.5094901562641264
-0.6420621532043097,-0.11138207787045057,-0.6392178098598775
-0.6420621532043097,0.08923487321400798,-0.8267969846537339
-2.5512617899211416,-0.5126159800393677,-0.22549177947342813
0.7952004946611702,-1.1144668332927432,-1.098523826644834
-2.7657786030353924,0.5907772509251543,-0.5726009066620594
-0.38464197746720896,0.3901602998406958,-0.7110939422575234
-0.01996339517298284,-2.4184770153417237,-0.9740554022489107
-0.7064171971385851,-0.3119990289549091,-0.7461554702563751
-2.7657786030353924,1.4935535308052177,-0.4288486418667677
-0.8780306476299858,0.7913942020096129,-0.6585016502592459
-0.12722180173010822,-1.1144668332927432,-0.884648505851839
0.2160050992526933,-1.8166261620883482,-0.9372407978501165
-0.49190038402433434,-0.11138207787045057,-0.8618585126525854
-0.38464197746720896,-1.2147753088349726,-0.8320562138535615
-0.3202869335329336,0.49046877538292505,-0.6620078030591311
0.4519735936783694,-2.2178600642572652,-1.0792399862454656
-0.5991587905814597,1.2929365797207593,-0.47968785746510256
-0.9209340102528358,0.3901602998406958,-0.8513400542529299
-0.2344802082872336,0.5907772509251543,-0.35346635666923665
-2.8730370095925175,-0.21169055341267984,-0.13783795947629904
-0.10577012041868285,-0.4123075044971384,-0.8916608114516094
-0.42754534009005896,0.3901602998406958,-0.6059093582609685
-0.7707722410728605,1.6941704818896763,0.33373959210825554
-0.1701251643529582,1.0923196286363006,-0.3867748082681457
-0.2344802082872336,0.6910857264673836,0.3372457449081407
-3.044650460083918,0.7913942020096129,0.48625723890326017
0.4948769563012194,-1.1144668332927432,-0.9898330898483939
-0.40609365877863357,-0.4123075044971384,-0.7233654770571215
-0.5348037466471843,0.49046877538292505,-0.42358941266693995
-0.7922239223842851,0.5907772509251543,-0.07823336187825125
-0.47044870271290895,0.6910857264673836,-0.2921086826712463
-0.6849655158271597,1.6941704818896763,-0.4130709542672844
-0.7064171971385851,-0.11138207787045057,-0.9074384990510925
-2.5941651525439915,-0.5126159800393677,-0.43936710026642317
-0.2559318895986582,-0.4123075044971384,-0.7408962410565473
0.044391648761292535,-0.11138207787045057,-0.926722339450461
-1.2212575486127866,-0.11138207787045057,-0.8618585126525854
-2.057873119758365,-0.7132329311238262,0.20401193851250446
0.08729501138414254,0.49046877538292505,-0.8460808250531022
-0.40609365877863357,0.49046877538292505,-0.7198593242572363
-0.5777071092700343,1.3932450552629885,-0.015122611480318291
-1.9935180758240896,0.08923487321400798,-0.5200086146637819
-0.10577012041868285,-1.3150837843772019,-1.0213884650473604
-0.44899702140148434,0.08923487321400798,-0.8005008386545951
-1.328515955169912,1.5938620063474471,-0.12556642467670096
-2.057873119758365,-0.5126159800393677,-0.34996020386935145
-0.8136756036957105,-0.11138207787045057,-0.842574672253217
-2.358196658118316,0.5907772509251543,0.17596271611342315
-0.2988352522215082,0.5907772509251543,-0.16764025827532295
-0.6420621532043097,-0.11138207787045057,-0.5498109134628059
0.8595555385954455,-2.3181685397994944,-1.0844992154452933
0.08729501138414254,-2.2178600642572652,-0.9758084786488532
0.6021353628583448,-2.4184770153417237,-1.1055361322446045
-0.7278688784500097,0.08923487321400798,-0.8548462070528151
-0.9209340102528358,1.19262810417853,-0.07823336187825125
-0.40609365877863357,-0.3119990289549091,-1.0213884650473604
-0.9423856915642604,1.19262810417853,-0.7601800814559156
-2.980295416149643,0.5907772509251543,-0.36573789146883473
-0.8351272850071351,0.9920111530940714,-0.19744255707434683
0.06584333007271792,0.3901602998406958,-0.9530184854495997
-0.6849655158271597,1.19262810417853,-0.3271702106700979
0.516328637612644,-2.017243113172807,-0.9863269370485088
-0.2773835709100836,-0.3119990289549091,-0.9775615550487958
-0.7278688784500097,1.5938620063474471,-0.6024032054610833
-0.1701251643529582,-1.415392259919431,-0.7899823802549396
-0.7493205597614351,0.18954334875623724,-0.7847231510551118
-0.47044870271290895,-0.9138498822082848,-0.926722339450461
0.9668139451525709,-1.8166261620883482,-1.0248946178472456
-0.2773835709100836,-0.6129244555815969,-0.7724516162555137
-1.5430327682841627,-0.6129244555815969,-0.3008740646709592
-1.1569025046785113,0.9920111530940714,-0.4972186214645284
-2.830133646969667,0.7913942020096129,-0.7829700746551692
-1.6288394935298636,0.2898518242984665,-0.6637608794590737
0.2160050992526933,-1.1144668332927432,-1.0669684514458675
-0.2344802082872336,0.6910857264673836,-0.7777108454553415
-0.1701251643529582,0.7913942020096129,-0.8513400542529299
0.9668139451525709,-1.3150837843772019,-1.0126230830476475
-0.04141507648440746,0.3901602998406958,-0.767192387055686
-0.9638373728756858,-0.6129244555815969,-0.8495869778529874
-1.371419317792762,1.3932450552629885,-0.21497332107377265
-0.44899702140148434,-0.3119990289549091,-0.5708478302621168
-0.34173861484435897,0.3901602998406958,-0.3709971206686625
-0.7493205597614351,0.5907772509251543,0.4371710997048679
-0.5991587905814597,0.6910857264673836,-0.8916608114516094
-2.057873119758365,-0.7132329311238262,-0.6514893446594756
-2.937392053526793,-0.3119990289549091,0.21277732051221737
-0.38464197746720896,-0.11138207787045057,-0.565588601062289
-0.3202869335329336,0.5907772509251543,-0.42358941266693995
-2.2938416141840405,-0.3119990289549091,-0.6304524278601646
-0.49190038402433434,0.3901602998406958,-0.49020631586475805
-1.371419317792762,-0.011073602328221294,-0.6812916434584995
-1.371419317792762,0.18954334875623724,-0.5550701426626335
-0.9423856915642604,0.3901602998406958,-0.8408215958532744
-2.980295416149643,0.08923487321400798,-0.456897864265849
-0.2130285269758082,-0.5126159800393677,-0.947759256249772
-0.47044870271290895,0.2898518242984665,-0.8145254498541358
-0.44899702140148434,1.0923196286363006,0.1426542645145141
-1.0281924168099612,1.2929365797207593,-0.4744286282652748
-0.42754534009005896,1.2929365797207593,-0.21322024467383008
-2.7443269217239674,0.6910857264673836,-0.15712179987566743
-0.44899702140148434,0.08923487321400798,-0.6830447198584421
0.3018118244983933,-1.1144668332927432,-1.0634622986459823
-1.1569025046785113,1.5938620063474471,-0.03791260467957186
-0.9852890541871112,1.4935535308052177,0.15843195211399733
-0.9638373728756858,1.2929365797207593,-0.7023285602578104
0.5377803189240694,-2.017243113172807,-1.052943840246327
-0.6420621532043097,0.49046877538292505,-0.7216124006571789
-0.8136756036957105,1.3932450552629885,-0.179911793074921
-0.9209340102528358,0.08923487321400798,-0.9670430966491403
-0.34173861484435897,0.6910857264673836,-0.5024778506643561
-0.08431843910725746,0.18954334875623724,-0.5077370798641838
0.7952004946611702,-1.2147753088349726,-1.002104624647992
-0.38464197746720896,-0.8135414066660555,-0.788229303854997
-0.1701251643529582,-0.7132329311238262,-0.9425000270499442
-0.47044870271290895,0.2898518242984665,-0.6514893446594756
-0.42754534009005896,-0.8135414066660555,-0.9530184854495997
-2.143679845004065,0.08923487321400798,-0.49195939226470065
-0.2773835709100836,0.6910857264673836,-0.18517102227474874
-0.42754534009005896,0.3901602998406958,-0.8583523598527003
-0.5991587905814597,1.4935535308052177,-0.30963944667067206
0.7522971320383202,-1.415392259919431,-1.0844992154452933
-0.6420621532043097,0.3901602998406958,-0.565588601062289
-0.9638373728756858,-0.6129244555815969,-0.8250439082537913
-0.49190038402433434,0.18954334875623724,-0.03966568107951444
-0.5777071092700343,1.3932450552629885,-0.35171328026929405
-0.01996339517298284,-0.4123075044971384,-0.8478339014530448
-1.0925474607442367,1.3932450552629885,0.34601112690785363
-0.38464197746720896,0.7913942020096129,-0.8320562138535615
0.36616686843266866,-1.6160092110038897,-1.0669684514458675
-0.08431843910725746,-2.3181685397994944,-0.9968453954481643
-0.513352065335759,-0.11138207787045057,-0.9372407978501165
-1.4143226804156128,0.3901602998406958,-0.25704715467239464
-2.7657786030353924,-0.11138207787045057,0.621244121698839
0.2589084618755433,0.7913942020096129,0.537096454501595
1.245685802201097,-1.415392259919431,-0.6427239626597627
-1.1783541859899367,-0.011073602328221294,2.3147159240433735
0.7952004946611702,0.6910857264673836,0.25309807771089676
0.7952004946611702,1.2929365797207593,1.834372990459106
-0.7493205597614351,0.08923487321400798,-0.8390685194533318
-0.06286675779583284,0.9920111530940714,0.9385509500884464
-0.34173861484435897,-0.8135414066660555,-0.9670430966491403
-2.2080348889383403,-0.8135414066660555,-0.5690947538621742
-0.34173861484435897,0.5907772509251543,-0.7303777826568918
0.5377803189240694,0.18954334875623724,1.9641006440548572
-0.5348037466471843,0.49046877538292505,-0.6585016502592459
0.7737488133497455,0.5907772509251543,1.5696584540677758
0.1945534179412679,0.9920111530940714,3.105353380417478
-0.2344802082872336,0.18954334875623724,-0.18341794587480617
0.9882656264639963,1.2929365797207593,0.5388495309015376
-0.9852890541871112,1.2929365797207593,0.6265033508986667
-0.9638373728756858,1.4935535308052177,-0.011616458680433128
-0.7064171971385851,0.5907772509251543,0.30569036970917424
0.5806836815469194,1.2929365797207593,1.4364246476721396
-2.12222816369264,-0.21169055341267984,-0.14660334147601195
-0.9209340102528358,0.3901602998406958,-0.8250439082537913
-2.5941651525439915,1.3932450552629885,-0.7759577690553989
0.1301983740069933,0.49046877538292505,0.26361653611055225
-0.6206104718928843,-0.11138207787045057,-0.6742793378587292
2.23246314252665,-2.4184770153417237,-0.733883935456777
1.1384273956439717,-0.5126159800393677,0.0935681253161218
0.08729501138414254,0.6910857264673836,-0.8495869778529874
1.7176227910524486,-1.3150837843772019,-0.8653646654524706
-0.5562554279586097,0.49046877538292505,-0.5638355246623465
-1.4786777243498874,-0.11138207787045057,-0.8215377554539061
1.2242341208896717,-1.415392259919431,-0.574353983062002
-0.06286675779583284,1.5938620063474471,0.6457871912980352
-1.8648079879555388,0.3901602998406958,1.7695091636612303
1.8034295162981486,-1.2147753088349726,-0.5831193650617149
0.5806836815469194,0.3901602998406958,0.08480274331640889
1.0311689890868463,-1.014158357750514,-0.4726755518653322
-0.8351272850071351,0.8917026775518422,0.18648117451307866
-0.9423856915642604,0.3901602998406958,-0.7356370118567195
0.5806836815469194,0.3901602998406958,1.4872638632704747
-0.7493205597614351,0.49046877538292505,-0.565588601062289
-0.42754534009005896,-0.21169055341267984,-0.7461554702563751
0.7093937694154702,-2.3181685397994944,-1.0669684514458675
0.36616686843266866,0.3901602998406958,-0.09401104947773449
0.5377803189240694,-2.4184770153417237,-0.9985984718481068
0.5806836815469194,0.18954334875623724,2.428665890039641
-0.8780306476299858,0.5907772509251543,-0.5971439762612556
0.6879420881040448,-1.014158357750514,-0.08524566747802158
1.0955240330211218,1.0923196286363006,2.4777520292380335
-0.9423856915642604,1.6941704818896763,-0.4726755518653322
0.08729501138414254,-1.3150837843772019,-0.8618585126525854
-0.6206104718928843,0.5907772509251543,1.2102777920795467
0.4519735936783694,-1.415392259919431,-0.9670430966491403
0.8810072199068709,0.2898518242984665,0.2022588621125619
1.4387509340039233,-1.6160092110038897,-0.8267969846537339
-0.2773835709100836,-1.415392259919431,-0.8232908318538487
-1.5215810869727382,0.9920111530940714,-0.36573789146883473
-2.4654550646754414,-0.8135414066660555,-0.8443277486531596
-1.7146462187755636,-0.4123075044971384,-0.5357863022632652
-0.49190038402433434,0.08923487321400798,-0.6024032054610833
-0.8780306476299858,-0.21169055341267984,-0.7321308590568344
-0.42754534009005896,-1.2147753088349726,-0.8215377554539061
0.2589084618755433,-2.3181685397994944,-1.0669684514458675
0.02293996744986792,-1.9169346376305774,-1.0091169302477623
-1.1569025046785113,0.5907772509251543,-0.11680104267698806
0.516328637612644,0.6910857264673836,2.6250104468332105
-0.08431843910725746,1.3932450552629885,2.104346756050264
0.23745678056411867,0.8917026775518422,2.7459727184292486
-0.01996339517298284,-0.8135414066660555,-0.9039323462512074
-0.34173861484435897,0.5907772509251543,-0.43410787106659543
-0.19157684566438285,0.49046877538292505,-0.5690947538621742
0.7093937694154702,0.49046877538292505,-0.09751720227761965
-0.38464197746720896,0.5907772509251543,-0.7777108454553415
1.0740723517096964,-2.117551588715036,-0.7128470186574659
-1.328515955169912,0.9920111530940714,0.0006550761191649468
0.8595555385954455,-1.3150837843772019,-1.1002769030447765
0.9882656264639963,-0.6129244555815969,-0.10102335507750482
1.0311689890868463,-2.017243113172807,-0.6900570254582123
-0.8994823289414104,-0.011073602328221294,-0.6234401222603942
-0.7064171971385851,0.49046877538292505,-0.6795385670585569
-0.8994823289414104,0.08923487321400798,-0.767192387055686
0.8166521759725955,-2.117551588715036,-1.077486909845523
-0.1701251643529582,-1.2147753088349726,-0.9319815686502887
-1.7146462187755636,0.2898518242984665,-0.20620793907405974
1.2242341208896717,-0.11138207787045057,-0.2412694670729114
-1.736097900086989,-0.6129244555815969,1.7502253232618619
-0.2344802082872336,-1.2147753088349726,-0.9337346450502313
0.38761854974409404,-0.6129244555815969,0.06201275011715532
-0.8136756036957105,1.2929365797207593,-0.4428732530663083
1.2242341208896717,-0.11138207787045057,-0.42358941266693995
1.1813307582668218,-2.4184770153417237,-0.6620078030591311
1.0955240330211218,-0.5126159800393677,-0.2588002310723372
-0.7064171971385851,-0.011073602328221294,-0.7496616230562602
2.1681080985923753,-1.716317686546119,-0.6462301154596478
-1.7146462187755636,1.19262810417853,3.484017882805076
-0.49190038402433434,0.2898518242984665,-0.7356370118567195
0.32326350580981866,1.3932450552629885,2.4321720428395266
0.3018118244983933,-2.2178600642572652,-0.9635369438492553
-3.1090055040181936,0.8917026775518422,0.2706288417103226
0.2160050992526933,0.2898518242984665,-0.2097140918739449
1.0955240330211218,-0.5126159800393677,-0.29561483547113143
-0.6635138345157351,0.6910857264673836,-0.8285500610536763
-0.9209340102528358,0.7913942020096129,-0.7286247062569492
0.8595555385954455,0.6910857264673836,0.27413499451020773
0.7093937694154702,-2.117551588715036,-1.0178823122474752
-0.3202869335329336,-0.21169055341267984,-0.8899077350516668
0.9024589012182955,0.3901602998406958,2.7599973296287894
1.1169757143325463,0.5907772509251543,0.46171416930406406
0.7952004946611702,-0.6129244555815969,-0.2307510086732559
-2.336744976806891,0.9920111530940714,-0.06946797987853834
0.9239105825297209,0.6910857264673836,0.64228103849815
-2.6585201964782668,-0.8135414066660555,-0.2097140918739449
-0.7493205597614351,0.6910857264673836,-0.7969946858547099
0.9453622638411455,0.5907772509251543,1.753731476061747
0.9239105825297209,0.3901602998406958,0.22329577891187288
0.1945534179412679,1.2929365797207593,1.254104702078111
0.9453622638411455,-0.11138207787045057,0.10759273651566245
0.5806836815469194,-1.6160092110038897,-1.107289208644547
0.6664904067926202,-1.5157007354616603,-1.0178823122474752
0.5592320002354948,0.2898518242984665,0.1040865837157773
1.4387509340039233,-2.2178600642572652,-0.733883935456777
-0.42754534009005896,-0.11138207787045057,-0.6795385670585569
0.5592320002354948,-1.6160092110038897,-0.9898330898483939
0.43052191236694404,0.6910857264673836,2.172716735648024
0.516328637612644,1.6941704818896763,0.675589490097059
0.001488286138442538,1.6941704818896763,1.720423024462838
-0.6420621532043097,0.2898518242984665,-0.926722339450461
-0.12722180173010822,-0.4123075044971384,-0.9179569574507481
-0.8994823289414104,1.3932450552629885,-0.725118553457064
2.1252047359695245,-1.716317686546119,-0.6742793378587292
0.7737488133497455,-2.3181685397994944,-1.010870006647705
-0.19157684566438285,-0.3119990289549091,-0.7303777826568918
0.7737488133497455,0.08923487321400798,0.1899873273129638
-0.38464197746720896,-0.7132329311238262,-0.8040069914544802
-0.34173861484435897,0.5907772509251543,-0.5287739966634949
0.7737488133497455,-2.2178600642572652,-1.073980757045638
-0.5348037466471843,1.4935535308052177,0.07253120851681082
-0.7922239223842851,0.6910857264673836,2.4742458764381485
-1.6288394935298636,1.2929365797207593,1.250598549278226
-1.1139991420556612,1.5938620063474471,-0.6059093582609685
-0.6635138345157351,1.19262810417853,-0.3850217318682031
-0.3202869335329336,-0.011073602328221294,-0.8127723734541932
1.910687922855274,-2.4184770153417237,-0.6585016502592459
0.7952004946611702,-0.11138207787045057,0.058506597317270155
0.43052191236694404,-1.5157007354616603,-1.0354130762469012
0.10874669269556791,1.2929365797207593,1.888718358857326
-1.0925474607442367,-0.6129244555815969,0.47223262770371954
-0.19157684566438285,0.3901602998406958,0.1619381049138825
-2.5727134712325666,-0.011073602328221294,-0.14835641787595452
-0.5562554279586097,1.2929365797207593,-0.37976250266837536
-0.3202869335329336,0.5907772509251543,0.2986780641094039
0.8381038572840201,-0.6129244555815969,0.23381423731152837
1.8463328789209994,-2.2178600642572652,-0.8513400542529299
0.6021353628583448,0.49046877538292505,0.4143811065056143
0.23745678056411867,-0.6129244555815969,0.07603736131669597
-0.34173861484435897,1.19262810417853,0.08480274331640889
2.06084969203525,-1.6160092110038897,-0.8022539150545377
-0.3631902961557836,1.2929365797207593,2.3024443892437754
2.0823013733466755,-2.017243113172807,-0.595390899861313
-0.49190038402433434,0.3901602998406958,0.25134500131095416
-0.49190038402433434,-0.3119990289549091,-1.0301538470470732
1.5460093405610487,-1.9169346376305774,-0.788229303854997
0.34471518712124405,0.6910857264673836,0.25309807771089676
-0.6420621532043097,1.4935535308052177,-0.08173951467813641
1.1384273956439717,1.0923196286363006,0.9455632556882166
-2.2294865702497653,0.49046877538292505,0.3372457449081407
0.43052191236694404,-0.11138207787045057,0.3407518977080259
0.8595555385954455,-0.011073602328221294,0.5756641353003319
-0.6849655158271597,-0.3119990289549091,0.9350447972885612
-2.980295416149643,-0.011073602328221294,-0.7198593242572363
0.8810072199068709,0.49046877538292505,-0.18517102227474874
0.7308454507268948,0.18954334875623724,1.44343695327191
-1.7790012627098388,0.49046877538292505,-0.36223173866894953
-1.4143226804156128,-0.21169055341267984,-0.8197846790539635
0.7093937694154702,0.9920111530940714,0.8456379008914895
0.23745678056411867,0.8917026775518422,1.3925977376735752
-1.0067407354985358,0.5907772509251543,0.2320611609115858
0.4948769563012194,-0.21169055341267984,-0.09927027867756223
-1.0281924168099612,0.9920111530940714,-0.3587255858690644
-0.6635138345157351,1.0923196286363006,-0.6795385670585569
-0.7493205597614351,-0.21169055341267984,-0.670773185058844
0.7952004946611702,-0.11138207787045057,0.4108749537057292
0.8810072199068709,0.7913942020096129,2.635528905232866
0.9882656264639963,-1.2147753088349726,-0.5094901562641264
0.08729501138414254,-0.21169055341267984,-0.7110939422575234
0.001488286138442538,1.2929365797207593,2.2849136252443496
2.23246314252665,-2.4184770153417237,-0.8180316026540209
-2.8515853282810926,0.5907772509251543,-0.7777108454553415
1.2885891648239471,-2.3181685397994944,-0.8986731170513796
-0.14867348304153283,1.19262810417853,-0.6041562818610259
0.6021353628583448,1.5938620063474471,1.1629447292810968
-0.7278688784500097,0.5907772509251543,-0.5620824482624039
-0.19157684566438285,0.08923487321400798,0.5213187669021119
-0.8136756036957105,0.08923487321400798,-0.670773185058844
-0.06286675779583284,0.5907772509251543,1.4837577104705895
0.9239105825297209,0.3901602998406958,0.20576501491244706
-0.2130285269758082,0.3901602998406958,-0.8005008386545951
-0.2344802082872336,0.6910857264673836,-0.7759577690553989
0.8381038572840201,0.49046877538292505,0.5160595377022841
0.6450387254811948,-1.1144668332927432,-1.1002769030447765
1.2885891648239471,-0.011073602328221294,0.025198145718361094
-0.01996339517298284,0.6910857264673836,0.8824525052902837
-1.9935180758240896,0.3901602998406958,3.243846416012942
-0.6849655158271597,-0.5126159800393677,-0.7619331578558582
1.245685802201097,-0.9138498822082848,-0.1220602718768158
-0.2988352522215082,0.08923487321400798,-0.6900570254582123
-1.8004529440212635,-0.21169055341267984,0.11460504211543278
0.47342527498979403,0.9920111530940714,2.2603705556451534
-0.9852890541871112,1.4935535308052177,-0.051937215879112514
-0.2988352522215082,-1.2147753088349726,-0.733883935456777
-1.6073878122184382,0.49046877538292505,-0.29386175907118883
-0.3202869335329336,-0.11138207787045057,-0.896920040651437
0.02293996744986792,-0.6129244555815969,-0.8005008386545951
-1.2212575486127866,0.9920111530940714,-0.6672670322589588
-0.14867348304153283,-0.4123075044971384,-0.6777854906586144
0.47342527498979403,0.6910857264673836,2.72668887802988
1.3100408461353725,-0.8135414066660555,-0.19744255707434683
-0.6635138345157351,1.5938620063474471,0.37406034930693494
0.5806836815469194,0.3901602998406958,1.8501506780585892
-2.958843734838218,1.3932450552629885,-0.42183633626699735
-1.049644098121386,0.9920111530940714,-0.6181808930605666
0.4519735936783694,0.18954334875623724,-0.02213491708008862
1.1598790769553964,0.5907772509251543,1.531090773269039
0.2160050992526933,0.8917026775518422,2.8143426980270094
1.1384273956439717,-0.3119990289549091,0.29517191130951875
-0.47044870271290895,-0.5126159800393677,-0.7864762274550544
0.7952004946611702,0.49046877538292505,0.012926610918763022
1.3743958900696471,0.6910857264673836,0.11285196571549021
-0.6635138345157351,1.4935535308052177,-0.4060586486675141
-0.9209340102528358,-0.5126159800393677,0.2303080845116432
-1.4572260430384627,0.49046877538292505,2.72668887802988
-0.2344802082872336,0.49046877538292505,-0.07122105627848092
0.7093937694154702,-1.415392259919431,-0.3709971206686625
-0.38464197746720896,-1.415392259919431,-1.0091169302477623
1.2027824395782472,-2.4184770153417237,-0.8443277486531596
-0.6849655158271597,1.4935535308052177,-0.3447009746695237
1.1384273956439717,1.0923196286363006,0.44067725250475304
1.1169757143325463,0.18954334875623724,0.42840571770515495
-1.0067407354985358,1.6941704818896763,-0.53228014946338
0.6879420881040448,0.08923487321400798,0.08129659051652373
0.3018118244983933,1.19262810417853,1.2383270144786278
-0.1701251643529582,0.9920111530940714,0.2706288417103226
-0.7278688784500097,0.9920111530940714,-0.34996020386935145
-2.7872302843468173,1.3932450552629885,0.17245656331353798
1.1169757143325463,-1.8166261620883482,-0.8215377554539061
-0.8780306476299858,-0.5126159800393677,-0.7181062478572937
1.2027824395782472,0.18954334875623724,0.17245656331353798
1.1813307582668218,-1.415392259919431,-0.5866255178616001
0.5592320002354948,0.3901602998406958,-0.1220602718768158
0.9024589012182955,-0.4123075044971384,-0.17640564027503586
1.6103643844953233,-2.2178600642572652,-0.6357116570599923
0.8595555385954455,-2.2178600642572652,-1.0248946178472456
0.38761854974409404,0.6910857264673836,0.4845041625033176
0.38761854974409404,0.9920111530940714,1.045488610484944
0.9668139451525709,-2.2178600642572652,-0.9372407978501165
1.3743958900696471,-1.3150837843772019,-0.7864762274550544
1.1169757143325463,-1.2147753088349726,-0.1904302514745765
-0.6849655158271597,0.6910857264673836,-0.8390685194533318
0.34471518712124405,0.08923487321400798,0.5616395241007912
-1.564484449595588,0.9920111530940714,1.7940522332604265
-0.01996339517298284,0.5907772509251543,-0.9284754158504036
-0.34173861484435897,0.6910857264673836,-0.7777108454553415
0.43052191236694404,0.5907772509251543,0.4389241761048105
-0.513352065335759,-0.9138498822082848,-0.8583523598527003
-0.19157684566438285,-1.1144668332927432,-0.7899823802549396
-0.08431843910725746,0.6910857264673836,1.5924484472670295
0.36616686843266866,1.5938620063474471,1.3189685288759867
-0.5348037466471843,1.19262810417853,-0.19919563347428942
0.7952004946611702,0.2898518242984665,0.8070702200927528
-0.6635138345157351,-0.11138207787045057,-0.6935631782580975
0.32326350580981866,-0.21169055341267984,0.053247368117442406
-2.958843734838218,-0.21169055341267984,0.09532120171606438
-0.01996339517298284,-0.5126159800393677,-0.7742046926554563
0.08729501138414254,-0.21169055341267984,-0.8899077350516668
-0.9852890541871112,1.0923196286363006,-0.050184139479169936
1.910687922855274,-1.5157007354616603,-0.7847231510551118
0.7522971320383202,0.49046877538292505,0.36003573810739425
1.4387509340039233,-2.2178600642572652,-0.830303137453619
0.06584333007271792,0.6910857264673836,1.539856155268752
-0.38464197746720896,0.2898518242984665,-0.7303777826568918
-0.9209340102528358,-0.5126159800393677,-0.6339585806600497
-0.01996339517298284,-2.2178600642572652,-1.1143015142443173
0.8381038572840201,0.7913942020096129,0.28465345290986327
1.0955240330211218,-0.3119990289549091,-0.24652869627273913
-1.2212575486127866,-0.8135414066660555,1.4416838768719675
0.7308454507268948,-1.415392259919431,-1.052943840246327
0.8381038572840201,0.8917026775518422,0.1707034869135954
0.02293996744986792,-0.7132329311238262,-0.5690947538621742
2.06084969203525,-1.415392259919431,-0.7619331578558582
-1.1783541859899367,1.19262810417853,0.7509717752945901
0.9882656264639963,-0.11138207787045057,-0.3972932666678012
0.7308454507268948,0.7913942020096129,1.4942761688702448
-1.6931945374641382,0.3901602998406958,1.9711129496546274
-2.894488690903943,1.5938620063474471,-0.14485026507606938
0.4519735936783694,0.3901602998406958,0.07077813211686823
0.02293996744986792,-1.6160092110038897,-1.0213884650473604
-0.2773835709100836,1.0923196286363006,0.05675352091732758
-1.1139991420556612,1.0923196286363006,-0.47968785746510256
0.9453622638411455,0.3901602998406958,1.8448914488587616
0.9453622638411455,0.3901602998406958,0.15667887571405475
0.044391648761292535,-1.1144668332927432,-0.8864015822517816
-0.3202869335329336,-0.6129244555815969,2.5075543280370574
-1.8648079879555388,-0.3119990289549091,1.3102031468762738
-0.7278688784500097,0.2898518242984665,-0.8145254498541358
1.0311689890868463,0.3901602998406958,-0.2640594602721649
-0.08431843910725746,0.6910857264673836,2.372567445241479
-0.40609365877863357,0.49046877538292505,-0.6374647334599349
-0.42754534009005896,0.2898518242984665,-0.6392178098598775
0.8810072199068709,0.18954334875623724,0.007667381718935275
0.10874669269556791,0.5907772509251543,2.3567897576419954
-0.8136756036957105,0.9920111530940714,0.10583966011571987
0.34471518712124405,-2.3181685397994944,-1.0389192290467861
-0.7064171971385851,1.6941704818896763,-0.18517102227474874
-0.5348037466471843,-0.011073602328221294,-0.8355623666534467
0.6664904067926202,-0.21169055341267984,-0.2482817726726817
-0.2130285269758082,-0.7132329311238262,-0.9495123326497146
-1.3928709991041874,0.2898518242984665,1.8238545320594506
-0.2130285269758082,-0.21169055341267984,-0.7198593242572363
1.0740723517096964,0.8917026775518422,2.144667513248943
0.6235870441697694,-2.117551588715036,-1.1037830558446617
1.1169757143325463,1.0923196286363006,1.0823032148837382
0.6235870441697694,0.5907772509251543,-0.051937215879112514
0.5377803189240694,-0.8135414066660555,-0.3692440442687199
0.5806836815469194,-1.415392259919431,-1.0301538470470732
0.8381038572840201,0.18954334875623724,0.2881596057097484
0.10874669269556791,0.6910857264673836,0.9788717072871258
0.47342527498979403,-1.415392259919431,-1.0687215278458102
1.1384273956439717,-0.21169055341267984,-0.3026271410709018
-1.1783541859899367,0.2898518242984665,0.6265033508986667
0.6664904067926202,0.2898518242984665,0.002408152519107529
-0.5562554279586097,1.19262810417853,-0.4060586486675141
0.044391648761292535,-1.3150837843772019,-0.9319815686502887
-1.285612592547062,0.2898518242984665,2.966860344822014
0.5806836815469194,0.08923487321400798,0.26712268891043744
0.8810072199068709,0.2898518242984665,1.003414776886322
-0.6635138345157351,-0.5126159800393677,-0.7934885330548247
-2.315293295495466,1.5938620063474471,-0.7198593242572363
-0.38464197746720896,0.9920111530940714,0.20050578571261932
0.08729501138414254,-1.415392259919431,-1.010870006647705
-0.38464197746720896,0.9920111530940714,2.170963659248082
-3.0661021413953433,-0.9138498822082848,0.48976339170314537
-0.47044870271290895,0.3901602998406958,-0.7146000950574085
0.06584333007271792,-1.3150837843772019,-0.9302284922503461
0.516328637612644,0.08923487321400798,0.1899873273129638
0.8810072199068709,-1.8166261620883482,-1.0459315346465565
0.5377803189240694,0.9920111530940714,2.670590433231718
-0.47044870271290895,0.18954334875623724,-0.872376971052241
0.1945534179412679,-1.716317686546119,-0.9740554022489107
0.34471518712124405,1.4935535308052177,2.463727418038493
-0.7707722410728605,1.6941704818896763,0.016432763718648186
-0.3631902961557836,-0.6129244555815969,-0.565588601062289
-0.5348037466471843,0.9920111530940714,1.3592892860746661
0.1516500553184179,-1.716317686546119,-1.0757338334455804
-0.2344802082872336,-0.8135414066660555,1.8063237680600248
0.5806836815469194,0.08923487321400798,1.1138585900827045
-0.2988352522215082,-1.014158357750514,-0.8618585126525854
1.3743958900696471,-0.9138498822082848,-0.3341825162698682
0.8166521759725955,0.2898518242984665,0.5020349265027434
0.9882656264639963,-0.11138207787045057,-0.35346635666923665
-0.01996339517298284,-0.7132329311238262,-0.9652900202491977
1.0311689890868463,-0.6129244555815969,-0.6444770390597052
0.6664904067926202,-1.3150837843772019,-1.010870006647705
-1.7790012627098388,0.49046877538292505,0.030457374918188843
-2.7657786030353924,1.5938620063474471,-0.22549177947342813
0.001488286138442538,0.49046877538292505,-0.8285500610536763
1.0311689890868463,-1.2147753088349726,-0.6760324142586718
-0.1701251643529582,-1.3150837843772019,-0.9197100338506906
-0.6849655158271597,0.08923487321400798,-0.8408215958532744
-0.3202869335329336,0.18954334875623724,-0.7952416094547673
-0.04141507648440746,0.08923487321400798,-0.8232908318538487
1.9750429667895502,-1.8166261620883482,-0.7373900882566621
0.28036014318696867,-1.9169346376305774,-1.1002769030447765
-2.5512617899211416,-0.5126159800393677,-0.2588002310723372
-0.2344802082872336,1.0923196286363006,-0.276330995071763
0.47342527498979403,0.6910857264673836,-0.0536902922790551
-0.2559318895986582,0.2898518242984665,-0.4411201766663657
0.06584333007271792,-2.2178600642572652,-1.052943840246327
1.2671374835125218,0.49046877538292505,0.537096454501595
1.3529442087582224,0.5907772509251543,0.05675352091732758
0.08729501138414254,-0.6129244555815969,-0.7146000950574085
-0.2130285269758082,0.49046877538292505,-0.5235147674636671
-0.34173861484435897,-0.6129244555815969,-0.9828207842486236
0.23745678056411867,-1.415392259919431,-1.0687215278458102
-0.7922239223842851,1.5938620063474471,0.9928963184866664
-1.9935180758240896,0.9920111530940714,-0.13783795947629904
-0.10577012041868285,-0.4123075044971384,-0.36573789146883473
-0.04141507648440746,0.3901602998406958,-0.7531677758561454
-0.7278688784500097,0.08923487321400798,-0.8373154430533893
1.331492527446797,0.3901602998406958,-0.09401104947773449
1.0955240330211218,-1.9169346376305774,-0.6392178098598775
0.5592320002354948,-2.4184770153417237,-0.9547715618495423
0.6021353628583448,1.2929365797207593,1.6906207256638142
-1.5001294056613128,-0.9138498822082848,-0.2675656130720501
0.34471518712124405,0.2898518242984665,0.21453039691215997
-0.3202869335329336,0.6910857264673836,-0.6812916434584995
-0.44899702140148434,-0.11138207787045057,-0.9126977282509203
0.7737488133497455,-0.8135414066660555,-0.47618170466521736
1.052620670398271,0.7913942020096129,0.898230192889767
-1.6931945374641382,0.3901602998406958,-0.318404828670385
1.3529442087582224,-1.9169346376305774,-0.5410455314630929
1.503105977938198,-1.1144668332927432,-0.6883039490582699
0.8381038572840201,0.18954334875623724,1.4486961824717377
-1.1139991420556612,1.5938620063474471,-0.04492491027934219
0.5806836815469194,0.08923487321400798,0.15492579931411218
1.3958475713810725,-0.11138207787045057,-0.18341794587480617
1.1598790769553964,-0.11138207787045057,-0.19744255707434683
1.3743958900696471,-0.9138498822082848,-0.19744255707434683
-0.34173861484435897,0.5907772509251543,-0.21847947387365782
-0.513352065335759,0.7913942020096129,-0.34294789826958116
-0.5348037466471843,-0.11138207787045057,-0.5550701426626335
0.9882656264639963,-0.3119990289549091,-0.14485026507606938
0.7093937694154702,0.6910857264673836,-0.006357229480605382
-0.3202869335329336,-1.415392259919431,-0.8390685194533318
-1.564484449595588,1.3932450552629885,-0.17640564027503586
0.7952004946611702,0.6910857264673836,1.301437764876561
-0.34173861484435897,-1.3150837843772019,-0.9232161866505758
-0.6849655158271597,0.5907772509251543,-0.3850217318682031
1.052620670398271,-2.017243113172807,-0.767192387055686
-2.4654550646754414,-0.6129244555815969,0.15492579931411218
-0.2344802082872336,-0.3119990289549091,-0.8162785262540783
-0.6635138345157351,1.0923196286363006,-0.6655139558590163
0.9239105825297209,-0.11138207787045057,0.2022588621125619
-1.0067407354985358,1.0923196286363006,-0.29561483547113143
-1.9506147132012397,-0.7132329311238262,2.670590433231718
0.7952004946611702,1.2929365797207593,0.4354180233049253
-2.2723899328726156,0.6910857264673836,0.7632433100941881
0.7737488133497455,-0.11138207787045057,0.1812219453132509
0.9668139451525709,0.3901602998406958,0.7246756292954514
-0.47044870271290895,-0.7132329311238262,-0.8267969846537339
-1.9291630318898143,0.08923487321400798,2.225309027646302
-0.49190038402433434,1.19262810417853,-0.6146747402606814
0.1516500553184179,1.2929365797207593,3.0983410748177076
-2.7657786030353924,-0.11138207787045057,0.2583573069107245
-0.04141507648440746,-0.9138498822082848,-1.0196353886474179
-1.6717428561527135,1.0923196286363006,-0.6777854906586144
-0.38464197746720896,0.18954334875623724,-0.6444770390597052
0.4948769563012194,-1.8166261620883482,-1.073980757045638
-0.7064171971385851,-0.11138207787045057,-0.6725262614587866
0.9668139451525709,0.08923487321400798,0.23381423731152837
-0.42754534009005896,-0.011073602328221294,-0.5463047606629207
-2.8730370095925175,1.0923196286363006,-0.5726009066620594
-0.5562554279586097,-0.4123075044971384,-0.8828954294518965
-2.915940372215368,-0.011073602328221294,-0.5550701426626335
0.6664904067926202,-0.9138498822082848,-0.19568948067440425
0.1516500553184179,0.18954334875623724,-0.21497332107377265
0.8381038572840201,-0.5126159800393677,-0.018628764280203457
-1.4357743617270373,1.5938620063474471,-0.5340332258633226
-0.38464197746720896,-0.11138207787045057,-0.5182555382638393
-0.38464197746720896,-0.9138498822082848,2.374320521641421
0.06584333007271792,1.3932450552629885,2.891478059624483
-0.5991587905814597,1.0923196286363006,-0.4376140238664806
0.001488286138442538,-0.4123075044971384,-0.7198593242572363
-2.358196658118316,0.49046877538292505,0.44067725250475304
-0.34173861484435897,0.2898518242984665,-0.7233654770571215
0.8381038572840201,-1.3150837843772019,-0.37976250266837536
-0.7922239223842851,0.8917026775518422,0.1426542645145141
0.8166521759725955,-0.21169055341267984,-0.08524566747802158
-1.650291174841288,-0.6129244555815969,2.72668887802988
-0.38464197746720896,-0.4123075044971384,-0.6374647334599349
0.6021353628583448,-2.017243113172807,-1.0617092222460398
0.10874669269556791,1.2929365797207593,2.3445182228423973
-1.7790012627098388,1.19262810417853,-0.3482071274694089
0.8166521759725955,-1.3150837843772019,-0.2798371478716482
1.052620670398271,0.49046877538292505,0.4809980097034324
0.8810072199068709,1.0923196286363006,1.4837577104705895
-0.19157684566438285,1.0923196286363006,-0.036159528279629274
0.9024589012182955,-1.9169346376305774,-1.0143761594475902
-0.34173861484435897,0.08923487321400798,-0.43410787106659543
-2.915940372215368,0.2898518242984665,-0.3324294398699256
-0.6849655158271597,0.5907772509251543,-0.7005754838578679
-2.6585201964782668,1.3932450552629885,-0.3289232870700405
0.7737488133497455,0.18954334875623724,-0.011616458680433128
0.4519735936783694,0.2898518242984665,0.1409011881145715
-0.3202869335329336,0.18954334875623724,-0.7356370118567195
0.3018118244983933,0.08923487321400798,0.42840571770515495
1.0311689890868463,0.2898518242984665,0.8877117344901115
-0.1701251643529582,0.2898518242984665,-0.5918847470614278
0.6450387254811948,0.18954334875623724,1.5416092316686947
-0.14867348304153283,-0.3119990289549091,-0.7198593242572363
-2.6585201964782668,-0.6129244555815969,0.24433269571118385
0.5377803189240694,-1.1144668332927432,-1.0722276806456954
-2.6585201964782668,0.08923487321400798,-0.3552194330691792
1.1384273956439717,0.6910857264673836,0.37581342570687754
-0.513352065335759,0.2898518242984665,-0.36398481506889213
0.044391648761292535,-1.2147753088349726,-0.8951669642514946
-0.513352065335759,-0.6129244555815969,-0.9758084786488532
1.052620670398271,-0.11138207787045057,-0.40956480146739926
0.6879420881040448,0.49046877538292505,2.421653584439871
-0.3631902961557836,-0.11138207787045057,-0.6795385670585569
-0.14867348304153283,-0.7132329311238262,-0.9600307910493701
0.5377803189240694,-0.7132329311238262,-0.04317183387939961
-1.5430327682841627,1.3932450552629885,0.503788002902686
-0.40609365877863357,-0.11138207787045057,-0.8530931306528725
0.5806836815469194,0.2898518242984665,-0.10803566067727514
0.10874669269556791,-2.3181685397994944,-1.010870006647705
0.6021353628583448,0.6910857264673836,0.7246756292954514
0.516328637612644,1.3932450552629885,1.7309414828624934
-0.14867348304153283,-0.7132329311238262,2.2270621040462446
0.8166521759725955,-1.9169346376305774,-1.0932645974450064
0.38761854974409404,-1.5157007354616603,-1.0704746042457527
1.1384273956439717,-0.6129244555815969,0.24082654291129868
-2.336744976806891,1.0923196286363006,0.16369118131382507
-0.2773835709100836,1.2929365797207593,-0.4130709542672844
1.331492527446797,-2.3181685397994944,-0.5550701426626335
0.9239105825297209,0.6910857264673836,0.0444819861177295
0.7522971320383202,-0.11138207787045057,-0.2886025298713611
0.43052191236694404,-0.011073602328221294,0.48801031530320277
-0.49190038402433434,-0.3119990289549091,-0.7110939422575234
-1.7575495813984134,1.3932450552629885,1.5275846204691539
-0.2773835709100836,1.0923196286363006,-0.8110192970542506
0.7308454507268948,-0.4123075044971384,-0.4411201766663657
-1.0925474607442367,1.4935535308052177,-0.372750197068605
1.1384273956439717,-1.1144668332927432,-0.565588601062289
-0.1701251643529582,0.5907772509251543,2.8546634552256887
-1.736097900086989,0.6910857264673836,-0.6041562818610259
0.1516500553184179,-0.5126159800393677,-0.1606279526755526
-2.7872302843468173,0.18954334875623724,-0.3306763634699831
-2.637068515166842,-0.8135414066660555,0.25485115411083936
-0.40609365877863357,0.18954334875623724,-0.5620824482624039
0.47342527498979403,0.6910857264673836,0.04097583331784434
0.044391648761292535,-2.4184770153417237,-0.9845738606485662
-0.8351272850071351,0.5907772509251543,-0.6970693310579827
-1.6288394935298636,0.18954334875623724,-0.4551447878659064
-1.1139991420556612,0.7913942020096129,-0.33944174546969597
-0.40609365877863357,-0.11138207787045057,-0.8530931306528725
1.2242341208896717,0.6910857264673836,-0.3955401902678586
-0.38464197746720896,-0.3119990289549091,-0.7654393106557434
-0.7278688784500097,0.5907772509251543,-0.7128470186574659
-1.8433563066441143,-0.5126159800393677,1.8238545320594506
0.8166521759725955,0.6910857264673836,0.3302334393083704
-0.34173861484435897,0.2898518242984665,-0.6409708862598201
1.8892362415438486,-1.6160092110038897,-0.5778601358618871
0.7737488133497455,-0.8135414066660555,-0.09050489667784932
-0.3202869335329336,0.8917026775518422,-0.7391431646566047
1.2027824395782472,-0.7132329311238262,-0.04141875747945702
0.8810072199068709,-0.011073602328221294,0.5739110589003893
-0.7493205597614351,0.3901602998406958,-0.5603293718624613
1.2885891648239471,-1.2147753088349726,-0.3201579050703276
1.3100408461353725,0.49046877538292505,0.3091965225090594
-1.3928709991041874,0.3901602998406958,2.5285912448363685
0.8381038572840201,-1.1144668332927432,-0.19568948067440425
-0.5348037466471843,1.2929365797207593,-0.23601023787308364
-1.1139991420556612,-0.3119990289549091,1.4714861756709914
0.5592320002354948,0.3901602998406958,0.4564549401042363
0.5592320002354948,0.18954334875623724,-0.10102335507750482
-0.1701251643529582,0.6910857264673836,-0.842574672253217
0.6664904067926202,-0.011073602328221294,0.058506597317270155
-0.3202869335329336,-0.9138498822082848,-0.9652900202491977
0.40907023105551865,0.49046877538292505,-0.2588002310723372
-0.3631902961557836,-0.011073602328221294,-0.5796132122618297
1.1384273956439717,-1.716317686546119,-0.8145254498541358
-0.9852890541871112,0.8917026775518422,-0.29386175907118883
0.9239105825297209,0.3901602998406958,1.5468684608685224
-1.1139991420556612,-0.6129244555815969,0.007667381718935275
0.5806836815469194,0.7913942020096129,1.6012138292667424
1.0955240330211218,0.5907772509251543,0.47223262770371954
-0.38464197746720896,-0.6129244555815969,-0.9582777146494275
-0.1701251643529582,-0.5126159800393677,-0.733883935456777
0.08729501138414254,0.8917026775518422,1.8098299208599098
-0.3202869335329336,0.7913942020096129,-0.7356370118567195
-0.6635138345157351,0.7913942020096129,0.09707427811600697
-0.7493205597614351,-0.7132329311238262,-0.7724516162555137
0.6235870441697694,-0.21169055341267984,-0.2903556062713037
-2.5512617899211416,1.3932450552629885,-0.0028510766807202173
-0.40609365877863357,-0.8135414066660555,-0.9793146314487384
-0.42754534009005896,-0.011073602328221294,-0.6777854906586144
0.7308454507268948,-1.2147753088349726,-0.49020631586475805
-0.34173861484435897,0.08923487321400798,-0.48845323946481545
0.4519735936783694,0.5907772509251543,0.2495919249110116
-0.10577012041868285,-1.3150837843772019,-0.9091915754510351
-0.5991587905814597,-0.6129244555815969,-0.9021792698512648
2.0823013733466755,-1.8166261620883482,-0.8495869778529874
-0.19157684566438285,0.08923487321400798,-0.6847977962583847
0.9024589012182955,-1.5157007354616603,-1.0967707502448913
1.0740723517096964,-1.9169346376305774,-0.8864015822517816
0.001488286138442538,1.6941704818896763,1.0770439856839102
-2.5083584272982913,-0.9138498822082848,-0.11504796627704547
-0.5562554279586097,-0.11138207787045057,-0.8373154430533893
-1.1354508233670866,-0.3119990289549091,2.0289644708527326
-0.2559318895986582,0.9920111530940714,0.19875270931267672
-0.01996339517298284,0.3901602998406958,-0.9126977282509203
0.1301983740069933,-1.5157007354616603,-0.9670430966491403
-2.8086819656582422,0.08923487321400798,-0.45163863506602125
-0.12722180173010822,0.08923487321400798,0.48801031530320277
0.2589084618755433,1.4935535308052177,1.2768946952773648
-1.2212575486127866,-0.21169055341267984,0.22504885531181545
-0.7064171971385851,1.4935535308052177,0.7825271504935566
-0.5348037466471843,0.9920111530940714,-0.5761070594619445
1.052620670398271,-0.7132329311238262,-0.39378711386791604
0.044391648761292535,-0.4123075044971384,-0.9442531034498868
-0.08431843910725746,1.4935535308052177,2.1884944232475076
-0.2559318895986582,0.9920111530940714,-0.3464540510694663
0.36616686843266866,0.18954334875623724,-0.060702597878825426
-0.38464197746720896,1.5938620063474471,1.308450070476331
-0.19157684566438285,-0.4123075044971384,-0.9670430966491403
2.1681080985923753,-1.8166261620883482,-0.6760324142586718
-0.12722180173010822,0.9920111530940714,-0.32191098147027014
0.9024589012182955,0.08923487321400798,0.24082654291129868
0.7952004946611702,-0.7132329311238262,-0.21672639747371522
0.1516500553184179,1.2929365797207593,2.605726606433842
0.1731017366298433,0.6910857264673836,1.9763721788544553
-0.6206104718928843,0.49046877538292505,-0.7181062478572937
0.2160050992526933,1.0923196286363006,1.9237798868561777
-0.10577012041868285,1.2929365797207593,-0.5866255178616001
-1.2212575486127866,0.08923487321400798,-0.7110939422575234
0.1516500553184179,0.7913942020096129,0.4143811065056143
1.245685802201097,-0.7132329311238262,-0.5235147674636671
1.009717307775421,-2.3181685397994944,-0.8864015822517816
-0.6849655158271597,0.3901602998406958,-0.8005008386545951
-0.5562554279586097,1.19262810417853,0.19699963291273415
0.044391648761292535,-2.4184770153417237,-1.1125484378443746
-0.34173861484435897,-1.1144668332927432,-0.8741300474521835
1.2671374835125218,-0.21169055341267984,-0.5340332258633226
0.47342527498979403,0.5907772509251543,0.0006550761191649468
1.2671374835125218,-2.117551588715036,-0.6812916434584995
1.245685802201097,0.3901602998406958,0.3144557517088871
0.516328637612644,1.6941704818896763,1.5030415508699577
-2.336744976806891,-0.3119990289549091,-0.08173951467813641
-0.7064171971385851,1.5938620063474471,-0.5971439762612556
0.6235870441697694,-1.1144668332927432,0.025198145718361094
-0.8565789663185605,0.7913942020096129,0.0637658265170979
1.417299252692498,-2.117551588715036,-0.5200086146637819
-0.5777071092700343,-0.11138207787045057,-0.6953162546580401
0.2589084618755433,-1.5157007354616603,-0.9179569574507481
0.6879420881040448,0.3901602998406958,0.09181504891617921
0.7308454507268948,-1.3150837843772019,-1.0687215278458102
0.8166521759725955,0.2898518242984665,-0.03966568107951444
0.1516500553184179,-2.2178600642572652,-0.9530184854495997
1.2885891648239471,-2.4184770153417237,-0.7636862342558008
0.7093937694154702,-0.3119990289549091,-0.3867748082681457
1.1598790769553964,-2.3181685397994944,-0.5796132122618297
-0.40609365877863357,-0.011073602328221294,-0.9021792698512648
0.5806836815469194,0.3901602998406958,0.2723819181102652
-0.5348037466471843,0.5907772509251543,0.32322113370860006
-0.49190038402433434,1.0923196286363006,-0.5936378234613704
1.2671374835125218,-1.5157007354616603,-0.6549954974593608
1.052620670398271,0.9920111530940714,1.1559324236813266
1.0740723517096964,0.8917026775518422,2.523332015636541
-1.9291630318898143,0.18954334875623724,2.442690501239182
-0.3202869335329336,0.49046877538292505,-0.6041562818610259
-2.8730370095925175,0.6910857264673836,0.23732039011141354
0.7952004946611702,0.3901602998406958,0.28465345290986327
-0.06286675779583284,-1.1144668332927432,-1.1090422850444894
-0.5777071092700343,0.49046877538292505,-0.6812916434584995
-1.9720663945126642,0.3901602998406958,-0.3482071274694089
-0.5777071092700343,1.2929365797207593,-0.5094901562641264
-1.6717428561527135,0.3901602998406958,-0.5217616910637245
-0.7064171971385851,0.2898518242984665,-0.8548462070528151
0.5592320002354948,-2.117551588715036,-1.0494376874464417
0.2589084618755433,0.3901602998406958,0.3372457449081407
-0.14867348304153283,-1.1144668332927432,-0.9021792698512648
-0.38464197746720896,0.49046877538292505,-0.8513400542529299
0.7093937694154702,-0.7132329311238262,-0.4972186214645284
-0.9638373728756858,-0.6129244555815969,-0.7391431646566047
-1.1139991420556612,0.6910857264673836,-0.6076624346609111
-0.7707722410728605,1.5938620063474471,-0.16588718187538035
0.06584333007271792,-0.7132329311238262,1.5468684608685224
2.1895597799038007,-1.2147753088349726,-0.7356370118567195
-0.6635138345157351,0.9920111530940714,0.037469680517959174
-0.5348037466471843,-0.11138207787045057,-0.9144508046508629
0.43052191236694404,0.6910857264673836,3.431425590806798
-0.34173861484435897,-0.3119990289549091,-0.9933392426482791
0.5592320002354948,0.08923487321400798,-0.07122105627848092
-1.1569025046785113,1.6941704818896763,0.011173534518820439
-0.6420621532043097,0.2898518242984665,-0.6900570254582123
-0.3202869335329336,0.08923487321400798,-0.7601800814559156
1.0740723517096964,-1.5157007354616603,-0.6234401222603942
-0.08431843910725746,-1.3150837843772019,-1.0511907638463842
1.2027824395782472,-0.5126159800393677,-0.32191098147027014
0.28036014318696867,1.3932450552629885,1.55212769006835
0.5806836815469194,0.3901602998406958,2.2516051736454408
-0.14867348304153283,-0.6129244555815969,-0.7496616230562602
-0.08431843910725746,0.7913942020096129,2.186741346847565
1.1384273956439717,-2.3181685397994944,-0.8040069914544802
0.8810072199068709,0.8917026775518422,-0.034406451879686696
-2.4654550646754414,-0.4123075044971384,0.24257961931124128
0.2589084618755433,-0.3119990289549091,0.11285196571549021
0.8381038572840201,0.2898518242984665,2.0429890820522734
0.4948769563012194,0.6910857264673836,0.1899873273129638
-0.9852890541871112,1.4935535308052177,1.9676067968547422
-3.023198778772493,1.2929365797207593,0.58793567009993
1.2027824395782472,-0.3119990289549091,-0.22549177947342813
-1.3928709991041874,0.8917026775518422,2.8301203856264925
0.6235870441697694,0.08923487321400798,1.2979316120766757
1.0740723517096964,0.2898518242984665,0.3389988213080833
-0.40609365877863357,0.49046877538292505,-0.7058347130576956
0.34471518712124405,-1.3150837843772019,-1.119560743444145
-0.10577012041868285,-0.11138207787045057,-0.9933392426482791
-0.42754534009005896,-1.2147753088349726,-0.8601054362526429
-0.1701251643529582,-0.6129244555815969,-0.9389938742500591
0.001488286138442538,1.5938620063474471,2.526838168436426
-0.3631902961557836,0.08923487321400798,-0.5568232190625761
0.4519735936783694,0.08923487321400798,0.36178881450733685
-0.8565789663185605,0.5907772509251543,-0.5866255178616001
-0.513352065335759,-0.7132329311238262,-0.9004261934513222
-0.513352065335759,0.6910857264673836,-0.649736268259533
0.06584333007271792,-0.9138498822082848,-0.8986731170513796
-2.014969757135514,-0.7132329311238262,-0.20445486267411717
-0.38464197746720896,0.9920111530940714,0.4809980097034324
0.5592320002354948,0.7913942020096129,2.425159737239756
1.1598790769553964,0.6910857264673836,0.3372457449081407
-1.907711350578389,0.8917026775518422,0.22680193171175803
1.3529442087582224,-0.11138207787045057,-0.08875182027790673
1.009717307775421,0.18954334875623724,1.2821539244771925
-0.47044870271290895,0.18954334875623724,-0.6339585806600497
0.2160050992526933,0.7913942020096129,2.9230334348234495
0.8810072199068709,1.0923196286363006,1.741459941262149
0.4519735936783694,0.6910857264673836,0.17245656331353798
0.5377803189240694,0.08923487321400798,1.560893072068063
0.38761854974409404,-1.8166261620883482,-1.0704746042457527
-0.6206104718928843,1.5938620063474471,0.3968503425061885
-0.8780306476299858,-0.11138207787045057,-0.6900570254582123
0.8166521759725955,-1.5157007354616603,-1.0582030694461546
0.5377803189240694,-0.11138207787045057,0.13564195891474376
-0.5348037466471843,0.2898518242984665,-0.5988970526611981
0.001488286138442538,-1.2147753088349726,-1.0266476942471883
-0.3202869335329336,-0.011073602328221294,-0.8197846790539635
-0.01996339517298284,0.8917026775518422,2.6460473636325217
-0.06286675779583284,-0.6129244555815969,-0.5007247742644135
0.36616686843266866,0.2898518242984665,0.20751809131238963
-0.44899702140148434,0.18954334875623724,1.8378791432589912
1.0955240330211218,0.08923487321400798,1.3102031468762738
-0.01996339517298284,-0.8135414066660555,-0.7742046926554563
0.02293996744986792,-0.6129244555815969,0.9350447972885612
-2.958843734838218,1.3932450552629885,0.09006197251623663
-0.7707722410728605,1.5938620063474471,-0.051937215879112514
-0.5991587905814597,-0.9138498822082848,0.6703302608972314
-0.6420621532043097,-0.011073602328221294,-0.8758831238521261
0.8166521759725955,-0.4123075044971384,0.39334418970630336
-0.2344802082872336,0.3901602998406958,-0.7969946858547099
1.052620670398271,-2.117551588715036,-0.7321308590568344
0.5592320002354948,-0.6129244555815969,0.02695122211830368
-1.5001294056613128,1.3932450552629885,-0.1518625706758397
0.8810072199068709,-0.8135414066660555,-0.414824030667227
-0.6420621532043097,0.6910857264673836,-0.5638355246623465
0.8381038572840201,0.2898518242984665,1.699386107663527
0.5377803189240694,-1.2147753088349726,-1.098523826644834
-1.8433563066441143,-0.11138207787045057,3.1579456724157553
-1.371419317792762,1.5938620063474471,-0.4551447878659064
0.9668139451525709,-1.014158357750514,-0.18341794587480617
1.9535912854781248,-2.017243113172807,-0.7514146994562028
0.5806836815469194,0.6910857264673836,0.22680193171175803
0.001488286138442538,-0.11138207787045057,-0.6514893446594756
-2.679971877789692,0.3901602998406958,-0.2289979322733133
1.5460093405610487,-2.2178600642572652,-0.5778601358618871
0.9882656264639963,-0.5126159800393677,-0.25354100187250944
0.516328637612644,0.2898518242984665,0.08129659051652373
0.7737488133497455,0.9920111530940714,0.5546272185010209
0.8166521759725955,-0.011073602328221294,0.2495919249110116
0.6450387254811948,-1.2147753088349726,-0.31139252307061466
-0.2344802082872336,0.8917026775518422,-0.5077370798641838
0.5806836815469194,0.9920111530940714,1.33474621647547
-0.06286675779583284,-2.3181685397994944,-1.0301538470470732
-0.9638373728756858,1.2929365797207593,-0.5936378234613704
1.8677845602324248,-1.8166261620883482,-0.758427005055973
0.6450387254811948,-1.8166261620883482,-1.0406723054467288
1.2027824395782472,-0.4123075044971384,-0.5726009066620594
0.9239105825297209,-0.7132329311238262,-0.034406451879686696
-0.49190038402433434,-0.21169055341267984,-0.9249692630505184
0.28036014318696867,0.6910857264673836,2.1394082840491153
-0.47044870271290895,-0.6129244555815969,-0.9319815686502887
1.1598790769553964,1.2929365797207593,1.1682039584809247
-0.6420621532043097,0.6910857264673836,0.13213580611485862
-0.6849655158271597,1.4935535308052177,-0.09050489667784932
-0.2130285269758082,0.08923487321400798,-0.3447009746695237
-1.7146462187755636,1.2929365797207593,0.2618634597106097
0.6235870441697694,0.7913942020096129,0.30569036970917424
-0.34173861484435897,0.6910857264673836,-0.3306763634699831
1.8463328789209994,-1.8166261620883482,-0.7952416094547673
-0.19157684566438285,0.7913942020096129,-0.7742046926554563
0.6664904067926202,0.6910857264673836,0.22680193171175803
1.1813307582668218,0.5907772509251543,-0.18517102227474874
-0.5348037466471843,0.3901602998406958,-0.9144508046508629
0.40907023105551865,0.3901602998406958,0.005914305318992693
-0.8565789663185605,-0.4123075044971384,-0.7777108454553415
0.8381038572840201,-0.4123075044971384,-0.0536902922790551
-1.0925474607442367,0.6910857264673836,-0.3324294398699256
-0.44899702140148434,-0.5126159800393677,-0.7075877894576382
0.7093937694154702,0.6910857264673836,-0.04317183387939961
0.38761854974409404,0.6910857264673836,0.19524655651279155
1.503105977938198,-1.1144668332927432,-0.725118553457064
1.3743958900696471,-1.014158357750514,-0.5901316706614852
-0.44899702140148434,-0.11138207787045057,-0.9039323462512074
0.47342527498979403,0.5907772509251543,0.2706288417103226
-0.7493205597614351,0.6910857264673836,-0.6514893446594756
-0.7278688784500097,1.6941704818896763,0.3950972661062459
1.1384273956439717,-1.9169346376305774,-0.7531677758561454
-0.01996339517298284,-1.014158357750514,-0.8285500610536763
0.044391648761292535,-1.716317686546119,-1.0582030694461546
0.5806836815469194,0.08923487321400798,0.2197896261119877
-0.2559318895986582,0.2898518242984665,-0.5392924550631504
0.23745678056411867,-1.8166261620883482,-1.0792399862454656
0.2160050992526933,0.7913942020096129,1.3592892860746661
0.40907023105551865,0.18954334875623724,0.0444819861177295
0.47342527498979403,-2.117551588715036,-1.065215375045925
0.7737488133497455,0.3901602998406958,0.44243032890469564
-0.42754534009005896,0.5907772509251543,-0.15536872347572486
1.331492527446797,0.18954334875623724,0.4231464885053272
-2.8086819656582422,-0.4123075044971384,0.19349348011284898
-0.5991587905814597,0.18954334875623724,-0.7496616230562602
-0.5777071092700343,1.19262810417853,0.06727197931698306
1.4816542966267725,-2.3181685397994944,-0.49020631586475805
-0.38464197746720896,0.8917026775518422,-0.6269462750602794
1.4816542966267725,-1.415392259919431,-0.48670016306487285
-0.47044870271290895,0.08923487321400798,-0.1711464110752081
-0.5348037466471843,-1.415392259919431,-0.9319815686502887
-0.5562554279586097,0.49046877538292505,-0.8390685194533318
-1.8004529440212635,-0.5126159800393677,-0.5165024618638968
0.28036014318696867,0.2898518242984665,-0.1536156470757823
0.8166521759725955,-0.7132329311238262,-0.051937215879112514
0.516328637612644,0.08923487321400798,0.011173534518820439
0.7737488133497455,-0.9138498822082848,-0.22373870307348556
0.7522971320383202,0.6910857264673836,0.14791349371434184
-0.5562554279586097,0.08923487321400798,-0.6690201086589014
-0.7278688784500097,1.3932450552629885,-0.6024032054610833
1.1813307582668218,1.19262810417853,-0.0028510766807202173
1.0955240330211218,-0.3119990289549091,0.3389988213080833
-0.49190038402433434,0.18954334875623724,-0.8285500610536763
-0.7278688784500097,0.08923487321400798,-0.7444023938564325
-0.2559318895986582,1.2929365797207593,-0.5182555382638393
1.009717307775421,-1.3150837843772019,-0.3587255858690644
-0.513352065335759,-0.11138207787045057,-0.8005008386545951
0.6450387254811948,0.6910857264673836,2.6670842804318324
0.38761854974409404,-1.3150837843772019,-1.0617092222460398
0.7522971320383202,0.49046877538292505,0.44243032890469564
0.43052191236694404,-0.011073602328221294,0.07603736131669597
-0.5562554279586097,0.7913942020096129,-0.4937124686646432
0.8595555385954455,0.7913942020096129,1.0717847564840826
-0.8565789663185605,-0.4123075044971384,3.1421679848162722
-2.444003383364016,-0.011073602328221294,-0.6742793378587292
0.38761854974409404,0.6910857264673836,0.22329577891187288
0.8166521759725955,0.18954334875623724,2.470739723638263
-0.8994823289414104,-0.6129244555815969,0.4757387805036047
-0.6206104718928843,-0.011073602328221294,-0.6514893446594756
-0.6206104718928843,0.6910857264673836,-0.6216870458604516
-0.7278688784500097,0.08923487321400798,-0.7373900882566621
0.06584333007271792,1.2929365797207593,1.229561632478915
-1.242709229924212,1.4935535308052177,0.2618634597106097
1.5460093405610487,-2.017243113172807,-0.7146000950574085
1.8677845602324248,-2.4184770153417237,-0.884648505851839
1.0740723517096964,-0.4123075044971384,-0.4411201766663657
0.8381038572840201,-0.3119990289549091,-0.27107176587193527
-0.8351272850071351,1.0923196286363006,0.5546272185010209
0.7737488133497455,0.49046877538292505,-0.036159528279629274
-0.19157684566438285,1.19262810417853,0.25309807771089676
-0.47044870271290895,-0.8135414066660555,-0.8618585126525854
-0.2988352522215082,0.6910857264673836,-0.6812916434584995
-0.44899702140148434,0.49046877538292505,0.780774074093614
0.06584333007271792,1.5938620063474471,2.966860344822014
0.43052191236694404,0.6910857264673836,-0.19744255707434683
0.6450387254811948,-1.8166261620883482,-1.086252291845236
-0.8565789663185605,0.6910857264673836,-0.30963944667067206
-0.14867348304153283,-0.7132329311238262,-0.6111685874607962
-0.6849655158271597,-0.011073602328221294,-0.7514146994562028
-0.47044870271290895,-0.21169055341267984,-0.8373154430533893
-0.2988352522215082,-0.9138498822082848,-0.7461554702563751
1.2671374835125218,0.18954334875623724,-0.07472720907836608
0.40907023105551865,0.8917026775518422,0.7281817820953366
1.0311689890868463,0.5907772509251543,0.01993891651853335
-0.513352065335759,0.7913942020096129,-0.5918847470614278
-0.6635138345157351,0.08923487321400798,-0.7023285602578104
0.6021353628583448,-1.2147753088349726,-1.0091169302477623
1.8034295162981486,-2.2178600642572652,-0.691810101858155
0.38761854974409404,1.0923196286363006,1.8922245116572112
0.6021353628583448,0.08923487321400798,-0.0642087506787106
-0.34173861484435897,0.2898518242984665,-0.6322055042601072
2.1681080985923753,-2.017243113172807,-0.8320562138535615
-0.7278688784500097,0.9920111530940714,-0.1413441122761842
0.1516500553184179,0.6910857264673836,2.7003927320307417
-0.38464197746720896,0.49046877538292505,-0.6251931986603368
-0.513352065335759,0.2898518242984665,-0.6146747402606814
-0.513352065335759,0.6910857264673836,-0.9091915754510351
0.7093937694154702,1.0923196286363006,1.8869652824573835
-0.6420621532043097,1.5938620063474471,-0.7636862342558008
0.8166521759725955,-1.415392259919431,-0.34294789826958116
0.001488286138442538,-1.1144668332927432,-0.9425000270499442
0.7308454507268948,-1.415392259919431,-1.0266476942471883
-0.9423856915642604,0.6910857264673836,-0.2903556062713037
-0.2344802082872336,-0.4123075044971384,-1.0371661526468436
0.6450387254811948,0.18954334875623724,2.1639513536483115
1.1598790769553964,-2.3181685397994944,-0.6251931986603368
0.4519735936783694,0.6910857264673836,0.004161228919050111
-0.3631902961557836,0.49046877538292505,-0.8215377554539061
0.06584333007271792,-1.415392259919431,-1.0143761594475902
-1.1139991420556612,1.0923196286363006,-0.16413410547543777
0.7952004946611702,0.6910857264673836,0.09532120171606438
0.1731017366298433,0.5907772509251543,2.4321720428395266
0.9239105825297209,-0.7132329311238262,0.02169199291847593
-0.2559318895986582,-0.3119990289549091,-0.863611589052528
-0.38464197746720896,0.2898518242984665,-0.7233654770571215
-0.49190038402433434,0.5907772509251543,-0.6024032054610833
0.9453622638411455,1.0923196286363006,0.5651456769006764
-1.242709229924212,-0.11138207787045057,1.0349701520852883
-2.722875240412542,0.3901602998406958,0.1899873273129638
0.08729501138414254,1.0923196286363006,1.9623475676549145
-0.34173861484435897,0.08923487321400798,-0.704081636657753
0.02293996744986792,1.4935535308052177,1.313709299676159
0.4519735936783694,-0.21169055341267984,0.34601112690785363
-0.49190038402433434,0.9920111530940714,-0.42358941266693995
0.40907023105551865,0.6910857264673836,0.07077813211686823
-1.8433563066441143,0.3901602998406958,2.057013693251814
-0.19157684566438285,1.19262810417853,-0.5603293718624613
0.9882656264639963,0.8917026775518422,0.3986034189061311
0.06584333007271792,-0.9138498822082848,-1.0091169302477623
0.6450387254811948,1.2929365797207593,1.4714861756709914
0.5806836815469194,0.49046877538292505,0.30744344610911684
0.7522971320383202,0.49046877538292505,0.35302343250762397
-1.1783541859899367,0.9920111530940714,0.5826764409001022
-1.049644098121386,1.2929365797207593,-0.2658125366721075
0.7093937694154702,1.0923196286363006,1.0209455408857477
0.5806836815469194,-0.21169055341267984,-0.22724485587337073
-0.6635138345157351,1.19262810417853,0.6931202540964849
-2.8730370095925175,1.5938620063474471,-0.3026271410709018
-1.5215810869727382,-0.6129244555815969,2.158692124448484
0.9453622638411455,-0.11138207787045057,-0.5340332258633226
-0.2344802082872336,0.2898518242984665,-0.17640564027503586
-0.3202869335329336,-1.1144668332927432,-0.8741300474521835
-0.5991587905814597,0.08923487321400798,-0.7110939422575234
-0.2559318895986582,0.08923487321400798,-0.28334330067153335
-0.513352065335759,-0.7132329311238262,-0.8688708182523558
-0.2344802082872336,0.08923487321400798,1.4837577104705895
0.9453622638411455,-0.9138498822082848,-0.1518625706758397
-0.38464197746720896,0.49046877538292505,-0.6900570254582123
-2.2723899328726156,-0.21169055341267984,-0.10978873707721773
-0.42754534009005896,-0.011073602328221294,-0.5235147674636671
-0.7278688784500097,-0.11138207787045057,0.8298602132920063
0.3018118244983933,-1.1144668332927432,-0.9985984718481068
-0.5562554279586097,0.5907772509251543,0.7614902336942456
0.40907023105551865,0.18954334875623724,0.07954351411658114
1.5674610218724725,-1.3150837843772019,-0.8338092902535041
-1.1139991420556612,1.0923196286363006,0.014679687318705604
1.1169757143325463,0.5907772509251543,2.2936790072440627
0.10874669269556791,0.6910857264673836,-0.1027764314774474
0.7737488133497455,-0.7132329311238262,-0.13608488307635647
-1.821904625332689,-0.5126159800393677,0.4459364817045808
-1.1569025046785113,0.3901602998406958,0.7106510180959107
-0.5991587905814597,0.9920111530940714,-0.19919563347428942
-0.49190038402433434,0.5907772509251543,-0.6357116570599923
0.8166521759725955,1.2929365797207593,2.3936043620407896
-0.49190038402433434,0.08923487321400798,-0.7724516162555137
0.9882656264639963,0.9920111530940714,0.8947240400898818
1.0311689890868463,-1.5157007354616603,-0.8320562138535615
0.1945534179412679,0.2898518242984665,-0.050184139479169936
0.6879420881040448,-0.011073602328221294,0.12687657691503085
-0.40609365877863357,-0.011073602328221294,-0.754920852256088
-0.14867348304153283,1.0923196286363006,1.2996846884766182
-0.513352065335759,0.6910857264673836,-0.7110939422575234
-0.08431843910725746,-0.6129244555815969,-0.6655139558590163
-0.6206104718928843,0.3901602998406958,-0.5690947538621742
-0.44899702140148434,0.2898518242984665,-0.8548462070528151
-0.34173861484435897,0.6910857264673836,-0.5638355246623465
1.1598790769553964,1.0923196286363006,1.5293376968690966
-0.3631902961557836,0.08923487321400798,-0.8390685194533318
-0.7922239223842851,0.7913942020096129,-0.1115418134771603
0.10874669269556791,1.3932450552629885,0.34601112690785363
-0.6849655158271597,0.8917026775518422,-0.19218332787451908
1.0955240330211218,-1.415392259919431,-0.4744286282652748
-0.2773835709100836,-0.3119990289549091,-0.8671177418524132
-2.16513152631549,-0.5126159800393677,-0.7181062478572937
0.9239105825297209,-0.8135414066660555,-0.4007994194676864
-0.7064171971385851,-0.8135414066660555,0.7649963864941307
2.14665641728095,-2.2178600642572652,-0.565588601062289
-1.2641609112356367,0.7913942020096129,-0.11680104267698806
0.5377803189240694,1.0923196286363006,3.1123656860172484
-0.8780306476299858,1.4935535308052177,0.0830496669164663
0.9882656264639963,1.19262810417853,-0.008110305880547964
-0.8136756036957105,0.6910857264673836,0.22154270251193028
-1.199805867301362,-0.3119990289549091,2.523332015636541
-0.6849655158271597,-0.6129244555815969,-0.49897169786447093
1.1598790769553964,-2.2178600642572652,-0.704081636657753
-2.0364214384469395,0.18954334875623724,-0.08349259107807899
-1.6288394935298636,-0.5126159800393677,0.27413499451020773
-0.40609365877863357,0.49046877538292505,-0.6514893446594756
-0.8351272850071351,1.2929365797207593,-0.4270955654668251
0.9239105825297209,0.5907772509251543,0.11635811851537536
0.7737488133497455,0.6910857264673836,0.037469680517959174
0.36616686843266866,-0.011073602328221294,0.1707034869135954
0.08729501138414254,0.2898518242984665,1.611732287666398
1.0955240330211218,-1.5157007354616603,-0.6357116570599923
1.009717307775421,-1.415392259919431,-0.16413410547543777
-0.6635138345157351,0.49046877538292505,-0.6234401222603942
0.6235870441697694,-1.014158357750514,0.02695122211830368
-0.2559318895986582,0.18954334875623724,0.1917404037129064
0.7308454507268948,-1.2147753088349726,-0.5252678438636097
0.1731017366298433,-0.3119990289549091,0.44243032890469564
-0.40609365877863357,-0.6129244555815969,-0.8513400542529299
0.4519735936783694,1.19262810417853,2.5846896896345313
-0.1701251643529582,-0.5126159800393677,-0.7373900882566621
-0.8994823289414104,0.7913942020096129,0.12687657691503085
-0.7493205597614351,0.18954334875623724,-0.6777854906586144
0.8810072199068709,-0.11138207787045057,0.2022588621125619
-0.2344802082872336,0.08923487321400798,-0.372750197068605
0.06584333007271792,-1.3150837843772019,-0.9389938742500591
0.7308454507268948,0.5907772509251543,0.2390734665113561
-2.5298101086097167,-0.3119990289549091,0.5563802949009635
-0.9423856915642604,-0.5126159800393677,-0.6532424210594182
-0.10577012041868285,-1.415392259919431,-0.8916608114516094
1.5889127031838979,-2.2178600642572652,-0.8460808250531022
0.6235870441697694,1.4935535308052177,1.5240784676692687
1.3958475713810725,-1.716317686546119,-0.6041562818610259
1.1384273956439717,-0.3119990289549091,-0.31489867587049986
1.9321396041666994,-1.415392259919431,-0.8776362002520687
1.331492527446797,-0.011073602328221294,0.3968503425061885
-1.8433563066441143,-0.7132329311238262,1.1857347224803505
-0.49190038402433434,0.6910857264673836,-0.5585762954625187
0.9453622638411455,-0.7132329311238262,-0.3359355926698108
0.9882656264639963,0.2898518242984665,2.425159737239756
0.516328637612644,0.18954334875623724,-0.023887993480031202
-0.513352065335759,0.7913942020096129,-0.47968785746510256
-0.8351272850071351,1.3932450552629885,0.0006550761191649468
-0.14867348304153283,0.49046877538292505,-0.8145254498541358
1.009717307775421,-0.11138207787045057,-0.3885278846680883
0.6235870441697694,0.08923487321400798,-0.03265337547974411
-0.19157684566438285,1.0923196286363006,-0.5498109134628059
-0.01996339517298284,0.08923487321400798,-0.9179569574507481
-0.40609365877863357,0.18954334875623724,-0.9197100338506906
0.8381038572840201,-1.5157007354616603,-1.073980757045638
-1.8004529440212635,0.08923487321400798,-0.6549954974593608
-0.9209340102528358,1.4935535308052177,-0.200948709874232
0.001488286138442538,0.18954334875623724,-0.830303137453619
-1.2212575486127866,0.08923487321400798,1.9991621720537087
0.2160050992526933,0.6910857264673836,0.16018502851393993
-1.7575495813984134,0.3901602998406958,1.1629447292810968
-0.34173861484435897,-0.3119990289549091,-0.9389938742500591
0.001488286138442538,0.5907772509251543,-0.8565992834527577
-0.5348037466471843,0.08923487321400798,-0.830303137453619
0.5592320002354948,-2.3181685397994944,-1.052943840246327
-1.0925474607442367,0.6910857264673836,-0.47793478106515996
-0.14867348304153283,-0.4123075044971384,-0.9091915754510351
-0.6206104718928843,-0.3119990289549091,-0.7654393106557434
0.8166521759725955,0.2898518242984665,1.581929988867374
-0.5991587905814597,-0.4123075044971384,-0.8267969846537339
0.6664904067926202,0.7913942020096129,2.1516798188487134
-0.2988352522215082,-0.6129244555815969,-0.842574672253217
0.23745678056411867,0.49046877538292505,0.11986427131526053
1.3529442087582224,0.3901602998406958,0.4669733985038918
0.5806836815469194,-0.21169055341267984,-0.1711464110752081
-0.513352065335759,0.49046877538292505,0.10934581291560504
-2.7872302843468173,-0.8135414066660555,-0.5200086146637819
-0.19157684566438285,0.7913942020096129,-0.49195939226470065
-2.8086819656582422,-0.5126159800393677,0.14440734091445667
-0.6635138345157351,-0.11138207787045057,-0.7794639218552841
0.5592320002354948,0.08923487321400798,0.3968503425061885
-0.04141507648440746,0.6910857264673836,2.8634288372254018
0.7308454507268948,0.7913942020096129,2.593455071634244
0.5592320002354948,-1.6160092110038897,-0.9845738606485662
-1.9720663945126642,-0.6129244555815969,-0.6357116570599923
0.8595555385954455,-0.6129244555815969,0.032210451318131425
-0.7064171971385851,0.8917026775518422,-0.09927027867756223
-0.6849655158271597,1.2929365797207593,-0.33944174546969597
-0.7493205597614351,0.9920111530940714,-0.33944174546969597
1.4602026153153471,-2.3181685397994944,-0.6953162546580401
-0.3631902961557836,-0.011073602328221294,-0.6374647334599349
-1.2641609112356367,0.8917026775518422,-0.19218332787451908
-0.06286675779583284,-0.7132329311238262,-0.6655139558590163
-2.894488690903943,0.9920111530940714,-0.6462301154596478
-0.44899702140148434,0.3901602998406958,-0.1115418134771603
-0.42754534009005896,0.2898518242984665,-0.5603293718624613
-0.47044870271290895,1.19262810417853,-0.7952416094547673
-2.637068515166842,0.5907772509251543,-0.006357229480605382
0.9882656264639963,-1.9169346376305774,-0.6725262614587866
0.4519735936783694,1.0923196286363006,1.8378791432589912
1.3529442087582224,-0.8135414066660555,-0.42183633626699735
1.996494648100974,-2.3181685397994944,-0.6357116570599923
-1.0925474607442367,1.3932450552629885,-0.221985626673543
-0.5562554279586097,0.7913942020096129,-0.1325787302764713
-0.1701251643529582,0.7913942020096129,0.38808496050647556
0.7952004946611702,-0.7132329311238262,0.09006197251623663
-2.5512617899211416,-0.21169055341267984,-0.616427816660624
-0.5562554279586097,1.0923196286363006,-0.03791260467957186
0.7308454507268948,0.6910857264673836,0.34951727970773877
-0.5348037466471843,0.9920111530940714,-0.5147493854639542
-0.12722180173010822,-0.21169055341267984,-0.9179569574507481
-0.10577012041868285,-1.2147753088349726,-0.9074384990510925
0.1301983740069933,0.8917026775518422,2.376073598041364
0.5806836815469194,-1.8166261620883482,-0.9863269370485088
-0.5991587905814597,0.5907772509251543,-0.704081636657753
-0.47044870271290895,1.0923196286363006,0.43191187050504015
1.0311689890868463,0.7913942020096129,1.3645485152744938
0.9024589012182955,0.3901602998406958,1.8098299208599098
-0.19157684566438285,-0.3119990289549091,-0.7724516162555137
0.7737488133497455,-0.7132329311238262,-0.2588002310723372
-0.6206104718928843,-0.11138207787045057,-0.7917354566548822
-0.42754534009005896,0.49046877538292505,-0.8706238946522984
-0.5777071092700343,0.3901602998406958,-0.872376971052241
-0.5562554279586097,0.5907772509251543,-0.5463047606629207
0.6021353628583448,-1.3150837843772019,-0.3464540510694663
1.8892362415438486,-2.017243113172807,-0.7934885330548247
-1.4143226804156128,0.2898518242984665,-0.4691693990654471
-0.5562554279586097,1.5938620063474471,-0.43936710026642317
-2.4654550646754414,0.18954334875623724,-0.6251931986603368
-0.44899702140148434,-0.6129244555815969,-1.0284007706471308
-1.6717428561527135,-0.3119990289549091,-0.8671177418524132
0.5592320002354948,0.6910857264673836,1.6187445932661682
0.5806836815469194,0.3901602998406958,0.6370218092983222
-1.3499676364813373,-0.7132329311238262,-0.029147222679858947
-2.637068515166842,1.0923196286363006,0.6054664340993557
0.7952004946611702,0.2898518242984665,0.14966657011428441
-0.49190038402433434,0.3901602998406958,-0.7706985398555711
2.2539148238380755,-1.8166261620883482,-0.5690947538621742
-0.9423856915642604,-0.5126159800393677,0.7912925324932695
-0.14867348304153283,1.0923196286363006,-0.2307510086732559
0.4948769563012194,-1.8166261620883482,-1.031906923447016
0.5377803189240694,1.2929365797207593,1.5714115304677185
-1.5215810869727382,0.6910857264673836,-0.6970693310579827
0.5592320002354948,1.4935535308052177,1.5416092316686947
-0.49190038402433434,0.2898518242984665,-0.7812169982552266
2.23246314252665,-1.6160092110038897,-0.6076624346609111
-1.1783541859899367,1.4935535308052177,-0.5007247742644135
-0.12722180173010822,0.2898518242984665,-0.5726009066620594
1.7176227910524486,-2.017243113172807,-0.49020631586475805
0.7737488133497455,0.5907772509251543,1.3102031468762738
-0.6420621532043097,-0.011073602328221294,-0.733883935456777
0.4948769563012194,0.49046877538292505,0.047988138917614664
-0.9209340102528358,-0.21169055341267984,0.5844295173000448
0.8810072199068709,0.2898518242984665,0.19524655651279155
0.8810072199068709,0.3901602998406958,1.9851375608541681
-2.8515853282810926,0.6910857264673836,-0.47618170466521736
-1.3070642738584874,-0.6129244555815969,0.15667887571405475
1.009717307775421,-0.8135414066660555,-0.1904302514745765
-0.06286675779583284,1.5938620063474471,2.093828297650608
0.06584333007271792,1.4935535308052177,0.6037133576994131
1.9321396041666994,-1.1144668332927432,-0.6251931986603368
0.10874669269556791,-1.3150837843772019,-0.9319815686502887
-0.3631902961557836,-0.3119990289549091,-0.8232908318538487
-2.5727134712325666,1.0923196286363006,0.4389241761048105
-0.42754534009005896,-1.014158357750514,-0.8408215958532744
1.0740723517096964,0.3901602998406958,1.254104702078111
0.9453622638411455,0.5907772509251543,0.08830889611629406
1.3100408461353725,-0.4123075044971384,-0.030900299079801533
0.7737488133497455,0.08923487321400798,0.2022588621125619
0.10874669269556791,-2.4184770153417237,-1.0599561458460973
-0.8780306476299858,1.5938620063474471,0.6107256632991835
0.9668139451525709,1.0923196286363006,0.151419646514227
-2.5727134712325666,0.5907772509251543,-0.43060171826671023
-1.564484449595588,-0.6129244555815969,0.8035640672928676
-0.7064171971385851,0.49046877538292505,-0.6777854906586144
-0.47044870271290895,-0.4123075044971384,-1.023141541447303
-0.3631902961557836,-0.21169055341267984,-0.8513400542529299
-1.5430327682841627,1.19262810417853,1.3154623760761015
0.6664904067926202,0.3901602998406958,0.014679687318705604
0.8166521759725955,0.9920111530940714,1.955335262055144
-0.34173861484435897,-0.7132329311238262,-0.7899823802549396
0.23745678056411867,-2.017243113172807,-0.9775615550487958
-0.6206104718928843,0.3901602998406958,-0.5778601358618871
-0.6206104718928843,0.3901602998406958,-0.7794639218552841
1.5889127031838979,-2.117551588715036,-0.6690201086589014
-1.049644098121386,-0.011073602328221294,3.024711866020119
-0.5348037466471843,0.18954334875623724,-0.7093408658575808
-0.5991587905814597,0.49046877538292505,-0.8355623666534467
-0.42754534009005896,0.2898518242984665,-0.6637608794590737
-0.513352065335759,-1.415392259919431,-1.010870006647705
-0.7278688784500097,1.3932450552629885,-0.21146716827388748
1.1598790769553964,-1.3150837843772019,-0.5165024618638968
-0.2130285269758082,-0.11138207787045057,-0.7654393106557434
0.5377803189240694,0.18954334875623724,0.30393729330923164
1.1598790769553964,-0.3119990289549091,-0.38326865546826056
-0.7493205597614351,0.5907772509251543,-0.8127723734541932
1.1813307582668218,1.2929365797207593,1.3908446612736325
-0.44899702140148434,-0.4123075044971384,-0.7636862342558008
-0.5991587905814597,0.6910857264673836,-0.7724516162555137
1.8677845602324248,-1.1144668332927432,-0.8162785262540783
2.0823013733466755,-1.3150837843772019,-0.8320562138535615
-1.8648079879555388,0.6910857264673836,-0.4972186214645284
0.36616686843266866,-1.8166261620883482,-1.0827461390453508
-2.3796483394297407,0.3901602998406958,-0.553317066262691
-0.5348037466471843,0.3901602998406958,-0.5778601358618871
-0.6206104718928843,0.6910857264673836,-0.7216124006571789
0.2160050992526933,-1.3150837843772019,-1.052943840246327
0.08729501138414254,1.19262810417853,0.6492933440979203
-0.2559318895986582,-0.8135414066660555,-0.9442531034498868
-0.06286675779583284,0.5907772509251543,-0.7005754838578679
-0.5777071092700343,0.2898518242984665,-0.8899077350516668
1.331492527446797,-1.6160092110038897,-0.8495869778529874
-0.2344802082872336,0.7913942020096129,-0.4972186214645284
2.0179463294123994,-1.5157007354616603,-0.5883785942615426
0.5806836815469194,-0.5126159800393677,-0.18692409867469134
0.7308454507268948,-1.415392259919431,-0.3026271410709018
0.7308454507268948,1.0923196286363006,1.4890169396704172
2.0823013733466755,-2.4184770153417237,-0.7023285602578104
1.3743958900696471,-0.7132329311238262,0.5055410793026286
-0.6420621532043097,1.3932450552629885,-0.4691693990654471
0.044391648761292535,0.49046877538292505,2.9493295808225883
-2.0364214384469395,-0.3119990289549091,-0.5831193650617149
0.10874669269556791,-1.3150837843772019,-0.9652900202491977
-0.513352065335759,0.18954334875623724,-0.7934885330548247
0.8595555385954455,0.6910857264673836,-0.060702597878825426
-2.143679845004065,0.2898518242984665,-0.2500348490726243
1.2885891648239471,-0.3119990289549091,-0.2921086826712463
0.9453622638411455,-1.3150837843772019,-0.009863382280490546
0.6235870441697694,0.3901602998406958,0.26887576531038
-1.0067407354985358,0.18954334875623724,1.166450882080982
0.6879420881040448,0.8917026775518422,0.7614902336942456
0.5806836815469194,-1.1144668332927432,-0.318404828670385
-1.2641609112356367,0.2898518242984665,-0.4060586486675141
-0.5562554279586097,0.08923487321400798,-0.7496616230562602
1.1384273956439717,-2.2178600642572652,-0.5936378234613704
0.5592320002354948,0.49046877538292505,1.6502999684651347
-0.2130285269758082,-1.415392259919431,-0.8320562138535615
-0.3631902961557836,0.08923487321400798,-0.2780840714717056
0.5806836815469194,-1.3150837843772019,-0.3482071274694089
-0.1701251643529582,-0.21169055341267984,-0.8811423530519539
-0.34173861484435897,-0.5126159800393677,-0.5988970526611981
-0.47044870271290895,-0.11138207787045057,-0.9039323462512074
0.2160050992526933,1.4935535308052177,1.645040739265307
-2.12222816369264,1.3932450552629885,-0.19744255707434683
0.5377803189240694,0.5907772509251543,-0.09401104947773449
0.6021353628583448,1.2929365797207593,1.1699570348808672
0.6021353628583448,-0.5126159800393677,-0.3990463430677438
0.6664904067926202,0.49046877538292505,0.12337042411514569
0.7952004946611702,-0.7132329311238262,0.06201275011715532
-1.0281924168099612,1.6941704818896763,-0.11680104267698806
1.0955240330211218,0.6910857264673836,1.1962531808800059
-0.8565789663185605,-0.011073602328221294,2.2743951668446942
-1.0710957794328113,1.0923196286363006,-0.3464540510694663
0.9024589012182955,-0.21169055341267984,0.5072941557025712
-0.7493205597614351,0.08923487321400798,-0.9021792698512648
1.0311689890868463,1.19262810417853,1.1629447292810968
0.5377803189240694,-2.017243113172807,-1.052943840246327
0.6021353628583448,-0.21169055341267984,-0.3692440442687199
1.052620670398271,-0.21169055341267984,-0.05719644507894026
-0.513352065335759,0.49046877538292505,-0.7163531714573511
0.044391648761292535,0.8917026775518422,0.9438101792882742
0.6235870441697694,0.18954334875623724,-0.0536902922790551
-0.8994823289414104,1.6941704818896763,0.12512350051508828
-0.9209340102528358,-0.3119990289549091,-0.5480578370628633
0.10874669269556791,-0.8135414066660555,-0.9775615550487958
-1.907711350578389,1.5938620063474471,-0.14835641787595452
-0.5348037466471843,-0.011073602328221294,-0.5936378234613704
0.47342527498979403,0.3901602998406958,0.17771579251336575
0.8381038572840201,-1.9169346376305774,-1.1107953614444321
0.7522971320383202,-0.011073602328221294,0.2197896261119877
1.052620670398271,0.6910857264673836,2.270889014044809
-0.1701251643529582,0.18954334875623724,-0.5427986078630355
-0.42754534009005896,0.3901602998406958,-0.9442531034498868
0.40907023105551865,0.49046877538292505,-0.27457791867182046
0.9882656264639963,0.5907772509251543,-0.008110305880547964
-1.3070642738584874,-0.8135414066660555,-0.41131787786734186
-1.7146462187755636,1.5938620063474471,1.5205723148693837
0.8381038572840201,-1.2147753088349726,-1.0687215278458102
-0.01996339517298284,0.3901602998406958,0.28290037650992067
-0.8351272850071351,-0.7132329311238262,1.1173647428825897
0.001488286138442538,-0.6129244555815969,3.189501047614722
-0.9423856915642604,1.2929365797207593,-0.3569725094691218
-0.8136756036957105,0.7913942020096129,0.002408152519107529
-0.5562554279586097,1.19262810417853,-0.4270955654668251
-0.49190038402433434,0.3901602998406958,-0.6988224074579253
0.9882656264639963,-0.5126159800393677,-0.27457791867182046
0.06584333007271792,0.7913942020096129,2.6495535164324067
-0.6849655158271597,0.9920111530940714,-0.6409708862598201
-0.6420621532043097,0.5907772509251543,-0.8583523598527003
0.6879420881040448,0.7913942020096129,1.5293376968690966
1.2671374835125218,-2.4184770153417237,-0.7110939422575234
-0.8994823289414104,0.18954334875623724,-0.5673416774622316
0.02293996744986792,-0.7132329311238262,-0.8338092902535041
-0.3631902961557836,-0.8135414066660555,-0.896920040651437
2.2539148238380755,-1.1144668332927432,-0.6076624346609111
0.7522971320383202,1.2929365797207593,1.9886437136540533
-1.1569025046785113,0.5907772509251543,-0.41833018346711215
1.009717307775421,0.08923487321400798,2.442690501239182
-0.6635138345157351,0.08923487321400798,-0.7233654770571215
-0.1701251643529582,0.49046877538292505,-0.16413410547543777
1.2671374835125218,0.18954334875623724,0.007667381718935275
-0.5348037466471843,0.6910857264673836,-0.8180316026540209
0.9668139451525709,-0.8135414066660555,-0.5673416774622316
-0.2988352522215082,0.3901602998406958,-0.6672670322589588
0.6021353628583448,0.18954334875623724,-0.19393640427446165
-0.7707722410728605,-0.6129244555815969,-0.5901316706614852
-0.3631902961557836,0.08923487321400798,-0.7777108454553415
-0.2559318895986582,0.6910857264673836,-0.2482817726726817
0.6450387254811948,-1.415392259919431,-1.0722276806456954
-0.38464197746720896,0.8917026775518422,0.10934581291560504
-0.5777071092700343,0.18954334875623724,-0.8005008386545951
-0.7493205597614351,-0.11138207787045057,-0.7075877894576382
-1.0710957794328113,0.7913942020096129,-0.5883785942615426
-0.7278688784500097,0.5907772509251543,-0.6111685874607962
1.1598790769553964,1.19262810417853,0.7351940876951069
0.6879420881040448,0.18954334875623724,-0.15536872347572486
2.2110114612152247,-1.5157007354616603,-0.6514893446594756
0.08729501138414254,1.19262810417853,1.9115083520565797
0.7952004946611702,0.5907772509251543,0.5809233645001596
0.7952004946611702,1.19262810417853,0.4634672457040066
-0.2773835709100836,0.08923487321400798,1.3119562232762163
-1.5215810869727382,0.9920111530940714,-0.22724485587337073
0.9668139451525709,0.9920111530940714,1.8028176152601396
0.9239105825297209,-2.3181685397994944,-1.0196353886474179
-0.8136756036957105,0.5907772509251543,-0.06946797987853834
0.2589084618755433,1.3932450552629885,2.9510826572225306
-1.242709229924212,0.18954334875623724,-0.6567485738593033
0.1731017366298433,0.6910857264673836,0.7439594696948197
0.23745678056411867,-0.11138207787045057,0.3127026753089446
-0.49190038402433434,0.18954334875623724,-0.8355623666534467
-0.7922239223842851,-0.11138207787045057,-0.4814409338650451
0.7308454507268948,-0.7132329311238262,-0.13608488307635647
1.052620670398271,0.18954334875623724,1.9307921924559481
0.5806836815469194,-1.6160092110038897,-1.0196353886474179
1.417299252692498,-2.117551588715036,-0.7969946858547099
0.7093937694154702,0.3901602998406958,1.024451693685633
1.009717307775421,-1.9169346376305774,-0.7636862342558008
0.6021353628583448,0.18954334875623724,0.5055410793026286
-0.9852890541871112,0.9920111530940714,0.7912925324932695
-0.8136756036957105,-0.3119990289549091,-0.7689454634556286
-2.6585201964782668,-0.6129244555815969,0.33198651570831295
-1.4786777243498874,-0.3119990289549091,1.518819238469441
0.34471518712124405,0.5907772509251543,0.2110242441122748
-1.0067407354985358,1.5938620063474471,0.407368800905844
0.32326350580981866,-2.4184770153417237,-1.0599561458460973
-1.8648079879555388,-0.11138207787045057,-0.7496616230562602
0.34471518712124405,0.5907772509251543,1.7256822536626657
0.9024589012182955,-0.11138207787045057,-0.06596182707865317
1.0740723517096964,-0.011073602328221294,0.12687657691503085
-0.14867348304153283,0.2898518242984665,-0.9565246382494849
-0.40609365877863357,-0.11138207787045057,-0.8583523598527003
-0.6206104718928843,1.2929365797207593,-0.3376886690697534
0.32326350580981866,-1.9169346376305774,-0.9302284922503461
0.7952004946611702,-1.9169346376305774,-1.044178458246614
1.0740723517096964,0.3901602998406958,0.21277732051221737
1.6318160658067487,-1.415392259919431,-0.7969946858547099
-0.2344802082872336,-0.6129244555815969,-0.5620824482624039
-0.34173861484435897,-0.11138207787045057,-0.8828954294518965
0.6879420881040448,0.5907772509251543,1.5433623080686372
-0.19157684566438285,0.2898518242984665,-0.179911793074921
0.6879420881040448,0.8917026775518422,0.32146805730865746
1.1598790769553964,0.9920111530940714,0.37230727290699234
0.38761854974409404,-0.011073602328221294,0.14440734091445667
1.1169757143325463,-1.716317686546119,-0.670773185058844
-0.14867348304153283,-0.4123075044971384,-0.809266220654308
0.6021353628583448,0.18954334875623724,0.919267109689078
-0.49190038402433434,-1.2147753088349726,-0.9372407978501165
0.516328637612644,-2.117551588715036,-1.0704746042457527
0.7737488133497455,0.7913942020096129,2.470739723638263
0.7093937694154702,-0.4123075044971384,-0.21847947387365782
-1.7575495813984134,0.49046877538292505,3.30345101361099
-0.6420621532043097,0.18954334875623724,0.8806994288903411
0.9882656264639963,-0.5126159800393677,-0.03791260467957186
-0.513352065335759,-0.9138498822082848,-0.9284754158504036
2.14665641728095,-1.6160092110038897,-0.6357116570599923
0.8166521759725955,-0.5126159800393677,-0.4831940102649877
1.1384273956439717,-0.7132329311238262,0.22329577891187288
-0.34173861484435897,-1.014158357750514,-0.9039323462512074
0.1516500553184179,0.6910857264673836,1.4925230924703023
0.6664904067926202,-2.017243113172807,-0.9652900202491977
-1.1139991420556612,1.3932450552629885,3.3560433056092673
1.331492527446797,-1.6160092110038897,-0.5340332258633226
-0.04141507648440746,-0.4123075044971384,-0.7128470186574659
-0.19157684566438285,0.8917026775518422,-0.23776331427302622
1.9750429667895502,-1.6160092110038897,-0.5918847470614278
0.5377803189240694,0.6910857264673836,0.11460504211543278
1.1813307582668218,-1.6160092110038897,-0.6076624346609111
0.9453622638411455,0.7913942020096129,0.17946886891330832
1.245685802201097,-0.7132329311238262,0.28290037650992067
0.6879420881040448,0.08923487321400798,2.5881958424344162
0.5377803189240694,0.2898518242984665,0.11635811851537536
0.4948769563012194,0.6910857264673836,0.032210451318131425
0.5806836815469194,-0.11138207787045057,-0.47968785746510256
-0.04141507648440746,1.5938620063474471,2.670590433231718
1.3100408461353725,0.49046877538292505,-0.2079610154740023
2.14665641728095,-2.3181685397994944,-0.7321308590568344
0.1731017366298433,0.8917026775518422,2.3515305284421677
1.3529442087582224,-1.1144668332927432,-0.6392178098598775
0.1516500553184179,-0.7132329311238262,0.3950972661062459
1.0955240330211218,0.6910857264673836,1.4206469600726563
1.2027824395782472,-2.117551588715036,-0.6514893446594756
0.5377803189240694,0.18954334875623724,0.11986427131526053
0.6879420881040448,-0.7132329311238262,-0.4533917114659638
1.1598790769553964,0.08923487321400798,0.46171416930406406
0.6021353628583448,-0.3119990289549091,0.6440341148980926
0.5806836815469194,0.5907772509251543,0.9858840128868961
0.8595555385954455,-0.6129244555815969,0.02870429851824626
0.43052191236694404,1.3932450552629885,2.6250104468332105
2.2110114612152247,-2.117551588715036,-0.6094155110608537
0.9453622638411455,-0.11138207787045057,0.4792449333034899
1.0311689890868463,1.2929365797207593,0.10759273651566245
0.34471518712124405,0.5907772509251543,0.835119442491834
1.824881197609574,-2.117551588715036,-0.5147493854639542
1.2671374835125218,-0.11138207787045057,-0.41833018346711215
0.1731017366298433,-0.4123075044971384,-0.025641069879973784
0.7308454507268948,1.2929365797207593,2.833626538426378
0.7093937694154702,-0.21169055341267984,0.1899873273129638
0.7308454507268948,0.6910857264673836,0.047988138917614664
0.6021353628583448,-1.1144668332927432,-0.09576412587767706
1.5460093405610487,-2.4184770153417237,-0.7286247062569492
0.9024589012182955,0.2898518242984665,0.07779043771663856
0.516328637612644,1.0923196286363006,1.6380284336655366
0.6235870441697694,0.7913942020096129,1.4679800228711062
1.3100408461353725,-2.3181685397994944,-0.7268716298570066
1.2242341208896717,-0.8135414066660555,-0.2921086826712463
0.5806836815469194,-0.11138207787045057,-0.33944174546969597
-1.8862596692669642,-0.5126159800393677,0.9122548040893076
0.8595555385954455,1.2929365797207593,2.1972598052472203
0.8595555385954455,-0.9138498822082848,-0.3271702106700979
1.052620670398271,-1.1144668332927432,-0.44988555866607866
0.9882656264639963,-1.716317686546119,-0.725118553457064
1.052620670398271,-1.8166261620883482,-0.6970693310579827
0.43052191236694404,0.5907772509251543,0.37406034930693494
0.8166521759725955,-0.7132329311238262,0.11285196571549021
0.8810072199068709,0.6910857264673836,0.25134500131095416
0.4948769563012194,0.49046877538292505,0.10583966011571987
0.40907023105551865,1.0923196286363006,1.3575362096747234
-1.2641609112356367,-0.7132329311238262,1.611732287666398
1.3743958900696471,-1.1144668332927432,-0.48845323946481545
0.7737488133497455,0.18954334875623724,0.0444819861177295
0.5806836815469194,0.3901602998406958,-0.3078863702707295
0.40907023105551865,-0.4123075044971384,0.4845041625033176
-0.8136756036957105,-0.011073602328221294,1.7852868512607136
-0.9423856915642604,0.7913942020096129,2.560146620035335
0.9024589012182955,0.18954334875623724,0.6370218092983222
2.1252047359695245,-1.6160092110038897,-0.8811423530519539
2.0823013733466755,-1.6160092110038897,-0.7233654770571215
-1.285612592547062,1.0923196286363006,1.4662269464711635
0.28036014318696867,1.19262810417853,1.9746191024545126
0.6879420881040448,0.08923487321400798,0.3950972661062459
0.9239105825297209,0.2898518242984665,0.5020349265027434
0.9882656264639963,-1.6160092110038897,-0.8267969846537339
0.8595555385954455,0.8917026775518422,2.560146620035335
0.38761854974409404,0.18954334875623724,0.2303080845116432
-0.3631902961557836,1.4935535308052177,1.76249685806146
1.2027824395782472,-0.21169055341267984,-0.3306763634699831
0.7093937694154702,0.5907772509251543,0.01993891651853335
-1.7146462187755636,1.0923196286363006,0.3950972661062459
0.2160050992526933,1.3932450552629885,2.3988635912406173
-1.4572260430384627,1.2929365797207593,2.40061666764056
1.331492527446797,-0.4123075044971384,-0.5147493854639542
-2.0364214384469395,-0.21169055341267984,0.16719733411371024
0.3018118244983933,0.9920111530940714,2.623257370433268
-0.6635138345157351,-0.7132329311238262,2.4444435776391247
-1.4572260430384627,1.19262810417853,0.033963527718074
1.4387509340039233,-2.3181685397994944,-0.90568542265115
0.6021353628583448,0.9920111530940714,2.5338504740361962
0.7737488133497455,0.18954334875623724,2.1516798188487134
1.8892362415438486,-1.9169346376305774,-0.5901316706614852
0.6664904067926202,0.18954334875623724,0.2723819181102652
2.0823013733466755,-2.017243113172807,-0.6146747402606814
0.7093937694154702,0.18954334875623724,-0.12731950107664355
0.5377803189240694,0.5907772509251543,-0.09050489667784932
-1.242709229924212,1.5938620063474471,1.9535821856552016
1.052620670398271,-0.7132329311238262,-0.42008325986705475
1.3100408461353725,-1.415392259919431,-0.6690201086589014
0.6235870441697694,-0.011073602328221294,0.1426542645145141
1.1169757143325463,-0.5126159800393677,0.16369118131382507
0.2160050992526933,0.6910857264673836,-0.3587255858690644
0.36616686843266866,0.5907772509251543,0.06902505571692565
1.331492527446797,0.3901602998406958,-0.1886771750746339
-1.4786777243498874,0.3901602998406958,0.9122548040893076
-0.01996339517298284,1.2929365797207593,0.8316132896919488
0.8166521759725955,0.08923487321400798,0.20050578571261932
-0.6849655158271597,-0.6129244555815969,1.9500760328553164
1.0311689890868463,0.8917026775518422,1.12437704848236
2.06084969203525,-1.6160092110038897,-0.6444770390597052
0.5806836815469194,1.2929365797207593,1.6169915168662257
1.417299252692498,-1.9169346376305774,-0.7023285602578104
0.1945534179412679,0.6910857264673836,-0.3674909678687773
0.6664904067926202,0.2898518242984665,-0.02213491708008862
-1.650291174841288,1.0923196286363006,2.647800440032464
0.6021353628583448,0.3901602998406958,0.037469680517959174
0.6664904067926202,0.08923487321400798,0.19699963291273415
0.6235870441697694,0.3901602998406958,-0.16413410547543777
2.06084969203525,-1.1144668332927432,-0.8776362002520687
1.1169757143325463,0.49046877538292505,-0.08173951467813641
0.28036014318696867,1.19262810417853,2.581183536834646
-2.0364214384469395,-0.3119990289549091,0.6510464204978629
0.7952004946611702,0.2898518242984665,2.118371367249804
0.7093937694154702,-1.014158357750514,-0.29386175907118883
1.3529442087582224,-1.9169346376305774,-0.7636862342558008
0.6879420881040448,1.2929365797207593,0.4669733985038918
2.0823013733466755,-1.9169346376305774,-0.7601800814559156
1.4816542966267725,-1.2147753088349726,-0.6059093582609685
1.331492527446797,-0.7132329311238262,0.2618634597106097
0.8595555385954455,0.18954334875623724,0.5423556837014228
0.4519735936783694,-0.11138207787045057,0.3302334393083704
0.1516500553184179,1.3932450552629885,1.4609677172713358
1.245685802201097,-2.2178600642572652,-0.5357863022632652
1.5889127031838979,-2.3181685397994944,-0.8478339014530448
0.9668139451525709,0.8917026775518422,0.5809233645001596
0.06584333007271792,0.5907772509251543,0.4757387805036047
0.6450387254811948,0.9920111530940714,1.855409907258417
0.4519735936783694,0.2898518242984665,0.22504885531181545
1.2027824395782472,-2.2178600642572652,-0.5848724414616575
0.5806836815469194,0.6910857264673836,1.0104270824860921
0.7308454507268948,0.08923487321400798,-0.1904302514745765
0.47342527498979403,0.5907772509251543,1.2909193064769053
0.6021353628583448,-0.11138207787045057,0.1707034869135954
0.6664904067926202,0.9920111530940714,1.38909158487369
0.7308454507268948,1.0923196286363006,0.8859586580901689
0.7308454507268948,0.49046877538292505,0.11635811851537536
1.8034295162981486,-1.2147753088349726,-0.8145254498541358
-0.8780306476299858,-0.6129244555815969,0.7124040944958533
0.6664904067926202,0.6910857264673836,0.4915164681030879
1.5245576592496233,-1.5157007354616603,-0.5778601358618871
0.7952004946611702,-0.011073602328221294,0.3477642033077962
0.9239105825297209,1.2929365797207593,0.7474656224947049
-0.34173861484435897,0.3901602998406958,3.2754017912119084
0.1516500553184179,0.5907772509251543,0.04623506251767208
1.6747194284295979,-1.5157007354616603,-0.7321308590568344
0.9453622638411455,0.18954334875623724,2.3690612924415935
0.7522971320383202,-0.011073602328221294,0.009420458118877857
0.47342527498979403,0.49046877538292505,0.5651456769006764
