N,P,K,temperature,humidity,ph,rainfall,label
75.38256119384589,58.63188887823032,34.45595471644144,25.34257894137238,81.13137963654025,6.488614310060848,261.953884885644,rice
85.94448008448117,61.25688590586662,40.04080494735511,19.49297926105506,73.72766872605409,6.853844821812263,359.407594146483,rice
70.39930380260029,50.55183149418027,42.7991374307511,26.073888800817386,77.5212762384838,5.88552827225081,252.80055537233596,rice
76.60306257997736,32.89401777425621,40.147902799080654,18.3440925499973,79.99191448580163,7.131204754438106,276.0437006771733,rice
72.32968304021878,50.94114935071144,42.151954728367286,25.709990526895616,76.80125555410206,6.8709277860618405,232.57491034920588,rice
76.96304042863336,46.92371999540514,33.698823469748795,21.576282738706045,85.61803854956518,6.394649231952837,241.14526613458682,rice
54.33823647576488,52.77935616910702,36.23507671038212,20.41413610952416,75.48016235211324,7.049867118700043,222.96907277537804,rice
85.80275383706237,53.453857371649065,39.56420493988949,23.59850642942945,85.9014716543246,6.722014532918427,285.1649259405625,rice
96.45258153616678,38.62529789316107,33.52127802920271,18.31106481934509,88.767056027322,6.612568641563848,276.84781052590506,rice
68.32451176763271,44.64952042212812,38.96865880113799,23.704969247812915,73.19602987273215,5.960424467355251,225.3444698441208,rice
73.39861497194597,50.35472044637849,41.67866420531647,23.76201241264268,84.27597774627236,6.472718663700808,175.5273918709629,rice
84.43801859149855,32.443878050089374,43.65242281877781,22.56373573527616,84.66369652763338,7.277689553652122,206.8113485497745,rice
78.91992850032433,49.00914513818607,39.863093173120106,24.15182321140364,80.98760891134465,6.946883544810603,265.0199734640204,rice
84.40227312174841,33.942455494162616,40.0422349085318,22.564055017065165,75.57540601087373,7.194475061344795,265.13755403271347,rice
89.94822065392144,46.51605923147358,38.71087473218948,25.767078791799275,77.51510897671541,6.295237492966721,224.22774620119802,rice
65.07658858884254,56.98036679854926,47.657824282953825,20.856538808495863,83.13178634442285,6.49879378829869,179.66466504161357,rice
70.30641317733784,42.49088679912902,40.71261465506862,19.829603767418522,84.03579707502492,5.812797400069938,233.7854669845675,rice
79.54902418126781,62.37215779224462,38.27380796771512,21.07390944264664,89.32787295937952,6.02982907706729,289.4937315533781,rice
70.13329973052883,28.94813981599376,48.760844016997694,25.555116676968286,84.71776698753739,6.343983608528681,259.5535536813245,rice
92.88127932419131,45.99639681493402,36.0423986796876,21.494253982433445,75.99192610729084,6.236484029913675,261.6124992078303,rice
84.96083925492903,36.477194922140754,37.32727505498114,29.971937666579493,79.5903863554631,6.836135534416252,290.89527933477166,rice
88.36899831540963,37.96421216278709,45.22568628861143,21.78540964578142,84.13160935686662,6.469012942522875,277.9687352365104,rice
74.14613723457069,45.05358364502029,39.1165509866548,20.687877465209382,82.13240097901715,6.913074488993686,226.5752444121847,rice
71.52906837012068,41.39569126533054,42.18206309871062,27.673654851765306,82.50654941384052,6.226388891652942,180.5468884222536,rice
87.2763705631276,42.97985271403415,45.983148707012774,23.838987262762636,77.31734496411899,6.662598319286861,233.22828995974828,rice
73.13074558366068,74.46280906568431,33.52712030640499,18.306533437737052,81.31476834261244,6.165773373573806,163.05667570886442,rice
96.44833400626784,39.88653915655461,46.70202525600434,23.347712125611487,87.72819933003444,6.495240644462307,198.45070461223713,rice
85.34387030813319,46.962374357490916,36.57069817082407,24.19819477723886,79.83748217366295,5.999577967288754,208.00827130939064,rice
70.7553199658636,40.200233352228786,36.75448906283179,25.274583673837355,83.9942773438676,6.247731907706372,262.02689316424056,rice
74.62744000545366,46.831848941953425,31.78287237044858,23.124421103745092,81.617900327673,5.742842960062455,189.3496509150729,rice
82.43779708184348,39.30664558926191,33.714758159992,23.683079816718163,73.10812920755572,6.156564031404184,249.96718355136014,rice
53.022390882490576,30.586064737872316,43.408412725275454,21.79102420836664,77.42461557021258,6.05338242765706,293.48938250806293,rice
87.24021984268691,48.38542540946303,35.35951595115124,25.41867125297843,72.12263832380152,6.147778959246752,193.98058974684253,rice
85.13296380124443,29.13904730413515,40.38836978920594,18.95607514091646,83.92579504258266,6.724786486359011,237.23271291614617,rice
95.11739899631918,46.444376927206875,40.548286077732044,19.078688539251036,77.83130451355879,5.747314974782011,250.1324091898353,rice
77.07602325626854,40.45089510433322,40.74476432060134,22.56198137346602,79.92410826924959,6.34938177932556,169.4379418807099,rice
84.11755365156984,50.96840419530425,40.27422290123742,20.904481497056324,90.24931369024925,5.88371891619093,224.34603529676878,rice
69.95629286558696,46.73473190259989,45.550326130488216,19.524913452390795,80.78259806638292,7.041454554558724,211.80132436469177,rice
96.28815499750561,54.464889622952214,39.95025791583507,24.34330092653936,87.61626765099393,6.301527368443405,238.40107753313595,rice
76.90483734850251,48.55208993467038,38.791743000248836,27.72712503326905,85.56258431927321,6.023321304968507,254.26025049959358,rice
76.78868233791822,36.056116912617185,46.63900877242404,20.891877797389487,84.3438629057435,5.857666999010728,216.38846214628555,rice
74.21618238994604,36.390366378961204,41.89502336424548,21.572862981837098,83.4335653183825,5.719359158756539,321.6551307786284,rice
61.46208519352736,42.244488023228854,42.492481777545734,23.486155707006503,77.49110294197736,5.995213229561397,282.34038366999516,rice
80.51531009360525,64.76612910630546,42.61884820327863,22.367354027820525,77.82136833853616,6.917791505603732,251.42900136387595,rice
72.16678485702336,42.55655246871535,45.18520524735523,26.785147812689903,84.07583490492846,6.753917130379148,206.36073143833025,rice
64.84206212418835,51.290986683329876,42.4053035099964,21.953525325407217,85.55056280441953,7.102365351422713,187.95089812174473,rice
71.06088581822178,50.027987495788814,41.54839758315319,19.217610749104438,80.8164829813369,6.167699262605304,266.5964469339111,rice
97.88235205411914,52.03162130723254,40.274510492699925,27.183234557347276,81.16438957978009,7.328771122024223,236.9581790724945,rice
63.287875057650524,51.87094944245733,33.395217574354824,19.818683834284432,83.48829616606787,5.74875922580281,207.4274218190797,rice
73.929513404475,41.42376822449971,44.20368868123112,22.191425470788467,83.53360585068472,5.458532998891356,229.16960721732258,rice
70.2746366922095,44.63681621105126,39.7648542580524,22.96704346477294,83.5585751363447,7.319991389371347,290.7846728215626,rice
89.28529391481167,45.03128282208,43.904273328795625,14.77542864944974,81.71158829037545,7.07017693732999,281.3232358443789,rice
79.02967518720092,66.83240564447992,34.07221798060496,24.822994878180364,77.94291846333907,6.742819845120257,308.22700302964574,rice
68.23514467033385,46.23847177807775,42.97254972983627,23.270208805532597,88.79362461705196,5.915420288331368,237.91383913434038,rice
82.82143762670385,31.192901417769512,40.94073301454142,28.2206500807258,86.62265982098882,5.938374106481981,202.51484847004264,rice
86.87127460329884,39.542677251107925,40.99056423808484,20.710302316672188,81.06344416159074,5.737218500692754,280.4366149033085,rice
92.19628861526773,29.56716927454454,32.289562911538425,26.428506421241824,80.3131033347947,6.511644699440003,177.6138793404976,rice
82.98111900712891,44.412138100602256,43.65162841677569,29.502757568900304,82.62217152677071,6.889525672528059,234.43850050332392,rice
78.12322788252065,37.95161354584911,39.580779871559265,24.16047419388991,76.42161846393215,6.355669429547976,301.89748984842464,rice
85.68675211210862,50.43957873242497,40.790354506849134,25.242654629865065,79.05090680127002,6.637608796254877,300.1799244716004,rice
89.48538079141618,50.48487291690778,32.774124727174396,24.84474580510782,89.97625346340445,6.8868416792596685,252.84222454261712,rice
88.18842816024208,27.552892698594402,37.96545016532361,25.712872656673913,79.84252173103742,6.487733114852887,220.88626218078846,rice
99.0783155079156,45.81317409927247,34.150145718302724,25.430451410144492,82.42816525165503,5.455376029982665,249.07240889937955,rice
87.26348147651,43.347106948500915,40.03722382238977,22.836900337351793,87.08532191962786,7.1201706108778104,243.18754976759425,rice
84.73901644630274,47.30468526861842,36.82523009128018,25.15685383447896,82.77301369400068,6.762979676221476,151.0986033834942,rice
59.578685241515075,49.55925847443554,43.46426356876193,22.178755154895583,91.12943348570677,6.0769658230501635,176.6402747709192,rice
73.51038708911801,38.58367140964436,38.535991652963354,27.936534277072298,81.90468797035875,6.600281415055524,227.99069598170755,rice
91.76835486111361,48.282687143131476,39.22717718347393,28.064797450295657,83.90173141822348,7.195471946147819,202.48342165211423,rice
65.29567316669615,45.85161661575153,37.145694301131535,22.130967476168525,79.13962162605287,6.658691918286478,305.47607422414404,rice
81.30303581195707,42.437062665667334,38.53660354685477,18.193746600691796,78.95809457449751,7.763915309910707,205.78749554919312,rice
65.04799735668321,37.608644448716575,39.53444818838045,24.21043078339862,80.78865376297868,6.925915609784819,237.80667257748672,rice
72.21455439836636,60.90652035722708,52.59144415118186,20.749543892321295,81.54893427049689,7.236860150934616,263.8100341060645,rice
74.4045349207678,53.37043956472368,46.734680109653766,23.955438197062154,73.4252730829349,6.117952197837209,237.45547471397535,rice
88.38934485511268,34.311504019253356,45.162215221257746,24.20739049635083,85.68948988199351,6.511678620242648,253.32043131970786,rice
87.0436275044081,52.84563019977525,37.05805443238209,20.06702900493237,79.47719531670455,7.11037327992996,220.89323441758262,rice
89.11825701389978,56.98752204735182,42.923811285326686,22.57432800138374,85.0829351604724,5.557023016449595,229.4454582468561,rice
81.34992842235214,41.05238355154417,29.939412493727176,28.451163799580367,79.19939759741385,5.607034065644743,181.0630409261246,rice
78.84580856826024,30.214661153245814,40.32571112195689,23.6203109876548,77.02444007943816,5.949923061530433,202.1511323983386,rice
67.88984866563233,41.48724628385663,36.47228536557668,23.294608038012456,74.35552838499676,7.0139781716781116,220.49118493787333,rice
77.5577545311289,58.02034807725478,44.982353510774715,25.881873291514268,86.05093327179782,6.925537217904287,168.19468318448418,rice
81.61592290354365,54.83321178475,35.99349447501203,23.228484346266118,82.57579533904504,6.06838146124866,222.90830157781346,rice
90.41351316999103,32.873561674684055,44.453645263538505,24.591474756733653,83.21870040387972,6.129498527710399,233.6020158621333,rice
71.66468162125179,50.61333010528132,36.35281482201018,21.445492653954716,92.54116192651249,6.514885572696507,262.1314127388583,rice
86.7538351810021,57.14425872116413,36.737787966688984,22.59058293481893,77.28537789048333,5.8067987174608255,257.11239431771764,rice
78.69137367053256,50.675467049147514,42.41611674576431,24.981892304389024,85.80821479301828,6.421577218253155,203.55745971432958,rice
78.91763651252069,48.892652869461415,34.721908054189456,16.986266351823218,84.87010171454959,5.812220508631383,253.14733052936404,rice
83.78056267331394,36.80476604504274,45.200754883692284,17.688008751707862,81.41756317090523,7.046423827891489,243.28736297229418,rice
53.6096455899008,44.99200537841383,37.93609074719611,18.909929966417657,88.76633722072592,5.958599624710761,224.4060573089504,rice
67.66147679813575,36.18895104695386,43.56936591596216,23.407214117077903,84.51571613536352,7.4848826813994425,227.20471361107482,rice
76.3259243756351,29.94038358692974,42.95605046328762,23.985708869277815,73.89778200923904,5.967523611083372,241.0006391284772,rice
63.91804200534787,55.240236607010544,45.457122273285236,24.971243402908364,75.98974101755654,6.6529887296225985,295.5635981478676,rice
76.33284063947292,28.94528696462207,36.93636799971144,18.684672172517644,91.48108938556226,6.475934298187617,224.91176108257383,rice
75.39999698690346,64.11114751646632,42.382227670678446,24.286804724378705,74.92974174090448,7.020014234204133,235.54950241319054,rice
71.00237304958307,35.33177134687571,31.887745105440416,24.262133713000132,96.58943429155063,6.20017923973454,192.85496039589583,rice
83.59742684093482,43.3152897938401,39.13351315248759,26.64658092780193,70.09764399023936,6.091388876051312,150.3027661903932,rice
88.21069655378327,31.971937265942636,41.260796740861004,24.359117141835224,81.83363958527437,6.4181170155126415,192.77550405736497,rice
80.01844798072722,49.2351006026628,31.148634979047024,16.83128878475532,83.63926300957947,5.385760311835193,225.89853112230668,rice
72.18716700099806,48.53059262209405,35.177572307958975,23.62643538248196,72.73955207963428,6.385222635432562,278.2553912768872,rice
62.89066172720332,50.99506917907765,37.13905000412858,21.842775384993896,87.0064356920865,7.044930698249988,300.95177112456076,rice
94.34973461484488,45.149052542184215,42.139982218976094,20.16450414792529,88.58743333241591,7.274002794820016,272.4898931838348,rice
77.31747970504706,37.40537827772977,48.798559725808744,23.691189745601182,77.77254516373762,6.023370500308302,292.7379402584653,rice
80.34419249566584,45.78576294387945,43.66387872108784,21.049717938750877,86.32518563131336,6.632743313580574,252.02158670823255,rice
93.11815718825522,41.57532499105537,41.29692020688443,19.081950538474825,82.96102327921636,7.324352321508443,199.0423144403323,rice
84.40856944913631,44.63970329809694,41.47672923179513,25.746624317146132,89.11244772690597,6.843446706381024,267.6506896300703,rice
84.26465873187433,35.95353585370853,39.36273921436489,19.740700976996145,90.7440424157899,6.855392607670585,248.8911544775324,rice
57.858447496842196,40.03602368495965,41.78684405069514,22.355918617443788,95.3428455513976,6.620455069549835,248.6817941695998,rice
76.33771586695983,52.04789070613181,36.74980847228858,23.545312177675143,86.75613909364537,6.3895015954144965,306.38834487836914,rice
80.4555380921769,40.51134359948846,41.12369159564053,17.613686082478917,81.32245365957124,5.651179436319307,232.1986091576718,rice
70.55031821545629,46.55476853820358,41.02172370950256,20.79366906050538,77.37898734899018,6.352515200986209,288.4269539318382,rice
72.4841119704267,32.69324606199959,45.77051973088631,23.983754262389187,78.44416665644827,6.964838605666198,240.37134553362137,rice
69.43267166573678,38.33065321736968,45.87301280906802,23.56111769536655,83.98375953585854,6.050989236924521,228.20022852808182,rice
83.98369497643287,51.79365512749642,43.97260404628763,23.24556060319294,76.18125068079335,7.03745222561475,229.16670050294655,rice
66.41915910779562,36.40929302312368,41.04148500674328,19.59877241760418,86.20091322951394,6.640728689930932,236.1102159220812,rice
90.64122479070794,69.81683888325202,32.94964749049457,24.860653449992355,83.49699165767424,6.857020459882644,320.4389600806138,rice
60.535311707542235,52.739773142699306,45.027720619570744,25.22120123009792,75.17479705968915,6.374172710665606,256.20030474321277,rice
65.25178922062798,46.858782906945095,42.39797436517837,21.530299699767436,78.22701830113273,6.106558713963295,257.3449319720053,rice
98.13904088735507,46.657825781946435,40.51839199637175,19.806713829223433,83.66561686024754,7.166288669341974,260.4214796543119,rice
88.41920700278516,27.80804815959411,45.617735150138095,26.16051987447186,78.85333303845749,6.073945041774261,194.3685120576218,rice
82.9439104437499,38.291678496087854,39.52658163297849,23.66663614629382,86.03944134103247,7.310296992503406,177.87849796643934,rice
73.34988315105063,41.89477392851596,39.11709455433345,23.56936463562417,89.19518824308086,6.655085270592858,242.21383029358773,rice
58.092374917756686,49.168258791928984,45.260976856996386,28.046462138839807,77.13429839214643,7.365286677106166,263.8672054833902,rice
106.58837310178662,51.09232215016154,36.704128715064634,24.66459654370261,88.878354258654,6.278710175722221,191.17721269012122,rice
79.94112928187003,47.58532049639473,40.785331546256494,23.62787322520386,86.27247783235046,6.486719759066747,273.28385233976,rice
78.9054349031867,44.602648684036545,40.91356548116172,19.364185858740186,72.60465028725613,6.567848811169539,247.57548276167932,rice
71.59120525803989,34.01283860073428,41.18420895604786,22.56411970847363,80.67150900426815,6.603813386638762,270.3623447800434,rice
75.0277546282155,43.73988679149978,42.27652397074535,26.88381488780256,73.05923325728608,6.3507585503751605,226.16431812243235,rice
104.28442432330058,50.51582458077195,34.493465806499316,24.191161024587117,79.33322885621135,7.691264130841487,220.5332149888566,rice
77.00489652375855,48.64621457419282,39.71837646471663,19.894048102926952,85.50798819238706,6.624567083085693,253.24499740595414,rice
91.92000285322727,46.092122893765726,42.109200903028416,17.979984871771343,88.9302246528281,6.590997359324668,214.58847050691728,rice
70.21311840160206,36.04824900491167,38.37531446927122,25.220435176657197,81.50714349557038,6.703803458077204,187.32028567281066,rice
79.35719766134878,46.31297058556046,41.958734988021675,23.103034124542965,83.79848284455596,5.997616751336253,254.05972389450434,rice
89.37014866614906,51.14783506516483,41.058197445346586,22.734020577192677,85.31330025082364,5.641376989480577,144.60994034598315,rice
77.1751894840081,46.84161507802154,35.35208673541669,23.37156895754169,80.6091072062004,7.3603948096216785,265.81209561557915,rice
72.84301385840276,35.043604793583164,37.38157776149365,19.581981539321212,79.10685388575635,7.289269592226821,168.2643915568904,rice
85.47859051529605,81.6504743217572,39.402679907141525,22.46156083658574,83.35546304326301,5.604543601281424,241.53083578884923,rice
77.09053849424609,54.58743604683669,35.15029519179058,20.478384838340546,75.10720202646586,5.8378136738513104,271.81120515610723,rice
75.20745793226752,54.4564481495347,39.24017314240671,21.482725739922333,82.29590472967028,7.298972629701114,191.52981971501185,rice
76.27007367023178,52.80864368105906,39.3813930790778,20.082418946082203,87.67783072623153,6.532907039321017,271.811871417115,rice
72.87389572051033,45.769648956125984,33.36550793172001,21.080719832198458,78.2052809704802,7.027057450483834,141.5921161690028,rice
100.20862928753277,48.48243714426975,39.437793937483185,22.696435268491967,87.55827694815494,6.791210263129271,224.79220725196225,rice
78.21548721502911,57.45810728058838,39.797957960437415,21.480197228705443,78.23198166539683,6.264926069957733,241.8482872953386,rice
74.6014026531266,45.74658568935739,38.11195644745228,21.744661317065447,82.72056738348026,6.668854557202618,206.0419309611904,rice
93.17683040141176,49.12558845668331,50.19692430297062,19.296150239105128,82.75488066761422,6.083035286460528,281.1707992356879,rice
68.97699639466529,39.54056696999065,38.51197386996763,20.70227759771632,77.19775346642034,6.5816072909729755,261.684862058916,rice
87.40691705676065,45.846687871478004,38.036999718943434,24.550334403726332,86.28416309267652,6.071495715494464,276.8129750764572,rice
94.20324593634913,40.097096869074534,41.610789384507164,20.804014970365948,86.95127560693628,6.867400894622084,272.4198450228081,rice
92.65414888358158,53.52775615148721,44.00309180749217,23.592219409409026,82.60735510216593,6.487164431327381,270.01928455131326,rice
86.81757831487681,40.292032505003235,41.02700618844478,23.962213763065716,87.27064477022225,6.838264692324573,213.57169732196417,rice
81.4194425032131,46.30913316365853,42.666321341110645,20.6123056433271,85.83421660028272,7.310800825334326,252.8287629273567,rice
83.03524658504867,64.25327997387129,39.422806818414394,24.82446438210831,79.81089399691952,6.680322514362903,270.46726958180096,rice
82.35623244268982,40.70479702360288,23.722068732094478,14.29454418987174,59.43447682474293,6.83727673385265,87.20630732480099,maize
86.39417651564789,44.96599589048043,13.128435562065718,20.19456082235847,62.645135422656196,6.462078824955998,70.62127808255501,maize
85.10684235462631,31.705484707240206,18.892093118501933,22.42714953308843,62.14269520082431,5.915914929523693,59.8373237295445,maize
79.11218814478818,56.376530840936105,15.874251753262943,19.75105552116972,58.57427301116371,6.157989729962897,109.1779641787796,maize
92.5532781768591,47.93440953612462,20.85574430134064,16.58229007095892,74.37200401050278,6.898483616451451,84.03513243375504,maize
75.04092279180956,48.30399845705941,21.487075430725554,23.556573283631327,66.54566987146741,6.083676270742712,44.008714699396094,maize
77.98813710375839,63.4749246534049,30.479837905649802,18.1685757174931,67.16196998075017,6.668672272816471,91.39585771623271,maize
78.48225207980678,59.50135772821201,19.495269824251263,29.75318344691246,57.98972198484923,6.346367128771272,88.66911593627283,maize
93.87322114888946,51.04278201141544,18.424254723115666,21.65570443643275,64.67441141606567,6.368747392068695,65.2108192880971,maize
96.45874925725268,42.005028568376694,19.826866932165778,23.152550478395092,61.24397787736138,7.203011986460969,110.28135758806307,maize
88.66615380043488,41.06664543984283,24.44938044561411,19.416555191022315,63.41910566877774,6.849793319425986,69.11331113506665,maize
70.09604331221783,67.71353954593627,24.488545341482943,16.98718098623338,67.14900511274116,6.958585087456099,84.11661390861444,maize
77.45496034302666,39.870128165442,28.718078695851084,23.609396760808025,61.33837212823373,6.122158800952985,98.21372248237982,maize
70.51750080283169,39.50157055695864,13.685959527832338,19.825144892824007,60.58632899709727,6.902237171756619,100.36142750715779,maize
91.84105456606676,55.82673426709876,19.642173527222432,20.843325033253485,66.07384390858158,6.455533454021949,62.78608635859625,maize
75.2553660938126,62.09739018943592,14.471529820309877,20.666324562325634,56.234527141395084,8.24121691539884,71.93555937057093,maize
80.92965677970335,50.18803174018888,17.15657948623761,21.937251734457867,70.60937737588544,6.930495816203571,89.5980449976504,maize
73.12015891305239,41.40586866302077,16.608543472357717,20.671952059975702,65.23724189308967,6.049683888330226,33.28904303690301,maize
76.60098931249942,67.1217338869287,16.845336574161767,22.59542578702997,61.359172317024175,5.807840726669741,87.92385912381508,maize
73.05255198458114,30.985121746410858,9.761784808584657,24.69735590531147,64.72019585344215,6.480589668267296,68.34628937629364,maize
80.11371991807103,37.57335752195314,25.86903064587639,31.063064183939186,66.92306509300181,6.493711479935022,87.05850525604872,maize
95.17475297634189,42.52156933095279,24.69506266809639,21.510469049184124,66.98469230291101,6.691624976240808,53.45660438542489,maize
91.1643626389449,19.583326650481304,18.37362788973338,24.723954917559016,57.820499889547385,5.669290087145089,79.03659650824886,maize
84.36219945929598,22.563615409822468,22.243402680098672,26.681596833772282,63.66034081088294,6.499815427099983,110.90027711270501,maize
78.55775478631962,35.40467214037566,16.363053759465483,22.625875913524048,66.94989534313132,6.481489272212143,112.17003973477357,maize
74.3593349938788,46.93745880974136,11.646890674166755,25.937664537774953,56.355570914999355,6.440976464159013,72.87352189599022,maize
105.8102592647252,52.45392713884649,22.08058331691109,29.09711518636841,57.343682748125794,6.416417372809254,88.76194839084224,maize
86.90846062162812,24.929906779352496,11.871403048328757,16.348737670537638,61.03753358266387,7.2468306879412685,64.94763842808338,maize
86.37832597138461,52.74748148081596,26.78356446067932,20.12035330091605,64.38430993764395,7.0152557040715955,104.26784114717773,maize
70.23145671828594,39.05552100014415,24.632879289142853,24.1883751398638,68.01078484286279,6.134166957904931,43.812817528932,maize
75.74194761029537,50.90783340290587,19.442041824969586,24.47951349161646,55.89537260688135,6.7132326107054,96.66912218051263,maize
61.33938147949011,52.78038061608088,29.860530644367095,23.554882775701873,61.70983278234609,6.1826301987558026,87.3176849305395,maize
87.14053874753452,32.189734235418115,13.442020784793112,26.424624461944685,72.53208960398491,7.214816446148749,60.56834160185191,maize
89.12755250782533,35.08101788248684,20.605352522406942,22.991937689731607,63.390840219845394,6.6633190913153095,93.42811706658827,maize
73.76689596016584,53.31976938388335,21.60426701911506,18.37202674116411,62.500627746182374,6.306860554027705,83.97557509776274,maize
82.9043132679829,33.957605864620504,13.729364470390788,20.765516528104584,67.54238229794855,6.300811172610969,123.02721531373177,maize
92.16506907687025,36.83087790562528,22.879597131971295,27.249841663864785,66.12409664015489,6.266886340644816,127.69221470178707,maize
94.4368162088958,44.76303304895189,23.665088236110055,24.001546789416416,61.417088514759946,6.306911835648413,68.2701755416206,maize
85.50022929352,39.82830194093344,27.906054907742327,26.028373149623192,63.19982562611007,6.704238142991332,104.88122577309764,maize
79.06110628948034,53.100855473635555,16.55190139377536,17.62292458563493,67.50775237356393,6.147465230948077,52.26439130175263,maize
75.18161633444097,60.16677943980453,27.807228415879838,19.94167478994895,60.10590847835285,6.40888959960927,81.82726462003937,maize
72.70476748043286,53.88706240412801,16.28626432969148,17.84190611391527,65.97565244316148,6.682917132119535,64.258059946322,maize
67.47606444397009,48.564183997037,21.390774151763335,25.450621177399817,67.52515506088143,6.103844852259819,39.20577748968927,maize
66.14579581615104,16.039497421092932,23.44580751516819,23.558284938408036,58.7595791941452,7.052944082823056,98.70191569383961,maize
89.54288664528951,25.87336986248204,15.879259203707559,17.249904265393724,59.98299715321162,6.211760998409156,74.62675821733744,maize
78.30817038880524,31.220406202973322,15.207316702425,20.574893624762755,64.86360599626138,6.361019043218679,120.09099420513708,maize
60.87443482717987,52.87003303685783,22.90627211980732,24.743686559963248,68.38048033715175,6.537148992083366,61.12640410757734,maize
96.26658202036617,26.960033899245246,12.04665345904663,24.370502706716657,66.65597114884591,7.538852719509652,49.46154295158691,maize
82.12481020352465,50.93229718210855,17.9803258455772,21.29525050118722,67.9785971767503,5.290947753898537,72.88478840201499,maize
67.17762866666453,38.621381388134374,18.354858297549118,22.613470514165652,65.43996717119596,6.3974154063526685,86.53722238191641,maize
66.83814994751604,56.7410760919669,13.654502376573479,17.690501218451374,64.49757256947055,6.5038698940777175,108.15370908628478,maize
79.96169935425556,64.94222012097278,25.363931000288826,17.228224638948973,59.922623481196744,6.49390175542798,76.20325363953785,maize
85.11545279235142,34.08626678318636,9.542191593138094,22.098181177833794,57.513970346181324,6.727833778793653,102.59917093381091,maize
82.89611385646006,46.6973486636411,11.729852087832285,23.647284271192625,63.64156379982709,6.852685133930093,89.03716204763,maize
67.67754541100192,45.71969103091544,19.202227879468957,18.143721808428605,67.29910816371083,6.4871058003991475,81.28434429677503,maize
79.51683577416878,55.889573701529436,20.829904748647547,17.475969397967052,57.722307236966145,6.722278600518586,84.83711375365358,maize
84.81778741236798,32.69102472145829,12.510203301823337,23.685237130046744,71.42195201345402,6.933706321815306,63.08373192606056,maize
81.70140811310998,26.639218855696313,22.418119276367324,18.294567230811047,68.28004645817137,5.989590621823304,110.52844500869082,maize
78.36509953302955,32.243661923965675,14.578652592165469,21.273420168929917,64.20089649494489,6.286919267093283,82.0285785570273,maize
104.50843390540206,30.11004316274036,20.157941188994567,18.980674868137122,66.56803630520828,6.447850543760404,38.91223252763888,maize
69.4885220036262,34.298489061473305,24.83128488026823,21.621259074454148,57.7580778374605,5.699645054458221,93.95328564326,maize
75.3529901724458,30.12493874374821,18.19459810894755,21.855825083319065,54.30040053642013,7.115648404198133,103.18374008743302,maize
82.27238872720578,52.93718542572849,18.924404008796223,19.857452786602764,66.01935953815754,6.541820843921587,92.57700801694844,maize
70.69183551304265,66.40518716696387,20.343597259559452,26.784027265025202,74.1551751661233,5.548848327107048,150.29773207772968,maize
81.64015781859908,65.98310526046284,32.308063146788044,17.943893832642228,67.5554025660729,6.2216294452043925,77.43222886484138,maize
87.0459904493957,47.43520835489835,24.958678439152823,22.324969581955298,64.9672584629406,6.09286666152109,54.20696797188555,maize
67.47849616314654,37.49995499052024,27.071211737655737,20.394284180339888,70.8919212457663,6.962287319167252,64.98986837330594,maize
85.19151912791828,24.279168909957857,25.96636920452466,22.431898903375462,68.8503549959682,5.845284735218213,67.6782701987253,maize
66.62610647145941,37.8538783426077,17.19802280346257,22.788083016888475,67.51417386232028,6.919999687696193,69.42626843577591,maize
79.50429140901853,47.04767693146954,17.54125389098432,19.95191567976265,58.34039400015043,6.001054680105348,92.06131434664776,maize
73.38447329580194,36.18438746575337,24.543344079141583,23.221996030582726,69.8857178808209,6.244403056747008,84.07491131279757,maize
88.66164746365824,47.652213620734436,27.219413200156744,25.509300536581204,63.72227482442736,7.238497146503458,91.04590183981924,maize
95.32310550762482,37.38756702151695,28.408974693046545,22.329713259240748,65.64572741793278,6.667167318147581,98.33578430852027,maize
89.12762504027145,62.893650705830524,17.233136736118833,25.0219201087367,67.54068508855396,6.842119620719932,87.96542411728794,maize
93.88803372640098,31.602452068761746,17.855704656449717,20.03016228236355,60.704095615371536,6.45973241362769,87.27868190164557,maize
72.2112513276854,43.07542287567537,14.929178677050734,15.049565330574318,59.59565809411204,7.192918450980605,101.53997650821817,maize
85.95446193416254,38.4232811844508,19.097503373736856,26.313180539080285,69.25460844617979,7.59634143407176,57.752716614497146,maize
78.6871802305948,59.04651820185364,22.027594374383686,19.944201450777825,73.99828131359725,5.400512173289752,110.07143483659101,maize
81.44138636852159,36.02394592998037,20.403665409995583,22.222683040883066,62.05774988196271,6.308644797701807,67.73987748824277,maize
81.60828338435911,44.562906093849236,26.883281674477814,19.362396611347545,69.2667177660595,7.1175767744194625,67.6532539532645,maize
78.37893299902512,36.34473062977994,14.772946684249966,20.87075628487453,74.33271482481224,6.338965531145714,105.58547651010377,maize
65.65759535216671,42.940285027835735,25.160823783192143,19.044458200902582,64.78533331593462,6.720462588592935,141.93650433573512,maize
72.80148292681764,59.03046842157042,14.079276989219013,21.85846237611537,59.383410808721834,6.399425885682814,63.67266150361184,maize
65.8626460633272,38.481973278491296,24.48578586516504,25.241765634925365,65.98966317231154,5.7264355003452545,83.68709008558174,maize
79.48646429965714,61.2234273118651,19.441947988501393,23.100877372717683,61.009973157552174,6.446253122348319,129.87377499104056,maize
79.8024317208725,34.98970487215814,10.149407951427523,21.88894660375357,58.083882058896265,6.310904270436101,101.57276271447324,maize
68.86247551589625,28.089787960887215,19.755614635620926,14.751228042068028,52.167164844474996,5.811179823263562,97.99739762102205,maize
88.5528335499505,20.915765549048892,16.154264649240368,20.48040701381576,68.94376991492578,6.397138101959575,98.33174474793896,maize
83.03824308666411,57.42795298943335,19.236261102563578,20.023542872720213,62.555280595986574,6.514427555067285,76.90456013985927,maize
84.72502675576753,51.91100352410325,16.88143809276118,21.10540872532769,58.638922407854245,6.036386784431186,104.45466182878145,maize
95.11633674934762,49.21297513343837,23.20668193920592,23.146390529097427,73.35650007185745,6.099461829544074,92.76780777080617,maize
88.40536565289425,38.806810582956764,25.180183450747503,23.467558373251762,67.43447184440058,7.018597108242649,79.57245624272468,maize
70.60924866265219,34.670077105393524,22.976645054116833,21.297226143195434,62.62032399845887,6.4564233047398965,73.19297945994806,maize
69.42800556938434,57.764662401996105,19.430967729576732,22.357910043384503,57.52839422373005,5.864553352095325,57.29570346528789,maize
73.82626560934514,37.29341626749643,27.467680719694105,19.847079574055307,56.51097822914166,5.936375242947251,101.65069865386886,maize
67.95382494783753,39.316108211001854,13.614039221857414,20.815980666866594,63.06337886616029,5.934031738000502,98.05886837268054,maize
78.35000739928486,31.945720642130212,17.766311041719963,23.666559960467143,58.508038779305885,6.834585470913029,71.59357865279961,maize
85.78926744391502,50.743253894465106,15.622113848343954,16.280992687160712,71.77636249946862,6.146705637355213,74.6229479889523,maize
68.11710680723574,41.95028384536653,13.995575613782835,22.53350781665571,67.73365946993488,6.384082273903725,65.46974631956236,maize
82.51417518202331,29.75701845421771,24.571643908791202,23.021269476269207,61.076924230445414,6.9051073716742914,86.3511266931354,maize
76.30443097810083,44.558726552221046,21.213341015202168,22.202830001534704,55.52479146649154,6.102287379241156,96.31722979795835,maize
95.34172728863884,35.62416517523545,23.394244585786467,19.55827287276199,71.1269854971987,7.47544984157369,87.49894889571048,maize
72.98879379412772,46.28588812295719,24.17848940490888,24.06893217676208,62.89971482067673,7.074159961562038,70.15702766130536,maize
81.11863217635786,50.7079258053325,24.092845639993683,24.195995672074556,67.67804216514205,6.655165918038959,69.12150809005963,maize
80.280913145638,43.46114784193441,18.495636621081122,23.887962152207116,62.66706953728701,6.908156588250237,76.84075280799078,maize
80.27139920027541,63.290039273746224,19.66499574596233,22.271495436171087,69.1957390226168,6.029803944314469,59.858327727430094,maize
83.0595140749019,50.32456891417668,13.825221814569346,23.46853578658539,62.37267032470323,7.258628104538962,89.81443047692673,maize
71.38585368467258,45.646806142432425,12.656246409163789,15.590232225922946,65.19753998319494,6.7767121567615005,71.03900222570033,maize
70.77379093840166,58.164577199232994,15.558772524652346,24.969453042911727,63.70419287999407,5.749774669583144,84.57200161067269,maize
77.60966562334828,49.03945929281977,27.106524993220418,25.608864159454146,70.14937212887675,6.796385972906319,85.03995939626822,maize
86.50672454907226,48.51656159316468,13.162295429926509,23.46444606336318,63.874627354721454,5.924032778373631,45.2328781589853,maize
77.14724653907096,41.05608106490574,18.84295422108626,20.832479261957108,62.11035978028354,6.633688754723,93.15569418805173,maize
68.74884714559435,53.06606166014483,26.462518189417974,26.780302246810948,69.88074276022006,6.48953711925826,71.83989898456063,maize
62.88028302473838,49.158143073219335,18.701413879684534,23.025897877935463,59.977090508931944,7.046347908020874,61.41105381170786,maize
82.87327396708963,65.01444736423016,15.238463092461789,26.730128063728916,60.99871763502202,6.75966952671792,94.59019236212845,maize
78.2643934627781,33.35678380055121,19.294552969227,17.127017879382123,55.211723042809794,6.451019025568605,76.57715907930758,maize
105.22340267394586,51.31945214403859,23.51483140876715,22.69668560079122,63.04764130500719,6.75969335039886,134.03887276099613,maize
63.706093306061405,55.555174790839686,19.138783739515848,21.088551631983595,69.97801473018018,6.4811382637899495,99.95649675019436,maize
95.13928009754028,55.521776607429736,20.562874248437854,24.05732992909715,59.75213954890038,5.95770458098933,81.73336046982301,maize
78.69265102152632,29.57438650108876,21.72869540390517,24.769216630092217,66.17735190502265,6.262510789299418,76.04220021661034,maize
69.11761773397315,45.57116840133017,12.852242572864627,22.077772387567077,63.30108128462123,5.878089724323612,66.3720018596891,maize
76.25439865564313,49.537089611026495,13.321464112390467,27.068952418478002,61.28585213150243,5.357643033046821,87.23623175738666,maize
77.9876388294638,38.70292682635715,22.81360005873039,20.92302299217415,65.12546001399575,6.98216819279795,94.90398858342083,maize
99.99469104780822,52.159464151238865,14.165224713011485,19.208501973789623,65.16474942640444,5.654088890999469,82.49766478019433,maize
88.11110609705143,34.586861293309845,24.081391535540085,23.206709027778842,50.29457691787371,7.08993645659691,98.27088224679267,maize
70.60892394651492,44.676338400170664,18.513880672980203,21.520253721577852,73.9925705617735,6.916267374763285,71.08171406478809,maize
77.66267054516442,35.12945818045364,18.145107943459024,25.28856922770182,56.4779041133567,6.3028691865925675,72.89488557441506,maize
79.76092267522228,48.801547264290285,23.370243984912264,21.908690928811218,63.360914335728395,6.5070615380416035,95.39024199234797,maize
94.38280600420887,55.04040852292437,14.56461119632287,26.230842442187644,66.61169145909062,5.5038878181145625,85.75551997370022,maize
90.39071891946477,55.71076184481701,25.079837865317682,18.53825542734624,66.2562324267389,6.044965138447353,91.74893469490615,maize
62.42047842771875,38.309260432910115,26.63205799137369,21.772070737184066,60.79049973773774,5.974739292319,66.44725780322429,maize
82.85112231048637,48.55173439388191,21.243550420546374,20.855247320980734,70.93024231836951,6.963184867376996,61.59862866147351,maize
63.175315236273846,55.53436870768398,14.291335541659823,21.7544453456682,53.41504597400731,6.386205979607976,53.34888530390132,maize
95.38534158544974,41.21268947167968,20.452551853401236,21.14855179006859,57.68775247712234,6.679438511537564,67.43517693859927,maize
79.33133431869285,40.61060525019187,16.162868284980437,23.548045000057375,60.74024734354146,7.392666961987528,118.89237665308457,maize
75.63380199673372,18.26931138285041,22.874708782043484,16.810143577779463,70.12225356004423,6.9598347321451,65.70063334416866,maize
82.1505082064653,43.752067845489044,31.096267046490603,24.806247651694882,67.15547257492544,7.448820706062046,61.9314007975794,maize
67.5155127705644,57.98652206670474,22.776771787145464,26.788406158054272,58.5687675277979,5.945451980525158,85.81918383476835,maize
70.51669588463774,30.8357940202105,21.694417359777365,19.328439727996503,67.20718817440844,6.202923752948556,101.79964899554972,maize
73.6088944462977,47.96525959222129,16.56601603618451,20.812184810373346,63.6787938906291,6.490605058384527,49.601430605011586,maize
73.89082825802133,62.44601449310804,26.38475759708116,18.560918016554016,67.24231862461058,5.888505317657617,95.66157089005961,maize
68.03871576529392,35.03690125996733,25.096313102001133,25.092730112144206,69.74551167197745,6.385885082750896,111.11659496236591,maize
98.1712201756958,23.28519386999508,5.290817405165109,21.86429746674256,75.46535143954452,6.364602055717825,108.68966455866087,maize
81.82967515006577,59.39125920809664,18.061943136179032,20.18307054672656,66.50343513419777,6.580796266412613,54.58618911047521,maize
89.90984415759874,56.843749207400194,18.67933784016275,17.77647078870806,56.463416690312066,6.196856711949742,48.98122833158672,maize
81.03149937345567,53.028739480843214,13.554795138313946,24.00399026012652,73.3569102418736,6.665429030967093,106.62115170084721,maize
70.40563142668562,43.128860077401754,22.038589558175754,22.62831948593686,81.11731115489194,6.948616126189731,81.4261625560091,maize
77.18321325585045,33.63762285219154,24.590039826095733,23.533685540311563,57.71935998392883,6.23131245024383,62.91587789237481,maize
66.99133629729232,41.00123945057894,15.937101416042623,25.04918017857594,67.53044208021551,6.639608337227753,84.33668292637078,maize
83.47038329317526,46.16657212762063,22.567058640718024,26.45535825692828,67.88484619958373,7.159432789750927,85.9905415505263,maize
54.977663615907296,75.32731907869004,69.78250895766463,15.585510433562145,18.19691739970105,7.363879922012552,62.448851610012966,chickpea
28.409471433802718,54.63053994354523,69.91912129730483,17.502546354573262,19.606603131140034,7.046171735340637,93.29474889926688,chickpea
43.50688247247269,68.75734241664176,83.09757921217071,19.235480994598948,20.9478666479928,6.4019170755358,71.17678035858664,chickpea
31.10899444738344,65.31901241552436,84.22733046342718,17.069496938682864,13.79896589184284,6.8770803578982145,99.93031766486584,chickpea
30.667700270586447,60.41324685636008,76.19900790657768,20.05284429000369,16.93697790497982,7.140802385703146,58.23381175702461,chickpea
39.531264712774416,67.01906397235813,76.69993420285387,17.18943407532419,23.976548907999327,8.309859888265256,74.95190270433433,chickpea
32.94018103079833,55.06279376079416,80.6677103283708,19.23030487739234,11.0241835080663,6.788405583694702,93.7485528667851,chickpea
38.400505807110626,81.8867577498994,76.45727968029443,18.119438995788602,10.875202495283101,7.745395057306882,71.46352667329096,chickpea
50.968686355877544,59.13740681521179,87.40223423916548,17.801096109884735,18.48685802788806,7.1864411265576305,73.45445027332079,chickpea
37.97048366362189,72.17579416129313,85.4366364790626,16.12882706804,12.236215106867174,6.608938978986986,91.683312535827,chickpea
32.67802430634252,62.564373748857626,87.59311549891984,22.489125823485857,17.97854441987724,7.120053454065919,99.69103166576056,chickpea
40.23066033740201,78.62363007512405,84.31264209429544,19.127201526329646,18.24948049769523,6.6774628221077075,71.90756162280537,chickpea
30.195308919825372,64.16504954778765,78.65240896353254,15.987129694121167,15.588745334990534,6.893918749001388,94.97502768789383,chickpea
38.07766915198021,70.40812637528899,84.18677489123502,20.827036948603478,19.417068403023844,7.264446681584163,93.32057090187902,chickpea
42.62445507844935,46.132209722184214,83.78518171268247,18.85799852148364,14.806826037008785,7.358991383136039,67.24081176527332,chickpea
41.20314458150049,60.39772283639063,87.4927827230116,19.10615715343114,18.423556472700096,7.334334840690494,74.96016458678271,chickpea
39.5802330901786,59.6991885108865,73.84205289166664,20.94211393699225,18.310651860347967,7.237091100122624,96.54402835917762,chickpea
48.10138430057068,55.9805684000467,74.17293386330434,19.33216843633436,19.68153445299181,7.3400062820584555,79.04331657066177,chickpea
22.492991330785248,65.91181382198982,73.96831347197528,16.838474654085008,13.254839534273188,7.129555609145045,83.2062073954477,chickpea
53.681238404135634,51.88441935275969,78.18510054999781,20.02517917653683,16.493263752049003,6.653735344536362,79.84293994630589,chickpea
57.201554772071006,52.316360536530915,75.65568328904988,18.469513111520282,15.599187760162442,5.885203093733416,90.81780793567741,chickpea
18.095644063084645,53.083713939318685,75.1333912334417,19.887417638940423,14.213868446884723,6.496698526121785,80.53704941621989,chickpea
40.334153594539494,84.82825392580256,87.66371414848899,18.030110214973508,11.590941788558675,7.243898438845615,82.36508541506464,chickpea
26.959364990863143,74.73441967130486,74.53630573865505,18.651393711853938,23.396197341561763,7.35426992288622,72.54586476494556,chickpea
37.52661515666735,60.43281743140109,80.24903981187938,17.126674706069977,15.445076649388513,6.130142252702122,88.53425273671193,chickpea
47.68494065145164,63.90793697641145,84.49795544690613,17.6600355891036,15.968258153558612,6.1721487409286535,65.2269581991712,chickpea
34.750315339951705,59.31691006292236,87.88378316517685,18.87020697248455,15.466812385832789,6.868599415851592,90.15780828538895,chickpea
33.75210817292702,60.995581530483356,79.01663447161246,15.492608231855638,13.82410000208221,6.988207885481279,69.83063771576477,chickpea
28.458975120230484,56.67317279497379,83.89243460631583,16.34835786258841,14.312972210673081,6.666772218974266,90.96561874688909,chickpea
38.501861989218476,60.14141159438712,80.7387361653404,17.289978789642383,19.825015933471438,6.2747876834788014,87.89384267905109,chickpea
51.63860839166235,73.07425787040908,71.33246496503827,21.54156937730381,18.159056084428087,6.968964966266885,60.85509834308199,chickpea
36.92621272645004,73.0187316781906,78.76478160206437,19.29040461897402,16.53776189360661,6.595016368767312,87.65050836785193,chickpea
42.875250327186706,46.07777344939815,76.52197384988031,18.92969389122441,10.375843919048105,7.485379995067814,67.89059212843691,chickpea
47.37192380574628,53.23546464000924,80.50959598020377,16.638376947780365,14.294695963105376,7.754919688465272,82.13474204966198,chickpea
33.551280312148464,72.41824761402016,71.48131014678631,19.567514540008187,13.806274963527198,7.607064954944119,102.51442340761443,chickpea
48.891130278085775,63.703136973841595,79.99723276214911,16.33114351994075,14.133009230827106,7.486236553484932,92.16715547110722,chickpea
43.24053854719131,68.32178617082539,84.39923678768409,15.417453975304742,14.53119884742948,6.694320861099601,81.54686071289453,chickpea
32.20142551652309,66.48864303727942,84.58163447085182,16.846061011632496,24.10284100427385,7.218980144222131,56.93535285555462,chickpea
32.56991715186331,56.21529778962406,84.83965937654926,12.484091312494812,17.107822393306062,7.203020675817977,82.37061437260937,chickpea
33.6202219443763,75.31404205542559,83.11475435229843,18.647419637245825,14.7564240814047,7.259990357579659,69.69583543998519,chickpea
16.797841638449917,60.745398515272285,87.00970553455156,13.666403904056803,20.36815972505392,7.5304560870880035,31.813027243929326,chickpea
48.951886277333486,60.6160154114414,88.78463312358478,19.329797707586856,19.912255182683765,7.284611148965441,77.70301632980346,chickpea
42.947102987818845,60.28281578823063,79.1998238440128,14.616900957233067,16.518840550722675,7.247804681373554,102.28801670515409,chickpea
58.505379104939166,67.70948406935612,74.98142716755657,15.917855087680596,14.079140419875289,6.788281635038061,62.59764007778377,chickpea
37.45386295254991,58.74547583619366,90.16299151180316,16.544510685701358,11.807796080722142,7.64122392623759,104.53701272423665,chickpea
44.77280807478128,74.27288439196147,79.12146437955417,18.978123063123245,15.78315724431711,7.5156261352065155,64.1276127161508,chickpea
32.52437004041563,46.099843266147396,78.99917246514057,21.2160975453678,14.220762187836415,6.622973583567356,67.25492190430418,chickpea
39.88222255005138,61.650769582162035,75.02298727382373,17.610398144692883,14.96630316440686,7.260034577530002,91.80851975697328,chickpea
38.6420684491778,78.63836040173048,79.32355038909786,18.782980222838656,18.662628355463756,7.528233126688447,79.41225511866585,chickpea
32.000280383614424,77.34509191160724,84.7723640499792,15.393187092458497,15.9889157957643,7.061102290599174,72.62095861862315,chickpea
21.751912809909136,68.33824198243911,78.26587576721525,18.882155640488893,20.048168626540978,7.39521223873412,89.82649405956266,chickpea
34.95294253923484,59.30151150283916,75.15374320135624,14.960077678080186,19.657132372531535,6.888264835003206,89.54453325829617,chickpea
46.10928880602647,61.28078722906961,83.33885517794117,17.731233939696295,16.78169587322454,7.3230820377342605,74.66982767415804,chickpea
27.77088310291114,64.18446838603201,82.90951939838071,16.704227622204094,12.841298283237366,7.038839690480912,102.30921087107482,chickpea
45.45848696617519,84.21919695538071,77.6003506900428,15.238329367024471,22.16590507093548,7.515537045437179,82.87450147601018,chickpea
39.31546967744498,62.6546927248536,82.74374055653817,18.302549693774186,17.188581403760388,6.945606279489363,105.36642129177287,chickpea
54.42368295607439,69.3864359446275,77.41485452727215,18.994824275198752,15.78985063139854,7.344847586435565,83.68863887520011,chickpea
40.433542320495796,62.84723701685858,87.12992603531012,17.09463993390462,16.44997455302837,7.149041075310072,64.3197922870835,chickpea
43.96192648265193,84.98494219877105,73.6559961781407,17.993882664712988,13.867553640973625,6.34182527969414,90.01208035884852,chickpea
40.03730901557099,57.567480425388624,71.77685952900325,18.597396989534406,20.336196161617462,7.760205058194175,92.96402640825508,chickpea
38.365507869671696,73.04653796473275,74.87037000352679,23.816073445648772,18.993112533593884,6.146552770393378,72.49623411840746,chickpea
26.728801933340304,54.06484939159973,88.52994987234719,17.769716799781914,21.4572490893878,6.889818179563412,81.52326134635936,chickpea
19.753451917210857,51.63661223959334,83.89764657713364,18.028905997266914,16.798812643402417,6.3472797856305085,77.41070542554047,chickpea
23.342215192551887,70.6823305338612,81.63033912090684,17.258364861025086,19.181751870246117,6.912527434301514,69.46607813915602,chickpea
36.82764825268644,68.43154047138255,77.60506199526294,18.56822770941299,12.247693348968056,6.478070657798248,70.34212840893196,chickpea
45.3413668762444,88.34525908935225,76.2672898356639,19.596299718063246,16.735749970290257,7.165625573418465,85.4525600882234,chickpea
67.84222113930956,67.82833971514405,75.2512712204352,21.479425361134133,17.472593553619898,6.982012598393889,97.24040640798421,chickpea
48.180600915925886,62.797106978219404,80.33354361653001,16.692548671893398,16.805266749265293,7.14002959933437,69.69757227252032,chickpea
37.289534732610555,69.18480338288474,82.64111341498533,15.589078371395889,18.109116709247814,6.946661892420869,63.67391890816111,chickpea
50.51403764295077,51.91383119789306,84.70586797636996,16.392151332587833,15.883536237994628,7.363206817813138,65.82620296649044,chickpea
16.88777300438765,67.24026718072719,79.3548558613966,16.898644002803188,17.268337721606187,6.933369462458912,99.00238713056984,chickpea
36.41142437212311,55.711441608759856,76.52478296738984,16.682204720922176,13.56633979486438,6.583341389981231,85.82589309796525,chickpea
45.75604282713924,73.29841569305587,73.66899719833538,20.898401518803286,14.630616136166617,6.859205497345008,93.63195152394903,chickpea
34.963726976728296,59.50524121716289,77.7277770859091,16.81519071431085,16.997017240768447,5.617338033178448,68.46213197367598,chickpea
36.22523246901062,66.19300614993267,74.46231097936632,17.667310743447597,22.235518953849216,6.280458622543465,69.14278330227847,chickpea
48.172694660255296,64.9909679894395,83.91759363471078,16.894709053068166,16.97448894020556,6.482830548479941,75.02208601486637,chickpea
51.1020309463831,51.78491357158866,74.12968359144747,20.675226774950847,21.692064061032728,7.213321926676893,98.14192454602275,chickpea
37.90228221882825,61.92572947411609,80.07143895775978,14.654487885906185,20.077266749026553,7.376619400538348,86.21092912569355,chickpea
53.78181020966532,61.57342008331014,92.25238092458893,19.64913660458535,20.336098377463053,6.992646777885763,113.15531795481492,chickpea
38.244128159122376,64.33798749072297,79.10237740549812,17.632572562201037,14.465695365913312,6.613482922157933,69.16729346567843,chickpea
42.949842461743906,66.28751451219114,79.80751701927302,18.411839056693356,18.876508957769076,7.346337610540742,70.69411622214483,chickpea
58.66750669199423,61.42511848242033,90.11369226481077,15.48264002404737,22.385348124983004,7.183992955409279,83.10852566451902,chickpea
47.43729857822868,47.215411683897614,87.25599413216557,19.02666673330185,16.836482261802576,6.910537710839402,74.19981440841995,chickpea
36.19915199345849,63.96702646440659,81.39200737638443,18.80349992678824,13.445048691471145,7.075114350699768,93.79097553150773,chickpea
35.29137600379099,68.94580795293889,85.75965899616415,14.863950782218565,18.541069938806906,6.925906865433387,48.11053083997649,chickpea
21.5739791749259,74.1475019277487,82.86879167477994,17.535436328872468,16.31069773443382,7.553601623469063,101.19906784371274,chickpea
48.07187111253152,63.02336661234874,83.76876517971624,17.481550511385464,17.45460668930421,7.586431310503053,88.7080907890905,chickpea
50.90445867793913,71.81409221267683,77.89080235971996,16.48869193480304,15.676166593538701,7.292213419701452,79.31544484494363,chickpea
36.29144762892754,85.5499516249013,81.90921199789682,14.467997147298323,15.358487041160046,8.027155349284463,51.56364196596971,chickpea
46.55670222817393,64.6896377954762,77.9521917981998,18.30845810748041,18.37665052219443,6.813893387396526,81.42856124705227,chickpea
40.99035712945175,71.09062749142876,83.60696772594021,14.344115287374326,18.01188417685574,6.568479271947304,79.7848816976346,chickpea
50.82404250358171,46.376535144172145,79.77738436264993,17.151505776058034,13.838242784925406,6.321815555608035,81.94759312018826,chickpea
37.1901469688103,63.28580397849622,89.03449596661784,15.245566327407968,16.720643404373018,7.554668261272017,71.02669321879928,chickpea
37.15643987885333,70.53710875447675,78.88375295877938,17.700928745459652,14.87653597378578,6.686527875221836,86.22387881089321,chickpea
32.46135570739455,63.52883548153665,77.1277108317519,13.753686998310066,16.61525546605323,8.514399317011808,73.60499246360932,chickpea
43.01809273969863,68.97595063400583,80.88014309796058,17.13105532090174,24.440518587287478,7.375645070830596,86.67151431301409,chickpea
30.893962042548416,63.75199975218459,75.0176715250864,20.326098320600842,19.720125118086116,7.890220248240149,79.95085190740204,chickpea
31.68529447385899,68.59014377205756,79.59592617015196,17.71842857609828,10.25184457737878,6.707693457699804,114.99009730417471,chickpea
43.219599195548355,70.38137696377817,84.58717008056732,17.935375354684467,19.031254950169533,7.996730106926528,54.85344154152551,chickpea
31.810123675544105,50.09907823025938,87.92596267169776,18.758420401474147,21.432021381127054,6.705154317155513,97.2190343706803,chickpea
35.62431080923694,65.36071076353356,88.05679427819517,15.949419128796942,19.61233234118833,7.871084065390754,91.66230562825457,chickpea
40.65298344311455,67.8205090690341,76.00424067788543,17.758001585262306,23.840715390948795,8.23247456089018,95.73895311500516,chickpea
39.60089327842799,71.10788786763523,80.1744314766759,18.140926098736493,15.059686904104948,7.043160332667296,53.769253594310726,chickpea
73.71312943678716,59.71035472331371,75.39820047785867,15.84476762231081,15.00823380469574,7.224709881005646,75.23789156170662,chickpea
25.041238150330116,76.31288324050035,80.4937394797972,16.32133231565547,22.786514447387212,6.7597885330910294,87.44484064502592,chickpea
36.55150961587035,71.06104444764033,67.16597171980014,24.001938281202293,14.395218342185432,6.163494294248766,99.6169675190608,chickpea
31.285622218211614,63.16395464929384,82.65145655291319,19.06122055487826,21.313363873775653,7.501373177300307,50.611698621244365,chickpea
20.534095750375098,61.7518716885291,81.34025512255847,20.157674231210127,12.875848128174196,6.487826874310947,108.01671590379482,chickpea
58.04199838092957,79.214978597369,78.70761764722005,17.23799594280606,20.457881601818226,7.490484890088731,65.51692883935759,chickpea
34.131433092353575,68.04610277541836,80.40475629446146,20.008561489673273,21.210129217192424,6.677411136258358,42.36411043448219,chickpea
34.23814706384469,61.67822081608124,80.35089998204887,19.593847353786007,15.315879751458624,7.215277523278603,93.4976163869239,chickpea
44.95487972026605,52.981043364253665,78.37276687696104,17.752680115818848,16.34337739745351,7.089168488911039,91.21827849791202,chickpea
44.42201609494146,54.16860695496329,86.6552131338946,14.682769287644415,15.312710133979603,7.11382250331066,113.00519596474288,chickpea
27.055509261813654,70.52794116133272,89.99316647695002,13.060735154225497,13.801257933021875,6.716557691830904,77.71139614159155,chickpea
49.69604656880025,71.54187268408785,81.79112380791527,16.690319599288326,17.617918657162086,6.271446056234578,71.22953441809746,chickpea
49.05108904993115,77.12643155466492,72.95250628637338,15.18728497835202,21.296961435848278,7.118363460998725,87.81483119379274,chickpea
34.40244147784287,82.59472525173891,85.24034125121129,18.723267614487074,12.6882273869515,7.120218354462903,89.98173299969257,chickpea
49.9133316047319,63.2477637289713,82.12771862660976,16.930409391877053,14.445617061453108,6.497316068106673,92.43410957266366,chickpea
43.58233553627746,57.192109371915954,82.58647655852293,19.333032288788228,15.306444188652574,6.5524559311043715,102.12639671822349,chickpea
32.83575980961992,52.666884614442104,75.95154306526014,17.69032578572722,17.988471222249046,6.426991829339355,71.43027358824148,chickpea
43.14524104903193,86.25452308123904,80.37614315829414,19.261559464379626,16.63244292787426,7.099043748075528,64.62262632042614,chickpea
39.663092278775096,43.08803149656653,84.4577295882251,21.901579576763233,16.251580407617556,7.079452525609776,65.63961184140027,chickpea
34.86045020871523,68.29202422483867,79.97940041144932,16.486520565863245,16.113444396113216,7.525700149755402,88.3008317655385,chickpea
40.436489628323805,63.346462202409604,69.34164690646078,18.98845703957356,19.351244282587192,6.539903345616737,69.85185151635461,chickpea
45.33589096489731,79.31197543991543,85.92494823998892,16.557136450704867,16.831376279915503,7.5276334539744445,87.29700270873398,chickpea
33.31413120982473,60.653347998333814,76.82169683398126,17.722890810837043,18.054113820710562,7.436546111591474,66.37636128062515,chickpea
38.66619256122633,50.12897022774972,79.42198364820646,17.00534189895368,15.392224539314917,7.353739720383891,73.78044564483491,chickpea
29.913179035717473,67.63280595923571,84.6656134776593,14.722262724787928,14.54593064617719,6.9282382381315655,98.76061461503635,chickpea
38.543466367245586,66.46260406328044,72.72615522374193,17.611369632752535,14.559815423081965,6.871698198317124,82.46835815480797,chickpea
46.9956430688158,58.28643558747979,80.89579720862402,15.830306093142521,18.630056968225382,7.296639687306226,53.52057488587034,chickpea
40.435846666004615,64.60140909756284,82.67911974162037,18.824193120348216,20.466694864524133,6.0285979688228295,98.6935139902829,chickpea
31.851138985678844,64.9046758064207,69.66272588189301,21.832017169846132,12.76767108522096,6.437645971021142,78.93731286185492,chickpea
42.22436168825495,77.8395249662761,76.64250509069896,17.575777933835546,19.640996126247863,6.390466281489418,73.86123705077453,chickpea
40.32858721153861,73.5427326717825,87.56977099957801,18.944403935361716,17.830670490200884,8.135230875324194,86.54728039469242,chickpea
41.11032752878374,55.54176995794362,73.08226305603802,17.459135795592076,18.483549602103537,6.927917337731815,82.92041959868139,chickpea
48.04091896456656,62.50487345963255,77.00514535651227,17.870871182648926,12.582155153267259,6.9465091870758915,104.60959364706078,chickpea
35.27503805229945,54.15793857089848,79.28540120414725,20.702721599826404,12.42752580867474,7.990575938627007,91.40490299575126,chickpea
29.051696397685053,49.25933071370314,82.37903052136075,22.022197267196844,17.56929465832294,6.232920798230865,82.45287769005752,chickpea
38.89205716457804,55.74219448088821,77.0386571233932,18.446755737317172,19.534341911619595,6.655667217014138,74.42513542387576,chickpea
39.765004282533404,82.22443854748747,75.88407918276377,15.130450008890394,14.106829514488366,6.4334080173813195,60.6791853589183,chickpea
42.44160884945671,68.3567772541002,71.8251110639817,17.64014959498741,15.736002754410574,6.99458661676455,76.69290917495327,chickpea
42.06197916302687,69.5194913434671,86.51299379811697,16.36969149903568,14.259840100800231,7.611202776688563,69.42988410012659,chickpea
33.128180723939224,58.19197186652304,78.7590709256,19.5714747343426,17.52409770700973,6.174716267853943,100.78093108620801,chickpea
42.53762643538828,52.87832717136318,81.58097242695094,20.765466564815934,17.466835453021186,7.651149139477472,82.22149382827351,chickpea
45.694626974611914,65.92083992318739,87.08995912544776,18.270365652125665,14.32313038949356,7.3407858720884835,77.40755444226534,chickpea
32.34788899250597,48.18555173384753,74.33048455471823,17.366169725764355,14.857602965718282,6.954070850422415,97.82998446500656,chickpea
30.002896753372674,54.857924658717295,78.39343364922078,18.44967627792063,17.081021158361757,7.004180352252314,80.43064871395303,chickpea
17.71437542154343,54.66864650348809,80.99562011085972,15.375031473936579,17.461327939497234,7.234359336495861,81.99604322968769,chickpea
38.467323080351164,80.19768529493689,85.33023787566786,21.225428714836127,19.582616814274225,7.561500532172964,78.9171960742047,chickpea
50.95049415629994,60.14557252907545,79.41025578213365,18.94400843636262,15.96442862626003,7.362751448850535,83.95515134679573,chickpea
24.042091807108328,55.319237303539545,21.7499961461843,23.28786386092737,27.057151605706146,6.077483169558844,121.22451239339668,kidneybeans
17.76099594667583,66.80293308914156,9.092731630505144,17.951575408412396,18.072152549451815,5.764290659656153,99.68277876374084,kidneybeans
19.885568149288147,67.6576122610907,26.630791855328003,21.265153425023364,19.031748986468934,5.78185384091947,99.78122853356344,kidneybeans
25.392610874436908,86.19247335084171,21.487810308233797,18.115633999824393,19.260652768701526,5.747684339081194,85.08181622315496,kidneybeans
21.131892717334587,65.3813859827168,15.31238810303422,13.692006352513372,21.470913238706054,5.954732851830945,123.65560617019332,kidneybeans
24.897924117152918,47.08578771307249,10.909864397810047,20.979100814391284,16.077963690547975,5.814032780725708,87.95962871665196,kidneybeans
22.595356546137552,71.41707498538635,17.23864836544473,14.881922581728304,17.949346533177692,5.77089817135766,118.51344275076431,kidneybeans
25.8636419471568,59.31061401890996,17.06387349199886,21.859881332857647,21.328775268733775,5.61623768484019,93.36717540635154,kidneybeans
20.59264390690541,57.94026816098322,30.021953264198395,19.0224083502727,22.267146137710153,5.701796304625479,80.5874248995511,kidneybeans
19.788235053828732,58.29098856405069,20.57045424173862,16.53755126814127,21.066673185609794,5.720345700003067,97.3211251327549,kidneybeans
23.97568026425493,46.76512913408617,23.285265592707432,19.268950026701592,22.65383608537519,5.8175605752613215,136.5166473600595,kidneybeans
20.777475344180075,69.47185674265936,19.044668145643744,20.252882328006127,19.18369537505452,5.922609173173704,49.363082611245076,kidneybeans
12.285143816103954,72.5763418339225,23.81930336211365,20.88122959954822,20.517432878425247,5.634262207891209,112.09408351399965,kidneybeans
26.178170180233092,77.61854234854289,17.875574235098355,15.422901805704406,23.117937330621814,6.043917641545908,98.20562856727594,kidneybeans
20.582725041061362,77.75908280216703,28.2926416937472,19.42721062483849,20.912122762141188,5.550334979610678,119.1850628186612,kidneybeans
23.875736532460902,70.3097935229286,15.599213195420411,21.88681924089261,21.999092829136185,5.749561618583758,110.00556128146307,kidneybeans
27.79469910591152,56.00779121408739,23.28918412254798,19.52742307340961,22.188781614925603,5.583605029261329,93.27622329703028,kidneybeans
21.574678777239292,65.38932422658566,30.029929009589807,23.625761754786957,27.140528353465122,5.42097971212271,120.88489146136124,kidneybeans
16.626122172805843,74.96751764138891,24.704977202386985,20.32633440543861,24.313681018112824,5.408254724997744,116.50664024994072,kidneybeans
20.181165891122326,54.609701180100146,22.8647968214697,21.851695454110143,19.263079779793078,5.733219430635686,140.91215712478197,kidneybeans
21.258159171205133,67.07749826300665,17.158363039540625,19.044943317675354,22.478227182011796,5.6790449926289295,126.08040559904019,kidneybeans
19.14847365466789,65.52300300910676,19.790566433253986,22.514336274766148,24.42770452649947,5.656287004771143,71.87215889489306,kidneybeans
25.340599626248007,80.1193066069042,25.16326065747137,19.12369330562825,20.132512946154385,6.020539194354834,75.84969725277747,kidneybeans
21.34473415685552,75.0656309283019,25.904832905011794,20.14688725374642,23.156596074280188,5.6220752517241515,108.85403038196337,kidneybeans
17.288017297429132,80.51311283423418,25.782072253138946,17.668742428913976,19.434580500116308,5.978682747673468,112.75180931886199,kidneybeans
17.192928560177574,38.40890586762404,19.184282132220275,22.36769794879348,15.29697545089914,5.825801250766414,90.17659280989005,kidneybeans
23.559779056819295,63.92413893997602,22.767583919751367,24.428453156232003,17.930755000759223,5.909991930642708,99.06528830693111,kidneybeans
19.79558841092098,59.01736393943171,19.080051218428295,22.171370176687645,24.51380110169871,5.856214837781874,129.095321304879,kidneybeans
16.25674036640499,54.53065794811317,17.22499624108315,19.135317191174302,20.89240187969377,5.254100283859152,104.35313972685196,kidneybeans
16.7170439873061,60.18814044300227,23.428418660941496,25.433095557942345,21.521912998575747,5.855763088913244,107.24176174530633,kidneybeans
25.638477920346006,55.78917809839145,24.03640135732962,19.56142230505238,18.378167922004625,5.943153114529084,125.86639118128531,kidneybeans
20.641548404946526,64.17317221728426,19.365576226096714,20.250857975192517,16.235367433667186,5.645844506272182,55.17520809619401,kidneybeans
29.235558946128386,84.3183955320055,9.04080574540858,14.922084900374724,25.805875875065475,5.901685233424906,83.5660334757382,kidneybeans
19.020850980379695,82.74883547864295,15.964465590706725,20.95409001871473,15.059885929137089,5.646681717910676,105.14976886293108,kidneybeans
26.2986227554543,53.28644440419421,12.876783016745303,19.200803247766903,19.73945222694274,6.106724843900273,100.8312936098218,kidneybeans
16.370615097712793,50.96866781796892,20.5690035474818,19.28304631056469,17.188293874358713,5.644686184761241,132.6173486119652,kidneybeans
25.93131778999642,70.69847096962924,15.819286332813235,23.424097708184057,20.17992491221311,5.816154404637651,79.95897784554717,kidneybeans
5.749279477122682,85.87496731580602,21.2443362589649,15.791506362912859,20.227495100472606,5.3907124981927,89.48412340136385,kidneybeans
15.291226350932266,79.41096472236511,15.259597617440775,21.10044617051788,26.80685143598123,5.730901724992274,91.27823051229129,kidneybeans
25.70904708046326,74.03946493106919,25.62794822912915,20.041915139938403,21.34743636827895,5.617715222962943,83.86042196741879,kidneybeans
14.733387480590748,72.37536844996757,11.671332048707452,17.46152582992756,24.23858435200855,5.903066356876686,97.23994516613172,kidneybeans
30.715192447848864,60.96831356649212,19.055647669975745,20.933514582340283,19.69936621028622,5.575460810899336,76.77840636229048,kidneybeans
23.8356020223323,81.2271957424316,20.975953114634827,15.338200674919237,21.262279476396056,5.86433118163683,125.5026450082448,kidneybeans
20.06478359321293,74.67664685170391,17.4785440892719,20.83465804647068,23.566885873754366,5.686861979791525,103.63291380441153,kidneybeans
17.920826551760566,59.88871288130592,20.92589572406708,20.922399580340645,23.67921724766076,6.04384961591155,83.63296944289365,kidneybeans
21.8949669861111,49.36064087637496,12.787727395393048,20.67368884700197,28.24857799845067,5.904948108024121,71.44774815280716,kidneybeans
21.826341703731117,67.32371619867806,31.249416207199037,22.76107267756343,27.368596409102217,5.735368188317511,128.80987316179107,kidneybeans
17.117440532771585,63.996274124034855,17.56312016550602,22.927418069373385,24.76895154684971,5.431540997396316,83.13541824678599,kidneybeans
13.534998871272917,59.09198315798555,19.66332120973654,20.902948326050357,19.22126255696279,5.945777524030526,105.72838091743989,kidneybeans
27.221945755020215,53.87905291536501,20.641610055041003,17.879577243784077,21.113096073505673,6.096599142737177,43.764980348366564,kidneybeans
23.583419297520464,62.07343832016329,29.307555221195866,19.339683259452872,17.844723418757432,5.897871669455309,47.619026964873655,kidneybeans
21.96106019474259,64.64101988217071,19.30823549441297,21.163844035262457,22.7796553821806,5.723854422781501,108.84930748465443,kidneybeans
29.270316992926546,72.81206470487336,19.058465962311942,17.558844632783337,22.672359362272196,5.796642559463561,104.14363071717455,kidneybeans
15.22092872827199,56.07021218137923,23.57556732168753,20.85473583011062,19.27774955910168,6.029690283011961,89.4905740182306,kidneybeans
18.977932617599443,65.32635323208918,6.744033214177492,21.19467238188922,24.12977854714227,5.735035754369271,118.56814301602972,kidneybeans
15.243917440769167,68.04316554386725,24.51145776455155,17.24577268822754,22.805097643751317,5.509170038938634,123.57587364157041,kidneybeans
18.52543866681392,69.33620644393434,18.06999931498425,19.13478165261414,27.413026330688734,5.597645688629642,82.42608905209522,kidneybeans
15.271828646737717,43.74730005812628,22.864559391423093,21.082892650277667,22.21718556781033,5.689826578802417,83.88809438213038,kidneybeans
20.986088941248173,72.3828615639709,22.685260014888083,19.021303012828533,16.778246856362824,5.561349265426647,160.15195626666002,kidneybeans
19.601427611307983,61.21203073842387,9.63228445172063,24.883720782867606,23.687432939561244,5.510541614923045,88.20622943093788,kidneybeans
17.557298409770198,52.91736583240848,18.56737117790478,17.209067768320402,18.91066349858118,5.710486667293613,61.62327062625267,kidneybeans
19.610591006765535,59.53323694938754,24.101329981888995,24.885038947247676,19.67899973711097,5.781517382911992,84.09462449448793,kidneybeans
24.428749916469044,70.47389967992879,26.165850183275055,22.173463998280702,18.86498821427623,5.744494294512676,102.96190404087638,kidneybeans
18.218051842920026,62.5294361257971,28.725527925624785,18.34481283080408,19.246218630090056,5.740636615408239,116.85595707277197,kidneybeans
21.51244026744167,69.17552587909799,12.371265438948697,17.98184191560191,22.89784678600947,6.12451827343484,108.95523611439557,kidneybeans
26.250720706055723,64.4316694030242,23.511836878074323,23.252024734377212,19.85539925830465,5.580468258893582,95.0705230641038,kidneybeans
27.29825322690038,68.66597339088938,22.789766933356525,16.656533456166287,21.347439097898985,5.575424596775311,91.72766714474878,kidneybeans
17.298649860216766,70.6768122996431,19.219586892944957,28.910118018986196,20.995606806990704,5.893878327720445,99.32487334522816,kidneybeans
20.76626212905799,58.70524847466898,19.78515613258525,19.862441800100918,16.8950057967523,5.516327596072926,108.22233789348027,kidneybeans
29.534278936134008,73.21696388547457,29.909881750564956,15.496219918779985,22.28042235324171,5.848521301201859,82.88150096612604,kidneybeans
25.83977545850452,65.96629966040852,25.992065083623608,21.443832551831363,20.26697491140916,5.74492422725139,102.89989633170558,kidneybeans
10.549856735409817,60.14635598064777,11.169299583599843,15.650485979088925,20.206423247789303,5.692182684940585,89.31151888999538,kidneybeans
23.13898825598932,71.93170381374529,22.001619474330347,20.453076642740808,20.94233586101929,5.421271525913292,97.19152281750141,kidneybeans
16.488197305304165,67.81075045262506,22.1473685262003,16.916455408199486,21.61969114587581,5.928530203489271,116.00138500330604,kidneybeans
15.21098538739214,54.26913223734659,22.693598578533962,18.69788601663446,21.751661700895255,5.825319795457134,93.85935854865588,kidneybeans
26.07862049261782,79.49068873691941,27.50145885612543,24.25813503763855,16.60473579643612,5.310384519924909,89.67168346702849,kidneybeans
21.628719210294108,56.35192409649421,22.99242429250278,18.983966887655303,18.168261404826552,5.733271809088926,105.6846738318215,kidneybeans
17.530891518314018,61.1457285966304,21.725906548613093,17.414527109479145,21.88909957492167,5.669793711779851,87.7398041431584,kidneybeans
23.70031925270866,68.28933464487811,18.70228064245538,16.28640237865727,18.790464278293467,5.741976665329492,71.53359696208734,kidneybeans
15.57227972618539,72.5192577030132,17.555670742996778,20.29715829034035,20.03464130245068,5.615668806192847,108.8743469128568,kidneybeans
21.78638479988365,83.88833165635876,14.161081792035537,21.59163809629214,27.65089278416452,5.76935533395858,136.81007394053128,kidneybeans
25.350164032542516,56.75518173293758,11.29329920930999,18.938231642977,19.12144811505161,5.8836239922412785,99.73032399213336,kidneybeans
20.98018689371746,56.88780629182039,25.05051996621864,18.16037359324575,18.01407717239414,5.955696725286408,67.59632441455719,kidneybeans
21.25140119393599,73.77354840748345,23.401449456208322,17.26160021126997,24.634403320329554,6.043399258101321,102.43266144946185,kidneybeans
23.620325351721036,61.86211255875627,17.079241016172123,19.619697875516035,16.403323717603044,5.633534723411718,114.59263781734309,kidneybeans
13.813857585507655,86.87856560936238,17.785761702435245,19.036073213744743,18.53238404734225,5.653112713421011,108.67030231758187,kidneybeans
32.2864760984191,52.714639045116655,22.5144287025852,21.81790594298113,18.315362210951786,5.7986601910036555,82.31273014403932,kidneybeans
27.703832794240057,63.836243188934766,11.357990308097941,20.16511739539438,19.906947220849293,5.853807334138077,131.78028845013307,kidneybeans
15.740424648200834,68.18501054988023,17.3950159586828,18.474420191197456,22.17235722155292,5.594240049294115,99.53865694424873,kidneybeans
30.09339119338165,57.88961845543666,6.090209759938238,18.63381879458522,26.741194479504102,5.467563613057652,153.5443642918622,kidneybeans
14.351066429178234,68.46581257734813,17.956289286216293,16.11731591494681,25.747908007567414,5.723177968057442,62.18567090546147,kidneybeans
16.112903566397776,80.33832382951823,19.439278601422636,16.749212609666348,23.9177021174001,5.3750357123758565,120.21707451976468,kidneybeans
3.135019351871815,73.92220746325272,15.560758637158195,21.512587218603336,21.25029511774169,5.572870708446627,122.86792200927478,kidneybeans
14.290080592594123,69.79501612881745,26.4654220807883,24.609355058099503,18.03180627028173,5.766363029814942,92.86529177051365,kidneybeans
15.161220195323752,68.45717512998856,24.094093547738,18.945213391744872,19.845735262490408,5.544110617677711,136.7255394741729,kidneybeans
20.435148921546865,54.9523702159938,19.885643615259035,20.936117547083338,12.242998304105676,5.204634640157513,129.4527109108471,kidneybeans
30.19586648676794,50.365933123089114,11.744409071165888,18.074471321862738,24.066860781933126,5.813528078849598,81.01813512832915,kidneybeans
24.6240461109615,70.49158019831026,22.538587625583123,21.865499220103295,20.729732769992772,5.8492817874390495,94.54798167813938,kidneybeans
21.32488359655482,51.87310809013312,17.7896249826289,14.844935099811028,17.79133591985054,5.680499059179981,74.95427722182961,kidneybeans
23.878149566070967,60.416151733187284,12.827754865502689,22.41263450368818,22.613557700343193,5.769599259620134,89.46544127350181,kidneybeans
24.572836190207227,59.724546050856254,28.394948796390658,20.018277269521572,21.01452780239269,5.414854975749785,102.3105553834501,kidneybeans
20.972897959679884,50.2866541482033,9.301921291026897,19.59075982200292,23.46095398896192,5.576106151045271,59.0042693451874,kidneybeans
21.363493546110078,81.92609771735853,26.28235631354731,15.014312479302532,27.406087211542676,5.908121197415351,107.25386274201026,kidneybeans
24.152257966256194,74.8636617934699,24.01239378240177,16.163514211944097,21.76786871564604,5.63534871210573,98.95365533559041,kidneybeans
21.86846879337906,80.84305900922672,22.09169391093291,18.275814792350314,22.815976689446025,5.365334363116224,83.56299641901009,kidneybeans
20.822046363283313,73.84758918555626,16.763212757823517,22.28248049587031,27.047077461100315,5.484730636437671,99.90857207085442,kidneybeans
22.178073827244194,59.826796356775525,19.94238671096645,19.007584714332793,19.687379803744037,5.4548028843982515,88.87305536206519,kidneybeans
20.595196314637985,64.69600724631738,9.05234831114826,23.22617446754039,22.9920200577202,5.552921386295897,82.26237725332855,kidneybeans
26.120033544668743,63.94383024490646,21.164255521453015,16.8988064831192,15.089854785623356,5.5452235144740145,115.15618981258561,kidneybeans
14.032504165554846,53.87097978770658,12.5001123296794,19.1224242938699,18.77694520802721,5.902197671584094,114.00510680471773,kidneybeans
28.828530692734972,80.98649998934488,17.547784842847637,22.045854008018157,16.16845272514776,5.520024214109361,81.08266152147664,kidneybeans
16.572002356803683,83.37832871767066,24.048189114333393,19.132873798028996,25.153686683451177,5.638824058498901,94.75461216300707,kidneybeans
19.859915689988263,73.4895476259783,16.063496047433745,16.237429002217983,20.822283945383717,5.840321793714412,91.22801756909566,kidneybeans
22.792353401043812,48.0757143528153,32.467610648072366,19.192516198000398,21.48964165243009,5.798375539023384,90.0351684663473,kidneybeans
18.627437919324173,73.95905936812582,28.82816569834552,17.894701001032463,22.924133693262277,5.6180259911169115,120.10407763475509,kidneybeans
15.322498097193881,65.31892021268078,26.08328395864848,17.241956713600707,23.958437864753872,6.180102255453767,84.39882016301729,kidneybeans
14.823643162773607,54.327685651748006,18.062449142423322,21.757420315391748,21.56031205958998,5.6930879717343235,96.363244171442,kidneybeans
26.604268232173652,55.20573787944197,14.4521635874326,16.333562404172827,23.354050233468136,5.740126341306978,63.39332287509524,kidneybeans
25.406920550678926,53.723227173300764,27.013618058293133,24.48206000447817,18.074432344513724,5.8629682987399745,100.45814845744404,kidneybeans
19.86360660402526,62.489669784783764,10.770942143911874,17.8311010890334,17.54089206642,5.631134371665486,68.5553259005539,kidneybeans
11.826094579041929,72.08389677010602,21.343156362770543,27.305539663945247,24.00755490910054,5.510727850249741,98.09756434354821,kidneybeans
17.663909735721244,76.32481064589133,20.435470446331422,21.143797887938792,23.41219041811447,5.722250601067998,116.80346581848275,kidneybeans
28.491483618983956,62.01396815229634,17.40979297826985,28.231391573723464,21.690041348672864,5.757206136570245,76.78411574637452,kidneybeans
31.638661604469206,65.54467648659971,18.940073046521192,27.09241557670378,16.11399593324942,5.9825800607534605,90.3511060146681,kidneybeans
17.722405487938577,62.251204097042994,22.04464370047957,21.227877926243067,18.88790969062385,5.798011310384501,87.35416347426036,kidneybeans
17.359990478140624,62.696093193735265,24.51399912483711,19.47842207041845,19.810401855848614,5.7331541173273814,98.18998700955116,kidneybeans
19.45486074509995,75.54502675248337,33.68000909564532,19.32559828635692,20.665384028080066,5.488701334546747,76.3143283290721,kidneybeans
18.389588614027627,71.57906135934155,23.28762033783338,23.176826626925934,23.648736617272345,5.841100892221551,126.68501430775586,kidneybeans
26.11536377665994,51.85506883426642,24.246576662378313,14.186575754413267,21.849533084380706,5.540848860832443,114.22649754868183,kidneybeans
23.950010655638906,76.80926550776587,13.416162663812333,20.409104033986033,20.39912125516633,5.811153920890008,117.91097583225866,kidneybeans
19.151533420961695,63.278869633583156,25.072764032164166,24.96245176838909,18.509265805774923,5.659549308624622,106.70744708339788,kidneybeans
19.2850597422974,67.4259195923978,19.148949036842623,18.333319734915417,21.9676355285708,5.469644928000713,85.51126148814915,kidneybeans
20.11794937204115,80.54711181429971,21.17490766991309,21.442288729812073,18.884889339659985,5.369278737111887,84.43689426109766,kidneybeans
24.519964046912072,70.64186585247607,23.989546260652553,16.837887132882287,20.145926570836245,5.84572751810283,106.38877350832121,kidneybeans
17.14501752057588,61.550355055510245,20.730090817705854,20.568275468099237,20.188703587617105,5.506622216735898,103.52485928664828,kidneybeans
20.1230315779933,73.38125541689624,18.6330241613056,20.13890619760476,23.359303816014304,5.946958720454771,81.00398821692274,kidneybeans
16.30649167697412,71.85661955728511,22.634294772535487,17.065373976341693,22.49565043372714,5.717420948394357,85.86199595296777,kidneybeans
12.142189206383772,86.08092438305889,15.238941047822681,14.887324477825093,23.644234485717206,5.420288961918847,104.28620056041812,kidneybeans
19.092646231090935,54.67580033486456,25.756801827700365,23.098549853636033,24.590217117408613,5.3863432578540715,124.73686338255504,kidneybeans
22.191240463401353,65.1304988526463,15.226782484683746,19.537391824876757,21.871415364121205,5.46108475522079,70.16474568547335,kidneybeans
22.044770029805267,70.22441923764073,21.01897233046907,13.20765762811071,21.164057958130915,5.468883681145812,99.860213694651,kidneybeans
18.366111170285603,70.1074718968529,26.3486465031025,24.20153199584818,24.56753039923445,5.821523872759331,97.47523604092693,kidneybeans
27.497949398079218,63.55184211712544,9.674705171462296,19.4340211975696,13.447658234857858,5.791628290179985,107.92144636352816,kidneybeans
15.64063484661662,76.72624173881746,21.389958924623873,21.840623958176955,24.102206400040373,5.4401639058602225,149.85808624382312,kidneybeans
24.19920383174989,68.39468451946516,23.42419860418437,22.574001985690213,15.024676307346338,5.4558069556447855,113.00321756893585,kidneybeans
25.93898101258293,57.463094003183464,21.766159150951992,16.867347196418283,20.518966048763236,6.052029090334302,122.93405668080294,kidneybeans
22.766590519577377,78.48894144169032,25.815533917981668,23.1419141939478,23.517060297700688,6.061846864941943,87.92451119682897,kidneybeans
19.55637590972647,68.04668527607511,12.314968662573662,18.94618213358161,22.2798669633629,5.257461080701274,108.11293261856608,kidneybeans
19.54375728211699,60.02069035916352,24.159066156579012,18.341055823115415,23.578736970951947,5.945803380428335,100.83737984120033,kidneybeans
18.840766641472094,62.35481532056908,19.722290230468296,21.705009957531274,17.569685169240433,5.796677483297592,112.69326947172665,kidneybeans
19.950034977967288,66.38401705298966,18.162485994591634,29.695656839977936,53.80956052329947,6.167830539240338,200.32086847103346,pigeonpeas
21.162908989703695,61.11331033447319,16.45873153687821,31.512358744882043,49.985561244781906,6.478976452426378,113.66006248571664,pigeonpeas
12.821105977084642,60.548545270800155,21.534159918202256,31.91438642143717,62.42623990473486,5.781287367095223,139.44142930091158,pigeonpeas
26.664099491046358,72.14560583797838,20.727085636481732,27.289275115552172,48.93242269733396,6.101584659148212,127.0378977264305,pigeonpeas
17.300641522500364,65.84019614635827,23.559064233035777,31.877414411003382,58.304585463093034,5.863906659931541,163.16538338256905,pigeonpeas
12.908314118331477,35.92992520483861,18.27697422465012,24.195270587604902,46.23875852179172,5.812187061752936,168.67640133962206,pigeonpeas
19.732687393749192,63.49477151817998,22.515576127218182,27.65036506393329,49.865030976570424,5.841671903749652,74.39461968696386,pigeonpeas
12.338523739233795,61.76247959520002,25.748946092369145,30.13487985813029,45.26084413442634,6.331333137928073,144.76325677778016,pigeonpeas
24.218265729795256,67.31308075567857,10.771604961713727,23.83921213192254,54.44962381764566,5.4278635877685115,115.9255463332275,pigeonpeas
27.152350974526982,65.15968294545115,21.533416800876253,23.807909662384066,41.33639957418698,5.315679827069028,152.9640448119207,pigeonpeas
16.62755685605365,52.133755438048496,28.318126578891132,25.53608711217156,47.30973881588328,5.996368504509727,160.02939096998307,pigeonpeas
18.890448867933735,49.013541678112475,23.687691590040778,25.09778320035679,45.189529789049914,5.621531810293736,131.10889647804416,pigeonpeas
18.620203616915088,57.635483779609565,27.7195106078843,24.44965063054824,42.052171247183864,6.150147276731717,125.56613855437362,pigeonpeas
25.513671589349286,67.11036776284816,12.82749016588256,29.651918173864996,52.26977544742927,5.888638766805702,69.61199729694094,pigeonpeas
23.877138249175413,69.63909721873125,18.31422235806877,33.27651948650371,53.48317673516771,5.957272740051739,238.65127192507103,pigeonpeas
25.266422673154658,65.85404092715375,18.768488899079923,30.398421363376873,46.92393937988978,5.952790048351929,117.80153623987496,pigeonpeas
19.4462356808678,85.47020348771078,17.094292892256863,27.8242437042838,47.547958201327496,6.806982542715369,235.90533807484115,pigeonpeas
8.6928354233265,51.080999532301504,24.25051002011153,25.43478034488369,46.20836043278517,5.764864792227299,164.76417794963953,pigeonpeas
20.024950433567362,46.95302981499648,22.139202819871258,29.312054065281902,42.86106408092048,5.982521441206133,129.27710580954852,pigeonpeas
20.980883293310686,53.20901612177485,28.27960442351248,31.338365102911737,49.5540904407556,5.181824952203829,129.0962539561574,pigeonpeas
26.449315931634608,74.80037404280304,21.110798415628494,32.05650619852885,44.971407934328326,5.889461632262967,121.24870782095316,pigeonpeas
12.721872109200806,81.54337089306259,24.704983418609967,26.099103272011682,49.32279222197295,5.792706385915587,98.63462049616895,pigeonpeas
28.48893238765473,84.20934365543623,19.986671225420515,20.83568032123159,47.413699356142324,6.2418896965093165,114.49751369211873,pigeonpeas
18.466722275046074,74.57455449230783,18.9263634673092,27.24422492612833,49.512705221309076,5.453660895605811,193.90071218097432,pigeonpeas
21.039871632983676,53.97274386755496,24.788348373276985,27.765522719089393,40.54036299456783,5.95386165956021,80.48851760696635,pigeonpeas
18.42559675551376,72.18716215062383,18.893331004865065,23.144873420738335,49.28646723055396,5.5427239522122465,161.75660727144725,pigeonpeas
18.41621013816598,85.51847116781283,17.31588154083848,29.734284625040203,49.29315798520893,6.127624578867179,102.41333614705532,pigeonpeas
23.80040000836514,74.59618042593776,27.95740636540278,28.59166353692081,45.82102709174694,5.190194234114925,146.23396200965144,pigeonpeas
22.774382579094073,70.40231771080944,25.35264589365761,25.715500625209344,40.75978660831437,6.024888649398933,109.15120826578952,pigeonpeas
18.715947460034176,68.04909811381881,18.316595299728878,25.53195205604112,46.52708391172675,5.349348649220495,131.1196310192608,pigeonpeas
18.610060345675706,83.88375855568302,19.7339985292412,28.197967978765966,46.46500507830672,5.947026566163546,59.47869336963633,pigeonpeas
8.85538267240553,52.31185780846312,20.897238766305616,25.50005149628223,47.016519133524916,5.878533116521333,116.99617021553419,pigeonpeas
22.197205617205597,67.21703924216682,20.502793150194798,28.970272092850198,47.65189159479527,5.589555033519276,91.56157080070307,pigeonpeas
19.549280647470695,70.37896884124416,16.964014424362155,25.658598233021635,44.834519006331035,5.458770339673166,148.145998251617,pigeonpeas
20.862939442353458,63.778540662588014,21.829710576850886,25.58009183238974,48.34673196427092,6.149094665642768,92.83299765345362,pigeonpeas
26.676636071777832,69.77312943294494,24.16417892580365,30.37905935128988,45.100980993924296,5.26314216338089,122.94513907902018,pigeonpeas
25.706268378078445,53.89227426156833,26.292216789063858,27.744340102147735,47.92081605049154,5.233263889354534,88.64126437531579,pigeonpeas
18.859926264994133,64.02870553664157,23.88096014239389,26.186729340348137,41.495654949175325,5.1617733540188935,138.28198573118655,pigeonpeas
15.897542517154802,61.493450339406564,21.881105654143308,24.78164308540174,47.176476991081365,5.01258448304159,180.29672864948543,pigeonpeas
17.804354565635045,65.60874565192381,19.052787523234766,30.4305448912247,56.933678066409435,6.074384431614356,192.35901458594668,pigeonpeas
19.483311071264577,60.16631582828327,22.625158461921888,29.98407995440725,53.7427303923175,5.859152941189056,118.38513041676424,pigeonpeas
17.19662701252587,74.9159780730944,19.630628606018053,24.832839237500497,50.59323982752134,5.495733687895267,146.1854766358753,pigeonpeas
20.202145109190354,85.45583012862139,25.14586779435718,27.536769993716295,50.38836551052916,6.03733424940341,142.95659608854982,pigeonpeas
26.215260603335572,59.888465865244605,22.321302322556445,24.572925389488354,49.69006027221624,5.098490444875807,167.59475331705056,pigeonpeas
17.356142330965284,45.94812223677825,13.184946445824398,28.72805946767632,55.58335070302626,5.7979732008988725,175.6455477890978,pigeonpeas
29.592875118025006,52.64400458245888,19.24492286273875,28.37850511440476,46.30373167674721,6.293069306918545,191.9788805139588,pigeonpeas
24.526474501908933,73.03492786359715,17.47927326749408,26.635923351385898,53.310361910733036,5.593619898215316,176.86727276868515,pigeonpeas
24.824675692204934,69.66519322440459,22.74552465409657,28.53672601778414,48.02942828100555,5.6952635721639675,135.78157465690012,pigeonpeas
17.72893436882747,65.49474399601017,27.22492936688254,34.06110398378087,51.2732145046762,5.110489227976159,109.86189465146055,pigeonpeas
19.217282569728333,83.44728505953984,20.639426477541864,24.951619367711658,41.55207863861345,5.696814634711511,228.0924321573842,pigeonpeas
22.133532227808278,67.28139356298108,20.968673349712624,23.042917792224074,37.80520906530205,6.0743141820742625,175.1252054549051,pigeonpeas
20.199546892252346,73.04776360577577,21.224316870887414,28.439040726819456,50.210451624714835,6.054435350860009,131.61027442888002,pigeonpeas
14.094609419408,68.59640670961807,13.890463251702943,30.993028191407337,48.41316694878505,5.027146155257711,149.14947120695686,pigeonpeas
24.032796959697162,76.59209510582667,20.526947187168428,31.782910264557866,45.34052863645472,5.132298204998396,225.08987206940367,pigeonpeas
20.874277947242646,67.77561699482493,14.568610980195013,28.909975637229007,49.15246082216855,5.563745102517644,202.690035992148,pigeonpeas
21.649882838061934,72.71391868759335,23.75383578443483,28.737019774183103,47.440660891077655,5.520821006430143,131.70249035472892,pigeonpeas
24.131943590664264,70.26252982126854,15.248676714060533,29.530336322674795,48.04854654143911,5.978815901697076,186.02864895404662,pigeonpeas
24.742161045497536,55.77196050870825,16.636067771175234,20.57747564706375,48.06255194415128,5.087831645999167,138.94729525184533,pigeonpeas
25.288650151173904,61.68642197723578,12.966926836342203,30.275109408017826,46.30912638353588,5.051042263074895,96.92035952822573,pigeonpeas
36.710793152488364,52.85183963765912,25.369942208482023,27.375813429471037,44.820678832093776,5.81314999620144,134.85761781047057,pigeonpeas
27.610839756920203,75.96476760998014,24.27226176135477,27.275321185087673,56.36613275694298,6.459362357997096,175.54925999151018,pigeonpeas
10.504841578974764,58.289900722597785,24.03473113317846,28.43909572356586,50.33021339589661,5.4359369737675625,163.88498707014986,pigeonpeas
16.943384658819014,52.331379661278525,13.704220591027035,26.72855837539384,46.6267732718339,5.540964736257179,252.39679728957748,pigeonpeas
23.15145206672247,64.4034780780749,23.204490993958956,31.45998359746779,40.47126327746476,5.793201735083588,192.33413497211626,pigeonpeas
18.700318038571037,71.4745989475769,26.13481536636647,30.953826048257152,44.65728859036928,6.513146449273276,127.84938820104281,pigeonpeas
18.683266930499546,70.03016812829091,19.644602526925485,26.85084534052072,45.14620710339876,5.564683117438646,142.98218430572595,pigeonpeas
13.622787299807538,66.07345266913025,16.398994690502363,20.613586517476783,54.21745209261124,6.139297560192932,140.0211665653624,pigeonpeas
14.61700419518188,72.08046979871118,16.538852134697677,28.06715508348891,45.808521482132,5.77333175308507,162.43362823585383,pigeonpeas
26.10971081042252,53.6274616956348,16.524578409346784,21.19959628706531,54.188466549759305,6.403183621929153,121.90237112827256,pigeonpeas
15.105330912154281,69.62182916232265,25.29576217063834,23.441895712961646,43.98995511521408,5.67227371709014,62.06947758191184,pigeonpeas
22.49503135636737,63.408991440479326,14.138334147453318,25.806895802132804,47.99204514465843,5.284984058425293,185.71693616969802,pigeonpeas
18.179574158964034,68.42014218795661,24.522981416543125,29.5002126916165,50.89232039639805,6.402181362342865,93.85303016292401,pigeonpeas
14.512956168042054,64.98479948923764,18.37090096753743,36.32404906844344,39.034202704399036,5.603172999787435,123.60131205781086,pigeonpeas
36.71341938056863,42.201196326495946,21.613190495135377,20.707838339191227,48.621054632377934,5.528685312582944,124.1489073068429,pigeonpeas
26.77286890788252,65.08758297079761,21.770033348780697,25.575739592791393,52.94289421713779,4.758503686201642,157.0174919424144,pigeonpeas
15.686441337535602,72.4005076139766,18.525720188649693,29.375846232277734,51.14002668374674,5.401334651708314,182.4428837682844,pigeonpeas
21.129612096178292,69.23764969381037,22.378393212781997,30.455127020609957,50.60881626829158,5.907319530845034,145.9466928289448,pigeonpeas
19.55530390247118,77.00994049532018,21.83515655026557,25.34153900447383,51.23649019142381,5.4078715837337805,171.8386170722389,pigeonpeas
21.424935139878812,54.993197655980836,25.258211964714896,33.39378976863324,44.703796920478226,5.668496796343065,181.40448489615025,pigeonpeas
21.897462126601738,61.06991519276859,18.359846043966915,21.724838654797132,54.0911361243013,6.586884800530893,136.20760225785898,pigeonpeas
21.875640572112633,59.65798555027734,21.136342566044334,35.663145684123634,42.97770739726589,5.7400500198199245,100.46710105708854,pigeonpeas
18.34753222751431,64.16627939488278,12.998668714778526,30.980857977132224,44.84904695892995,6.20561052706789,143.79751935595021,pigeonpeas
4.266635396370557,57.90094244925484,10.540145833683352,18.585602148927176,39.95391811871737,5.6346701019266066,153.48522881712213,pigeonpeas
20.471250384039106,61.90576710763298,26.179399120869384,22.934549393744334,49.63183628409671,5.396597177345668,151.85917622729437,pigeonpeas
24.512168932823084,47.480033081093254,11.182937603841847,32.695399677323586,46.8210087985325,5.530862535945911,214.9767143403523,pigeonpeas
15.969732613283519,95.2786556074436,23.01520641487099,26.898117613269836,46.3897897413812,5.748684498722771,116.85827412708315,pigeonpeas
17.217457933538995,61.24831998282007,22.35950731417946,31.174373090442213,50.87393619013603,5.526862809023809,198.92180060083064,pigeonpeas
19.82804912109929,55.54993712431633,14.733418880167202,27.536005027780234,43.52226165063951,6.730293551305782,136.16582246175165,pigeonpeas
16.15409326594201,67.43585568476017,25.273968228047952,27.14483322412859,60.9968922136831,4.932564590590557,186.76708529517794,pigeonpeas
23.901599176279873,72.1200990608801,18.493357285456582,27.560522952920355,57.38894269697493,5.028118875633484,168.49196498169422,pigeonpeas
18.20229232782231,63.07389725289608,15.247870060508697,30.94605501844564,55.16441659949769,5.597706398134072,118.07145409278311,pigeonpeas
8.5584090455937,47.0006482716978,21.639674037347213,32.99917852613102,46.74114563326708,6.65837009677922,163.51876328860726,pigeonpeas
16.363479289922623,67.02694646661713,14.109832750368327,21.597627163085033,34.95462084540912,5.270402462008725,149.23540599954862,pigeonpeas
18.645664034062147,66.9940958155494,21.887128350508405,31.495543799132044,49.15905692964318,5.836655756673618,147.6201537480297,pigeonpeas
23.004311910826893,75.43486886588332,22.811186783560004,25.9472914401678,44.52401440549426,5.483259390878715,187.25678859843038,pigeonpeas
17.111264278429847,62.81935594697112,20.6548920329627,26.971074498692587,49.0074002721785,5.545994108626618,114.71511125882691,pigeonpeas
17.52159891422455,61.832273757737,15.467748070983376,27.855141254150034,54.440709602841466,6.460816614997254,117.09762158400781,pigeonpeas
21.285090480695576,57.6805061641654,22.314402028497152,31.50935350220244,47.990936352116194,6.088357112505233,99.96432943477987,pigeonpeas
22.243034857010255,57.7479287209558,22.291349274600158,27.544436214022262,53.5501805535844,5.118533379064459,100.32769480012217,pigeonpeas
27.76946846259537,72.02795011983808,14.697640422854601,25.785879827354066,48.751108992383344,5.0909391062728835,143.58128238797013,pigeonpeas
14.657292444446135,60.28534564656098,19.219732927737663,35.305324706243546,41.86734055164145,6.103037584454954,188.57894184331508,pigeonpeas
15.618304195089486,55.63199817768294,15.746498442472653,25.790526612436295,48.68114158953477,5.816465900987309,182.4153733976445,pigeonpeas
20.073097495044774,67.09698402328583,20.431137839024572,30.483887166830478,42.123281459351176,6.001392506268286,178.20673026255776,pigeonpeas
20.767535241696397,53.52437439484165,11.996600793773473,28.55117698895611,45.72927498577684,5.75871342454545,97.59738567521765,pigeonpeas
8.838839502797901,71.69216388236785,8.993716015476421,19.73449395203031,46.38475543212925,7.278379954149185,199.384559839771,pigeonpeas
17.532990405702883,61.23132744620681,13.917110812123976,31.251696920078274,50.33568408420752,5.410172355103718,144.18648450716114,pigeonpeas
12.831335108535447,73.9773164209464,21.831159349838302,29.032996077297668,53.34491222346536,5.989863838837419,70.09169142002614,pigeonpeas
14.170500649639708,68.7163798456419,30.16702098683433,24.49509818594044,48.394798765707016,5.639774777491222,165.58173740580716,pigeonpeas
20.858976905142477,73.31069621210773,20.33607796603402,28.617906725905716,51.72428708919037,5.7293148057486105,75.27826826195347,pigeonpeas
21.12567625177275,47.30704550241664,26.35581578073465,26.985555544382386,52.976756441677004,4.84803899998032,119.06247206884744,pigeonpeas
15.728308841785637,62.65535882546188,16.9275174001004,29.681909184700974,48.06209404134311,5.7957735569572435,159.37940421048876,pigeonpeas
26.459045136771113,61.98214456521613,12.665350872982629,25.155686761767395,51.04901136206435,5.881362211488369,178.04934153198963,pigeonpeas
22.010703504442148,58.38491240610647,23.659139462571037,22.093685165194852,49.8408636587667,5.505245658024561,142.93480201177664,pigeonpeas
16.504023269299704,70.66795514298205,17.393872565297006,25.448129485620733,46.3399756678127,6.449621011151529,130.86897452407482,pigeonpeas
32.662927978300544,57.871428692680205,18.508932250942436,29.612264193859822,39.711735974714514,4.803502163810808,221.5150622584543,pigeonpeas
23.068172406009456,66.84242824549169,23.873262010979463,29.314538027184387,45.517873278691766,5.396652175175084,117.6519465854006,pigeonpeas
23.28263021390483,60.33387013841802,24.583548357980902,27.577846113371102,38.885150193365206,6.277139527146758,141.58307917672695,pigeonpeas
17.625014503845918,69.76823271081797,11.041516634188683,33.22871428474683,48.295257070485505,6.294696104143248,124.20793114319099,pigeonpeas
13.116846856117174,47.53609492315068,25.900711478078737,30.62978535204177,52.92727391114312,5.515801609018055,127.2314817486193,pigeonpeas
12.262925550891035,62.52158584825365,20.043037454003887,28.313139116508022,54.7095694513174,5.003462038293579,99.6519918319528,pigeonpeas
19.600035838121887,66.37870997763123,24.182008769571624,31.171167247979675,48.336698638572834,5.741667728283376,219.14249384831797,pigeonpeas
18.07852275095778,56.24794213715127,22.92937886844922,28.164140701448826,41.93788743926274,5.484319368835203,128.64774787364905,pigeonpeas
18.18072497869012,63.30743910016186,18.944276850648315,27.565576004454375,48.73724990622514,6.142989436809721,106.712248738353,pigeonpeas
25.4832868601366,39.46775177800663,29.18632740773431,22.917719260254962,52.33155465740842,5.481190694610353,120.28143370572386,pigeonpeas
15.154273491071184,58.95978677753271,18.29871236980146,30.348981315156493,43.168921843390265,5.611173776850262,179.85657120366557,pigeonpeas
14.808245953948733,65.37847256395612,20.256935665565447,22.99143497412936,39.66730268059344,6.135774986655531,165.39029321974414,pigeonpeas
27.108132929712585,79.10149668884662,9.59250144524215,31.037731730688932,49.595708068305555,6.056825613543623,165.79791464308522,pigeonpeas
5.34604986851684,52.78630123390695,20.914030832129452,23.788330078801465,48.70562861713642,5.065345142915718,180.783582693586,pigeonpeas
18.135021941923238,62.366692417990585,21.407300959500073,25.591437248009935,50.84629952256944,5.162150942500971,143.59472466931123,pigeonpeas
21.72080900540474,79.60697711803189,20.57940880920695,29.39480942117872,39.986748153878736,6.8320153156179435,209.21952166239478,pigeonpeas
19.482470168350417,62.72478755468586,16.459924715719726,29.561297811675075,46.20676321123284,4.486892997036229,103.98078361861955,pigeonpeas
24.77376127087247,63.038693258844845,18.488055856545593,23.976869867701968,43.49981632223986,5.537751409423277,88.22242454450225,pigeonpeas
18.358722830623957,62.76578665121754,19.221771496550925,34.161896448282775,48.61247252436603,6.410142714879055,141.79266899199328,pigeonpeas
18.585441362216713,76.22824341870177,17.267450967012525,25.84167784848495,43.42534929610228,5.675263951518617,146.74772615122254,pigeonpeas
20.90450066169189,68.67236302230717,22.561189918834508,26.211658731340282,56.27998780354067,5.477147746148146,107.67596612417884,pigeonpeas
16.406660695130668,71.6907900472782,24.83868313923007,32.07955742861134,50.22932071467008,5.017922545654724,242.41872773064276,pigeonpeas
25.073351954451464,51.08753135411334,15.971156966254357,27.030169045454304,54.930504725697816,5.5400684944045135,130.72421429097128,pigeonpeas
14.784819028349304,53.30140826821461,25.89033916273941,22.14522101945065,46.15624296795633,5.7680194155130495,133.7006979855953,pigeonpeas
25.167922079875275,75.26973893533828,17.945516818846343,24.859519633258344,52.234463013896956,6.508377475992694,144.6010024336263,pigeonpeas
20.533240154091306,61.64539218027542,18.723535171036986,29.709080628391856,43.77676975897705,6.499777266232307,155.00981017817224,pigeonpeas
20.365265004378912,61.22261720370754,15.046888331815936,27.166920785180707,56.50060751238391,5.360393949973275,86.18071490978771,pigeonpeas
15.97365240061714,68.37328566022218,21.359034344951276,30.059051955017697,45.648188902912295,5.845537209024703,43.3901023878073,pigeonpeas
19.214149123233994,74.5792390042343,23.524495969791705,21.753237770041107,38.8930176953713,5.637085761965773,127.17368236860723,pigeonpeas
22.853359332006715,36.717307377746934,5.774878431708885,26.574121037839937,46.895399892861725,6.0021050402495035,134.4997659970606,pigeonpeas
24.2949745040768,72.68159273252466,17.844617391589846,24.999055687872097,38.333626813049435,5.139693176618421,87.25567478883846,pigeonpeas
19.72547950051853,55.32749304223588,18.555846722154172,26.49245807767441,50.74801055187973,5.363750917232202,137.67748811564846,pigeonpeas
19.24216969280159,64.98102059524068,17.576301711431018,27.429027322575617,44.655587682900254,4.999964472856963,77.95851546016662,pigeonpeas
23.148140415627736,78.19611021623878,7.015383099813967,24.541549876261417,49.59901663477445,5.728290537396582,93.56037253135933,pigeonpeas
26.814457121483365,76.14180237809703,19.891842925615794,26.365803876552032,50.42229235196962,6.06675286323874,150.9478805224117,pigeonpeas
16.48204129877192,67.05203360960144,27.166289573909967,21.143465205553454,54.58723018481204,5.096409769468522,149.86086688928145,pigeonpeas
15.454282497377049,40.82093581614295,22.467169258878844,29.075369396384247,60.592547820498254,6.89432635508096,50.95377739652871,mothbeans
16.848765488654006,42.19227453465421,14.564865693206414,26.223565081363954,52.50443843860662,6.28722811684667,63.32338548193423,mothbeans
17.6376143706896,39.95755192060783,18.605047060967525,33.70985286913609,55.67558714480121,5.926666520280957,36.73954532295726,mothbeans
20.320678506416368,52.83266048450268,22.238676197362544,26.96752557663187,47.63487245780012,6.605395066795515,58.75941346771549,mothbeans
23.69597720796329,29.106543513724553,14.861517466436087,28.68272475061699,45.09498955580749,7.033054846998665,49.44661853926132,mothbeans
14.660507333958293,55.91935457399099,16.081327199392156,27.905870861690868,43.78386980760782,5.649406310328975,54.14213813620844,mothbeans
21.649383557356938,42.32898925519689,20.0307007583524,23.649934800225495,53.87077666129035,6.346384418126144,35.51466196287534,mothbeans
18.524136375620085,42.72017278650288,25.13475418042374,29.28071547093475,42.68811525096865,5.81595954593637,85.11439644831452,mothbeans
21.802134272990067,56.747073404996286,14.308751041396153,32.452443278589996,54.59539806504098,6.705539755296117,47.4823395662555,mothbeans
12.616759382468505,42.460156288372964,20.768217175430888,26.945244949818303,52.89809795395211,6.31656071059781,47.92178998424611,mothbeans
15.096109605990186,61.93837698681803,14.681620489941594,27.002393472099687,55.08239000146482,5.064900077956729,19.45525933705805,mothbeans
13.378932267278577,32.79289015301845,19.35637954535104,25.244105672126064,50.193794675412235,7.580809645168886,63.504414136574276,mothbeans
16.790445737689087,35.2971305014529,13.29808504963961,26.295267880004367,46.644263314847045,5.896969062932873,51.528232472276564,mothbeans
16.593030384160908,55.17534176683483,14.130657372329042,21.888335914744943,52.02725034995691,7.293509596327111,33.87076815387678,mothbeans
16.22461638442459,49.34128398109114,19.60823110008338,29.342630665255168,48.35285553715749,6.990580799893932,61.20423585076266,mothbeans
25.24576404470222,36.23893450823189,20.32221989648234,31.094326466839348,47.53535153685798,5.1160829213287355,42.64403265253414,mothbeans
25.365213617835995,34.04287737905173,16.388862383264406,29.47479085594428,48.43259481522036,7.787824572242858,59.1742712709149,mothbeans
11.104144335054656,42.82768143173443,16.775777942199554,33.055526781835695,47.81671568155012,6.742329773546054,62.943370449744975,mothbeans
18.06692053818485,37.49847092211978,18.247803773662657,28.13112162351094,36.7485593920959,4.9761520723064905,51.093190438214414,mothbeans
30.08348870166241,53.680773229426116,26.412286655708332,23.481105812507643,46.845205128004466,6.598520458456321,70.66572928241224,mothbeans
23.80690331016344,48.000004150637345,13.90845490475446,32.95097109673976,49.588418228932056,6.886943061882133,50.51844742490555,mothbeans
24.945485462287024,39.37155300710479,18.397445033391758,33.62326826472631,55.38827554636426,7.116552693840865,70.40643668639778,mothbeans
27.017559080562286,38.09714318327329,11.54502725070275,33.54219247394068,53.74545648296861,6.004133723370475,49.5138569607579,mothbeans
20.35555595070284,41.37056439727458,20.33223608414961,31.29040913453622,38.062970715776686,5.536899891857878,23.635583842904357,mothbeans
19.93794147203534,24.504133605971784,20.5279591982525,25.078582448754933,54.767562227610284,7.361832594849206,83.48515126420133,mothbeans
20.80416929566631,55.636824360281366,19.573326486759232,27.582567356106903,52.53610723676173,6.662060822406368,52.62786199806821,mothbeans
26.395220491698517,54.29363492480438,12.687031328972205,24.729120565896636,47.211959400444016,5.943332230718257,32.1439227065327,mothbeans
10.953580173030456,36.224588994795795,16.675069041089326,15.007484995945617,38.42705930216012,6.086337566338732,50.41856380087682,mothbeans
18.967255630338766,48.00876319703717,10.981470074178507,22.569014125019145,49.311862494645766,6.0620120212072335,55.81468852189138,mothbeans
16.006719508381174,44.366434579683364,29.51558128277128,32.355104451168415,49.762196198648894,7.811526045578395,72.01927203676561,mothbeans
20.89295139616044,39.93424262888247,17.226790388989098,29.030088567054413,52.49942352288631,8.380796875868564,37.95942430466856,mothbeans
27.148793608262007,25.065332412162338,18.332722934439,35.30696418713546,46.673668321450336,5.580343362522067,69.7260251998168,mothbeans
20.157180350676008,43.77354893093751,21.917219531441837,28.015840436768496,42.471027201651744,4.946966696338298,49.81945780233767,mothbeans
19.76957722189895,46.87486971844686,12.310743697546659,20.99439744253624,50.128903066892335,6.713057030981772,52.440227369930085,mothbeans
20.517033229296683,25.89630576666844,21.422169386286065,25.243166711654013,49.6446656756717,6.906397211651355,69.32515154620896,mothbeans
14.639001246981595,43.1594544438025,21.18792561022138,31.22131552966225,56.87841927802212,6.9464880358735055,36.51231075125186,mothbeans
20.217076147168502,38.055965470382475,11.507214771239655,28.195451734943916,51.563752924927925,6.359591528874644,78.05212241764694,mothbeans
20.421864943195896,43.45461895411076,20.97693227643793,24.619399828557633,47.16572683737949,6.910615883575084,36.85343757799373,mothbeans
16.347091035146846,36.31073210863172,22.553211103476315,30.5308866155687,44.02085054518765,7.110943446967008,50.89631712041353,mothbeans
13.595513995023632,49.16288390797979,25.71278062112784,22.257291192303278,56.47700045148967,4.603798618435503,46.249958368321,mothbeans
15.669366120360142,56.37348702313622,20.62183719881843,21.71737089421138,41.302157922308595,5.974954382439941,29.95586560483178,mothbeans
25.633742297030352,42.94884573562836,15.718068992483179,30.383274928024434,33.982275043874594,7.3217090566826295,42.08481910305575,mothbeans
21.00947001095965,66.71292746074393,22.932062922535025,20.73564551541073,46.651059718870854,7.080957227622603,38.087595649245145,mothbeans
27.458202462188222,43.55319724383902,28.13091556990415,28.199151018161952,51.244532200599814,7.363952493972998,67.44855034278984,mothbeans
20.9439894115738,36.136463685459574,17.993112667613204,27.498601972146695,45.92295459622976,5.195453830819813,50.94968068403301,mothbeans
23.2714792230822,61.31878052763592,18.681478953429362,27.047269330458036,51.35524886318893,5.7582470749856505,49.967806547814256,mothbeans
16.678097032191243,33.6094850024614,29.344206708207263,28.226084238918684,53.495475669903946,8.671943237855727,53.74246975532478,mothbeans
20.254451671612998,54.911955667704476,22.483600458079263,26.800839597383543,49.30262641317853,5.786544159240567,32.95588045583291,mothbeans
19.22323080127374,66.52075164590136,24.53760203323074,20.744901001197384,45.326123673466,4.113049316187024,53.02404793342573,mothbeans
15.44926784649639,53.91069326192569,22.325157353029425,35.799055664302685,47.47754497410604,6.331401625479347,33.58840056590389,mothbeans
18.474827476198264,49.27957739381205,18.073607563836305,29.21517386963712,46.81716679985979,7.0809616017480375,51.35646966902189,mothbeans
10.847242479435511,53.48544486862092,26.101170116571488,25.02878194916721,43.57202696411605,5.762477767578356,63.514556753182674,mothbeans
29.3799141482031,45.466321738249746,15.43457800157109,30.01160575801335,51.77387297682072,6.699837592171117,68.82720213955935,mothbeans
19.745187870079565,49.20821033574481,23.284992370591254,26.124549722468345,46.559205523268716,4.922964763400906,72.78363371790805,mothbeans
12.769071055616594,57.286297985192455,14.554976194372164,21.335771413962977,42.45910845452755,6.9155500817234365,50.43224514821784,mothbeans
18.191849024162888,41.055027262308144,19.160367738340394,30.69893235955883,56.45341227377238,6.43391023542142,63.373919287339945,mothbeans
28.204752746519727,19.75945446585066,18.364408546511452,23.67084995978232,51.89134051713991,5.311787064991734,67.99525569811289,mothbeans
29.682844488843656,39.65818041934661,22.982693868711333,26.497387436739942,61.02236583978895,5.322686069896355,54.22332310438228,mothbeans
13.161997397274117,43.71507522806336,29.11059270739195,27.124841859654488,48.99036843769135,5.717985014609229,69.3105703693011,mothbeans
15.352803681126476,50.4956629893767,16.37488403435097,20.268708460466783,51.481045781333854,5.69592250051298,73.79865170379558,mothbeans
24.66242066374659,55.58771978712913,22.51527410124118,24.9834292881158,45.431569627796364,5.312831955023935,65.14652363706118,mothbeans
17.857742957326565,30.282504429312723,24.5632224926794,29.4588465815223,47.86745656355917,7.291810968120944,50.285062114710605,mothbeans
22.91703056664624,36.35675497297558,27.54056569017981,25.651794913226986,48.43683488426611,7.179074681204991,39.259239959228495,mothbeans
20.763324341275585,43.80118255947932,16.835662143738,31.41250138558165,51.20610676832383,6.553561480859849,58.47402149018512,mothbeans
22.82331280196228,28.000654826047988,23.185439756810126,28.27896346919161,49.18391999030384,6.899829259255952,73.98771566438026,mothbeans
12.12980847202439,41.6986250141228,19.822897019758646,23.63515722682302,49.95821544088667,8.36162996576671,41.41020719485212,mothbeans
18.218279880885973,53.74097680322548,17.458072951133712,24.098042665304263,56.24336069767156,4.519821009612388,47.56092048539402,mothbeans
11.842522043845863,46.58910924379495,21.603525977556767,27.007208181361474,54.4648406446669,4.266788795341766,55.06278603158935,mothbeans
18.44188326685662,63.05119840965244,30.96372032737053,34.00625979100667,56.63744226969797,3.7091669062852786,67.84637346812976,mothbeans
18.913681774294403,46.89896928987206,16.81321124713452,26.982075725877188,58.52345651699858,6.894578814642168,65.2611089076446,mothbeans
27.564497330562162,48.81681351106926,15.479436591782598,26.165321349317697,51.31195112669961,8.229146368037497,37.74392434469682,mothbeans
21.29311243836221,63.692567927142925,18.101499184396772,32.551628254380006,47.47939231747186,6.4786591737136865,49.351629843450375,mothbeans
30.04663492128764,47.99968146445782,14.932102280687257,30.721575496733095,54.011443130130644,5.21970155901493,73.74324596645097,mothbeans
13.672337220254366,48.41706338569334,21.199932841641864,22.59989625894609,49.32063583378892,6.058660830658357,39.53407270657351,mothbeans
30.21538667381911,46.97876675625586,17.364451684832776,22.40600727055365,49.26748882439776,6.3029767061526245,46.004643626774374,mothbeans
14.464445223982825,35.06263211086478,31.24752963158801,31.527140299102427,53.053874434598114,6.907455074118551,49.716218692097605,mothbeans
24.593315702066235,35.632097497648246,15.374085962372986,29.742947949407395,49.21950603094244,4.806752567963006,63.58422855256359,mothbeans
25.31076972190489,48.096221657160264,6.941351794443104,25.7451231900186,53.938293869101095,5.778117445387925,42.127943423892646,mothbeans
24.54257619623768,50.471746133206544,13.814183539265795,31.901726858177184,45.372765498684494,5.571459855408603,34.27728381009485,mothbeans
15.776158612127155,68.11937385476261,17.771698552310017,29.569294054177018,49.84323724368257,4.694418636688498,55.70378243515722,mothbeans
23.232737352802765,40.85358782721208,18.87056674684076,17.77260688122857,55.11659703226666,5.757746019712496,41.380948764623355,mothbeans
11.65973889405608,28.195396099935106,19.545857997800248,24.863448956472894,48.938670261367605,6.879563576533596,41.44319701076467,mothbeans
19.268145253329184,45.314940152344526,20.219202338336782,31.57484552394904,52.75652279168956,4.968088742636915,45.10849688659027,mothbeans
23.25608732549386,59.187246405194884,18.05599079604913,29.219410488267894,53.91172623191025,6.984383169342247,40.454354798193556,mothbeans
18.13661790266216,36.48158098292802,21.94206053961131,20.584824427396896,42.33447063442809,6.154423064654327,54.796165986558606,mothbeans
25.06488434441477,47.868413832524496,24.709024250278425,24.220907400859993,47.133290577981974,5.666752372437881,71.13252298042954,mothbeans
15.624054114532708,30.811600940618796,21.866002395471057,27.826367662264374,45.2734602849296,7.06137830524269,60.60519204316832,mothbeans
23.949290769638754,48.570884186843955,12.703869490198233,25.445866900326557,46.420122276899384,7.115501136893183,55.918953583275226,mothbeans
13.882141780829551,44.63855009662415,16.751923020091162,21.541048534931846,53.19065039909862,5.817442397046243,47.700226010332194,mothbeans
23.272359099750403,43.78361464562002,30.67668844212365,33.51447009099762,55.22178783705959,6.400320001457996,66.83024586450797,mothbeans
26.632253023829442,43.720889323338504,16.668524325849923,25.335587227280193,47.6597884445203,5.811094210712357,51.558683330259186,mothbeans
19.44906164454629,42.92278306596954,20.304809952092295,27.246094271302184,50.107566221398564,8.060291320810979,39.1721007500809,mothbeans
20.70473608921225,45.89205813500144,26.614244839716115,28.913744105859312,51.52376760749407,7.3531866652035776,60.702298692177294,mothbeans
16.318916173805892,35.1262975024224,20.994171702871945,27.574092091539544,52.822389130819275,5.404062970471269,71.72080945796532,mothbeans
21.70394678660215,50.62011245783322,15.436958179613105,29.087150373735366,47.106424049330954,6.597924825947969,37.739139145800685,mothbeans
24.676936514845856,39.82823528739336,15.954035862501533,27.16632918640682,39.665362085819865,6.063264738083552,57.96566303882713,mothbeans
7.467830167989893,47.32332205750919,13.622861923827388,32.35719623474958,52.391994192652646,5.9913952109227875,26.41119209063549,mothbeans
13.19507019734518,45.23790952137345,20.611480274989734,33.509931046885114,40.67693847572481,5.473787930946087,83.32675427006839,mothbeans
16.88432843233862,49.135854010185696,22.55709172059465,30.981809789373198,49.324154451595234,7.048750413159254,82.92766435557621,mothbeans
21.420486795381684,51.98644593873114,15.140034851366437,26.487414554442925,52.83949420198146,5.518230075089321,20.95381244204098,mothbeans
19.41317383702822,46.23087156839149,20.930754919446223,33.426794906107766,47.941465598067005,6.06183103757579,55.48046795061781,mothbeans
22.8870216413856,41.82337517723394,21.55733345471637,23.454118084324566,40.980242952677,6.622076945508271,47.21173276741325,mothbeans
16.214311421440502,38.3827000923803,19.382469367128273,23.805356488654347,46.043941738621385,5.8333790999532305,40.92023094148496,mothbeans
26.39021740409031,44.68384540012924,15.991486173676712,31.120798443042105,62.186268473065994,5.154725815751756,39.17751333865819,mothbeans
16.479177281964656,34.17101956168058,25.73575053082995,26.038793180803346,46.0020647502015,5.64399792699544,53.101606602166235,mothbeans
12.152785894649734,53.943531055976536,17.584417107685375,21.635025261191377,45.798088442560314,6.509657868250289,63.14185170814721,mothbeans
26.383086916256772,43.20720520305465,8.15107073079008,21.46064190314444,52.02219686499556,5.091359584161083,58.87757081592538,mothbeans
23.434798863647718,45.277094758376286,19.391183692543706,33.077205608506446,43.89548872720168,5.676056150399287,55.67500536341649,mothbeans
14.602978305267838,59.14327016468391,20.901321978204983,23.127320998427987,49.685681460183964,5.669213650832518,38.790904551417256,mothbeans
20.36237189906099,32.62438806914531,17.103783284506008,27.982665998513824,44.85087608200061,8.122697785699705,47.841680217082114,mothbeans
18.025295374246507,37.36944501110946,26.599412401379617,26.813029810492655,52.754653700685076,7.457032082236584,17.570919907109186,mothbeans
18.315778497252822,68.57883750214384,10.35032358143583,27.541865243280892,49.66588234529698,7.259198952863199,56.520639718919696,mothbeans
21.660781596202266,48.527897153532486,19.073233964803332,29.95516195550474,49.01792752933158,7.20834716525014,41.134306876812666,mothbeans
21.081809906520025,63.489339338494716,17.04731645941562,26.525841997594735,51.78761380863713,5.560755558259688,42.45284398379985,mothbeans
20.196092724745522,38.80238187654928,16.055862299284172,28.240637709447817,47.427673413796875,6.331500366324648,32.662849856916736,mothbeans
17.71645658677273,45.54288635041027,19.662874338048308,31.403537894756294,51.275252019655355,8.102557894420912,36.37154103747686,mothbeans
14.228332159040988,52.367296003459415,18.173459529150513,31.5227482568078,55.25337717782243,5.199659954529065,35.70126811787646,mothbeans
18.05451100825302,43.17296338650891,25.02849650588634,25.49780746180197,53.18118427035246,6.893170761503453,91.24310470410344,mothbeans
19.538851476840406,56.69338387808105,18.56698378052332,26.392470660056407,44.041970513149145,7.443700630329132,63.44878502856528,mothbeans
30.96390706100059,43.999788955235175,12.96759864034545,21.917312887563142,49.97725854386308,8.22700806315589,52.1392599965181,mothbeans
17.118182220007235,40.41736753259847,18.4617915674538,21.452739443624132,60.25124724586849,6.712306751096178,67.46195683154932,mothbeans
15.128361801898416,34.41692092917636,22.433140271032535,24.32048278326873,44.54852707452168,5.20242149801366,77.1834534191986,mothbeans
10.864871084989566,74.7355404396652,22.20069926597724,34.40397211879685,51.11065733319696,4.668820540334178,42.354248854077305,mothbeans
24.247354070634955,37.72193005799255,18.305592664757157,32.643849887312385,53.51337721042031,6.697086651648862,45.57923500025794,mothbeans
28.060422247564556,43.54313545114026,21.298563556440556,25.368344865510778,63.1945334238152,8.165821383149952,43.12888179169521,mothbeans
12.309126202247155,71.49712646807372,10.615964662815667,23.014363316590796,47.93382289992744,6.008052383178476,54.0312516590708,mothbeans
24.117286132556117,41.12986552542109,20.440479704804147,25.475753663637633,48.08186242661629,6.8576958702893664,40.2232518452201,mothbeans
12.193995068795777,48.3667340308589,5.155923830277091,34.85771793231321,47.102858130316505,5.869351472166552,47.0230067726412,mothbeans
17.613096996398173,52.841219753299484,24.815941211412575,20.980484788115053,46.67689117636777,5.575074708794019,47.70444741277633,mothbeans
19.534343084147476,54.205542424580806,24.127106120146408,31.262348931381005,51.25425266397189,6.098180328673221,35.485401909956835,mothbeans
30.938884139775134,45.76636444189521,20.434570895882135,31.494531257963132,59.71685822492608,5.969274351222193,69.7582587410361,mothbeans
22.12865848748091,50.41465385114826,26.740180304036812,21.006303688279488,49.19465534088176,5.626839090146544,30.137517115002527,mothbeans
29.063697687638196,38.55540054943771,20.91466872492748,24.36436143458856,53.79942680353656,8.331064871278265,40.885656386517454,mothbeans
15.238553682186415,51.934530579296144,23.883749516446148,20.05651035024169,59.35138955141677,7.54401056076792,38.13765973622242,mothbeans
25.482071828361914,41.04820818095653,15.563474349233939,35.10244919144179,41.56085275729559,6.969242953566923,31.919293929984022,mothbeans
19.34468245733137,34.610793024661874,17.667178807772707,24.349425488203966,54.558571545874486,5.899854414552886,57.67839892029732,mothbeans
17.941993377552073,39.34835604039548,22.099141566218467,29.365046004929372,46.57082529066873,5.110481703250457,59.190533522153025,mothbeans
21.592208805809214,56.74467933071567,17.446257212382083,27.81953947187942,56.4660796541897,5.58070829949921,35.64180272822559,mothbeans
21.091859837988967,34.1493417577987,24.86369225398631,21.92189436479689,52.44781285541806,6.247397102450001,14.484368272758964,mothbeans
16.467727208752954,32.78149930160249,15.859668719446946,27.235363958207238,43.00963083140973,6.893633008159248,67.73070428331403,mothbeans
22.073769364071808,56.58795703134052,10.097309560433521,36.220582102417616,52.14761373856298,8.526187577256215,37.07141945477509,mothbeans
24.909130710080603,48.98282026085215,21.309987288752385,22.338195427109362,66.43818200397028,4.709466614661743,54.31623599103635,mothbeans
23.90146051988907,52.50482773734741,21.393190125806537,31.81512850126988,43.4437305478834,5.912049298648594,50.72707759845654,mothbeans
28.509569531823015,53.4984508168487,16.379115542764502,30.822998541129643,55.69727398767829,6.543740265360984,64.14466416338122,mothbeans
17.599518241906388,45.06742654481578,16.339735310829276,26.485369386020572,50.021037025387784,6.336157577512346,65.2783024593353,mothbeans
8.17550796721495,57.43550897483242,14.005784951059445,30.98290864412112,63.78462360402179,5.83744706786279,36.253867676979525,mothbeans
23.634730524574138,34.4833684277183,16.643774355117316,22.526622122674627,41.73235538227283,6.891554832730678,36.53374762518843,mothbeans
19.258469062238387,47.63893436018178,26.598698254203203,22.705827919463534,47.113003374973516,5.913339564964341,41.24709899758097,mothbeans
16.45695691294563,36.303808286161285,22.309593668444663,25.40063288441455,49.330165253572034,6.889183982634959,38.55760774741394,mothbeans
10.764915944085876,39.7263589019997,18.282704283923493,26.35975533375619,54.157581568907396,6.839211976697866,28.414169144760073,mothbeans
15.993303454613066,42.49285491650623,21.98877528482301,27.260174667727753,89.61235366712725,6.298579201723344,57.79602584950602,mungbean
27.881951211431982,55.97876136534296,25.682780319306296,30.84589291215317,92.06996619323606,6.517489157171616,39.54207872839764,mungbean
19.701747978732516,26.563053946700588,12.956403397175412,29.86937921949379,84.80068279884726,7.011028590318535,53.68321309141908,mungbean
15.0693603533525,49.971858722972435,20.775551040577625,25.504497252634998,84.82243753657109,5.985264077294053,39.31984247176488,mungbean
25.84004381473885,46.40412507910778,22.199298477964177,30.425185238402825,82.38802131175657,6.292732979423305,68.44343733688962,mungbean
22.976966306340557,43.59683116226916,24.78705212670887,29.66432621892437,76.14384114060876,7.425791139345935,51.17970635980421,mungbean
19.505965966192477,25.99120834455179,28.033162054869187,28.209558088987464,89.58365570335532,6.297714223985051,54.82958987501896,mungbean
16.753180228960886,60.75319504445367,18.950998241466266,31.786365442342714,91.12151892781831,7.046165997178828,50.680441940845526,mungbean
17.43163189078096,48.216838149160374,27.38120500069012,29.419711866838476,76.66535136113328,6.583352093906518,56.97616151476696,mungbean
22.494572115724587,31.713726901063957,21.603493308745005,29.67522574584043,92.88052692270126,6.738298632946346,34.18543964852793,mungbean
16.81489506977958,30.662225370759636,21.090542599073387,28.126012857854803,86.20715330196752,6.160018060055476,61.796950660747825,mungbean
15.031119494321448,56.891269111680856,12.221684328695517,28.521441680713888,82.74611777388591,7.331840012611135,52.18424582425651,mungbean
25.325505038072336,28.1755182308132,23.900623118699198,27.108682149639005,83.66084434354265,6.826140784381983,48.746474971237085,mungbean
27.483288781600674,48.43947498688068,18.374523869597184,28.32971836878926,82.93603727118874,7.366573358281805,52.189825651616815,mungbean
27.129426778021987,54.78242681078599,33.0261172219843,26.66089638875004,80.61713945764905,6.776300862039657,44.71276864945453,mungbean
22.367319606210767,42.72645802262872,14.809486471019621,26.151012489772434,89.20344551324467,6.852828139242503,49.489485559197085,mungbean
20.41500313562472,46.29516562952392,19.77485416523823,29.824001132791874,77.14312695397011,6.820928387347257,39.99458003518589,mungbean
24.604615634922546,42.4669293637871,20.395604533124466,31.334604750540763,84.56079261107628,6.449799283599476,55.241287890433036,mungbean
24.542500480354885,56.77329464459483,11.2088316666308,26.477410386368167,86.29637892830496,7.008722751250583,48.84543932916962,mungbean
12.687538506624197,59.28126977956617,26.67610546377693,27.947084211846867,81.51457021133514,7.16284200204326,55.12106683413483,mungbean
9.340323800569493,35.09319713220363,19.448726891773614,29.98398056702278,81.29824092056414,6.377141861090205,38.08894312351923,mungbean
18.373833005975435,34.684991818951794,22.95408630881409,32.19094375693719,82.6719867657018,6.320297416382375,42.64757964954485,mungbean
24.691378800481516,58.30598029436662,17.75473206790669,24.731962551284536,82.05068787806174,6.008001364413282,46.71118854480817,mungbean
30.976930801591003,50.55022380422257,16.986158283135687,28.96938911286911,68.89624724413558,7.445917464103011,50.51385383715962,mungbean
21.180079665893988,31.714870898127288,23.200469892696077,26.45483302995537,88.25309518609461,7.196305515198952,45.538600476159964,mungbean
24.384498992403245,62.91823956396722,17.561999520662237,23.955243004766977,79.42468359275635,6.569271027548706,37.53431672102729,mungbean
22.448854437325192,34.41299030134801,26.704924911194066,25.59823745089851,86.34621176529053,6.8550500411801565,49.272406640218655,mungbean
17.99669911385587,39.15855267139408,23.684079300705378,24.27495154839616,87.67962381883157,6.83985980329089,62.83522647305287,mungbean
18.083996072202158,50.44536482330901,14.101347288480392,29.966494525180178,85.83546035687158,7.261969002069165,51.023335986190304,mungbean
19.28592930733517,58.13591332034471,18.858258124621855,26.012110355380518,80.26033618124946,6.5844273556847925,42.03927855360006,mungbean
26.877273413201653,50.91745725837011,23.85360123711053,26.012290713376764,82.1080205383988,6.334745963384274,38.30390803423326,mungbean
23.214999589420756,47.441584878872966,23.298830157423755,28.658277846638455,87.29443389482485,6.806903455440235,34.431700686907966,mungbean
12.19599587678192,45.587518363442676,29.16668503574272,31.752771777935326,78.86785876211286,6.977174343467338,21.498550378764847,mungbean
12.58460570832403,34.836593622305244,25.374216918909003,23.87892035471807,79.85200077885129,6.680180674069502,38.32565471333022,mungbean
18.43412450990736,51.07037693947681,15.980406420164297,27.341528162124625,85.64553830929776,6.339433512730344,45.13993252941237,mungbean
24.36706656824899,48.22151213762477,18.037718535538083,27.937086313526578,92.70564847496958,7.144888826492094,68.62007866239601,mungbean
23.374397204652684,32.05365998872854,24.749719167832392,27.930330265716652,84.84940014516529,6.354729991918964,34.90107339549684,mungbean
24.519408664617618,38.682087386579155,17.198621552992513,27.883371966093584,79.350743921013,6.3522971647632716,51.61276846464141,mungbean
12.70886762290614,57.1738371026618,13.640235732727705,23.28279745632463,88.41313598132618,6.615788456069936,40.96755560194187,mungbean
28.025810446574358,28.10786600395219,24.631540363829913,27.062885569464164,87.90430820367341,6.406765597061656,39.1481190874718,mungbean
15.242189407596435,56.1688374037061,15.216209727961674,31.302460696078768,78.36166619181233,6.0561641793858305,38.27314273255621,mungbean
20.22531496373977,54.487598199097505,16.944318444346692,26.89588499460068,74.16908836401413,7.724920289255993,64.44063345782568,mungbean
14.090226514287142,38.3996911127907,29.5035023811789,29.846828483253177,87.18081795984415,7.189395134719624,50.36555010594891,mungbean
13.719918634383315,59.37664869317572,21.905003995250617,30.18374432039311,85.11859265396401,6.269885681161973,63.15832811159623,mungbean
24.523599382115723,53.151342429023494,21.324194967210953,28.384118001399493,74.02523667290072,6.533269910601085,52.297049001572134,mungbean
15.822860723597536,35.81646744573608,28.996091495422277,27.84551901888741,79.13135942641239,7.347606802544204,37.94725700602455,mungbean
23.24310299031313,51.38638760827797,25.52135845094118,26.72572589155979,77.63409057245566,6.963413971906819,41.772126621762915,mungbean
14.470038025635418,41.15880378301192,20.4160094913893,30.823729055164407,85.63223808960917,7.511278861036336,47.20305807024461,mungbean
20.737883590677164,37.4829886186789,22.140479977178714,29.362708402473725,83.2037970186042,6.557388780944479,68.15845536666424,mungbean
19.080474392301532,42.399563911395106,8.09115544542124,29.229601541288172,79.4205529576915,7.122263943011472,51.21074333963282,mungbean
22.123159600803564,43.95982680469199,20.353447661984184,27.37752922966411,88.55337973807102,6.940337059337299,50.56378958024209,mungbean
19.342110001204077,39.25985197457281,29.005198782535047,26.447355838505537,81.42350445585335,6.0142674228388415,47.16996177659034,mungbean
9.487428659025063,62.486978780527664,35.709560840988715,30.461566112262926,89.91100953280197,5.848917617717508,65.97513930564308,mungbean
26.04202071132849,44.120621287748634,23.87998845022979,25.892417952631444,88.12421649212162,6.4309097358050185,52.02809970425063,mungbean
22.021884008116704,48.734752964057286,14.485519960373516,26.103531819055785,80.07320254748964,6.735740408782569,45.12012333336975,mungbean
8.527152639432813,39.434320835208986,13.942901495875212,32.03680825160771,89.80053115042575,5.455856356615152,49.630993616873695,mungbean
25.821678575536033,48.23366529422425,19.70566528144746,25.519124513880662,86.32873205484883,7.0213261597745396,53.37130074938261,mungbean
20.1844226521632,57.8954065816598,16.46071218771498,25.994700613848284,94.28503975159822,6.8758478610329,37.015411387523415,mungbean
18.17289367755634,45.18950412255931,26.610460240552978,23.847285082716116,74.51973949408556,7.606678765622412,68.80071981303331,mungbean
13.03285224480063,40.43413616372217,24.55102789452645,28.259431117158112,89.39855324333563,6.32756387615285,40.866755616078784,mungbean
18.235939507335058,32.32205903038681,20.17086837891811,28.45651744393,85.12489780528301,7.2769395264325185,54.86051694754782,mungbean
28.47318907223473,66.26578673273747,15.041453978031438,27.11700555241846,88.34097280539497,6.64760139870404,34.1802345879592,mungbean
16.86615177421343,64.59244976517581,19.492735283620096,30.838220022238616,81.85587876595459,7.588189491273357,57.66550353135086,mungbean
21.705218599177723,54.79738740598789,13.267051802574034,29.3294853340674,85.99847328767419,5.860043723383753,52.937839840715235,mungbean
17.917210598788067,47.21412060498218,12.674745220088573,24.08077368740865,89.86212839106855,7.272869346049407,52.415137179370845,mungbean
32.56112559004855,32.166613168875195,25.89109924915566,29.236025546768754,85.39558283153137,7.321623504606496,42.702928628218345,mungbean
17.447963951401192,39.61687333943892,19.786785015475658,30.32334157719416,88.8159181666534,7.191495732752093,42.30920421844888,mungbean
12.373730158841212,61.678877440300255,15.166400955521253,29.280560007072673,82.38009416256939,6.656491559612785,45.01289503483685,mungbean
19.876498011621326,47.69384338715279,12.974590570860345,27.940102423585916,89.58754020460405,7.803727141220701,48.507557096714464,mungbean
14.830195565872867,65.66673214683556,25.109068467075026,23.329867392606545,85.84367723075013,5.936666656238806,58.44272255660293,mungbean
12.925805282085117,49.15866922659058,20.95426920273403,31.051397880423572,85.4707647569411,7.006125699819413,38.96171127334763,mungbean
23.034280784185516,51.02855841368954,25.533935066194328,29.328273758603725,86.09441804038417,6.560021320192503,51.091875740251545,mungbean
9.539569855289955,43.75953001280677,17.622079329223105,25.169332973873903,88.2585591806293,6.591820329369652,50.153692072982665,mungbean
23.444281574458422,45.73645306743382,24.973112729289994,27.582141565273538,92.35056610083394,6.248960358693369,66.05838092058262,mungbean
17.854931474612393,54.840184802605194,23.536982266158493,29.07833779272298,82.29639768496062,5.8341745750676015,66.26705912131874,mungbean
9.503729880533045,45.8849437020829,27.056523999182833,24.573118959731293,76.2894435909145,6.273516753726658,63.48427855016216,mungbean
17.020955031826606,50.913965585419305,14.395542532064814,28.37858074229799,74.4741764191607,7.380746987344747,39.97256084683339,mungbean
13.62103545217683,52.42648128818304,17.8862396299908,26.86732286436754,82.41385618021577,7.517773911119894,42.30109191667807,mungbean
22.87701568741878,57.038319769021285,20.03974415595743,27.15355863335252,86.719802928681,6.558933148243989,36.68720228761862,mungbean
19.673727778493102,46.91509867598276,23.734797465444128,30.639195527993387,79.90974836367462,6.63129513800588,50.57863950830687,mungbean
21.02360376928945,42.944031767433124,21.904014931703838,29.722670313827734,78.25781444584099,5.772673677711079,54.629562914544664,mungbean
29.618089335737416,48.57080923206198,23.208022880171008,30.1073508856683,83.10487468855086,7.125300559504855,36.297351414281664,mungbean
10.269492270490156,56.692262383788176,16.479808278947363,27.48159688939665,85.17315810995034,6.283287803483531,39.23232877998194,mungbean
15.2392385772214,44.37282062602955,12.709256880321878,28.663244492947715,92.75402290296786,7.334109580722955,57.08074984588063,mungbean
11.973254213852027,68.43980016247242,17.2661947741235,29.05624724860536,83.13983321394839,5.836075272263232,26.525881681068736,mungbean
14.705074084015475,61.60402129468298,27.741506091102643,24.537087227360228,89.78069765244531,6.956548965747609,30.710822662987564,mungbean
20.07558795307454,35.476132043416605,23.05166228495485,28.13831479933921,80.61394495860138,6.705477571316495,32.213618955463104,mungbean
27.698009098864162,36.396906866569154,17.42139810063231,24.95894091999249,84.68212664229692,6.024471217048898,47.90673437768318,mungbean
17.823245249789185,44.904416233408924,26.312898718154422,27.190003080520864,92.78360447964818,6.886828439682801,59.22246501193217,mungbean
16.233016960931035,45.45090089022353,22.029766722628814,22.829150013095145,81.54414932987306,6.406756188532215,52.481745482300525,mungbean
18.122180775583292,60.09133058194447,18.58646265303013,32.529254886225026,82.57338853575284,7.131593302621301,53.856526660364906,mungbean
14.052322459183126,46.39646953458795,17.325470407801795,33.06882871069049,88.26737276185399,6.83354251982202,32.88062731189994,mungbean
22.286551150729675,42.776001489616405,20.392607711227626,25.76278162482532,93.39497670308452,6.284018048827012,49.86430515357303,mungbean
30.802083269225733,22.692390743348763,22.17430981984423,27.105612619659684,88.84492933192874,6.556665303344281,39.79795408076531,mungbean
30.82472431990856,49.535621927104,13.908923240062917,29.642331297033515,83.39822328103627,6.6639575220321365,51.90471059958542,mungbean
17.54387712580402,48.60747436248585,24.520246182489014,29.518999813685262,88.0966834003455,6.901461637193549,56.787170072209726,mungbean
17.808679894139914,41.22259181659089,22.51622813460872,31.808323804085575,80.90938527363414,7.2461104828110905,61.652015255728685,mungbean
19.401682023076056,54.14153099628172,17.806725636990105,25.363027288131562,85.26171700844105,6.995522124689293,58.396167749958764,mungbean
23.436393381021272,48.33455013545258,22.594870397695484,26.950951244305166,89.46929802685807,7.422495093778407,29.41861846828173,mungbean
23.039690302037407,57.24904671721633,10.091923531215212,26.59208409314017,86.11070284221195,6.782172453993556,49.356464232051295,mungbean
23.6456910088532,54.05887136021934,7.160619276185123,26.985327609739265,89.6761320305569,5.988699638037709,34.866127607366096,mungbean
28.577743247688485,46.75279123945127,22.709769607688468,24.0192585334217,81.06085562889038,6.28985639332871,51.83980629979995,mungbean
23.552341737110076,17.9957602790062,19.825466938579808,25.344685149982283,85.44722797310736,7.128354354146853,41.038640864113916,mungbean
20.306609338051768,19.63449079328121,25.82102724610781,27.590194659720723,85.00244251838411,6.568469961125397,54.130932367580925,mungbean
12.472417138081404,49.45258931814097,8.083014051047787,27.401956744425767,85.64318458911727,6.411835353110637,47.42948071735455,mungbean
14.282185804097907,39.515113687998046,18.469059566734465,29.435702231764022,87.22895172370289,6.940513441929033,43.286111495330374,mungbean
22.873524122604127,35.553123527263246,24.23517564725346,30.715363745139985,78.39153052630269,6.87870286574353,37.204884767127616,mungbean
20.31043406753787,41.238964758416834,17.96015362670564,27.243257282693445,85.53168559301442,7.017272000282482,49.94650144638259,mungbean
27.271151009923447,45.16357049466473,26.664202179468244,29.3172168835106,83.79364703284159,7.024380874224866,51.25646495563768,mungbean
20.118750553228978,50.188858859760465,23.383369043059094,30.00863833730162,73.89266601706112,7.090785524231804,38.31413623759349,mungbean
12.576081724733267,39.49184140850017,27.974576609342954,24.71057446594043,90.08272637880252,7.175258663657339,33.48776231098033,mungbean
12.324217709110531,59.74748875117426,23.775909405577533,27.693604339672415,87.16885179853502,6.660842690221863,53.74854730662279,mungbean
19.775400843461103,36.23962008843242,19.499991562322048,28.016895990505887,83.37162082244427,6.864578557393507,58.95040212212723,mungbean
25.83718917282026,42.40076219414874,18.295794123623534,29.547931529199676,84.04737166720894,7.308646009919347,45.76355342558641,mungbean
13.984634242061905,42.53117712747014,17.440360562873966,28.35913716589134,89.7177352726343,5.888842490367739,56.33394071654281,mungbean
20.50034474603999,34.0894829705451,23.346242835510427,27.164389164719875,91.6922194708244,6.890992235953108,39.43050265086863,mungbean
24.611099998098148,44.907857848916194,17.66143985308539,27.93137575856396,78.30907694825966,7.168995583767624,37.28201519535685,mungbean
20.75117448785551,40.74740039389543,16.544230628383232,30.25668390298762,89.86741686921918,6.62542840207594,51.80901834110373,mungbean
18.119053616017457,50.971266351894286,13.871135340151342,28.881332137205085,87.98674981441216,7.541061159173435,35.704537433799636,mungbean
25.609959021451438,45.46420811264152,9.201148454671005,27.031786565182383,81.61075187942106,6.077198195498667,56.034125064092635,mungbean
21.977863153443288,50.44969060866114,22.433790211299186,28.499918318982267,85.29492417709038,7.21802528682356,33.4393280570593,mungbean
23.156659372150468,46.7680503545413,20.64187300951356,30.00403722104131,86.0631449859442,6.434782658666752,38.32498252201297,mungbean
20.41289578914114,55.42580677509224,18.280241486757685,29.43024282893726,88.57576857777457,6.922253241339446,40.15203978781808,mungbean
19.709250596182287,30.328925732375946,16.22761606892695,23.928196791396,88.7421723619411,6.674602186261073,35.17208566947341,mungbean
21.299198873028356,39.42580805952915,20.77290846546392,23.40144927693649,81.07644248619758,6.819037171184595,52.59995410648769,mungbean
24.609102055478473,40.61926134125895,10.876896814227047,28.17150405719111,80.10477833038519,6.3442757114277954,37.161810811379475,mungbean
22.86300717438853,40.8859922694298,25.484486253175845,27.818525849888943,92.4742754318425,6.995107623660954,48.799962910483224,mungbean
29.440031956486393,41.86938461288828,18.23409880080886,23.42147557934404,91.40409046093535,5.841448460651918,45.31828075304356,mungbean
12.38918089643473,32.19241211843691,19.499861124824633,26.372176487326275,91.23863370375923,7.30935394663375,43.725643963515374,mungbean
18.51301179492285,57.14374185239004,21.734033686242,30.11804692592776,82.04740205365721,6.787564803617125,36.202316618016646,mungbean
20.540147121992458,48.77841326734331,9.808147142965586,29.265610156779783,88.89170673557082,6.774623885226978,50.930704429521555,mungbean
22.55824360684652,47.74590082911185,21.770431319819142,32.70686177581205,92.24953376177277,6.890685002418197,35.634275537103306,mungbean
24.03638567972476,42.10290454717046,18.0667103922803,30.138937017086825,88.01489777419958,6.389539795942274,46.19841941854082,mungbean
23.906957862340157,42.00837252222741,21.4573827273916,28.375906530597724,84.93656451415612,5.91118977987351,48.02144429157454,mungbean
10.784643312788859,54.91462543688192,27.257553394641064,29.128093670092913,87.34084784163609,5.827865570138631,46.45553937055608,mungbean
24.150378031087058,38.37358585453126,26.620394221325242,26.123836369766597,86.02530585360168,6.610395411484134,55.51495899376825,mungbean
20.236205967493092,44.182089809198864,21.674427484578462,26.88561064478938,81.4870353863056,6.358189346646241,59.883979407781126,mungbean
12.39608837308826,35.74993748159172,22.589846454754767,26.537922553335424,91.57741269765893,6.329518345077689,58.297944290470966,mungbean
25.138494826217723,38.423452591045034,18.272308150372478,28.28304996496037,87.10281163158349,6.90635940272004,42.55369011224806,mungbean
22.992551174216626,49.47640359110187,12.918980737264874,27.13820582830734,73.20239326266464,7.75637522923978,53.137175108757546,mungbean
20.903163057107218,24.82649274333246,12.546633702744238,23.960713476530785,77.49914650074388,7.134235734716566,31.31098150061914,mungbean
22.170464006995267,47.96503223298079,25.125040903451488,27.134440496441762,86.460982774984,6.813527078717191,54.79130994877321,mungbean
19.586637412093232,52.021938056669356,14.233725317532631,28.84984664188544,79.40663124373829,7.036037411425344,46.03857043497443,mungbean
19.855360586561947,57.05918059486844,23.233569794481426,28.375698544738768,87.63981723153131,5.995362907206127,69.94231597724087,mungbean
19.500087973161236,42.93337382118686,16.78387693115385,27.48852144080719,85.25258125871255,6.928937074694996,52.1382573604106,mungbean
18.67166681476355,29.92796742565936,21.331848049594658,31.806907058273737,77.55436625381735,6.011698416430689,62.621407170414386,mungbean
20.500124564121116,30.011364054892866,16.513437621552676,26.785180146159437,81.2957756164822,7.562259313422785,42.87351831106793,mungbean
17.823551409212836,48.05155667529392,23.815396661105538,22.280344847878442,82.99109420325448,7.149879392767178,53.02392835895691,mungbean
18.953829511033963,34.334189085614604,19.997271031751655,26.932965968936234,77.83335233168376,6.942024364031093,44.77383586276337,mungbean
23.930947436632696,55.676799617216226,23.287107128549785,28.39400561339676,82.93886427455489,6.914882255824952,59.66049762294282,mungbean
44.78511724704907,65.55242199728816,15.995035863956598,32.116849509267865,56.54934198542263,7.041602874273821,68.03685062082955,blackgram
49.845182850095235,74.69903303692583,13.825318700672744,29.59576119308205,76.62283206018608,7.036854700074815,73.38355482152471,blackgram
31.990414166076825,74.14976629004371,18.076866620100045,33.001144152246454,65.20873986976353,6.125038864259701,67.40344379101295,blackgram
48.2620931033642,90.37340071398486,19.55743904664061,27.071779928808894,70.95361500406656,7.349925710902641,77.05032903270865,blackgram
23.149444053697195,64.47457871092116,14.569464372389085,22.930361020849627,58.15101305623893,6.38644915500551,87.90563374608455,blackgram
51.48123145932293,64.87567503900272,21.940759322301364,26.450390033103805,64.77041943106313,6.560045540676291,71.81396192989709,blackgram
27.723123192475782,66.09655039998995,14.28256468450435,26.318105986022285,59.11524184128836,7.3778582872001275,63.79736835307541,blackgram
37.18742521952743,56.27302229541754,21.90125104637493,29.558900675366587,60.26153284685124,7.788705511601104,65.888896786814,blackgram
29.875122713698822,75.62637409288926,28.61101611399613,34.4971882091386,58.99805599456761,6.74207100383064,66.06240110489624,blackgram
44.55776145510581,76.77438070296958,25.140785367833693,29.645571061190722,64.51067500319614,7.01100514969537,68.83148455779525,blackgram
54.404016731747234,63.63219531549908,21.615964942516044,27.370796792648626,64.85467650458659,5.906643195578426,48.57262651970437,blackgram
49.189290280177076,54.330844346650444,21.598539167688326,28.151707741729737,63.420940804779896,6.711424020632046,70.2247804565816,blackgram
38.1373924573881,55.69619438532605,17.6853343389783,30.819403169423317,67.24823540976566,7.553293157681404,69.60231790579803,blackgram
32.67859680317484,45.108176714917576,22.503964110699098,28.833571277704596,63.286653134164155,7.304936347155614,60.53783754197192,blackgram
50.4557553528287,70.00176536019983,28.930431842844598,26.460071812651545,67.06405888391639,6.477810292774776,58.8040161232478,blackgram
40.87997002272603,64.15099016349275,23.087172123347713,30.425014372502773,63.43771219859746,7.370048680177792,59.8796110787557,blackgram
42.102927080718324,74.82426463368144,13.776659711784447,26.7316499443765,65.19020802320568,7.561662749629225,72.57320201125681,blackgram
43.846329969910805,49.55547732005176,17.317305782415282,33.42339965005809,68.36930905020779,6.494304299181269,68.1588184136953,blackgram
57.50100319293781,64.34241319267107,17.733379567960952,28.228240261247763,65.79256045660443,7.0037660869044815,52.0450011843008,blackgram
45.50535016055487,56.043196185675995,19.823570038772395,28.98387137019325,65.7326776653099,7.198455427798255,41.65143930594006,blackgram
31.639310998599687,63.11997630677937,17.711225662927713,34.21181283636584,65.17526500641442,7.585456916013508,78.87075416245517,blackgram
53.610229008203234,50.810958709258706,16.79181945982614,30.5793501762201,70.86047081634963,7.276365329777917,67.82457062132593,blackgram
43.33754431351889,57.803547835913676,21.160378885608296,30.320632588373822,59.2620195921796,7.811029574939925,68.27946471619907,blackgram
40.38160236688382,55.4899206426177,18.849711886036502,28.130757790246353,64.17763322342027,7.3106482813873725,81.85346596966849,blackgram
57.22189551743495,55.60080282078982,11.912583132519112,28.693450964658794,62.1551810808901,6.256117579551006,80.07377206944244,blackgram
49.14894962181668,52.360413307746484,24.281812929536365,27.6325946377667,69.00038789426542,7.6739571276530185,68.86228437153545,blackgram
44.21173930105216,65.95188008018343,20.164211325905768,32.819394500606734,65.76472348157907,6.436626950470831,62.209302032233964,blackgram
28.02890559010821,56.42289257989797,18.431442860584532,24.41244159981806,59.48948685677163,8.058176756952072,55.67391291659575,blackgram
50.534624599808446,65.59771411626106,16.02209058326258,30.866527811733214,69.51142120383894,7.512093955785124,65.2545730783628,blackgram
24.19929388029911,67.61308468984245,19.43119250002711,28.264425831922495,62.25505689253665,7.293717184853607,61.50250924046422,blackgram
32.70649981451002,71.71910558004313,28.82473537732053,34.83563286215683,60.29066342685054,7.085006170386669,71.45493170086823,blackgram
36.402340224114575,59.28378290719584,24.130918806251568,31.16158571303837,71.62979338427864,6.482474175397643,71.11399231811265,blackgram
45.06566248965933,59.91228456748088,25.935723147399354,31.455574185863718,65.66898181031975,7.073547594651604,73.46289443038445,blackgram
39.5348598160213,76.671408433484,13.53701759167004,30.482071325508024,59.43497586016357,7.018169838573243,94.13659214851886,blackgram
34.76951958657471,72.04733548643037,25.085249779107713,25.899290323795242,66.49833089533311,7.868216555943737,88.2249956456088,blackgram
48.13283707426889,69.58607351813023,22.492581144684454,28.65879826801801,73.03528241204224,7.643959457258579,68.01116717060185,blackgram
57.75868194003671,57.004671752548035,14.657646327682238,28.74941057329715,68.5397055850578,7.3296960611392326,65.01175985371626,blackgram
48.53021630931678,60.62738768353523,25.82324713786744,33.39343815308764,69.3247525676017,7.249472834070113,53.87892447162765,blackgram
38.50995686284597,47.57641578297549,14.78044558363056,33.910919792671834,62.417483547452484,7.780368203507224,55.20390334745808,blackgram
46.88871962807474,76.43702020926082,29.865948805570305,31.121562462237243,66.40276579442516,7.1499026085221455,82.11592023457862,blackgram
35.86738412904448,58.08184903454378,12.50525034439981,28.96434833253324,62.25375049920788,6.900035843629012,61.215156741090645,blackgram
47.16841419691632,68.42379871164485,19.633772051265435,25.967234268201068,56.203343027164756,7.121435865804707,68.77609206722295,blackgram
44.420981852345875,61.16346894039716,22.820730126222028,25.101872737071375,69.57285495141926,6.716240414444985,94.70946012593232,blackgram
32.848528572888405,69.31984774351068,18.707790972821538,29.407436678968786,66.90351016918481,7.113262263105256,75.10852009271467,blackgram
34.05271491235107,71.09583148622978,20.876254919348035,28.01709990868959,74.73326798592811,6.786301699123725,63.75300224488118,blackgram
47.661941878800164,48.57734249878977,11.29320481971405,28.78091223898097,70.1387354555188,6.455688205894594,69.80285596841789,blackgram
40.95102128572578,59.60529326096338,21.285824081368347,28.836861468689175,66.96856460286415,6.6377014675182,66.12365457986935,blackgram
13.806628571690425,72.58590812794353,28.706311184426497,32.25080606186872,62.516615468895274,7.207315423006355,59.653386365336644,blackgram
18.435112666856455,81.78516718819729,13.864688008287072,28.041260997280027,62.616217610179994,7.063422579359283,77.12919816929477,blackgram
42.23807751758782,61.730573954241514,22.34577670059838,27.399994509602603,62.35877466567793,6.630674425432474,76.70917659118629,blackgram
32.72514342166373,55.27859644188624,21.95753425292542,33.00908063261339,65.46439604068169,7.753724950586502,68.67544492808483,blackgram
29.599396051518447,71.55640832353185,14.099863346380873,30.062773998330343,65.50571222829988,6.850720757379223,53.033004513605,blackgram
30.209243647422596,68.70963776154943,18.53096135367325,25.01860634023707,63.463980658374716,6.506276638882726,61.064774990398725,blackgram
45.44147198964054,85.0894221261677,15.329610075382483,23.448353552477442,65.25439177201241,7.600826944438281,79.86114196231956,blackgram
40.64944260905867,57.97865355817724,18.443501358263127,30.013319288578653,65.28575231411341,7.964068968199017,78.47654454711054,blackgram
34.86724952129182,73.1169134509387,25.413724909865728,28.055335579760204,62.65960759641713,7.792604729008016,71.16068503320666,blackgram
49.92783687706161,66.60259340771943,17.586202313463527,27.641896328074534,60.341104714476174,6.867961610086278,77.12812291012693,blackgram
41.281923809128386,48.37960984788623,20.30241691275436,25.057384168608493,58.57399523998027,7.386761068152923,65.90040418964868,blackgram
44.6530654304334,53.2621724976368,22.938019256934382,26.899128157520114,61.72061399214945,6.8472195683991695,71.08373825798446,blackgram
29.879996855778078,75.67011759005825,12.938371346449212,28.30229093690667,66.11766285205218,6.23711819248072,78.15781913795982,blackgram
29.586118181987942,62.10886039557735,21.135955028050397,21.990865945330263,60.04850327274596,6.259211829274291,58.95107711877958,blackgram
35.170217131014844,66.62859406495409,27.003625866209994,27.107570841979356,64.84606991770733,6.939451458855234,58.72417874321418,blackgram
42.60279288538388,58.328653874523866,21.5156213922462,29.97447263715838,54.66155691488897,7.088778375107849,58.67673178663612,blackgram
30.064299940824085,84.59476359794635,25.395334912185064,27.70040895289152,61.92279441822787,7.022659375721582,72.167171247336,blackgram
27.61360599196167,56.92574412264837,27.929195501999946,34.67943977375594,65.71668388969901,6.824493159240631,66.03333013735937,blackgram
50.97034617782416,74.70880527984937,17.061434351238713,28.748799611357526,56.88852852488853,7.002153033736911,66.18633592911134,blackgram
35.34779965837568,57.649089146489146,16.471963071451356,26.989032031023513,70.72199418233939,8.016490459436866,87.2578001111442,blackgram
40.92902591950154,91.1194621339408,23.4365610691856,31.75632004257094,65.66897854339847,7.165958704916246,69.8694066820851,blackgram
55.627999649166654,58.606982841284,28.034417371894996,23.322495433433183,71.47033522685152,6.662189524538172,75.56636278494554,blackgram
51.75032885738643,71.98487694808848,19.52989689245261,29.15790894021283,57.48656772776684,6.882535380801353,72.96893283218711,blackgram
31.89437683490889,63.86510267891612,30.304150148149816,33.36345787049781,63.470377475783195,8.008583231009316,75.63346602095724,blackgram
51.8282291026471,52.304392946159744,16.832666114780352,25.18805390459581,76.06716553266946,6.807225813646266,77.51953175243324,blackgram
40.030170561394165,59.14655709234829,20.443093066073736,33.61053049942446,63.33112140352549,6.930561072711231,73.66912566344327,blackgram
46.79157532551145,61.50169908461593,26.306369019051207,24.291335998660422,69.0612818463984,6.2022388510983735,80.34241825021036,blackgram
21.247947869017487,79.06735532437719,26.945215874014877,28.820176959332816,67.13036986760333,7.021881775042201,74.33409071573571,blackgram
50.367674394578685,67.42899715748908,33.09899926830583,29.09471410746885,64.66684323606948,7.644918375476743,70.62990673000999,blackgram
33.308409003394615,68.59414653948605,18.860204237948267,31.51470594749672,64.32004719856135,7.0491104032915475,63.59368018243865,blackgram
33.070748980717866,77.5575310247472,26.017493736890422,29.86469401000073,62.15836138187119,6.931179505555548,59.55033742269228,blackgram
44.27863014419226,70.98161387949877,18.054167309664795,32.16007310380826,60.52530653968726,7.183624565051545,45.01951080535989,blackgram
42.98086999786552,63.83404082481628,17.91023626769997,25.644784456821508,60.82881884789576,7.122281561488589,54.54533505780076,blackgram
31.826488619449364,82.13416100776482,27.13490340730302,31.075313040618354,63.811345043899266,7.206026728573793,71.43196187684377,blackgram
50.775018875668344,74.10781623147764,12.888021968755835,22.63203492219861,70.87918557367527,7.367652247928518,68.87179570352929,blackgram
8.804557412275127,58.11272315596812,19.6632866807184,27.99366029337122,72.1922304946247,6.931793354156364,90.64739918860144,blackgram
36.59103491450108,65.68704893448114,21.012828787597684,27.65613645578495,64.2054368471769,6.095019792311771,68.04834947059571,blackgram
32.13307093980037,73.18562093442213,16.74840003197658,26.489121991384515,63.12733121379225,8.039718090717496,68.5625388183696,blackgram
39.21156583233577,60.094953602633105,24.66871705073126,33.53048539925017,64.118378982331,6.968948337442844,62.256422549954976,blackgram
26.54638529817037,75.02669000960633,19.9271988009031,28.263940115629538,65.93785092213923,7.327128359569031,62.8798510814358,blackgram
41.36730252555422,45.554256308185884,7.916164516966777,26.602791366628928,64.57381889370214,6.21831303110223,95.9426888224285,blackgram
29.380259317958306,74.39638648422842,22.59886787973604,28.602381932816503,61.62210384378974,7.1678009949904515,60.783054621626874,blackgram
56.66094383764428,63.928170136552865,20.529494045608068,27.32823191073502,71.29511342165306,7.245051996855595,70.07949462749168,blackgram
35.406597619570434,57.74046930919188,30.398675062642052,25.852596687793383,54.77621475306097,6.598141671822626,81.25021368493202,blackgram
36.880468687890634,52.61512097359362,19.071163450697718,31.44021167899852,75.2501348979288,7.525104107669692,72.60826326144867,blackgram
43.61593591216979,39.620717625036136,24.83308639316731,23.803450121695008,61.54571884356173,6.965226502410976,71.94724385557122,blackgram
60.08557402360668,86.8713019261896,17.748025153707125,31.368584245801113,60.105477006060866,6.926909049707625,67.97855862908315,blackgram
44.278640799416934,56.64969299145671,22.336659948440484,29.660738960501202,69.34396489812593,7.0531213285204215,51.62397916288526,blackgram
33.71235518578472,61.334958697643515,21.532847268901353,27.990428281819682,61.25765058046247,7.040235402252659,59.26339050550741,blackgram
38.43011397587438,66.39589206862546,19.753776785520923,30.540814171555702,62.68439307998035,7.1271232708800065,80.56692953164494,blackgram
43.10259915088289,66.55132034651746,15.988530560655438,22.336077494060405,68.91114308451122,7.02972529641474,61.717290449770076,blackgram
54.36495060447853,50.789542779137015,22.73413987742648,32.90377404598227,65.0013503492122,6.9410478108366,43.48573177308465,blackgram
56.12766677282664,60.740183170505645,17.08480382269338,29.27304833276761,58.92116082370683,6.693123902859452,63.528467896416736,blackgram
33.50345268355771,67.88153547568055,19.592457304039776,30.82550423170002,66.59154342017489,7.464122863933814,77.66956364937694,blackgram
53.50192168555509,55.10614056236659,30.28755498550626,29.650247768241506,65.40245778660899,7.090833361106439,69.2537400346297,blackgram
34.324818669719676,79.69792761429743,15.652832169211088,27.46619556243859,68.16245795294873,6.391801204625955,74.02587056572139,blackgram
41.88758478915769,75.69963340797972,25.85818861585053,25.617653771536137,71.58699475653513,6.632272077554787,55.54789483695451,blackgram
52.71813837394849,57.279791671261144,22.009119425698888,28.46472760119093,59.48530504034277,7.809947290938736,74.26225379893101,blackgram
21.735858963667635,67.14937273708543,15.645606673869745,25.514741510736904,61.220387885190945,6.896698669327999,76.69678276036903,blackgram
33.22901699947612,82.40526891237421,13.916076116906018,28.015050089384047,66.29606232774933,7.147700411920857,56.80804251093633,blackgram
29.76251683184407,86.10801313905246,14.972021593541252,30.49236513225553,60.74654847035815,6.633298956209436,65.25337937985861,blackgram
25.319293554713024,58.13117447305806,21.729364748486738,31.243383926846185,65.48233071169784,6.617265069229644,84.71641143229576,blackgram
37.24495570244869,51.73877319271308,19.592621748755125,31.46211801759078,72.47393381156341,7.791565058873421,68.63690960752876,blackgram
41.10925664977644,54.180272977645835,12.341009065787446,23.39674843826144,59.12149880761697,7.574638386937689,68.96934737600863,blackgram
36.82364812416449,83.36672862088157,20.263419649147384,33.498781406189416,54.858428361921725,6.890242721028037,63.9531614730615,blackgram
44.17389653036861,62.725874579695656,21.238441016791093,34.8284733149852,56.80497000094196,6.888852267935758,62.206112410412565,blackgram
60.705194273077865,71.39911629136289,17.46529861611662,38.45482562674131,65.55935319735838,7.811288941348851,70.84089848849071,blackgram
33.48671740090963,50.103693858417074,21.20610591193755,31.24531575306586,71.43555091797478,6.903396055143367,76.09709765242975,blackgram
33.382362694055956,55.03738141294364,13.867559720971624,30.63111169777495,71.58435595725712,6.416240496505107,59.048615747567396,blackgram
48.929229008504166,55.25968778357148,16.666224733603265,32.93260404759049,70.92876194942669,6.468770102196271,70.79596741686255,blackgram
43.0557124922344,80.98715577066281,15.811186269649646,24.399322892867076,77.69556493803539,7.160047398333304,55.64359159221827,blackgram
21.61336364415147,56.50901688602256,12.875291244987748,32.41880145783329,69.26845922274413,6.726024104617994,53.58620655521789,blackgram
30.685791978493175,62.06515171672256,18.876903749505797,32.65692785083557,67.10133430127674,6.948377546841173,70.42138062613935,blackgram
23.77087524307353,69.48970188970141,22.822973732639284,33.41472984844722,67.03933322599224,6.768289031039888,60.541410673644606,blackgram
31.05077224658196,67.3533582190066,19.33158058542651,25.110418997258797,64.61195800941434,7.667002712767278,70.73395491846756,blackgram
24.79031905207645,54.97760575384794,18.915963337400097,24.03752677326372,63.18150441872592,7.06019717794349,57.50417683342681,blackgram
44.52687373407991,60.11402916610192,16.915807089745726,31.960232099047985,61.77171056787444,6.501418547048004,68.55031865333893,blackgram
47.37839421907012,62.020494714867496,9.37163567501183,29.230721305142563,67.69118905487521,7.339026728047729,75.84122049999407,blackgram
41.75652142992291,67.88739102298086,25.96336237163169,25.322949419820873,58.460330912313026,6.140912970000294,80.8290035598021,blackgram
30.22052545353901,65.44877847626674,17.1589745221273,36.9081017831031,62.25753342890919,7.334223332119056,49.062792288295114,blackgram
49.35204708707344,68.11181212044825,22.74340640129041,24.337570200855307,63.80769992722431,7.755335981335385,51.21629641024676,blackgram
52.985009070600555,63.10381350856035,13.723929315651262,31.612349827932217,60.11504116671505,6.3078736749893185,77.15718138796828,blackgram
55.581977477037654,62.3016025646219,26.51913437916484,29.096208456167293,68.35822346613472,6.797010157116348,77.85046600201099,blackgram
24.99542957984721,68.06673789441206,21.335781013370006,28.796435373497136,66.8576129654845,6.144145007816015,84.64933487599897,blackgram
42.09101140218297,83.80029105590643,21.004172258291934,33.31328540883049,59.0576539992818,7.00917782444454,62.38922670045476,blackgram
38.373913012532846,59.21408226936015,15.748502283007568,26.060780702730597,63.48627398027983,7.437861191102363,60.718929472548666,blackgram
44.238454116347405,49.04927852270653,10.81771690176918,26.411682608684583,68.80735513464457,7.087429446040485,63.788061414327274,blackgram
63.81512465538615,66.06857719467722,22.547609760340166,36.7722915653364,79.96884564425658,6.744118739564457,62.907653683216296,blackgram
54.54034549963839,71.62921774486638,16.424152822903796,25.335889814290674,65.13486942146008,5.924230624858053,68.40136703975945,blackgram
19.96124101459528,63.839625520772586,25.302575097144448,30.38113022623985,62.371770628067566,7.810930596408991,50.98107070061335,blackgram
33.22636902873849,57.51599691535223,24.01705531772411,29.975174881958072,67.20633157619098,6.579274725341032,56.817394180576464,blackgram
51.583646968359844,65.6080893721348,14.815510788787611,29.653374888623894,63.10392983194025,7.295240736651079,50.86333847987799,blackgram
46.28888232899174,69.75127926151184,20.20002756459826,28.329954136592065,69.51551928714515,7.890298850359133,65.77802490868298,blackgram
32.78230712440214,76.13213747550517,30.111838355696356,34.122124012390024,71.17578247624756,7.898680575405605,60.261094823464056,blackgram
30.195666880719955,66.51907448883229,23.519903892563715,29.345452289932854,63.1068221834952,6.359420232691572,60.87215522834636,blackgram
39.95017240082338,65.94375902479001,19.570845684657684,26.925779420128915,64.17968832191276,6.712679424238787,76.93495502136695,blackgram
46.04817976457893,66.89071111737313,14.1833827089349,29.583870017830964,59.183485372960256,7.807144450828728,79.23086394694367,blackgram
42.43424984908441,65.1912794009364,18.51354209432592,26.8043290277538,68.45430352348178,7.382123557836716,73.4128642369436,blackgram
32.45649295049533,65.58742730355111,11.015105490554753,26.272766785181823,55.48496602729638,7.263555593095801,79.13159334990642,blackgram
37.503080888775656,71.54886785601258,16.537703985797027,27.97733047317965,63.838073950149884,7.076184714942651,57.92125131017127,blackgram
55.43524868294334,62.672636799893,13.519400642665804,31.99832177827845,56.97924959735329,7.4333702242507425,47.30314591627042,blackgram
49.79709896443977,56.24974461361402,19.538943955863406,27.954407521989978,55.69775064273952,7.625800626662356,55.86437223596545,blackgram
54.055657065961434,82.10880278008125,27.267269544472082,23.21079977839934,59.46508980887186,7.212319345892291,77.93379910335722,blackgram
23.414012514606085,51.887174892740205,19.31285541933682,18.95048566232842,59.724050827463955,6.206023835809062,64.47033369515563,lentil
22.39259860186912,69.15654451866749,22.408580363239466,24.308774766323012,66.19303072158996,6.6894786631976,44.28073314264221,lentil
23.145354125278647,70.9400918638152,13.397429642339826,27.66993398894556,59.35410206783681,6.307840274178596,49.9401139823009,lentil
13.301481801881867,89.31843236939432,17.367715746736902,29.748775719836914,60.03563584291687,6.641293889815504,32.414557717792604,lentil
14.74088128639713,90.47372115204975,17.637699721245692,28.550689526430602,73.25428845038219,6.800401861884369,52.5311049633454,lentil
15.544789901183215,74.92040896154192,17.12842966329073,32.46741833645803,69.01323894965493,6.726159899514076,36.87242432666163,lentil
22.268093089140784,54.76467473329079,22.490326981220104,20.41910321884113,66.67680531155767,5.558938635967612,33.775801478913316,lentil
17.250612575189123,51.84106143793589,26.132290961457237,22.905932826985982,55.91726379487817,6.74803799757645,50.34043664548112,lentil
23.424695961716857,79.05999772746988,15.191157700311788,23.469996905404887,67.53559170164144,6.698259026059081,58.94065604494871,lentil
16.950459292452052,62.934833876800965,15.722163694114897,24.745856201286685,69.5048877102534,7.004310301864346,30.386980703922916,lentil
19.84069226419941,66.1425609566376,15.224158978432666,19.99647940030247,64.50783529175392,6.642893332188785,52.98492499469468,lentil
12.952095990481284,50.34565352050422,15.811220410488161,21.719846681711864,69.30163805817854,6.058595199242837,50.44897170044954,lentil
25.429525219234108,78.12607576632631,13.428383752961675,29.523043594195077,66.05971473556164,7.590011627988133,48.45554275574079,lentil
17.59312376012686,61.23233558817613,24.345770297332834,22.882490422573362,58.38106197617761,6.585209122302891,37.15710681282598,lentil
18.46977758849371,63.322539611642455,14.013005846107077,26.10973985252482,71.9961533616879,5.631398815351442,43.5242718159252,lentil
17.778180243279916,86.08417432162992,13.175656611616814,19.585206140958533,69.13760594510272,5.436308692561842,39.26708666460446,lentil
16.45911894542638,51.11887161630848,6.410940569149844,22.17649224978042,64.69223626518654,7.0568810203341625,40.05626363432427,lentil
15.73622424097033,88.52214584324192,23.646975359161097,20.96215060509976,75.39721340220377,6.362212134096409,54.88503317715937,lentil
20.66821552427208,74.21663827706828,21.07670674686507,27.97514258828749,69.17994020931968,6.389633235399699,56.48759953946255,lentil
22.452837303548865,52.559083811877834,13.128108757993624,22.91342781084641,62.99063670094276,6.373422450508989,47.36387586055212,lentil
21.250374554398004,53.931971749292174,8.074899437004976,25.725824075896437,67.06692029384331,6.459446540337606,54.717615079741414,lentil
14.76504822820564,63.041384117407134,20.84221410815233,31.092312266648964,54.67206972134235,6.350159606630196,44.95069696,lentil
18.40521286803267,85.73101027448104,19.460878639390305,24.9986186686764,56.74404769894533,6.065659371115827,45.88915468958834,lentil
17.400397106777795,67.10008399231978,26.128570376587305,24.00776627892556,63.411517807334185,7.233135272104528,38.78540752061441,lentil
20.020415584059716,84.95203350252811,25.498889073569725,20.595196090980057,62.27938915030696,7.158653111030826,39.52203341607505,lentil
18.055928009607868,52.28565467758397,21.147722892900997,31.33803335767143,66.05284225312931,7.027347314359803,52.05159727202195,lentil
6.377907067456917,69.38721253323807,23.490640426188044,21.314020321781765,68.61172914849494,6.229526989873863,47.25956918103928,lentil
17.453631038907464,89.5750625007367,13.053379793553967,20.433671117181106,66.4973170910922,6.629131069460619,54.04273777288738,lentil
14.776784279808663,58.013520696166864,24.381231047836245,24.300297286270112,60.159754394620386,6.510209757980151,45.39241976208092,lentil
14.103370954827318,70.11461167957034,20.229987203744823,24.340900903449338,54.88629205649944,6.8172740069085505,46.8590041803561,lentil
22.4087299106501,68.63716627532129,12.93065042976168,23.593812451158524,63.09289496671841,5.899128503616768,61.37377723509374,lentil
20.25038975288648,80.70636598880739,20.39440999364769,25.977744496840742,67.31057502924754,6.312462295961937,34.21492176271205,lentil
23.0735139310153,60.466197154063615,26.030163389840787,27.471841706143344,61.89775711916556,6.25989036569396,33.40807207125461,lentil
15.321283966734022,64.18091195855587,21.27101609128376,31.7879221750754,58.63922574038411,6.572296740468543,39.21714082310214,lentil
17.290804352121956,71.17642860023955,16.57400493844427,19.533169471632736,60.93549127704861,5.806320843761728,59.442558814841675,lentil
19.70681957576352,77.81679576219203,23.397506966543617,17.332885224232022,61.831247120863594,5.636882683329075,43.21786711301209,lentil
20.469072300626983,73.50026796836133,17.147549318101415,20.005349644481328,65.73793319153853,6.937390401371811,45.98009672520512,lentil
17.350651190646243,62.24082220481408,25.011058415601518,25.94658493356105,69.78175021605783,6.529788303605581,24.40833918536013,lentil
20.436940351291312,87.08158611744787,16.26635362639736,23.002029509309626,73.84920895156793,5.841538848101737,40.79301150670154,lentil
12.232627636038236,63.3872684673032,19.077173402044302,24.2099640151141,58.96036408333903,6.910470810836348,45.26970865706089,lentil
17.215024978854025,76.09407335003785,22.099896369702492,23.75373673087303,63.784328064171,6.072385219071719,35.52866816232052,lentil
21.062399728282916,68.7839010444983,19.433111605991428,24.319933070619022,62.006891834244236,5.879352820034562,50.250701204763004,lentil
17.82467846815646,65.93064654605186,22.38486218333725,31.48527010363659,64.3954785383114,7.773985993182608,35.07886996169525,lentil
19.333845460886394,84.24179336850288,13.041508580214707,21.11909847181898,59.11566144073052,5.744846658475978,37.68448546020771,lentil
24.126128810278427,72.64099335151295,21.58076071944985,26.87350862875566,66.70072568074329,6.9204272477347795,64.46249498532951,lentil
15.081634743218736,69.44092271121839,15.089218066538683,24.115289756974228,69.34183240032424,6.4796906072342,51.784901170896156,lentil
15.610329563377935,76.34497439402016,23.518488703035352,24.03908571910521,61.481531952635514,5.9751800155559005,49.55200831889208,lentil
12.93659134038069,80.5994372625728,18.174488615365107,19.184463041021427,66.19591979527065,6.230579862536607,42.98595263387008,lentil
21.030454965720867,62.495255414780075,21.63200716828798,25.637873692629462,60.89134147715175,6.4062393297812,48.097299470213116,lentil
15.835598218592065,49.19511971129153,12.464898358617717,25.023698261584713,70.55311428120005,5.992240338276801,59.627893884942225,lentil
29.47234174439511,53.33784006987962,25.41259444040575,24.84798319590634,67.7979036962257,6.06170151147494,43.83109243856839,lentil
22.17809607475121,68.0669447310439,17.806300588985824,28.671458900373388,64.56383052590586,6.36890787181357,48.70488886814739,lentil
23.399915580200407,50.340995414968596,21.372363508925595,25.955187754075105,70.31736001025416,6.586378725622517,33.90448224764432,lentil
16.23066759295887,78.22150317214937,14.75472537638774,21.202125944775045,68.16207764438542,5.564431433516934,43.305960224625295,lentil
16.687575470241242,97.19334008008478,22.483991036553608,21.58101713806207,66.07870179611963,6.804212125481276,36.95040895163825,lentil
14.098584799049707,71.42187291302245,13.3775658509239,28.670146549362904,63.20818522715087,6.105249456683173,38.45344176692791,lentil
20.272497253235905,68.10837303190195,15.062439996743096,32.58086465328993,61.71611053854614,6.024567267258564,37.22256818464836,lentil
26.722240821620623,78.79383800165162,14.92503239095269,27.682779828913052,62.76606843844516,7.265545251152162,60.92288940609214,lentil
15.906003085416394,61.678397742205284,19.23298488277414,27.45775971760792,68.93201436162622,6.978337809342876,37.30435767422577,lentil
9.664531083618478,66.56599178839208,13.919384639469223,23.98901089246632,61.091657449286494,6.298313979984458,40.71804788902988,lentil
8.843415622078048,68.57985180829539,22.388023582665323,28.067539499950016,68.01962876634799,5.883635654997517,47.37856520684305,lentil
11.917070337937945,59.65428971576243,18.07976868278444,22.71876423817275,63.47641136959575,6.723423203320896,40.05975218505962,lentil
20.32994824731372,58.17979109407317,25.47206541397467,21.503096463102505,69.07347582333009,5.99770802730214,37.770083362677525,lentil
26.12925481375988,69.68837443682919,27.209275598388555,27.316508425954726,60.361402792486096,6.3800614530422175,46.09787009434127,lentil
21.913519889265753,76.16065805704238,17.55170544904957,29.25042003261743,58.51698631827004,6.448778862219201,58.322932053266776,lentil
16.097739573526894,74.82803310688,13.682262435366255,25.999846676577462,58.37672996130629,6.5485622690587455,43.123433916040874,lentil
7.304713783584905,63.40900678821054,19.680933217520376,21.35153982943487,54.77391601480536,6.010998466613555,54.16803763252714,lentil
19.344997186607895,69.45278864545297,24.343660041417742,21.377878825380414,59.47874603349925,5.735603759524136,45.961180507440794,lentil
19.786924875681446,60.29389848016955,17.14677145101033,29.03699118144366,64.53080554494409,6.973142979416436,64.20970013603694,lentil
18.798859157842855,64.31014190541926,30.584430715243002,27.180445251329726,65.26251453498493,6.337407764447654,50.15252423506666,lentil
25.045075783138554,61.728526622971586,29.205460494841528,21.176526495811288,57.27596463097981,6.454579956548624,34.27803487014374,lentil
14.957336969189367,76.87171976384855,26.891212057091725,23.196447020362893,64.09824795678976,6.601747038687764,42.64107184988241,lentil
13.761539058347886,65.70321227948126,0.9359746261592932,22.262614466267216,68.76190274765614,6.1481177591866345,48.76505206671508,lentil
14.657881291801178,70.53193812531363,16.433802904843343,23.318885931714608,74.41607696003996,5.649743096295761,28.51351787657976,lentil
28.864737927757663,51.298328698015,19.23742087204495,20.401737212654204,52.63518362702061,6.953503628481599,41.82649609292367,lentil
22.50794055961149,83.35485345516753,13.609330504181894,25.30978666826654,67.67150654659528,7.09446227122658,42.44653581345093,lentil
15.033025335886137,67.40938913528719,19.925324006677407,22.054016377343437,63.7280889572437,6.675571833126666,43.62585934421959,lentil
13.710236244544118,63.42969171028413,20.885044281251748,24.316559012012767,58.06821409603724,7.035458996829799,46.359676155786936,lentil
23.406754563878295,68.67861325173139,31.834276490303314,24.391484057834678,59.917938130043396,6.633439861660713,55.123244399256734,lentil
9.22320682793058,75.73153379875352,20.464860576936555,26.81036307408291,68.0856163885641,5.69793399590605,41.00060685895997,lentil
19.773814992803526,70.38091360965072,9.952070520705256,27.659038659668923,75.13900969241921,7.841419210989802,60.00344322558031,lentil
11.787968911283336,65.58034711496859,18.351998573969684,18.756450473765973,59.93027640655734,6.359053696303671,32.71826406447278,lentil
11.173195322140064,70.15828222568207,20.72717760153189,27.48522151103839,56.40313154102962,6.633843115455007,44.186786632253565,lentil
17.031355997998016,65.36097635964948,34.63802332984365,29.06858378690009,62.43474129624741,6.8583386154049055,51.148191570733445,lentil
16.850309712439174,76.79076706315963,18.558203798729227,24.48183796160797,63.06033904392438,6.273167831787683,50.24016968166943,lentil
17.152935299381955,64.25886784294214,19.552614709711754,20.949045432103027,65.52205084351701,6.466849141665665,43.4408150553458,lentil
13.54044474102679,68.8334513109693,19.64794853542709,19.440687490863006,66.94508806568746,7.913516560521826,53.85958445926416,lentil
10.708878037382675,65.7509446875252,18.674886802959843,22.718513442034272,60.64832298505214,6.4480751881778655,39.09098213604016,lentil
22.57422880064619,78.01420802239825,25.098819889408063,26.000095790061934,61.967804102358365,7.235086607008923,26.06428043692954,lentil
14.838306568693678,76.99411833540728,24.747114337216956,23.281689810786716,67.56492963358326,6.602131522521692,56.55751682868626,lentil
11.730195154786085,68.0350918782308,26.78680657959337,25.728543877182396,59.007126471229824,6.699107496688702,34.92815442767099,lentil
17.197785430631573,65.0817100751872,16.340657962397096,27.182571820503536,60.34198555116548,6.251435244234341,41.26400813901757,lentil
22.097127251833573,76.22013823852834,20.959375182716567,17.488258174862565,65.84422225375592,7.033140792556458,38.13635259459997,lentil
21.241144069539008,65.5256243083736,14.810733810105752,24.430354209805976,68.77689392633587,6.7827749010953715,40.10825050536444,lentil
18.07680452158516,56.12024959262436,16.227604966901456,18.168516961464196,71.50864602436097,6.479487866032008,24.534659669127667,lentil
12.205779107209393,66.21176402689836,23.570209518215524,21.303109150789997,67.1322736198745,6.140754134896902,36.583574207715486,lentil
24.932128425538608,59.10123600856066,21.24425552318979,28.23628234065015,64.3587986210419,6.440479375957833,55.4118123611011,lentil
15.843995376317483,63.13547632207922,25.240278802410973,22.43782519404764,62.851828970116834,6.162225836459872,30.381748028322168,lentil
8.16895869927254,79.20338691244694,17.303312215543222,26.606774016106375,61.04995774207965,7.046636687149932,46.882777753934164,lentil
28.59139241669838,60.5731810763227,20.168462288233126,18.81342537510696,66.49276225419064,5.879364096841709,49.05167716412374,lentil
14.212468403310167,57.92403822845233,13.614696669597377,19.35761756458389,63.679736696795395,6.706653587003488,39.09775370987496,lentil
20.54955127464559,62.39362143441116,20.775067151639508,22.77800411102967,81.30954620701851,6.528015452952517,60.1902982146631,lentil
17.898693864622295,61.343914620191796,21.834007465008703,20.450116555660266,65.72269043289458,6.442558175070902,41.88769721675695,lentil
23.005643714105446,84.33971098486589,12.456929219902545,18.645469468531232,58.57093668280659,5.6649239205603035,22.82011529702537,lentil
13.810411547390707,61.237335840112245,18.51259977732285,23.258575772198938,60.700712248850394,7.01292231837126,53.85002633495502,lentil
19.511598841349905,71.22695461490336,12.993859113182076,26.11641550268297,67.77402001368324,7.499983721053839,37.607125708432044,lentil
22.0252768297403,76.94654174327937,19.974410560983618,31.018761365600525,66.38299552517279,6.442350423912616,29.010835358242602,lentil
10.843182181094782,73.62976174658998,17.033121789237683,20.11183471118109,61.04307081730704,5.822640773213637,54.35271942630606,lentil
17.992061367339005,65.00469677460204,18.841699523677924,23.33276310764134,65.54504039214993,6.0638154446441925,38.80040990127596,lentil
19.86169041874296,64.92289512879759,20.148232290245225,24.0096147230446,60.78639772504091,6.232386672998602,53.21763494173373,lentil
16.08375365689141,65.91566923773267,16.745852290586363,26.5564324008003,71.00287774730913,6.500724114738619,41.374240020318915,lentil
23.073459517153424,68.02366486297247,20.922473975608103,31.952072281059003,70.9207222893164,7.511905946969666,40.120911892194876,lentil
14.699854431981194,67.01724547067798,12.162525869926718,21.552760798519866,73.59640005699069,6.285344067441502,26.448376015383054,lentil
15.849226003053262,64.72689216299676,31.60162994888908,23.76662659295524,64.18602795660591,6.666210690402468,48.55826462873093,lentil
6.860568040934037,68.30155478481889,17.595215138251156,28.88824228739691,61.96320868918021,5.916520098419043,19.97380913001453,lentil
18.28806031373827,57.257115497123294,15.821278234227321,22.147995803312703,60.71957511184731,5.878745343667109,32.77815994140017,lentil
19.6920582219664,67.33006894268401,13.12075337034565,24.956090887936508,60.95675140647796,5.959884493370286,51.44108527645296,lentil
20.054436848607413,68.8722182931668,6.862518527802182,28.791862907463802,71.12915173499486,6.194251463258981,47.21964486619839,lentil
8.129325115258823,68.45789600908373,14.695742870403796,17.70094093053177,64.9237119193046,5.994351142083267,55.330219085665014,lentil
16.54184028897765,78.93954329276188,21.376684326081712,21.816690723365138,70.89128289267595,7.0014005610079195,24.009248674672637,lentil
16.42594801978766,65.75703860441773,22.102750269635365,25.334685743108302,70.19035614342471,5.977409527690554,44.8857482819899,lentil
14.272652711671164,68.31671089910516,20.224121348962242,21.629359147803065,64.32811117907904,6.221204636684054,31.1602464116553,lentil
16.142819356303715,67.99222797172712,26.734528331356117,24.506067645337478,69.49810750992164,5.6673940829292295,51.95317433780485,lentil
20.413109860379272,65.78316554307133,14.739951720357936,25.900939178489352,60.19225452544238,5.461984993160068,31.19886475665355,lentil
21.555403653275157,58.47379818645559,15.48433804434082,21.245711545291844,72.42459292338008,6.57795142663462,42.2943605783678,lentil
18.562244401323394,69.54295910100109,20.587401139205586,19.173165800620986,69.37595347800459,5.644717245897953,46.48142010879467,lentil
17.026373746047742,62.46010819798663,18.43596698347319,23.17421899532031,51.9580430169205,6.843976138578076,48.44555008176656,lentil
15.79384512756232,65.65513115161407,23.494485838734736,20.56236106700993,50.86758494712923,6.093090280139023,69.25105055103913,lentil
9.054912338954875,53.0051770291503,18.26330617135586,17.192445799579254,59.62226782527551,5.8452478264569905,43.03878479657158,lentil
12.43822691879831,55.72831075981883,15.208130281672455,21.212690295177936,64.59746143831242,6.652514162849863,46.280450714614375,lentil
31.706299821079437,81.86543118973853,18.36954076288592,21.67105169688419,69.75672751117632,6.67207099438322,51.47769274632273,lentil
20.857936994309146,73.62971571645929,12.544925894353902,25.333219939969794,66.70389537049019,6.633569363963279,45.64803677496521,lentil
30.446276155163456,65.65787683637984,13.802839936695523,29.189738471372575,68.99054632846048,6.290036571833653,43.377053832271564,lentil
13.408262238313583,75.00411361981928,19.78523457097763,23.50468536648681,55.31316209512815,6.211053725731163,56.99562344219733,lentil
19.244766623676306,46.240097976130656,20.765809425028948,22.648205777288915,68.35788511769803,5.7221561638564715,50.71005049531473,lentil
12.111180662193494,61.484619189919755,21.43614501970913,21.77060498256429,63.199190426862664,5.844481912129699,52.974663841361796,lentil
20.490098230103225,52.97795145194077,14.573578123737665,23.414224410044003,65.7183314866402,6.9670608464267865,64.12370199239638,lentil
19.36021631628336,74.70504282583546,26.623934326575704,24.807131310712936,65.9725364662355,6.455028895533886,46.39306280767752,lentil
16.20137998178769,55.780953437846335,17.868841555083506,25.137259479565067,65.68179628060673,6.454422918119944,43.03985796903197,lentil
24.77322875253935,69.56556377518795,12.944945636873214,25.380417423888204,62.917488925851714,6.165112785764382,51.75008773041327,lentil
12.692079875602227,73.23887092567081,12.87883179254046,22.381170485558343,72.84088290978758,5.644460197238724,49.411671592150775,lentil
24.6995525560682,58.20880321202632,13.81353230391333,22.07373338163025,62.27108042208156,6.289217241610259,50.13553278074625,lentil
22.388647122482382,63.31769087723969,13.327064840734735,14.556827542380097,62.00773932864672,6.752294382851511,48.51850405572797,lentil
15.03313551364125,76.01892400759782,17.431288708031097,27.624024035342185,69.31376760462639,6.601223326452729,40.449181425126696,lentil
14.544090774960928,69.26463459230891,21.058361695922002,24.177648314543035,63.904402638918135,6.256271083672739,41.68488624719878,lentil
15.625791465983234,60.05368022507272,20.114943004165752,23.078939325762125,67.61900949810577,6.175725275561404,28.67278434833432,lentil
21.259242336030372,58.7647321108933,15.397268259415087,31.958563062306162,70.53598352877277,6.608865395836686,53.27387710213608,lentil
20.124949839555278,71.54743646711779,25.10509026375665,24.20833492970635,67.60298740377951,5.941568769194305,30.94201936872712,lentil
21.752619133548937,69.55492391424796,20.49502680040928,26.628103390454946,66.30095910375722,6.20429672086476,47.00127215173131,lentil
7.755398067411578,60.41272598575116,17.609136702551652,26.468848471112576,63.109956453105575,6.909257988201234,24.156707554283763,lentil
12.16289345244643,5.5141605893651775,37.85400891044308,23.154978750762925,87.10930995720831,6.883241391179222,90.62785478904317,pomegranate
15.10892928450359,9.758389952486251,43.14246226316759,20.106055779514463,95.8652943143571,6.156563052325345,96.67160711192341,pomegranate
34.90081054915272,31.869425935940733,34.38619945982074,27.325710496715235,83.56907665698907,5.832587425698494,114.08723565612347,pomegranate
41.74940704908566,38.939783221161235,31.444257334455934,23.47729554019681,85.30969007891842,5.849633687842504,98.91903884409508,pomegranate
27.84455689377568,20.104898192012495,49.67055497054904,25.065595323162842,89.94800547080051,6.63480207432159,119.73708809391967,pomegranate
28.74077249364036,31.634622464629302,37.765881389544354,20.632485866284153,85.19080918175342,5.941657774613527,105.85780248196401,pomegranate
27.3283073584013,19.89101909866513,40.54093817586845,20.902294801422233,86.32868794364599,6.679445403346543,106.18302422784535,pomegranate
10.549301861729255,16.760849780675084,46.94548462503803,17.64594865125167,87.5332821928277,5.389920328493198,112.35729079861433,pomegranate
11.72931743549977,26.047732247719296,34.91153681774688,21.363267070118184,91.17442699959804,6.55277892290779,115.55571189296654,pomegranate
12.793437039260315,17.126642205479165,40.156363680378874,19.427635191262652,82.13612041037996,6.9013645486427695,98.48732166389037,pomegranate
38.36390147390555,20.472322436808053,33.91912477589672,22.391793812621472,92.39591124608644,7.380609954179156,105.49251010514078,pomegranate
11.733578947138726,29.778855996580205,43.443944365022695,27.30648242683237,89.21700586616488,6.193769056237679,111.50735657195301,pomegranate
19.69420469944887,41.9691799743413,36.36450334408578,22.58074588528352,85.42126970252767,6.537424406593367,123.69278472933944,pomegranate
19.965225372653506,17.89045667516975,45.00585916380362,22.026880838762825,89.29021521719565,7.105421513889333,105.48781251526724,pomegranate
15.404771878996732,19.39227238293402,38.97905732156074,17.344164694668716,81.4250067947209,6.070613636103171,109.87340639859353,pomegranate
38.10556395941069,2.7121561519452335,42.5688514397226,23.219875069404754,92.29271887124074,5.675456729499595,107.79183109684878,pomegranate
16.69222875872792,6.908455456416426,38.58188471693833,22.473923792472156,84.54234053788028,6.644965502803788,119.58621089911226,pomegranate
18.274416602068484,15.812839060328676,34.74754052712773,27.281147112462055,86.26624621028458,7.283009141063645,114.2352687895144,pomegranate
33.29639930872668,21.706550920682197,31.945116594717508,20.024049853835713,86.63160523718773,5.9482885960392,127.44681901034468,pomegranate
24.978416952818655,9.79088572712392,39.287623308260244,24.34448386526242,91.16933959846021,6.614318265621313,105.22731053456702,pomegranate
0.0,29.224037272304916,34.98901325507121,23.74390985320653,86.31814138788074,6.0012360269663345,100.61475094458144,pomegranate
18.514630468128974,21.255732924982002,35.95627132703358,24.338456835789334,82.41349248953172,6.368649454140282,117.6341348948249,pomegranate
16.843053790507216,20.652070352216324,46.28119421761669,19.833978255506754,84.18351799343256,6.244981724149645,124.78744329345058,pomegranate
14.099806855387538,30.970683399655385,38.17437322000309,21.29896053379483,88.6524425874237,5.645463569395965,100.05708337352542,pomegranate
10.47268936012024,22.79611604976989,34.4383728946629,17.339920302810498,77.36117646042918,6.871124561260914,100.64309447326094,pomegranate
18.003538291972113,31.19713852573125,43.430492959191156,17.89746967035963,91.19212538688056,6.265467575353801,114.79369359449322,pomegranate
11.300252425740503,9.904541269897875,53.52148905608111,24.887053747471416,95.1827317918021,6.353722050139959,92.9831266621617,pomegranate
22.199775413661655,7.766668935546484,38.727035794896096,19.070926925572575,90.5680532657393,5.8273174219607515,117.52866483388568,pomegranate
27.337809309230224,18.19541756277099,48.11890579905318,20.315717863256847,93.48987310654489,6.16694769953757,93.60900281955452,pomegranate
22.372234853995053,28.78375088041382,47.0818599272601,18.540885125079328,94.73687613559348,6.127131395048969,107.40556255324573,pomegranate
12.880574182826278,30.114149470491608,41.332214889131315,18.982006828051333,87.33184398985827,6.478539703812644,128.1612276451896,pomegranate
12.870547640650518,42.279035136727316,41.307669367726405,23.320616541954397,90.43085516381493,6.825557146546023,115.97328520261792,pomegranate
16.257075266550846,26.618417056399384,42.89799668849797,20.606625578084795,80.23160839010683,6.146497078832119,94.28428796041649,pomegranate
3.644615220085903,15.659563154979319,29.923013353838357,27.314073432831737,82.08474238657375,6.418724085367107,109.71535326621881,pomegranate
23.246612631625506,18.183992528205476,42.172502646791806,22.554527278993685,85.86876608733226,5.934589246559224,112.41582980880536,pomegranate
0.0,0.0,41.32804092768472,29.43254354465087,89.85146570726585,6.717948025761003,125.88912222554981,pomegranate
0.09024716154784684,9.274459783131,42.55019217470256,25.771098333895605,93.73720802026118,6.93376796786034,124.7116218895315,pomegranate
6.9026551552261495,26.51668831827399,43.308452755275496,22.25330531825528,91.89983031332673,6.8897567536760755,116.71858502180166,pomegranate
13.135892443950244,20.63282362658,35.30345377120581,26.206541660735866,89.17098632053727,6.773982132347823,113.41029394954316,pomegranate
21.52959185476873,19.930841848023373,39.898525950848786,19.499712919774364,92.30054660869119,7.038781947851987,111.82380775599303,pomegranate
28.03899701597307,8.362216592065675,38.59039576836482,21.04299599476959,92.63155382296635,6.560339614777801,105.33285731883409,pomegranate
19.614571857300902,9.282060075530502,45.21266279479323,17.405605994947823,89.52210674174313,7.396399929707082,91.70985607344626,pomegranate
15.670145890748747,17.086798272020058,38.911603283382306,16.728935117753366,95.34458528526159,6.530201854844937,100.8123844626823,pomegranate
19.08526885627511,8.383219858808854,41.20184676550929,22.857615390479012,85.19061293373387,6.481211437034345,104.03108435721636,pomegranate
22.348252854299247,36.40886407705159,50.23811056658214,21.850218219951856,92.02026750496856,6.507380032255234,106.38533261833686,pomegranate
0.0,11.526126507313567,41.34329387433863,26.02402145229346,78.75636847072643,6.478897781137458,105.20828189332563,pomegranate
8.63473000416734,28.546801046747397,45.600633513370795,22.50435800280057,83.4061144929152,5.874558580308724,107.27872286471248,pomegranate
13.423734108542366,17.002349637586263,47.40227937938775,22.118290924275318,94.65154958408631,6.908217036594449,109.77333999939887,pomegranate
12.93045899230569,5.1151551293192625,36.57981128030538,25.6379424958672,89.84382016602454,6.456618754473169,97.63688821100915,pomegranate
17.594771507513776,33.04139241590427,36.782260550758735,22.502347848040085,94.99334722775683,6.515219667122381,93.45539041467524,pomegranate
22.890162625802837,11.797641806492607,40.06984765958453,27.58478319929321,85.02116484342156,6.23972510835231,103.5550592160103,pomegranate
21.712729000967588,21.899968260398822,43.38534943295944,27.670955890521626,87.61059286769603,7.145911796684411,101.97242944162006,pomegranate
6.372263638821956,12.533037956701602,46.62139438575841,23.48793656735146,90.41044341411431,6.119982853777108,104.59073708318998,pomegranate
25.8544321081783,11.418462304543368,42.544877501314716,24.085283145462363,88.44087967231086,5.647469217189331,109.51123854480053,pomegranate
20.063163297371638,26.612402537388327,33.71705238655683,20.866360299304908,82.92210938370215,6.287176184720414,103.70520155064656,pomegranate
12.152770117091158,27.515143914279573,45.580985647891694,24.810401618375472,86.44443608137392,6.484165048179206,97.44030280149747,pomegranate
7.651876443997809,30.410997335547165,45.47214096013911,23.316820927998,91.32650769460004,6.8044811451101666,102.93199426971427,pomegranate
18.715432492342977,20.99333258780715,39.90270955409432,20.678591471805387,95.18811306290291,6.987448369533501,107.42173211228456,pomegranate
15.551299323270591,23.78477628468703,43.78746252956289,25.37350653928864,92.99754154337674,6.587489046914831,135.94893401632345,pomegranate
15.352977124524696,12.792817153120396,35.23092027997103,15.703211164438626,88.32426774481637,5.989145332978312,119.88041133040373,pomegranate
22.1767661688679,22.740392638729052,45.23545933419443,23.88109765379454,92.54004147406962,6.6367096219513915,94.9893522842893,pomegranate
7.617076735898872,26.10992000441638,36.152030899882384,18.830325948293332,84.96173664989706,6.808834975081304,101.54135974747473,pomegranate
14.963629072105492,21.295989116633148,28.905611730991588,11.005949631866683,90.34436763649471,6.022977448314329,106.02976572126809,pomegranate
27.72522154233416,17.248636689392754,36.21851960021887,20.862500709196162,89.40998441547985,6.152467471575435,96.22592967640698,pomegranate
18.745378640764727,27.594958119452656,41.492522291045276,17.146740222015953,90.64186765505136,6.589043779646309,102.32470635870585,pomegranate
5.767069991225512,39.530805374723045,43.63449497837069,24.50902389372769,83.20633755376193,6.484295966880632,110.45177669831557,pomegranate
30.48166466109597,25.335031919434073,34.373518320040134,26.648576915589164,99.60400380884927,6.443421514452744,104.64971953365435,pomegranate
29.00048553971746,32.80311654746433,40.7258014300325,22.68501911661044,88.98393707753151,6.392819454731671,102.00227768811135,pomegranate
22.34742680415168,30.191716021467524,42.219259116783235,16.951069713061422,84.76500769755714,6.628986479616089,112.74811767838969,pomegranate
20.77874438808776,10.561858846164181,46.88332064659614,18.77672152149585,95.82643223677185,7.002126676128024,100.59569793376365,pomegranate
22.09601818414239,14.706438656577124,42.476634744955,20.555257182214376,90.95284486375571,5.990833166736574,108.5724675123557,pomegranate
21.421437703210625,15.952887355794774,46.70508953002886,21.67827567145887,92.97984975157144,6.706565537644051,108.02623249963895,pomegranate
16.357037371177228,12.043687143015692,41.359845923860775,18.670233807673934,100.0,6.081343826117757,96.97729449755528,pomegranate
17.673593076311413,0.0,39.066627218630806,18.152243001992243,91.40878825597028,6.472745160645075,108.04327004254503,pomegranate
25.672923452261845,25.608275933481643,38.47376983421922,18.324872713420717,91.87193264221521,6.693370239604938,104.5715647878165,pomegranate
33.531811020766256,7.62122944404447,42.95544818617151,21.51340934427006,80.80320014799292,6.200108673435931,92.70949293012694,pomegranate
24.10591060008172,28.751617554026726,45.00015270242557,19.180624837740034,89.21790002482047,5.564603660269186,107.15596248063693,pomegranate
11.538121988104406,33.893889350385194,36.850627316064994,24.114245423691152,89.07460240352188,5.688020984119065,115.10528492662058,pomegranate
29.39210665118966,30.208192365314602,39.54089121427511,21.85354734314413,81.35342534250097,6.865522867540813,98.69011347353981,pomegranate
20.570916388723486,22.597875640728766,41.08160617254014,19.95420179537051,88.68892575385594,6.615392127377266,117.3291895283107,pomegranate
25.055963821266555,17.14288638793752,41.10354503689097,19.597360228450036,80.32297297145573,6.31700303791823,121.93308348968782,pomegranate
18.60150629998016,15.225345245729496,37.130403313540306,22.632487238782595,91.84435697202625,6.342422697440755,98.51627639587808,pomegranate
45.79244876705145,19.98721388529484,43.163646948062706,24.41960611391644,96.29804024177459,6.9255724665092355,124.44887174220838,pomegranate
20.62285546613361,9.008381365981975,33.338019186230255,19.493043000953385,83.83330611822375,6.196942634676407,112.94691548868238,pomegranate
38.77883571998027,13.225792833440018,41.944073138836494,23.25556776225876,90.7940074784553,5.730553836652133,110.47447473917727,pomegranate
46.77925366283193,31.013619262523303,36.27148026837925,20.062566395343172,88.68231562002052,6.275195396195945,117.98704026621085,pomegranate
28.37144033428843,20.600571350105717,42.94828212038971,24.850731730376726,89.27913082981031,6.609019586611431,115.98097730449669,pomegranate
38.17418264071663,14.328381131839265,52.02823485542816,23.736788981982325,87.79009895452506,6.4909819991375795,107.7890064937574,pomegranate
22.903630797696188,16.01757512564737,40.4226017963655,23.4912968759997,84.67006415312801,6.110028365491292,98.15339659615056,pomegranate
17.143109482495415,7.364046814453651,46.63179766948105,20.4646346112602,91.56424321892808,6.03621415974746,114.13280712404794,pomegranate
7.961212500521491,20.496649208726062,38.75693171307435,20.236997749215963,94.66935753500766,6.4627169302435465,99.4820953511671,pomegranate
15.484833958508581,34.80715367232605,32.554178110986584,25.704322402278457,90.76188212459591,6.593001171733696,105.72780169128065,pomegranate
15.762149059329744,28.449585310968054,37.529955493338825,23.284578934824,86.03031148962394,6.913517030623811,106.68806933520511,pomegranate
25.423314816457367,4.428240573463704,43.83428447961042,23.402701652353063,84.9129316533067,6.76756010777404,96.1950924721293,pomegranate
32.644051484162055,35.47461901341977,42.867148787736916,26.62909884349377,93.79689612607594,7.078122785265435,113.28888112139897,pomegranate
2.1103855389319577,20.103127978009837,39.060292291054694,23.98689921523626,88.44113580122965,6.996650064249417,110.98638887625309,pomegranate
20.603772891933986,27.20069646084956,38.03500207696577,24.815812583415017,87.60101494657047,6.898451220575779,115.7317361933737,pomegranate
15.057979905836365,10.653270215485655,44.41254739429776,17.735533047533732,94.59498375278537,6.607303855776441,108.90954542698083,pomegranate
19.72223902647218,1.9471490091405634,35.98654836332039,23.209339656255178,86.53134988830489,6.850272254426895,112.76212565680068,pomegranate
25.490368984627377,12.545510178718935,38.81797749426961,20.69621801019244,88.0729448368155,7.193945184976665,121.72276101423198,pomegranate
19.25277979877121,28.24492927460149,30.718310971059854,23.617843520991173,86.23001597523469,6.409197850820586,99.53834626252781,pomegranate
13.203803129707953,38.762298476643565,43.50490825911074,23.703970381671674,96.72192332904201,6.6405760556888795,131.7604009002675,pomegranate
17.980263195605737,14.792262557808137,39.90717183475205,22.697394316846783,84.61136786917672,6.552678294896273,107.61012020717197,pomegranate
28.62124395798496,25.954212525916738,43.54175229513595,18.195537499297192,93.88463502866033,6.761383887282239,122.7824841174393,pomegranate
3.0139939510112903,13.844310275968025,26.73747632303984,26.09623474782459,84.70891414202309,6.770675347731973,101.34171385186751,pomegranate
25.622548794218282,17.06708684536447,42.342984524130586,20.977523931239404,89.34324976852136,6.4947690608973065,95.43836241969184,pomegranate
23.731247222712877,6.385741512183685,35.75028853303978,23.982738788115427,90.08803349338734,6.794516597695586,97.0237064213892,pomegranate
18.317546680359,3.2520036225157156,40.101499942428426,23.51740500508277,85.39531745686902,6.786945628914351,99.23601962409555,pomegranate
14.458705154978741,29.345957124008855,35.40024976381905,29.34984617888886,89.0352303365701,5.191349511019641,116.86588629080494,pomegranate
17.198457735025247,32.27708323475,27.851740645377383,16.70931473782927,92.63497009296523,6.98260841509548,101.6150056991489,pomegranate
0.0,27.69802087654476,45.47084542395933,21.097101703301586,89.05534408741207,7.537618022473388,95.63642318524764,pomegranate
22.89789991403522,30.280692656750865,28.7273596921341,22.866969685253046,92.1234475559489,6.368371239834828,106.76492648904055,pomegranate
20.745882079463897,13.426446148640764,32.646621279027876,18.18110782635268,90.19513225737563,6.497016295886085,128.81688729110567,pomegranate
22.639676193235744,13.662815468426981,45.350102102372254,18.298031065979536,91.551767528406,7.309746082021932,118.09960401029923,pomegranate
19.23460814571762,12.782303595226974,40.62045742725675,22.168282418141665,88.06247554967878,6.8493930097293685,101.42352248301464,pomegranate
20.21946957571537,24.784873903813914,39.63556171770372,18.628615848135542,89.86419600040765,6.086930048380932,101.8726738473873,pomegranate
7.205093959529458,9.052144292152065,40.06095746658191,21.408621933633707,93.9834093524196,6.199895578139207,92.87991911352825,pomegranate
20.518177878063202,19.342601128615513,28.53195877083516,22.73516240961655,86.14245917345858,6.662858106071035,104.91154691594262,pomegranate
25.53099698132313,37.52966740581548,49.44144022323101,16.9711110286871,86.50527510216635,7.33393127692784,92.4715223550866,pomegranate
14.729619555023643,33.302813588276805,42.04421890502121,22.313997374570253,85.30326034142946,6.108320615201943,94.59347542012337,pomegranate
38.276792189449125,20.804879557859127,38.63384350129104,21.362091885118826,91.81247141726116,6.550410639272114,103.7713144444918,pomegranate
19.977393488269833,20.325488011092478,41.91524879558615,22.105476162799373,90.60468845946534,5.950936520444024,113.4813416223725,pomegranate
21.242286885174146,7.051687515682021,40.362698460169554,21.556026481884125,94.36965966808867,6.272380077541132,111.31265047037789,pomegranate
18.28635757537579,41.34089705627779,34.7600277220135,19.10264571077667,94.33023243685011,6.938678663376196,104.88400708231556,pomegranate
30.125532703781133,19.34491148015369,44.15330554916453,16.851900791899276,89.63643844982526,6.9557511552205975,66.34293392175253,pomegranate
22.329657823060693,23.527669101159823,37.08308676995439,15.846002990487788,90.69429587565945,7.645250533483367,96.08992394247545,pomegranate
22.864024307770862,4.483651684150958,43.09429846786675,26.97627151398032,91.71806836377989,6.776723033082271,104.07073199597401,pomegranate
30.190900241887352,14.351702220488827,38.310714077471985,22.240303409270908,89.08637460124854,6.953723104186118,123.29797016491264,pomegranate
39.52419643686646,19.045436382656106,45.349222101280766,20.762137795043873,85.9785314753123,6.97064804198843,106.7471144637523,pomegranate
12.808735102312768,18.65094111647237,42.07468168975922,19.879209653726672,88.23722266281524,6.902456134600001,105.41140193611439,pomegranate
10.967485046193529,35.210934222967936,35.56653733521139,19.038933105952076,89.05084419186814,7.155074835019009,120.91575480982593,pomegranate
22.5599175425433,26.134861221240378,39.60129344869036,19.338554898496042,84.97472103253114,6.68730212311533,91.51547006968525,pomegranate
9.70576468324568,14.655861327950635,38.62557701111752,23.77022400999967,85.77176792395213,6.995160152347627,94.47479307681708,pomegranate
3.3941553802324407,24.30808064459243,43.72497083637858,23.722418362642983,82.4550912297738,6.129650603909011,96.6417772292832,pomegranate
35.732992368037245,7.089556008979049,37.0587586931626,22.31595435189576,84.30430608959057,6.487710818869871,105.14107971386888,pomegranate
15.747614984766487,0.0,47.88053034346242,22.843455304436848,89.48988764426934,6.948198136173492,106.0572412327018,pomegranate
19.524999371418463,18.002465866741762,28.428247564722625,24.925285050322103,88.2273673909989,6.892003336447009,115.17269282298065,pomegranate
32.16721458157693,33.709474138387876,37.90463518992906,25.198726204895546,85.73986743619557,6.5639291843101,125.75596336834528,pomegranate
27.24334655420832,16.288289883296788,41.19164813877592,24.13175195229267,85.00810132347448,6.5731908507032974,113.859181309651,pomegranate
12.811608270535185,32.99948527626255,39.33555549618174,25.079088062571124,87.91268953733943,6.293571392992523,112.2232747669004,pomegranate
13.75591396125678,20.879451076900725,41.49936734026355,18.925916577030907,92.0725925437147,7.010190071873474,108.21501366560202,pomegranate
24.701671873779823,30.19170706285867,45.909875147900955,25.9563280638116,92.9389810868522,6.404171333242615,90.62847706140973,pomegranate
14.29152150601514,24.165469220000674,37.794787581948434,21.01153512990508,85.30639953666217,6.630491488876669,121.15225382094683,pomegranate
39.603164523773415,23.779934769125678,43.804692402454684,25.612055383192185,96.4370361561334,6.464432969232873,106.00629902921084,pomegranate
31.39780497986642,8.081090849441816,40.9051381359076,25.937678712160444,85.87708133754624,6.829005046437798,103.41231537139144,pomegranate
18.473059433822836,9.812446990774292,41.53974892128102,24.602193961845657,89.47981197246537,6.64500351247864,101.04341869636983,pomegranate
10.54766827072833,21.117707704715077,40.082620102426205,18.51751455069844,88.92178611507887,6.753009497320159,88.60832072634413,pomegranate
23.411255123196014,26.82308318107316,47.976441926858236,18.580551288667092,88.42139204494387,6.612755043308965,98.32123411339626,pomegranate
23.172318131617885,18.151214781261004,42.324458138853636,25.457594235067813,89.18519294039184,6.410221473580496,109.36931091527086,pomegranate
34.853455188863066,27.210500151917273,45.952433877052655,22.195195204787705,86.35590097497513,6.696939509631494,100.87282645137405,pomegranate
114.96512420192087,77.70262246581159,53.94186068415528,24.233909978199165,75.21424967540037,5.889445645483232,99.24826830335897,banana
119.63369334210967,81.74623739322405,42.58186330809981,23.552021214619128,83.48475037236608,5.3744693780099695,95.31326369186797,banana
83.73913768059862,78.32488314587039,52.8848187027984,25.93190702229405,70.74369144875291,6.368564699672627,109.8873693703765,banana
94.59583739681716,84.98569213360621,56.218036194862236,31.104302106480617,87.47905994629183,5.717802403583613,98.59619450266955,banana
110.10185446557594,80.5914752679273,54.157173739164364,24.04915320071145,70.5385265325486,5.082644414662772,74.29138179855144,banana
108.07512568545066,81.56106084929894,49.206538222624864,31.255015149210536,75.10559147725812,5.942295176096941,89.85216541521292,banana
78.46690621971457,83.17841318367554,44.24802262086901,23.398364328106755,77.50447365850391,5.197126665893356,75.60346989669708,banana
106.18166958246377,93.97246227123574,49.19493882321565,24.236473885681402,88.27062335881367,5.744166285171776,122.2603194504555,banana
69.60062818819434,63.19552073800527,48.1374766703922,26.495106035718408,87.68418363926217,6.501900799047685,107.08859088915028,banana
76.40601658794785,92.21965397051466,45.04184704440347,24.90333582664196,76.703838572029,5.128778490666356,88.07316581450334,banana
111.4785479106479,76.40275800791643,54.087672477198716,26.8859054151449,75.4887216557698,6.141046685160875,96.39399556727223,banana
83.60240883994051,98.1236634235385,58.08112551587233,29.0043377647909,80.27898434290576,5.691301323025995,92.62319478095768,banana
93.58875521690877,91.32658180115432,37.09340935607336,24.536487603529828,72.53028706276258,5.963561208787831,106.7547874416035,banana
88.18495135031222,91.1549424714558,56.9837667043942,28.50242705443069,81.22632984370895,5.901797592532008,104.83325122197937,banana
67.44948636062355,82.45323816079596,50.1553348384768,24.952837852578536,72.43974509709862,6.041442455104397,48.331778612655455,banana
77.92123471948251,86.52544370953117,52.46262910355892,26.217819021925862,79.41710255345038,6.426115490495314,109.94543724519338,banana
123.79961077991665,86.59787459196252,54.07126515001268,23.044893061493333,75.85385324049825,5.240915611073242,109.38805769587705,banana
94.54734857330348,84.9844849804578,51.68583971501981,27.326348838593056,80.43813602454381,6.441654363626942,148.52127315852493,banana
67.95417735361619,67.01339697251937,51.936694919610396,19.36938969577806,85.87066145118297,6.244699685429348,133.70731616413045,banana
70.22556465229502,84.70156610426264,52.810103951916076,29.660080849153445,86.49758353251087,6.76542216841244,114.85880168605738,banana
111.36958214249736,79.13325785229637,48.41340071912852,25.374088236015737,77.82833640809429,5.664305613260195,118.69849790619003,banana
107.94899824556809,77.65155760388747,49.29594347067324,33.78238462443734,81.26628163926206,5.686454282452017,86.44096016982614,banana
97.8634334585757,89.22293867915441,43.748440829610864,24.768042008488397,75.15500219292993,6.515459096464657,109.90510800725755,banana
103.36386181176013,74.7110664992706,48.25866328325264,28.79810434238091,73.22266474500734,5.9904463154483185,144.197945038061,banana
108.76950315825263,93.33859619824169,54.5711889590916,25.337786881303764,78.28555066850546,6.09668981665357,100.81245966204031,banana
113.2366708816834,64.40515165483839,54.552890086776024,24.937799403461412,77.3155845759683,6.322453934279942,98.22074393007016,banana
116.93836277273812,96.50059858820768,50.36738674268722,30.48310552447596,79.42922830810512,5.053724794222892,84.81431691265213,banana
110.54596069954371,87.43077176844625,51.007927534734904,24.175166335056463,85.93629298683247,5.7028855678027615,98.11221841297632,banana
92.98097212031071,80.75630209809253,45.85161859861198,23.423169448843886,77.64407169303695,6.431100488091616,133.56783762737234,banana
61.28318127124704,67.5568800497166,58.634181767679,28.42259235091975,81.74628743591926,5.553083222128816,83.93837425844296,banana
83.06179097016134,90.13242380923266,44.72393322654002,30.632696439687965,74.13008981265827,6.255911846668536,81.88026210636653,banana
107.21168769639712,80.06790552726964,40.43735682688108,26.190495514467845,86.41816747504203,5.2074371009787885,82.91887834793738,banana
96.84272792255847,83.79059710082655,46.75417160041097,26.929185351942312,83.42531021375787,5.63534483456617,77.40129168370368,banana
75.14169884960015,81.82742166026898,45.576502618952446,27.84880799090206,76.09787780951807,5.9672611655301475,85.67256946446612,banana
104.5392020134411,77.98954192130134,44.67282095485314,27.807719942205065,75.78360067011612,6.3894143309249225,89.34179311295604,banana
127.20289627482431,84.74986163328997,52.029775823680836,31.073378526344417,78.27444893504389,6.417927409612242,101.98438936261357,banana
114.42053996828315,89.31762447175609,50.12967358473603,24.279736508060022,76.68304728936289,5.387883295060126,66.48012020823012,banana
47.7830866977353,64.5023830033028,52.21253724293603,25.26031905537677,80.19389980384281,5.845543532990711,91.50272327375635,banana
114.59782466157307,79.23611136133532,55.217078480718904,21.60479679944895,77.75795357602398,5.487824259530744,98.17763659129156,banana
99.8962731633427,79.83331933853286,41.0153367789687,26.039995502042032,74.29796855955529,7.066860140916301,82.88648638181093,banana
84.8828152871817,91.22362547816962,41.827711378767376,29.7795084290696,72.5837895967635,6.770697273698907,100.24717765565087,banana
99.4571565071071,83.37929227230082,53.13827728865411,35.227690169710975,78.15694829447176,6.364332715638496,122.7325463457353,banana
128.9165252274892,60.48433662829656,57.17115224659738,29.209282358099728,89.70821416002619,6.139357779037884,68.35691197974857,banana
102.34497295318887,77.02120968750394,48.17162710359796,29.229787140294228,79.58488509530237,6.127852759182665,75.1226213325871,banana
82.26336219361335,88.55908164329267,49.67833348310543,29.40186528617239,72.14041474197192,6.599838168472099,114.4057241434693,banana
107.08608001027294,90.75661469256167,50.06202633517684,28.108159733038317,77.76733750445202,6.498578349267514,66.47512729324363,banana
129.4762097188646,79.23050867901875,47.59887923742157,25.560169868878823,78.22278332982745,5.045355530290356,104.57243385421893,banana
94.18265854252557,82.70625302024307,51.69600209784463,26.38667778835891,83.78117998021547,6.736817398971425,92.88933538837263,banana
114.11948694588868,82.3689634896955,60.245704150982405,32.07018223274831,81.88207137493167,6.261038170687398,87.39106634170729,banana
85.8694012951325,84.50433697526645,50.48918111586479,27.55319985651805,75.9112321204899,6.486674954714803,93.58033883701667,banana
100.44298244626222,80.53609740146979,45.01785559226546,25.297712964148424,77.04361094394447,5.791564667121798,107.73822901984782,banana
95.1455469874926,62.62182423076304,43.872897084581915,23.912325173279488,85.83950721406005,6.7052192964009905,113.62655822706479,banana
120.00574224074369,81.9257530343872,50.0596056925711,23.814736341663238,73.06158813974578,4.908007779700886,22.632628984990617,banana
102.25148849778297,82.35990776486055,53.81084142205811,30.234250811044035,76.64579775904568,6.062308312518169,89.60372803418983,banana
105.61796257617017,75.35199798785149,46.62037690903617,27.78856194166657,81.66599357197921,6.082504905524759,80.08480629656432,banana
105.7105700316312,95.54858152124278,50.03430469653032,28.52390468152022,73.5775878216316,5.438071596274371,93.1909647681504,banana
118.06042458279052,86.44189982240582,45.21542373971876,23.163191191284515,83.01178104316692,6.142837388867368,82.37597303154966,banana
93.4483722122438,91.38000904210575,49.71556817416667,32.19118055134365,81.54606362683725,7.403320416799399,81.33326315963781,banana
95.73809958501153,101.94613411310009,56.49511504389952,29.35658156956401,75.8870271685397,6.618037994637368,70.67165806231115,banana
103.69306068214478,94.5417949631323,51.41139826905678,25.05659183953778,80.92181316750722,5.718897041217249,127.31182998634338,banana
91.72078655658723,75.88553597602628,48.725756948308046,24.203497316034213,73.50861898503437,5.783357401952854,119.02285551205969,banana
114.03933747527668,68.94688505634105,52.17281890866901,31.39695600119751,81.74682429774374,6.560489151662565,95.83564766876466,banana
97.29386514724692,72.09733482708025,54.595131547713,29.8995864504123,80.56813103965574,5.7328618770908095,102.27272972764682,banana
94.18114317780814,64.82396585063424,48.15425093648974,28.18858604324822,83.14588301317961,6.974781001959481,99.64089939039135,banana
91.73245890154159,75.85470806856515,51.07803768295054,24.07935957442408,77.81343516945134,6.039175039207247,124.13589287340415,banana
114.53589397791227,67.91872200898281,55.765669169676194,29.533750007572515,71.35574051889921,5.586707087328289,91.1287569064807,banana
155.90995393523036,58.679078002230106,53.95256820141512,28.20189384584179,85.0902375705335,5.246801896248673,116.99004769188579,banana
82.94904518253188,85.725454780406,50.00835816897955,33.097510801436584,88.56890904990419,6.09920848758928,137.44032955138456,banana
102.38148747606601,76.89769448183777,52.92153128000445,27.764557934110346,76.51765970009878,5.992466042601708,75.00771558273793,banana
98.17334557766985,77.0658876458577,51.417581052814384,20.859740733000393,77.62923772201228,5.177448650453119,123.96214305768834,banana
125.75293933251294,97.18684342161563,47.65672017204612,25.362905957639846,76.05471496616663,5.705983781907079,118.18894430221584,banana
79.80209218812935,83.33581300619002,45.53293206803286,25.293894963741238,85.48477725432397,5.905586484935109,81.61449442434277,banana
111.5357572508494,69.00159258062682,40.69894522250374,27.979622493719386,80.35698329214874,5.778330803104771,93.17297592077796,banana
94.36203143946044,95.89887013972708,44.339296353408294,28.616576792742848,77.64918621987806,5.835793960361716,82.52258010817135,banana
110.8974520189142,75.23065863947656,44.043285266233575,21.818859885771737,79.32350443492999,5.4955553742407695,101.34679072775626,banana
129.7175287372257,91.37676218515607,46.927001237189764,21.95715014267975,86.16742964975285,6.234529195445401,118.60871645036238,banana
113.72719008393264,76.87942732696911,50.21050214131845,27.557395865609635,84.01963452243281,6.256965826429001,91.70628280402985,banana
101.65066858622467,75.3442554706906,50.97777021074064,26.396998510640316,81.98208416229066,6.099400333852326,93.5167787411423,banana
70.34841566987846,91.69968114167982,51.69068731352907,24.439861790251847,85.14845275189984,5.745634300471706,101.08861076503638,banana
90.53411529190923,76.47256054577173,48.010930519857745,27.82494719813701,82.19800744561107,6.83455311795984,96.37166167399393,banana
65.77014430660076,68.16271924799375,51.40401853301629,25.319181453934714,73.7524393953343,5.734114619624344,106.85388549806548,banana
103.03958380763167,78.36172478372713,41.27798984296612,26.96108306334473,81.57125907447684,6.177985736453878,98.47285235869963,banana
96.62347970416712,81.04673330919684,57.70743815096928,21.201046469842776,76.8167207774124,6.399814803933932,82.14843579022221,banana
94.74817786934723,65.0724534782419,46.24850303721758,27.88593814747298,85.23404875986817,5.069442096143342,99.43051988593432,banana
110.04252822243541,63.9565429832183,61.67142697634248,27.54666137155341,79.31595748616371,5.964215553080978,88.26598262031162,banana
123.91681183772252,76.5311247117675,58.82811946747519,26.93466434401893,85.11808030974618,6.344234462960389,63.179608028009326,banana
65.97937945168454,90.83793180934714,52.10763512629313,28.54581802802573,77.73409787397078,6.436399242086456,75.15565287089605,banana
106.78821213273241,80.43040595592956,49.93905591163426,25.919295410442547,81.00251286063973,6.247256093123171,75.40099806710896,banana
92.03551886232832,62.82262829902729,57.64680802324882,23.415160070136547,80.46831101126672,6.251155072671482,100.09414496051443,banana
129.93891775444314,59.881069720580285,50.04971003275045,21.959162775783952,83.96897066969635,6.105924459401262,67.99461915716864,banana
101.41178905308756,55.0282094103035,48.57408313719354,24.970606477262173,77.99757788919715,5.319528709861188,130.0575788270932,banana
122.7530520789469,98.34710664046024,55.48471142049108,33.46970872259633,76.1165540647029,6.083031767413035,118.32196033741373,banana
94.63797887602622,87.54042492131214,53.455368815054186,25.24815819911922,94.25919908522083,6.362873350231458,68.87687316323847,banana
88.27195854907777,80.97416880833401,47.68757903280611,27.52652653079348,79.04370563217486,5.921496218590454,92.46431227117827,banana
88.31908214189565,80.35815887687582,49.580191282299886,21.39423573364008,86.36801348684101,5.383026520163719,111.37793206138895,banana
117.14608062053844,73.41651272708049,51.52735398622015,24.80738340949867,74.63710454501073,5.086773613061613,111.61285567040257,banana
90.52201774866762,80.20582059222853,42.78852083595432,24.081831880928007,88.33773125501146,5.650911131922937,69.60622956285833,banana
126.28508935414487,86.59101632390772,48.986321429548255,28.76634473655542,84.99566360595244,5.722114438360115,84.44653165226228,banana
106.94606523394074,58.11674870574075,54.85109506825812,23.42771824167313,82.22269666012993,5.493347950604633,96.32002467843772,banana
111.40908027572885,89.65358999471297,46.91147337467972,23.249869026032727,83.31060950611405,6.098496352613623,87.14504291254755,banana
82.33478070866272,80.67991951447436,49.512565822466385,25.23206462028188,88.66041749582155,6.454688079113683,154.0670037687812,banana
118.22752711871016,99.88405498395656,51.53601847844414,24.912586970474013,83.07714145934972,5.264602432318896,101.17291364909306,banana
79.64963641446062,79.03607670628122,46.35694224197009,27.22193763486586,74.62113466177865,6.13424041957849,110.61431758497949,banana
113.12100015183678,95.71494166339795,48.778085328222005,24.9310905998299,78.45491695350971,4.863090322094459,68.12154307261397,banana
74.59877151220027,74.91696248583153,47.96916922010902,23.911713673075887,78.40430374091684,5.783377713951623,117.67937205396134,banana
74.3261588031268,48.382925168644476,44.77320442245131,23.50658927751261,75.72922346236545,6.179529519118251,93.79325875288396,banana
115.72525175613062,82.1936603319646,52.25608536622096,30.626541977415567,79.30391728744833,6.017049637756168,110.4376785062485,banana
48.71745510785888,68.32206802910224,48.24998972438239,31.312818631412043,82.20377316721496,5.321842496027115,95.91045714833022,banana
59.67135510916862,89.3853853251128,47.61619594261517,32.78573892874945,84.08352265016265,5.789323158760037,93.54275791497076,banana
88.97271101036736,70.72777860965644,42.450996982612985,22.226937322513578,80.41164632816327,5.662625454649868,86.50305747549069,banana
105.1163694753715,75.66078970324034,49.40671324230114,25.479346056667545,83.77430524694373,5.887154770766322,80.3258391501295,banana
100.10606247317912,70.16310220803598,49.08012525851053,26.24608956674343,86.43744516743158,5.250185134618669,150.0379613486642,banana
116.86477565942943,85.74526611739952,48.61419079895,30.252598182648526,84.19446350292874,6.031820936749669,90.9453024163275,banana
103.36157837864546,55.77076470396227,47.01851192151602,29.14604923923682,81.95289378484927,6.084615190132661,78.0229403373559,banana
79.76351555247395,73.56738850256944,55.521637142047304,29.168554132382663,75.93693442522526,5.82924093006918,116.47719381202982,banana
121.7290265530543,80.79378802549934,59.25690231043474,24.348533050304734,83.59921858076433,5.967940345351893,110.802448710317,banana
112.41318611957823,84.51563425017365,46.08250749793532,27.955911801262676,86.3649107247183,6.042771369107531,139.3121198567577,banana
108.29888151978754,69.33855846614165,50.3747055206736,27.342609227856382,78.18269601509812,5.628512753404327,96.27740875065804,banana
98.18487840704654,70.4172763314006,43.070745057779284,21.4411027677493,82.74998120834914,6.273674765956856,123.73301508536167,banana
50.63151198185557,96.60675765048157,48.82176717472863,23.74337447926932,79.38692727801559,6.530881066050652,106.17661702937127,banana
114.85802676652031,74.84287987109037,57.70188241049674,27.28169285060384,86.33054669135927,5.793150903168858,101.0996443260221,banana
106.1551185690812,81.13463283556317,45.53934724023547,24.006679937003568,73.91758763553005,6.85814981752723,71.3048789435413,banana
79.17369738444708,70.70947882755692,60.78389022938637,25.604856702241822,77.37525204862244,6.123280670125559,102.70526013076226,banana
84.66847467361082,77.70387314611528,53.05273022010165,22.82442429637194,76.85494354327098,6.081551938383193,101.54401549936769,banana
73.03615719113056,78.60509326011027,47.29651617224236,28.536325361501245,84.77356478028433,6.9687825643480155,67.33079877891002,banana
90.81373599111072,79.72989073158934,51.99029890758778,27.167711717985902,77.00024478567136,5.682737842861968,79.22636703648476,banana
97.83795536562577,68.58058665906572,41.97030707285153,23.804212656418674,77.35216690284473,6.900234527279037,83.13333261014743,banana
74.39512767930323,75.73131907970354,48.33650104100324,26.02065749124366,80.36025489496008,5.641645457369772,62.73360348354792,banana
120.42937087599256,75.14352977239623,40.86750512999108,24.54704304340554,78.89117743470025,6.1973688003095955,72.92237401771632,banana
86.97785631120593,89.07605645494667,39.58273589960012,21.80141172384387,88.74517409394241,6.8488948863779235,111.32291873247883,banana
114.82854933712244,80.23797208703098,55.706036289526516,28.89269193576881,76.04057147188355,6.556043556169641,91.07175319423342,banana
125.85469652134157,83.54303538340781,53.02936406336115,31.995480651883867,76.340154908761,6.413165705301643,86.47785885346742,banana
88.19601819296497,83.77797785148412,56.65045904010619,26.52550525740311,88.30729249339049,5.756253803592258,71.02202663491175,banana
83.07094468689424,63.30683505063854,53.929796169473036,26.863083689927457,70.96349313889519,5.873964807954264,87.55810637572058,banana
83.71822901656466,82.97859936612556,47.1348239213981,26.696444500566034,80.10307718105572,5.613670054363618,90.22189006100162,banana
102.6325005370757,82.3011745150781,47.434552671454036,20.87312230619394,75.3247908379174,5.906976806616859,98.10844123322865,banana
89.26558531407682,69.12452253759206,53.62364761518999,25.97331895049135,81.66122560792034,5.41225440832325,90.10263946580076,banana
121.2138513285206,78.29393894225001,45.124955194857485,31.4250995727244,77.91848340115413,5.737501304715543,101.5491441318687,banana
78.78852684831052,60.943916791994624,40.650238464973135,30.038783981564514,85.10435745658354,6.401737740078737,96.72872138725275,banana
84.09950589383286,70.37339878547006,56.694420301368716,22.826964333024474,68.96459956556117,6.092198708887771,98.70615139055421,banana
117.9897849216118,98.7282890723656,50.22587283311245,21.785837967676372,73.4150056913285,6.135041446430353,142.90743990807002,banana
86.46938082959561,71.03846073357882,50.65710068730085,32.75287846284284,76.52572701973045,5.735989391426567,78.68044661086019,banana
110.83829310540071,69.63571331160202,45.90827531757436,28.706575890847077,76.10150855031799,6.000185161499473,77.13164766768617,banana
85.3765670074044,74.78444107131234,55.341070919739195,24.108741395937276,81.03815994603872,6.169455380195627,96.51208648274643,banana
77.55863674461678,65.2179455653355,52.957939580344465,23.846767762861298,82.11211595512763,6.155876488628416,69.54813174920162,banana
128.384425350819,91.61410811901212,47.013821404805086,24.911422172783556,80.64532781611875,5.61475203421121,83.36658703631049,banana
82.5546293711889,88.74181344592881,48.59338966584663,24.844057655353268,77.56582787386674,6.426764996448629,91.64204080395571,banana
72.06503300003101,77.51475203411665,50.49675100158678,29.58160506331741,83.3280906394192,5.438778688731005,91.70005674487048,banana
102.43869563759903,91.5286726758679,44.65449069205534,30.38770473187281,82.01589253754445,5.743226839963135,93.80989916882966,banana
103.17900352804799,76.21191068505662,57.61985149741023,28.590171528878184,82.31459196005868,5.445292019706989,64.79505696821573,banana
15.92995048882087,20.667783995074362,24.748865279297952,30.68627866572801,58.88190927107175,5.480957957027276,88.21902530743272,mango
15.538800024640766,41.02234857843496,31.218239598292513,36.4331639562072,42.06932931125174,7.1709637549584375,88.73272090546992,mango
19.15112029682878,0.0,24.367625118480653,34.28950619650743,45.606323420456725,6.243188047473338,95.43857857564073,mango
17.816691847869652,32.11744154544672,33.52550751618718,30.730837028707544,51.70590637798576,6.790686293663405,85.3691583008386,mango
15.684381390077547,27.92124453828952,25.10138670822976,31.99648214526541,53.132077449579214,5.39867210448625,94.72641936410055,mango
43.18804510367896,41.24489674267599,27.17119563803356,30.700005929063003,43.45042746493564,6.524583954234264,84.26805423251882,mango
15.941248563744892,19.206491228308906,25.01050973472974,32.44401960335446,51.09087025480366,5.75626381492345,105.51008390680262,mango
19.396331977107067,21.783337723637807,32.987448931612136,31.045312746116267,48.395816126635914,6.2568960660524375,101.65973071652634,mango
19.479990190108794,18.584788703620674,32.984229138533955,30.054625862551628,50.90479366706006,6.539077278175406,84.73780277819651,mango
12.973747691180002,36.01998928321706,34.06668633183392,33.50165268513894,43.92199731200403,4.993696885560471,115.14881369532927,mango
28.91201151491596,29.575218746953936,22.54659585892556,32.633545407550145,45.45014613394652,6.964681990274916,103.63718840729817,mango
23.29119375138117,6.483259861409415,39.0071213910141,30.7322656821546,46.17457336619334,5.8512500810497645,97.66071440381826,mango
22.164323163319796,16.640783567329258,36.932385587077434,29.12650425791423,49.78635171656807,5.626085109757342,106.73677122031512,mango
29.296111896096484,40.02235430944238,26.201696291664053,32.70073750099645,40.39403609416035,5.622870684463736,93.00474190004711,mango
6.965285707756088,19.818351095965777,28.47967701025472,35.00326869596444,57.421239900865885,6.225332263786153,95.20959335909554,mango
26.885875156884673,33.348638275696494,26.00096526981045,34.0885549381418,44.79797284179103,5.1644902328297535,90.0117448025998,mango
12.569225998567598,29.13996020452761,29.446506844441437,28.049961620470516,46.656288875643774,6.2750288152535685,102.39100808651384,mango
31.381277953826313,39.679186053166944,31.08154304113865,28.53585936545662,51.17887178485601,5.091941036178119,93.73578551105405,mango
25.267635940436755,13.958202033861722,29.6901730636992,34.09919603638346,47.667345354005306,5.730343591529098,88.50476010431389,mango
27.083142171694423,39.12564573977864,20.351872531443682,34.787223227558385,51.201099463439064,6.193604823664852,101.63242598853574,mango
20.490873043558995,29.268185017098332,31.072051895499385,33.78146478280674,46.847800388004224,6.169958626896472,97.77842673935803,mango
21.206313780140178,27.752485724049194,26.393697617515603,28.853452509548568,53.60722214869569,6.242777593636719,101.68501303836294,mango
26.488456795862067,31.063031164285434,38.11725127802588,32.42656522579281,49.23745982562315,5.561505157303335,100.17809421530266,mango
13.116964260001588,18.832174106797744,22.20070863480452,27.49711139046837,51.515571588660166,6.017783436744573,104.69550811505232,mango
16.54146335321558,21.040753895835227,25.635733500222944,26.746315228394835,57.338021409556866,5.94435984284628,111.29629001982042,mango
30.364120380676436,24.145648118995492,26.993108782552937,29.255433530023442,47.78389753826545,6.345589933011253,106.64075550391422,mango
4.059241651311821,17.88976788572443,24.450600610256046,29.939204097105716,43.919998335455944,5.838392430403592,87.18264981499155,mango
9.635862226577046,7.335625772814215,31.988733199122226,32.44048162227952,45.81047137107116,6.654629865499394,91.15719046979007,mango
9.979762944963648,17.899900079277828,34.43907101293146,29.138637978650614,54.779720047492646,6.576208384897608,86.33518018981303,mango
24.421194538054785,22.185418177691286,25.703654277855623,27.831214028088773,48.752895871525695,6.850318953062294,93.54867633595512,mango
28.664455611579754,24.789599365705744,35.92894277366541,33.183138154368265,60.28278115828813,7.07682322839792,79.64834214953794,mango
24.436417621559364,16.740265429086307,26.501812458270486,37.56601071933017,52.49473257950182,6.421616082981944,86.6478029625212,mango
27.15755811483857,23.14252942061037,19.887681237701496,28.751846582414267,51.36363845838421,6.510923604059466,118.94630607620952,mango
19.09683268670541,36.488380665359585,21.98329608895662,25.483497142101257,53.74761570054953,6.163592744845482,111.83496377892902,mango
37.84170511600513,29.10190306746635,34.66064911685492,30.907780039599732,52.349484923854696,6.4998583070344615,94.51724861903818,mango
28.37327316144554,21.30819314054006,23.88616698938057,31.991754767101263,42.98460375739792,5.281736298630843,97.06730383844608,mango
35.94814493675266,31.751778807925426,26.80361111472804,31.44877373563492,53.68682222686022,6.4552986881326495,105.3587639660987,mango
14.839188463924414,28.68400636385768,29.715569270510333,33.251759340648825,47.39563341921096,6.232409291170782,91.54549003074195,mango
22.954292150150913,27.893384777470406,36.71681487283204,31.64380039462025,56.160263732391535,6.185898916749177,95.4738238273913,mango
23.221463907802708,17.008177473402327,29.86677450074246,31.66658040118826,53.5082528338588,5.401064648351218,89.45140315196896,mango
22.76437153692683,24.8898281407088,19.881896110041378,30.51920191611225,47.002414064334914,5.827119957966549,92.60607510692776,mango
9.939026017416001,15.459548334618153,29.508945258038235,29.663959667953307,51.960695014084834,5.967379611227379,92.7088010048889,mango
19.107782754531236,24.55012255807005,27.57883841679874,30.083267687117754,41.84322955662036,5.628939935052515,108.86515244805297,mango
19.669557595243838,26.746169173309415,26.337279676438378,31.014355757672067,54.39074457208692,5.083251762480452,111.84889577049057,mango
44.02664681184497,16.392986170329035,28.10172845582303,32.46680317623097,49.96950075342988,5.581541482803422,101.47504461642141,mango
21.22757408561426,31.7312327791496,27.833934466084962,31.95002665591378,47.3199832552862,5.712028070756109,90.95257659026441,mango
21.10810581974687,29.167323279123025,26.197926687932874,32.5305162346315,49.02815927038097,6.504901463954141,94.86278575429463,mango
23.008270871327717,25.108911830161958,29.33046493299847,32.66199895971999,51.0696701663541,6.894448813887474,83.38997601042946,mango
18.54820757892854,37.83255917963751,33.43899969916975,33.92889167456819,45.01974346160878,6.167983184129123,101.40705372110051,mango
20.88267325342694,32.16670598969321,26.40447462530035,31.304782806257496,48.90348274833084,5.883862966342338,113.56479660344634,mango
32.544875530236894,25.142655228624378,26.317755092599246,31.003983865592474,52.65885894008195,6.468051321314757,103.14873877675329,mango
33.27353173771934,21.82038139184021,18.684217302085806,29.896046862875345,50.6823802740761,5.701529697877054,82.30207675122811,mango
14.714941272265396,0.0,30.622806486747574,28.618036411910342,44.32014150820565,5.203304554051834,82.98739581773086,mango
14.158872836300572,30.7478837183976,28.594434191816113,32.1970230727756,42.65918854670785,6.111406508512542,97.25717491027217,mango
18.346876279650754,34.1125462995843,29.287804951504558,34.87966705885754,56.44499652309994,6.278746923803957,99.92505998165439,mango
29.40198281646379,28.5430520404374,30.050604105151642,33.05485195550758,57.15145286984105,5.761933983932185,75.74546447569949,mango
21.141360301853595,22.818424592173486,28.958790830846215,30.00727931130453,46.72151777492482,5.777076867394905,99.66588901957567,mango
21.50670914801336,18.106358794065073,22.910117633349635,26.5275109338763,56.46859439770942,5.463744763669834,85.24803795334364,mango
18.406840636721608,17.053436863780135,29.372764277611545,28.5969343602782,52.00866228662241,6.574897368760597,102.12252950379488,mango
8.811990119945516,30.01052565329241,34.78845798535422,28.058432495150463,44.87771411692493,6.381284393475967,92.51642378084904,mango
29.33402265907382,24.703307521974107,40.67088795853797,34.154298975132356,51.23342531244144,6.355653670686771,106.05088086347398,mango
35.633173112678634,32.07890819467011,33.82356769567123,29.283226125757885,57.01078061828561,6.705704607861678,85.82434415655163,mango
0.790494904218594,14.610109798807038,33.596292864880674,35.30077366510484,41.366540347038004,5.915726093766974,82.99501152021581,mango
28.793124416808933,19.64139468414696,34.52081914741573,26.831619403559497,43.121067538541475,5.983744703133029,83.5494490066043,mango
13.40600618282652,39.778038279130676,38.01944281742025,30.697381680058516,53.050995022453314,6.630404874531098,94.14164470326295,mango
24.382645745669354,28.194041695496487,27.993062180602518,34.38453107829179,56.19163275287569,4.67114922706732,87.66910765042313,mango
5.912182260398032,20.682663544592288,19.106939758240788,26.480776739237697,40.59040887735308,6.431911387395251,100.38128746717264,mango
32.9978579976792,39.735947125573375,28.262605808435776,33.921032893551775,46.95604153474651,6.245067550506703,109.48728990022607,mango
26.57252179838703,39.315756524619694,32.38056073740718,30.57347875478914,59.36718804180002,6.897191293497223,98.41833097828999,mango
0.0,37.00436514195097,25.530587021474425,26.963536788311913,48.12318016964983,6.039137417203295,103.32840691980391,mango
26.74991820614217,24.05170048227613,31.851347877349703,37.91850135341566,51.746361303806935,7.182657705875485,88.01839365366999,mango
7.01636470656873,16.787282605394324,29.374893830724247,27.702177173517974,46.48298017683609,6.683442188118427,96.43708094388813,mango
29.52690146970261,24.114980276609476,34.61350014947128,30.510475282296774,44.25989742559429,5.489759836928707,69.46260903952933,mango
27.558546910308817,30.34285334223336,21.86214315463134,31.397712289259914,51.532345362838534,5.523568697016835,94.72175761232292,mango
9.851640211121108,31.079969995138935,35.99683893526651,34.36439788062345,50.77403986413147,5.733237177842901,88.13895101848932,mango
25.54602361876619,10.056861104864561,36.170324537996656,32.05059552715574,48.41642977026534,5.595829578227786,80.52428665970434,mango
35.22429866990258,30.964875940052796,33.93164098294745,27.38742816431925,50.440080533656314,6.43465382658526,82.14018386740734,mango
13.212361139608472,37.24669986916328,31.228839661322848,28.336004261274063,45.78592938697079,6.4864685041337875,106.41273012291657,mango
24.91036010756167,22.386476333090926,27.42484844948651,32.5427980472442,48.33534501675997,6.206982024818984,91.16269688018747,mango
34.57981228189271,28.546720704322293,42.161648340610235,26.901904493859895,49.93706437126277,7.437533099637961,103.23203411206272,mango
28.722980810665042,27.550931688850167,27.908307013604567,30.471998186736645,48.122990809172414,5.5945068105474975,89.0003798096782,mango
23.436256946464866,17.889453444494787,32.56984355436881,33.02305768431302,56.62204172007031,4.761533986455292,87.52457042879173,mango
5.4085837487497574,21.329964063165583,32.09658643892504,32.019300040044044,53.99377627699584,5.247985368384089,108.13128657317765,mango
25.582687212806924,31.718281241114735,32.06820786691639,28.365108840023645,40.73166150517294,5.559705516362309,79.76920859220512,mango
23.23623621855451,9.269068035423869,31.739176435121383,31.51082968783698,59.26714279851309,5.692153725243991,95.88327450593263,mango
22.399354148698176,15.23511349093485,29.451126135960827,30.94240881569056,44.727192106534986,5.657936923545504,95.7194872402733,mango
24.02089211859161,39.3875534624417,36.5456148170257,36.16875388318962,48.310814808673285,6.982165930550016,105.78616740587417,mango
23.451248446827783,21.89211560102482,35.88684962762045,32.77457624924163,54.12079090491247,5.615747475389536,92.87597567327279,mango
33.78639422430995,22.09218964188155,26.752436735611223,33.75798847799941,50.298631960965615,5.738941365575881,91.6053418889474,mango
8.065739345144618,32.99578720950241,28.641409796655008,28.840666052628112,63.38372703362446,6.5204793227676365,100.44705576386653,mango
14.10750053394063,21.526229415864798,29.884491095426867,35.14164030660503,53.49933578127239,7.155875026702555,99.26469882459784,mango
16.947609088956735,18.906428657635406,33.49873379843201,30.36447452057077,38.533982312144474,5.883413511365007,93.5842681037351,mango
25.88123582232456,39.20906119281212,43.990894094862036,29.266586482556377,49.95868368155615,5.682531655026631,97.8835517991047,mango
27.174338689354396,25.786077856450866,29.674588935636862,32.28524144186185,48.47098812074966,5.736678004211464,95.7649983338045,mango
11.115484474011232,40.13579363395291,31.709662764314686,34.033491502610836,48.45744471663001,5.952338663783156,105.39125641865925,mango
21.66748220770022,35.640624791654425,20.5221223894823,24.943428864300657,40.60802551268938,7.346898837462308,94.85761492872805,mango
12.632000148935045,19.642945587208985,25.064077275144463,32.932357029686465,47.62777936102473,5.588560165704723,91.46094312329033,mango
19.359299431415437,31.13785695155541,39.233551262532494,33.301033798284486,59.20116607217354,6.099534447057891,100.45584142394816,mango
21.452936128989084,35.58105884426886,20.826113729237044,31.465632681569147,52.28776389432701,6.620034652124492,111.87085926413604,mango
0.0,12.00001624298274,30.223502075993075,26.380700291188283,54.726237664636415,6.269151729755865,99.66490216684359,mango
14.210423821388655,11.038370912178676,28.697616214488697,29.2907541836997,52.59288632235418,6.8849328756991275,86.83348663630416,mango
13.039429397340903,42.854803069471856,37.82709908100105,31.02522684214534,49.79218791564597,5.949191241026154,83.81874253502488,mango
20.051374348819422,18.731460721056113,37.906929954026424,39.90228026395429,51.59097381186987,6.392674709280972,98.36166401786596,mango
17.002953782174565,25.64980149258486,33.3321395446188,31.281078094678243,52.96954662726942,6.223657681061129,90.26355395420451,mango
6.6830996459995635,27.719178706752334,36.32062592544743,32.53353177454466,46.42950914091497,5.114215579593014,106.21787834451249,mango
13.677424366674364,21.604866647841607,31.479108589568494,30.926986863824613,49.09775343462984,6.376060294798512,88.23730256015222,mango
29.941212046370175,36.57867205308233,33.019942532803825,34.152150480840604,48.94428575420348,5.774711090434845,93.53116739045161,mango
31.882853335828166,42.804468240024676,25.593220883783275,27.124129661787894,58.621517261309904,5.976417325578552,80.38736858042915,mango
10.65534076001967,34.189819597069565,26.97617293774911,32.55410226080838,60.817419916005505,5.172292883812758,91.60419618213143,mango
13.910890681631798,28.94811746247271,34.4828851751673,33.8536765683439,52.39041238845924,6.199306589899155,87.89312417661432,mango
3.9274719955922137,23.001977014376777,30.628834380476363,31.64596261294108,48.65587604218873,5.841112795571038,106.0950489717207,mango
22.99569118625679,40.685012201032116,33.520008993423026,30.49113756194199,59.43815263789526,6.959554357779137,70.34479990481864,mango
28.77953823710835,29.996100676576255,30.691808476127168,27.767128432978385,40.5635585347369,5.051358237584291,87.89945062166021,mango
11.23681661590761,29.91642797717362,30.293109598189655,37.641535506388024,40.569565450457915,5.735934984116389,96.61726299253857,mango
29.562997425085772,26.741967017945097,27.487850936684346,30.32148742076508,51.65248327684866,5.8653181919682,78.27845951795038,mango
7.324204232870905,25.675856297204923,36.888453808057925,34.58045920451348,53.82046332433595,6.250303357986008,91.16077260213908,mango
12.998179809067805,41.646740376695725,31.843398233365605,30.22960367635558,60.46975382747798,5.8811175967563365,75.75481452113445,mango
29.186987748202327,30.27620534449198,32.77372496747483,22.030426125633127,47.11698459870686,6.261989648480201,91.39950147469908,mango
9.600754132230678,41.752955334263035,29.59743772837867,30.96743076519428,47.375240723844016,5.686996993489404,95.73336481497776,mango
19.410209432238652,14.441439315207543,40.35517434759361,25.20779955766949,51.700545297210375,5.72736534229594,94.27816474301333,mango
19.412092191527183,17.620155389820713,25.901929366252133,31.33851140754179,51.59139900145881,5.23969268514262,101.38571504181961,mango
9.545036684880408,9.216994929776137,45.53634519784676,29.862066415562108,54.90122200966226,5.7383882843593,92.99992287834259,mango
24.20937791411374,33.335675774822136,30.837292829571922,33.44011429658674,56.22666268303007,5.474638654886866,76.56368113095564,mango
25.56312003922499,24.003400681636364,34.05291616932249,34.60527515341874,54.644215071130795,5.927384010629002,92.09679158047562,mango
28.130590745074954,33.001820170976885,33.918030198292314,34.43594443961634,56.80695663327626,5.182198085313651,111.06247703736432,mango
29.996519037605566,13.933265358215834,29.9954214506737,31.76846949013146,54.568805151603165,6.5761171246243375,96.53501017772334,mango
33.79167099252315,24.141403979233786,19.87634256359074,30.4363310494738,50.64056069357512,5.597692388259838,94.12475381239963,mango
39.82814150519083,15.619948643376688,35.38115283477743,32.71698396510905,47.29213059674873,6.098088614310428,77.91224607301132,mango
12.821191070811906,32.39111463724396,31.21545484311869,28.32071045790365,50.78518360718981,6.0790573956461165,98.1062734133343,mango
30.428976239896564,5.704617770911643,31.4756283075625,30.52385094324317,53.25144295542237,5.750992740084201,103.6257389856525,mango
33.42051494837855,30.203766468262714,27.650859120269377,29.932471059352853,50.67018050867593,5.642107017677698,82.80967495781256,mango
20.499951434386386,24.974730871071543,29.327872337392474,31.361882917982175,52.696216661205995,5.4031664481311745,92.33836304652816,mango
26.493397459490964,16.467769767506777,27.669947381185104,30.523273206199267,45.91612005920562,6.305566969193283,105.65160930436329,mango
7.646216416156976,11.703180332882042,22.428038675403847,34.06397403561553,43.93800553073763,5.984872829862867,98.05558173083234,mango
9.725006719007872,18.316974153872053,28.735205952682115,29.847548947163737,56.61274443189773,5.127471982557208,96.69531791059481,mango
31.212289755133224,24.01386246483637,19.148014329045942,29.669110731226162,49.12631152926372,6.005609062977922,86.16953719548955,mango
29.8445568457262,25.736748922640132,27.84773489029711,30.340030023022628,50.163281833178296,5.57621112007716,76.78024650888648,mango
11.932366664234594,15.647822895342703,28.070397732603762,30.800959701372456,48.977171133357885,5.736059477146934,94.97497537733058,mango
4.393038378257144,26.307032091468166,36.47822374641672,29.90627093705539,47.26104329234761,6.000954075242421,80.1581473228942,mango
18.586802957560653,27.263095531775797,34.54225225962486,32.65858427360873,56.441410703029376,6.039723886573215,103.2745395213847,mango
16.580052981220135,34.36625543333663,25.515992370070713,30.601314181900072,55.408886697694484,6.273486831841322,112.42333168469871,mango
30.7756903032722,7.8835722274957085,34.344076295490694,31.93255198447924,51.469968834712645,5.68890962483884,84.2600750728297,mango
34.61264016806493,30.573813472816596,19.69747927057096,32.792020472819424,50.1929869277499,5.754874422875146,100.51445244971833,mango
36.405654623135604,19.803325917114154,35.13655816384668,25.95095502399507,53.4809606583761,5.605691232066053,90.74659860372205,mango
23.827666803207542,8.583095666281302,27.529111558995726,30.02567568447087,53.01961923563364,5.678162187824966,92.9285069974264,mango
7.709495178602522,12.922190492024486,27.342610040881542,29.97036939174474,48.463172667096195,7.034367936912886,84.51159666603121,mango
37.151376284831976,29.753707443393807,26.789305508974454,33.14450737576273,52.36153218597008,6.126329940786514,86.99554046078434,mango
12.344676859782385,24.761082284018578,32.76001290079351,34.030081932204354,44.40585740245359,6.49154880565154,86.76375127014327,mango
12.4148761842112,37.407284554854584,32.562851448885716,36.425378339770525,53.813946137200496,6.282385867931824,95.0290039240397,mango
30.59299000095707,19.345432198575928,26.734150101087337,30.810817003377096,50.43016811297423,6.102873755233859,85.96230999753213,mango
28.705742228303258,100.34626517309867,221.5747180442337,31.374704244262198,75.72709459200956,6.104387454428459,68.6859819264808,grapes
36.11198320139741,156.98317056398074,257.88938110610997,12.062569802744171,79.3294222454421,5.272045413488872,81.5243481172595,grapes
20.74348496789509,131.48117711657775,192.756532916551,30.26740220093705,84.05988339203519,6.3366256823210305,65.31165528973618,grapes
20.53552511449563,148.16460865661185,218.94745197565146,30.12586886091251,78.98740250473108,6.332659157092817,64.3772630471416,grapes
21.82862496992833,148.4346713534142,164.34569061837348,32.36808793649806,91.31292738477177,6.230009352291397,75.96442321862644,grapes
4.591514243433485,117.55722409526395,213.33238631563043,19.26897873286726,74.50967138754176,5.606920463339439,64.11157708721343,grapes
19.93365031999696,100.26367005796146,177.17885201101558,32.433855814616194,78.06626223999359,6.131783367482127,72.72388488005394,grapes
17.61428249187055,129.60602216481843,221.0171335615618,26.88127898139341,80.49487296855666,5.481020670214026,67.3027109763834,grapes
11.419840319763285,139.46272963539818,197.4911011713304,18.17329824295039,78.13790796192373,6.397066533224416,77.04124341569768,grapes
29.753067643404812,125.17024308847091,190.99975058991498,20.107470741947054,83.49131572344623,5.786910702680069,65.08525057415987,grapes
0.0,128.10890504315725,208.63605857819414,22.53700429987211,73.47259231449867,5.127373843395995,73.45071873409333,grapes
22.8238174231914,118.14251857068595,194.7424078237073,21.807673767678818,83.84442537698432,6.312060079087395,63.545451252537575,grapes
0.0,104.06835971853017,205.97110572400845,19.63365161565045,80.59528631375912,5.288130418463115,80.18871906843373,grapes
17.495206147578358,103.35373078529213,232.5366353333372,14.684899777081924,80.58469403438069,5.979278436582019,62.74043014687216,grapes
16.99366844464223,135.05974311314228,196.00857611015545,28.349739531479155,83.85509339603344,6.4298677511816305,72.42138912491924,grapes
15.243043263037816,153.8265551505664,206.88172922910599,21.368507584279527,79.68952984792992,6.274341127740598,64.09373053239865,grapes
7.734004616562643,139.84258014973875,182.0318415849036,30.82482203184268,73.16762318783486,5.6283135353304985,81.09472606949495,grapes
0.0,125.385864741114,200.63080608921155,11.478527501303747,84.32551162317507,6.407292144979611,65.7889132795832,grapes
16.731476408945642,126.05963825247845,216.82167028193473,29.340970989515036,89.58286045757629,5.9252329577284915,55.98110354216779,grapes
2.3101330775440267,153.4246561549456,196.76454526773531,17.675985742645498,78.26116922066413,6.339033933306765,73.15104181455159,grapes
27.922424860079566,114.99408008816582,182.804295391959,29.061735849661723,86.07603945267302,5.88888370188626,72.1828396856898,grapes
29.710231127470713,129.25496331210633,197.7565315649938,21.381216391778835,87.17701624428534,6.1268299443726715,65.30202166940045,grapes
22.80840760856714,129.11945248563137,169.04206397178274,26.43302824603993,84.87581557580646,5.376941090759729,62.197922156743964,grapes
24.841077893330837,124.61049782204844,140.40311913399864,27.071978331762608,88.88270859584811,4.7946390279333055,76.2294805696539,grapes
19.298965435221156,150.37519583789,180.03527913105677,23.028556520465617,87.14752939532241,7.30420087534875,61.197213081297235,grapes
37.95457699883282,140.17160472375937,180.93347176430157,21.87296354587594,77.26022609781285,6.574789357743987,67.03037810022225,grapes
24.738752157104535,116.98012621735089,176.01760691540974,25.05964558934169,84.70643727793956,6.407033846403383,72.24807421758094,grapes
25.552672626192603,71.56149638083178,200.34781983027358,14.523475711256173,91.0161962065194,6.2296362347669945,65.1234450537303,grapes
20.95829688223579,130.02813253348225,189.44743508905384,17.27736501446541,76.4129276443017,6.14694504170927,73.47926285179742,grapes
23.231543178986424,137.1980719176132,220.17356372787694,23.952223814692797,76.55826452179245,6.731113561574529,65.06722363929332,grapes
16.721293098781327,159.68230107279578,200.3403010572022,34.413741857821684,74.3093911095044,6.1937689631252715,69.77131406637676,grapes
18.30136902961449,147.0909930024168,187.7975011313247,18.59055350480904,82.01366273416846,5.633298214310868,77.09689400355687,grapes
15.537435892132663,152.49510339313335,194.65819303133986,29.756158455285473,77.3344543149985,6.323310824016296,75.96721487022026,grapes
26.290581619491856,170.65697643774075,198.99970209025756,16.871325416109478,84.73077122082412,6.4478035641352385,76.86156931249099,grapes
23.93570104971583,126.3374791965494,219.9200132992457,28.745857305380255,77.16770604350573,5.996731658678834,66.86332917772883,grapes
14.571397596400294,150.64445177854412,227.29030324068887,21.56992258443144,81.56660009737807,5.555268971937861,67.85981831920462,grapes
13.40194185438204,115.18247504804049,179.8052514446992,32.15103138651957,77.40993339356316,6.218629213486219,68.1241653702906,grapes
31.681976367432007,100.29967574127572,198.8411247532683,25.29296815449122,84.35894020852942,5.857486219619833,71.07899866920442,grapes
22.543591846237653,107.89048573488068,220.19085710768306,25.75420964831316,85.23806959600353,6.432585205317161,69.6348536374296,grapes
11.27764523064711,151.1733737732996,225.6236855356173,13.755109202023824,76.5887555993918,5.208784402890853,69.13386491949535,grapes
11.778694282015463,129.78809993408927,206.9505287645383,32.93224181860057,75.67768635112057,6.130606866530737,68.18297434305764,grapes
25.369033454632394,167.6051861823379,207.91367380270717,20.868496925263624,81.92996017806139,6.84359741561913,76.52959434426482,grapes
23.198097219656276,140.33586332980266,166.07627443160757,21.924936312893166,76.48865592629625,7.0829347418499555,69.45446952460789,grapes
15.92520120104204,120.02759042132679,214.28163104592636,28.283289969809026,73.33359367342567,4.636349535501969,62.529500339962205,grapes
18.829968914649363,140.70369391264603,196.51658255478387,21.82495434972882,74.5313949156401,5.981107885223872,72.0211802558754,grapes
43.67430089457542,115.00304682614308,218.82057290593377,22.49964522621257,75.41529418493921,6.595181541201754,77.28302165927569,grapes
2.3188271852050626,124.07203085553692,188.43574919366208,18.60057563595263,89.50309178600287,6.650499832651262,66.20951055227324,grapes
17.3467081447397,128.93864377273636,192.41963426355022,16.46503934119327,81.28600110021637,5.840464319618395,66.17668696827444,grapes
18.18028972592816,151.75813741318424,208.90580027144128,22.043461002462973,88.79055226382891,6.619042331786586,67.44120299620127,grapes
11.207385680483778,143.53255728534717,205.10944820936058,30.200655319223515,85.00369660467197,6.357461426308276,61.34472252368219,grapes
30.436657755089065,111.16050298027642,202.08776210111955,26.680768133336677,89.44138685238002,5.571843658656562,68.55825581781964,grapes
36.00045468357969,92.94951849797758,201.71534723227217,25.312059117403862,84.06437715234901,5.993368736752141,66.98901807990313,grapes
15.304653949830714,156.62602913173467,155.54894786806793,24.620264847032818,75.38301961522468,6.285062362791339,66.98309090705264,grapes
29.38072193597619,114.01591041213142,212.60533135409497,15.775120859596768,69.2362384324787,5.831421702150526,69.16823460963734,grapes
24.315642666349035,116.98996735458549,222.56146178499884,25.639578358940856,81.3216634888433,5.205216621017765,68.52363727761092,grapes
20.52666887416675,124.23057885869805,220.7481490997346,26.400285999067645,86.89767129483991,6.425448844428653,55.65875112376939,grapes
13.929596472290836,131.3966693431108,187.09521225771684,22.775200901836694,74.59566754868608,6.158354392285435,70.28341333301807,grapes
38.52540052535599,113.20379910943,208.7850301989363,24.877197462427265,80.94876821614693,4.862682327243585,65.20426399490978,grapes
24.858371540167475,151.47327614076232,200.10411396414028,10.910980262473606,83.59562947106087,5.932544067956011,71.05851995504547,grapes
3.4745701025475064,150.85563184017582,195.90311289078954,28.566219945210243,72.4811689565647,6.4904641732513575,70.4394320472329,grapes
29.783122822616974,109.52654344481104,199.57454992778338,23.25662335268205,79.73107753681118,6.757176891913164,65.21868029045443,grapes
10.105968902657336,139.52651652611408,206.54025021215008,17.833906091861277,73.61336063789577,5.3201977252456185,73.3230063538611,grapes
29.783719294195983,132.66768544411804,195.996823540378,28.7869931562067,78.70964744706966,5.78677705739639,71.14304333183284,grapes
10.406039512681383,152.01660416282232,208.14811444280582,30.860745725289235,87.88810834851937,4.600256054867241,64.09662631170026,grapes
19.071918991428035,142.61175269617937,195.6480350347226,24.882560293245582,75.39243375721232,5.562008859009994,73.21632638035223,grapes
46.9775220661537,100.73308419264616,183.46156697553897,41.16188743509451,82.68071217538201,6.150160911951477,76.79542289878191,grapes
14.036169092395134,124.93032094315538,228.41841605407055,20.797446242681122,79.24156656395476,5.860003908312553,61.55365176041703,grapes
0.0,122.54236384785337,223.77961317287426,17.285070705124436,78.51900771969078,6.157923450282456,64.502550556323,grapes
12.908208317404021,135.35753258128864,211.10466657087665,24.614818502544917,78.10367126633132,6.649982355284518,72.33931725514141,grapes
16.105846088231097,82.54837838258206,195.29637637423133,16.226098151289584,75.31436435824357,6.4167664453573945,68.35855055892215,grapes
38.81554061212726,97.92978505563931,196.61316361323765,22.558331845422874,88.26092709743271,6.156170698112593,76.09326815978929,grapes
14.807855082274084,136.9760021637136,220.01934801598725,21.469873092539704,86.48329995428095,5.353870763498957,75.35582475232559,grapes
25.507483477168744,107.8969008997226,195.0338530494974,19.69167856856022,77.5231271584102,5.789093631640227,63.919668220283874,grapes
15.466289332132702,142.45725751562279,232.0295137761119,33.945700889137306,79.35640404868879,6.704922932486191,68.82668215664052,grapes
22.557831509350077,123.91160235614848,246.28941076128137,18.525412886896532,75.78401456775725,6.476894514645735,69.1060292632619,grapes
27.032236437813033,134.48877669277434,174.73476703000162,24.218629117238294,89.03415791484146,5.761474890108041,66.31397233218915,grapes
29.594490088358167,114.18086182276923,168.78741335147677,20.05008334178511,78.96753763436165,5.934882382939222,70.11357606634873,grapes
31.51393720331344,148.85219727824324,224.56513337864777,20.180500911327353,84.52334821019716,5.7123127476979905,68.28627962583569,grapes
16.20534094346445,136.98514055932424,222.29741728467778,29.825076125621404,90.33952239196982,6.449079866338063,60.317813837109405,grapes
17.97443343338253,133.70150496938848,194.06127866343448,25.826983240563614,77.92948952467539,6.32018609750721,75.18892303834954,grapes
19.132139381987837,126.42430717886494,210.70396787928757,20.558856053728654,77.34310191498481,4.946519868535232,75.58013404236164,grapes
16.003233790323957,154.75110589976055,189.81499472390675,38.568011817876936,84.9393248316792,5.708764558909649,62.097821662676814,grapes
32.99771406132112,135.07720392308283,195.7911499765333,41.06595690683959,83.53144744161128,6.193994307354867,64.23628957087435,grapes
9.897858428650483,126.91490274657036,179.22039907182852,27.51606834522088,85.35945302584055,6.232204816433838,60.17822083863198,grapes
9.948338944843105,131.97208839242268,212.1843912723766,22.31884479766326,72.02951132819591,5.96992795110236,69.82591927019993,grapes
27.280065945170794,146.1290637207354,191.16401087237705,36.324402799212024,75.13881291478538,5.303443595420199,69.98744241652851,grapes
34.91573042843501,133.95591201438552,214.95413600369565,20.958159023673996,83.86047893991996,5.328408763184183,62.23720341896176,grapes
25.958884171679223,105.64145163423566,169.68202775687726,17.38414793811488,80.1299803867656,5.624227593435926,73.64780659338298,grapes
16.82606285072501,103.80652761471575,201.95585428985717,18.971360401881963,77.75996831093651,6.275425975882612,69.36398923699899,grapes
9.823274292510044,149.3034270805967,182.4674933388859,41.00038136752066,90.7649899278602,5.086450097208394,65.96612219045612,grapes
24.95528618298703,128.6925297999925,194.38774868871923,27.543989274752605,84.07035654764782,5.906831448541599,73.6486212866369,grapes
21.067944095957593,128.36083218410485,240.14667447014824,29.328640039121794,82.76273055349753,5.620787239490937,69.00020082853251,grapes
43.257058098846045,135.8121312698424,199.2731959923143,21.85246098542289,85.73029232921498,6.17275293360645,68.50287185087721,grapes
12.50212493486906,165.90238229690414,265.87482163949153,33.676529239880594,71.21327164928427,5.496333920334153,73.88579012431958,grapes
13.787459988200649,118.04089639036587,229.30788857474013,25.129717604935554,85.46091317492413,6.068448897651784,57.930038619620355,grapes
20.33117705335399,108.74187590191568,212.90870178051142,29.593753537930755,79.39125868236586,5.479376711481153,59.03748528480623,grapes
21.642502998443213,121.52973004039926,212.03362606255098,24.313723661160502,75.43493986010469,5.422216219760051,67.58362051432115,grapes
24.23972959321957,109.64869983874354,198.37046440114364,26.53945836263695,86.71721807255571,5.837616173984534,71.60319124425807,grapes
1.4393954042571266,153.07227733287817,203.31020743798376,15.684520025621731,84.04862064236612,5.652880697705174,73.93282418531649,grapes
25.256991673660398,84.61751103327155,211.82431664350676,20.08979451808782,81.89050837603078,6.021937546158442,60.349293989888736,grapes
27.4795477355808,122.76465163589046,170.6749090632405,34.37859746729985,87.31528844139767,5.338402847970815,61.78438838730303,grapes
36.723456633976944,142.00346856099011,197.60107778845935,16.286419217442322,75.88157877192953,6.3190548709342025,64.59841708834826,grapes
20.81274616029186,126.71437266722216,207.39022224896368,22.601805377293505,84.15362231727764,5.169549813629347,75.31181795681132,grapes
23.63835449167778,146.2112603298563,162.97479516038845,27.110036704799608,81.16241984864648,6.5466557053949765,73.9935709150893,grapes
0.0,118.80199380521424,234.9771531841401,24.556350220985387,77.08432289340683,6.138203210727557,78.71011950954637,grapes
25.852623018589945,131.3145704708622,180.9228966441866,27.64359798056322,89.08383184552915,4.9516991189899,63.42288310680782,grapes
5.089261364234881,139.24640173094082,194.5092013058787,33.966720342551596,83.78370137850065,6.160241618814933,74.16552753828267,grapes
19.05343177572998,156.2858938618274,185.7262666948832,22.469312243279926,80.13293962725679,6.1839144963473,71.62103359947955,grapes
26.36863776563803,152.82551382480088,208.7295389713506,27.70326610966449,76.62879036240713,5.980021749943511,66.26448560352128,grapes
24.20082750899854,116.79882057996213,198.46261740214945,27.7792335603651,86.28263395431185,5.9040949570718,70.16413107854339,grapes
7.983657585542243,99.72990266731063,192.97913649087582,21.978060507876123,76.54603561911087,6.266622537322788,69.01561382695968,grapes
15.66847197971492,151.90281550504446,221.87646407287826,16.51447491418324,88.65493633776882,5.4759082282562765,73.22827835127254,grapes
40.631407684375844,153.452390645544,184.61316281772164,45.41314396129721,78.81201823054512,6.449587583623089,68.25393716885627,grapes
19.85255792580167,115.1353214251082,227.76847554202766,21.01388903271412,82.35631594177595,6.088131282104895,65.72533150957744,grapes
8.897316584032495,116.73411133030442,208.41178086028714,27.421493576464158,75.4300993510201,6.593088011443124,68.28335610070788,grapes
29.576243303931925,174.1386838004367,199.40553810186032,29.439174974228457,79.64465582644533,4.768052760978593,69.66155813393607,grapes
16.79503757953607,108.22984062894386,199.9082933033965,14.33061186276962,81.63112231446036,5.55682595026797,59.92574786789812,grapes
25.575430816930933,125.00984153194132,166.4341416005514,27.595663143669007,81.7796063007358,6.137130601730433,73.10868283610195,grapes
18.068273559169445,129.998204425621,206.95345080205988,14.478364054966406,81.53338141973806,5.2018808791942455,74.52592232492066,grapes
28.95159080724529,144.3736578835176,198.27249887829058,28.172636933789384,75.97908392297076,7.3235029118817225,67.160139204367,grapes
32.4602983996754,148.7941350482821,199.2129251591889,33.06830128342858,77.90622192303132,6.7101601453923525,72.88517121640587,grapes
7.4563248903039625,120.402186076849,235.5357945043188,32.70556499912422,85.4108710116964,6.412898137006884,76.09816408185873,grapes
1.9527436645087128,111.59340338590629,175.76189984565485,24.788941605239806,85.31064607580379,5.322891926766828,72.9408590405248,grapes
2.14158484304264,141.7967048513249,220.09293173152975,22.766799297702754,75.241163221322,5.8017439253824135,62.649428103378135,grapes
5.613325669695817,122.82626003454578,208.7332387782493,23.490561965948856,82.39841431620606,5.373408094681709,68.8769339178108,grapes
24.382358971513355,120.70843662542188,179.2253079391468,22.74136391746827,81.93118387489429,5.854835707988534,60.29690256302819,grapes
14.373286591054578,133.77396840301958,194.84888278420993,25.11858134695207,85.71670331201403,5.700207026313949,74.87560712909348,grapes
5.624153935246563,116.68001622986522,163.40904118580445,12.961174045788653,84.2901829532688,4.927977797877064,71.32285907295486,grapes
19.142016120366602,112.39125769389057,215.37949372147492,25.437331010092944,85.92658416802242,6.818387427566551,73.11505964013259,grapes
26.499278865574944,131.88817728286557,192.53347218911145,26.30793312935437,84.10381393717445,6.062052102303138,72.5940707324012,grapes
18.208907249344644,141.2988784559057,187.74121910206608,28.03323300537832,79.76867102725637,5.380459901856656,68.89674527615894,grapes
18.252227819790605,115.08706145727157,207.58400693377305,34.89178787834194,78.5961595474722,5.816034001127332,66.10039564447926,grapes
27.221858369738378,153.12277172472193,218.89959768242917,20.662395472500105,77.99869591836463,5.838313806903402,72.05707958981328,grapes
28.480061429409155,144.89281380744598,198.87637633068985,32.4609158518342,83.72898739906466,5.9144789320399695,66.09280902380284,grapes
18.90528544296734,134.85972745555847,198.24836108021057,13.674162613052317,82.50473524594376,6.315323627027534,65.94026649925884,grapes
24.06915153739756,134.38722607665935,222.7779474444871,15.959138700787994,79.694937427478,5.45382121201338,71.23708868378722,grapes
35.91286490838885,156.57092795680657,195.25562155260081,24.141495379557323,81.98312697088431,5.258556378686375,68.64440140231852,grapes
8.537102179295823,129.6879520532831,203.25292501010202,32.80006622528355,74.09106053956863,6.094767080895114,71.71961139352555,grapes
32.54118058720798,138.33977428661927,131.0458491997835,27.393436913429923,74.49726429233223,6.885407528210374,69.19748302586048,grapes
28.564938113660954,109.12107089561064,189.39995401906194,22.69934318369266,79.82554625471771,6.257485405102441,60.13702640369652,grapes
29.047580803604212,135.86563032832024,201.13920133175057,12.005647324782739,79.48551559245612,5.92940910574309,61.04312706065632,grapes
32.705170367557784,130.34083771193423,214.77365348240244,12.190071543227575,78.98333592977419,6.171713784830759,65.99887131498424,grapes
5.262515525806625,124.82328152945816,231.9412048025908,35.72815543933419,81.03769931132787,5.681964729580658,69.81362422722744,grapes
2.9460616935511332,148.10782285615358,208.6981266358858,26.468663850038425,79.52085185484026,5.657293004701004,68.14999066028174,grapes
25.63178549564479,169.4278931080864,199.74059516326616,21.667543227762607,70.34636383680714,5.367915404141907,63.542452069844515,grapes
24.308098012006766,147.75196590473288,189.23812458157138,22.599963156177058,80.54140455354457,6.608288856072015,70.44217065835095,grapes
7.973529128758372,141.27378080092487,225.0145657798168,20.21333653533561,81.25998033094804,4.549949607632058,65.12304956261916,grapes
12.36450750497868,134.4404481295938,195.40808279901265,26.561592241256168,73.99293423267133,5.908937997957589,81.41797117221753,grapes
24.253308217416674,88.41954796875723,205.33220893314288,26.548516874658873,82.16207318446686,6.019822554445733,70.76800879335704,grapes
20.187571464937793,81.20727875392235,219.89627072290992,22.128870853127808,75.03456071769627,6.130660101233426,72.33251556870688,grapes
132.85970283739618,9.165497150116925,43.723760914036546,20.248164192679,85.47991671811793,5.97184534029685,47.6472169412655,watermelon
81.00190606794278,18.35882807593176,58.83528658877511,25.113854002023647,91.1750125192329,5.986547297639213,57.91265927819107,watermelon
105.64943168224539,14.131672288572618,52.70737257596396,27.26548538751602,84.6852297582499,6.160285173015348,63.923304722721355,watermelon
95.17391280903944,21.202212871325436,47.09880255833401,19.04650574068691,88.28665384762068,6.238216887457897,42.1187879540077,watermelon
109.74385878862721,0.035700301879312946,58.75972292383464,27.289463917650707,77.9754825866647,6.491265874928522,52.903639134913696,watermelon
66.68892516001198,23.226270482953,46.525525083714264,28.294305335155173,91.444627461465,6.925261234888458,37.75745822867818,watermelon
89.65731970051597,16.89496261539813,42.42188912126711,21.52601084779287,85.040335633772,5.69513646065835,47.34629535912722,watermelon
82.51947290242741,9.459051474162187,46.416674839050366,26.413179809140455,75.7865685967462,6.1263181355089396,45.546598158096245,watermelon
117.2290495110295,31.39987026351844,44.43218253129462,22.788309676410123,80.87797639657371,6.2380946661007375,48.61015851542844,watermelon
144.37368651602685,0.03255088297067488,52.230501615275806,26.553345378495393,80.33842703928403,6.207411958255629,32.71411325978943,watermelon
101.6098374039696,7.934498378952579,44.14634906374352,23.382066866997814,84.07129934372692,6.350601602105736,59.722442965399814,watermelon
104.66810040392025,8.21271201491018,51.96412687753415,25.89038561272221,93.71615257055281,5.972344682222695,60.36621016539519,watermelon
95.04861179118105,0.0,48.579122286408904,28.020871981937294,84.48195311457489,6.484988202396971,49.87636790137333,watermelon
100.34226809443082,19.718994948398866,53.02844999566392,24.595426325121963,79.4607391573954,6.25998366237616,56.85395100558708,watermelon
68.83349358655558,9.609000484999223,52.212260051394125,23.3029968065021,81.42056784428775,6.652522277835528,69.0929617453629,watermelon
85.64129268361674,25.65710414740723,53.99317434116265,29.62499982335794,87.55453885067443,6.0254526219940985,50.459283796556875,watermelon
106.56752372426399,24.470908242981803,48.73189927547158,26.84328414873825,76.87493716833387,6.590117709067168,57.13123591989526,watermelon
115.28861211786709,21.39628661817989,51.6639818895508,31.00403100825571,83.67489142824343,7.021549685618969,46.20506853421993,watermelon
79.5389426895353,24.50834035192284,50.28762410795285,22.493725668444633,79.67068115609815,6.3616269008054696,35.33459488628015,watermelon
67.62014225737894,2.616781191775159,54.934849972612035,25.673630732501227,77.8800425520323,6.033075262809035,63.473295678403026,watermelon
117.77065060744847,13.15212992771792,57.27534696417983,19.295422004242628,78.93320450146551,6.0267663670735185,59.22629751569126,watermelon
117.58827966438275,27.344065605601987,50.050102743312756,24.25964894883286,88.15946974740996,6.189294468069449,51.86873354784584,watermelon
92.97287395798895,2.5380934675839697,53.40144565439826,29.131492549584245,79.36940882630508,7.233034287796708,47.414042416966375,watermelon
76.23638641738621,25.449941093886103,48.07989391634145,20.181169313279813,91.71099480305928,6.3531788389828465,47.025746958589934,watermelon
108.56468647126542,18.823396652426116,43.35570682687037,23.515663397032995,89.35175750171904,6.275531649879529,59.205540740844334,watermelon
124.15252404219169,1.6724255526437393,56.371748068419095,26.71451583194305,76.05472456900804,7.419474684457492,62.30973742814392,watermelon
122.67730671998721,14.77399660506054,45.85806837046837,26.496026246030727,80.54400737694141,7.201279981372302,40.02261943866861,watermelon
105.65764909897696,16.277820113079738,40.960069639724885,26.75488895516805,79.8446620401888,5.550672691416285,55.11206650655379,watermelon
95.8717687603145,0.0,49.033032912111544,23.548782222312717,91.94781418609209,6.377642993400058,55.907203426878986,watermelon
99.62397675472812,11.914251513050615,49.95896084754979,21.99588777610243,82.94061081909412,6.803588184930189,56.833961326743754,watermelon
113.81204384629723,16.1084285381344,45.461012793084656,23.931757628578083,86.46459605099186,7.066251951846677,66.78367494261003,watermelon
120.32557458289733,2.7107451417617145,51.5842454086424,22.889128395581384,87.35539368092712,7.477237205859009,49.999907395560086,watermelon
78.47695916963384,20.49040950679161,45.49630281746727,24.730938020715413,86.40677674337158,7.132264784769001,53.23463643588684,watermelon
73.68098798366879,14.115644268703868,44.531581881027385,15.823646873495493,90.38238627646281,5.379821396333544,38.80896225933579,watermelon
114.89140186487884,14.5303218302368,56.119091578877836,27.441175072181252,85.34081973957393,5.934741215847955,47.44622121940532,watermelon
92.58413916687138,22.458691783433856,42.72964774356624,24.695799883891453,79.03029973409319,6.913543470819958,44.048240893473036,watermelon
91.0488033826129,10.422759235686692,48.320012592287874,27.560331178704264,89.68969790436631,6.685652319462776,44.72907548401968,watermelon
110.31638171341231,30.35697864825564,47.865655410871824,19.60706680509336,76.42963289822735,6.537179052117164,47.60475596781991,watermelon
99.02191993601286,16.680341881132367,55.20999328207914,23.625082241368954,81.28833131830328,6.548545336317704,46.59954097249557,watermelon
67.39418764361726,3.8081507655006206,50.05226663255765,17.710002147533654,95.84459953377701,6.4616723783868535,33.7934958268753,watermelon
94.87117654987051,12.926126860006486,48.742622998457364,28.382840973516203,85.01099128709708,7.01651921806421,45.470453530767415,watermelon
122.04592152749557,23.09861019043801,50.06360046240379,25.60086284423279,83.92600765519995,6.491029682929575,55.04418367266023,watermelon
100.29590556845685,4.461220225760787,55.217828649728176,20.81765405224725,87.31488767145318,5.915247339573157,50.0013816006759,watermelon
76.69637645979027,12.9923148170578,56.08989562270506,25.190790432211564,95.5272957415986,5.916042788174034,40.01886248047397,watermelon
105.00358690285597,12.165220236958461,59.957989011263315,29.047269848371744,84.70519345717341,7.08667877424488,52.42717855552943,watermelon
109.96458735668439,21.15554209423707,48.11350208939197,27.063913015138443,90.34595538502393,6.182469805082732,55.509095015785654,watermelon
97.88398259622005,15.832911726280127,41.200122242558336,25.035134902301746,88.01031739102895,6.5891610648684305,70.83352857303197,watermelon
101.11271400631546,0.0,53.94385217210809,21.7559540812323,84.18129415543032,6.780521366503306,55.575460867600405,watermelon
105.79235986412293,8.767312005030412,55.31445528078956,26.153658909614162,87.35107165097214,6.693265919340998,38.39278525997847,watermelon
68.71961644501789,0.0,43.29966395519697,26.922930942395418,81.44998143557022,5.583807852098676,47.41910044067244,watermelon
90.20783629139244,10.84567453587059,55.91502437101104,23.2177522470578,83.90986007011179,6.199576826709891,60.416355862112525,watermelon
102.81659626836668,22.715995092071132,45.242304918684695,26.342265676883958,83.35865925749573,6.550977490949385,61.55075408261432,watermelon
106.0194159741334,12.714009474118837,48.824433557489584,21.762655236271836,85.46241458016966,6.649190339623473,49.93511403789455,watermelon
113.65024272065145,0.015740764590352896,39.03005505811448,27.050114887682504,91.45446633121209,6.591033089717318,47.6883605051185,watermelon
121.53742553449602,31.10065613167441,46.27582865134957,24.06838040578798,91.70202323875687,6.565204985049835,54.40845421567235,watermelon
144.7573288106481,12.281840007407022,57.49829085188509,20.49180734014696,84.32236056990689,6.736454408132343,33.62471959888735,watermelon
97.10323555923503,13.944435998260808,43.29828546369279,25.30538657504053,84.55076180274348,6.941799412322375,31.93595559766055,watermelon
92.64408834897662,0.6290816121411176,47.15712978149632,22.60318091411914,83.96004372387824,6.815162518169992,48.90226151263844,watermelon
70.70622764950748,8.007056560930176,40.223809139160636,23.988750206220576,89.98094724916959,6.121093491371326,49.80570398718728,watermelon
121.5534119140083,18.35170471154048,49.85903453380068,23.854850722257353,81.20291356222717,6.107588750550246,45.24329990372612,watermelon
69.66628428761025,12.866806089017064,47.29866006594882,22.861630788856594,84.02887289641625,7.0277244802006456,45.35901057939033,watermelon
103.70992430778416,17.196612200120846,51.98380469073904,20.849317137894968,74.39725799262297,6.726671139596247,50.33486061742145,watermelon
100.7152736188014,8.272225841645959,50.645566216419816,24.074259489299425,85.6365185146698,6.280963536109853,53.602219031281535,watermelon
128.34529028922,5.453936133934157,56.05881707072861,24.0313254146311,85.44486323715306,6.923751788400996,43.18117596933332,watermelon
70.17111876898136,0.0,49.88780315005725,25.908026995381963,90.49757234327731,7.0257503412512206,37.05264914871801,watermelon
120.46245147372207,24.449327817324892,38.329886706788855,27.78019077032774,92.57362523500215,6.288587515752345,50.084563632261954,watermelon
79.41282230122259,9.918143856215774,49.26494750084537,24.618588131127712,83.57283726365029,6.554949229760381,58.52477863292144,watermelon
94.2139845196611,17.268435402613044,47.151701182305445,21.687396717418906,79.56822561937805,6.8327652111178,45.49280457728845,watermelon
113.22910341895842,22.500481638424834,55.86502992566874,23.799027325129305,87.66614834512649,6.036611893109047,59.47364817940817,watermelon
107.7254114776604,26.93432474327461,49.20526619271874,24.84154590399241,87.00267427755905,5.843244781699547,61.20094335877095,watermelon
91.33627111257681,27.042393438434786,46.09231467165256,21.444397274634284,85.73313535945816,7.378735718585085,54.28490470048006,watermelon
102.66876119089959,23.080975442290324,42.24638432273202,24.977248681521424,85.55962298483237,7.170678066629956,49.82178110503028,watermelon
107.80771066808059,24.414984203925485,51.79855909018952,23.952703889304992,77.87231493008917,6.360173352120892,50.408080023643585,watermelon
138.15022064448542,5.213141000512406,46.44497637966312,28.986738653377884,78.15168612081278,6.891634522177394,39.72250893153277,watermelon
116.50935645408401,3.936369223465011,57.44988873267464,25.370276656986512,78.00065124928224,6.346501380406957,53.09273053887002,watermelon
67.12811920852424,17.044656512957967,47.986169257273644,24.621951519995772,78.827478665825,6.097510375168482,28.08014440920751,watermelon
56.626151846726074,25.037589425373,53.35765092928081,24.20279462095404,84.3074249075402,5.715208719834091,52.63256364405434,watermelon
111.02107286103285,5.319373626166415,46.46189203934011,25.54067161018208,83.1627870252587,6.491682194643299,58.53519071880331,watermelon
104.4966544742625,3.60530837631007,51.21671170505442,31.334383074419605,87.17008460289595,6.922035832839043,48.212701661507076,watermelon
90.96385221839752,23.443569714088675,51.0778288529483,23.19628490087717,87.78247184263806,6.568719886104855,46.30823519180819,watermelon
121.67164648827188,11.560332438807329,52.42507190819869,27.2780376598711,91.93188892001803,6.371374960152253,35.85217618493019,watermelon
117.40479857183595,26.078483887799017,45.46880106770354,29.45153617139418,84.48208467324224,6.27263960001302,64.90648331666969,watermelon
94.96581614371607,6.6441098892555885,52.82185749079969,19.80891205439343,77.01357173799903,6.47883819121356,55.4807691962759,watermelon
100.9748363916277,20.50695261079708,45.54561812762234,26.07851162213401,84.87738421231694,6.550193438905812,33.17577158001346,watermelon
102.34630432280399,18.281053166935074,49.60824766527168,30.286142566151497,84.36375951587486,6.364900707145747,58.48545553948662,watermelon
86.3464040556964,21.917677632456712,62.830466777916854,24.603203705197124,83.82519457865197,6.661841485658615,46.23523429448056,watermelon
121.55307609126714,13.34418313151122,51.91550580018274,24.118575594453745,86.51604130404803,5.954683056285992,47.32428567762825,watermelon
96.36094196343866,33.896523808974734,47.04603668621701,24.565538181476708,84.78156556946172,6.405330994206543,39.518026259807044,watermelon
79.5172183393766,19.88803592911805,47.80348644126851,25.706454949074075,92.59588565656232,6.9030543893338,36.441602100431524,watermelon
85.0710153885363,15.706374578024079,56.88234842148638,26.744633327949373,86.07852936129927,6.08918345114399,52.480213508791344,watermelon
106.90562186408178,20.96899480840067,61.61080051423966,25.271236095584257,85.06582951300452,7.300207618104003,49.004085801876855,watermelon
143.215059640989,6.07506652700353,48.51901571083579,22.929033600090612,85.0760952761007,6.788214430846452,50.657566045637466,watermelon
126.23568535275994,21.658807507383212,52.773001035630735,27.601063041483624,83.57084785940123,5.925159775647393,41.0933619738355,watermelon
104.06274981248683,14.486089108147878,54.351920642596696,26.327746498481098,76.17719879698625,6.43177467582643,48.52992067646283,watermelon
100.87052273792997,14.98493146617952,44.837557043626944,25.735982985703142,85.73966415554327,6.771409706060788,64.39059094765753,watermelon
98.12827113957671,21.967044290994203,53.550626048070164,21.485795092263043,87.37866185083435,6.680349896915322,43.608242655334294,watermelon
138.3161131544781,7.422922828328213,50.846825842991215,27.948114957779385,91.72114310382246,5.974701982112219,38.75605314618394,watermelon
121.30302055164647,16.46835431243112,50.388407135330866,25.099873207680005,87.79631267464126,7.6130263496887,53.36605251782523,watermelon
68.3395996505187,0.0,52.21367123614155,26.715818173280297,78.24033784633795,6.476661817116614,53.59725023356167,watermelon
125.46936046528586,15.240630778858398,53.69454258666105,24.33186231111846,83.63981027658217,5.542664686076856,55.383085106385664,watermelon
105.29746206633986,9.839891548717116,50.315920233418375,23.959795701405245,87.16550680368492,6.508657553428809,65.96403768217306,watermelon
88.46924757449273,19.393942876591055,51.40946856002712,24.026727972971717,78.13407698590702,5.898920924810405,68.86745997356763,watermelon
81.9630840474452,35.88097599948022,51.590374199776164,22.63557408614309,85.38744740267218,6.083758790575466,51.93798654409253,watermelon
76.18673627875162,20.71288667881944,39.59400792089829,27.29453380073921,81.7290230303746,7.291181189552911,38.740751527370534,watermelon
96.00235763436976,15.376930136726148,49.341586346558614,29.40809801228938,96.96327473484939,6.0885381049830105,50.902471845550984,watermelon
93.67972865270201,7.675343807626519,55.22723493350696,24.64357758169166,86.67668318497536,6.9838686793169025,62.01190153315897,watermelon
92.56025424735063,15.999770186258072,59.68990009438673,21.01856542974567,87.64042081038454,6.455435084815441,45.6209329273761,watermelon
104.29843799568981,11.986662490460878,47.07130915301778,23.10792998816117,86.952631523327,5.603588721191415,47.64881708766638,watermelon
94.64018467885333,13.84202320502265,49.987180505986686,24.11258179595152,83.32967891781627,6.003285985206505,37.5448467903568,watermelon
70.25899947424512,10.626891139425929,56.947583783181436,26.497336523554413,92.26385321131198,6.831332277285513,72.02214584191347,watermelon
121.87301280378294,17.176712137178566,52.4889002631743,27.49276713224586,87.38038544370455,6.690074566675408,42.869478937352625,watermelon
125.09431179238449,38.81855169454182,50.08392453619573,22.893851686086947,86.75151991424322,6.725509063526738,52.77657243902159,watermelon
97.8452157184006,12.322470750207824,51.13706191024197,25.413515505698285,86.78183704562821,6.632581160872932,41.38799881773837,watermelon
112.55566510313615,13.561830941513417,47.616218970774966,24.033438099593113,79.64106660982557,5.828892930382832,62.89856160192278,watermelon
72.35205628370925,33.63786316475296,43.159400270600116,29.996863812248783,98.54414966799433,6.027412156262603,48.488443912992174,watermelon
85.35842783690694,27.02927835203458,55.76434603236536,20.722789098359204,90.41797136448453,5.95685183319814,56.69839097017077,watermelon
109.955016775953,21.338049507344724,51.988332544182036,20.93522823309879,92.2542616377702,6.7882919093378185,43.32967404617866,watermelon
73.78797070666019,24.150940885676814,43.29989105544906,23.389252631458156,89.47992897062804,5.969974585176206,58.68017155977305,watermelon
89.13775851183479,28.243988573099276,43.17253862643675,29.917081894248874,81.96697322768927,6.9040111353906655,55.13460847122765,watermelon
88.24838301107653,11.565064264087672,55.48822614768833,31.10767891950892,80.57448252544499,6.829415353412368,49.05272666637795,watermelon
77.72290514517411,1.487834838696795,54.19146144974765,29.991506232416945,88.14262322952335,6.080747672043148,43.522252761240246,watermelon
123.2186951895797,0.42557351089325124,48.78072675663336,36.50655558593003,78.17089967198382,6.453656805800315,45.381373129668546,watermelon
102.33232896206222,19.02187379919841,52.291471817230494,23.12940439458739,86.6887738929062,6.518258878808023,51.35153715402453,watermelon
75.01721589556425,3.456911230735356,55.22680813566654,22.002502534862803,86.55420870809839,6.1431729913190445,31.790868450203757,watermelon
103.6870938959128,1.5925519842524256,52.33654664473431,25.258856786916308,89.91254285566676,7.093303073721331,45.520124834104145,watermelon
129.87376653053437,29.22542759682036,54.54049557941797,26.60118991814238,80.18807481089182,6.1753733499715615,54.26231542828029,watermelon
111.08675371096747,18.548149671014116,46.5164240399593,27.824948994655543,84.96500970259473,6.91211914287129,60.07372401656944,watermelon
89.54109791620786,20.582191668216797,59.19477801003465,26.524008750305683,84.59404540573061,6.210085712940593,54.77206937415186,watermelon
90.49722900803673,16.407678987898933,52.31070248719841,28.124060237807004,87.60269157535734,6.447314454545268,28.40482792488105,watermelon
123.4877290385185,19.592027315653446,55.073421907022166,24.782770957492875,84.0607042163304,7.313092133983591,48.877749516685924,watermelon
85.22546320348091,16.770190916579352,52.46481834433842,27.117176713161278,89.66698596249782,5.60745130963289,45.84508790128037,watermelon
63.693166130173516,7.823506299435664,51.27937405476814,28.222375859171926,83.90237732390192,7.222090405244249,52.82426402193555,watermelon
98.77727518030761,23.853186412742986,52.52170585086388,20.054479629323517,83.00290522588234,6.7095507444601745,49.99859160224675,watermelon
109.13912232103164,14.931954490324868,49.102484278032875,27.2740522717616,81.90883660047517,6.464226661970267,64.81594464386814,watermelon
79.2860111662734,13.947943316707105,46.16755814410392,29.20476618821036,75.68744771485514,6.24484826815077,61.89092277237418,watermelon
74.93302097992425,15.353661469463605,44.34893658884393,25.713224036583807,89.54739660751807,7.250511493253574,58.44573424861345,watermelon
108.74925744801989,7.161332386557696,49.97976186157463,23.789959880728638,84.30418938505133,5.707930822367518,44.83415281433529,watermelon
116.07373656551104,16.557267086807627,56.87939193080043,25.852039834212327,92.70722192378646,5.832371889652695,46.75255678405995,watermelon
80.58612284107829,16.696418846562935,47.977939005058204,27.701340083633713,85.30125879703485,5.498277241021447,57.660343509832146,watermelon
65.69657336184532,24.662102689199592,49.99709003446202,24.92056102630769,86.18511345339644,7.33420184965896,57.24171033740305,watermelon
85.56246535264358,8.319213875456786,55.14033647357223,26.532699732276892,66.86220468216342,6.15200029008232,58.30306170487179,watermelon
116.99138715991576,30.085186515643592,48.59668932877229,20.205843856503314,99.09946200072496,5.985906817935043,54.98074710530306,watermelon
89.07148898318067,4.243245083304803,47.86812690308295,26.999669928713686,89.068181304255,6.00233579782308,51.24709303833127,watermelon
85.2390864377041,0.0,52.676006203775955,25.258163692327553,77.0904327138329,6.265383315504812,65.92895525372826,watermelon
112.19048451587167,20.881046709684526,63.50439148257226,22.130461189933122,82.39378370431999,7.108160843331784,63.33761007512387,watermelon
106.14750296266183,42.1836562136209,56.796429106294035,24.4943270982782,84.18217981667577,6.278753710326644,52.88698901473169,watermelon
105.19247306731121,20.48243827681115,47.07004100985826,27.642408600443467,91.13951461934728,6.6937028412893085,37.17084956125183,watermelon
117.32853434274288,30.964221835132975,42.09581202261192,26.95108900707064,78.64520451788334,5.84026466433479,32.04757455927087,watermelon
66.66683886450073,19.439664495090952,44.63463672209784,24.23159059391661,71.53981839557211,6.302998557728026,48.63260977461168,watermelon
99.57469386486771,13.6569970983501,44.610073771446814,24.31797848925632,85.67463633203775,6.180552055918526,43.03540220077161,watermelon
123.38977140072534,28.532535054710216,42.375106846731455,31.12225673510291,75.21482931371233,7.188267582872222,23.37823776759594,muskmelon
68.1054659385378,11.239401308143213,52.68148796719411,27.556536184350087,87.75924418040378,6.446193463552617,15.474993993061565,muskmelon
101.70070695577974,9.862954347748301,47.950056071239686,31.177314991253787,80.40481572687462,6.774585179137988,18.892484709619424,muskmelon
96.01372449539186,33.75079700365864,46.75835681619254,31.050963801251665,86.9098684330628,6.313022249116673,23.27309194707543,muskmelon
84.30519948103401,27.095868198870562,44.52747912112606,28.297566666320773,85.75547104854653,6.357652410209178,19.570628218345746,muskmelon
129.4703708947626,20.1778447789219,43.329591883862186,24.769033779980155,85.93278544006239,6.647468231022609,28.273994351726596,muskmelon
95.63799691036566,5.427171806968831,57.62625365924199,24.81738395054819,95.95874611987834,5.86742130186993,20.932201790739455,muskmelon
92.36066925550081,6.875769584607994,55.977548249329445,28.079483769608835,90.22948654294422,5.98640783369108,21.22456399055622,muskmelon
119.61498421801593,18.714780756082906,53.04192999703639,24.92787492815441,94.9980080003376,6.900898681635406,20.191359686988648,muskmelon
84.35794358376575,0.0,48.883262661197236,30.374756177087704,100.0,5.705424540291249,22.662582872869677,muskmelon
47.14360397835303,13.014985505593645,48.819328576267054,28.126878983072647,85.8471451324182,6.270407805971564,22.739656951199628,muskmelon
128.3854330770411,26.22294279395372,51.1888497615686,32.91712724943607,95.3576861238879,6.547723502346227,27.873791986564015,muskmelon
70.80148815768429,18.21071627047914,47.091081543759465,27.18483741853601,89.95118807844474,5.779831855256483,31.033155809805418,muskmelon
88.01898751570832,28.721841623393956,44.222384973149346,32.5664331817837,92.60849239276517,5.984988414009338,23.754043780151534,muskmelon
76.63909341296169,36.92878480596104,56.69165399666524,28.11376669478235,89.95935001796069,6.158593212917166,18.42448442786224,muskmelon
105.21242955989403,0.0,59.73742792719971,35.51686637550278,85.74569077246792,6.232387011929927,20.025795097615376,muskmelon
93.9210709553033,16.041970694434795,51.32923400289634,27.732042311081912,91.66277742480412,6.80410220960009,20.235397770897713,muskmelon
101.44150053853862,21.422842292721572,40.87122283612301,24.066340576069862,81.16751200740933,6.58715182199624,30.328318746231933,muskmelon
89.39770799203517,28.2607921852406,49.2554680617385,31.777619673738144,93.51008306064689,6.1978590128210165,17.626043209682905,muskmelon
76.76581365344632,22.489104336385694,55.30456837495566,28.856059295220337,84.9178894874749,6.399137346509067,18.607077210021522,muskmelon
84.43001667901682,11.390666744793013,50.16138218872652,28.20217464623372,99.41106572549073,6.883862079234322,26.435309645418005,muskmelon
99.53347585747412,0.0,61.19984288306554,32.90341391792839,84.533968146988,6.109645138551643,25.481068042104695,muskmelon
124.0627099153869,2.0319338890524996,49.40710667078784,27.203510146379895,89.89540436018551,6.736808578853942,22.748435982734378,muskmelon
100.38592935136452,27.632561600861195,46.225353730436794,28.384256966262384,79.45887403170693,6.235675819370347,22.980305779435426,muskmelon
92.41582163409905,15.819722944901587,51.59688529451795,27.45707280441514,91.62035836118856,6.119020735779564,24.35915181109705,muskmelon
75.07127119924834,27.448607619511503,45.93375862343437,29.11640721217892,92.22750430309668,6.155570754471372,22.978190697083335,muskmelon
96.52122792356857,2.1825776423879226,46.84349670484207,27.880939784867323,80.00645491468555,6.664681602847836,23.85259253158301,muskmelon
77.74892191616807,15.849044015181958,47.603172099796865,27.485541633550174,85.51838586945797,6.644481647585,24.055193525865043,muskmelon
103.97243395894657,34.424339527305186,44.54670040474534,22.58473560582366,90.53052752947552,6.120737390102854,32.152313554471355,muskmelon
122.9303775296498,16.413864495642777,41.21570991016136,32.218928054183294,85.12352433528093,5.916623155144573,25.849915643261426,muskmelon
77.68289466168741,13.443559894560657,51.52574897283902,26.79109898673614,90.80739479228203,6.767826428662311,37.16303963923406,muskmelon
133.4538362256232,11.718856631530048,46.20296864744082,20.2066958534131,98.63943967025455,7.079264656947032,32.345658416357324,muskmelon
129.53277553004438,2.2638141112155594,46.148960378405945,28.364732897382044,88.73144850758096,6.663925934590067,25.58529215654767,muskmelon
96.60197190303151,19.189369594110097,46.57854206763391,24.894063640844642,95.28025170378449,5.95765333396132,16.535640038307925,muskmelon
113.14399207224753,27.378943305320824,60.356620702902404,27.152277427706014,97.35596769272965,6.269073094465516,24.83261961701408,muskmelon
90.66258858969495,33.3577230652094,34.04704239604502,29.859908860352974,82.70588349851683,7.221564720071768,24.39153056916002,muskmelon
56.926908753192656,14.940284220554465,58.15549377995042,29.38541282836472,97.66819222805665,6.095668771384248,21.212696537744147,muskmelon
76.62203874989105,22.68954770972468,47.896816913036076,25.910665700855063,90.10000954501133,5.106309833491828,14.450456864344128,muskmelon
81.61222795343012,18.159802791659498,48.68499221830323,29.60107480947178,95.43822920486896,6.178046905484389,27.170236521343508,muskmelon
74.0040966802721,17.40604026976813,53.14337945686279,31.523953712135423,91.9783951894489,6.721638843346536,21.8925952626115,muskmelon
83.20309777973911,0.0,55.72707828967552,23.91744771615423,82.95369666580072,5.95638005766962,30.258507491447272,muskmelon
99.40748964436584,30.656981792054978,40.851871333167175,26.149899216937857,90.56195564653211,5.831902136569684,21.548368826166985,muskmelon
121.39013476360631,11.979488957780843,42.41673641635383,23.930044489277137,89.01905701869363,6.455419237931477,26.988242486550455,muskmelon
118.9429056074077,34.04531058453397,52.07370105314222,22.27419426356566,83.85301444107772,6.597262517163565,21.778889091826922,muskmelon
111.36048548046485,8.766420637432361,50.39756277513982,31.404633714096338,94.04534271100559,6.039749340880284,23.271563938164302,muskmelon
95.2820186578482,18.568370388057037,45.38847053536867,32.831520263246205,85.08385660481102,6.029259100496412,29.809732332897347,muskmelon
117.53072760208721,27.817045680440522,54.14014121406998,27.212934136197163,87.32998033531399,7.034579765615878,24.270837013817765,muskmelon
113.93824297554332,16.535715375191494,39.74049450466205,31.622365156392174,89.64552950604198,6.583830834741548,23.06507690383468,muskmelon
93.78923001755483,0.0,53.93227378696627,20.80981191519371,100.0,6.824763994907321,20.900665452894586,muskmelon
72.98252134678727,24.335916794996624,48.300603717298586,24.136062808281412,92.35146187273497,7.276564087695151,16.974602620181358,muskmelon
106.82926778112197,18.826208588152355,51.29535423736523,33.574479999277656,89.89425765154348,5.850011857557698,25.4040419358967,muskmelon
99.02608835386971,20.29057160791691,49.262411217896606,30.5241804479491,94.92402322366712,6.402681477398883,15.659486170014219,muskmelon
114.37264457856446,15.06404024173588,46.26420527387428,30.070409415045205,76.75219805284075,6.187600218193035,25.15212876611806,muskmelon
98.0531529863498,16.272018457680016,52.705524772733746,26.96349266034958,94.47517309481505,6.814916626300288,19.869579190505544,muskmelon
101.89050900441558,18.14204219773407,48.396983979216834,30.057365350883146,91.31253336169151,7.284189118768728,17.642461044831638,muskmelon
106.87215761901916,25.615514991554363,49.76497733985742,27.54506656316442,87.57436396263589,6.428362049499898,25.710618144336237,muskmelon
95.83973145622639,1.9653134459121837,51.742426644080034,34.69165341115329,83.85687719420133,7.063922410402399,20.085366062892877,muskmelon
102.45805325354301,14.17803203277265,58.83643448448627,28.604240690070778,89.43699341615577,6.3060059621437325,33.98959982752127,muskmelon
87.91194706229219,20.232174712371172,45.74634128340753,24.6379576445214,86.29366164045985,6.414961362193804,26.803472521456058,muskmelon
118.11587892500043,18.923934734045144,46.37602692843354,26.732998285788845,90.41709448552169,6.58979847066494,22.42291089685818,muskmelon
100.60380854000395,6.858191674044146,55.96169719097872,26.96306913959711,89.61763438114339,6.10192394556369,24.719500953428998,muskmelon
106.69978359399904,1.7131963571832323,47.655880626900284,26.646899623188453,91.06718404904883,5.668299301111175,22.43069872603589,muskmelon
84.4029874795431,16.526473032910076,51.563232027009846,23.175435197619194,93.14433680452774,7.182194669238607,22.179652303229414,muskmelon
88.20805053246026,1.5626676826697494,55.49690841653461,30.302751294435666,97.2757524994814,6.325189431216156,24.80082376600496,muskmelon
92.3135238074999,11.464755739820848,48.437790269299704,29.454486246845722,84.91349253356557,6.71335518594684,20.03462327957896,muskmelon
91.36850444320771,18.981476718018378,45.97457752759987,28.47058093824072,96.85746150594771,6.479886379787717,23.93499961945479,muskmelon
116.21851117081319,5.679977984718402,47.37094868785842,26.922346496012395,80.53874552455628,6.3109830576019466,28.16061587227775,muskmelon
103.23989523693652,0.0,42.88926433896995,27.499855129358604,92.96573131215801,6.715314015568649,24.639964041307863,muskmelon
122.98151988344327,18.183002933819587,43.41736334899167,27.081139950454844,82.05107649299877,6.887221264331242,24.480697591364027,muskmelon
128.41581264033653,10.936949221109106,63.47376829256266,26.66413827612589,80.88897318123927,6.676656075235638,22.77964564520396,muskmelon
142.39632193725564,12.204931750777725,57.06076844969063,27.934393176246576,86.198363139137,6.602469244458166,24.162401185433907,muskmelon
93.78306509676678,15.09185249388008,55.30016840969429,28.431475522993228,92.82724204875909,6.9042682001897155,21.154362943164813,muskmelon
111.98680468438937,19.856127059292536,42.10436437866876,31.416116123748257,88.7393920254805,7.540115499039518,23.672884571702568,muskmelon
116.74482756403029,4.005344096420824,54.35046614060613,30.83863758050167,100.0,6.094659868643169,23.42596717174521,muskmelon
119.65620293838556,12.038262456926496,40.6994060831513,26.16284777612267,90.70326836306988,7.532773495621603,24.52352576345137,muskmelon
93.70790826729556,9.539402133212311,52.4592876254847,28.67439116556744,85.16177839024047,6.548616099674965,25.7684298966983,muskmelon
114.2553400247503,25.779489844410275,46.10823158761132,23.835750600522033,89.96998958214873,6.5662550662369465,22.807448102186314,muskmelon
105.77237155976135,23.091640200967973,43.41819329310545,27.40072241770051,96.87090561693832,6.232535144418986,22.435614337157094,muskmelon
109.51218112433732,0.0,47.25733466447882,27.474164773086848,85.89399414554406,6.759466167581223,28.243841151199987,muskmelon
91.4326684006551,15.752846907615552,52.37629304524172,30.245611061150015,90.80071403517275,6.8702196154135,22.42113645007565,muskmelon
111.18994231023363,3.651876487740001,44.686292013707366,24.5629564226132,88.9119162454705,5.55436462288802,24.421434984013416,muskmelon
105.74892813624152,14.942035414209224,46.19336508904565,29.22172188280877,95.99721434075296,6.6341478447140085,23.163524229274316,muskmelon
97.13616433278092,15.954482071141884,58.30413753023495,28.07837779533149,92.60224284952618,5.8006926635769185,21.29198352145832,muskmelon
78.40012378394604,30.576775341201095,43.40198883969182,34.65031898397428,96.23184710641951,5.877607768668784,21.61800149710146,muskmelon
76.64950710798716,0.0,55.24136792922478,27.135566080496776,87.75244382540008,5.940300991596002,22.09373924970855,muskmelon
112.14158677917393,14.66616229097017,47.11246704839824,27.16840080214223,90.68396657087708,6.888810899970517,38.09820461935552,muskmelon
81.20522014564162,3.731517284677688,50.2433988506114,30.479111563046235,93.11428722066897,6.462190858136664,22.007180010018114,muskmelon
103.32514428037179,4.881195531686027,45.93483102237537,32.68971380186815,95.98300250160969,6.669643040245287,13.758078137955886,muskmelon
84.19746517639453,0.0,56.442362795473336,28.703558176943925,91.84117572996658,7.004216194491014,21.078812679355313,muskmelon
92.56859368170434,12.31808173235716,44.49355852239849,28.657505097379175,88.1782095882239,6.945056391788012,19.20848703523148,muskmelon
135.08964816495194,22.252998917771006,51.05529510609337,29.284070982113327,89.485798529382,6.0868218383684525,20.934470420687827,muskmelon
109.68447974354694,24.766055102676887,53.520308334651226,24.238758741741876,91.86052110952278,6.352221317646795,16.49611331185795,muskmelon
81.82676981886083,17.741561463858222,41.79488141985101,26.092509450718975,96.42572721708066,5.939001236485652,28.821068755294377,muskmelon
85.89488304843763,0.021258156967004282,50.28781319374744,28.174266750278523,84.29208551372105,6.27051129702292,10.0,muskmelon
84.31253783992047,17.42150790758676,41.62402680150664,30.016129749326886,88.21074293484399,5.611477660051161,31.939817648705628,muskmelon
129.41677726412382,2.69990993429305,52.24934419699327,26.84858913424432,87.54820865122798,6.266555233212591,30.109674230634145,muskmelon
122.48070726072093,22.798827055323073,50.13562375264893,25.45022757604137,90.98505088153141,6.9034379544290365,23.898577286266622,muskmelon
87.60882097303588,8.102448545121469,48.82590285153263,26.10951847274246,100.0,6.6791612792770145,22.870069572354268,muskmelon
109.13591866260744,24.53680212390455,40.811476263591864,29.00412772852176,90.68932183073206,6.057546104454066,20.399870887869564,muskmelon
72.2724463755003,7.594436668034284,40.65307589939376,30.346365911666023,100.0,6.745624580475521,22.614240689519786,muskmelon
93.28105428764954,36.296073476266045,54.01597104572903,29.686305462566832,89.77503042759295,6.6211843258669685,32.390627184936235,muskmelon
107.47138391377989,0.0,47.41725100363611,21.817978502592588,96.96257444244722,6.599518666735602,23.10296696700507,muskmelon
101.5452625435406,31.079233522899447,42.69410876590104,23.437640514866388,94.55322000332988,6.468736899714371,22.36051388696677,muskmelon
101.99888779794621,11.475457178032041,44.237682193165966,28.757054567379388,92.72839057477408,7.23423626933019,24.46158733439337,muskmelon
84.34903630117999,25.71112478005364,42.95230739198826,31.712638454101377,92.17542471993201,5.889125011221585,28.989093941920313,muskmelon
94.87745800670713,12.896847227924555,54.61181933457212,29.3837787407371,82.04039003368186,6.657879691446556,16.89671146274744,muskmelon
100.93294468216892,16.22542132537607,48.34383531313856,24.31364609857648,88.64978497734525,6.113270746844327,21.50902768660362,muskmelon
123.61281046974784,0.0,53.131778569053466,26.726486591472373,83.05593919060844,6.919610832206418,32.99890696895321,muskmelon
84.72353348879992,17.422913037095828,48.81790946646134,29.53955820072291,94.96348011958409,5.414972316400864,17.425946040240028,muskmelon
133.3439634959172,6.498837579802249,47.89834207088182,30.507068818340812,90.88039659274038,5.985279701623376,29.874530884443992,muskmelon
110.94655096504937,0.0,44.37431065978083,24.041557790307408,87.43128923265321,6.115370561325407,22.057827615942475,muskmelon
113.7650284150906,12.79739170403549,49.88546439048286,32.626157156593926,88.32842369821545,6.262347641970312,27.67227396498932,muskmelon
67.06957473124669,19.551802486641122,51.622862932030266,28.492599214918673,91.37685523900112,6.397856942419895,30.401904818585024,muskmelon
123.79820128857781,18.612991035623203,47.71136980437699,25.307106869633444,91.97388650384913,6.129826366183478,25.77967415002062,muskmelon
112.36906842475219,0.0,52.33921587690441,31.434239875262296,93.89051946075536,6.463771006223581,30.321694901349368,muskmelon
91.60333297311291,18.06579518938925,44.80788749735048,27.50135490959148,90.81484811051575,7.195823842151914,21.895034906668766,muskmelon
112.70176695680571,23.229503410135223,53.894326298874866,28.0964985860602,87.75151793244906,6.4235945252090785,25.156405560789054,muskmelon
70.8912656701166,2.8573652084622037,48.18549601927374,24.35760330213486,94.46720214972183,5.74781033107722,15.807727449383293,muskmelon
115.96429532247103,14.180070327918106,45.560241185758024,23.682349923383207,89.97940710475243,6.471348355294226,25.321970563196064,muskmelon
109.11301439565683,19.282855594536173,49.62107625593072,26.369917609885686,87.8396909619143,5.882101274674702,23.26968572691343,muskmelon
118.68150244164218,20.21470328722879,47.8409069093881,28.64198151798098,93.44219767842071,6.954966302225807,26.549142221238338,muskmelon
113.86014557178358,0.0,42.59201167108327,27.41158202126531,89.65042802983854,6.507621165689104,31.72211202312699,muskmelon
103.44802631409517,28.29986533582536,54.2101919025788,27.91512387576172,88.34780813698501,5.667721222441545,22.19386852523805,muskmelon
83.00309069509137,30.721939919933032,52.08303580798408,28.406792479926004,92.35700691044003,6.358856349590587,22.130151688419208,muskmelon
94.42734449802472,12.542552461387999,42.93561240580182,26.40808671166024,84.33285197834954,6.269558820087198,13.817508368664452,muskmelon
119.99216001526132,27.552563545707866,47.71389665901346,28.124400745099326,93.67865019589355,6.132456280424224,21.7944773357013,muskmelon
98.12165539770973,10.37609816172879,49.456636563651855,28.945216058896804,80.99412322949767,6.101395015718264,21.183921674368108,muskmelon
71.01079364031594,22.87379061986318,50.42567855904325,21.411186786622853,91.960592816304,5.705344980913045,22.48571926778045,muskmelon
72.39384044149594,17.867423475646877,46.656012117279296,28.516457988146886,98.72316925686602,6.521255766946943,23.007021796632497,muskmelon
42.808874349313314,22.733395909291946,53.81967461171516,28.432072452562178,97.92731845628019,6.238363695854218,30.426719920270514,muskmelon
107.82067493660364,20.314941471621907,49.83889013012928,27.638661249344242,79.91328122065877,5.833427975325582,22.697851040734683,muskmelon
82.28039112665601,22.91358071672349,50.056469779410676,23.064737767516526,94.30533253409412,6.504931000514768,30.549941845598614,muskmelon
136.81360231374532,10.858689916977582,43.38191695552178,28.455818569313475,79.84229652365003,6.6959131516192345,21.332027716330774,muskmelon
70.51553290338505,6.669975047746968,40.47306954838524,27.591232352307333,88.30837961146877,6.37908284033207,23.180603992878197,muskmelon
105.33045230060713,25.50450537975167,50.46928216686683,30.82668711711546,92.05963313553701,6.477487890730103,32.67434525253135,muskmelon
108.62327450602261,6.276424319248854,53.03421644213945,26.559632721923535,89.31504109564986,6.806496979497093,22.834844865334734,muskmelon
110.25216393681454,16.433762296664217,52.77744951621567,27.70755142998494,91.98904643573688,5.3040060895573395,35.241293280911854,muskmelon
76.49426677148989,8.522607309935243,51.745154170729485,28.203505212548393,89.86328080119284,5.985054570355931,24.14781043258891,muskmelon
152.52344654988912,18.075903046731867,45.27702008793408,34.60444427678308,80.45832106247008,6.18227514026962,19.594335161956035,muskmelon
129.78841352611101,23.908578946469497,52.87226660233641,30.236042132577133,91.12980503744882,6.271599194884932,22.760145764273876,muskmelon
92.43679804971782,11.274176530676913,49.183057435852454,28.090140324180922,91.74744599433751,6.45148789228992,25.911670683855444,muskmelon
112.01218153884064,15.15064865615589,52.230745993694725,26.2739875522368,90.4383536594579,7.5029959693996116,26.389855367479303,muskmelon
110.14114545709654,24.70145307511493,48.6830705808921,25.676499937727055,94.77431950558012,7.3267699594997,24.5707442918943,muskmelon
71.10433326871511,35.72689051245556,61.09398832807264,23.906556043386757,88.50492055217399,7.053475212797791,23.44601966684716,muskmelon
79.89773713948854,6.085283823985728,51.57669807311761,29.657377061756517,82.2436678269843,6.668730872753428,22.716725162536203,muskmelon
152.61283982438914,22.924932940058866,46.960969959959485,28.496398924325117,97.78822004181814,6.2835960472995716,19.842811661822477,muskmelon
82.78717109419978,24.26700776645768,49.156535698679896,22.369118891179976,96.24363371806565,5.6843563656104035,29.01215570469599,muskmelon
128.9982169979711,0.5327055489293393,55.88741876343809,30.712334727966432,84.49313056406407,6.371142592768184,19.250180975786368,muskmelon
118.14389209519894,26.016561615632067,46.938490142154166,29.001655162414394,93.19840932611302,5.356469471566274,23.733889704717516,muskmelon
100.47011597079896,17.905810077670733,50.5926087588364,25.86544156012166,83.82255919480802,6.625780480071672,15.846295232679184,muskmelon
12.226787663320952,128.96641735950783,215.05281175404795,23.574241437846926,93.78962351044092,5.30366024787053,116.00488309308344,apple
24.942891753834772,126.1672228823629,195.21631946869252,23.868642118125766,90.80514176213183,6.42358902264193,63.454428259718455,apple
1.9110904549174563,164.51671293775058,214.4303510608686,18.780218251119216,100.0,6.4556643523105,81.52849695260328,apple
14.318145515067082,127.97903586539691,207.97535563527597,19.398734402972543,89.57493174773198,5.672805335116821,109.5677686140949,apple
27.775204194844363,132.77504061786806,210.7013084669084,20.538527157411735,90.73961505813286,5.80068643558607,145.62983897100008,apple
22.724981631361803,152.43222128326232,217.64475301863567,23.12282755061119,93.78253264729527,5.635254508249188,104.74209670077512,apple
25.021198323990518,100.53426599863195,185.35024070731748,25.740109912669208,84.69222494429054,6.15554895103564,103.15711937404727,apple
28.408615922101106,115.73357991343383,192.90598157706242,19.624258075918082,89.5859309315739,6.0654766940975495,130.90645880478297,apple
27.142598774580538,107.49583831277306,193.55337838419226,21.548623965687423,90.81452507712685,5.860562038852013,97.94978651344687,apple
22.565154479488758,88.77225212345873,196.7294310847029,23.042447586815264,92.09969913584048,5.553734633913669,109.14289544513896,apple
13.216597475787244,120.24172862623253,186.86820561293962,21.16689826879556,87.27604671961629,5.816174588031866,111.48695397004504,apple
22.066493260864952,75.33446760536816,165.95567748418506,22.833529893496106,89.06583736700279,6.179760554193938,123.2598790214011,apple
39.18863654895321,153.75394774829675,162.76312947280655,19.66614978937397,82.78043789855971,6.482230975747823,113.12359154472851,apple
30.10936344479034,145.59144064307532,170.43323907582018,23.36914617874946,88.52342056437892,6.4557176583721185,97.78897483903027,apple
22.409845328348034,115.69192177155678,184.12004628094928,23.71487491967198,91.71346463613237,5.429108233024563,88.33083366212757,apple
29.6357483418208,124.91014304939833,194.93423248401555,23.739544453246523,100.0,6.823201916836484,88.5009782488521,apple
12.015198495507676,128.10030819297526,231.60861422616114,21.806548728771578,94.0922379066352,6.319581147010751,129.94217637518253,apple
26.96762101894886,136.08888811364062,189.46909869410842,21.52606441911344,90.1863945314188,5.713900044206926,118.64015049011184,apple
13.3409264909902,97.38379858287874,179.9670227403711,22.308300171896448,91.67926857712004,7.30775526624276,86.52545410931975,apple
14.923599895898942,136.00178781223337,184.83857791795253,21.711979817926416,90.33741440016216,6.1837982967612835,124.68633392592666,apple
6.685650894212651,129.0403532046633,158.77970894323744,20.7103137332908,84.48016508557346,6.191195743308706,101.3470451640784,apple
17.70386335692615,129.3756147823995,199.8971375357207,20.212941695001053,82.24414482827645,5.594152068298519,120.18137272178657,apple
11.169466704398083,96.7984993614549,160.98554097503325,23.45489146005585,92.03973915023634,5.838837679813016,113.74160419298563,apple
21.29137666552933,162.03905128175205,176.45923348060302,21.980670980629576,97.69236896514032,6.414620951358123,84.29298433349797,apple
18.125557729962917,116.28294254460832,183.19617928817397,22.27766806787034,94.1378786570835,5.883850058738401,93.42111659541379,apple
24.244180388344923,137.78957992844207,176.9328694637038,20.32516137521286,100.0,5.752025525567586,97.493611810114,apple
11.257290415569546,109.03422572588494,225.07683642359265,19.648950694892935,91.82324239338094,6.117964452193025,96.99746453308582,apple
33.267674367141,121.68374369722243,204.50783965747652,22.117514938684604,84.12083492973957,5.451355805741867,126.440782336188,apple
31.8815113481839,129.40276516968908,192.7138637710961,19.767224702465946,91.99094829120841,5.425440910467358,100.79258593796598,apple
25.90795338344728,125.01139330566329,179.15925476086366,22.09376001466743,95.1438755225148,6.595973899085976,107.98582909291068,apple
21.997659442536893,176.50090498153955,203.30698109489566,20.8528788045075,100.0,5.269166671539625,97.34489775193543,apple
21.83331493355409,124.1020429013657,196.03100604894863,23.29835407092731,80.12716187764478,5.7549855037255835,96.9871808594749,apple
22.802240690593653,94.16891557061544,187.98518693433067,19.66198193166204,89.34084960386498,6.777700919398507,116.72609412314813,apple
9.320322876219635,127.31222840802118,218.34178261407862,18.923920711613146,85.36452923800101,5.854687796659329,107.54362131154224,apple
6.918094185247883,106.50371822607897,166.995475519887,22.526758416836856,93.62869628767754,5.791926167618047,120.47004739426235,apple
0.6229278381778904,95.11661507941281,205.52611385928972,23.680609996414926,88.63792425202513,5.784247728094778,128.01728474460566,apple
27.807665858698652,92.33666432553731,221.74172097442477,21.58713031592676,97.91296562894794,5.94092618407609,135.6081801752366,apple
26.621679480926716,147.07734748262197,196.81858239002818,24.72445015703636,100.0,6.040552046049322,89.22356799929574,apple
18.286827482936516,153.68121997342797,209.95771506570034,17.65633730577106,95.39847644941176,6.200468746906398,84.74938403665145,apple
29.64177706303463,153.47293357979078,198.97610690180596,20.819551543519736,94.9493364462878,5.772735078028139,95.44170556154239,apple
29.065014972278725,169.2832858386189,204.01429634925915,19.917025381345155,86.4850491713475,5.437144950221044,99.90901570897074,apple
24.4928404556925,129.37927372565227,201.16954613423013,21.304224055082294,97.70232015959704,5.874345270128613,104.0024732805958,apple
10.053749169030976,91.96827481259419,168.9747473186421,20.922604295376814,83.43968560081791,6.099638923620571,122.16213108261303,apple
7.140064244630235,105.67309589203396,185.91045674907417,23.5463475653917,89.41505591428027,5.962623466494952,110.12262632746526,apple
19.788311177237418,169.2373362943602,204.02175545048334,21.799068527465508,89.4086346215719,5.684867592930763,98.15085905368812,apple
36.02662276359581,111.85154186269304,214.92493807696587,24.9496465472422,96.61475264469286,6.765798335042507,130.0413742057105,apple
21.36973170499701,117.87206198524933,199.77676411085432,17.181695540805052,85.40443085345692,5.6249811051939105,110.86155136543556,apple
34.06154928369219,142.21173384895786,205.49488658820206,21.427291298921357,93.03320139303223,5.550014504551081,101.29356852614954,apple
11.494352167196274,113.99236476711346,188.08885648424936,21.13834498336066,84.28437715105419,5.764952829746029,93.48453655167768,apple
30.65496016774862,130.86817353301234,210.77026803719113,24.363474607439805,94.03500416550135,6.5696358874909935,101.62801397766647,apple
22.216477129283117,95.03349346863472,187.6678070402918,21.915166784219096,90.13335019383182,5.97714611050647,143.66532201859312,apple
17.857717927130732,104.5877370536293,172.4261669125999,20.1650339711108,90.58401728141291,5.534242619778122,109.99896053355182,apple
8.266932565548778,121.93464293980956,229.01178203464758,23.702735576634527,92.42481424036478,5.504934818321466,84.2343229720334,apple
15.015533240970758,135.09876019987826,174.38461323316074,22.705136423432645,93.25868216476684,6.4626373651217355,108.65289903312693,apple
15.611882342384721,153.88003126103376,199.89572777359575,22.392173750963867,92.59447908389681,6.377382553031014,95.9077585017153,apple
15.125162667326165,123.80447004856998,195.26191554610566,24.358388038192064,91.44615957059891,6.556034233927976,124.86675411316374,apple
24.65817119034475,120.04142102358907,230.13729865650953,22.24802055080495,92.14847728531694,4.984809317783711,138.78359641797067,apple
13.962313618757836,152.57293479324755,212.5894438124493,19.64961802679652,94.85346240526886,6.40520406157575,106.70095833526346,apple
22.269959417342566,136.54903727773376,211.08346964284183,23.455672269747765,97.41280978384312,6.329265592210257,123.80447152082638,apple
23.371541038915097,118.08057888089638,225.96334487080367,19.99373867600871,86.60561356593445,6.245255407422224,130.96151159374244,apple
5.974656520070177,164.54618036910523,185.61895993293214,19.5751226238484,93.7345886883906,6.683106402233879,102.41140205648489,apple
12.235362001821963,110.05153975871325,164.15907008349552,17.891151487536273,100.0,5.144175888550892,132.39463705752559,apple
21.4057738402464,119.7775426421071,180.90732275888348,23.53527604753772,97.18370839589369,5.908520979125069,123.42991891983218,apple
22.0267448475248,157.70809600974815,211.65204323428986,21.90623125564875,97.58603349635325,6.166514147253693,120.60976760214233,apple
17.54704832397143,146.7039347345494,163.05387320817417,23.007171200252394,93.52421390087844,5.290411987315235,109.0522745811949,apple
27.810818706602216,133.61968564130865,184.3351250062732,18.619234354284597,87.1816549382448,6.522660663822631,114.07302888903484,apple
23.42974897662404,131.30003162309774,202.28632618362963,20.60470910173558,90.79961131591479,5.608319322541944,89.09847564925818,apple
12.498515722442754,129.2304599719095,213.37210570646113,21.12072169266124,87.40444257129255,6.368940715861078,104.478318126558,apple
28.850198754086044,136.26136072491042,172.10110765866517,18.950035058327472,91.93495351448276,6.021240827188149,112.23975138674403,apple
10.398194072723479,115.13319964736044,195.77298807652713,24.95947323201183,90.59610073391353,7.036398049957229,127.47638054556145,apple
27.815737508273212,138.08553389601406,250.06775579307111,21.575277051383342,99.53866677441711,5.20363166147353,138.42088153881332,apple
19.091388209702092,139.95485541184615,205.4793470949605,19.05086180402638,90.56055031832607,6.102719952090644,112.50169215462283,apple
39.8161274141422,117.8203245148981,230.26620261451816,21.296982533662607,86.46753119018173,6.6918863167537825,123.84388232390775,apple
20.642189453274852,157.2811174936289,245.6248495214486,22.745495803751556,91.63251679946696,6.132111191466498,140.81270926899012,apple
34.67885139092411,137.58890453026032,178.74175307590468,26.857924939907026,91.68315267918722,6.416840399095192,98.73675530380422,apple
29.1500736058038,149.39294278058543,230.79005281219355,19.788717458875798,93.94249032641407,5.355337220372264,117.74866438295996,apple
18.823627975818518,143.66344964633134,179.4063387919788,24.256500637399217,100.0,6.125892645007125,110.50490832841507,apple
23.498063986788214,140.79187515857421,195.31390384920195,21.43418077996525,86.62785753201901,6.60332635512509,111.4340854902873,apple
29.91712575894233,113.65605830083939,202.7484508021568,17.764790950088305,83.62371828858979,6.496866243445063,135.2876926588649,apple
13.883974351200747,120.017239283153,177.89590489339662,22.372131400278107,86.07130845888783,5.701887700769724,108.21069536019749,apple
40.30714071665584,116.409959049201,200.09060576901055,18.7936109688686,86.0962753853714,5.635410404945835,82.33225668519822,apple
49.07602426783599,144.73777035674843,226.87419559895147,20.200907444202844,95.28650754290484,6.181826067120151,114.4563751395961,apple
14.690979947270861,141.77543479612382,201.51284005788017,24.120488535023938,99.29742802905596,5.654707387584461,111.22985374551762,apple
28.437222055400667,139.84585811457032,205.2768785636632,23.01989704874405,79.70659938979955,6.3180815897552955,105.32069204143784,apple
24.048464210337723,128.2445909139182,184.10770989108002,21.16398163523463,100.0,5.995734621259723,117.19816541439207,apple
2.367350293554722,135.4171781503623,204.51184712381695,19.665706562856414,91.44263117585874,6.293650089266333,121.90168991834038,apple
19.31680172551549,129.37120848776706,192.59295514267876,20.55974516767779,87.67445463761595,5.969724735078355,107.80379436658895,apple
22.949549624047513,144.53248258026227,234.49690735352607,21.931549415590418,94.84649824243502,5.252092363197865,76.09474806528617,apple
21.51509849766598,136.47725688573527,214.4836069786507,21.302571664735925,91.96622315901124,6.047414846065798,97.52906746896119,apple
19.068148649851043,94.5774377174354,210.84477173012357,20.744515534140042,88.91535735715114,5.683976285861947,103.59073928348818,apple
27.73611265128327,118.36872672912784,193.99054963330747,20.096825092701344,93.5825469024149,6.226192040014641,113.21252828992873,apple
13.167636675829868,144.77066977301783,235.14678457400683,22.692817541500762,96.4666426375535,5.882695043641055,108.27968828131407,apple
17.252235143693508,132.31379513788863,214.81472064001423,20.840759305485598,92.07250483075724,5.648896712692259,104.33856662785432,apple
9.618039878203131,139.396843441828,176.66137349316315,22.184281247419587,89.85519463782343,6.406922813179129,110.45089041875177,apple
24.76943486779995,138.75231749234166,200.45731592359346,21.395332315555248,92.06650059593332,6.866128981224223,116.5637033930713,apple
19.60467793160692,154.05165475934285,171.4001198674401,24.52743180083052,90.40307420518239,6.522512641280193,134.94190413765423,apple
8.672482791000078,126.53750567211581,211.90767798721126,22.199111388452224,86.44077792135916,6.186451417031625,131.97989577190418,apple
21.051896150445184,113.86964686455383,185.55296784559977,21.24238481441504,91.83987243048058,6.863155964894097,82.29167391596307,apple
0.5432094557286931,114.85072556903313,217.66069331562912,22.8424737243389,91.17041894055285,5.788344106513843,120.040013374654,apple
7.298245829657684,134.47248248276057,225.42745047910367,24.858263503014403,96.47411635789005,5.732745941861999,118.02881912582733,apple
21.62798121540925,123.36594037349356,204.18623919412678,23.92815770979512,99.20029943384453,7.110791486107071,124.25711350838858,apple
40.18828988748664,127.79062929516103,185.41104903567094,22.62965102447559,94.65466046530176,5.08445294982829,114.9670026245921,apple
6.34155803767513,124.17803789403649,182.65208020142512,24.209378435069745,97.1632183055393,5.329627418006011,83.13873534760842,apple
13.45049666421607,124.93615041863934,180.20857602398627,25.861930133471848,92.02773506631932,5.79023697217231,100.15992597837285,apple
22.85274159439247,185.2457733301395,207.79574106993792,22.110923965985663,98.73937539099948,5.51615296178862,144.21648549852384,apple
41.51388887134366,89.67879507396353,192.82964744618826,20.832489497473873,89.56423128792763,5.6926760074889895,95.08922020602239,apple
13.724320547515273,132.64400269321837,196.30269760382305,23.242660781490876,85.13137807279995,6.7951681694518715,115.45634133207011,apple
14.405909876773183,152.16472750578788,197.198203864438,20.52134948856099,88.51245096466481,5.579556081304569,100.23915146301756,apple
33.642613331559936,144.1798350800937,205.8047219047776,20.327074333956357,93.68089637135456,5.866908491281894,101.82692689529634,apple
13.360314928385787,97.66405114816301,209.08632026199496,19.367959730802678,93.28909134145471,5.7042755178680515,99.27482965389248,apple
11.529748379111012,122.25086710739922,196.82550690244148,20.478719644616092,87.9113048776922,6.683350217098881,113.56773322318267,apple
19.43124579090687,107.84735577094173,221.6271900087884,20.360489857374404,84.62319975431285,6.832140664629887,115.51954813037771,apple
7.3352726963110655,144.77877299340417,179.55090109545898,23.578599300522534,91.77981249479005,6.667293160866162,97.94281097268099,apple
2.6444902423034335,136.6414388826355,227.95873934940587,20.85903050590498,91.36292104125947,6.281840830326519,103.56415122901294,apple
0.0,105.9226887841615,249.87750201800492,20.64972295343289,89.59343147987546,5.4051246606925885,113.75848423273085,apple
12.26108165288393,141.38267200407975,211.70036235613844,18.836811660030268,91.48619198453378,5.439851945314137,110.2412490849496,apple
19.378552781263092,116.37079340941199,211.24414744877805,24.94174145481267,81.19291332374632,6.398655765309654,137.79822393532854,apple
15.342247282406067,128.73139561336646,200.48800857288643,18.957669064547506,90.56984530021685,6.100877377533559,117.7811170198916,apple
22.68459379514749,149.0908496893695,224.6535069713981,23.415536879966798,83.11707187450256,5.711020491096266,94.92012916752628,apple
10.669564713057873,129.4523561220253,211.6348961730644,21.202581594680883,95.90185537672022,5.5627015017755985,111.20106734050125,apple
0.7436297171106006,148.22311693337826,176.52829106768365,21.76843197633807,94.20491244918462,5.783965069549152,117.21076857679073,apple
4.42979212903434,128.1861841098076,196.99065039375216,23.876534279816063,88.05468189065385,5.281924929101167,80.39227797774188,apple
0.5884663291632108,124.69112065409833,199.06251711372673,23.387173213173604,94.68922549729939,6.100946842867256,105.73312354871221,apple
13.164396993230449,132.99658953572353,224.14924748199692,20.60230696227052,90.75864735615751,5.915359514407025,99.25043308821353,apple
7.897099919243637,124.42572577668963,251.47368805879302,22.435671814839004,96.78398943730834,5.389592632202721,107.77215871303983,apple
24.325618168098778,126.08326556904187,222.977812289838,22.39495195827885,91.94956668110085,4.980136334502323,135.68014236106242,apple
11.16229598878361,175.52396760421112,189.28591553610374,22.578346907993787,96.65334668754471,6.122114383564112,114.01172354815584,apple
31.16070485361601,128.56411171361555,202.96141861646765,19.975284993662076,90.88704203629716,5.636681107921329,83.54610459362301,apple
22.384040580011124,136.6392616179279,227.47255684661766,22.364783161299407,97.94272668402138,6.212451178562502,122.13630258620174,apple
11.90454961095,135.81306219878846,213.3959236887688,19.343411737158643,91.51587518121043,5.897227946525347,113.18141269930051,apple
40.25769887736301,158.92530900276344,175.70445425176374,21.220413907884492,100.0,6.440766202735173,109.14198319127932,apple
32.613752572995146,150.7626218889402,240.52990558159937,22.056519346848184,87.24854129678957,5.552330004395657,132.24100424928096,apple
26.87919018279669,122.76469797630692,198.77048253776053,26.35319228218152,89.12192793946996,6.592742792909037,111.85128284251121,apple
6.053534379641031,126.77771436578168,168.61304240153234,23.43603925074046,99.91002701632002,5.76753625089691,113.61008961910086,apple
23.478662246348673,99.3907799780342,202.0666087591289,21.76979600662554,90.67073848513947,6.030053026171089,97.83419954392991,apple
22.018350964217717,109.97234106128653,194.66641590710532,18.29926645378049,94.87865693342506,7.057960575650707,132.98712818683524,apple
38.528118152933814,128.47557853058788,195.13421049550743,16.988828441305866,91.25104494896598,6.270107644272557,104.60956342028238,apple
13.461187226984826,109.77993278515709,200.87020912851165,20.20801595180869,82.93990376779126,5.650322648824876,123.96825065575788,apple
25.848259823748602,143.4849743314913,201.1737441004166,23.889836063375714,90.39274184681848,6.796876413773233,96.55907324346862,apple
1.9930809812463615,105.22657457736737,197.8338162986873,22.220646353855628,97.81399404686543,5.879727127910701,108.29987707702264,apple
25.197237970497387,115.17450101870385,217.35947513098836,19.966762604203296,88.30823807173081,5.696167445584493,82.4928549700383,apple
15.843861782054226,134.31270756055417,207.4091783953083,19.50298096492479,85.23445222206088,5.851706708803502,90.95460695933032,apple
17.20535651000241,119.91998457806237,182.49907428568926,18.668915001044752,94.19290909515598,6.096534126006346,115.39656713797133,apple
22.948131275963085,133.69593739692783,189.69170448602972,17.011354835882507,89.39665731575664,6.232140265277467,120.35277309741116,apple
21.04936743824484,112.92006338236546,244.87067988409626,20.538370417588315,93.33599102255963,5.36846957529695,105.0398789880096,apple
10.986136239024534,123.71327563056988,143.16142590296462,24.74944960988978,89.0816161562061,5.620460988914334,112.28953056591115,apple
11.687628286868499,121.3817300126997,188.39842287786513,19.58450637756598,98.8900653277673,5.797672858309526,88.9712481476918,apple
5.861158789660898,120.5916669182168,233.41255579302938,20.29619010040967,82.95328047717523,6.972063845903701,122.24406058860961,apple
21.104644990269012,128.89480786854614,164.41746691797863,21.17063518355871,85.47581521909424,6.264408816574844,86.97228442401159,apple
10.322574154231484,112.4375320951909,203.33223144247762,19.490794083254947,95.86413421792888,6.113770599757987,117.06855978245811,apple
17.54201777338988,14.741934256648076,0.0,17.088819075735582,88.6010705249571,7.619630455425769,121.58990479757553,orange
14.651061544510409,28.928500560579074,11.557995207658772,19.64621358900161,81.25592427667237,7.214368395505576,92.47596499300272,orange
0.0,0.0,10.158693023028315,7.138952391180013,93.08212083122685,7.41576945275018,119.5954084360276,orange
27.466986729999068,18.429947320060805,2.4771445408434154,15.126441871671073,95.6477728684498,7.385138111977334,118.55327742096284,orange
2.38286331865843,20.659191475620542,8.272338088070557,22.101070867985534,86.72000594156086,6.765238689586861,98.28785297919629,orange
41.292985365697966,13.794365032543185,6.690251108019339,5.992625663542604,85.21317150860172,6.888159373735834,106.57866335943238,orange
11.484311414153701,0.0,6.846302971735104,10.904045770506746,80.35876977562022,6.591334125896235,120.92751926880969,orange
24.57165514409174,23.128647788108193,16.757132674124563,19.870563979606494,94.75723238994465,6.896431281495107,126.67837169172245,orange
24.75216363138984,0.0,5.138683624811922,34.15322010014839,93.92454212699029,7.307473781900394,93.5177008051331,orange
12.403671454488496,13.10271687413131,12.03690924899587,19.33506014748692,91.26704908451676,7.013528974048896,136.19778958162343,orange
21.00151942092443,14.420117841102044,5.268835454531674,28.3635066647239,83.37388614184816,6.376547220079772,119.41920677872386,orange
25.32734684327548,13.923942720783016,7.595403702974929,24.123577458577355,83.53752415929421,6.744307641712644,107.89710017094805,orange
6.7194941418502125,9.181635481592608,13.375220353294086,19.200604458396672,86.34947799028461,7.121802089341385,121.8126898224223,orange
32.62976763895779,17.35522773249649,5.234344115894149,27.97917789987222,96.70749621141869,7.249082156336234,106.30528308742778,orange
9.899179985088713,0.0,21.17782577363222,23.362199150599007,92.98992630474454,7.0671921761667775,106.8687275617217,orange
30.809595798783135,1.2586795339067525,8.082255564373803,10.53969378087677,96.49361039753062,6.842206966280893,104.08353597517315,orange
11.520789771976268,3.6681794939735504,8.58444725184476,35.79997580277424,91.34955311514081,7.44839651808824,113.53430801903713,orange
21.13279140833252,20.846032320748993,12.685639046877128,25.250439901357094,97.20839172744819,6.32073470409383,77.68736344864092,orange
15.81196783139864,9.135248303056901,12.673587016808137,18.698640189199757,97.49778903948511,6.821102911646626,94.33546576085585,orange
10.114379364057033,8.912075330681251,11.639369342738142,27.54228013540166,96.40678886563362,6.1342302269111375,116.33737378772213,orange
18.95608666672797,0.414104544370705,9.629122557251813,24.919892514837827,79.69222250991092,6.746472700810783,146.2517089290365,orange
27.817608485049355,2.0552072557399743,14.21830745456369,16.18513051971046,89.45775495406734,6.719316440833872,121.22133759398739,orange
25.448605270998854,15.36351728359248,10.018738883729903,28.5843122802317,88.92995033906304,6.934687893698626,94.55284295943005,orange
8.29225260663803,3.737904060779794,16.18234076033742,18.398491205813656,92.63421188868855,6.410800960602934,96.89269659257249,orange
45.849271346440794,4.721231938668547,14.703236818185376,41.02717895024103,86.65951059731688,8.194330437859564,134.80896170307716,orange
14.964886053095341,0.0,18.37639992234947,21.618147222642833,92.34847194668245,6.86141563440958,102.41088789070137,orange
14.473468949689655,27.17620858046064,7.654543876668679,30.265745909007354,93.91971863657398,6.592990119250678,83.12075785227015,orange
23.087783114829296,9.674297334202864,6.547659213199877,24.146277806891362,91.02052923776546,6.0706818612537035,116.10995066504431,orange
24.330155297930588,33.03516403767457,15.242311661777851,15.469703063839134,91.99871951216224,7.222229381954023,113.42259258782815,orange
21.877284937016633,20.63883730190526,12.769329415716301,25.928298883370775,90.54143215838346,6.405851617449254,105.52648806739543,orange
12.260250037785886,12.157176525130852,15.142244182854988,24.62474295136491,92.41906544507533,7.004248798411186,93.76687251591395,orange
19.524374952876926,10.232190119720315,7.080101679018428,24.84944470573555,88.2452865661696,7.83823697552279,106.35010557905235,orange
37.43975418545881,0.0,9.433779577686218,18.592621182679878,93.97007933325324,6.658567335618165,109.3218872330927,orange
11.29890597128876,8.103606668771867,15.273213810502906,17.79867638955045,81.00592612314438,7.253472519533904,112.89076867226515,orange
12.506460373165714,4.379416793907428,12.823322773583657,31.39730922905886,100.0,6.663327309980779,121.44992728078347,orange
29.422235231097247,0.0,1.255982840126748,12.437883148182875,96.11560315493766,7.185821985205252,134.0166521003142,orange
12.967210964560245,24.732175426828363,8.325049902463942,24.44320321317794,91.53807432132263,7.921830875281752,119.08768921318227,orange
23.19057352261105,0.0,6.6809936190190555,24.093549416862153,87.03193352262052,8.346859436818495,117.75455887668602,orange
21.73074176072094,25.00326370452936,13.30165829548589,24.150612685342765,96.25694411098974,7.51164788440617,105.6680523241939,orange
20.5111663863564,10.884074901543272,0.6695448328542337,15.852524550799144,94.66821482181226,7.114774214018069,101.32211607764056,orange
15.89949433026582,4.828394411788803,21.100925418420644,19.034243984036824,93.64183882392132,7.796035279284466,95.50475016787809,orange
8.906257933560815,13.092461973756993,8.59143729884146,24.323247998760806,90.53900749136726,8.118089091580572,102.83240361694621,orange
15.668103513108264,0.0,2.1162868148764957,23.78627435885673,85.5058982951382,6.920699384185135,106.6623723397236,orange
22.7365282937928,22.15096557742429,6.706833242666983,24.277308445551466,90.63173318128565,7.672351292569252,122.92130622360646,orange
10.888101363308326,0.0,7.7796492894555715,24.09616891444603,99.02829582923358,7.292798973040244,127.12203185322622,orange
10.97873499796772,23.210688240128505,10.777163336911222,13.045986701026894,87.950266359934,7.55902051610585,114.55677406471887,orange
16.367363347803575,0.0,15.152201793183842,16.217700211313474,97.63426548158135,8.05994446366286,119.7961244682423,orange
6.307559254138033,18.482735179068825,15.610068830205126,28.058625180569774,82.62648048746195,6.912164032133215,107.79498271758466,orange
45.95333572064101,23.99606183970022,10.12707520292721,33.27552078175986,87.11375113234672,6.863071978537324,91.1831128207417,orange
26.2924551754721,8.388313752526948,10.613174051372557,16.70822393898467,89.92149484171432,6.725120061054543,113.15729623234012,orange
25.69256083795019,28.286783751282886,13.190492125924408,18.158269246929915,80.08952782212276,7.467110728591047,112.73402732810786,orange
17.27876501166645,11.95780488506987,3.06735543329809,11.12615147385317,87.51466058148469,6.8685513885345,101.0118173794281,orange
26.840411989110873,24.273365536254957,4.1139720095890535,31.494570142794924,94.67859013835157,6.300986580570508,112.6001111189747,orange
19.330406706911948,18.47239972235351,12.932786695396818,18.61960638536159,94.19919569985127,6.7642897640647375,135.28152905209467,orange
19.31986451588411,22.777641225334662,9.885853934384713,20.38151082853063,93.14143885187433,7.065822061800951,103.34038999920023,orange
2.373664211448162,10.000133322961851,14.21736545873793,14.827533063894354,92.10488386554171,6.988743364866429,135.39963535164213,orange
24.164147651134833,16.18256932235291,10.235012609566398,21.73997603716169,93.5897609306499,6.986303242580967,114.797080006299,orange
21.688044796083734,5.802886427084529,10.287119062589674,21.5071608826209,100.0,7.176807057963107,90.69124229792212,orange
25.313771874619672,23.227325542962056,10.957846541869367,19.007213035468443,87.60961043914729,6.9058264173909345,121.96974462268565,orange
17.551875407869392,27.01918469939047,8.599369654213698,24.400105291147298,91.74223121136382,6.813353927370135,83.92910777335163,orange
14.581461179081838,0.0,7.511574599959532,25.406780601482247,78.84662092045218,7.610599545269288,117.01138268591757,orange
27.723465147763093,34.81869314932809,7.027626873663317,27.48091741133969,92.14781724207953,6.896202767671722,102.65249113153975,orange
19.59423230256926,4.762363061506621,12.56070449447083,18.13366292073083,95.15868279417604,6.741236001746734,130.7245944159064,orange
10.567132264947624,16.926799107800505,7.783463709730535,29.679328252325153,86.85730719847652,7.459750847349337,134.38128632333508,orange
30.646322270027596,11.744877296581093,12.948436899843825,19.187218307032893,84.9001911588886,6.426491361791604,115.48196308082579,orange
12.303330603537118,1.7746269575345934,12.89788737170412,33.059497022671,88.52123504401649,6.304545075017691,97.65182110642803,orange
28.389013489520124,7.669554073422522,15.560294203352985,24.113400319518128,92.08665259765434,7.434715642989216,101.23006482632448,orange
15.163627076743541,18.433043275964884,12.1251662746465,27.631595953548604,92.60709805984658,7.236250000740272,104.6823933058436,orange
2.7778638991900273,21.97381818178544,19.14589452788757,31.51869326591909,96.77568097482005,7.618631946556888,117.38341830646749,orange
29.699464289560876,36.66373655069887,1.4163307780104706,15.141708145426946,93.3191493957655,7.6978080023234945,95.97954821117219,orange
29.56030064670067,6.953844769396175,3.54909523946351,38.60086581491757,82.31976104053966,6.486905006037084,117.14127006501052,orange
6.804082287263128,23.2783098805007,10.249507617744737,21.720211753165295,97.49219385064927,7.3987886654588255,106.62610989541317,orange
36.95210236322217,6.6434201679178635,13.903772248184305,21.907463524685912,85.47563773721569,7.204441971951458,99.55770868856067,orange
16.937615516791265,25.911102165655496,16.91640100460582,26.669741274858605,87.01073067114092,8.3742091575079,116.72891162636624,orange
26.27452319468187,3.114834684611804,13.779994921162087,13.72258798713408,91.60516192350099,7.34627984258493,110.8618254664556,orange
24.17960141844941,0.6971580115261666,12.243116022769085,9.95929980265399,87.3860472446532,7.646073724493804,118.97282004595957,orange
19.969406324797045,25.618170813907177,18.714712152888,21.57720892279116,84.43914790526156,6.666627540427913,89.91250273769273,orange
36.946783721817475,29.906163032618558,6.393621952362754,26.747165785541277,95.11132764220196,7.567605897964594,133.64871700231336,orange
20.819504459388725,27.81486814649628,3.134444368893229,36.07373787689386,81.59803938100595,7.40748473120255,84.58297230923404,orange
20.84098706864301,26.794972089836847,18.36834420945706,29.632479712779848,98.7253118823592,6.1219795552934615,121.51763301827803,orange
12.491611824837005,19.108935801818117,5.919356721539223,29.992599280184056,85.65642358812342,7.162958112905899,114.74527922826424,orange
20.727183895464755,8.92104834788769,16.830614969654782,24.92059359221029,94.15230552523576,7.429959080087406,92.58601460073338,orange
22.20927378528183,1.8542876653979352,5.592573483333308,7.12456344870464,91.87521044521834,7.440582172917569,87.06176675244367,orange
18.07015142093263,19.160748701109604,9.594626262766859,25.2936319571354,88.85580007453865,7.8667108929968705,122.6420882620454,orange
23.92475562568317,11.727832338922454,5.499368645324419,28.575571807979692,87.55017330807506,7.609699804778232,112.30430675075101,orange
12.097186420360714,1.0951384341019477,14.65068330008478,13.117243892955324,90.88079151221199,7.432527067402575,90.88817911483187,orange
19.6889850636631,27.75300333626151,7.512925126682583,5.0,91.671363794757,7.479189658936271,122.6860249197781,orange
22.529026338772155,8.147318535885773,7.764753142723688,10.94346440747049,87.7161208035854,6.517098872712292,98.59801637055511,orange
3.043215679810448,9.43691975829761,13.058559186188166,22.859659075145306,93.91349490632182,7.037541961222129,104.59536477752918,orange
29.199228122153162,7.092774135794339,8.456049702030171,26.897754128928213,88.9162807240125,6.945505511262349,105.19274094839915,orange
11.026037021739883,11.073097460575827,12.73557664352116,20.668814870109596,89.42648622677399,6.869864276117615,87.61369040188313,orange
15.133862592220485,12.348436426833517,0.8098391838890588,12.95316259794302,98.1072325910373,7.128371033032431,104.46013255338073,orange
19.611396996278845,16.628611500137755,7.200214145723061,26.363933675067045,92.84416610913512,6.431016556801202,130.6207579234421,orange
35.99787310539082,29.45512851812608,4.747794376148194,26.22030270870846,87.99213990593299,7.262438915992744,115.33655418946978,orange
22.87085517875233,16.251086665900075,2.756574854253911,11.820208515119168,88.94125940308501,7.19013066281105,115.88627349173274,orange
15.335308214779637,12.13687323041946,9.479611635135742,25.925004898823858,89.88450459785629,7.069909339622158,98.59798120611174,orange
20.8075321363423,0.0,15.023096883146522,27.478786011002576,94.37686247701846,7.7519629164113235,102.54560387655484,orange
19.45662135234641,13.206376058051926,7.065209479162399,18.874909399475428,86.72970725596953,7.7834348614822,113.98876242083313,orange
25.455683431843376,18.796709945868525,4.171940519106796,22.438988805857967,98.7823956163385,7.599211470948455,118.41739936105424,orange
24.402212597084493,13.177678508077406,0.0,16.71947031987418,85.8556207944169,6.497725757432799,99.36967393693595,orange
16.292589225728847,18.91237750027854,9.944146008301763,24.525807142861098,97.87936689001111,6.1858783160902755,102.5998335128272,orange
23.366764024691026,22.87655293328436,2.574704076538893,33.21214772662797,87.19881393009837,6.625986288072234,100.86661622797827,orange
38.30037350902745,23.544570247194137,14.351339745695729,18.375148990421433,90.6941113917057,7.516543792570899,122.77003880913556,orange
21.305257135606748,14.925123344997093,4.718599933741679,40.04199118061332,90.58421485730436,7.263386399943672,111.19786568529385,orange
22.1654911980057,14.59973327967159,7.355304357287721,8.661211327081375,89.3799670280901,7.546159284870425,133.46520329642408,orange
22.861779258487765,19.69203877846334,11.595101641097118,23.961445207729568,84.57436261421122,7.236355393849123,112.81487688236568,orange
33.96472662409188,11.276626342949905,19.24794676059995,16.220528293519187,94.44230659675756,7.223165883967429,93.57331973243613,orange
37.37417387375609,23.90717561681658,11.127087121137315,20.38147809214064,87.99235747541508,6.455186743447906,102.03087786454604,orange
22.212429964987283,13.817541057316319,11.07977438007764,23.97565106010697,82.32271254051155,6.855645517660218,86.73195700860016,orange
14.603811080194482,18.686925659966438,17.906098478343296,26.252720592486984,100.0,6.792000628361464,112.55702650899372,orange
5.519636470233365,23.315617227350774,7.705417984589014,16.15435096129736,88.249992859578,7.096545903660386,99.86619616933122,orange
19.646724619358004,18.422046472241547,18.318229111145655,28.00641644315893,90.66099949763952,7.516762136389108,108.6289636584259,orange
11.555856551704943,26.621205185541264,7.926945351169391,39.44573841078399,89.57082131007512,6.892743974489935,118.83487582191108,orange
8.637965953538355,13.355634486973235,5.586323618979624,24.5385266663529,95.27761465763086,6.671197189876717,109.23202452605668,orange
29.23816807980844,0.0,4.239189968709189,22.227981483445173,90.5876256100787,6.570177685404077,107.9019671846514,orange
19.042057511275118,32.31630324021725,9.561715519924439,23.380204384573172,94.0369975594845,7.060164637750017,84.53734450777563,orange
12.495715139726832,9.535367318304804,5.196226816381197,24.765418212622205,87.4780301841156,7.6743406848111855,99.66508948901632,orange
0.0,14.194048666308472,8.346341816043635,12.222331704324706,96.75412662816942,7.300488810351819,112.82664906842629,orange
19.080391609348307,10.742110333987856,17.422804348176733,16.31356572736194,88.64904965036558,7.1626864532449215,120.70456983405653,orange
19.37753010882516,39.170736088616586,3.270845065202371,26.592277054225207,100.0,6.410969193289716,96.36833053007226,orange
57.717848144842435,12.244787000516938,0.0,11.404008049738934,86.15635528103961,6.908734647471217,101.68840151606493,orange
13.038244624352373,22.188234006507713,8.21041184496225,26.829058707104643,94.36584747205005,7.179246940025629,119.3462407272248,orange
20.445639996516167,24.617409916638607,13.06417008112949,20.145927723481453,80.48465002369932,7.228496953026364,110.1270202723151,orange
20.92736944752483,20.32922219722257,4.406247177502761,16.032486631843906,100.0,6.570368388210299,128.51186717495494,orange
31.05667945813771,21.491956771470115,1.5812723803920399,21.754632995834733,97.16738692978234,7.229834906911023,107.49696157844349,orange
25.723731042109414,11.780255820197223,8.59885625747778,26.71053824487354,84.75732280049937,6.725489991535244,110.94457907720621,orange
27.012434961825768,0.0,14.561471053109397,14.95192659265127,97.15680712107438,6.765713860670412,111.16731814850425,orange
0.0,8.487298406746532,7.895352444742128,18.50874773152853,100.0,7.224358046484924,101.8813681048612,orange
29.618411288091814,33.385735351655825,17.39835205556936,12.900067714797581,91.35850750796625,7.007060177735108,117.60392069419794,orange
28.02752505263199,9.954334984961713,12.32546967928748,21.789434931440773,98.05638576771436,7.360330919469547,96.25161419440157,orange
22.96536707178867,19.495121721773316,6.256610533657335,22.859038693085846,86.59424807823744,7.252538794977899,96.03321256125137,orange
19.69594731835842,15.539143705088673,12.762539117523248,21.2363728120828,91.18656270517708,6.366751743799672,88.5591343747795,orange
21.019323601963336,17.38036249978893,15.34964127268535,23.645837202071636,97.24809825303934,7.603102642068901,89.93475998581178,orange
26.814783308967453,0.0,10.947293510347206,21.40946833654197,91.34180836261115,7.54719837527064,83.24022477722207,orange
13.426866359562156,23.517812100721507,11.98821072906286,25.388598230957427,89.43570937257662,6.358602042769081,102.305514665715,orange
45.996292690894975,10.462192435387827,5.178247371887284,20.165800854764434,84.58825014179541,6.9556288058934275,83.44054782027706,orange
16.72773373792072,15.55647698597981,7.490525146589813,16.03194479972371,95.5626956170013,6.577607773529529,112.52137715005969,orange
41.06538168124863,19.987506420379795,10.829028455850366,25.592438063618886,91.32126221723415,6.870634461585182,120.99907007882749,orange
14.510804335082849,11.76896464031367,10.94401710336317,17.736499576851177,98.3819775727417,6.267896136640336,106.11552568093484,orange
28.993372179259673,14.716914057855192,5.938527864735866,29.38403714898837,88.7751800258522,7.245706287145092,117.47834798987245,orange
26.471790932552373,19.090041250862484,0.7751872872077268,32.035075819596116,98.75008243916373,6.591789321647758,135.51920438850024,orange
23.317949545873738,9.673722213281003,14.516983541219254,22.719207276760415,91.90653198452974,6.594140683431715,88.52170712766484,orange
14.893606179468822,24.807365854174016,14.992451022369146,22.523474371964973,94.56476342780867,7.54951883988666,126.43077023609119,orange
16.92662890516332,8.843492205322375,11.094261309854252,10.917395874454034,92.6760612766572,6.894640264479766,98.8187201217691,orange
10.26207784266628,1.0600696174346496,10.509860405388189,31.365098198072538,93.49111927341836,6.179835158112972,138.6567946232609,orange
20.44740603830767,9.381729603756618,15.744061430085905,19.3739982983676,92.57002926325193,6.922493520329394,102.31921285074442,orange
8.244925554567486,22.041061188435577,1.6948827656778338,18.783146455070195,95.58367145637636,6.621289532556718,117.47889932986674,orange
16.570061477003154,0.0,10.429182381428786,21.904816318611246,93.53014740033794,7.6740890985736705,117.05350105826803,orange
21.346679627035527,20.048299649210044,14.495538838743148,27.93794538954953,100.0,7.319399722903022,116.85072552392472,orange
14.28508276533963,3.0749122722679534,7.107673510798369,29.17811473494898,85.86159082499928,6.952804104071499,135.28662473999907,orange
42.50619532588893,61.78973222444257,48.95162235690874,33.880647680408664,90.09630373726607,6.58186600038222,108.28769773574592,papaya
62.06798821724017,40.104069162568024,48.752418685568074,40.83579093025246,100.0,6.760904371759308,45.66544941233515,papaya
46.977030304874205,71.46883200702861,45.80798407067962,31.219590150953287,91.03839831033444,6.506676891764748,122.91524901636656,papaya
59.24511784107587,69.36210552161104,42.677661131838605,30.104967503917607,90.46691825488664,6.635145132651192,163.71185246155596,papaya
57.0833240610216,69.04801793184984,49.41648049296634,39.527386390978656,87.06464598642997,6.818385931439425,218.2205348380777,papaya
51.23433855400445,43.930991591397195,52.328577404732435,28.31249842457296,91.19626052088215,6.682378246607138,60.5596699372329,papaya
54.79065800918287,57.093729547374934,45.23682188207994,28.25330138562635,91.97560208364992,6.859410383697138,208.44128265989107,papaya
40.36193425876216,44.225109770342655,46.47041100672955,24.18663800545778,93.71522078422143,6.965781552101679,168.48464260237233,papaya
38.36276729233366,33.249884342805004,55.27639765591731,31.42066020054215,92.40491361781848,6.885574948125752,109.47467587635266,papaya
54.841195008236646,53.183335349617266,41.21487668404512,29.948648602780192,87.32056625304097,6.722645072651187,180.16852611270522,papaya
78.72190499344399,52.84400653152541,48.90698422599438,33.36379751846484,94.05055507579598,6.939236316493234,112.05839762553181,papaya
50.300982040939516,61.762311754232954,54.34301706204138,37.95529901923674,91.61188721043739,6.827094655622316,145.70222667183484,papaya
56.682965593206696,60.53948945780315,44.60999828767812,33.5388886973276,99.5988259581986,6.733008955593198,197.651127712544,papaya
43.308384373405005,67.36677983939924,45.968026762851146,33.98574148894595,83.86918744530033,7.1948927017836795,121.46562597201547,papaya
51.5647527343027,56.76011225858396,52.56735382614184,31.685937825371774,92.83488387529285,7.301817485990002,183.40363069729727,papaya
39.59665054137947,63.56927481027636,48.665250376169034,37.40352667149594,97.71542856649091,6.943137732130641,141.01461772224408,papaya
52.446119395274444,57.962961074936075,47.991468842182215,33.286485639849886,88.219063698958,6.325220036533954,126.08676996609775,papaya
53.39958161073329,58.462698154967214,52.40730904490162,32.00502840388343,99.43506538737041,6.537676910855224,83.28879985333722,papaya
43.73888105287041,53.94904309990672,48.19874872647131,32.515205552128315,93.94857434981151,6.673602053463627,174.55794848593595,papaya
42.5009499384791,42.3748029141465,46.415399590459735,39.23633712026024,93.15334089459738,6.408240165285527,165.26167552266642,papaya
59.90123682028316,61.825469852473056,50.39876568324059,23.365843359888736,89.5882745253656,6.816397849227023,130.07612144788405,papaya
56.540932770734685,60.46930842817151,60.445418894114226,30.377189865926827,98.41582387816007,6.363883895504733,168.30349560230476,papaya
20.9501115648135,68.5072048390553,49.142855989478214,35.82300146915135,85.23870754451772,6.872959979702898,153.6511523006193,papaya
50.84897315565557,58.57318923254716,48.570856197995084,39.65011361137325,95.13745052265485,6.589252403963437,164.57946824747856,papaya
37.849431035298565,55.34349857510684,51.53449150233024,25.172582038989162,93.9611239606378,6.8617981036067,95.37738912832955,papaya
31.79322873417556,67.21320994992917,44.19169347937664,27.07468523014172,93.57917841630793,7.386634073302357,201.57795731478421,papaya
46.57017097447518,75.45456900951311,37.92807486221123,35.697648275257826,88.79188267117279,6.481859350004583,95.35063008243051,papaya
63.85903152760538,61.80637602257499,50.08300848316761,24.882120798291545,83.85227226579906,7.394774052481591,178.12408600307896,papaya
23.655407950563784,53.871354953732904,49.870693646646615,28.69440924487971,92.26993508018505,7.100192072234995,117.81019873927428,papaya
40.52663856359103,53.51060023486319,44.02016995236292,43.80001078312196,95.26746840544274,6.497295287423261,157.5145431773705,papaya
63.58002716011629,82.61011367404514,47.284634143515646,23.864627433898228,89.08628137399742,6.57618038370663,221.730431625086,papaya
38.95509552941141,40.964950351304935,49.9164562582338,37.945589355158965,88.39138902801844,6.757562502704984,155.57664771717674,papaya
38.9330300335983,60.29368243154408,46.08013860408781,26.95810844640345,94.04653430016674,6.67425205692843,166.70109875722457,papaya
47.99876778793136,50.22931189796851,45.92521911533274,36.737899381572056,84.67667491215357,6.438550391052148,95.93192330371593,papaya
53.95566558575591,40.85053134328658,56.6785737145923,25.497280433852858,96.00324549036813,6.972768404867973,191.24416816033414,papaya
49.729285291235854,62.887860228921966,53.21051516366868,32.94391408416919,90.92652867271936,6.888759316413641,136.2693944651903,papaya
61.98754371858327,54.712176351318845,54.63900167438248,31.7478308934493,95.87599113405274,6.240374992351836,186.6047829623198,papaya
25.746554897338086,49.856732592208125,51.35397113428733,33.0210426195926,86.31187632450025,6.705120530105177,150.07270589383293,papaya
57.230092530908486,57.876329797985896,43.94832193713143,35.359930637295435,95.40466724142726,7.040617363452425,99.35272140541757,papaya
49.73408540817158,80.85671713954572,46.96951419123974,27.453657583595547,99.1085418607189,6.9629047352980225,224.62078950226874,papaya
48.22538234910974,78.10806813679196,51.870360648330866,33.94399450420193,87.643168319398,6.435611216146779,133.3061551612132,papaya
27.86432991985933,70.3077899844791,59.5323897057819,38.75899513536613,87.06792065101159,6.611127356404766,133.9174644304775,papaya
42.778087831951474,48.09465940564104,40.274748503571494,29.86337758198197,94.57426455413889,6.603209337073576,146.2670634608937,papaya
52.70516876562838,63.77536903085334,57.05426244597676,30.867389542856696,87.2402111914821,6.795914200082047,216.26831488452166,papaya
79.92264582864149,60.20882273157527,47.38783881982771,32.639237787078535,82.43658481861084,6.671607848449946,124.15997037454076,papaya
58.29627534744426,67.10207287865327,53.23133468999015,39.919886108702705,100.0,6.709855032290149,100.50894383674063,papaya
38.279644073072774,36.16497918300503,50.878293364923664,31.25307495264387,81.74451749750162,6.615244006201527,151.180668716268,papaya
30.05293525171116,72.71185932567883,53.59634285936182,35.27189314720168,95.7222488797342,6.501536383226631,162.9947664214305,papaya
47.05330395137378,44.606554684883704,42.883872810189814,33.299792579310484,92.18993196486598,6.840252458577004,129.64989570689167,papaya
70.1706131549222,63.32564754392637,56.71346726583299,32.536989919764906,90.12258936490208,6.837205013898388,206.42503123497892,papaya
31.131337716971153,45.52787472792696,50.558174664901046,28.763849301784365,92.79524195946654,6.950950541816318,140.4392003222561,papaya
42.21146708623435,66.40304193438361,55.60945945069223,34.90586867620001,93.67290383277052,6.488481751443091,143.64138779859906,papaya
57.45820688526184,60.37312314009346,49.874519308826144,38.21371438377076,86.94921606293924,6.4932771697017495,35.27976210517579,papaya
37.35136535264101,52.61527422795133,52.7147065945456,31.62658277905938,80.50402817535503,6.595597086443917,123.94366368061424,papaya
48.04760134840372,67.92743426772866,42.23110556756131,32.39954839634714,87.73163017211313,6.6105551664944535,149.74272440804347,papaya
36.64229919904549,45.12745711359025,43.56130486811135,40.86755665010572,92.36313113674431,7.046398687975513,154.30569623083005,papaya
55.651362723938504,56.09295302710926,49.935098471520895,23.24513651643258,87.9889656834624,6.513369070611695,175.92073395526182,papaya
47.284564727619404,72.99635233654564,55.106404163531465,28.832768545568523,99.79808570525492,6.297331055377705,102.46350790476863,papaya
46.19163942885321,64.97763660325997,39.640184448472084,39.09726430240842,100.0,6.3940295769871085,80.44988968643878,papaya
53.37208544658774,58.20903602111906,52.68540553503171,36.70053599923309,89.53026233307355,6.8167706331502576,37.71601438897224,papaya
57.66259938206021,66.9127067078543,48.34602677703138,23.412474224700432,100.0,6.640639680428914,95.89315991095842,papaya
43.832769572762054,63.431600208945135,48.30499626211337,25.766934254542736,91.64130702666489,6.65618341396885,112.80570483840351,papaya
49.639530661731555,70.90540301185419,56.01235293556874,31.123229527475985,94.66981998585356,6.757648800495391,143.36789181662627,papaya
56.237873122185405,53.19713057196266,54.08441834716438,33.89776129143952,88.62074611133744,6.611016583493015,129.3323467186784,papaya
35.00484984829849,71.54104526885578,50.6896694495026,31.049260759868655,94.676243918063,6.746706606728119,112.2221213154889,papaya
39.80210043074182,64.14969134031872,47.766587602106114,40.107415929991454,92.83271771013766,6.480524798635167,148.47512136572047,papaya
51.474369831610815,74.1798988976794,42.99404598945968,37.47027019306284,87.99291006757295,6.520754604020162,130.893503830002,papaya
57.77138276151124,55.33312617384779,52.395284371143255,26.047235487379297,85.68312422259628,6.790921736173212,119.07240358395069,papaya
47.668259010355634,67.6043261109822,54.14990327566885,35.977363309410315,96.00317597125245,6.809394612574488,138.7203874461177,papaya
37.36755999057455,58.13773070688356,58.445895614936035,33.13168673973128,89.75880312524261,6.648445836451722,92.38227704824156,papaya
52.306678926814605,67.68101235555581,53.15350861591842,17.23300902233077,94.9986297934636,6.4649476660268865,123.5630340326359,papaya
63.168505283000194,49.99106741944381,55.376625478000236,30.420455837498615,89.07195799331882,6.898411128350597,165.46906318210983,papaya
54.17593727621429,50.68542436507644,54.138676459586975,28.819853196906045,90.16167429618953,7.003652234907601,110.66554418567493,papaya
48.30799288686145,57.60508449157539,55.511751040810594,29.4237912791357,83.35675738303027,7.13401856633746,102.31716755059963,papaya
64.81422628818079,58.478204183251805,53.04852904611913,34.3984928479823,94.24488087371722,6.805482112566161,83.57393763242023,papaya
33.32254001418939,62.59570992694011,52.010928014949776,26.21136912405407,88.65119337615367,6.4640525167854905,116.76747993581952,papaya
65.07545530590006,64.61099296737889,50.20459533698555,21.775073704546664,88.74473736238676,6.79241984189055,192.4870322482097,papaya
51.30235095944827,56.87280834016778,48.733898657122936,37.23841449487458,87.6552132298675,6.836408770537311,206.0973135890464,papaya
54.23561257754982,63.308213985333,47.26299227123299,34.40601006529349,94.50766291372865,6.93256199670197,126.60935523816696,papaya
52.66516135568701,58.90709078614722,55.09389158778313,39.38421656701156,92.31886212161912,6.4279620852525525,139.74916628928858,papaya
55.12169814725389,56.381045945626894,44.95381725565618,34.01138628528641,89.08608716904554,6.708770641045961,200.05952740081278,papaya
66.21808473647684,51.890579384219514,42.787678610309456,41.44744777295081,100.0,6.778373997952362,108.33376219323618,papaya
53.75714101302002,62.343853760457954,47.670883333143756,36.73401478453824,93.04374178429991,6.737489985511592,118.56664488949353,papaya
64.2152412730222,47.916776010048025,57.6944987512515,19.410580412963668,98.38010606512302,6.90344301322328,171.00512118324545,papaya
46.81557147173885,52.73505358105826,51.26984772042421,30.84163242339176,91.97957708420678,6.7090830242229,99.69014006387036,papaya
56.51150066901559,57.5262084859594,49.08674287978137,32.03368141284435,94.65822198468464,6.657033464199683,113.1612445081578,papaya
61.585493013649725,67.09260438124674,49.29751184338214,29.560035896496352,100.0,6.750954400115936,118.7340782649197,papaya
50.27730978505676,41.986980221615184,51.104950030891615,28.977466209363012,92.31031645080857,7.050512974377484,134.8011077412839,papaya
39.732123847945644,67.76750073757341,49.70484060292718,32.94713777450542,93.90103790461632,6.360517253745069,103.4963029798219,papaya
36.6012668319043,56.928689341257964,54.200662803081286,40.41294983759968,85.44719844635605,6.655398486799863,16.994757798859652,papaya
49.458238244194476,66.89075254090147,45.66134546307259,29.031001998643266,96.67803769346051,6.409227952990471,191.56282964240364,papaya
47.344503459939155,67.17838590679403,49.79392196504027,32.82824789656702,94.39350575320888,6.712735794524232,85.75971407132235,papaya
69.51039303724936,48.02721040130019,49.051232131748776,34.21425238495902,98.46464315650591,6.904968471726949,158.28154434924133,papaya
55.019049272220144,52.374173967572325,58.76672588267842,34.793621083209295,98.46563987432516,6.361362953558809,125.40311430389106,papaya
37.76027831970765,43.92825153949612,51.49988014097625,22.365111035879707,92.70351890729413,6.739906867592875,132.21796428831186,papaya
43.19521593105029,56.24722144763409,42.996301931057786,30.611254989611584,100.0,6.591914446061456,193.189658230691,papaya
53.61832724923966,65.13558579335316,42.52091084962376,33.62868637928924,90.72067105468749,6.602304632150399,160.01057275597742,papaya
46.22204992624395,73.02680507889615,54.022245556085245,29.870982109015056,87.6961819455248,6.685547239601775,128.1512034532452,papaya
54.59146660252296,56.216587242595814,59.837284305866426,28.83795527558689,91.59430386129515,6.578993913678507,97.6321029777486,papaya
51.526378874943944,56.82880574653443,52.08734673172651,24.403017650981013,89.17695183190395,6.825571971420124,98.06094086655528,papaya
57.538902650948074,68.31677905716116,55.95773527905982,26.95102882637155,97.5908080069035,6.468637717191039,168.3946570983541,papaya
41.865680750902555,84.90830285019224,49.648597988276016,35.237680451417816,92.16959988256768,6.64356787705176,179.67072037730173,papaya
46.388502636396346,62.718077367337045,45.821543025145175,31.966568749163187,81.51876231469586,7.255805973916857,143.20071641774777,papaya
45.68599591669265,58.970783320885,41.1333741261403,36.354858213934556,92.43424467002208,6.668297092623955,132.6136936888499,papaya
36.636373215222925,62.41280989196105,49.842372762532534,29.427617478934604,91.14142705441179,6.785182802913976,110.19027125201352,papaya
32.55744344834186,50.00737571165227,60.60439820507828,27.625940011328215,89.57062681211546,6.812155688276492,86.11260934091068,papaya
53.998190085901285,59.45910936440968,56.33101793882659,43.37704178977707,87.5437022792236,6.704735649351595,134.38191677526586,papaya
64.71860573181247,55.71751088648615,54.70377948808756,25.423145928103242,92.62152762029213,6.601422940442964,161.6685902625726,papaya
49.35318695474241,59.65689097979658,53.005980604393656,31.987575589768134,99.58897717556043,6.511273856933647,188.22708284340635,papaya
47.03843501401949,59.76115323380908,50.45319256972346,34.935848858657714,93.14754699553811,6.60652519037367,109.61939453388693,papaya
48.07327301010551,78.48169248161031,51.833372245822055,35.02245153294817,100.0,6.857102725651263,102.32130402680941,papaya
62.65593210922621,61.56698967791677,55.30629018220382,34.21472983838291,94.76810295141948,6.911385351642786,107.30940633288331,papaya
39.74121141484975,44.0039235208746,48.93052348525086,39.87788954884438,90.01019595302652,6.68433203627178,97.62609422355884,papaya
52.75471220154808,56.57982393717348,51.403501270900314,34.21352279606522,89.1999871537905,6.354523412374742,122.40181409002614,papaya
60.97140349790605,68.15413808860463,50.296637363753824,32.031803743722726,89.81555293096966,6.741526452969926,113.11751285627952,papaya
29.29354076450114,61.713855327064955,48.5989039962627,33.492180895105236,97.16683574639944,6.760422669435702,81.61159542244823,papaya
80.05662294226315,71.25963849514541,41.70211591385335,37.966366651416116,99.09378151402242,6.6837583950223225,110.74992166481735,papaya
45.19904132941939,53.72816645522572,54.75585065358702,33.10588810456351,84.66539344120164,6.515890815390564,100.80079704702328,papaya
44.32220283391182,51.39644844957252,43.55477854055485,30.82338445920417,90.19189918415137,6.800607637661038,120.36247499078998,papaya
57.020467936244806,67.45188035895433,47.02703229817807,33.23202650882206,92.8298441245562,6.760883190606265,107.52649421051507,papaya
49.734109234362904,66.56540377973243,45.55695650019105,43.338281384383855,91.60435243483595,6.695458705647101,136.56578622614148,papaya
47.73499094847691,65.86365063891265,47.28430137649242,28.13482650905735,89.08244740232784,6.71301072542666,93.73694951289703,papaya
60.019484044674805,57.74216325418914,53.63935309704459,40.338484807930215,92.7721429264555,6.902347418095002,140.80285367378931,papaya
44.655723502687756,48.98694678053671,60.356489055613594,29.108374958967996,94.04803805875223,6.739812494565827,137.71140069799893,papaya
47.51641049980139,57.228520517747576,50.85589338230649,27.50343758677409,89.75642243633321,6.793834883083943,132.0146131515259,papaya
42.3441399352894,59.12022921974648,49.46657967148046,30.620981708944214,89.4285319879544,6.799059168626165,152.42792209087474,papaya
18.057782733888914,66.47632465748748,58.74438503901645,39.34129971034406,95.92706012709785,6.552679965879143,146.9063034220164,papaya
41.73468360612224,71.54018485637174,56.87629323943681,37.648262238939836,90.84083466864503,6.595003841639637,179.02684493710632,papaya
50.23465553827058,65.49168914342756,49.5199512665829,35.03002531712403,87.32970655763775,6.362784705780278,153.4365903317498,papaya
47.666724223326426,67.44046154536754,44.6057999682817,36.02107696689677,95.05589644165727,6.355663402076683,128.42326499743024,papaya
69.99195085061136,61.37853440428094,42.71627311288299,35.99681497242294,90.09012750907866,6.659547917961755,64.22348545363432,papaya
65.43152629026166,73.13767473717533,42.84176945608635,35.4774549705477,97.3979945537794,6.529599732775202,165.10038689202415,papaya
46.87444765645582,76.60639203862405,49.492145609579666,35.77776523413893,86.286615739211,6.831487679012688,185.6497452811285,papaya
68.49524426589136,65.97285951549699,54.56019476357516,35.130145778059635,88.48313887169081,6.4007311583160575,203.49785862427453,papaya
39.65003314939873,72.88835226280146,49.682968817887705,28.814231195497648,86.63890490411016,6.434182595211939,94.06501467891303,papaya
48.073256191919874,79.2456393271649,53.108168066569206,33.36039076286206,91.9463257185485,6.192137802309101,125.70527860948148,papaya
45.94121098463466,51.90564454411244,53.2372602981537,32.99887804088564,87.7791629987414,6.904521544331619,220.29310281082712,papaya
47.1968773958373,54.27645062201635,51.646860696467016,42.62324730997164,91.50567191428574,6.543111930097999,150.57242863425427,papaya
63.799237529821156,79.76421699398864,50.68958530881922,37.143404666879874,89.21576579772041,6.822282589086859,202.61440686005324,papaya
55.092054062386325,74.33697280718624,57.11199409872169,32.62188784225361,89.03740697427796,6.792511040518463,161.82618678263856,papaya
46.800951377340944,46.59779562790989,45.95942733256325,32.34560298834617,83.66551281798867,6.6256009602190655,166.78937710919303,papaya
38.68315118557141,59.255234894605366,59.969746817791645,40.84941651147593,91.27931396735157,6.636378397106833,168.9637848586862,papaya
41.28912601197558,55.08982952211611,51.71929140056712,37.51224521929037,96.06700142413722,6.92780727203996,195.61806822386643,papaya
54.80546114337971,52.94653503747333,44.391410490798656,32.658403312310426,95.67329213010704,6.848563946526152,104.08098821355173,papaya
67.02164534909902,90.43052106533662,49.25535633652172,28.294530054438326,93.39691567486967,6.931150104409838,177.43088301644104,papaya
41.30161126851883,64.65231930326901,46.622438147972176,39.018187458296055,94.10850448498283,6.912582402963834,103.08003081448919,papaya
47.89433083347996,47.65984172973472,48.2416772605233,47.68585390708738,90.36967820111067,7.140214790456693,176.6118827377232,papaya
53.992758810717106,60.63268704858719,47.910055338776786,29.092619393700296,97.1375073101537,6.810975514883429,200.20817558395225,papaya
52.19774769743588,73.56192637667141,47.09981292245813,35.0715920577711,91.05187338878048,6.631706214512883,151.2546561594312,papaya
62.16646237460719,43.09863070152102,45.05687226780414,19.871848401390785,100.0,6.995038603714576,134.8755552092057,papaya
26.940419983605544,24.124009218538912,24.703823563648722,29.22766401280566,92.59512919616753,5.919605982473377,171.28503831881363,coconut
34.004992438133144,4.762683830528438,30.978606866281133,27.656111988101067,95.56174147867394,5.922454235853802,116.7269037550812,coconut
16.827196988678928,26.87054467204034,30.054186441107095,29.820257962398028,94.18473049976227,7.057985051049693,204.30970247189748,coconut
32.751610635020015,25.182928580430627,30.563055886957752,23.361319728052937,96.22943856293703,5.782542423835553,167.97506905543017,coconut
23.48428941014896,17.762240203807018,26.40709992566097,27.75552109360721,93.98176435367466,5.996038671505958,222.2635248617279,coconut
27.91976796368798,22.048303290069295,28.35870043419247,25.879284247288915,94.52474166424788,5.491594754271933,247.52578384341473,coconut
38.97781165685699,12.567587733102469,23.318707403040406,26.788222381283973,92.12278829878217,5.815216274809941,109.47091823257097,coconut
14.199200132355177,8.136207719271566,27.928568059641293,27.53161137343952,93.69844703045099,5.100764678728743,176.48806530439964,coconut
8.881928018408656,18.757950901889192,26.753777538631788,26.027091397776722,96.48298550396682,5.8824660005922365,98.90144539263244,coconut
18.403448138004617,10.753423632244619,40.54196222475177,26.14620180236212,95.11523622348305,5.787845164413365,149.44747410869647,coconut
11.996895676698168,21.180742807579385,30.29502716223882,26.71019741168807,88.47266588419264,6.233617822664315,195.70438927081096,coconut
25.199697332292196,7.5941222625235785,34.38537581728557,24.72414390715084,89.91160140380211,5.3378684618120875,156.9870813919704,coconut
19.79188592904329,10.277714758571314,31.710238477382372,29.850231667932345,95.18850105011956,6.736811617057043,181.01490238092055,coconut
42.062799138247605,0.0,23.944708496038864,28.213165871095658,98.13357119027758,6.775923738757207,149.14336245139646,coconut
22.933951514839507,7.536548189805195,30.745559939739337,32.20045667608413,91.61873440595114,6.8848567284178745,214.94092093672208,coconut
28.198972596908042,18.063722146696765,40.16253863170541,26.645394197758563,99.89038474837905,6.658215336448093,157.67868860254364,coconut
10.83668721548683,14.159904854420377,30.209461670391995,24.196005171986947,99.17184643023344,6.081212612075174,169.71326284556747,coconut
19.28430411132195,9.674660929785027,24.36810469549606,28.816418934653854,89.17896386698445,7.022346880336642,114.06142900231359,coconut
21.173673376048008,18.74246993914864,29.29226856005498,26.04454976278888,95.43510673934931,5.906816816337025,215.455395934972,coconut
27.072899460161608,16.854803288459088,23.143786787586414,22.679443066296017,99.74397981428044,6.006429943249654,138.76178903759973,coconut
18.284244839732168,16.026696217505474,25.353621117448817,29.357639107132428,96.70096749476279,4.768663661593278,219.16221725336112,coconut
23.901390800711955,21.714321327987438,29.736919927087285,25.165949820734447,93.8185491845861,6.437582869493665,214.74571589202995,coconut
47.1184911933194,21.003632361808904,30.64325214914186,25.422729069768277,95.00993419763753,6.0642272097156535,227.49705874386765,coconut
32.97081254770957,19.89094922530102,22.226686862790167,27.87615097455467,99.50767572558757,5.764484539801666,195.46876733420748,coconut
22.803309000772447,0.0,33.595637603357645,28.101582473365678,92.72059952666245,6.136612878341273,144.98391718887908,coconut
21.982803688096272,49.31997573120205,33.043313658959,25.5252322350368,100.0,5.388086710873329,185.25666081289359,coconut
19.243864396860385,0.6744912514701085,28.653198889061517,24.283648574657935,98.49009246484698,6.751348283719945,177.46072930306173,coconut
0.0,11.144844982442375,30.459854485471165,25.313854054757552,95.09961224373588,6.381997939620219,281.5396816997894,coconut
22.109486010345524,17.424001434160978,33.5270960345076,26.628829325249033,96.42263135122968,6.7811382357087915,123.37625628166198,coconut
3.1622056817858706,5.36190154045936,24.62023246464148,27.2392012572782,95.69397761122997,5.02695989556389,179.45942691919726,coconut
40.0402787381594,10.957589986278643,22.587414748023683,26.629423592574472,96.39286029754768,6.3838456592608885,210.28622538389237,coconut
1.1779760496130969,12.763237776380372,33.91809454452532,29.685524245996582,92.22275355708281,6.44752548638416,176.99814305796122,coconut
31.512767031766728,15.22970869077046,23.951645499058387,29.032120798742458,94.25225431798145,6.787967124902224,243.57341772771488,coconut
14.463227342724242,24.481043404019793,41.00493626233625,26.54461078342423,93.04113744278868,6.180433503511225,207.76157605842243,coconut
25.856362279529264,34.2840939374428,31.401168882546653,23.965586593999394,95.51393927811634,5.49098673607332,180.82433472239813,coconut
27.352084817008716,24.400835712515033,27.638939463313157,29.023905485522363,96.11919622101651,6.4971069911400035,165.76349545150418,coconut
21.04129764311582,6.874047835498168,27.111835567069754,23.722303373377397,96.01737286007948,5.641731386673266,182.52347668002363,coconut
21.777868100616843,34.683066029117086,25.59300112736353,27.383581404868494,95.491324513187,6.39673970446873,190.1090093826766,coconut
17.002541962604635,9.91969005641716,22.197963887578396,28.43713486486389,96.68468775077783,5.515645322079554,113.84975357496839,coconut
5.71362697722156,28.095941642275093,32.45455603008481,28.998637250736277,99.11599861148892,6.012956913116449,195.2856724066814,coconut
1.7297404997441816,17.620734966736592,31.67704698242847,29.071626560710865,95.54590227234334,6.0764596167384894,188.51754243088695,coconut
5.786251855094184,12.917782351166563,35.64981895326069,29.916322806504517,94.0849626478662,6.814583568680794,156.5356972461629,coconut
33.152933841301035,11.814744253317583,28.57506834156856,30.614709594222777,97.64337704400573,5.237279012689048,169.88066755491622,coconut
29.21670076631793,34.163510217123076,28.0457063684176,25.75174647388076,95.69500175082972,6.01423549061605,154.01417359593353,coconut
28.66022478370366,19.54385806980925,34.017159956181885,25.244280687448054,98.02924956701649,6.4800082355447275,195.88506645818967,coconut
26.691433904470053,47.92032959289249,32.70277340913996,28.970083845756935,90.88670577068761,6.523001228363094,150.1428333910585,coconut
29.66481665697187,9.88086006234184,34.5215649729612,28.594125253464366,98.53932225293262,5.9391790807361025,203.9315435846585,coconut
24.4712196413687,9.156425794505566,29.747086580730414,26.896584098143524,95.663075030807,6.37481198374671,126.38302005405802,coconut
33.32815902316733,21.1829534530602,34.098279123013484,24.841997492307105,94.81846139824826,6.69260459499118,162.66972841372606,coconut
16.7030596483188,15.007745875858124,21.787929668395975,29.734768708000868,97.23541724103302,6.269893533270605,104.20446491372172,coconut
14.741742568616498,0.0,25.41427575364919,28.22202734905217,93.52000694795525,6.30955717047071,181.4316688716234,coconut
16.64028347424736,21.96124438052067,29.442320008494168,25.886886849848295,96.41935807091942,5.81658832148889,149.65191663767914,coconut
20.25554786435066,24.58116450178159,35.86688551166426,30.122210031628367,95.6483617264898,6.623491240418482,172.69542449459567,coconut
33.963170829029906,25.17625548839171,37.677503442995544,22.854694019977863,97.18140845983866,5.9936704132044465,198.63816533525213,coconut
22.620560683834487,28.28085330673068,25.081958339154227,30.172645897537357,93.85616206747873,6.233671049241344,180.0168067203616,coconut
12.743770339540644,24.056120053673013,36.57762038095138,27.21597647135517,93.57052634083871,4.725629753005221,155.91200925806294,coconut
18.444016538442643,12.639168876859927,32.73719780065501,26.293307469917874,96.00605394199327,6.4705196609084235,225.30848468733194,coconut
37.88964644214451,16.81141056361881,25.43305170785471,25.6927753004598,99.82688433431932,5.337270862771273,228.06288949459372,coconut
7.333986362341594,0.0,29.37109208327574,23.240013090412376,95.67351011920636,5.7990825343054135,156.9019837170996,coconut
7.095890518484392,17.688311095275306,37.41243715052731,25.22533694280078,97.5068159848744,6.418729722652438,215.4796189636317,coconut
40.21607716024522,6.074158223251297,24.52626268243415,27.95092412861134,95.46999243797289,6.193767016123884,155.02640039502873,coconut
21.15353262319632,22.25874161167349,23.98861285419017,26.80171900936913,92.57768740440049,6.127710433798381,144.92182741613624,coconut
20.167459684413213,19.38272517892693,31.55262835585964,25.035565701411798,95.51723260517647,6.30794991238579,191.2512724751176,coconut
29.990785102975032,30.231716935974234,28.12301552685403,25.27536251782265,94.44624342632154,6.795934225479925,118.56581674886964,coconut
38.96303827012946,19.845050765049905,21.588707867694005,27.48707213129024,96.41639187802522,6.672879754706352,106.356614052817,coconut
25.03111265562599,17.908556303641085,33.752800723309,28.509178961519044,97.94806618222542,6.064815744932755,229.5085152448081,coconut
12.360556508248354,23.886131047588975,25.877969303168975,23.19990305042467,94.9024816051905,6.405886692318027,151.88872224845642,coconut
24.99658947577084,34.479988689672346,19.994389557530035,27.652234342254335,98.75506828444307,6.1384587397314245,144.11227256333783,coconut
37.59655296720804,12.1837664595553,23.46012512811231,23.28397923303794,96.53775168536451,5.659996356170669,224.4325937580363,coconut
18.598683472465016,10.493260935691879,22.36890973195131,27.48739467770182,95.14973583645333,5.3946457511979515,260.44518374721946,coconut
19.07918829105797,0.39073296900062715,29.349346882549447,26.32354905472235,98.970330917787,5.9632186385731325,204.68267118416438,coconut
28.266610302791047,6.85296351649351,24.31257192298041,25.53844303095433,97.90334049822533,5.98947097308444,240.61631712111443,coconut
6.219453336167515,40.402689205942586,33.189074539046516,27.305423683092457,92.79145237993143,5.52897167843971,203.54186961918077,coconut
24.930890161255263,23.305806554115247,31.064372902879033,28.16698289191121,91.86937266297852,6.0035103726747785,106.9327513073493,coconut
6.1112628593255,10.42378964340978,34.24816927256627,29.891857831332317,95.9469995389193,6.441991561800531,187.24306028483647,coconut
23.14866652466914,19.264977182565637,21.99747827657491,27.080723014006256,96.51916088053133,5.9953446697372925,237.93887741075497,coconut
18.419696861453392,20.991534168374432,37.235973978791634,29.100835811487094,94.25104953507666,5.171695390793739,169.86067573424057,coconut
18.226179057823682,24.95307102735432,35.51910991696755,29.055971165317988,93.84245032595805,5.817185497943151,215.26797003933717,coconut
22.993196495550126,13.916523685971747,31.15386222659106,24.710924019610708,94.25450106374987,6.220171531190753,186.54204562912832,coconut
32.3400623243471,13.315415986647695,28.678172948442793,24.803570013960908,93.4182581368439,5.257987960864028,190.55011888117144,coconut
13.51621709902802,30.4538325663744,34.393279450082474,27.092603766796852,96.0529407896219,5.812383233942523,205.9357291415744,coconut
0.0,20.824069222521516,34.140070926385036,26.935491166103606,96.58493600161631,5.892529151194257,208.77154350349866,coconut
30.027254859052302,0.0,33.13060330738911,27.67292752081665,96.44632954462472,5.256489917961813,210.55306803433274,coconut
18.07667668220164,29.164954119990895,32.528630646361705,26.817103592089552,89.48863074280972,6.406319073271355,166.27586033292843,coconut
37.867688271216906,24.968690023952103,30.840935484065305,28.826015391570397,92.93978326799966,5.82687866888301,232.606118285106,coconut
18.781713951960665,2.6552985329314627,39.183875596405315,29.33307546875772,91.77634777397624,6.716656789194736,148.4897720800957,coconut
26.234994663773875,10.732154780124732,28.904652414861175,27.197291929376984,92.96752143176411,5.225015409839435,148.82214323868573,coconut
1.861476679531556,5.446557753305148,29.238666318473328,24.63248269191899,98.01728206621817,6.001780186820968,185.86349458199902,coconut
19.153780324680454,0.0,24.55019167989834,24.213258610120715,93.09575530177125,5.913216856443565,249.03919299350974,coconut
26.685048917523076,7.43032945929226,37.94101079874412,29.208394642770816,94.08126686247475,6.039158647252224,139.7487967890902,coconut
22.40086904389444,19.81443090424693,26.878430102266954,30.147521982835848,93.82002359557106,6.174053653116805,218.690147240239,coconut
17.18496305195417,23.743902042098235,28.111498441435828,28.41289087029167,95.34124032222459,5.704234950429372,193.02531143435436,coconut
42.85367678958014,14.43348737304164,27.96178144341811,24.64612352520687,95.86017370351462,5.558609981377609,189.48689520128227,coconut
23.71332878863054,0.0,31.022811459290413,26.2942588567326,95.81895743509118,5.913632043746138,160.84501126775842,coconut
28.44294500448493,33.3721080163772,28.90911198062273,30.406217546072188,98.65851463165087,6.213152592159938,183.34211197771975,coconut
15.407285507433754,4.004516751041159,31.397181819491855,27.086412651582382,98.57552426881959,6.652753544998136,111.45852320583444,coconut
28.01148088113282,25.746136764830556,27.617549104573328,27.9688337598264,100.0,6.680304149754195,87.94212933546561,coconut
4.718891945765428,0.0,27.92911415674899,25.803809384785342,93.29467679712799,5.465088507186694,221.73255306827286,coconut
27.052519557184247,24.836047004313734,32.47046235307826,24.298988875420253,93.62696747449361,6.01025577046041,165.69310118232343,coconut
21.958321918859664,7.559858986776623,23.142444121224475,29.614454965369006,91.16568780548972,5.814397440044024,103.9693731981893,coconut
13.27172977317241,13.189507940704514,21.36283938267887,26.189228008277013,91.72420747577938,6.1551878381681675,137.6412107647306,coconut
29.617026246479046,16.718993252699633,34.43235284075922,26.889367417914883,93.09936208774334,6.417579796524093,136.1463839323919,coconut
29.449188141044505,7.326917141110165,21.118675556682113,26.52351788218121,99.26104467654521,5.438455618373076,195.90973099330753,coconut
26.254256108678266,20.921550550163243,35.65815618603036,23.077066721428682,87.93396956424121,6.165806594991886,143.61912727055656,coconut
31.4117703203855,15.040721287370845,25.58107544477071,27.206010401875805,92.37572199641278,5.762370084696047,221.88964844289444,coconut
13.00468393296018,33.910670476490054,26.840163640058265,28.95056376730606,99.57812789240612,6.4013210036263475,170.58199689698313,coconut
21.477229486018963,8.860983483129672,27.972071382421323,28.18949115504675,94.85614404807912,5.885459327223722,164.21667998347593,coconut
47.80037083729576,0.0,29.508287199006247,27.953507353578637,87.97070656409176,6.13897185896735,140.68975550512252,coconut
24.88892132322011,3.971918410916535,29.035555113052606,28.030621708731807,96.29356373179549,6.101993932820272,230.0504425341778,coconut
22.826726379354408,17.486251764769985,22.658569559012445,27.836244817823037,93.75831119245233,5.579004846969023,202.33912809855852,coconut
29.84579660752528,32.51956273035426,26.411539785639818,29.229744422741945,91.56455703104163,5.364533816512989,146.66705322092952,coconut
15.990857169405945,26.744106096933592,29.92357473084393,27.95357484923228,90.4758887736816,5.440096134490931,217.58201117132774,coconut
21.0501855489781,37.2428610104941,19.902311935252968,25.11334695892335,99.79717257335955,5.693624709541497,138.04044422373158,coconut
35.99819582663075,15.348917134322326,45.82334016823789,28.303619942305122,94.72200017368529,6.3134552366108325,161.63973110403356,coconut
26.893813306817272,0.8484615458764448,32.53896604313521,26.505878434567208,96.3563967844245,5.6796206669007825,158.145441036339,coconut
8.166090142233507,10.66163491002041,36.47309277109826,27.788953872642665,93.75693465143632,5.847454968260761,136.35347002121722,coconut
22.735981745354014,14.221976047797744,24.422397908874654,23.839313267104064,92.45125285275077,5.863708629860003,171.8110183610799,coconut
29.09705219994747,9.693911018139934,30.767920611576024,29.373388871274738,95.5995399987148,6.053663968782985,115.24955681337985,coconut
30.588342244102392,32.91059887771081,32.53805631115599,24.850432766038722,92.57663550855992,6.035761706380015,169.32194238343243,coconut
21.98037396533083,14.217942934311102,20.819937369508835,26.275184402221555,94.3989505280172,5.515400119922424,245.03118400705148,coconut
14.102610324366704,24.806763335413635,24.113269022884143,26.889360177491458,93.70347169068212,6.326933866709723,167.44937225809343,coconut
38.456590758844726,5.4261298784344625,32.84817385771077,29.40981217619716,93.02114480693075,5.711012136414937,178.99115153186796,coconut
31.26338031835902,25.43597358139981,25.607589326794937,25.630387799158587,92.05468083784227,6.169970063185577,179.53855502554333,coconut
19.935338226455187,10.185074918936953,27.891282483536447,24.877282392562204,97.79495938584991,6.698609253725327,239.76740494566945,coconut
20.693205774099727,18.734310556076537,27.081476019889152,24.6768797945507,95.40844100628156,6.434371915825529,149.18346860501592,coconut
6.431264107375354,11.91552266056664,30.28169303294799,28.92120796485977,94.6514014559942,6.0298918378163435,226.14226835384034,coconut
30.344881578903617,4.737847846902024,31.864670863177547,29.611969499058286,94.19529894691777,5.6130924492360075,173.72670058279016,coconut
30.48515323114097,28.035321073210458,28.354984202115734,25.08464478794346,95.68969820501857,6.422669522026002,199.94689301606206,coconut
7.206161286672101,14.592975335554144,30.96627572554891,23.66897840168661,95.14897927010784,5.870113921435246,140.4254117178411,coconut
4.339657404878235,20.537659652842144,35.38079785025108,28.300966312060886,96.73144205767304,5.344982063913739,190.55410620193325,coconut
10.378715188335505,0.0,40.845613481759855,25.167546321535745,93.1828575683442,6.366520577661125,224.41033371065143,coconut
4.59749643764691,27.595505371911358,28.48396327567079,27.300257524296896,97.29354426886461,5.956667867584392,160.62573209848318,coconut
19.702794212415064,18.33452683750222,29.648463052828923,25.652380278568227,95.00301834438262,5.648236238999286,214.23508596588962,coconut
8.534242316223681,13.87847804172585,37.6908713892296,28.22042368504922,98.90847901256141,5.245216148454934,159.94079205001057,coconut
5.781962340876284,26.192017403240328,33.480827318788364,28.81809379624988,95.46316901329924,6.4902652405145185,236.64402096983807,coconut
24.88788596633497,41.250080332102854,39.31305484862958,29.166543862530148,96.32030498122784,5.371280374006299,162.9399702076121,coconut
28.817387967174376,10.931500985372976,28.264799911452553,30.79895324500451,90.41511697071965,6.488456932441775,163.18867937988995,coconut
10.476407622773706,17.816357704130684,38.95033544097143,28.42230229341187,95.66751497153554,7.133834268574253,191.69016173499023,coconut
11.401404719043352,20.471845468018042,31.008585149345343,26.770724871167577,90.31166772824093,6.820959637169683,224.60345198852224,coconut
22.737505138335532,4.829206960007346,30.87598177208161,29.896965660246245,98.06536098371913,5.266167000782286,109.60056053857987,coconut
28.056426149132342,3.618826088069696,27.80115688639189,32.195371531033025,89.58660955545844,5.921298758806136,138.0729868693494,coconut
24.82148316797319,14.024921644135267,34.82715054024044,27.58395090285782,98.00286684553197,6.4836958847196255,131.27317014670766,coconut
22.02812091986591,20.285981884406173,33.81673695884497,27.44593260771332,99.6377511797333,5.4986605040239755,185.8469020151148,coconut
19.069919845433166,0.0,29.51454942780881,28.940670703287022,92.69073528041193,6.861493904116861,176.08456827856048,coconut
18.536229264852302,5.877167141118555,31.827870496417923,25.957726849090832,98.25972616217852,5.374703944140324,196.52631328700625,coconut
22.87855620144412,0.0,31.037325772176768,29.412036174451575,99.35761446748037,6.032379461412332,241.40978385360103,coconut
4.525426328215566,0.0,33.820862187936044,27.304211792013557,100.0,5.858688050962727,144.4304303358286,coconut
29.163243923593388,10.588089802904463,17.653062151210854,29.43634542818272,90.62529683623268,5.785856370572808,200.5910153288295,coconut
10.349427782872306,20.931725223527984,29.196540732888767,27.20028164470054,98.07699849814682,5.963217772473188,220.29581393900946,coconut
27.45883229039045,16.811904577569486,30.240007631132485,30.35995662227498,91.28056932647907,5.673318565321589,266.94167767839303,coconut
114.33042924098187,37.58854835180454,18.877938155272364,25.283241155483253,81.76619188905481,5.997753762510242,85.18200535734033,cotton
91.93520487164866,42.48365705303786,14.59580621112222,21.7109713469089,82.8693530517967,6.336552244916094,95.8593806043377,cotton
120.29656549109357,41.362095499369495,8.09401342846551,19.9417101546178,81.87279534621753,8.240910555917008,38.33607483391354,cotton
117.35356837131721,57.202871176870005,24.748585403886448,20.62477879908709,90.42324308373534,8.229815840373083,97.08075309208772,cotton
123.17567781476157,58.977530326411156,19.24196134089691,22.924903511861956,80.91242519466238,7.967471542075163,100.1232330780603,cotton
123.92540935613467,49.86389971319376,20.931485749062745,30.881949741953562,79.37280344587218,7.927588457409565,74.02509341582117,cotton
114.27976904043088,50.11567416042112,18.430646077170135,28.606422051626286,85.17050061788174,6.78569529253932,82.68152945507143,cotton
89.09939329961725,51.109640878650225,14.224216804390748,24.639155758189947,84.13282134776536,6.394056726730675,105.87789966567377,cotton
116.0705446039452,32.296303403340545,25.42702730597499,22.132778630799702,81.96922732267616,6.4919468911132245,93.3963831768702,cotton
109.16348479759198,19.930307931019634,27.837817705300232,26.291482625721642,83.67581618591063,5.716757155786772,66.63480120006894,cotton
129.73080373008094,57.506756191301626,22.409793947203145,22.71491141080978,85.17511290249368,5.898445591940937,53.0567219992419,cotton
151.8912907096249,56.09813779929214,23.650747744988248,23.764280149343936,78.93084321330731,5.990976337842726,58.79262730365885,cotton
112.49167802927629,41.12614119851745,24.937728108580025,22.68001686501755,84.33304161307147,6.102269483202075,69.47623282361423,cotton
119.10007639022965,25.488119459792816,21.483588638798505,22.693646918186992,92.3589120750157,6.179885516998462,16.47194834238295,cotton
144.92105761438353,39.79723100773097,14.764752891344292,27.379882681860746,70.49399844452827,5.79010201442048,82.21142842986492,cotton
126.0610510945876,54.64367987140212,24.170568770704598,21.069219028008106,71.19995347834109,8.201552288421421,40.73295748526044,cotton
98.97783556025477,56.85567880647129,23.84847331544207,26.080190567777922,80.95762127758934,6.689798198704515,76.42871699044382,cotton
138.17193349455133,24.62051137502585,21.70347382703578,24.80321931539525,83.83406591478813,8.190191092850627,83.12269551408065,cotton
140.08449711797473,40.44605931312094,23.305719616140035,22.069659127695314,79.86156561488208,6.8204937779272115,75.5802912243661,cotton
110.29539902614906,61.99008157014799,18.307136912326385,23.831287721511924,81.00777265758106,7.036771961304657,128.0023120438782,cotton
100.0464547595544,54.725351515730374,21.356640882584525,25.48325157429392,75.22057148922079,6.1149041830850335,73.98466326999367,cotton
87.00392082260157,44.44529722626639,23.267758195594585,24.198481826977545,86.64837644739984,7.84900809433643,100.62355055342573,cotton
120.19935238915666,48.924064350428985,11.785513783066504,26.167947875722717,86.38490089879178,6.6131557584565295,80.87648508754751,cotton
114.7264761204846,21.416615368925974,15.51747874511982,27.84487194782782,78.69365386586338,7.180403622268647,112.08634982165134,cotton
95.63206175714313,37.59466744428887,20.024883797194455,23.390176877168965,73.90223820931743,6.269773175102515,58.86617376763634,cotton
109.90785130951659,49.34214513717893,23.371170590226317,25.441074079042345,88.81397141326156,7.0931623653811275,96.7261698570648,cotton
95.49236924943217,26.13108612919115,16.637713390096543,25.722537495260067,82.24953513256102,6.064667946745978,60.351152391378776,cotton
140.96185282637458,46.359324190765356,18.234164218107512,24.47701614485605,81.77386524637562,7.731057790856182,30.67575431544668,cotton
108.5366084910012,39.804557897845505,19.287883219226075,24.979886276883686,78.40485358751322,7.122606038560233,115.78002458281324,cotton
108.77978429801753,34.34964164062392,23.423475661610574,22.579998544259375,85.4871173505675,6.701103292859519,54.59077656953538,cotton
124.30321693758734,46.18752458608886,17.61367213795921,21.373779434094246,81.18743790119937,8.341705662226573,90.38935016630221,cotton
142.7193024271907,37.860679160781565,18.25915038624687,20.968701930980096,77.18241856318176,5.575831852378854,85.41811643818338,cotton
124.43241796034087,48.57688385359183,19.529839863495056,23.877043531931633,78.28766179584589,7.405230474901593,102.95844856789476,cotton
68.57179367431436,32.45771320526393,27.775870322126252,25.574063616598323,87.20023393463924,6.884656057293431,49.061376013616076,cotton
125.82315172467621,38.61049705612951,20.65242040157892,23.003227447558114,79.17131083618105,7.72756465173913,50.76903924905605,cotton
173.86065598821278,57.67848754535045,21.593558088568077,25.334187606953147,86.45340838341157,7.657458350923111,72.11074445417714,cotton
76.81383087155209,37.20526037857977,17.49384260152348,24.41379871191555,78.77523344584067,7.091154870214158,59.61878737780059,cotton
148.5078817570971,46.83149328864305,24.272465226665485,19.346052055717973,79.00036667419124,8.013951474526133,50.77676685618094,cotton
79.71268291984286,51.53682917649128,24.38242069477695,25.275988757261587,80.10119470720562,8.676113918776798,81.07448599058203,cotton
114.04837563710605,45.23200657100253,17.371800181578188,25.00907520589625,78.8041977647888,5.553635170646091,107.79837678526005,cotton
92.76207911108366,45.15775247284024,27.85147407410568,24.6454345197326,75.57145766932393,6.187964816242085,124.95913564560561,cotton
106.57200324230215,57.997646330402965,17.368936638010492,23.406506628515864,76.79312306882102,7.293750679677769,79.24749617607458,cotton
111.01233699262359,46.952291224499255,14.581436446225592,24.712900386508462,73.14347449323157,7.996115102729211,93.09833863932339,cotton
131.3608335495028,29.222100169635592,21.774673793925864,25.82255380688293,85.62218076176903,6.74486713807232,105.43388768100544,cotton
128.73625078476368,41.055948198248245,15.178655415248233,21.625028290166863,80.35036130967298,7.972177811034957,99.75221371250176,cotton
133.37167947273034,29.766275707421485,14.242045905377559,23.755757606625618,80.50954002447305,5.590226348575747,111.31349290084214,cotton
129.72147450904768,45.64830594180964,14.69266403329107,24.14676611339129,75.46666984044772,6.750861845479777,73.84994673565126,cotton
136.58205328255445,62.75557160089167,14.834129572058288,25.630753734298636,89.16287971028393,7.965202317322143,79.36593241944718,cotton
138.60671977495332,48.32219761016847,25.286306950830962,26.254235215512686,85.67053768476737,6.928299964011699,114.8160562327472,cotton
106.96112855695797,41.837694095970896,17.32795523397433,23.027977106383528,77.75817636708037,6.888754311043637,52.84367210965123,cotton
138.55666590498453,47.547907275436586,19.676708673793037,27.30850832933906,78.9974915868674,5.926018191955982,90.77934982218339,cotton
92.70893924518967,44.67849890879969,16.139153452786296,22.315392554964678,81.62222508988474,8.05784280409487,60.14263057103813,cotton
112.2410753503993,45.9262568485885,10.640618001790283,26.036917281075382,87.09330133148494,7.014468398230572,71.26676607571113,cotton
103.77694001161608,17.762182591213147,24.636419173757545,22.781067097198076,77.41693965669832,6.72109718526659,93.09871121685995,cotton
62.40245924375763,53.179424804426674,17.07114977235721,25.379157108288474,75.61445490507371,5.935261519791391,71.94329647615153,cotton
88.38591436695529,41.29666421331466,20.963192146873077,23.415379755870525,86.31081744926573,7.802182730935739,67.43709680263964,cotton
128.21675121433523,33.209146293190685,12.248590237906107,24.826885807788685,83.14684603474147,7.56641042624144,105.26190323537854,cotton
112.41064131776925,46.89325077163243,11.000648287443688,24.881592235697198,67.42532169432882,6.72553672045166,58.44442837922009,cotton
109.82607849442813,46.698083221436654,17.546766424445693,23.037248265617478,72.61719461913896,7.149617361805184,101.76244528448107,cotton
118.50571602674475,31.856880681472298,12.400060744576402,26.829748219668918,69.81364364260489,7.943993402170038,117.68967484358764,cotton
109.60091647753204,57.027712450045556,17.058802514997076,23.74240368619229,79.1633328948443,9.385251261187063,92.11433534651246,cotton
117.37241348745461,31.515014428151538,19.89788204841103,25.93068013341036,76.19586217571333,6.079619452420632,97.4913439901589,cotton
138.17783050859194,29.231641367376703,18.05986209324641,21.303262873156804,83.09963672179848,7.013330809616298,58.20728823601863,cotton
118.02388362836105,40.72228991840378,26.424006352224524,22.852422078233406,87.26022791727634,6.004514689382124,65.12977710258664,cotton
98.92498399096108,75.28634590749392,12.226087860719211,23.84685288555338,82.49233951213917,6.7890421425583245,98.87457683259825,cotton
122.62629808752068,41.64700766451186,18.772712942631088,22.206023792417188,88.1225135467172,6.823999791677717,84.99277531493718,cotton
167.21154776951386,43.37367137288606,15.900921316497836,25.174797569793334,74.5493131667693,7.46757778342506,58.272078165064315,cotton
106.82190266884267,51.07348010095891,23.62379650256434,24.642339662814955,71.03926470118785,7.51297630559134,70.98544039191269,cotton
111.3775278061848,25.05353900973987,18.23501310931781,23.098841542411275,83.66474593239266,9.20110121488893,78.28206956512258,cotton
125.39612881409084,43.16259674929601,14.24165225087902,25.154223602519888,76.2497064183481,6.635594418925478,76.18210204732677,cotton
72.92147667774513,42.939023171058054,17.192580912404257,24.082249458294285,76.467336381108,8.37258350070164,112.18996012678157,cotton
88.20241059355784,54.52025977810662,15.566576888066752,23.867040013491426,79.0361126504828,8.205620845264574,130.85070299821925,cotton
99.52467457945653,42.18547880081236,25.42866740479091,22.577648765016203,81.62195160397465,6.749723006862048,69.30010044178313,cotton
111.58119085295314,46.4487622563791,25.74948226330504,25.556116788102667,81.24125380680003,7.68279420546931,104.34334899541633,cotton
122.93018181388156,44.398555199157556,17.84993970209315,23.190971148974697,80.65493589848198,6.3990232733874945,43.4939745117901,cotton
116.84537403505244,53.79600592695597,24.34639308639372,24.204686963964317,77.44862420205395,6.962770200050985,56.557310656449104,cotton
123.4096262440259,48.560604571296714,20.49501193610714,25.07321041942164,85.9216010679012,5.290193151911277,79.11123799035994,cotton
119.06576384881619,42.73558508317318,24.24305041657232,25.560665525326243,82.68477219227029,7.414250598792002,66.09881088079055,cotton
159.38769167392522,57.00452101171521,21.54683184871071,25.335832351682562,83.00647903316796,7.565905069152522,64.20305883478746,cotton
138.3170212553965,54.136666986935126,19.272963964265127,22.765133436365126,73.9731149440787,7.125682000513375,148.2763661708688,cotton
108.12725737047005,36.100817803095126,24.47619872923063,25.020152316801898,92.6869637235909,5.733274352582028,90.51460276965716,cotton
163.39733531055592,43.485674941604785,24.29597390583364,22.097468585604386,80.61723886609204,6.401489898113646,101.76758408516298,cotton
130.42335766521242,42.10677992012083,16.73346392350067,23.979752903463982,81.47681471718708,7.351182452507024,68.71171694311484,cotton
93.62720896319361,47.92131148438228,21.201508221441358,27.383358443483953,88.49470229187658,8.127329729005304,98.40400661037845,cotton
101.69148517307472,55.2386369342354,18.12904566690142,24.198361028504436,67.90423042588311,6.299983167867449,81.78702080712874,cotton
84.85287037989235,41.300595468044776,15.880153404708238,24.080847521965733,81.87942079128044,7.704803677087595,73.441416618721,cotton
76.00470308247634,39.059773348456055,9.029891596691893,21.964161855915368,80.95587734568404,6.781417212780437,97.8817754189719,cotton
117.83120444810987,49.88086030023715,10.492206826035767,25.291180762918334,88.68943616055014,7.588043177600224,99.59756176021884,cotton
112.20705762205527,42.93204536374085,16.141134429868686,22.665704274438703,81.35374606163285,6.802807478557502,45.90001016365312,cotton
127.76420708258115,43.6980993041575,12.476093567258083,24.678190405153565,72.62579059266628,7.592679064409985,95.0444408764473,cotton
75.34315716192187,57.166799071266844,20.42245714671726,22.92598845181062,82.78846664324165,7.47160254767254,76.08747201359883,cotton
104.82397656128302,45.44748565223491,15.075896642906642,25.54709632232479,81.97239288383122,6.911110680663709,68.76250819193466,cotton
112.9099244091336,41.294412917579066,17.944914696445338,24.95374328301323,84.30940499282957,7.1277943924110225,67.19104780020866,cotton
141.43495274106715,43.972820676580085,15.094089699709265,24.726221008351928,87.74102572750678,6.054397392810136,70.19930783763277,cotton
98.02557771663285,33.20338611045398,3.7997310587226956,24.628481406370348,80.44756546959678,6.177877627664129,72.1880461600162,cotton
99.4514316485554,37.07568054799653,15.601668072353004,25.228632404996624,70.84045853457893,6.186752492304816,86.86145940548987,cotton
134.4256441589194,55.64751742103755,9.049314501510327,25.27497958649389,71.55917617113403,5.74360028289988,57.07584025550823,cotton
89.95274774160501,57.41749353271463,23.25922226072813,23.759258767445207,81.39452058817801,5.699666956436438,73.69116072546899,cotton
119.76184213798268,50.77882281836497,24.76269799045175,21.547484092771565,78.1923527692561,6.932394772624352,104.8131521176152,cotton
136.2812994220488,42.94628122387398,23.169850093925294,21.5958552318439,79.6461549106934,7.2167090303552355,84.05835599859363,cotton
121.29665472661713,53.344340249402535,8.582968312685555,26.461100211202677,84.68678146810751,7.838750552311112,79.81997946064101,cotton
135.09496625133022,61.118154420379355,17.252226323575556,28.431224302506,73.72304599950041,6.215964805963076,89.26790670445476,cotton
88.22027727470125,44.59591316066944,16.748612936157585,20.52267870450094,80.17376715336218,5.618023891792735,109.11402401275414,cotton
103.77647249093674,53.589128907487385,15.725375698107118,23.58636157688606,82.04260440867581,6.763965800115752,87.4490373614868,cotton
120.63354015858395,44.669463546769514,24.12845236658837,25.1038908724176,84.63343286633756,7.76198399481372,49.162869980290125,cotton
99.13222998835701,49.99882774517319,27.45694602050189,24.742075875707016,78.60901543802792,6.147987108891016,57.18738297337834,cotton
105.46195812551008,25.86867621289487,18.54347535173031,21.336148104591757,84.10177303864151,6.26518957088541,61.5248613888973,cotton
104.86689642475439,38.98574707882433,15.543993888464174,23.661258283717753,79.01847427751211,6.142863196403571,75.11375746631629,cotton
112.45967380329866,58.66263933919869,20.550972293823463,21.772661123029916,76.05523029180291,6.9595280176157654,59.814459762996705,cotton
107.1399633926743,32.721405652394076,19.744677524379345,22.816838378387565,80.0079772168338,7.0217227210671895,141.75752713394104,cotton
105.18094782935503,27.94776024218153,12.294867586720192,20.406730177984144,79.76007264717977,7.424634082060024,74.2075334624125,cotton
131.72226783200452,50.49012942691518,11.467573963436605,25.097467502973007,82.04334875355929,7.5643572329038635,76.18054228320625,cotton
145.44439883723237,42.140273690031506,21.665777773588815,23.953330226431955,78.28705238794305,7.272472087324014,64.27269254643566,cotton
141.93161371643032,35.40977516995715,16.803817160886236,23.02387758652664,84.85562720807113,5.615622229220686,85.41673230615999,cotton
105.2548391642025,42.47514836074711,16.969528586081555,27.574951623106113,85.63101509443997,7.450727947189151,60.374587997311295,cotton
148.45100804192586,39.434941963802856,19.83799975960752,29.192356897117463,84.68768782524515,6.995596131307199,105.23914003800257,cotton
145.0747276496462,49.44319372814261,12.191336563933302,23.540959423794465,78.5438697869313,6.3249509552479175,83.07773263830077,cotton
121.35652437792153,37.0457791707331,17.162087996477187,22.69193885563675,74.73054881849535,5.823050994509406,68.73073941199966,cotton
124.81182168110143,49.28713322206448,15.079513850359904,23.782817728060405,89.02207715126016,7.594863017655748,70.00196105647818,cotton
103.1259451108586,44.64314858461618,17.679574843802694,23.57343253997207,80.62022120442528,7.225963366408679,77.09894501216729,cotton
93.43481239365244,29.16779135645882,28.87303298517039,21.71391748641063,77.66077233384445,7.311348541011002,66.6260705363805,cotton
131.5180313142688,31.605021705224466,19.058809574369615,24.98248382360588,76.81413116990814,7.4383673900112965,80.2031628599753,cotton
118.47663926422665,45.67601940042813,29.22734812549664,23.728184248853236,80.99013612161878,6.068978911855003,101.73210750099913,cotton
125.67784516213285,45.63933035251155,18.838402057807173,26.577890163785845,77.02905361955314,5.834278904712423,62.368741872662454,cotton
124.73583383104629,50.8895135968255,29.223775934939177,21.17235523954033,78.99237154919894,6.726546773890343,89.74817600174994,cotton
80.05907482561419,44.514616767285396,10.287240935752289,23.48575872164029,85.90419561295136,8.272918482060472,99.90677197599376,cotton
90.07507594131285,43.635927516165204,15.508124958610932,23.72493294738128,76.86901602098436,8.371986186539965,68.14088660430959,cotton
128.87472272180037,50.899654315008824,29.98483915915287,24.288391507083347,81.02795619453778,7.951846629161122,62.635774700400454,cotton
135.5603819456808,52.15697617946482,18.75022724692345,22.55803214036866,79.8867136764563,7.384065383181922,53.53493676547208,cotton
139.1302661791379,44.87796987305136,23.57716532777612,22.090396313720596,88.1417625066737,6.779409045328156,46.97137552898104,cotton
107.25912987735832,39.24086068900696,18.277659646134016,24.86447652201653,82.66425693235546,7.075625107960994,57.929729600269376,cotton
141.3712027498625,54.13617267319211,23.789539772533686,24.79840810283911,77.0650125986373,6.952689081633388,97.75211063038441,cotton
103.36261354342139,58.18988495663458,19.6992560209564,27.378728632681963,76.88354530187918,7.59799603392564,69.43904526360892,cotton
134.3412266387225,41.36086831064778,23.27763947832616,19.81940727318664,79.37434564175398,7.38864193009897,77.93739252408949,cotton
124.33126017415184,53.97543617771799,16.180757986994415,25.063452249743882,74.1484812200794,8.026256691730811,80.60129301894793,cotton
95.32317643884745,43.589745911090205,13.563328773063514,24.468295158349648,74.31382302707802,6.474539418837139,108.11244883314083,cotton
85.2183803371893,50.13884891173473,10.84503987808892,23.62345455399704,74.48613470957841,6.860132864852844,91.41552912811227,cotton
117.30976630502731,52.655167752246186,26.09594088061808,22.45348966713459,79.32745768639627,6.858116534169068,68.96208637484419,cotton
118.45025308986199,56.54142467665432,13.486205549781559,22.80430470931251,82.61215546326082,7.252656483614703,59.62187952143654,cotton
100.08116935515082,31.117626520241384,16.334073590982594,24.8667834420057,78.41559961202435,6.946334502592042,84.56927746816116,cotton
91.58430561723767,61.032970850484844,17.32341376581081,26.118265738886564,78.92707464512456,5.600528505869578,86.73514128733285,cotton
65.49670905800708,48.57950469971144,22.489381284319528,23.107360830140745,83.97167235947829,7.764389992924937,48.67084984584247,cotton
114.32386725804041,35.72087000115947,26.967309741131366,23.01691181872464,71.4227992644067,7.090498119453369,102.56425337836622,cotton
102.64339440953405,32.31609855353078,26.302064173047857,22.38517587751904,72.80966749612,6.375340174660525,88.8297003033065,cotton
102.3483932975842,65.00573146852179,17.09202834029319,24.70143197856825,84.85088702394353,6.0498803733338,100.19467065964602,cotton
132.83712828964354,49.70480910735857,12.947909280046918,19.57962524930159,82.32064518887935,7.624325624980077,100.1335097439767,cotton
116.25001845674663,59.39016953931024,21.273911588092417,26.525573977442015,84.41960438283779,6.944246782626043,84.1689597039358,cotton
127.86641235237435,36.59112718095978,10.509698531924549,25.050680805502466,76.40247475478046,6.326820370804015,89.07250575306327,cotton
112.80618544154188,57.88991674307956,20.32334669535395,27.842845702047,69.92669123913865,8.724423212690981,44.333491241208726,cotton
101.44247478077801,42.10384002633574,19.411218080158683,25.252510353105198,80.14214592481869,7.54397609262026,85.27036121171933,cotton
82.9524934940501,31.60023844517869,43.270452304232776,25.121442889427936,70.88901288466943,7.239252854578551,156.96137167767074,jute
83.92703485536812,59.525382650179594,28.76166646322516,26.653136971475128,79.29140910037948,6.94939009600606,161.6271893001665,jute
73.4825031378883,49.60867507846483,35.686075227501185,24.717044129013463,84.81028803208292,7.6100569557046045,155.83935819705593,jute
86.29055113195871,49.482900754131514,41.15071305069344,25.710869212732913,76.88882491285759,6.949386595737082,173.20971678100253,jute
74.13283685356203,40.80718299935658,44.67324124907137,25.042705337777935,84.4342601941142,6.191207954140617,155.04586827378523,jute
72.89385563792133,40.326058213550596,43.78265542194048,26.970123382527483,81.14904822521504,6.418947262506482,181.14599089213272,jute
88.33678558320837,43.07280014387298,42.05388920563849,26.322432231492968,80.18914727063978,7.48501723526723,154.61828021051937,jute
80.60273714586532,33.665311215495045,38.336344762596674,25.83856354610593,71.34508260491762,5.807163091478491,159.61018446171016,jute
55.36579293116978,35.6986030741911,30.071087612931848,29.38233177896563,78.04139760255038,5.54788814122239,214.35177675788128,jute
81.4722904783402,58.08623139728702,44.316972854171766,25.024750409734605,85.08616567170372,6.169709222742663,150.99726336641424,jute
78.53298775698599,46.59238090704214,40.85129706304072,26.06337175075428,80.56930817853404,7.105347345675628,150.63395063322045,jute
79.45895144623734,34.242842395718235,32.04182484228719,23.430052313224994,78.43175777906474,6.872631002296442,160.63243148069984,jute
61.567360939823104,50.21060136060366,35.904101380899554,29.420381855624512,71.13270832508329,7.163264496087349,185.66358881862863,jute
93.20499690802278,48.48460541237843,36.34223688016533,27.97559053539412,79.3416649380492,7.545490193949113,173.10382277967088,jute
74.58429992271431,55.506358432968355,33.56906972808941,25.438627442138888,76.38398431273443,7.026228430008045,158.08400031839656,jute
77.48476415697343,37.52633106748381,40.39764016967733,20.267177567801696,81.91444684664373,6.0817597480734875,175.28092114637528,jute
72.53860761978963,62.96935735637049,50.44451483104254,23.75417843149823,80.57671688901321,6.391711193234804,126.21551889983682,jute
76.90083912934878,19.001391245983154,41.83603349707674,20.338061753468274,83.35505314873645,7.211416117945969,226.35899031736366,jute
84.48578319383525,42.43301932973521,38.93234201376499,24.935950151484274,73.43299555197802,6.578258644476503,181.82375474203738,jute
70.57650218422123,43.13484998620892,42.9577783325947,25.848592664068246,70.3287910375758,5.993493119943998,168.52223125317468,jute
82.00305656528782,53.82541844998829,32.23484426184308,21.948008157611532,76.0675677355755,6.646541375318696,148.56625232321937,jute
78.25952451489174,40.50608970167216,44.589522699446526,20.823254594996026,76.678251242862,6.731256912065907,178.81199379982925,jute
74.53833212635746,37.89338307411072,27.92768826275537,26.0129166577538,75.69095725046812,6.323989107750167,211.97354467825892,jute
73.56640837240958,41.629662141826984,47.90888803795761,21.77567005671987,70.19325983961141,6.981005099043082,187.28405923569045,jute
86.65355401967774,46.81130976462165,35.06929185901232,24.372844779219196,72.55593011788142,6.758423153828375,144.12338270226806,jute
68.81219435169986,44.581970833605666,44.4424809679403,24.44680755742133,71.81677991818438,7.015563333062869,181.9243724422269,jute
93.29414275536958,55.11506826304518,39.9573433217165,23.066026853919244,79.94799042545701,7.161723649402446,143.648853900917,jute
69.67976573393847,54.88412745829781,43.80498027507559,26.751668980214205,76.83305239571627,6.89400674931324,168.9156415516596,jute
91.00659801103254,29.913294708836432,28.540919105032128,21.24587511958496,77.20575052979154,7.388556336202783,163.9532712757456,jute
80.52732305477795,53.71146823443095,38.226516661246286,26.108361972083685,80.05996582224789,6.767175330911335,181.80619918281906,jute
66.25974860697131,45.82873267264039,42.28381146307364,23.164476961344597,90.95672511747406,7.610152544536626,162.654778096442,jute
75.21130398417996,72.04194193553187,41.332330383867735,25.007406855838603,82.40185163364242,7.254491894687059,137.15473166328366,jute
78.07408302471799,40.418230301394225,39.02599196083268,24.638042498213842,77.84384853294148,6.345291668841454,171.9917941331089,jute
71.4893472927123,53.711467089890505,43.52107388090293,24.79158233693142,81.66071367663844,6.898221406659291,195.17753591141206,jute
69.27692943852375,47.90838789557989,39.579497973719036,23.880060908531892,74.24321208797105,6.747013289144843,190.79848224676851,jute
80.61467384346072,43.086508297192424,40.81528903056474,30.82585390183496,80.84215343004102,6.201846366343945,168.43008118678958,jute
74.18672201150746,53.72125887100752,38.67138170123326,25.130948612471254,80.6452142288325,6.568536973998352,163.41206899981705,jute
86.39110875303447,46.55829329860809,35.876420663573505,27.807962256878177,85.3345663064481,6.562438405157239,179.11128816309073,jute
77.90556907520255,50.43383790647775,36.96270073747882,23.080657838116036,83.79680843515382,5.847721852283134,143.0620527279077,jute
102.67713763246294,38.4117471749458,41.714505537488314,25.106142918619845,68.36576463181558,5.451580713821857,170.02124711305385,jute
65.45445283197684,53.535973785867775,35.053169031275964,25.390223329645185,73.23768690023589,6.501059262138275,198.25900638912378,jute
87.97134057694689,28.98018926778934,38.181313539883405,25.213369383790013,81.10113726590406,6.444319182633938,157.18834869712262,jute
84.96500125907838,51.52378676257435,33.79420091885875,22.232107393241684,81.79875233146518,6.747071536864291,140.78140262235007,jute
71.07322591922554,42.39913411980601,24.826253414307633,25.19893461669776,79.17247539808166,5.847856580698195,170.24864597269612,jute
78.63302223513963,42.656427977099675,46.54809316704096,27.139353622437387,78.77494435851439,6.798925846699491,178.53617525636614,jute
72.12310478949651,31.11930187982827,36.82981750302988,23.999148069517762,77.92197599956437,6.999607851037014,173.05142102279723,jute
74.27410548382579,43.04535099465852,30.714466840641045,25.918565777158992,68.88764030424375,6.708114477562861,179.11197893870838,jute
79.25409007286073,33.91494381356701,43.08106705965851,24.52263054581477,72.40511645728957,7.380720214401275,168.7536787118371,jute
80.95062150111345,42.18179913395682,46.77579743069704,26.384071150511225,81.56784401222237,6.433943715990831,169.6094000998352,jute
90.09957935157033,54.13837495542015,40.7564271948977,30.089302434725617,72.72235030066963,6.740230013669867,182.27874519372975,jute
67.57853464090417,43.56303464069644,34.75710159307006,23.41340336837705,83.43052499072927,6.795957268947491,168.5203711490851,jute
101.9068166382926,39.91442971452884,46.673354854865636,27.105708575783034,82.4836205400919,5.728313137251682,172.92667130008786,jute
49.9152143945358,61.81444541313157,34.71578422090201,25.400808669304702,69.66694955335213,7.070835305459774,175.59087727321415,jute
77.96557048283555,67.46984482347038,43.51501126947335,27.391409375771765,74.0601244533395,7.248227348582024,185.32045645733396,jute
81.21888274759985,44.07236120874416,35.097927879511914,29.40223676556314,73.18519994348374,7.719087175708466,174.95070184134946,jute
77.46454934858514,28.82341356520505,47.56510895103175,24.065233517749036,83.71946117723296,7.03063909982491,189.26273493576025,jute
83.84507610824518,35.43250376481259,41.15945193813851,25.89687675987329,84.70790821694197,7.582704756237502,159.67367460380427,jute
69.89725841497187,44.901862514233045,32.36916394181609,21.808590149925163,86.13871278005543,7.0485099942009235,176.2971535791353,jute
74.06729835471221,52.423429881019224,32.31195013723185,19.751716952322518,78.3180723450788,6.44995445581155,195.16589703509828,jute
95.25862013782128,55.80622194709657,43.50207936511724,24.064854495159476,80.16308137691671,6.744524399052554,140.79815663874774,jute
64.76694483221179,43.09587518326129,39.52020477547897,24.59318861085104,88.45397054667859,6.331333190641831,186.70508221590438,jute
80.22723442763169,38.60750496193653,47.80028061467533,26.035695013893122,85.1359273561652,6.858561155788325,176.25421285196518,jute
71.83978684411518,52.36692444386401,45.62767255907313,24.428501742219392,64.21137042975768,6.892238781751095,165.5316034747501,jute
77.67498097623758,44.620508054035646,40.63771236992405,24.260316877249114,85.01680567450494,6.170826774037566,164.3533669594571,jute
90.6330307564538,35.7855080579684,31.85581506320073,27.709422959440793,74.13521352516723,6.630371744242424,166.54110903994874,jute
67.5502462574626,64.33691238420056,38.098949238082774,24.117362288262814,74.00168566004828,7.37400860545844,167.21178990414336,jute
84.67361680112602,39.569168748265234,37.04513946987483,22.7320489475535,76.140519502282,6.506248062062284,153.69287412249295,jute
74.30653058887421,50.97522947329351,37.56285773605937,25.431232272346367,83.35881376537549,7.067541824207807,166.17346716720957,jute
94.78218459685775,27.69673097069999,35.307135268468826,28.071897665774483,77.4392280390597,7.449469918208148,187.43061895814284,jute
59.08882151575952,47.08512162789627,42.392837952717365,27.148411951177742,83.75903886135474,6.904933892922351,136.3739666564231,jute
89.90661213753602,40.720641353472686,43.315172704294206,28.230070555922588,89.41133520410487,7.022200469851203,157.7268014255915,jute
89.49265669697652,49.39835265034877,41.83101973158361,30.620351535475685,78.48327161932986,6.951014745125666,168.15740509684986,jute
57.95644422910667,56.579256438118094,46.259268676674324,26.506270780051807,76.50207843926846,6.254871707712779,144.79708795719148,jute
82.93198792054082,46.52640712459685,40.8625773113029,24.831372893001287,69.32753173217966,6.956824380094182,159.3519123326062,jute
77.87226108786203,50.154239076643464,49.23505299428988,25.066099634794217,84.42389995151314,6.932696053810316,172.76806708545246,jute
81.66835185527255,27.154487368474182,47.7062316243497,26.53534174734717,83.3969762565364,5.986158547374046,173.7916858335442,jute
104.55660148079369,51.17349582814738,45.512658432473664,25.41343338883195,80.93017513878834,6.65739069318929,183.9377744296337,jute
88.09868608877045,43.412265233844735,37.886316699522894,26.0516236932815,79.36235313191507,7.007431501633513,149.50449426393644,jute
86.42831556043981,34.10536127765687,42.39212119347614,24.92842465961107,74.85790149357935,6.647863030710276,177.03334928451252,jute
86.90728138445024,43.079116035436314,45.335499386320535,27.408327638076706,83.3458742328894,6.6810049801352,160.23670556682296,jute
67.00085712924212,51.23652032459019,41.4006653636874,27.105188307406078,69.08606347378964,6.329724299880176,148.19094582072643,jute
76.37928880153056,31.507735111372693,31.509565291989624,24.06503333689052,76.18051530420446,6.876593842834595,182.474210654578,jute
82.36828747816978,49.347470521773104,46.46194932409295,24.5457797668252,74.289191549659,6.814224454823588,164.91484016454964,jute
79.28975386096099,36.30437802185301,47.46651885213255,24.10165550645688,83.20779630823844,6.5639467442529025,183.72374112942862,jute
92.9650783744871,50.58860604212619,26.77483655219065,22.88745443761948,73.44993988731659,6.9117651018115165,155.95863878192742,jute
80.47900289248925,66.0473342732976,36.72920296142174,26.131216477337237,90.63232547837865,7.05813795900624,168.08067073638304,jute
92.30022737548543,39.45337472544814,34.37505643947088,23.868445300637603,81.66718340776549,7.352368108801643,146.7704329590743,jute
80.62799734623007,70.04613914167916,41.56857555993401,29.44727682662011,85.21389615943384,6.832690013460175,212.41110678601223,jute
80.64970044515643,46.65152966273873,36.212232122770786,27.072481177732953,79.12570714639759,6.9335041097122785,170.85931006308405,jute
75.74958958802246,65.6601677003001,46.339785898632414,32.0024424521919,88.50564718404326,6.637813513380283,176.26472834151897,jute
78.29197333402135,40.239927642860366,44.91521655159383,26.21936682551514,81.94627818874757,6.787502419830481,181.06141119621222,jute
80.906037796494,51.65313046660435,43.896908269588096,24.720315201581247,89.30021837611255,7.470284481985665,168.77367213072432,jute
78.65859505636618,58.96794181581009,37.69625174968458,24.487471968295644,80.00137360597388,5.743075169868845,197.06566248911594,jute
69.59791199033728,62.29282115735346,37.69169832354347,27.289864761472757,91.01652987493202,5.869081742179959,154.31554736548645,jute
87.61691879693115,46.791512841522874,33.55726107586114,25.226750186779757,75.08274219309779,6.478190632924076,165.4081040272501,jute
76.1536057413623,63.98710626454516,39.76187738259796,20.656116099873977,76.16727029171136,6.250190023233325,198.97884336274407,jute
76.71710352554743,42.43013530859586,43.78794027924494,26.23359720398715,80.53806269227954,6.66300376980192,162.7709899836651,jute
72.26408387566869,32.44517301773047,41.17288852752911,27.870452002101032,68.9089227375632,7.226572367934237,182.1711021886838,jute
84.69268731348109,31.702465063236374,43.90624099037613,25.813593996847615,83.62843402653668,6.8433059110759125,166.7749247524649,jute
75.99567168602474,18.389723797106278,45.51696359456189,29.143282752972787,83.33288816758326,7.33618146063897,177.20675551723758,jute
74.94232600594553,47.582545431680465,42.44810747713094,25.24217079248557,80.6045109509087,6.747631106468918,156.36275123548558,jute
68.72798795171263,48.33554662505037,39.71730410985821,25.611906563539137,70.9890731037155,5.973738044631185,179.49001053016985,jute
74.67162339994059,43.238639681225756,48.083032637131524,22.85770942687552,78.92648856071335,5.237327306118448,159.92300761019726,jute
76.82620867150955,65.7600002101302,45.21698740996724,24.158091516237665,69.39708246240525,6.535064201732499,172.9809668314585,jute
75.96552277215439,55.63735933040353,39.263053857213734,23.784206545433378,80.46013177284638,6.809234496794423,180.32820454972548,jute
89.18162430098077,50.82550274505937,33.992924037197874,23.755032107409846,74.8562352546812,7.5427058760830095,217.7624262203079,jute
79.83206998757449,53.26731330876281,44.00517656136644,24.88545589935807,69.80099637970768,6.959509693702012,152.9216808825612,jute
68.86918789436226,51.44394398670845,30.936324931173246,23.806087436916417,70.47508071856171,6.627510847523458,194.29973725326712,jute
73.19805781073642,44.75144705151965,41.77906067874712,24.05727183478597,78.77876085223727,6.247794031197708,160.70640586562226,jute
79.33622547796568,44.32455055763462,36.43688965502814,21.886808617224567,76.8420518480826,6.623372393960865,186.5862391469278,jute
86.29999453184493,66.6037855024208,35.29307621235885,23.537540878942693,86.29848147657057,5.443777696250615,154.9607247252477,jute
67.44161262003159,56.648642965390266,36.07000217898356,26.239534356840178,83.76101410433246,7.0383790146600695,165.21628018544988,jute
86.64606781977913,57.943444440355705,35.409018918753624,29.20088885748423,77.58061978197547,6.539481909264954,200.94478348339004,jute
76.99481765711141,43.63939388826532,34.82515004963448,23.306904989366473,81.53433988133857,6.074061331659659,125.64494227093498,jute
67.837993537744,36.542735400084425,40.779012467718424,26.002234510668337,79.30095645099334,6.5884856662988645,181.69626766028023,jute
68.04564076643668,63.30615413813901,41.0593562982176,23.648073025619883,87.66501933982008,6.652413652571442,177.11590350585044,jute
77.81899637111653,49.955009141368386,38.478490024526174,24.535908809471895,77.52376118078283,7.614899143643538,197.5461013689246,jute
79.32644035632677,60.54204579894798,40.40490995199133,29.366491916577928,80.08749439345368,6.370986353772894,181.82198824504005,jute
90.99535544050143,50.89962965133455,45.530303839103034,22.588786871093305,83.41842667778185,6.660202372794855,160.88076270303645,jute
75.00834447470683,60.20505719566567,43.92260965618201,25.460573223124577,87.18751109438406,6.991367359606546,180.62921778959966,jute
60.905276526918,41.05169509862013,44.77393178002527,22.602280941407848,86.15882265462368,5.85489074018845,144.40138262396783,jute
68.88914727220919,52.58182706271513,37.0756967765224,22.036851800585076,71.8436378782968,6.217732163175053,175.29170091241815,jute
73.68205271983325,41.89650594598264,42.77927311113524,24.56449507097785,83.48842643451601,6.638998305632079,173.547597735715,jute
70.09111377150941,60.1240152541106,44.34847115793337,25.366770609501273,80.23644141196804,6.788274791196314,203.169637222701,jute
91.57324475023759,60.44338745111716,35.51069616898639,22.216632420175255,77.1802098041426,6.762651599264323,170.89332541993718,jute
67.50315854357144,50.425426314379116,30.852765485486575,24.014707053995952,76.6220555800742,6.546027305801135,187.17668150783746,jute
69.2262589716878,48.654993664742456,30.167351660628462,24.52503118996871,82.64682336212871,6.996938743479002,192.64343559500176,jute
89.96565587434999,39.78976746570589,46.719647989447225,25.118188244262754,79.18639884464562,6.5078976841053935,164.19037200471817,jute
63.87863929992097,56.96685672306552,33.44447794954617,23.073199807323714,71.66805212197471,6.242255257188443,151.11232812681334,jute
90.54948091901298,49.58330669979986,32.2708359391756,24.49818833162369,78.30677900586524,6.447297900362061,193.61373341626404,jute
78.45119235957002,46.55356490733586,32.42385223146971,24.487861246213686,77.53325572792302,6.652222981466939,177.02787555132335,jute
63.48655137904375,39.15367376839022,45.39949494843692,24.61082076627796,84.6345395040662,5.898095940028061,155.98689561679333,jute
76.54646987031757,42.013421749128476,37.87066119206509,23.997874720577865,83.1063530115443,6.756893494256013,209.19570046873378,jute
88.9284931662002,55.154097749337126,42.213018977464905,25.461464811901287,89.49787119113061,6.011403973035026,147.00913721286878,jute
82.8890573700573,64.82231900634747,46.01677184809667,25.003601274834104,86.20900615559421,6.602326531096139,155.51296064046667,jute
82.24875415120235,42.70122865559272,32.92345787254544,23.810379524902704,80.23031846972883,6.432944067972445,164.5805132194102,jute
86.81349047153269,34.01517927772678,44.251507566198285,23.961457186179423,75.76450468969179,6.122071466367903,166.2124420054573,jute
90.56681860774734,45.0690115768148,37.60758751311655,24.907784593549618,84.63994003701883,6.8236291304320975,201.85414290746223,jute
73.4139924092885,35.22668775265929,34.77489215473361,24.631664520482044,84.96046789916751,6.540586021698499,177.0991678297294,jute
86.08125406554336,55.10055268720455,40.93955953892696,30.378658486670147,77.09011636143073,6.539516220138138,164.92116839375868,jute
83.40862270135648,44.040336435827165,41.98477495109075,23.43362961690779,78.11810390152507,5.423451432976742,183.72382327782955,jute
85.31037144294828,27.9863753971918,38.21607162223001,26.638195084136886,81.2263352677258,6.674415987463965,154.42710159063643,jute
85.01684902065367,63.49217982595994,53.97999086589125,27.12190447323195,80.69565772728303,6.099252719444576,185.4516376589745,jute
77.61667778347625,41.88791574291564,32.06788701625537,22.44146152696179,74.22307847882784,6.667775775539936,207.6270891409827,jute
68.97399490684853,40.172251152611224,41.46378258329101,26.334607583608637,81.6882860398978,6.358864908761321,156.7032945413369,jute
78.38540771295877,23.03725879546589,35.24822187888183,26.822464153249932,84.93374526254001,6.461627176956629,224.99015918293657,jute
74.64185082551253,44.16164818165792,45.290539887373875,24.339124942522822,70.88041669523801,6.505003147715292,178.6152425988902,jute
79.68413367198319,65.48031344978824,33.63524753090846,27.584863511020455,82.31907055561999,7.161815971079849,173.98008786640207,jute
78.54100014578115,44.934581274151626,36.3422815544852,24.725438773831456,83.54749533990736,7.782273501735155,156.54307399488954,jute
84.49586406521645,50.082063846072124,47.666754545268525,23.432163611264045,79.57314715183583,6.5885537804159044,206.8235805073164,jute
104.23053830726104,14.908244683004998,27.40128245294821,24.165056913474093,59.231876162872766,7.486279023591689,187.97302320608838,coffee
103.50465091541163,16.824139478522,31.272685999055227,22.327118885572954,53.93462519581324,7.526571993680825,188.52921266315093,coffee
91.54584986113944,42.229700827815265,36.9776602089673,25.55962725103592,48.41980688619808,6.41407971220532,168.13278864060615,coffee
81.21508272826637,19.892850519121183,32.512428875561454,23.158076287369788,64.37856618429294,7.224895594720892,147.9482497268911,coffee
78.09951365103002,40.12206303320036,31.627270443272284,26.249299651953223,55.963449686625935,6.9348194899190645,152.8994500229909,coffee
75.33752702188427,33.069586744575446,31.052337775683082,24.811401627760088,56.43884468088516,7.367293906020416,145.30216609751614,coffee
62.13243460678005,47.55335217682224,22.542469910582465,24.697580361207716,55.29129527765647,6.205123325582035,170.48708279621508,coffee
65.4259928102652,27.701912964198776,30.50214780715991,28.765491976907594,57.52036252969762,6.637259516473242,117.38476744497962,coffee
100.3308156774273,26.46932166319902,27.27102085696682,25.49823868467778,57.08602914097778,6.611419295962182,145.02427773470987,coffee
95.6786686754569,24.25646781919985,37.053002270600885,23.781293367074824,54.120508823662206,6.759419236341216,161.28797330321743,coffee
121.4871707011064,29.479290909558063,35.57325921414177,27.103225454985314,53.10391271238777,6.925815977012742,146.89332839770742,coffee
63.786160000587934,34.10096673488613,34.81283649897506,24.194472329202753,68.12620782270969,7.332826935318968,167.3223603444459,coffee
124.27193002868579,45.8051095729639,31.274116839885338,25.44571450990226,54.77305498989114,7.026307113342202,146.44952847007278,coffee
103.9519477513334,41.0834463369859,28.2094725019349,27.388346143702496,56.95374572442604,7.103217152918493,76.57892664105053,coffee
74.59157952250462,34.756234609552244,33.90965791714715,23.52972153618565,59.9957802451975,6.488003586907576,154.44561135346018,coffee
115.98920494678629,37.168085832596745,28.875234078672246,25.23429127640369,56.536237039297994,6.467747337226489,156.98611148968882,coffee
116.4520757205617,29.892137505881742,31.40401100734318,23.466758654982826,57.29752561805209,7.609558849360153,175.32018144168126,coffee
104.569433446609,21.769127665962777,30.099144571293753,25.114222669882174,51.91869917256628,7.0806088637400375,174.39678524659928,coffee
119.0958359242983,34.988312821181,37.23467377409487,26.61425168654533,59.83035432947539,5.9890115830587485,163.34476542005748,coffee
127.62552244050079,21.460673043610743,28.58423245176388,22.59470512261231,58.552552163651946,6.9121414827047625,123.17556761705188,coffee
119.6933032609781,46.42708864403062,33.070324232871364,23.44346149388242,52.693001640749685,6.219881665923337,179.41504628454032,coffee
100.58161978654971,17.350670270200798,26.134607950407723,26.6893195182105,64.28958767214262,7.131146498021318,156.35036660692796,coffee
109.81492568289809,24.721602097443068,32.349442104727444,25.691234065182957,58.697489330126515,6.870195056367566,200.17049011819773,coffee
99.29894639197403,25.562609714931114,36.786257276376716,22.53950909669643,52.331160497324845,6.207459147553003,184.55946941807846,coffee
97.9288586131361,21.949023653752068,33.66043889210035,22.686697850846954,57.62098611444623,8.621926780318724,157.593243801265,coffee
118.61845462979505,26.15938359115407,29.497293263709203,26.257873760566415,61.35558987277556,6.787279986754962,138.454111352118,coffee
136.41132631927425,52.9008311182227,29.13419905643514,24.814182461531217,65.40259287767027,6.848039658641133,178.0085887729133,coffee
96.1146038852427,33.67640881139899,33.498571384094326,21.300032410604068,56.55103050672168,6.456347116150453,158.01437779861092,coffee
80.23578976663327,34.00767098714751,27.67884626948395,24.668923725532757,67.23014133227458,6.249187646343613,167.60279631896861,coffee
84.77218785479197,37.761234036671524,30.322822922695646,24.228609255247942,59.07074530812611,7.02253559098401,153.96567022944708,coffee
96.31097749267515,9.956064610573744,25.277222612614473,28.596047131934306,63.59982744757125,5.973588157540439,134.51581954031187,coffee
95.58343425722097,27.784606569417072,26.44469938817341,25.32313284560265,62.05495096157221,7.349518377673489,175.43163314923845,coffee
114.42686422629997,27.94974512356051,36.70098979279708,24.628981974538974,57.89841369447896,7.038441821450858,162.47260265003797,coffee
104.28560547715264,32.027780886830946,34.9675076404555,27.788901751649448,52.22216114382807,6.505066743050366,146.44239844561005,coffee
73.61357272767724,15.570803599940655,24.674317858236115,24.38039731647361,55.99170039859692,6.594998885966919,160.0732813083617,coffee
107.95305224726089,35.38205788652963,33.28077840106714,25.776790091611083,55.09762378438485,7.265600724477523,177.35887323179432,coffee
112.24182914641557,16.939012039478204,37.11440056584073,23.66315440607184,55.21934671042875,6.353040821700164,157.78384581534684,coffee
114.6858966668835,20.17015544449085,32.85159319184183,26.78007148251935,64.87152647323073,6.649185282610468,147.3897484667212,coffee
95.4202400267386,24.56705491850542,18.923403027330114,23.525928899736975,56.47320882395258,5.888030266441586,171.32083292702654,coffee
56.337140528866236,27.02456059721722,31.786468132973994,27.98573572533156,62.14502233039932,7.262310825446215,136.67252520300173,coffee
115.17160189760611,27.167808791900654,32.16024376094839,28.4269004106323,52.53230095421327,6.960334914802871,132.56274770285387,coffee
111.61355266473807,53.39664561198035,26.60426466130325,26.245345943753723,53.953621307977855,6.317619213820821,117.0663340334597,coffee
81.67131742198184,23.951176889137955,35.67321976654005,22.343938738508218,64.32960853364399,6.44512284376072,151.16154061435412,coffee
70.25800810948343,38.495709796826375,32.371660072528236,26.019662755493496,63.07299623740569,6.878321275196762,179.17794131515748,coffee
108.70231656710061,29.828737972174288,36.949286241566675,26.959114891147898,53.33670201272479,6.890302294592005,187.0365903221147,coffee
100.90030464526768,17.88923661615147,22.617437079720307,25.262672462636267,62.82898921807386,6.6101156101809275,168.04665787011763,coffee
96.62327667196314,17.539755151527938,31.635451745212805,26.46206081354924,66.38315454260508,6.5822929463133955,162.59673466879332,coffee
90.66081632489086,24.540041970239837,31.954477328753477,23.002398807377794,69.31918766980363,6.6348019583214,163.92764483818613,coffee
110.00318213058715,31.066171641372918,43.55938967305551,27.020858930707437,63.555537419209436,6.908528131145028,118.32277907027441,coffee
71.83295365059064,56.73264782245368,34.88457792245056,25.847257813996176,60.13868094361836,6.956743354472574,152.4946810892721,coffee
107.12687636523535,35.52138597702342,23.891174238580476,24.0719842092051,55.4287567938417,6.919621222521819,156.08065208969248,coffee
105.84381324115168,21.11213725315541,31.91310549209736,25.858170094563945,50.464707796430474,6.905104252493026,161.04640920491113,coffee
131.43322059763403,17.623811809192848,28.9764901134199,25.375663996304972,59.786499441172836,7.19533567934932,136.0331040177423,coffee
102.28130897606104,46.566260314749904,30.873716241836807,23.926828897919243,58.23227104230066,5.775777270828573,167.02034825276561,coffee
101.17605634871873,27.135126435285667,32.842503873660725,25.88053203485019,57.4766734040308,6.365948365471146,144.85980743921283,coffee
127.26484024594234,24.26581140890278,38.90644971193507,25.868232878044328,59.165347268848116,7.076081329610162,186.74991551426407,coffee
45.67555444936146,39.825681432389935,36.726530361547766,28.260286151676375,57.97317008501105,6.909359928802459,130.10893148505656,coffee
99.75032265437356,28.961557472124078,36.13969238425099,25.865672416136867,59.56753255195494,6.560710110255554,165.88495420121586,coffee
102.83067167451924,17.38367530171127,32.01000120650079,26.53860990355155,55.35319824268516,7.434866020447763,133.32838347090325,coffee
89.09766072072965,49.013053067067446,34.970865101290485,24.686574209076156,60.98339189486972,7.051365670112938,175.66770711840124,coffee
111.79690417880549,40.22859636798324,19.75194839362934,23.099191429514214,59.34938934145697,6.364339644674198,159.64367452915383,coffee
97.03620183409022,11.705115875279994,29.450146764419472,27.81729184093331,55.99593126998037,6.9268804941178725,138.6072061632429,coffee
95.04633137000882,33.319354171324996,39.1919742255959,24.606153736523957,66.5371568743684,6.314562412766229,168.29622401126704,coffee
98.11181202463236,36.87605280217643,27.715264517035184,25.485508991650605,60.975848303889336,7.3969048685428,175.74637735148679,coffee
99.52060314572157,32.38023940047345,20.02847509894146,22.513103598873737,54.362089675723624,6.502995093782657,133.67613029259155,coffee
88.77566390525621,31.968324411205515,22.873963300034426,25.681883206714694,52.180080144033376,5.416687698305001,147.70167721593896,coffee
101.265489812966,33.727841407821195,27.536577744737635,22.720175917652746,57.335377483563484,6.473154551411963,162.24163180123716,coffee
89.00310302261204,20.937978257281014,24.31829022342395,22.804746791115623,50.02193397362815,5.96114377202634,91.2705970160084,coffee
85.44489507133979,39.95831292058442,30.206855569245185,23.932324055209758,50.245313214306215,6.32058276110616,143.81758837957176,coffee
132.07372950471603,17.641583515103505,30.611121454681957,26.655765797077148,55.447788160390324,6.599934820648805,182.26059181546498,coffee
129.1311479300447,49.701863538092475,24.49262273288376,22.938628343083998,55.56571675139522,6.511328378555765,148.6717505852404,coffee
111.03136998870824,17.241217025889842,23.19922071595243,26.906733494101623,66.44842278020748,7.463640465689594,171.62763468505747,coffee
75.76010995224804,30.354564511658143,33.18447381950183,23.647010549221832,64.08763743454497,5.707911404064442,168.38897133063878,coffee
96.5848551908023,39.14632344534354,23.155231915321867,24.423329939660125,62.33878402577703,7.188341175029708,168.44347465687775,coffee
119.3055345236336,46.029711871647315,33.45110357848702,21.611553527790328,51.223825078882925,6.141874073062238,138.58551389791748,coffee
90.29128104920673,20.154676167521572,21.11288784196529,23.86470300348127,58.72040094460847,6.6296027183677095,139.67999712295222,coffee
114.45847083190405,18.833863945839557,39.252210003348345,22.968842470762056,64.05319187203321,7.152612146102902,172.44433638990242,coffee
97.1257109284772,33.568341689199364,29.879597478536322,26.529756415992054,55.9880905603234,6.975610195481819,133.0958184176295,coffee
128.03789748253308,36.28164854934684,28.8950233534621,24.106456030735643,53.06983501983711,6.611684259463613,157.35021679420123,coffee
141.82744713555576,5.541517294608617,33.104521172749884,21.361053141840145,59.50599992929019,6.616328834991519,166.22310794767975,coffee
99.96033261748634,18.161409792465086,31.516359655564386,28.243171815137515,56.082939633164656,7.4669955812621325,147.72663949298448,coffee
112.10917588456044,27.232640338417642,25.340313473327896,21.924757228908888,54.73650559612499,6.309792407782491,170.22240930248697,coffee
94.2535823355129,31.699040698331054,29.390400703411167,22.390975346953603,60.74070192359089,6.105913529052777,144.6946026629559,coffee
76.66588026918123,23.99996732470621,35.45393810977916,27.28755042994554,51.132463027145675,6.902864939769884,201.25709445119125,coffee
134.70140189170257,31.46999655999654,29.456699919121636,28.97288133967834,58.45731882247828,5.939348460622963,150.18039185114586,coffee
71.88064304805206,13.500698743343406,37.15868503106939,21.906885504794605,58.30192185181101,7.506472118419928,183.5925344712532,coffee
126.13664579782008,35.04282169710202,29.530664304761885,26.02542469795288,60.13986749362721,6.263323002703595,141.83936052685618,coffee
75.77473579046352,22.938899552464704,26.93657548062818,26.223261849239044,58.586954771628086,6.919949768339532,141.46224494121114,coffee
92.26691338846949,49.01208747362857,38.37138982036352,23.471876243194238,60.378037818859525,6.302618238244204,152.71593556261115,coffee
83.66181533583256,23.989722789843093,28.50278810980697,24.724683683163445,49.97398986872142,6.78628302769267,115.13666436363482,coffee
67.57707480233466,47.6145046593145,34.22355206500955,26.21497002583497,46.59451694809587,6.3605835014147365,160.946959629526,coffee
94.0173964947731,31.7833957578162,46.03301325035568,24.648856403105388,67.43690327365448,7.50101869042082,163.30828208708755,coffee
107.8748979525677,21.9860495173653,24.898870202243888,26.25870440213572,67.59058758894692,6.645976239060538,178.1236448163444,coffee
94.10917967693577,24.747345611657927,36.05338732469805,26.043507528193036,56.28647268821501,6.976464867663271,124.1688775065071,coffee
117.10685896821805,26.71761666143201,23.778026277721203,29.406907375008494,63.79703621668046,7.303192054364953,178.15568212618732,coffee
118.97489858577674,31.011453991520305,35.97752601241557,23.602675642717564,54.859016044705136,6.223202919630902,174.7555464971522,coffee
87.95541100963062,33.74441790665212,26.70076041955987,21.98227629043198,56.29055347464373,7.265226573946313,150.76411239207738,coffee
106.77868822313282,33.88074790952288,40.96736094875571,25.885050626144018,60.42035126519655,7.013394941653719,147.08838459521291,coffee
121.48103166807684,42.823682139955466,30.934498340847064,24.812696976707112,56.0540467552364,7.207423715761125,188.10576176477716,coffee
110.94664121090665,34.987568632727736,35.37248365469873,25.747898174308148,52.80771681997339,6.943613290386328,141.04466920939456,coffee
80.72023214233194,32.9231995264153,31.9153549864982,23.6929524177622,54.92783972839456,6.819139521531292,138.37776227113216,coffee
77.34797344426701,21.372635836115094,37.27956813382225,23.13573033387034,52.16932026754159,6.872649399315325,148.5802541138193,coffee
84.23040959746622,12.334472942938323,23.768315248847593,27.633134768462607,55.01930001330191,6.446762758653654,158.63968066470275,coffee
106.24516806863615,33.038525834022764,37.03169818393292,23.159860691953146,55.61970928193458,6.6498895241051335,199.1873176345215,coffee
110.52784783707085,39.111150227783355,39.72906517331903,25.643307233157877,55.99499710953752,7.417238262114687,144.26574457675295,coffee
134.42259347539942,26.614190689765415,32.44458222020433,21.971592275955892,55.73482145757215,7.479493107881048,156.3342633452713,coffee
134.2490175858118,32.52387282247444,38.284442117575566,24.15072719855821,61.379496774028695,7.209783665120097,166.61299047447542,coffee
124.53867910459408,20.27696283711939,35.815860795612785,22.848393748274773,61.90203998792475,6.977030964780033,119.88319871597912,coffee
76.39049940019221,39.34615300108595,34.229055165928976,24.88703088665822,52.79843296593717,7.21069865501681,149.88182961696032,coffee
91.62703306577623,24.631428844201956,24.70406411847036,23.29149500998869,58.78568299429735,7.017070011374884,211.0692226632747,coffee
112.12044318177904,32.6635517286654,40.938640863637076,24.51324372046172,64.12417222321447,6.8119631729002394,119.64438617497999,coffee
84.51006921121161,35.64954911868175,39.60651190762061,24.375841779492557,54.57582008434065,6.902716334385298,165.55350007292196,coffee
100.30936908201014,39.908900015038235,38.186100392011205,24.59030994782893,66.61828340061732,6.074764619559989,210.40165642002086,coffee
110.71415683557728,22.748414572370407,23.200161347224697,26.726714043559078,60.8502329089466,6.85434410943247,148.2367874109267,coffee
82.29872735600932,29.480905364379705,30.92573746858209,24.968155708515827,64.10748758102268,6.629611978816131,177.35883915491536,coffee
75.7569347686242,22.66750294222793,27.818321150233913,22.256306898411474,66.5447681291203,7.154664757893154,183.4375638803557,coffee
129.25023295121073,34.124806354742965,32.30568791318108,27.541455191442516,61.06898038017137,7.091274976933473,132.64775423862537,coffee
127.59154270746293,33.02369555672584,32.064039861194246,26.562981418952123,60.473472276098654,7.741197167394939,164.71580346388706,coffee
94.24314234545055,28.20968808459875,25.30784131681022,24.916983963012598,52.1528499641153,6.967560121509535,183.27772726707022,coffee
95.97391156908976,16.624239321828654,27.36705631317077,26.314956537873396,57.97376515946791,6.155035617376186,160.41990328713422,coffee
86.19743501781852,16.649859923010485,29.730335546602568,21.930799180860312,65.66025870920707,7.182020512720562,141.44789551373054,coffee
102.34974043713952,25.821831939607257,23.227503082595913,24.37451521212787,50.76041225926864,6.545458762647762,138.31946973316803,coffee
113.44484789432478,21.24446184229261,29.075475000060447,26.310352131357426,57.48650163463788,6.722292976942437,147.55091341380768,coffee
97.33128447683775,12.796665642015416,36.862573934648736,23.58271749957552,61.46015339613663,7.296794906542241,175.76183226026393,coffee
78.84370162023015,34.568495688633334,43.423823496647316,21.499202621373836,59.2267538427102,7.887821500975853,141.219071153803,coffee
89.00557160671273,43.98774438136576,38.772047536881075,23.395030722696646,63.834312485274744,7.114633149359949,174.86012382985223,coffee
102.60791909292409,29.566213866760016,27.81227212388609,24.85064986570012,48.99490379176668,6.551207213509202,188.56090119706147,coffee
50.792880964439405,31.443784291005027,33.149731164799114,22.748512263506647,53.316475673369744,6.819394651373594,133.21571302287518,coffee
76.56889502508419,27.702759806772423,27.00875967506045,25.692812328986953,58.69399803374613,6.275941815343783,151.11405210865698,coffee
122.2270035561763,27.12791948506355,36.408831662011124,30.422425786869752,59.62112974276016,7.031726299672569,170.55816788783227,coffee
104.39210423577529,30.31709922212753,26.360964414769715,22.208521182113678,57.028862923218014,7.613363818074008,174.50090269457144,coffee
91.79316174747726,35.69875270820109,23.99543129805654,24.40360807479957,60.817933345854456,7.20871647878792,148.73480848161793,coffee
91.27412560601603,26.005172409848612,33.42464139446051,24.85115490788352,62.733708970143844,6.9158716344326345,159.08613302662377,coffee
90.78374596109508,29.120380274488213,36.84856874645366,26.432880110332626,63.49608923633841,6.4950425601110995,143.85052637884544,coffee
111.9988686815494,50.95795080862919,31.411785037695306,23.272530112435696,58.668048004586765,6.992436126238962,132.99777708768025,coffee
57.958134219226814,33.16404722581174,32.003534586254055,24.032872320854796,59.82938209419469,6.638372101993798,145.9080156050475,coffee
88.21041604280542,25.362975904925438,29.575046493315746,24.748833531248636,52.776506495533766,7.180711760447138,178.84544494933476,coffee
97.0659178432948,33.79730257925439,30.358404889071625,27.101926622729444,56.74009752606745,6.482848135304376,148.9769495168921,coffee
88.73909944260375,5.040955231318314,31.676589052106536,22.73656577843506,49.82243669710962,6.7466782013410675,183.44075621632916,coffee
74.08245792054414,34.57734684140083,30.311943205827827,26.08457038579714,55.68383141589373,6.938598701373473,164.5813367037392,coffee
80.1815820600439,29.469075798150545,30.215017174719442,27.708145359736985,61.92143459234449,7.157898987004729,144.55289077186833,coffee
101.74058381446835,40.750751330333856,25.05215299932332,29.57669477297681,57.51939814263612,7.108418040566517,155.32812687154794,coffee
117.9002869755536,41.88687294810303,30.548743717636732,26.35479777129341,58.04931632914549,7.180323323757511,160.51547731927084,coffee
90.8227750061939,24.340318754932202,25.813652823932987,21.407769774923665,55.187177753810325,5.8521398299938925,175.21180652704834,coffee
72.66765199534511,14.140905215574053,28.90882828124988,23.745411696956225,61.90821605426819,6.991230778568359,164.79724309258836,coffee
70.58362356953656,36.473844372068086,32.68333217802305,24.22163555098276,56.50825673944859,6.5935200459147,223.96355115617325,coffee
98.07758484174987,53.41297883208744,32.932924368777876,23.519987578846912,64.28731327824421,6.640811870271524,174.43270757434166,coffee
101.80714264851026,27.718119563546594,23.98046765948797,25.530723631113812,56.88061398370834,7.046958248663822,176.58577209048147,coffee
82.78762207214065,9.240433946003073,28.163527922765603,27.4196185910289,64.62063633417381,6.805990061311397,137.37596645362385,coffee
116.73216153156565,54.48096052771021,33.69910201560693,23.437323176294587,55.94259216903769,6.591322776641191,149.07489312865386,coffee
57.10090322772687,33.02099173082425,29.327158431550227,19.435155970943537,53.55181337563658,6.255640404767327,68.06608796296473,wheat
67.537358344448,36.97924532642351,30.98797746269529,13.5979279997754,71.72523197177705,6.4496085804613665,50.21594341146468,wheat
47.5350179407906,36.71385818969313,29.8209616859308,17.039728586005612,54.07470545790872,6.033072870329299,47.50379275067997,wheat
54.72499858247093,41.36408031324817,23.415738914683757,13.390852965575199,45.80601927679166,6.744819153571971,76.86012995202202,wheat
69.48148885880127,41.10435180683465,33.71554702453157,20.850568173823365,51.68927703371908,6.287937684928172,51.98978739602862,wheat
72.38565084137319,31.72936904954994,27.11913676388032,17.92939545240535,69.1863886290985,6.087114364278585,45.35253812249409,wheat
53.84348104153144,43.48881598604534,36.971244722430605,19.990056361202406,58.30911578202228,6.403352187570095,57.65908213107191,wheat
50.690966215898385,30.936264243801684,28.912712186213973,21.914008189303292,58.5010267428625,5.9249042218801975,55.33604137436594,wheat
49.23269909809955,44.185988745076656,23.379985196251816,17.967711095296067,56.16677095907309,6.977487542634683,58.41906916891946,wheat
50.808660200912996,38.48598982810392,20.77823023497185,16.02857597065826,51.89146988827774,7.2826625164633585,62.97318904226028,wheat
65.30652159394498,37.38464735851585,31.258809817100655,20.74790636134281,44.83016134192176,6.426231098935012,71.6158552257775,wheat
63.22143012596084,30.77348986262509,25.572478517211053,13.596424897413037,66.2806383134871,5.1064593785856385,101.71401113309322,wheat
58.789439560199746,33.62819676948354,33.85207181220484,15.235726426514116,85.98259454611498,7.1525620757167605,66.88367151183886,wheat
41.971468077435716,35.14315999815923,31.035944594926715,21.588930173159344,41.000256079642625,7.310111675646132,85.92099571158255,wheat
52.42335949101905,50.97705703019125,31.2105966595782,12.981912037917628,68.34562725622338,6.316435343777486,95.68947317747941,wheat
65.014677283888,46.2609849475661,30.62274316670964,27.48042091096513,58.483159757927275,5.801232254879437,45.53740574603683,wheat
55.57860590343597,32.46892941265085,28.395717077495462,19.91866716681532,56.97695277309526,6.3232706920687045,88.04076101464673,wheat
43.45532660336762,26.345547220767745,22.408168043864194,14.47734701040709,48.9554796160252,6.096872088828949,67.8590681744376,wheat
57.30281135617091,50.865906095215244,33.966474425144,23.453468952119344,63.295274147467616,5.953192347306448,109.99321691340003,wheat
44.881739652103846,29.928152573220856,23.70364819011127,18.987884761780585,62.386282967350816,5.845190454416636,107.00813234453055,wheat
65.23219669932061,40.66805891975011,31.308021451643093,14.939794732479685,44.72553001606043,7.0291669965833075,78.9137651830286,wheat
47.293536788797724,40.19731286300078,37.907046879438596,11.782799694919767,42.03983431953259,7.2425667698969916,59.286625350297484,wheat
47.11452313602593,33.34357345139203,34.403447406269194,14.662547212597111,71.93956310563865,7.103761497064553,57.569116645630714,wheat
37.72864363974727,27.552161238591736,36.44303805648465,19.09594978186978,65.3329243830149,7.017038882983287,86.36183816618548,wheat
58.83210965179248,40.15435171031009,35.88917154538056,20.54865965882419,48.58726054014497,6.8472852459689255,61.291473133323066,wheat
51.650715293645625,36.176362937717215,31.134367426249185,21.10237816861676,51.10826394135539,5.976991132810214,75.99660630484249,wheat
62.42860050609301,43.924370828923756,35.03343007978315,22.706917504509374,56.501714304524754,7.233791309917215,72.16875495456348,wheat
60.78013987534426,51.66957877478089,38.486510818346076,15.18201604001571,69.28567735150028,7.295164822168571,76.51104527171653,wheat
64.39792917213963,31.47710195960826,28.23825254009441,16.707723407488423,59.04069315964772,6.780151177180592,26.613380159238325,wheat
55.89853851684581,26.356510975124735,20.9978785932827,14.131778981454886,70.46240996486546,7.106442609264907,91.59303598294068,wheat
63.258816582168585,54.74501612865467,25.888238786079704,20.869578783096706,54.43401170373926,6.161277181762883,98.48108427694615,wheat
64.5314011354766,53.423132825929684,27.106756410658228,18.49056275980438,69.66832826110179,7.355730186281279,65.5521704889914,wheat
63.04397602246625,35.01353468527091,30.51310593304574,17.82602417739991,55.83235328865243,5.865615441849438,63.54458018648364,wheat
68.00102198386921,38.3502875782839,24.67631571090882,14.673808172572354,38.18992172665267,7.42682060367671,96.74386486307772,wheat
55.54519807001382,27.953812335247726,31.026718052810825,17.048643334322385,64.78223791051533,7.138038672039484,52.302306701352535,wheat
52.10483670796154,34.043500041558346,35.010625151885876,26.441609120053343,55.14350996322292,6.056040110067869,89.112650252865,wheat
52.852391892284054,40.06628151384495,18.16572293508564,12.805230559634687,49.76552283521603,6.899415223095996,61.837732508712605,wheat
50.717025017439106,40.91809802021847,30.395862520694713,17.038537865331897,66.38260097360711,5.582110637824841,47.62311399337589,wheat
64.9844466254382,30.181839650240022,26.28041093871033,16.847248580547237,53.03736916934899,6.712863169490692,55.988163543835945,wheat
70.41749205485047,38.30250017973316,27.933380375360667,19.848153955618137,58.156060263255455,7.094959263454862,22.306271254237586,wheat
68.82911941121677,44.879813061229456,29.478390452680035,16.659742399750844,51.3318620223705,6.899092163708539,46.0222516016336,wheat
57.55479827490763,40.97436102561582,36.432791083179296,16.575988999570622,77.6920180402567,6.797983911982985,80.13733910048259,wheat
66.12494547556483,54.84858449521609,27.25762493678668,19.063405588905997,54.48406463814907,7.347309422948982,51.54701364236158,wheat
49.52122614932511,33.729884973190636,26.130667973265446,18.62653980395441,40.57704202905741,7.412981377306437,79.95756970966535,wheat
64.63595884440818,48.30495516617583,28.68367945512201,10.05676849705484,65.49752217385377,6.200792541411495,64.96184229950308,wheat
50.05992040964419,65.87687278304583,25.64388629767261,24.411779176647183,77.01724759787224,6.763040133409091,80.70433234318628,wheat
50.95987014121517,40.56420091500417,29.433470703217424,9.561215748848323,73.15065735248109,6.195489209519107,83.64827706258203,wheat
63.99316292969702,58.784670779744005,30.669151811477644,18.814857202029994,44.05637982287583,5.797801670419218,70.96050369050958,wheat
83.30273240238577,36.412980632621355,28.4019536665734,17.160171264640894,81.38249507197895,6.429436843200657,85.8017271497574,wheat
46.30078384466205,25.610404562613322,33.106750070536904,12.229839202143806,64.36707933569001,6.384806831450522,71.87461161713013,wheat
52.15476961967673,44.05026348780981,29.377025462860693,19.529290521507043,57.65519020938093,6.853768005421464,97.37528896681931,wheat
71.82978920932078,30.52313202644903,26.154372514621098,16.902226167195177,62.22051465859558,6.00903767959274,63.08462282044816,wheat
63.90599472855875,40.858253365825504,24.325166807633106,25.537598910389104,67.24852785576046,6.6087011693944,55.65218786873788,wheat
48.36779022360122,38.50036700730593,32.175654267771534,17.735843183697018,52.07749210649793,6.5849651467206325,80.28392282784708,wheat
62.79072542663793,31.846194956145304,34.42398726841827,14.989902702362114,69.77433539986698,7.292995139177721,40.19677313945213,wheat
52.41037897549817,51.07182189425962,24.0534252143742,16.08170485159147,72.93702807975055,5.168148528662531,78.93628381183086,wheat
65.44572318318711,42.57225454340289,27.75711930619665,23.561452545171292,71.4628773640546,5.9899996436657705,68.03813359359123,wheat
51.9701296015843,42.48604837663337,28.718878943415866,15.078791613082828,67.54513959246852,6.4405857270203395,58.78945566921143,wheat
61.33499617647446,48.70173842601484,28.579328342194618,19.464667004052416,78.36027082490813,5.866168761019584,74.31540188476758,wheat
55.19681336033912,43.18652926684072,28.89239058649959,19.21167122476227,60.152918290595245,6.858434689271101,72.5573025761381,wheat
59.435742462913225,47.78403164276976,30.46213965791713,8.715910556871727,53.45457962935094,7.147541384199023,100.10374785187875,wheat
59.636507744633775,50.86844557996332,35.339274159140544,13.172795582901728,52.44772139824897,7.47829598619844,75.40447568891143,wheat
64.42709396354412,48.96615773548897,38.665591966066536,22.176887260548497,56.58306128094061,7.124523425547526,95.27637255730312,wheat
70.9315741164774,35.73413168066388,26.694570769111657,17.96924898002586,71.5919950302473,6.591816735447972,89.49922365932386,wheat
77.58379927470847,42.99434979339429,34.530959256547234,16.88275165160171,62.20109807472886,6.89109301385454,79.23740861748695,wheat
84.10373037539682,35.18903181772399,32.639902555929076,17.09137872889265,47.66983838381717,6.776426168048304,77.74344847166027,wheat
42.20913586350461,39.97297183413061,30.690690213115715,14.922213302262573,52.989955151515304,6.8162694272337765,56.02802611974311,wheat
54.55335168366357,49.88971600976272,35.626231640684054,17.324640170784622,73.41940565867966,6.3978585089294215,60.864274949478684,wheat
61.30462457388818,28.422468583707527,36.53824758834807,18.08142927291075,76.28709825168471,6.952206650343875,73.66030093516657,wheat
71.42168760443592,35.78946828252883,36.23138436974269,16.025673341308504,71.68290596526786,6.316209730554884,79.48091956394444,wheat
56.6502230803444,53.927959370417554,27.988760283231137,28.59891891474181,59.682407265429745,6.336964764456158,63.11403409182935,wheat
61.52302383967668,51.23435718869047,33.65949319204951,11.048005144368855,60.279190529811636,7.672036246858108,80.39953507114369,wheat
76.85259535525105,39.060791801154075,18.757848834259054,17.319151231772803,51.042682639157746,6.0303915376786605,68.599437561738,wheat
52.841462921143034,47.24723984704984,31.106437545925687,15.252385119403012,54.80219391623165,6.318785455570974,80.28971132629977,wheat
69.26375128129345,38.89548357066882,17.059021269089484,11.413491936970455,71.8640430831796,6.604834326182352,82.98631803581235,wheat
73.06119587585079,44.223203430792644,29.320891640416644,17.178158202664072,42.71627849987138,6.800570063798761,62.91912562903793,wheat
68.06100057848343,35.53762618880158,37.49712482870952,20.96181939914826,65.23643432629802,5.985568101991451,81.14155114204871,wheat
53.855727802997805,52.80518301956426,23.979308480158323,17.710115167880215,65.49582530897607,5.7301204442207645,43.18890205441865,wheat
69.75269437581478,60.89388841469004,32.17775955787209,16.953543290682845,67.22049569239736,6.32767942238684,86.73434024746939,wheat
74.09739725528263,42.98711741510401,27.642072052200714,14.720822788860534,33.25185263977232,7.330985696915145,87.11024527485242,wheat
57.956674788589865,46.267457016289775,20.31197616663178,23.553643701498224,71.21547173019843,5.768701597792633,90.280808654028,wheat
65.19804456179223,47.09346788489864,34.78360948154514,18.59851794260117,70.73001260331141,6.886488324516775,46.758250751682226,wheat
62.32253959670505,5.734536755690556,27.522588591399714,19.044338293963996,51.15678679075655,6.204166415104078,72.44907993883396,wheat
66.34814628231823,44.12416049301505,37.25671180888941,11.198602256299445,43.405695480865624,5.51880270414086,84.04303801645257,wheat
48.83511596924865,44.991128450575516,31.162632201696457,24.04923421884235,81.58925088917294,5.853608183591104,110.49805576182662,wheat
61.10706852070106,61.55728233684993,18.902670028039367,11.31882971404707,66.15140793613315,6.122318054970001,73.77775859811591,wheat
55.50105554916838,31.09703541505903,30.86286674136635,15.89252935042323,59.983107039778034,5.849203828477356,38.50772645612291,wheat
72.03632667004102,32.72377764155095,36.012567494214586,11.217071804023869,51.6908450397749,5.7508541084187,51.09511814882484,wheat
65.81508732186043,43.28417417963072,37.754700404429336,21.99953790419602,51.91517741889312,6.371631719033438,46.193822189377876,wheat
55.2398780588854,35.759636373161115,27.403751904628194,19.10351673729185,54.12832798046372,5.735456530833208,54.63412427687588,wheat
70.21894214257013,24.50638568172673,34.16186533110856,16.53383879900195,93.64668919686324,6.721079937883666,94.57109861113484,wheat
72.25824462773106,39.78862392951982,36.58931500510884,23.2175322531797,34.75119945994199,7.104460580841871,61.10353234859114,wheat
61.66457916429463,45.76659682776363,23.87362662759196,18.08970749491827,65.12949928056777,7.19779228672509,47.92487276665902,wheat
51.36730136096372,39.61585411381539,30.715689909324634,25.171439892884415,53.90725458006268,7.164874212703467,56.65186109211202,wheat
49.15479938685583,32.995596115558776,37.039770919462484,10.871536910912976,58.682393242166995,6.43031605787908,41.09056523706094,wheat
71.77702313086931,39.92081818632529,19.286125228235324,19.614617823652242,56.85893510190561,6.404723464031615,64.27922217678625,wheat
49.553700058596895,37.42041973407103,33.33252114202257,20.380467820951917,66.23526479726503,6.735162265402413,83.76825090974965,wheat
62.21175366343386,37.90313973677364,33.31224605655178,21.06212028280135,53.18719133364005,6.213821484035459,70.30428990489845,wheat
61.01048745576034,26.643951778991212,23.70729955272376,16.890391387299342,64.21950900719492,6.262962116531621,76.48595265252433,wheat
46.14954389520463,29.188356891316126,20.602133536550213,13.546385164151701,77.53591927901088,6.535812030423581,77.75688048590368,wheat
61.772793560165205,40.794162845136185,26.485021323493626,13.555617516475957,54.13590288901122,6.694283241808028,76.81497257763033,wheat
50.31374848642948,37.54052217956611,30.031277016128907,13.924033118611224,70.88771307447338,6.529739362024748,73.94801983993227,wheat
54.37935366431113,50.00914335011728,32.79654652446405,18.885263371430696,64.30058729805538,6.532868222330644,41.61794029650679,wheat
62.08128652171805,38.957925892183205,30.021532819710195,23.168498569125443,61.38506241418436,6.4467447998257414,68.82876173489518,wheat
61.33823187993202,41.58291051387605,30.2364756058141,19.47681660904488,49.82750591941223,6.370840038994755,86.93960265127627,wheat
63.69732261909837,24.412940540914192,33.57499811591574,16.96239627012251,73.98774268771655,7.010529589039126,46.671711934726915,wheat
62.7351585066301,53.21343075439408,28.4589351990657,17.493543293120318,66.91939830991014,6.760317636838526,52.42293013849285,wheat
55.51844511828684,25.83063212996918,28.47995875826274,17.088141273619936,59.388084328549084,5.917488139777189,101.92099916406788,wheat
65.58363653135349,39.223495772626414,33.58286300118173,16.740035266536154,57.10925477824264,6.181050929370964,72.94612287080837,wheat
51.58674724912133,46.82187642079087,22.904695302984546,10.936391662455126,62.31345612411099,6.768051177727736,41.98671456074902,wheat
71.25544464516443,50.8824981074946,26.351235729535954,18.19142681950999,52.31537075633076,6.392417768036012,55.511115266218255,wheat
74.62388619864174,38.638672575503755,31.32816211887924,22.58325647737695,50.62006649535156,6.098484220419928,52.14993702160067,wheat
59.57965931591372,50.003678200311775,21.742207725817025,22.558828031591457,33.6957151795026,6.880699209469395,66.56418693101173,wheat
57.27822273217806,45.16554496376611,20.97662460227198,23.512519080460727,58.785064591018354,5.2093731699844845,79.9735080520044,wheat
70.48696144950563,35.02319898807481,28.788987698206373,14.942688669414828,59.379980067145034,6.022491656890074,42.75042871326816,wheat
69.33559984886746,34.67069064655176,35.73406863712778,19.031289320796763,62.676298395405404,5.065327689937771,53.41890395685204,wheat
71.29821918261383,28.29652979285723,24.762986468192466,16.116184916791067,62.91179519976098,6.37751020279744,66.72514521475281,wheat
57.39558073618707,32.876647162300976,31.173414944246286,16.987954180568906,57.55880799963768,6.240730121241389,58.87259147296749,wheat
58.65972585452218,40.22607482242506,28.944257538556904,17.907540140511127,72.72081861200512,7.349757091241647,78.34833518255681,wheat
41.41130457895284,37.37645196133092,31.965160045158463,28.080387551459697,52.065891828326144,7.105333859787414,36.548070539781236,wheat
62.480587956237756,44.12274764870172,31.717450371560723,20.336691043653108,53.264629684244156,5.939655981155422,53.84430622412728,wheat
65.90722723703776,41.117978422151864,29.845818905806475,21.54500514999372,71.78511677228224,6.716445129031963,69.2787500100545,wheat
79.72687552046345,26.004517334725723,28.432867089019453,16.203594900567225,52.5166785628992,6.295375316802327,52.240756631503366,wheat
55.481782644538825,50.29450228832921,26.190689596882883,12.051541785158562,61.54212308778623,6.271489634117275,68.04728768808015,wheat
63.39542825260581,36.09372353143574,33.61857547232342,23.50012721139159,71.18894687028978,6.94230377703983,73.24034123018632,wheat
76.53622433685271,51.148072828281165,34.86322281205638,17.26484297367303,48.265915660149446,5.838623317100065,62.73359148776692,wheat
61.85986883117274,27.885288915464905,15.471793541303075,15.784032262408108,81.8018055507116,6.292857095623342,81.46456131423403,wheat
63.349003073648454,39.63571961343694,18.588014796746265,17.89621205004944,37.97378361386118,6.208839789129691,67.78768624365611,wheat
66.52526710840571,59.21160880243842,40.372461834579454,15.305327414886072,67.51282502839362,6.540105646552792,93.63999903016263,wheat
55.93781572749726,36.21337193286035,28.033079822273567,18.007750974333938,71.72282415377825,6.401340556937283,65.02786614154586,wheat
52.13654980493143,39.31352060339745,32.20186385825902,19.952813298745593,62.018700917775945,6.259282730038415,63.146991274310665,wheat
57.54164143161272,27.408318548891106,33.89863863410392,19.599584438974155,62.65812893706397,6.371236612316305,15.956889321784118,wheat
60.20141399701453,52.13620759599748,26.53736628477142,27.19282795322986,67.98740182885042,7.020674995356461,79.40345203820033,wheat
64.18817312874293,36.23177957510894,26.0834745032376,9.800391692741721,71.74291056713558,5.414681513421639,66.14167832633382,wheat
67.50317945846069,35.560036544600166,34.81353860581711,15.442434536038695,66.76381865726665,7.539173449835047,65.88967549068222,wheat
65.60598047912882,25.014589026658086,23.183679092135435,25.030655314891952,57.348775118997885,6.600246671665033,52.7757688731987,wheat
65.80682888397162,38.55716618398977,37.185813283878765,12.119899525123458,54.221894980673255,6.146465490168112,72.42857745471746,wheat
59.097718546969105,33.710855186037136,18.71750542799893,21.544654573528277,70.0621142063732,6.384374962100914,100.01007255859224,wheat
66.0273107640292,56.311065994725354,24.833176167284673,21.5892208104047,74.73212925389308,6.794990965635553,71.08084361031183,wheat
48.182326454255374,43.31863459588543,27.85426484368572,22.293019124325134,68.35908167569085,5.500197448222806,106.65473319778147,wheat
55.21249458861645,29.19025208410999,24.16741332302962,14.37457994671339,64.88957258357135,6.393569159697281,93.20352453256281,wheat
66.54199368914966,39.59362420903122,25.31285267540443,15.307866660365953,76.97423054400342,5.673237264310511,83.12834337108755,wheat
63.660644701093084,34.225587280171645,28.618392593330235,18.703594892747653,42.10607611026232,7.195691047955754,79.5028870157863,wheat
41.37827631863968,28.95968880909229,28.44534694130128,16.933514670435876,69.67254222811486,6.056117527958863,61.38800083596362,wheat
44.77305010963934,29.333035548947564,29.34870005880309,12.626911377933645,64.64933754453355,6.398473130085765,73.02490719555976,wheat
61.78651019447298,33.2388400002918,31.085215557105048,24.847930643434356,85.800218782455,6.23091414889333,64.56153763652178,wheat
47.594130325722745,36.53264663970602,31.89935977810366,19.04146673735313,62.90068297515883,7.050998828329697,83.30879356452145,wheat
47.06834712997412,40.4271654852916,27.871410246116024,23.1335437689061,57.53399503846962,6.316709620760925,81.6905972356722,wheat
41.01956325721447,38.89962742214918,35.12757060444719,20.783285213527055,46.74155571810495,5.7163303456981,70.46407703472997,wheat
46.46963801637922,44.46246991301429,26.041068953664258,17.575628485740616,62.91146559659658,6.048620437990866,38.03889524982135,wheat
99.9340157618501,50.45392162505677,45.394673612661876,16.67573311218203,53.659477740511534,6.950389740866917,60.74309158555491,spinach
88.11644456476789,29.748097873927748,65.12577056838312,12.953399542604968,63.68841022138971,6.334808358683238,53.83631547586767,spinach
84.29092446220373,30.64036794385224,62.495856517126434,19.364660569578472,58.58446432210894,6.276832403158881,18.341595951985063,spinach
109.63407284210118,41.78121983307854,42.24365789411708,16.095442749932236,46.59514324467169,6.063538058401269,34.74776124713649,spinach
77.79088614316747,39.78269177163255,86.80399170264704,24.111255809022815,58.11879353457902,6.729498217818843,79.21069044426598,spinach
96.22226931755189,50.11031303626546,56.984339674295725,11.183458800858187,64.47033888437562,6.290772975485236,58.10073098973876,spinach
102.02207014825204,42.503897296497065,55.280405077979765,12.607143828554298,64.79259812350296,6.405306700639883,31.47434798041845,spinach
85.02593758299895,33.59061996366789,44.865674371538844,21.069138981399,51.169162372331606,6.186999463539776,62.272904420977255,spinach
84.19156564961445,36.24220024628228,58.33027597087648,15.43875373583109,62.02156860638006,6.523714208894411,59.5351062519906,spinach
127.13629626294497,46.95058339397475,47.029112440570515,12.94995020315216,49.242978264268196,7.920722237999539,51.74152721892832,spinach
64.00192818868707,51.32510509645739,62.86391383658135,10.030408654455833,62.656515559568945,8.08657687401256,31.720589712839462,spinach
102.74476530999394,25.443284838408868,66.44215196647984,9.147843801181008,55.060331277933905,7.489442018668311,69.02340477254415,spinach
108.87937349038867,59.10607851611083,53.65363578489814,10.63647869197247,65.4538827218945,6.918795379459154,21.074705480204678,spinach
105.04215332239507,28.995430096682753,51.36055704045234,17.04946973862348,47.80779187708928,7.264389790922349,30.77264302317767,spinach
55.838532715933844,29.96858995987924,80.26272005376275,16.086676678577298,58.0538253674045,7.177309578350687,19.376041426193797,spinach
89.15097434595792,34.74513792928025,55.35161546402749,17.30085531439773,57.32123234909022,7.541948918189474,80.66702387417865,spinach
66.4381270228467,48.3429692001491,58.25065741288013,8.150100080419245,60.59980189511186,7.020015836497356,61.509798391833336,spinach
85.88709627367695,26.41257184850299,57.9231813010334,25.646220656187147,64.0957006215225,6.633353122287058,10.0,spinach
104.29807868123382,30.576905335786932,67.7630916128936,9.212165426026193,51.16057296299663,6.9231734184032625,31.579643977390567,spinach
101.54610453582994,44.422259684800935,61.47168290475827,27.41376062558203,62.14861150060749,7.53980156806974,56.62441206430862,spinach
96.15707582620719,46.05073414126369,41.48853906120944,17.5869694366064,59.81638810793861,6.814630403965948,45.26005162689586,spinach
107.94955956192041,28.864391482444734,52.22039204195106,19.656603699960264,55.60960606433587,7.047074548778472,18.881557234196308,spinach
105.59767002541933,56.844044790291846,76.17272110591007,12.989575801978345,79.70789472368632,7.096337520461654,74.87431251879255,spinach
116.85542498529041,40.18245710149782,61.830584222163004,11.019230719098408,64.63043840444693,6.866114736532282,37.506610745817994,spinach
78.62861507223192,25.4585941972679,65.47163066231194,24.46655292303778,64.06301706627085,7.139829866411044,57.68483357957289,spinach
95.90156924492928,44.92155907260309,55.79582628315972,10.589875407661507,68.37025160268561,6.748420608441546,54.13575076762894,spinach
114.55926306222698,23.465116319353353,63.9689052546343,15.889577810981947,63.149623797909435,6.701257690712853,38.41660851942541,spinach
92.26481205477877,38.37405870333938,40.653738023780576,22.656303732246677,53.942868283008266,7.1484275943176465,63.31846323765906,spinach
106.71687969533075,31.9106355995239,49.6915870456326,17.550544123095477,65.73137239825988,6.336866236985971,37.05787574841851,spinach
85.10710565995541,35.07591690178516,70.13902645021682,16.244853198980582,74.1040028769417,6.396549511835091,28.792348951633954,spinach
91.63213449372499,60.935910543665,49.26702074362872,10.0079013153583,60.54928748677035,7.000616522188814,39.923617739284964,spinach
96.39006592354359,28.98925912869011,44.682927942717924,15.603666007957635,63.51990378413487,6.838348207045798,21.84167863369311,spinach
101.71027917424263,32.43837224880932,68.19296445825636,22.418687712422354,47.034705089266865,7.929223017833544,25.139611128844564,spinach
90.87006782393657,44.39607941395944,60.504023104330365,18.045932697708764,43.584997870501866,6.244023560708964,71.58747832513242,spinach
89.04598989841071,45.18355518524127,70.02370304576864,12.047016833900592,61.99395203996195,6.448690473502889,33.913860106269055,spinach
76.5281770404714,49.04300372258819,69.74126634577341,20.37307915224429,67.81061608943762,6.719635194140576,38.40399413533607,spinach
109.16127911604417,35.0487071973504,64.9846445193599,18.26922052569267,71.69738386085345,6.442618047912371,60.02066714968579,spinach
103.88370601151183,37.37788913021313,59.28324247791557,15.175326979593185,60.63921072648521,6.715886120242433,75.5943458242358,spinach
123.73617268254732,56.44180505793729,74.58484556209301,19.4992171310589,68.1738803718455,6.014452477349018,47.968092422256795,spinach
99.95379758375728,45.82623524917073,68.22894838742695,20.846238355950877,70.40806567308508,6.986216656640668,33.74567751027108,spinach
93.99869195931431,33.922339311416266,72.3320558555086,19.50672630268422,73.30526192095773,7.127261841959852,55.564048194563966,spinach
84.52601327358244,49.67847438520929,61.7959265983129,15.829588913296144,58.33438088471251,6.694476602337794,51.889390842589584,spinach
83.58950070371495,43.1016182424639,71.24641762590328,15.475442420382155,52.74345401796654,6.702314245355085,44.45235978657185,spinach
83.45653788158137,40.214164599348365,79.5092358350491,17.94900698362324,47.69889114282526,7.4858124156508845,41.52708845418033,spinach
65.34830370576908,45.68086570249735,54.118398935444404,11.18125845357951,51.11668366781833,6.991024515316285,34.37812706284247,spinach
94.35915797510175,35.917481092275544,80.93016651199639,22.503097281970184,64.0036914364405,6.365053512233681,22.688048883100894,spinach
105.18220683038845,48.66261611163365,74.91730496960304,19.003188596057832,41.113721321610626,6.658258569655421,48.31456816177352,spinach
95.74157065460902,47.030781531826555,60.136404921984784,10.478643781040493,61.436402019468545,7.261265146854239,43.81290001124411,spinach
86.65680573366554,44.29346376700931,77.74002424149687,22.123139027919894,55.957453007981265,6.461131671430679,60.34727862416049,spinach
89.96122613036366,41.0281893605031,73.43827453590892,14.490309032540342,56.71428313697072,6.7646183163849685,73.43228808585934,spinach
90.58001873408027,31.162222756297147,59.640887601279935,16.345804785186218,59.21848183030482,6.203012631123588,52.73362826665721,spinach
89.1833849888662,32.15400033340005,54.891016679941636,13.632235442858203,55.275473807211924,6.414421445540565,27.315755674951614,spinach
52.101993225888094,39.760989190797275,70.1267323104606,15.110238764655454,55.73505595699193,6.285505467496006,52.019089386521145,spinach
98.05875940239557,31.680606044511958,54.606819341026025,14.373344978300873,51.26829091130544,7.146139552281099,41.0513297938149,spinach
84.57957950737368,59.183937860455444,75.29743812641495,18.16151430695198,55.893643713385956,7.550698622685297,10.0,spinach
80.81026382992215,27.790247782988942,57.73449750779034,17.8287259579153,48.31884635025404,6.316654701275521,99.54178343926401,spinach
105.04959070104356,35.24306321892655,65.84502949842192,5.566012164992916,61.49780089397396,6.551577215447011,85.72075555427429,spinach
80.78253542774053,53.62663728903843,51.36956977676469,17.916272374604986,83.93967326341634,6.021145075585008,45.61248657915567,spinach
90.20538845661667,28.906019850582208,63.252621612913224,17.031309384551594,59.0767630818123,7.493714033836156,50.810469461163166,spinach
89.30475185065342,42.78155452153045,41.57273109884747,6.809470154716596,58.16996247954717,6.387301577462483,75.45009048868108,spinach
86.35877019986756,37.555090721493286,64.06479196170983,19.71620378747881,61.22891251321543,5.8970955443617425,30.428345028050675,spinach
127.33275131762656,58.27192301872063,50.53212387581823,6.377865678112256,67.36717910730823,6.361991603628977,42.5862088186756,spinach
104.77792391847498,51.89542972355224,79.51332439872779,6.717188358051597,59.36485165610744,7.789685410640237,50.488480841076694,spinach
75.64883701093734,47.77942461729381,51.22550487593113,11.988867733980516,77.45618203771566,6.6539342994413,44.66573988522064,spinach
101.28340954530844,39.50087408301143,62.42264315733313,18.503006786085013,52.287808775116936,6.540607072379976,57.18058798117382,spinach
100.30282261270682,40.68172348633596,50.96109070265636,5.561580274571867,55.70882982790037,6.838441274276918,40.498587384806356,spinach
97.77775411463794,39.97314246537852,67.83753423303234,17.43116360915701,47.18441877365912,6.941071444421779,86.32437825135284,spinach
90.08237160200656,54.69013259918256,60.36471538700279,10.422040174024804,60.00277497947003,6.0598908538638385,56.67230465040786,spinach
74.20803372136218,52.4603474927859,56.88361311292864,17.684584721766807,71.85730432126901,6.466922256013524,21.172709477447697,spinach
91.14547565611176,35.21202313116156,27.406562283580506,21.142294694701,63.4452529431693,6.469667809014136,85.75324124130918,spinach
100.03453156076415,39.83363469783568,47.36287256117808,11.58281846842633,40.74241592768287,7.180154303277844,62.09707079201824,spinach
88.77208279965146,53.62787653544686,69.72973299931431,9.590902455666033,49.273263517264915,6.8118044154862885,71.67273951985136,spinach
113.44286126872579,54.809519360883264,73.51904616152075,9.901596237595122,57.085242405089275,6.4050344787694,87.60065765687885,spinach
87.73275058554863,39.172975227538075,59.10686070269258,13.268593986272958,53.89124645878878,6.78286791333123,46.200583890103886,spinach
103.96018872226986,37.256939191927444,76.13299883936398,16.038816972798003,60.09050814206777,7.186012390739204,42.59870193506809,spinach
99.488184340209,35.94735188952271,54.75110481400503,14.451720107139131,64.88416425855951,6.828766813317647,38.57598930382737,spinach
76.04398544424178,36.17626128827018,52.634095186685656,17.857054863562215,61.527021364442014,6.710526327380747,47.74960962249182,spinach
111.42566799341819,49.610273526908315,53.1327216104153,20.541794177138062,70.49439359294763,6.11348516780474,33.81422946997354,spinach
100.28241019776537,48.01465597533627,68.80240479770013,13.137236581827466,66.39642582846972,7.157679908351524,67.94063060248817,spinach
91.53439324091559,41.81950052063891,46.497537302794946,16.60248670117047,62.727561570548275,6.440751138417364,10.0,spinach
55.60127429153576,46.787554282971286,62.914426797788174,7.910318830049146,42.65875960767802,6.810117846409693,35.64289289362017,spinach
88.785754031151,39.584330182610294,56.38032635425759,20.065455003471282,46.38547097655979,6.967015837517319,70.80185677015339,spinach
78.07968952202147,40.69971563313878,64.22044749510837,8.448581819060767,58.46483118625455,6.2249373933166,77.52526770735547,spinach
93.87911968039909,52.840970693521626,70.25890435882167,20.21814922619053,55.343759874966906,6.4602430780663775,86.02964778663471,spinach
66.10540627285769,46.90489892985972,62.33210723557516,16.89793384290322,64.2146497081056,6.774058662453374,35.66589831144573,spinach
86.84298772888377,27.081413235730743,81.14652469191569,13.167891901466405,58.59260210239662,6.765593551222766,59.49355913234438,spinach
97.56641303666945,38.5034826448574,78.06706521801587,18.867869370239113,70.40354959569282,7.00102693779078,10.0,spinach
93.23217615571701,51.46097300966244,57.538808717592694,13.738108886210084,77.84166085226312,6.460912637704273,69.90109788062475,spinach
83.26990749887396,39.937463805213234,61.353806963426536,17.5085350835537,65.23826338970517,6.933244110580137,49.264098424258904,spinach
79.72272477038463,26.004416457072132,66.18969002395576,20.77649077186896,54.66932359870836,7.334717860443437,52.57045957840204,spinach
109.37919547713912,61.00089677749727,36.38359599590119,13.552475609319188,55.78250195291034,7.0644632647726215,28.189040825336154,spinach
103.36995106918492,49.43111394958053,54.75162262491013,8.398121994485024,61.53610800905396,7.468653867383271,56.70280694145775,spinach
104.7173542352384,27.918866906590452,54.705492865817945,12.458182221028496,64.12755564323572,6.824990823006515,51.33609978131889,spinach
82.48355013403862,36.27006835323682,66.48767803411192,18.83722826107135,32.72228895761204,6.9254250384274325,19.50220866568378,spinach
80.71760496787532,27.196611529622693,47.53243193221196,9.569173808622542,69.86007010772968,7.165335408600522,23.614032084763647,spinach
79.48413984564557,55.51884512028803,65.34404959512413,12.44314341726577,73.5370341686364,6.591995073100685,41.35318195130904,spinach
54.09604767999754,41.80462520240617,53.947550856898395,8.151869314459606,74.6748667768599,4.9602266496053815,55.26947570724416,spinach
94.51253530832052,44.88804970152614,71.15420433940847,12.130496413724888,49.3680836711503,7.029847169765513,33.331093545841995,spinach
108.55527630488241,58.11565758952301,75.64431802225174,14.122558165627533,68.94203051015066,6.87821609871608,31.97770944519799,spinach
77.03430844401275,27.967345954537784,63.59261567258942,15.134934409392566,82.36174867199243,6.518948761353178,37.57442205034104,spinach
110.85356861955927,23.41938411003229,71.41275068417781,25.616099288929455,66.33919693618303,6.765803165108248,10.0,spinach
110.40926206678147,37.01692661470517,54.308689470843476,13.424007262048569,73.50124876889637,6.153089131923067,28.96206461766889,spinach
100.8839150838765,54.75561502443544,82.2432757921321,21.325650350100933,59.157838028036,6.846559363659234,42.93083876068514,spinach
108.10912023871823,35.62067266432502,73.19282067541766,19.52333219164465,46.96858028991491,7.388380400021237,29.36582439838037,spinach
82.88530898116264,40.30218707021391,58.636029982696286,15.224689133310589,49.29756571534264,6.346143562984886,75.1495342124621,spinach
86.6030095890356,39.01263139817207,52.89961846210768,12.723732135755025,50.40512413271125,6.64072386113773,35.84963925715039,spinach
87.01206442474763,44.947897710845126,62.80879000728856,17.59560238039549,68.10771230785797,6.721872172000986,45.275348031911236,spinach
62.90337985320942,49.27609898023267,72.72366956392435,10.578147938730439,63.84869829484767,7.071493434405873,47.83026549671822,spinach
90.11467531351454,28.63534940607184,57.86970442162301,11.582087664468979,64.24589741524913,6.2862400075328395,45.72682040499635,spinach
97.03259368690806,46.04543722478011,58.49857363888994,12.557782391389999,51.29696246718571,6.1868199861359825,34.87969329143585,spinach
74.26837047932722,46.727737490128376,35.750315495962866,12.009031033224865,54.22532975014437,6.428238944413927,26.78412664758913,spinach
106.31396174689596,29.94995466480682,52.66383040875124,12.155888128177983,62.20278545972036,6.455253524072942,57.493346871129525,spinach
96.35073886924515,61.92491494519036,63.86639439393761,7.4308546121605215,49.113372483709256,7.290592286513085,71.75183834879634,spinach
90.62973388492567,37.53114529120816,60.844860228522975,26.299287170283996,67.64897613468744,7.040583870775886,74.04287718149406,spinach
89.3976684668775,27.906115594777734,69.82808970726569,5.0666209277168015,62.632255629958514,6.963207319792774,55.85392452183481,spinach
99.09978338910943,29.474949126096675,80.96398325567208,8.018174535201231,57.17694770061283,6.666446568283245,13.507824652765812,spinach
94.94831658955019,39.48465996368426,68.06515893109042,11.710620472691723,58.31840774316605,6.9354357368929165,85.58416462552982,spinach
91.7277081487754,32.35670739647512,66.41454590940027,21.485508473694424,52.96642812398865,6.784517001880006,55.67571347994384,spinach
91.54964641774313,44.130460152832185,51.48438989450744,11.913618085683588,66.40331668002247,5.941261524828005,58.51393807669779,spinach
82.85653472097047,34.82996685157892,42.32519653598831,18.31242433177181,56.74746454007894,6.5993996742397645,47.30448384105097,spinach
70.55757638009379,40.3747470316159,50.912593685049984,5.203197688788958,49.82619082502271,7.389585187560295,38.27803295658692,spinach
79.78758564183403,57.3387539897469,72.66841683665218,14.311155078757224,61.09461912158242,6.301852795297467,31.14635034121126,spinach
96.43956830547954,26.655731720845495,51.2958686473633,14.938241500143413,67.18177664105198,7.036400773211364,29.638405722707223,spinach
123.35350052122283,47.687245663953604,67.19939401480846,16.30439905767217,57.8703365280415,6.975648283358421,44.09585567404116,spinach
119.86717043503063,43.58066393321635,73.90824792592007,14.937629176468084,71.33316601962852,6.140190491488583,25.036607794040393,spinach
97.54239654131574,45.24109736525538,56.876886588768635,22.17361376026683,55.61645674574074,6.038584869455168,51.32683937774305,spinach
97.57986381960771,24.712972031336573,61.63614629263376,10.693210528454134,68.23090866415362,6.344900104867253,80.45000210892258,spinach
79.64269113758857,43.44858340601268,50.19393011081009,18.137378620466766,64.07166941764767,6.977017394393658,69.40843623601833,spinach
76.0890463723948,30.421515839586476,57.344184841882154,10.213729871635008,62.34807089605124,6.350672480884608,50.845907629748005,spinach
92.8538270664485,44.91472619236905,69.64626036919005,32.744162721997625,72.23863457893181,6.839561908059232,37.504467117242,spinach
63.04936807765972,50.75827302093953,50.658777052290695,16.347423911067146,79.50105755670894,7.683973540687956,59.74729532372013,spinach
65.1632591389753,44.38910737063109,51.65115317522094,11.32289747819469,72.18825560408499,7.00382005567656,65.41035876801075,spinach
86.2104298270881,23.630436366962517,62.0934419482127,12.565427655852336,59.71916041420946,7.140252641578804,31.755640773982968,spinach
108.66314008898418,34.69201257180865,59.19781155773612,25.8010235445575,44.871792673132504,7.073528133623806,62.35587194401093,spinach
88.11238004544032,45.28831680819552,72.55328136635381,20.171355195907097,53.36000200815397,6.738062955572469,77.04879747635003,spinach
107.42215243601768,58.960646417887695,77.93946892815083,7.04055334427088,64.72397113302877,6.636471595104729,37.23871436969785,spinach
102.99918651732524,45.44322951137521,66.37289738979464,21.185952954681323,55.55206024890722,6.469408420810523,78.50881008978033,spinach
70.4811154782486,37.81265026952632,80.8712600211482,11.461486942166378,43.81259726243542,6.5864964782017426,82.165527564029,spinach
93.87331040371505,32.57592615888193,79.77753458180976,8.683129718195415,74.76584154987539,7.181669550074241,21.08614222014314,spinach
74.882437204488,49.37420526977318,67.41121969657233,19.67749619616932,62.998827274063885,6.981962968650784,72.51231478084048,spinach
110.03900130208798,6.653550629852077,56.441433876532415,12.490162764502067,48.803392217818015,6.681516831291758,34.59265649429171,spinach
87.17223424397525,29.49883248041006,33.00963146769859,6.774888717362209,62.25264870415955,6.457711485131976,71.3911832297568,spinach
82.84358099481511,27.091235948724282,62.429711344929764,15.400949989096764,61.72512366582587,6.685205005863376,72.17520544618426,spinach
106.14814905162872,47.581398531362375,74.66887119963494,16.486264307318244,70.00582037291693,6.915072844358943,62.56590275780923,spinach
88.10342382588264,16.7770456765993,46.68778105238382,15.749148891609114,49.584924004127764,6.4052237901198055,49.28925939454442,spinach
118.23873715028185,39.882473895686,29.722436776559146,17.17821261626275,45.15653856665798,6.579574945562988,84.63863897171487,spinach
66.39107285625985,32.90294977810777,76.79728081670773,13.072398480859414,50.15036293522824,7.010543725038123,44.472893760169626,spinach
100.08800237739905,35.89702518218413,57.57905960808217,19.114598934051735,50.715826907061654,5.843323176500244,57.68602664449234,spinach
87.3243424171957,41.44780826678845,57.055224983942,15.22571664348147,67.95534276541389,6.6852418242355,48.26556376489451,spinach
69.9955415815212,22.705303146232026,77.56554613661154,22.369761242164728,85.20449171680556,6.825584502442136,34.064374420749076,spinach
