{
  "train_time_s": 8.945343971252441,
  "val_accuracy": 0.925000011920929
}