{
  "train_time_s": 15.22370719909668,
  "val_accuracy": 0.52173912525177
}