{
  "train_time_s": 14.876431465148926,
  "val_accuracy": 0.9304347634315491
}