crop,temperature,humidity,rainfall,growth_duration,area,water_requirement
Potato,32.18,24.76,13.4,100,1.0,1.0
Tomato,38.69,32.49,1.55,120,1.0,4.01
Wheat,22.44,40.86,7.47,120,1.0,1.0
Cotton,19.41,83.43,5.79,180,1.0,1.0
Wheat,29.78,77.83,2.07,120,1.0,1.46
Potato,17.66,73.94,18.85,100,1.0,1.0
Maize,30.16,81.23,16.05,110,1.0,1.0
Potato,19.51,30.26,4.97,100,1.0,1.0
Sugarcane,26.62,78.62,12.67,365,1.0,1.0
Banana,17.9,75.4,8.06,365,1.0,1.0
Banana,31.41,28.41,3.54,365,1.0,3.3
Onion,40.66,75.05,3.45,130,1.0,1.61
Wheat,21.6,24.19,14.47,120,1.0,1.0
Chickpea,40.52,76.22,15.27,100,1.0,1.0
Maize,38.29,80.55,0.69,110,1.0,3.03
Rice,22.14,62.19,3.8,150,1.0,1.25
Potato,42.97,51.6,2.34,100,1.0,3.07
Wheat,15.44,61.82,17.77,120,1.0,1.0
Potato,21.0,54.07,17.92,100,1.0,1.0
Chickpea,16.82,42.48,18.77,100,1.0,1.0
Onion,15.25,81.52,9.51,130,1.0,1.0
Maize,31.83,69.01,19.91,110,1.0,1.0
Chickpea,31.08,81.4,6.56,100,1.0,1.0
Maize,16.25,68.0,13.38,110,1.0,1.0
Sugarcane,21.87,67.5,7.56,365,1.0,1.0
Tomato,21.76,79.52,4.28,120,1.0,1.0
Chickpea,16.27,73.33,9.93,100,1.0,1.0
Banana,29.12,49.1,18.27,365,1.0,1.0
Rice,37.69,30.08,17.19,150,1.0,1.0
Tomato,32.45,35.04,15.64,120,1.0,1.0
Banana,35.76,49.19,4.39,365,1.0,2.91
Tomato,44.5,57.44,17.3,120,1.0,1.0
Cotton,32.96,66.03,14.04,180,1.0,1.0
Cotton,39.1,53.25,0.23,180,1.0,3.88
Chickpea,41.04,36.55,3.62,100,1.0,1.72
Onion,23.37,20.59,2.8,130,1.0,1.39
Chickpea,17.44,43.73,4.87,100,1.0,1.0
Wheat,38.2,86.24,3.77,120,1.0,1.13
Sugarcane,26.01,61.74,0.86,365,1.0,2.85
Chickpea,24.9,54.05,1.88,100,1.0,1.0
Banana,28.21,35.45,1.82,365,1.0,3.48
Sugarcane,30.5,81.24,6.81,365,1.0,1.0
Maize,32.29,84.43,1.63,110,1.0,1.9
Onion,43.55,68.68,19.68,130,1.0,1.0
Wheat,40.06,81.46,5.08,120,1.0,1.0
Wheat,39.22,70.34,15.96,120,1.0,1.0
Rice,40.99,53.72,19.04,150,1.0,1.0
Potato,36.3,39.21,7.98,100,1.0,1.0
Wheat,27.94,52.38,12.44,120,1.0,1.0
Rice,44.58,52.53,7.05,150,1.0,3.24
Chickpea,15.39,62.14,12.97,100,1.0,1.0
Wheat,35.13,82.67,10.64,120,1.0,1.0
Tomato,20.72,68.78,11.47,120,1.0,1.0
Onion,16.08,75.5,19.2,130,1.0,1.0
Onion,24.65,27.35,17.83,130,1.0,1.0
Potato,32.11,32.98,12.91,100,1.0,1.0
Banana,28.56,79.86,10.75,365,1.0,1.0
Sugarcane,38.24,30.34,8.4,365,1.0,1.71
Cotton,23.8,61.38,4.64,180,1.0,1.0
Maize,44.21,25.74,4.69,110,1.0,3.5
Cotton,37.98,80.79,5.62,180,1.0,1.0
Tomato,30.16,67.96,18.98,120,1.0,1.0
Chickpea,36.51,64.07,2.79,100,1.0,1.17
Wheat,34.45,30.73,1.77,120,1.0,3.12
Rice,38.74,30.62,18.96,150,1.0,1.0
Onion,30.74,42.66,5.61,130,1.0,1.0
Potato,35.07,33.34,11.45,100,1.0,1.0
Banana,40.97,37.71,11.7,365,1.0,1.0
Sugarcane,22.06,55.68,17.24,365,1.0,1.0
Rice,43.59,43.18,4.6,150,1.0,4.69
Cotton,42.98,38.85,15.55,180,1.0,1.0
Potato,37.22,29.04,1.63,100,1.0,3.31
Sugarcane,38.93,87.8,5.16,365,1.0,1.41
Maize,29.88,58.6,5.87,110,1.0,1.0
Chickpea,40.17,79.35,2.21,100,1.0,1.44
Chickpea,37.5,75.15,4.59,100,1.0,1.0
Wheat,24.51,83.78,1.5,120,1.0,1.25
Chickpea,19.5,42.57,16.36,100,1.0,1.0
Potato,41.12,43.84,19.2,100,1.0,1.0
Onion,22.01,83.47,16.41,130,1.0,1.0
Potato,17.75,75.07,18.52,100,1.0,1.0
Chickpea,36.94,89.6,9.57,100,1.0,1.0
Rice,34.41,31.02,3.26,150,1.0,4.1
Sugarcane,38.58,31.69,8.83,365,1.0,1.51
Onion,24.56,51.58,18.36,130,1.0,1.0
Wheat,39.14,86.6,3.07,120,1.0,1.56
Maize,37.61,44.44,1.97,110,1.0,3.32
Sugarcane,18.95,21.43,10.78,365,1.0,1.0
Rice,23.61,50.49,1.39,150,1.0,2.89
Cotton,30.05,23.51,7.16,180,1.0,1.0
Cotton,39.82,25.04,2.85,180,1.0,3.44
Banana,29.21,20.12,18.49,365,1.0,1.0
Rice,35.41,84.08,5.63,150,1.0,1.24
Chickpea,28.25,35.11,1.33,100,1.0,1.74
Tomato,39.33,64.67,16.12,120,1.0,1.0
Onion,20.83,46.84,9.37,130,1.0,1.0
Potato,44.15,54.91,5.73,100,1.0,1.43
Chickpea,28.79,36.62,9.04,100,1.0,1.0
Tomato,21.41,37.16,11.34,120,1.0,1.0
Chickpea,19.23,63.66,15.55,100,1.0,1.0
Banana,34.25,69.69,15.52,365,1.0,1.0
Sugarcane,34.53,38.81,0.43,365,1.0,4.79
Banana,39.46,40.5,13.52,365,1.0,1.0
Banana,37.22,75.88,0.72,365,1.0,4.03
Onion,27.04,62.15,4.87,130,1.0,1.0
Tomato,31.92,70.42,17.32,120,1.0,1.0
Banana,20.88,85.32,17.64,365,1.0,1.0
Tomato,35.61,56.42,13.96,120,1.0,1.0
Sugarcane,39.03,59.49,10.74,365,1.0,1.0
Tomato,39.18,73.15,19.06,120,1.0,1.0
Onion,44.09,35.21,6.88,130,1.0,1.42
Potato,23.41,21.79,2.99,100,1.0,1.28
Rice,34.73,29.82,3.99,150,1.0,3.84
Potato,17.45,37.55,14.72,100,1.0,1.0
Wheat,37.43,88.43,18.23,120,1.0,1.0
Sugarcane,29.73,34.0,13.91,365,1.0,1.0
Banana,36.58,78.16,18.91,365,1.0,1.0
Maize,31.93,40.94,3.64,110,1.0,1.87
Sugarcane,24.95,64.73,19.7,365,1.0,1.0
Chickpea,23.69,71.82,11.65,100,1.0,1.0
Maize,32.44,81.8,2.22,110,1.0,1.68
Banana,35.55,28.4,4.9,365,1.0,3.32
Maize,21.98,71.93,3.78,110,1.0,1.0
Wheat,17.09,75.24,17.72,120,1.0,1.0
Cotton,39.39,27.71,15.94,180,1.0,1.0
Potato,21.76,65.85,7.61,100,1.0,1.0
Maize,20.51,39.93,19.56,110,1.0,1.0
Potato,40.35,29.27,12.06,100,1.0,1.0
Tomato,21.54,48.97,1.56,120,1.0,1.73
Sugarcane,27.81,80.52,11.18,365,1.0,1.0
Tomato,42.42,64.75,13.96,120,1.0,1.0
Cotton,28.51,43.6,13.98,180,1.0,1.0
Sugarcane,25.96,74.88,3.86,365,1.0,1.03
Tomato,15.02,51.78,8.13,120,1.0,1.0
Chickpea,17.03,31.58,3.33,100,1.0,1.0
Chickpea,16.98,50.15,10.92,100,1.0,1.0
Rice,19.54,23.46,15.71,150,1.0,1.0
Rice,28.07,28.45,16.12,150,1.0,1.0
Wheat,18.03,48.26,9.37,120,1.0,1.0
Chickpea,35.4,85.99,7.9,100,1.0,1.0
Potato,39.17,36.51,8.05,100,1.0,1.0
Cotton,16.54,34.43,9.76,180,1.0,1.0
Chickpea,25.23,89.09,6.71,100,1.0,1.0
Chickpea,26.36,64.83,3.41,100,1.0,1.0
Banana,41.98,60.64,3.9,365,1.0,3.73
Wheat,30.75,88.81,5.5,120,1.0,1.0
Cotton,42.43,78.8,3.72,180,1.0,1.78
Rice,42.78,46.32,16.1,150,1.0,1.0
Sugarcane,38.19,53.93,7.72,365,1.0,1.22
Cotton,39.25,89.03,8.85,180,1.0,1.0
Sugarcane,26.29,67.69,6.31,365,1.0,1.0
Onion,21.91,55.77,7.09,130,1.0,1.0
Cotton,37.23,63.85,1.92,180,1.0,2.54
Rice,18.4,41.69,12.59,150,1.0,1.0
Sugarcane,43.17,25.65,15.3,365,1.0,1.0
Chickpea,23.45,51.43,1.17,100,1.0,1.27
Sugarcane,42.03,28.14,11.79,365,1.0,1.0
Cotton,35.57,81.74,8.01,180,1.0,1.0
Maize,33.09,88.67,7.1,110,1.0,1.0
Wheat,23.08,24.96,17.66,120,1.0,1.0
Rice,22.52,24.77,5.61,150,1.0,1.26
Onion,24.98,57.92,18.83,130,1.0,1.0
Banana,24.08,40.8,18.52,365,1.0,1.0
Chickpea,40.12,66.21,10.13,100,1.0,1.0
Potato,42.66,86.37,17.77,100,1.0,1.0
Onion,25.41,84.94,1.4,130,1.0,1.21
Maize,43.93,22.62,18.16,110,1.0,1.0
Rice,23.56,40.6,2.71,150,1.0,2.47
Tomato,18.15,88.62,8.7,120,1.0,1.0
Onion,43.05,24.65,17.68,130,1.0,1.0
Banana,37.76,24.24,11.49,365,1.0,1.0
Potato,30.53,86.28,15.54,100,1.0,1.0
Chickpea,27.38,78.14,7.33,100,1.0,1.0
Wheat,44.44,28.02,1.41,120,1.0,4.76
Potato,37.54,86.5,11.4,100,1.0,1.0
Banana,34.64,31.81,10.44,365,1.0,1.0
Wheat,23.31,89.78,19.37,120,1.0,1.0
Sugarcane,34.55,49.22,1.71,365,1.0,3.84
Sugarcane,39.7,55.41,4.03,365,1.0,3.24
Sugarcane,33.78,32.76,18.16,365,1.0,1.0
Maize,17.29,26.02,7.26,110,1.0,1.0
Chickpea,22.42,38.45,19.82,100,1.0,1.0
Chickpea,22.65,63.43,5.78,100,1.0,1.0
Onion,40.95,57.04,5.75,130,1.0,1.0
Sugarcane,22.42,50.23,2.57,365,1.0,1.88
Wheat,38.1,20.87,5.8,120,1.0,1.83
Onion,31.27,76.08,13.08,130,1.0,1.0
Wheat,19.21,84.66,9.45,120,1.0,1.0
Cotton,15.35,89.33,19.5,180,1.0,1.0
Tomato,15.75,54.51,18.09,120,1.0,1.0
Cotton,35.98,61.01,6.95,180,1.0,1.0
Cotton,43.78,24.84,6.96,180,1.0,1.99
Maize,19.93,26.49,5.74,110,1.0,1.0
Rice,33.35,89.64,14.85,150,1.0,1.0
Potato,26.09,31.72,5.56,100,1.0,1.0
Banana,21.4,45.75,18.75,365,1.0,1.0
Banana,21.34,20.16,4.15,365,1.0,1.76
Chickpea,22.91,51.8,1.67,100,1.0,1.0
Rice,34.43,89.31,1.17,150,1.0,3.17
Wheat,16.85,88.57,10.53,120,1.0,1.0
Sugarcane,30.34,78.36,5.23,365,1.0,1.0
Wheat,29.62,87.15,9.42,120,1.0,1.0
Tomato,42.23,72.17,13.52,120,1.0,1.0
Potato,35.9,57.99,6.36,100,1.0,1.0
Cotton,31.02,54.97,19.35,180,1.0,1.0
Cotton,21.2,48.34,12.66,180,1.0,1.0
Tomato,28.99,29.94,17.73,120,1.0,1.0
Onion,38.7,71.41,4.42,130,1.0,1.03
Onion,36.69,20.48,19.2,130,1.0,1.0
Cotton,17.0,66.72,12.06,180,1.0,1.0
Cotton,29.17,22.88,11.88,180,1.0,1.0
Tomato,39.13,45.22,0.32,120,1.0,4.32
Onion,17.54,54.85,19.55,130,1.0,1.0
Cotton,39.09,53.9,1.25,180,1.0,3.35
Potato,41.26,65.84,13.39,100,1.0,1.0
Chickpea,17.98,22.49,16.58,100,1.0,1.0
Tomato,26.73,79.39,7.68,120,1.0,1.0
Cotton,23.32,70.09,11.08,180,1.0,1.0
Maize,37.4,73.94,6.56,110,1.0,1.0
Rice,39.83,22.26,10.51,150,1.0,1.85
Chickpea,18.96,67.99,1.37,100,1.0,1.0
Cotton,34.49,47.14,7.0,180,1.0,1.0
Wheat,34.19,46.84,15.57,120,1.0,1.0
Tomato,44.47,74.6,1.66,120,1.0,3.41
Wheat,30.7,74.74,9.29,120,1.0,1.0
Onion,40.88,68.35,5.65,130,1.0,1.0
Onion,38.39,57.34,0.45,130,1.0,3.34
Tomato,40.76,67.41,15.29,120,1.0,1.0
Cotton,36.77,32.38,9.74,180,1.0,1.0
Banana,15.94,72.76,13.89,365,1.0,1.0
Banana,22.51,55.44,11.26,365,1.0,1.0
Onion,25.39,20.77,17.49,130,1.0,1.0
Maize,34.45,68.49,1.32,110,1.0,2.64
Rice,30.21,65.9,6.48,150,1.0,1.0
Onion,35.5,84.81,4.02,130,1.0,1.0
Cotton,44.86,48.59,13.79,180,1.0,1.0
Onion,24.55,32.19,8.38,130,1.0,1.0
Potato,32.06,22.13,4.92,100,1.0,1.2
Onion,38.78,88.57,3.4,130,1.0,1.12
Cotton,28.7,45.21,4.84,180,1.0,1.0
Maize,27.93,24.87,10.13,110,1.0,1.0
Potato,37.66,47.71,4.63,100,1.0,1.41
Chickpea,21.58,62.47,13.99,100,1.0,1.0
Wheat,35.15,37.09,19.12,120,1.0,1.0
Onion,26.19,78.3,0.61,130,1.0,1.77
Cotton,19.37,40.54,15.3,180,1.0,1.0
Tomato,34.73,77.9,16.91,120,1.0,1.0
Rice,39.42,64.3,11.28,150,1.0,1.0
Sugarcane,34.65,78.75,17.52,365,1.0,1.0
Rice,33.39,62.28,15.8,150,1.0,1.0
Maize,21.82,77.98,12.43,110,1.0,1.0
Sugarcane,32.86,74.23,10.99,365,1.0,1.0
Onion,35.44,23.03,12.94,130,1.0,1.0
Tomato,16.48,87.49,8.7,120,1.0,1.0
Wheat,35.93,75.7,11.57,120,1.0,1.0
Banana,30.95,88.39,18.43,365,1.0,1.0
Rice,22.1,59.72,2.3,150,1.0,2.06
Wheat,15.25,66.77,14.28,120,1.0,1.0
Banana,43.41,82.6,14.77,365,1.0,1.0
Potato,26.16,42.26,16.31,100,1.0,1.0
Onion,25.04,47.97,14.78,130,1.0,1.0
Cotton,32.74,65.07,11.53,180,1.0,1.0
Tomato,22.28,85.92,16.61,120,1.0,1.0
Banana,29.8,20.23,0.91,365,1.0,4.59
Cotton,39.51,59.37,5.02,180,1.0,1.37
Chickpea,37.69,38.57,13.49,100,1.0,1.0
Rice,41.24,65.0,13.19,150,1.0,1.0
Chickpea,38.7,80.46,5.74,100,1.0,1.0
Onion,44.87,85.32,10.82,130,1.0,1.0
Potato,22.76,34.12,17.37,100,1.0,1.0
Chickpea,16.38,41.31,2.92,100,1.0,1.0
Chickpea,27.73,26.57,4.91,100,1.0,1.0
Cotton,34.7,40.33,14.03,180,1.0,1.0
Banana,28.46,77.45,18.17,365,1.0,1.0
Wheat,32.44,86.55,8.28,120,1.0,1.0
Wheat,19.93,86.08,5.15,120,1.0,1.0
Maize,34.89,61.94,19.92,110,1.0,1.0
Chickpea,38.24,23.36,10.82,100,1.0,1.0
Cotton,45.0,39.74,2.2,180,1.0,4.08
Banana,21.22,60.33,13.12,365,1.0,1.0
Onion,22.52,46.73,4.74,130,1.0,1.0
Maize,37.22,36.29,3.72,110,1.0,2.62
Onion,38.53,42.19,19.26,130,1.0,1.0
Tomato,16.79,54.92,11.16,120,1.0,1.0
Rice,22.84,28.1,9.12,150,1.0,1.0
Wheat,27.55,84.01,11.33,120,1.0,1.0
Wheat,25.5,63.91,5.89,120,1.0,1.0
Tomato,41.32,36.06,5.92,120,1.0,2.11
Sugarcane,38.98,53.7,16.79,365,1.0,1.0
Cotton,22.71,73.81,1.2,180,1.0,1.45
Banana,25.69,60.93,19.08,365,1.0,1.0
Wheat,42.49,76.36,2.44,120,1.0,2.5
Onion,43.84,57.4,0.59,130,1.0,3.89
Rice,19.33,66.66,8.47,150,1.0,1.0
Banana,17.52,62.78,15.99,365,1.0,1.0
Rice,29.9,80.93,4.07,150,1.0,1.47
Tomato,23.68,66.19,13.88,120,1.0,1.0
Chickpea,20.53,69.06,0.02,100,1.0,1.47
Wheat,18.55,35.26,1.36,120,1.0,1.66
Chickpea,21.63,28.18,16.97,100,1.0,1.0
Cotton,34.53,23.46,8.17,180,1.0,1.0
Wheat,23.48,44.32,9.35,120,1.0,1.0
Maize,43.99,67.21,16.3,110,1.0,1.0
Banana,30.94,46.91,11.69,365,1.0,1.0
Tomato,30.24,68.18,19.08,120,1.0,1.0
Chickpea,30.19,60.16,15.45,100,1.0,1.0
Cotton,31.61,60.45,1.68,180,1.0,2.18
Maize,21.37,45.31,15.42,110,1.0,1.0
Onion,37.58,83.19,16.08,130,1.0,1.0
Sugarcane,36.24,78.26,2.23,365,1.0,2.88
Wheat,20.75,51.66,18.11,120,1.0,1.0
Cotton,32.48,40.47,4.92,180,1.0,1.09
Wheat,37.96,48.42,4.28,120,1.0,1.85
Onion,29.0,68.89,9.04,130,1.0,1.0
Chickpea,33.63,25.34,14.57,100,1.0,1.0
Cotton,17.48,47.73,4.52,180,1.0,1.0
Potato,31.19,50.12,4.33,100,1.0,1.0
Maize,32.75,20.51,10.23,110,1.0,1.0
Onion,41.39,87.93,18.71,130,1.0,1.0
Potato,42.07,28.97,1.11,100,1.0,4.21
Wheat,25.65,73.87,9.49,120,1.0,1.0
Maize,35.38,25.49,8.35,110,1.0,1.0
Sugarcane,28.3,50.74,8.52,365,1.0,1.0
Wheat,33.99,48.55,14.17,120,1.0,1.0
Rice,22.39,27.04,18.34,150,1.0,1.0
Onion,27.82,88.56,17.37,130,1.0,1.0
Onion,40.06,48.88,5.35,130,1.0,1.3
Onion,41.32,73.6,14.8,130,1.0,1.0
Cotton,20.02,20.5,13.85,180,1.0,1.0
Onion,35.37,56.84,1.45,130,1.0,2.54
Tomato,41.89,63.01,12.73,120,1.0,1.0
Cotton,22.69,46.65,8.35,180,1.0,1.0
Banana,44.82,83.89,6.64,365,1.0,1.81
Banana,41.79,24.07,19.51,365,1.0,1.0
Rice,36.26,27.19,6.72,150,1.0,2.85
Rice,16.63,67.41,12.78,150,1.0,1.0
Sugarcane,28.74,47.06,1.05,365,1.0,3.43
Wheat,36.75,45.16,9.26,120,1.0,1.0
Chickpea,33.45,41.28,16.84,100,1.0,1.0
Banana,19.37,20.44,15.13,365,1.0,1.0
Cotton,34.07,39.4,1.49,180,1.0,3.01
Potato,31.74,67.03,12.78,100,1.0,1.0
Maize,28.66,23.69,3.61,110,1.0,1.88
Wheat,27.21,26.83,14.67,120,1.0,1.0
Rice,38.7,85.4,4.24,150,1.0,2.31
Onion,25.71,86.77,18.11,130,1.0,1.0
Wheat,15.37,74.07,0.7,120,1.0,1.27
Onion,39.55,24.27,18.55,130,1.0,1.0
Sugarcane,42.23,44.93,0.5,365,1.0,5.83
Tomato,22.78,27.07,1.35,120,1.0,2.31
Tomato,21.13,79.05,0.92,120,1.0,1.52
Chickpea,28.03,59.63,13.62,100,1.0,1.0
Potato,23.67,65.4,3.69,100,1.0,1.0
Maize,42.74,70.42,6.29,110,1.0,1.03
Rice,16.36,50.09,5.07,150,1.0,1.0
Banana,18.45,60.51,16.76,365,1.0,1.0
Banana,38.1,44.07,18.67,365,1.0,1.0
Rice,28.98,80.36,4.53,150,1.0,1.15
Rice,29.77,76.97,9.24,150,1.0,1.0
Banana,23.49,28.54,4.93,365,1.0,1.46
Onion,29.01,44.8,16.46,130,1.0,1.0
Onion,32.93,83.81,17.67,130,1.0,1.0
Wheat,29.21,49.45,13.81,120,1.0,1.0
Rice,26.06,80.78,15.02,150,1.0,1.0
Maize,42.61,27.24,8.7,110,1.0,1.19
Tomato,32.34,66.57,18.25,120,1.0,1.0
Onion,34.33,63.68,13.28,130,1.0,1.0
Cotton,17.8,71.14,1.09,180,1.0,1.24
Wheat,17.16,82.89,3.09,120,1.0,1.0
Cotton,32.04,63.98,14.76,180,1.0,1.0
Cotton,25.49,81.99,11.75,180,1.0,1.0
Maize,33.1,50.13,11.52,110,1.0,1.0
Cotton,21.01,71.04,12.03,180,1.0,1.0
Cotton,38.82,47.29,10.82,180,1.0,1.0
Tomato,30.4,27.78,2.27,120,1.0,2.67
Chickpea,20.32,55.46,17.21,100,1.0,1.0
Chickpea,43.29,57.53,2.05,100,1.0,2.27
Cotton,30.07,80.32,4.17,180,1.0,1.0
Cotton,31.06,21.28,7.44,180,1.0,1.0
Rice,34.29,53.39,1.64,150,1.0,4.14
Maize,28.55,51.72,1.22,110,1.0,2.48
Maize,39.09,38.5,0.9,110,1.0,4.22
Sugarcane,15.23,31.42,8.05,365,1.0,1.0
Wheat,41.91,26.98,18.04,120,1.0,1.0
Potato,37.77,31.5,12.19,100,1.0,1.0
Rice,21.95,43.95,7.49,150,1.0,1.0
Cotton,41.02,78.99,2.75,180,1.0,2.11
Potato,38.49,62.12,10.99,100,1.0,1.0
Wheat,28.04,38.94,11.07,120,1.0,1.0
Chickpea,36.96,62.0,6.96,100,1.0,1.0
Tomato,33.35,48.08,11.69,120,1.0,1.0
Rice,31.81,54.2,15.46,150,1.0,1.0
Maize,37.25,22.85,16.19,110,1.0,1.0
Onion,42.86,69.63,2.26,130,1.0,2.59
Onion,32.34,88.62,3.41,130,1.0,1.0
Tomato,23.4,50.47,1.36,120,1.0,1.96
Sugarcane,43.37,23.28,6.36,365,1.0,3.98
Chickpea,36.23,22.47,19.8,100,1.0,1.0
Maize,28.25,36.34,14.89,110,1.0,1.0
Rice,38.98,29.64,6.54,150,1.0,3.37
Wheat,35.11,86.4,1.61,120,1.0,1.93
Rice,15.99,65.63,14.44,150,1.0,1.0
Maize,25.05,60.56,16.42,110,1.0,1.0
Potato,33.25,42.41,19.31,100,1.0,1.0
Banana,40.83,36.52,14.99,365,1.0,1.0
Wheat,44.16,76.28,15.95,120,1.0,1.0
Chickpea,34.89,44.68,2.39,100,1.0,1.6
Onion,20.39,54.3,17.29,130,1.0,1.0
Chickpea,17.35,28.93,9.58,100,1.0,1.0
Rice,31.91,79.37,18.02,150,1.0,1.0
Chickpea,39.77,67.58,13.57,100,1.0,1.0
Onion,20.09,68.1,17.62,130,1.0,1.0
Maize,18.71,38.83,18.4,110,1.0,1.0
Rice,28.49,80.85,8.55,150,1.0,1.0
Maize,28.25,85.46,4.12,110,1.0,1.0
Sugarcane,16.13,32.09,16.58,365,1.0,1.0
Potato,40.92,51.12,18.43,100,1.0,1.0
Chickpea,20.85,87.53,19.91,100,1.0,1.0
Cotton,18.92,62.88,12.34,180,1.0,1.0
Tomato,16.23,21.11,13.15,120,1.0,1.0
Rice,34.47,43.93,1.07,150,1.0,4.77
Maize,19.62,55.26,10.83,110,1.0,1.0
Onion,26.16,46.25,18.06,130,1.0,1.0
Wheat,28.95,71.37,9.7,120,1.0,1.0
Tomato,20.72,54.65,18.92,120,1.0,1.0
Tomato,40.36,78.78,13.87,120,1.0,1.0
Cotton,15.7,89.54,14.04,180,1.0,1.0
Rice,28.15,36.22,17.18,150,1.0,1.0
Chickpea,33.61,22.67,11.63,100,1.0,1.0
Rice,44.73,83.76,8.66,150,1.0,1.02
Chickpea,36.43,44.89,5.86,100,1.0,1.0
Cotton,21.74,68.24,14.79,180,1.0,1.0
Cotton,27.6,60.32,13.26,180,1.0,1.0
Cotton,33.16,39.84,7.22,180,1.0,1.0
Cotton,15.95,63.07,16.31,180,1.0,1.0
Chickpea,17.84,40.79,0.76,100,1.0,1.28
Banana,17.6,83.51,10.77,365,1.0,1.0
Cotton,20.79,28.53,12.68,180,1.0,1.0
Sugarcane,27.47,80.19,19.56,365,1.0,1.0
Tomato,38.76,35.57,9.13,120,1.0,1.0
Rice,28.15,76.69,1.06,150,1.0,2.9
Onion,25.73,49.74,15.77,130,1.0,1.0
Wheat,28.04,25.55,15.93,120,1.0,1.0
Potato,25.72,87.37,17.64,100,1.0,1.0
Sugarcane,39.74,68.24,18.67,365,1.0,1.0
Maize,26.66,34.59,2.73,110,1.0,1.87
Wheat,18.24,43.63,6.02,120,1.0,1.0
Maize,36.84,48.56,14.82,110,1.0,1.0
Cotton,42.49,43.97,0.76,180,1.0,4.31
Sugarcane,44.93,55.27,18.93,365,1.0,1.0
Banana,38.42,75.46,16.64,365,1.0,1.0
Maize,19.45,74.47,11.32,110,1.0,1.0
Maize,27.05,73.45,18.58,110,1.0,1.0
Chickpea,27.03,69.22,6.5,100,1.0,1.0
Potato,34.08,55.67,18.36,100,1.0,1.0
Cotton,30.74,41.41,6.62,180,1.0,1.0
Potato,31.84,81.37,8.28,100,1.0,1.0
Maize,38.25,49.57,7.07,110,1.0,1.0
Onion,18.65,68.43,18.65,130,1.0,1.0
Potato,17.75,45.65,11.62,100,1.0,1.0
Sugarcane,44.52,32.41,2.55,365,1.0,5.73
Banana,43.87,58.16,19.59,365,1.0,1.0
Wheat,23.42,71.07,6.93,120,1.0,1.0
Banana,25.53,25.31,1.02,365,1.0,3.76
Tomato,41.92,48.71,1.59,120,1.0,3.96
Maize,27.14,62.89,14.63,110,1.0,1.0
Wheat,30.17,51.38,15.74,120,1.0,1.0
Cotton,32.54,40.95,19.71,180,1.0,1.0
Chickpea,27.42,58.11,15.49,100,1.0,1.0
Onion,24.01,71.45,9.26,130,1.0,1.0
Onion,43.79,34.86,12.57,130,1.0,1.0
Wheat,20.05,27.48,4.59,120,1.0,1.0
Rice,29.49,66.8,6.37,150,1.0,1.0
Wheat,31.88,46.21,18.55,120,1.0,1.0
Maize,34.69,27.73,13.66,110,1.0,1.0
Chickpea,29.83,67.07,12.64,100,1.0,1.0
Cotton,31.64,84.81,10.64,180,1.0,1.0
Rice,28.79,25.49,12.27,150,1.0,1.0
Sugarcane,16.09,28.38,15.2,365,1.0,1.0
Potato,25.1,63.9,19.89,100,1.0,1.0
Tomato,32.13,75.95,19.84,120,1.0,1.0
Rice,39.42,81.4,4.96,150,1.0,2.21
Tomato,32.51,43.13,9.88,120,1.0,1.0
Potato,38.64,71.35,8.5,100,1.0,1.0
Tomato,28.53,68.38,11.67,120,1.0,1.0
Cotton,44.16,63.82,3.66,180,1.0,2.46
Onion,21.38,23.79,8.98,130,1.0,1.0
Banana,33.34,75.11,12.45,365,1.0,1.0
Chickpea,31.77,75.35,9.81,100,1.0,1.0
Tomato,22.86,87.89,13.12,120,1.0,1.0
Banana,39.66,31.55,10.24,365,1.0,1.29
Banana,20.02,74.6,6.73,365,1.0,1.0
Maize,25.54,44.06,18.61,110,1.0,1.0
Potato,19.61,75.99,14.21,100,1.0,1.0
Sugarcane,20.58,85.41,12.52,365,1.0,1.0
Cotton,23.86,56.98,12.43,180,1.0,1.0
Onion,17.31,79.76,13.2,130,1.0,1.0
Potato,26.54,51.75,15.96,100,1.0,1.0
Chickpea,42.38,80.86,9.65,100,1.0,1.0
Chickpea,42.48,29.8,14.77,100,1.0,1.0
Onion,24.39,58.83,15.35,130,1.0,1.0
Chickpea,18.86,22.19,15.16,100,1.0,1.0
Banana,15.03,69.24,11.18,365,1.0,1.0
Chickpea,17.6,58.25,6.51,100,1.0,1.0
Tomato,36.17,61.39,13.59,120,1.0,1.0
Sugarcane,44.08,31.7,6.11,365,1.0,3.9
Chickpea,19.9,71.35,5.99,100,1.0,1.0
Rice,30.61,68.89,9.02,150,1.0,1.0
Tomato,29.35,21.17,13.2,120,1.0,1.0
Maize,26.71,54.11,5.74,110,1.0,1.0
Onion,19.84,73.8,13.5,130,1.0,1.0
Onion,31.76,24.22,14.8,130,1.0,1.0
Chickpea,28.16,22.53,1.84,100,1.0,1.66
Cotton,34.57,72.91,3.45,180,1.0,1.29
Sugarcane,43.76,39.27,6.02,365,1.0,3.57
Maize,31.82,38.37,0.44,110,1.0,3.52
Potato,39.51,48.97,8.37,100,1.0,1.0
Tomato,36.11,84.05,4.36,120,1.0,1.0
Sugarcane,22.76,66.56,12.84,365,1.0,1.0
Cotton,37.25,38.56,14.55,180,1.0,1.0
Chickpea,26.3,22.25,17.55,100,1.0,1.0
Banana,34.45,22.37,15.21,365,1.0,1.0
Wheat,44.57,51.77,7.0,120,1.0,1.23
Wheat,31.31,64.93,12.67,120,1.0,1.0
Cotton,17.92,46.43,15.68,180,1.0,1.0
Wheat,16.27,79.24,3.98,120,1.0,1.0
Banana,36.13,28.61,9.11,365,1.0,1.31
Rice,33.08,29.07,8.81,150,1.0,1.16
Rice,32.51,23.33,9.88,150,1.0,1.0
Tomato,27.78,78.25,17.26,120,1.0,1.0
Sugarcane,41.06,34.81,10.79,365,1.0,1.0
Rice,43.09,27.29,3.14,150,1.0,6.03
Cotton,31.11,65.68,5.51,180,1.0,1.0
Chickpea,42.59,63.55,1.95,100,1.0,2.11
Chickpea,42.88,30.46,8.4,100,1.0,1.0
Banana,37.42,79.98,13.57,365,1.0,1.0
Cotton,36.79,87.28,1.8,180,1.0,1.96
Rice,23.78,54.82,13.3,150,1.0,1.0
Potato,44.93,63.06,8.75,100,1.0,1.0
Rice,42.9,75.87,4.56,150,1.0,3.15
Maize,33.99,46.97,9.79,110,1.0,1.0
Maize,41.7,85.55,13.68,110,1.0,1.0
Maize,23.49,87.15,14.01,110,1.0,1.0
Tomato,44.86,82.02,13.03,120,1.0,1.0
Sugarcane,15.01,44.58,11.04,365,1.0,1.0
Maize,18.84,83.6,1.71,110,1.0,1.0
Tomato,28.95,46.27,7.81,120,1.0,1.0
Onion,40.75,64.79,14.23,130,1.0,1.0
Banana,15.47,61.59,7.48,365,1.0,1.0
Rice,38.75,40.41,13.61,150,1.0,1.0
Sugarcane,18.95,73.09,2.43,365,1.0,1.18
Onion,39.5,78.29,13.54,130,1.0,1.0
Wheat,22.7,24.51,9.07,120,1.0,1.0
Wheat,29.86,41.92,17.64,120,1.0,1.0
Chickpea,40.8,78.45,6.25,100,1.0,1.0
Wheat,27.23,33.82,7.2,120,1.0,1.0
Maize,40.23,85.76,7.08,110,1.0,1.0
Rice,17.53,74.34,19.19,150,1.0,1.0
Banana,19.76,52.66,14.57,365,1.0,1.0
Onion,20.35,50.36,5.73,130,1.0,1.0
Potato,35.62,59.55,2.74,100,1.0,1.85
Sugarcane,26.75,64.69,8.05,365,1.0,1.0
Banana,43.7,35.58,11.72,365,1.0,1.18
Tomato,21.95,31.76,9.64,120,1.0,1.0
Wheat,27.0,52.18,8.67,120,1.0,1.0
Cotton,40.45,59.28,19.36,180,1.0,1.0
Maize,15.94,81.03,1.92,110,1.0,1.0
Cotton,21.35,58.19,16.79,180,1.0,1.0
Rice,30.64,80.53,0.17,150,1.0,3.51
Rice,20.67,40.91,12.62,150,1.0,1.0
Wheat,37.06,47.52,17.68,120,1.0,1.0
Cotton,41.62,80.4,15.55,180,1.0,1.0
Sugarcane,40.79,80.63,7.46,365,1.0,1.0
Rice,18.81,28.84,1.87,150,1.0,2.59
Tomato,25.6,81.25,14.61,120,1.0,1.0
Onion,28.63,56.0,13.96,130,1.0,1.0
Banana,34.54,56.98,8.64,365,1.0,1.0
Potato,39.23,48.15,19.34,100,1.0,1.0
Cotton,19.85,44.83,11.5,180,1.0,1.0
Rice,37.78,87.17,13.02,150,1.0,1.0
Maize,39.6,34.52,0.27,110,1.0,4.72
Onion,34.11,63.87,8.9,130,1.0,1.0
Maize,20.25,65.53,12.75,110,1.0,1.0
Potato,25.05,58.29,13.92,100,1.0,1.0
Sugarcane,23.18,45.29,0.91,365,1.0,2.89
Wheat,26.35,78.52,5.16,120,1.0,1.0
Tomato,43.09,50.15,8.87,120,1.0,1.0
Chickpea,25.87,89.63,1.24,100,1.0,1.0
Potato,34.83,24.21,6.88,100,1.0,1.0
Sugarcane,34.79,66.24,11.96,365,1.0,1.0
Onion,24.39,37.57,13.31,130,1.0,1.0
Sugarcane,23.6,22.14,13.32,365,1.0,1.0
Onion,18.95,68.5,7.13,130,1.0,1.0
Cotton,20.47,45.19,16.63,180,1.0,1.0
Cotton,38.97,29.18,17.01,180,1.0,1.0
Onion,42.95,42.66,14.04,130,1.0,1.0
Maize,44.98,55.5,10.63,110,1.0,1.0
Tomato,15.99,88.45,2.29,120,1.0,1.0
Onion,23.99,79.77,3.56,130,1.0,1.0
Maize,34.16,40.0,16.9,110,1.0,1.0
Potato,18.06,51.35,18.68,100,1.0,1.0
Banana,31.08,32.49,18.09,365,1.0,1.0
Tomato,27.84,49.77,5.86,120,1.0,1.0
Wheat,43.16,48.2,7.1,120,1.0,1.11
Chickpea,16.28,22.53,13.71,100,1.0,1.0
Sugarcane,33.92,55.31,18.84,365,1.0,1.0
Potato,17.26,58.97,3.41,100,1.0,1.0
Cotton,17.18,89.32,19.05,180,1.0,1.0
Onion,20.61,48.68,15.37,130,1.0,1.0
Banana,21.56,36.86,13.38,365,1.0,1.0
Maize,39.86,88.17,9.9,110,1.0,1.0
Wheat,42.97,52.51,0.28,120,1.0,4.36
Sugarcane,30.34,27.45,5.88,365,1.0,1.76
Tomato,40.99,65.11,7.4,120,1.0,1.0
Chickpea,36.82,29.05,17.22,100,1.0,1.0
Wheat,27.13,49.41,0.16,120,1.0,2.74
Tomato,15.19,55.16,6.43,120,1.0,1.0
Chickpea,28.34,37.83,4.25,100,1.0,1.0
Tomato,30.2,61.24,5.02,120,1.0,1.0
Wheat,23.17,74.93,5.05,120,1.0,1.0
Tomato,38.65,52.79,12.67,120,1.0,1.0
Wheat,21.1,52.86,12.9,120,1.0,1.0
Banana,43.36,35.67,18.16,365,1.0,1.0
Sugarcane,20.85,78.2,1.36,365,1.0,1.77
Potato,34.59,50.47,19.97,100,1.0,1.0
Rice,23.5,70.06,13.81,150,1.0,1.0
Onion,15.07,43.12,15.09,130,1.0,1.0
Chickpea,43.41,28.87,14.88,100,1.0,1.0
Potato,44.7,78.34,8.37,100,1.0,1.0
Banana,22.86,48.39,0.51,365,1.0,3.14
Wheat,29.25,87.7,15.97,120,1.0,1.0
Banana,19.55,74.51,9.03,365,1.0,1.0
Maize,42.76,87.36,10.89,110,1.0,1.0
Chickpea,44.72,28.51,14.1,100,1.0,1.0
Wheat,29.1,56.29,17.59,120,1.0,1.0
Potato,18.8,46.76,17.38,100,1.0,1.0
Banana,28.86,37.26,8.88,365,1.0,1.0
Chickpea,35.8,67.17,4.94,100,1.0,1.0
Cotton,26.34,49.94,4.34,180,1.0,1.0
Tomato,37.3,83.9,15.57,120,1.0,1.0
Rice,44.05,77.23,4.23,150,1.0,3.44
Wheat,24.2,89.97,8.87,120,1.0,1.0
Maize,40.59,63.06,9.33,110,1.0,1.0
Tomato,18.21,64.0,0.97,120,1.0,1.54
Cotton,34.09,67.86,0.24,180,1.0,2.97
Tomato,28.27,48.51,5.79,120,1.0,1.0
Maize,21.92,62.38,13.65,110,1.0,1.0
Sugarcane,27.98,46.98,10.06,365,1.0,1.0
Onion,23.36,68.93,10.36,130,1.0,1.0
Maize,15.87,27.06,13.45,110,1.0,1.0
Sugarcane,29.04,33.74,4.89,365,1.0,1.9
Chickpea,38.34,56.31,18.14,100,1.0,1.0
Rice,19.23,60.34,14.78,150,1.0,1.0
Rice,17.12,88.38,15.51,150,1.0,1.0
Tomato,16.01,61.02,11.66,120,1.0,1.0
Rice,28.29,29.98,9.44,150,1.0,1.0
Banana,30.25,56.47,6.62,365,1.0,1.0
Banana,25.33,85.63,18.34,365,1.0,1.0
Cotton,18.42,32.73,11.85,180,1.0,1.0
Maize,30.93,23.92,10.7,110,1.0,1.0
Potato,25.63,68.1,11.72,100,1.0,1.0
Rice,19.39,28.66,19.15,150,1.0,1.0
Onion,34.57,77.51,8.52,130,1.0,1.0
Sugarcane,17.23,34.54,8.68,365,1.0,1.0
Onion,30.59,81.54,10.89,130,1.0,1.0
Sugarcane,40.4,76.35,0.65,365,1.0,4.26
Tomato,19.89,89.85,4.64,120,1.0,1.0
Onion,37.46,86.01,5.48,130,1.0,1.0
Maize,26.15,80.73,7.88,110,1.0,1.0
Banana,22.99,59.14,12.98,365,1.0,1.0
Potato,23.67,37.41,16.64,100,1.0,1.0
Wheat,23.98,73.26,3.83,120,1.0,1.0
Chickpea,36.31,45.51,12.96,100,1.0,1.0
Onion,20.03,45.16,3.35,130,1.0,1.0
Tomato,31.64,88.06,19.5,120,1.0,1.0
Cotton,28.48,66.32,19.92,180,1.0,1.0
Maize,21.41,43.73,16.7,110,1.0,1.0
Chickpea,16.79,61.04,0.96,100,1.0,1.0
Rice,20.51,77.58,19.67,150,1.0,1.0
Banana,21.82,81.91,7.66,365,1.0,1.0
Onion,23.69,31.07,2.72,130,1.0,1.29
Potato,25.69,80.36,8.36,100,1.0,1.0
Cotton,21.75,32.0,0.84,180,1.0,2.22
Rice,33.39,51.89,9.73,150,1.0,1.0
Potato,43.38,43.17,18.82,100,1.0,1.0
Rice,32.49,33.55,19.91,150,1.0,1.0
Chickpea,29.22,82.26,19.0,100,1.0,1.0
Onion,26.47,66.34,5.35,130,1.0,1.0
Wheat,32.09,32.68,3.89,120,1.0,1.73
Potato,39.58,36.13,11.04,100,1.0,1.0
Rice,44.59,39.69,0.9,150,1.0,6.91
Chickpea,32.7,24.92,8.6,100,1.0,1.0
Banana,25.54,52.66,9.34,365,1.0,1.0
Potato,36.3,52.45,5.82,100,1.0,1.0
Potato,19.69,76.34,2.31,100,1.0,1.0
Cotton,44.9,67.72,9.76,180,1.0,1.0
Potato,23.36,59.01,18.71,100,1.0,1.0
Maize,20.35,38.06,12.59,110,1.0,1.0
Chickpea,23.88,84.22,0.55,100,1.0,1.19
Chickpea,18.97,44.28,13.05,100,1.0,1.0
Banana,39.17,62.79,14.98,365,1.0,1.0
Banana,15.61,70.27,1.57,365,1.0,1.53
Potato,41.59,31.6,15.85,100,1.0,1.0
Onion,17.94,30.21,19.14,130,1.0,1.0
Rice,21.48,66.41,5.95,150,1.0,1.0
Cotton,17.83,88.03,10.3,180,1.0,1.0
Rice,35.48,23.43,3.85,150,1.0,4.27
Chickpea,28.08,32.25,6.93,100,1.0,1.0
Tomato,37.05,72.4,9.57,120,1.0,1.0
Potato,26.92,45.96,10.98,100,1.0,1.0
Onion,37.68,39.87,17.32,130,1.0,1.0
Wheat,19.86,85.32,0.12,120,1.0,1.64
Rice,22.3,24.11,13.82,150,1.0,1.0
Cotton,39.17,23.69,19.13,180,1.0,1.0
Maize,37.91,27.11,8.26,110,1.0,1.0
Banana,25.29,33.26,18.41,365,1.0,1.0
Cotton,26.41,81.67,19.13,180,1.0,1.0
Onion,20.74,69.34,7.86,130,1.0,1.0
Onion,15.88,89.58,1.63,130,1.0,1.0
Chickpea,35.98,25.16,3.47,100,1.0,1.51
Rice,32.74,87.08,0.74,150,1.0,3.27
Onion,40.93,38.83,8.72,130,1.0,1.0
Tomato,25.73,55.39,1.77,120,1.0,1.86
Wheat,30.5,38.84,0.5,120,1.0,3.11
Maize,44.53,23.71,16.86,110,1.0,1.0
Wheat,17.57,47.41,10.3,120,1.0,1.0
Sugarcane,31.06,75.64,2.39,365,1.0,2.27
Maize,44.95,21.25,15.64,110,1.0,1.0
Cotton,18.86,40.82,19.22,180,1.0,1.0
Sugarcane,31.29,40.53,12.85,365,1.0,1.0
Wheat,34.63,66.0,14.79,120,1.0,1.0
Potato,18.78,41.19,11.94,100,1.0,1.0
Cotton,30.85,38.41,11.42,180,1.0,1.0
Sugarcane,39.46,85.34,10.35,365,1.0,1.0
Wheat,16.24,45.74,16.14,120,1.0,1.0
Potato,29.53,83.68,3.7,100,1.0,1.0
Chickpea,34.95,62.26,13.02,100,1.0,1.0
Wheat,34.49,50.04,5.59,120,1.0,1.0
Maize,21.04,60.47,6.75,110,1.0,1.0
Onion,17.9,37.57,13.38,130,1.0,1.0
Onion,30.14,61.22,14.49,130,1.0,1.0
Sugarcane,26.26,38.61,16.42,365,1.0,1.0
Cotton,22.68,38.92,13.64,180,1.0,1.0
Banana,34.67,53.94,3.24,365,1.0,3.16
Cotton,25.27,30.14,16.0,180,1.0,1.0
Rice,43.58,80.43,3.67,150,1.0,3.5
Sugarcane,44.95,35.61,1.2,365,1.0,6.36
Banana,21.27,69.77,19.47,365,1.0,1.0
Chickpea,44.25,70.35,18.45,100,1.0,1.0
Rice,28.05,21.17,2.69,150,1.0,3.61
Rice,35.14,77.82,7.51,150,1.0,1.0
Chickpea,20.4,31.79,16.55,100,1.0,1.0
Rice,36.25,74.19,10.52,150,1.0,1.0
Maize,35.38,70.76,3.26,110,1.0,1.71
Chickpea,29.85,49.66,16.24,100,1.0,1.0
Rice,35.92,55.59,7.73,150,1.0,1.27
Tomato,37.28,36.11,16.45,120,1.0,1.0
Tomato,42.72,65.68,7.97,120,1.0,1.0
Chickpea,27.69,49.44,3.54,100,1.0,1.0
Tomato,27.13,40.04,9.77,120,1.0,1.0
Chickpea,19.57,39.26,7.55,100,1.0,1.0
Maize,31.21,66.19,13.6,110,1.0,1.0
Onion,37.9,45.77,5.58,130,1.0,1.01
Tomato,26.73,70.33,8.97,120,1.0,1.0
Chickpea,36.36,56.95,1.47,100,1.0,1.96
Banana,35.99,70.57,17.01,365,1.0,1.0
Chickpea,35.42,43.78,15.06,100,1.0,1.0
Chickpea,22.03,55.7,8.39,100,1.0,1.0
Wheat,27.45,59.88,4.39,120,1.0,1.0
Chickpea,17.47,42.36,8.34,100,1.0,1.0
Maize,29.45,32.87,18.79,110,1.0,1.0
Chickpea,25.77,54.8,15.76,100,1.0,1.0
Rice,35.86,73.07,17.72,150,1.0,1.0
Sugarcane,19.45,86.88,16.16,365,1.0,1.0
Tomato,41.9,60.15,17.2,120,1.0,1.0
Cotton,27.14,78.03,11.51,180,1.0,1.0
Maize,44.24,77.84,4.52,110,1.0,1.84
Wheat,39.03,63.11,1.02,120,1.0,3.21
Rice,16.8,29.36,16.62,150,1.0,1.0
Maize,39.2,79.64,17.35,110,1.0,1.0
Potato,25.77,80.13,8.07,100,1.0,1.0
Rice,40.87,81.69,3.27,150,1.0,3.24
Wheat,39.03,56.61,14.13,120,1.0,1.0
Banana,41.55,46.36,3.58,365,1.0,4.39
Cotton,23.85,22.22,7.14,180,1.0,1.0
Sugarcane,25.04,56.03,17.02,365,1.0,1.0
Potato,44.9,22.98,3.47,100,1.0,3.61
Onion,20.63,81.2,14.01,130,1.0,1.0
Sugarcane,28.51,33.35,5.53,365,1.0,1.52
Maize,30.12,38.37,15.75,110,1.0,1.0
Wheat,40.56,56.44,10.67,120,1.0,1.0
Maize,16.9,40.32,2.36,110,1.0,1.11
Chickpea,27.61,85.03,11.99,100,1.0,1.0
Cotton,22.68,84.06,8.92,180,1.0,1.0
Rice,34.39,45.51,19.32,150,1.0,1.0
Tomato,34.5,84.12,4.04,120,1.0,1.0
Cotton,41.43,86.57,16.65,180,1.0,1.0
Chickpea,41.63,47.26,7.29,100,1.0,1.0
Potato,31.5,87.52,10.08,100,1.0,1.0
Tomato,26.14,87.12,5.35,120,1.0,1.0
Rice,34.97,71.93,15.1,150,1.0,1.0
Wheat,40.49,26.23,13.65,120,1.0,1.0
Sugarcane,26.71,72.49,19.45,365,1.0,1.0
Tomato,30.65,50.65,16.83,120,1.0,1.0
Maize,20.08,66.25,12.33,110,1.0,1.0
Cotton,22.29,24.69,19.59,180,1.0,1.0
Tomato,28.38,80.55,8.47,120,1.0,1.0
Rice,37.25,57.68,15.12,150,1.0,1.0
Banana,15.96,55.69,5.68,365,1.0,1.0
Onion,25.87,71.44,9.46,130,1.0,1.0
Wheat,34.04,87.2,17.58,120,1.0,1.0
Tomato,36.02,38.25,2.73,120,1.0,2.9
Onion,26.7,26.17,6.34,130,1.0,1.0
Onion,36.9,39.11,14.76,130,1.0,1.0
Cotton,25.81,79.44,4.83,180,1.0,1.0
Banana,16.51,33.76,9.93,365,1.0,1.0
Tomato,39.32,40.96,11.57,120,1.0,1.0
Maize,40.19,65.56,1.75,110,1.0,3.14
Cotton,44.52,30.35,9.42,180,1.0,1.0
Maize,35.95,79.22,9.66,110,1.0,1.0
Maize,43.0,45.81,2.72,110,1.0,3.64
Wheat,36.97,29.33,5.63,120,1.0,1.55
Banana,15.61,47.5,12.24,365,1.0,1.0
Wheat,40.41,81.49,10.28,120,1.0,1.0
Sugarcane,31.49,21.12,1.78,365,1.0,4.17
Rice,33.3,51.6,2.77,150,1.0,3.48
Wheat,31.82,59.58,14.38,120,1.0,1.0
Potato,19.38,34.29,17.43,100,1.0,1.0
Wheat,19.61,39.45,4.43,120,1.0,1.0
Onion,42.35,47.84,18.57,130,1.0,1.0
Sugarcane,19.32,70.51,8.84,365,1.0,1.0
Tomato,15.68,31.98,8.78,120,1.0,1.0
Tomato,35.32,32.69,2.45,120,1.0,3.09
Onion,18.64,25.76,4.29,130,1.0,1.0
Banana,41.45,82.08,6.01,365,1.0,1.73
Chickpea,27.07,81.99,19.21,100,1.0,1.0
Onion,41.82,88.98,13.7,130,1.0,1.0
Rice,23.28,85.82,9.77,150,1.0,1.0
Wheat,39.56,61.87,7.76,120,1.0,1.0
Wheat,36.88,89.43,15.34,120,1.0,1.0
Potato,17.14,66.34,11.98,100,1.0,1.0
Rice,34.77,57.09,13.59,150,1.0,1.0
Onion,17.85,34.89,5.24,130,1.0,1.0
Banana,18.29,62.05,2.32,365,1.0,1.51
Banana,23.84,29.97,17.79,365,1.0,1.0
Chickpea,34.2,70.92,18.84,100,1.0,1.0
Sugarcane,18.15,24.47,2.76,365,1.0,1.85
Wheat,40.96,23.1,3.63,120,1.0,3.27
Potato,29.62,75.03,19.53,100,1.0,1.0
Cotton,22.76,75.37,13.55,180,1.0,1.0
Onion,18.17,23.56,2.22,130,1.0,1.21
Wheat,16.25,45.34,10.04,120,1.0,1.0
Chickpea,22.87,54.81,6.21,100,1.0,1.0
Chickpea,26.75,58.47,9.85,100,1.0,1.0
Potato,24.97,61.66,16.44,100,1.0,1.0
Cotton,24.85,45.3,6.22,180,1.0,1.0
Maize,31.46,83.69,14.95,110,1.0,1.0
Rice,17.97,58.19,8.35,150,1.0,1.0
Cotton,32.56,41.21,13.11,180,1.0,1.0
Banana,41.07,47.52,0.54,365,1.0,5.78
Rice,35.09,67.75,0.14,150,1.0,4.51
Rice,41.05,60.14,2.12,150,1.0,4.74
Maize,43.71,46.7,7.55,110,1.0,1.3
Potato,29.82,68.53,1.64,100,1.0,1.7
Tomato,26.48,49.64,1.1,120,1.0,2.38
Maize,34.71,51.58,15.77,110,1.0,1.0
Chickpea,21.54,69.89,18.56,100,1.0,1.0
Rice,30.49,49.92,3.0,150,1.0,3.0
Wheat,17.19,30.05,12.1,120,1.0,1.0
Wheat,40.63,37.47,18.86,120,1.0,1.0
Rice,38.85,56.89,16.41,150,1.0,1.0
Banana,20.63,88.73,5.55,365,1.0,1.0
Rice,33.56,22.2,0.51,150,1.0,5.62
Sugarcane,28.73,76.73,19.92,365,1.0,1.0
Rice,15.21,47.72,2.31,150,1.0,1.65
Onion,32.23,68.82,19.09,130,1.0,1.0
Maize,34.14,44.7,6.33,110,1.0,1.0
Onion,26.32,49.66,5.27,130,1.0,1.0
Rice,42.27,72.5,2.95,150,1.0,4.0
Chickpea,42.28,27.58,9.86,100,1.0,1.0
Onion,33.05,87.58,7.53,130,1.0,1.0
Banana,31.03,29.29,14.14,365,1.0,1.0
Potato,19.93,73.38,7.46,100,1.0,1.0
Tomato,42.78,52.34,4.55,120,1.0,2.48
Chickpea,44.86,36.4,14.27,100,1.0,1.0
Tomato,26.11,88.47,11.48,120,1.0,1.0
Maize,36.65,20.95,5.67,110,1.0,1.97
Tomato,32.71,69.12,18.92,120,1.0,1.0
Onion,29.82,39.02,9.83,130,1.0,1.0
Onion,23.8,40.93,16.93,130,1.0,1.0
Maize,22.84,48.78,10.99,110,1.0,1.0
Banana,16.03,50.08,19.14,365,1.0,1.0
Maize,28.61,77.43,10.08,110,1.0,1.0
Cotton,26.34,60.12,12.93,180,1.0,1.0
Cotton,23.89,51.91,12.42,180,1.0,1.0
Wheat,31.48,27.63,10.53,120,1.0,1.0
Rice,30.3,27.43,19.92,150,1.0,1.0
Wheat,40.35,74.82,3.88,120,1.0,1.59
Cotton,30.46,60.57,5.89,180,1.0,1.0
Chickpea,15.95,40.01,8.21,100,1.0,1.0
Sugarcane,37.54,68.94,14.9,365,1.0,1.0
Onion,41.87,85.7,6.88,130,1.0,1.0
Maize,17.45,71.21,16.88,110,1.0,1.0
Cotton,26.52,88.44,16.38,180,1.0,1.0
Maize,28.9,79.97,18.77,110,1.0,1.0
Maize,17.0,42.85,7.64,110,1.0,1.0
Banana,18.66,45.16,6.56,365,1.0,1.0
Cotton,43.33,20.22,19.22,180,1.0,1.0
Tomato,28.8,42.19,4.7,120,1.0,1.0
Cotton,36.15,54.12,8.61,180,1.0,1.0
Tomato,36.97,88.38,11.1,120,1.0,1.0
Rice,15.73,38.3,7.29,150,1.0,1.0
Cotton,15.21,72.89,9.96,180,1.0,1.0
Banana,37.52,54.06,16.43,365,1.0,1.0
Maize,32.09,44.35,0.09,110,1.0,3.58
Banana,15.3,88.96,2.13,365,1.0,1.0
Rice,15.92,57.66,0.59,150,1.0,2.38
Wheat,27.1,62.8,5.6,120,1.0,1.0
Onion,37.83,33.52,12.86,130,1.0,1.0
Sugarcane,38.72,37.28,19.87,365,1.0,1.0
Banana,19.74,69.59,2.19,365,1.0,1.55
Banana,30.44,28.71,4.22,365,1.0,2.79
Tomato,33.12,27.77,6.34,120,1.0,1.0
Banana,39.63,22.9,5.78,365,1.0,3.84
Maize,42.91,63.19,2.06,110,1.0,3.4
Tomato,37.13,60.6,17.4,120,1.0,1.0
Banana,19.68,31.53,4.76,365,1.0,1.03
Wheat,18.87,49.06,11.35,120,1.0,1.0
Chickpea,34.27,78.83,16.0,100,1.0,1.0
Rice,42.36,33.59,19.92,150,1.0,1.0
Onion,27.13,61.07,3.65,130,1.0,1.0
Cotton,19.05,40.94,2.61,180,1.0,1.0
Wheat,37.37,72.04,1.52,120,1.0,2.55
Rice,38.35,79.53,8.65,150,1.0,1.0
Sugarcane,34.25,50.5,5.6,365,1.0,1.81
Cotton,26.56,36.05,10.23,180,1.0,1.0
Wheat,44.73,65.2,5.46,120,1.0,1.59
Wheat,37.93,25.77,0.85,120,1.0,4.15
Potato,31.26,67.02,19.45,100,1.0,1.0
Banana,24.97,87.33,9.94,365,1.0,1.0
Potato,20.56,53.18,14.61,100,1.0,1.0
Onion,36.0,51.86,16.01,130,1.0,1.0
Wheat,19.23,22.57,6.87,120,1.0,1.0
Potato,17.43,85.98,9.45,100,1.0,1.0
Wheat,21.65,52.82,15.77,120,1.0,1.0
Sugarcane,31.13,88.87,11.61,365,1.0,1.0
Rice,28.59,71.79,13.4,150,1.0,1.0
Banana,41.16,67.05,0.52,365,1.0,5.03
Chickpea,33.96,30.44,13.69,100,1.0,1.0
Potato,22.12,33.83,16.37,100,1.0,1.0
Chickpea,22.69,39.9,18.18,100,1.0,1.0
Cotton,24.47,68.53,15.39,180,1.0,1.0
Tomato,40.44,80.39,9.14,120,1.0,1.0
Sugarcane,29.71,22.32,6.12,365,1.0,1.69
Tomato,30.61,37.38,8.74,120,1.0,1.0
Rice,34.98,62.97,7.18,150,1.0,1.14
Banana,31.47,27.57,16.64,365,1.0,1.0
Onion,40.39,55.5,4.86,130,1.0,1.4
Onion,20.19,25.28,10.4,130,1.0,1.0
Cotton,22.71,57.86,2.43,180,1.0,1.09
Sugarcane,26.04,50.68,2.2,365,1.0,2.45
Maize,23.01,26.63,11.58,110,1.0,1.0
Sugarcane,22.19,39.28,12.62,365,1.0,1.0
Maize,33.19,56.51,1.1,110,1.0,2.91
Maize,29.39,77.63,15.81,110,1.0,1.0
Banana,19.91,25.48,10.66,365,1.0,1.0
Potato,22.3,57.87,17.35,100,1.0,1.0
Sugarcane,20.41,88.08,1.28,365,1.0,1.57
Tomato,17.49,21.83,19.36,120,1.0,1.0
Wheat,27.28,68.84,14.22,120,1.0,1.0
Potato,41.14,63.98,4.0,100,1.0,1.69
Wheat,18.73,42.58,3.25,120,1.0,1.0
Sugarcane,44.72,82.56,19.96,365,1.0,1.0
Wheat,28.68,42.41,5.14,120,1.0,1.0
Maize,17.89,31.51,4.79,110,1.0,1.0
Rice,31.63,40.77,5.48,150,1.0,2.21
Chickpea,22.48,35.75,14.29,100,1.0,1.0
Chickpea,38.66,59.4,15.23,100,1.0,1.0
Onion,22.54,80.37,6.29,130,1.0,1.0
Chickpea,22.15,71.05,0.48,100,1.0,1.3
Potato,25.87,87.17,10.01,100,1.0,1.0
Sugarcane,25.66,27.59,1.31,365,1.0,3.39
Wheat,42.24,32.94,8.38,120,1.0,1.0
Wheat,30.62,77.2,9.11,120,1.0,1.0
Wheat,16.15,83.48,19.47,120,1.0,1.0
Maize,24.09,73.84,5.94,110,1.0,1.0
Wheat,23.2,87.53,19.84,120,1.0,1.0
Tomato,39.0,60.58,17.45,120,1.0,1.0
Cotton,37.12,49.56,5.44,180,1.0,1.14
Tomato,15.97,65.57,11.32,120,1.0,1.0
Wheat,44.63,32.26,19.97,120,1.0,1.0
Rice,36.97,81.4,11.18,150,1.0,1.0
Cotton,43.9,20.52,0.42,180,1.0,5.41
Potato,26.15,36.61,16.34,100,1.0,1.0
Wheat,35.9,62.57,18.37,120,1.0,1.0
Maize,44.96,54.17,6.56,110,1.0,1.72
Maize,41.54,20.84,6.69,110,1.0,2.22
Sugarcane,17.43,35.12,11.12,365,1.0,1.0
Onion,39.49,36.23,19.6,130,1.0,1.0
Chickpea,20.86,78.12,3.83,100,1.0,1.0
Onion,38.61,27.29,11.87,130,1.0,1.0
Tomato,23.3,28.36,13.23,120,1.0,1.0
Cotton,35.41,71.05,3.78,180,1.0,1.25
Maize,29.93,76.02,2.7,110,1.0,1.35
Onion,18.13,87.87,6.45,130,1.0,1.0
Chickpea,43.96,29.18,7.7,100,1.0,1.0
Rice,37.03,61.29,3.16,150,1.0,3.52
Chickpea,16.65,80.03,5.29,100,1.0,1.0
Onion,15.36,71.81,16.53,130,1.0,1.0
Tomato,32.83,50.08,2.61,120,1.0,2.27
Chickpea,26.54,72.63,5.43,100,1.0,1.0
Cotton,28.28,34.47,0.41,180,1.0,3.01
Sugarcane,19.79,68.66,6.45,365,1.0,1.0
Onion,29.32,40.24,7.41,130,1.0,1.0
Potato,22.97,45.72,1.76,100,1.0,1.49
Cotton,30.58,22.49,12.66,180,1.0,1.0
Wheat,36.7,78.98,2.37,120,1.0,1.88
Potato,33.32,65.31,18.38,100,1.0,1.0
Cotton,25.25,81.52,12.77,180,1.0,1.0
Cotton,42.82,50.45,14.17,180,1.0,1.0
Maize,35.98,38.31,0.93,110,1.0,3.79
Cotton,34.74,74.21,1.8,180,1.0,2.1
Banana,42.02,78.87,4.93,365,1.0,2.48
Rice,22.44,36.35,4.99,150,1.0,1.29
Onion,19.03,80.42,7.47,130,1.0,1.0
Tomato,28.15,53.29,3.54,120,1.0,1.25
Chickpea,30.14,24.46,2.86,100,1.0,1.29
Potato,17.02,76.93,7.63,100,1.0,1.0
Wheat,18.76,23.96,17.71,120,1.0,1.0
Tomato,35.03,66.54,17.21,120,1.0,1.0
Onion,17.49,40.05,18.06,130,1.0,1.0
Tomato,44.28,73.19,3.06,120,1.0,2.74
Chickpea,41.8,37.12,14.95,100,1.0,1.0
Cotton,29.19,51.64,10.3,180,1.0,1.0
Maize,36.79,86.39,4.34,110,1.0,1.0
Rice,15.51,20.17,9.91,150,1.0,1.0
Maize,31.7,46.52,7.26,110,1.0,1.0
Rice,29.15,22.21,5.01,150,1.0,2.6
Cotton,37.27,20.85,1.81,180,1.0,3.71
Chickpea,16.26,28.18,7.69,100,1.0,1.0
Sugarcane,29.69,50.66,11.6,365,1.0,1.0
Banana,43.11,37.79,1.39,365,1.0,6.13
Wheat,44.14,32.4,6.3,120,1.0,2.13
Onion,26.9,56.86,5.24,130,1.0,1.0
Wheat,24.62,26.12,2.87,120,1.0,1.57
Cotton,21.22,73.53,8.66,180,1.0,1.0
Banana,29.78,34.8,15.84,365,1.0,1.0
Rice,30.85,47.92,11.37,150,1.0,1.0
Potato,21.69,55.71,18.93,100,1.0,1.0
Wheat,22.91,89.34,2.35,120,1.0,1.0
Cotton,22.41,44.81,10.98,180,1.0,1.0
Potato,43.45,24.16,11.41,100,1.0,1.0
Wheat,34.85,46.86,1.3,120,1.0,3.01
Chickpea,26.17,82.87,4.1,100,1.0,1.0
Chickpea,28.79,75.26,14.23,100,1.0,1.0
Wheat,16.06,89.05,15.59,120,1.0,1.0
Chickpea,28.74,75.73,15.63,100,1.0,1.0
Sugarcane,44.75,69.31,2.71,365,1.0,4.15
Banana,38.05,42.74,2.11,365,1.0,4.65
Rice,21.75,64.08,13.79,150,1.0,1.0
Rice,37.17,40.85,7.3,150,1.0,2.23
Cotton,22.0,21.48,17.01,180,1.0,1.0
Rice,36.81,71.79,8.89,150,1.0,1.0
Tomato,26.74,27.99,1.5,120,1.0,2.63
Chickpea,26.41,78.66,6.95,100,1.0,1.0
Sugarcane,36.83,56.38,17.43,365,1.0,1.0
Cotton,43.28,58.06,11.37,180,1.0,1.0
Wheat,40.96,75.72,19.67,120,1.0,1.0
Banana,19.97,56.64,9.28,365,1.0,1.0
Wheat,38.34,49.75,15.67,120,1.0,1.0
Tomato,39.58,28.73,11.26,120,1.0,1.0
Wheat,18.49,65.92,5.5,120,1.0,1.0
Potato,25.02,45.16,17.99,100,1.0,1.0
Wheat,32.26,51.08,19.7,120,1.0,1.0
Onion,40.57,74.74,18.26,130,1.0,1.0
Tomato,28.27,87.57,0.6,120,1.0,2.02
Potato,20.25,43.84,17.13,100,1.0,1.0
Sugarcane,27.12,69.57,1.12,365,1.0,2.65
Tomato,23.19,25.5,7.54,120,1.0,1.0
Rice,27.86,52.61,3.86,150,1.0,2.13
Chickpea,42.14,40.98,18.7,100,1.0,1.0
Rice,40.21,27.75,16.72,150,1.0,1.0
Onion,34.28,62.62,8.06,130,1.0,1.0
Rice,24.33,55.77,18.62,150,1.0,1.0
Wheat,22.9,37.73,11.54,120,1.0,1.0
Maize,25.02,68.43,18.7,110,1.0,1.0
Potato,15.54,82.87,0.04,100,1.0,1.4
Banana,38.98,64.17,8.5,365,1.0,1.0
Banana,28.93,64.23,8.55,365,1.0,1.0
Chickpea,27.26,30.46,8.27,100,1.0,1.0
Tomato,26.8,60.53,16.35,120,1.0,1.0
Chickpea,31.54,24.64,18.91,100,1.0,1.0
Chickpea,19.0,41.97,16.71,100,1.0,1.0
Cotton,27.03,63.29,1.42,180,1.0,1.84
Maize,30.09,86.2,8.97,110,1.0,1.0
Potato,27.49,45.71,2.36,100,1.0,1.56
Cotton,38.11,70.86,6.0,180,1.0,1.0
Wheat,15.25,68.55,17.22,120,1.0,1.0
Chickpea,32.08,38.56,10.75,100,1.0,1.0
Tomato,17.95,67.79,6.85,120,1.0,1.0
Maize,22.8,84.21,17.96,110,1.0,1.0
Chickpea,27.31,71.03,11.0,100,1.0,1.0
Cotton,18.67,53.94,4.2,180,1.0,1.0
Rice,31.39,59.95,11.63,150,1.0,1.0
Sugarcane,27.61,53.56,19.44,365,1.0,1.0
Cotton,34.06,28.84,11.51,180,1.0,1.0
Cotton,29.62,51.62,5.9,180,1.0,1.0
Sugarcane,32.45,29.47,13.66,365,1.0,1.0
Rice,27.35,39.28,11.3,150,1.0,1.0
Chickpea,32.74,57.84,4.03,100,1.0,1.0
Maize,38.95,86.8,0.1,110,1.0,3.21
Wheat,31.01,31.72,12.52,120,1.0,1.0
Sugarcane,42.94,44.74,13.25,365,1.0,1.0
Sugarcane,35.51,46.1,3.86,365,1.0,3.0
Sugarcane,19.33,86.76,6.29,365,1.0,1.0
Chickpea,26.16,23.77,2.51,100,1.0,1.15
Sugarcane,28.62,64.64,4.65,365,1.0,1.17
Wheat,26.11,88.82,16.16,120,1.0,1.0
Tomato,21.31,40.13,9.91,120,1.0,1.0
Maize,44.99,34.6,17.57,110,1.0,1.0
Potato,31.89,41.34,7.29,100,1.0,1.0
Sugarcane,26.79,65.84,17.67,365,1.0,1.0
Chickpea,22.17,69.62,3.95,100,1.0,1.0
Maize,29.33,86.54,4.91,110,1.0,1.0
Banana,44.44,64.97,4.01,365,1.0,3.9
Banana,40.88,67.29,0.31,365,1.0,5.08
Chickpea,19.62,57.74,0.77,100,1.0,1.18
Rice,34.04,52.7,6.7,150,1.0,1.59
Rice,16.92,75.9,8.76,150,1.0,1.0
Wheat,27.01,39.78,1.25,120,1.0,2.36
Onion,27.27,71.65,8.95,130,1.0,1.0
Cotton,43.99,50.48,0.58,180,1.0,4.41
Potato,43.8,46.12,8.03,100,1.0,1.0
Chickpea,39.77,79.54,14.08,100,1.0,1.0
Chickpea,43.92,70.04,4.47,100,1.0,1.0
Tomato,23.21,53.34,1.98,120,1.0,1.58
Wheat,37.06,67.7,6.88,120,1.0,1.0
Maize,20.24,31.02,7.62,110,1.0,1.0
Wheat,20.71,61.6,3.12,120,1.0,1.0
Tomato,23.79,75.62,4.53,120,1.0,1.0
Onion,43.24,23.46,6.24,130,1.0,1.96
Wheat,23.78,21.55,15.66,120,1.0,1.0
Potato,34.89,76.18,2.46,100,1.0,1.55
Maize,18.42,39.65,12.41,110,1.0,1.0
Rice,20.37,75.32,17.76,150,1.0,1.0
Onion,44.37,33.37,6.96,130,1.0,1.48
Potato,36.86,64.87,10.11,100,1.0,1.0
Rice,42.63,22.08,12.97,150,1.0,1.24
Cotton,32.45,30.91,18.49,180,1.0,1.0
Banana,22.88,41.64,7.07,365,1.0,1.0
Chickpea,22.92,74.13,0.97,100,1.0,1.06
Chickpea,24.88,40.36,14.25,100,1.0,1.0
Sugarcane,24.9,57.74,1.56,365,1.0,2.47
Tomato,17.29,72.38,7.78,120,1.0,1.0
Potato,25.8,89.34,5.9,100,1.0,1.0
Sugarcane,30.55,46.01,14.09,365,1.0,1.0
Maize,31.1,67.14,16.08,110,1.0,1.0
Chickpea,27.64,42.22,2.61,100,1.0,1.0
Tomato,35.03,88.55,10.72,120,1.0,1.0
Potato,42.35,27.74,3.38,100,1.0,3.15
Tomato,20.76,56.72,10.55,120,1.0,1.0
Chickpea,43.74,61.92,12.68,100,1.0,1.0
Potato,17.26,31.87,0.57,100,1.0,1.87
Chickpea,21.87,55.3,8.63,100,1.0,1.0
Chickpea,39.1,83.83,0.06,100,1.0,2.34
Maize,39.84,83.35,17.26,110,1.0,1.0
Rice,31.63,30.76,7.43,150,1.0,1.55
Onion,42.22,27.88,17.09,130,1.0,1.0
Cotton,30.85,89.02,7.25,180,1.0,1.0
Chickpea,44.12,65.31,17.39,100,1.0,1.0
Rice,19.26,21.89,11.36,150,1.0,1.0
Rice,36.22,56.12,18.95,150,1.0,1.0
Tomato,34.83,65.1,5.68,120,1.0,1.0
Banana,20.02,63.05,3.35,365,1.0,1.13
Maize,24.52,44.65,5.5,110,1.0,1.0
Rice,27.05,46.42,17.38,150,1.0,1.0
Chickpea,26.91,58.32,0.66,100,1.0,1.65
Maize,21.83,35.2,13.45,110,1.0,1.0
Cotton,37.29,29.28,5.78,180,1.0,1.51
Rice,28.11,68.44,13.9,150,1.0,1.0
Sugarcane,19.57,30.09,17.44,365,1.0,1.0
Banana,41.82,55.45,0.66,365,1.0,5.53
Tomato,37.23,40.37,18.46,120,1.0,1.0
Cotton,15.7,56.36,11.15,180,1.0,1.0
Potato,22.44,69.5,18.37,100,1.0,1.0
Banana,16.13,25.59,2.02,365,1.0,2.15
Cotton,32.95,51.15,8.91,180,1.0,1.0
Chickpea,25.51,47.16,19.87,100,1.0,1.0
Rice,17.06,73.76,4.24,150,1.0,1.0
Wheat,17.12,42.72,5.04,120,1.0,1.0
Rice,32.46,75.61,18.47,150,1.0,1.0
Onion,20.49,24.73,7.16,130,1.0,1.0
Chickpea,18.51,50.49,14.59,100,1.0,1.0
Banana,31.45,41.06,11.3,365,1.0,1.0
Rice,36.8,50.7,10.1,150,1.0,1.0
Onion,29.4,28.63,0.26,130,1.0,3.11
Banana,22.61,70.24,11.41,365,1.0,1.0
Cotton,37.01,74.81,4.36,180,1.0,1.02
Wheat,24.22,56.99,4.17,120,1.0,1.0
Tomato,26.8,46.21,1.19,120,1.0,2.43
Sugarcane,40.0,38.7,0.95,365,1.0,5.44
Banana,25.47,33.88,2.91,365,1.0,2.6
Cotton,17.34,60.38,16.59,180,1.0,1.0
Wheat,20.57,32.89,12.61,120,1.0,1.0
Wheat,43.72,65.1,16.41,120,1.0,1.0
Wheat,35.35,80.68,9.65,120,1.0,1.0
Cotton,18.19,55.81,17.96,180,1.0,1.0
Maize,27.04,31.63,2.27,110,1.0,2.21
Maize,23.03,64.58,10.89,110,1.0,1.0
Tomato,34.02,37.06,8.26,120,1.0,1.0
Banana,29.77,52.24,18.46,365,1.0,1.0
Wheat,19.67,79.78,1.74,120,1.0,1.0
Sugarcane,34.43,85.08,12.84,365,1.0,1.0
Rice,25.14,24.45,13.61,150,1.0,1.0
Potato,19.15,79.25,15.12,100,1.0,1.0
Banana,42.31,87.16,18.41,365,1.0,1.0
Maize,42.64,54.69,11.56,110,1.0,1.0
Chickpea,35.2,65.51,18.41,100,1.0,1.0
Potato,19.56,47.75,3.88,100,1.0,1.0
Maize,16.69,82.1,12.97,110,1.0,1.0
Sugarcane,26.72,39.76,9.33,365,1.0,1.0
Banana,19.48,52.29,16.07,365,1.0,1.0
Chickpea,27.44,51.08,6.38,100,1.0,1.0
Cotton,31.87,35.71,12.77,180,1.0,1.0
Potato,22.15,52.27,3.27,100,1.0,1.0
Banana,43.86,40.99,8.23,365,1.0,2.72
Maize,18.4,28.24,1.63,110,1.0,1.76
Wheat,38.23,31.88,3.88,120,1.0,2.52
Maize,42.51,53.06,1.32,110,1.0,4.03
Rice,28.1,55.13,3.16,150,1.0,2.44
Sugarcane,41.32,27.57,12.04,365,1.0,1.0
Chickpea,23.87,32.32,3.99,100,1.0,1.0
Maize,24.03,68.6,12.46,110,1.0,1.0
Maize,34.93,56.02,3.9,110,1.0,1.72
Potato,23.28,83.97,9.64,100,1.0,1.0
Chickpea,31.87,86.02,5.87,100,1.0,1.0
Sugarcane,39.27,86.88,19.39,365,1.0,1.0
Chickpea,37.76,79.21,3.47,100,1.0,1.0
Sugarcane,32.81,50.31,7.59,365,1.0,1.0
Tomato,29.23,53.32,11.79,120,1.0,1.0
Onion,15.22,62.24,14.05,130,1.0,1.0
Banana,19.77,49.95,9.24,365,1.0,1.0
Potato,39.35,68.73,17.73,100,1.0,1.0
Wheat,40.52,28.28,9.17,120,1.0,1.0
Rice,34.38,26.06,7.66,150,1.0,2.07
Maize,37.01,73.19,7.02,110,1.0,1.0
Chickpea,36.79,53.74,11.82,100,1.0,1.0
Banana,15.17,46.45,5.78,365,1.0,1.0
Potato,37.75,61.61,19.58,100,1.0,1.0
Wheat,43.38,88.57,17.8,120,1.0,1.0
Maize,24.48,56.88,5.6,110,1.0,1.0
Potato,20.64,63.69,15.82,100,1.0,1.0
Banana,37.41,70.69,5.14,365,1.0,2.03
Chickpea,23.03,80.32,0.52,100,1.0,1.21
Onion,24.87,52.99,8.65,130,1.0,1.0
Wheat,19.9,46.68,11.79,120,1.0,1.0
Tomato,16.13,40.09,14.4,120,1.0,1.0
Maize,31.65,87.39,1.21,110,1.0,1.98
Rice,39.2,84.12,10.75,150,1.0,1.0
Potato,29.71,30.03,16.77,100,1.0,1.0
Banana,18.03,22.62,0.05,365,1.0,3.38
Rice,43.05,47.92,0.03,150,1.0,6.66
Onion,25.71,89.82,2.45,130,1.0,1.0
Potato,29.75,57.82,3.7,100,1.0,1.0
Potato,18.96,78.43,7.44,100,1.0,1.0
Wheat,19.57,82.64,15.42,120,1.0,1.0
Chickpea,18.35,80.07,10.82,100,1.0,1.0
Potato,17.67,36.65,16.63,100,1.0,1.0
Maize,41.84,39.84,9.52,110,1.0,1.0
Chickpea,33.17,40.05,8.8,100,1.0,1.0
Banana,21.64,21.43,14.45,365,1.0,1.0
Tomato,34.5,64.78,16.41,120,1.0,1.0
Rice,20.14,74.68,13.26,150,1.0,1.0
Wheat,27.92,66.64,7.38,120,1.0,1.0
Cotton,34.35,89.54,17.71,180,1.0,1.0
Wheat,15.38,33.35,0.47,120,1.0,1.91
Onion,30.54,42.03,8.0,130,1.0,1.0
Potato,31.01,89.15,9.53,100,1.0,1.0
Cotton,26.12,66.1,10.88,180,1.0,1.0
Wheat,26.99,37.03,8.87,120,1.0,1.0
Sugarcane,34.98,76.95,7.22,365,1.0,1.0
Potato,25.25,89.61,6.41,100,1.0,1.0
Maize,41.28,60.77,2.29,110,1.0,3.15
Chickpea,43.83,36.51,2.89,100,1.0,2.39
Potato,39.48,38.18,3.39,100,1.0,2.48
Banana,36.34,76.33,9.65,365,1.0,1.0
Potato,19.32,71.54,15.43,100,1.0,1.0
Banana,37.83,27.38,6.8,365,1.0,2.82
Banana,35.76,73.57,11.3,365,1.0,1.0
Maize,44.74,47.63,7.43,110,1.0,1.48
Cotton,17.95,67.46,5.69,180,1.0,1.0
Rice,31.8,33.65,12.7,150,1.0,1.0
Onion,22.42,23.16,18.83,130,1.0,1.0
Maize,41.61,48.69,14.83,110,1.0,1.0
Onion,35.42,23.94,0.1,130,1.0,3.97
Rice,37.97,50.31,12.11,150,1.0,1.0
Maize,36.91,33.8,11.55,110,1.0,1.0
Onion,24.09,73.09,14.55,130,1.0,1.0
Onion,23.74,20.41,14.39,130,1.0,1.0
Banana,19.7,45.58,13.23,365,1.0,1.0
Onion,35.28,50.4,0.71,130,1.0,3.05
Tomato,31.71,71.48,15.55,120,1.0,1.0
Banana,25.55,59.56,2.0,365,1.0,2.43
Potato,36.94,50.83,4.6,100,1.0,1.27
Rice,17.56,60.68,19.81,150,1.0,1.0
Onion,40.75,73.4,4.1,130,1.0,1.34
Banana,28.7,35.13,10.83,365,1.0,1.0
Chickpea,39.9,50.39,9.31,100,1.0,1.0
Onion,19.85,53.93,3.26,130,1.0,1.0
Potato,21.16,30.18,18.68,100,1.0,1.0
Sugarcane,33.54,52.27,10.04,365,1.0,1.0
Sugarcane,22.49,79.59,6.15,365,1.0,1.0
Cotton,42.59,35.73,18.7,180,1.0,1.0
Potato,20.8,77.53,16.05,100,1.0,1.0
Chickpea,30.82,60.35,2.29,100,1.0,1.06
Banana,38.08,89.77,15.39,365,1.0,1.0
Tomato,39.11,63.16,17.11,120,1.0,1.0
Wheat,25.78,47.08,13.55,120,1.0,1.0
Sugarcane,32.53,54.9,4.55,365,1.0,1.97
Sugarcane,23.03,82.71,1.22,365,1.0,1.91
Tomato,38.67,45.83,1.57,120,1.0,3.62
Sugarcane,44.76,30.85,4.72,365,1.0,4.76
Tomato,30.55,71.53,12.4,120,1.0,1.0
Chickpea,25.17,49.45,4.22,100,1.0,1.0
Chickpea,34.3,54.13,4.8,100,1.0,1.0
Wheat,36.3,88.65,3.73,120,1.0,1.0
Onion,20.66,82.22,20.0,130,1.0,1.0
Cotton,24.21,34.1,6.82,180,1.0,1.0
Chickpea,19.57,84.85,0.97,100,1.0,1.0
Tomato,17.67,21.65,1.29,120,1.0,1.97
Tomato,38.8,38.77,16.02,120,1.0,1.0
Wheat,39.33,67.7,16.78,120,1.0,1.0
Wheat,34.9,29.22,3.97,120,1.0,2.11
Tomato,42.42,68.83,6.74,120,1.0,1.0
Wheat,34.47,72.33,3.08,120,1.0,1.48
Wheat,29.56,21.02,10.69,120,1.0,1.0
Cotton,38.52,52.87,8.65,180,1.0,1.0
Tomato,39.91,24.57,16.41,120,1.0,1.0
Sugarcane,40.62,65.53,8.9,365,1.0,1.0
Wheat,44.34,35.19,8.57,120,1.0,1.0
Chickpea,40.95,54.82,1.12,100,1.0,2.57
Maize,38.53,41.73,1.92,110,1.0,3.54
Maize,29.27,45.85,19.86,110,1.0,1.0
Onion,38.18,36.11,3.66,130,1.0,2.24
Tomato,25.44,57.63,6.11,120,1.0,1.0
Cotton,42.75,53.66,3.99,180,1.0,2.44
Cotton,20.22,79.23,12.84,180,1.0,1.0
Wheat,32.44,60.73,11.16,120,1.0,1.0
Chickpea,22.76,77.29,8.88,100,1.0,1.0
Cotton,15.9,88.99,3.18,180,1.0,1.0
Rice,35.0,56.12,18.91,150,1.0,1.0
Tomato,44.84,53.44,18.35,120,1.0,1.0
Tomato,35.77,26.33,3.49,120,1.0,2.8
Sugarcane,31.26,85.93,13.59,365,1.0,1.0
Tomato,32.9,72.35,9.52,120,1.0,1.0
Wheat,35.64,59.26,19.38,120,1.0,1.0
Banana,15.01,78.08,19.54,365,1.0,1.0
Banana,29.34,42.19,7.63,365,1.0,1.0
Potato,16.87,31.93,5.98,100,1.0,1.0
Onion,30.06,65.88,12.61,130,1.0,1.0
Potato,24.97,61.56,12.8,100,1.0,1.0
Wheat,18.5,78.98,18.38,120,1.0,1.0
Potato,31.44,52.99,19.35,100,1.0,1.0
Wheat,43.03,68.55,16.07,120,1.0,1.0
Maize,16.38,65.78,4.37,110,1.0,1.0
Cotton,15.54,62.15,18.85,180,1.0,1.0
Rice,36.28,38.3,5.21,150,1.0,3.21
Potato,33.66,54.33,6.92,100,1.0,1.0
Wheat,21.09,44.93,10.53,120,1.0,1.0
Banana,16.69,53.56,19.36,365,1.0,1.0
Sugarcane,30.77,63.07,12.21,365,1.0,1.0
Potato,22.36,72.96,18.93,100,1.0,1.0
Cotton,15.68,44.94,6.23,180,1.0,1.0
Cotton,38.55,70.56,5.48,180,1.0,1.0
Onion,15.54,74.9,12.14,130,1.0,1.0
Sugarcane,42.78,42.09,10.81,365,1.0,1.0
Chickpea,28.13,50.09,5.2,100,1.0,1.0
Chickpea,41.24,71.43,3.88,100,1.0,1.0
Potato,32.83,82.45,1.36,100,1.0,1.79
Maize,42.54,80.09,8.45,110,1.0,1.0
Rice,35.35,79.74,3.48,150,1.0,2.46
Banana,23.54,37.29,0.38,365,1.0,3.54
Rice,31.41,26.58,16.57,150,1.0,1.0
Cotton,36.65,65.09,6.53,180,1.0,1.0
Cotton,15.07,85.94,11.63,180,1.0,1.0
Tomato,33.98,47.55,11.71,120,1.0,1.0
Wheat,22.4,74.54,8.04,120,1.0,1.0
Wheat,22.03,50.42,16.78,120,1.0,1.0
Potato,31.0,79.16,12.86,100,1.0,1.0
Potato,35.39,77.31,19.21,100,1.0,1.0
Banana,20.95,47.48,1.13,365,1.0,2.65
Chickpea,17.44,31.4,16.9,100,1.0,1.0
Cotton,42.49,39.74,3.62,180,1.0,3.01
Maize,35.4,86.37,6.61,110,1.0,1.0
Banana,15.59,87.64,10.76,365,1.0,1.0
Maize,30.36,22.92,5.01,110,1.0,1.41
Tomato,24.17,73.63,8.56,120,1.0,1.0
Potato,30.09,68.91,5.03,100,1.0,1.0
Sugarcane,20.62,60.83,15.06,365,1.0,1.0
Sugarcane,23.84,74.94,6.06,365,1.0,1.0
Cotton,33.58,39.49,11.27,180,1.0,1.0
Chickpea,26.56,68.77,14.58,100,1.0,1.0
Sugarcane,42.73,24.86,11.73,365,1.0,1.1
Cotton,36.96,59.13,6.56,180,1.0,1.0
Onion,22.07,75.84,18.59,130,1.0,1.0
Maize,44.99,27.48,2.69,110,1.0,4.57
Onion,20.94,68.01,0.76,130,1.0,1.52
Cotton,32.08,53.82,5.14,180,1.0,1.0
Onion,20.97,32.35,13.52,130,1.0,1.0
Cotton,32.05,28.66,6.92,180,1.0,1.0
Sugarcane,18.36,36.78,9.27,365,1.0,1.0
Rice,33.26,89.63,0.47,150,1.0,3.38
Onion,24.45,71.78,19.6,130,1.0,1.0
Tomato,45.0,85.08,15.31,120,1.0,1.0
Sugarcane,44.78,61.05,7.91,365,1.0,1.9
Tomato,26.32,77.12,12.65,120,1.0,1.0
Sugarcane,39.68,78.85,13.5,365,1.0,1.0
Rice,30.0,83.08,13.52,150,1.0,1.0
Banana,37.89,47.57,2.57,365,1.0,4.22
Cotton,28.39,65.23,9.36,180,1.0,1.0
Cotton,20.39,80.97,11.8,180,1.0,1.0
Maize,37.13,30.16,7.19,110,1.0,1.04
Tomato,28.52,41.78,5.16,120,1.0,1.0
Potato,29.69,33.49,10.49,100,1.0,1.0
Tomato,38.23,34.99,3.84,120,1.0,2.73
Tomato,17.94,67.51,14.84,120,1.0,1.0
Banana,37.31,58.5,19.6,365,1.0,1.0
Chickpea,15.58,86.2,7.01,100,1.0,1.0
Maize,39.81,78.65,11.36,110,1.0,1.0
Chickpea,27.21,31.81,9.24,100,1.0,1.0
Rice,17.93,27.35,15.33,150,1.0,1.0
Chickpea,38.21,70.03,16.4,100,1.0,1.0
Banana,28.59,63.61,4.75,365,1.0,1.31
Wheat,43.03,37.19,15.62,120,1.0,1.0
Banana,26.59,47.46,15.45,365,1.0,1.0
Cotton,37.72,60.0,8.06,180,1.0,1.0
Sugarcane,20.65,29.55,18.71,365,1.0,1.0
Onion,17.94,66.72,9.95,130,1.0,1.0
Onion,40.22,56.9,16.99,130,1.0,1.0
Wheat,40.7,66.91,0.9,120,1.0,3.35
Potato,22.83,85.15,8.38,100,1.0,1.0
Wheat,28.07,64.49,15.04,120,1.0,1.0
Maize,40.77,57.04,15.36,110,1.0,1.0
Chickpea,33.79,32.74,6.42,100,1.0,1.0
Potato,29.69,29.97,12.21,100,1.0,1.0
Potato,32.73,31.91,15.55,100,1.0,1.0
Sugarcane,29.05,87.57,0.64,365,1.0,2.62
Cotton,16.22,55.53,3.41,180,1.0,1.0
Wheat,40.4,72.77,12.81,120,1.0,1.0
Chickpea,35.05,73.71,8.3,100,1.0,1.0
Maize,43.35,34.3,6.64,110,1.0,2.11
Cotton,34.44,88.16,8.79,180,1.0,1.0
Wheat,32.78,28.72,0.37,120,1.0,3.66
Maize,35.91,22.38,9.14,110,1.0,1.0
Cotton,22.22,68.22,14.52,180,1.0,1.0
Tomato,16.17,83.75,19.39,120,1.0,1.0
Tomato,18.69,37.66,6.59,120,1.0,1.0
Chickpea,38.19,50.12,17.56,100,1.0,1.0
Sugarcane,42.25,77.91,17.06,365,1.0,1.0
Chickpea,42.78,52.78,5.92,100,1.0,1.0
Tomato,27.5,71.42,19.03,120,1.0,1.0
Sugarcane,18.34,78.84,7.22,365,1.0,1.0
Maize,16.35,71.82,6.22,110,1.0,1.0
Potato,30.48,43.76,11.06,100,1.0,1.0
Rice,37.94,86.72,13.62,150,1.0,1.0
Potato,29.01,25.65,11.99,100,1.0,1.0
Sugarcane,28.46,63.51,15.31,365,1.0,1.0
Cotton,27.64,57.6,12.61,180,1.0,1.0
Chickpea,39.0,21.99,3.22,100,1.0,2.01
Rice,31.72,58.9,10.25,150,1.0,1.0
Tomato,22.82,75.6,3.1,120,1.0,1.0
Sugarcane,26.6,59.74,5.37,365,1.0,1.0
Wheat,42.94,51.17,9.04,120,1.0,1.0
Onion,23.81,48.46,18.83,130,1.0,1.0
Maize,17.73,60.87,10.14,110,1.0,1.0
Sugarcane,40.96,42.11,0.87,365,1.0,5.53
Banana,22.62,50.52,5.8,365,1.0,1.0
Maize,19.42,65.81,6.9,110,1.0,1.0
Cotton,42.18,77.66,13.62,180,1.0,1.0
Sugarcane,18.28,64.24,8.11,365,1.0,1.0
Chickpea,40.58,75.03,4.71,100,1.0,1.0
Rice,42.32,59.25,6.62,150,1.0,2.74
Cotton,32.79,86.91,18.73,180,1.0,1.0
Maize,17.1,27.82,11.63,110,1.0,1.0
Sugarcane,35.72,59.19,18.33,365,1.0,1.0
Tomato,22.35,66.28,0.66,120,1.0,1.95
Wheat,25.99,86.69,5.86,120,1.0,1.0
Tomato,43.91,73.77,4.77,120,1.0,1.82
Tomato,39.18,47.27,13.09,120,1.0,1.0
Sugarcane,27.52,56.13,9.59,365,1.0,1.0
Banana,43.15,42.88,9.71,365,1.0,1.76
Cotton,23.01,74.4,7.31,180,1.0,1.0
Rice,39.45,73.8,1.43,150,1.0,4.27
Banana,32.99,37.67,7.73,365,1.0,1.18
Wheat,22.1,55.84,19.0,120,1.0,1.0
Potato,19.83,84.42,2.74,100,1.0,1.0
Rice,17.23,33.42,19.74,150,1.0,1.0
Chickpea,39.82,66.02,15.75,100,1.0,1.0
Maize,26.66,27.04,10.52,110,1.0,1.0
Tomato,37.21,64.99,17.68,120,1.0,1.0
Chickpea,41.33,70.93,2.15,100,1.0,1.74
Potato,19.07,24.62,5.94,100,1.0,1.0
Chickpea,37.3,85.36,16.22,100,1.0,1.0
Chickpea,37.31,54.89,11.63,100,1.0,1.0
Chickpea,20.84,33.7,2.77,100,1.0,1.0
Cotton,27.69,54.64,1.7,180,1.0,1.92
Tomato,27.91,48.45,16.88,120,1.0,1.0
Rice,33.23,57.86,13.52,150,1.0,1.0
Onion,32.28,75.07,2.52,130,1.0,1.33
Potato,16.73,87.36,19.45,100,1.0,1.0
Sugarcane,16.79,35.49,2.1,365,1.0,1.85
Onion,20.75,36.77,5.4,130,1.0,1.0
Tomato,23.96,40.77,19.41,120,1.0,1.0
Banana,34.64,40.16,0.65,365,1.0,4.9
Sugarcane,32.12,88.34,10.56,365,1.0,1.0
Wheat,25.12,50.21,18.61,120,1.0,1.0
Wheat,35.74,86.17,16.82,120,1.0,1.0
Potato,36.03,69.19,16.43,100,1.0,1.0
Chickpea,26.55,74.11,15.36,100,1.0,1.0
Onion,34.19,52.6,4.8,130,1.0,1.0
Onion,19.9,66.34,6.69,130,1.0,1.0
Chickpea,26.9,41.01,6.9,100,1.0,1.0
Cotton,20.31,83.72,14.62,180,1.0,1.0
Wheat,35.14,72.07,15.23,120,1.0,1.0
Cotton,34.28,47.93,18.92,180,1.0,1.0
Wheat,33.51,78.06,8.74,120,1.0,1.0
Maize,19.38,51.29,0.9,110,1.0,1.85
Cotton,24.31,60.05,16.9,180,1.0,1.0
Potato,24.28,50.67,6.61,100,1.0,1.0
Cotton,34.4,42.47,11.02,180,1.0,1.0
Tomato,22.1,76.29,12.75,120,1.0,1.0
Rice,17.15,66.2,0.11,150,1.0,2.56
Chickpea,44.07,55.32,18.19,100,1.0,1.0
Cotton,35.19,44.86,0.52,180,1.0,3.49
Banana,44.79,45.99,6.87,365,1.0,3.36
Rice,16.89,21.16,1.72,150,1.0,2.61
Chickpea,40.86,22.33,0.78,100,1.0,3.43
Banana,21.08,77.71,9.0,365,1.0,1.0
Maize,42.0,28.96,16.97,110,1.0,1.0
Wheat,42.75,65.99,18.99,120,1.0,1.0
Potato,35.2,28.79,4.37,100,1.0,1.7
Tomato,16.74,65.12,11.53,120,1.0,1.0
Onion,22.84,51.82,15.37,130,1.0,1.0
Onion,17.59,73.68,2.61,130,1.0,1.0
Chickpea,36.39,66.49,0.99,100,1.0,2.02
Chickpea,44.38,52.91,2.08,100,1.0,2.46
Chickpea,40.1,31.74,10.77,100,1.0,1.0
Banana,22.38,24.72,16.68,365,1.0,1.0
Sugarcane,28.5,79.99,5.19,365,1.0,1.0
Rice,33.79,74.13,9.53,150,1.0,1.0
Rice,16.54,40.66,11.75,150,1.0,1.0
Chickpea,44.51,27.27,6.87,100,1.0,1.0
Sugarcane,30.67,59.18,13.02,365,1.0,1.0
Chickpea,44.78,41.74,8.97,100,1.0,1.0
Onion,23.03,70.69,14.14,130,1.0,1.0
Rice,15.32,65.41,8.09,150,1.0,1.0
Maize,19.05,53.75,16.99,110,1.0,1.0
Cotton,19.32,88.95,3.07,180,1.0,1.0
Banana,41.45,37.04,4.34,365,1.0,4.37
Rice,36.99,52.17,18.63,150,1.0,1.0
Sugarcane,41.84,89.1,4.74,365,1.0,1.92
Tomato,15.34,87.37,10.55,120,1.0,1.0
Potato,29.0,38.36,10.84,100,1.0,1.0
Cotton,20.73,82.42,3.24,180,1.0,1.0
Potato,15.57,52.93,1.9,100,1.0,1.0
Tomato,17.09,78.19,17.47,120,1.0,1.0
Potato,29.71,53.62,14.08,100,1.0,1.0
Chickpea,44.79,84.37,15.73,100,1.0,1.0
Cotton,34.28,30.04,9.12,180,1.0,1.0
Potato,43.37,29.39,3.6,100,1.0,3.13
Cotton,24.04,68.08,5.87,180,1.0,1.0
Sugarcane,19.63,54.26,3.01,365,1.0,1.31
Cotton,37.55,22.07,7.15,180,1.0,1.05
Banana,40.21,26.91,17.71,365,1.0,1.0
Banana,28.2,23.0,7.52,365,1.0,1.0
Chickpea,25.51,77.34,14.53,100,1.0,1.0
Rice,33.09,62.63,2.17,150,1.0,3.39
Onion,16.96,24.35,5.88,130,1.0,1.0
Wheat,20.16,86.67,6.05,120,1.0,1.0
Banana,18.62,82.32,5.05,365,1.0,1.0
Wheat,30.13,45.21,8.74,120,1.0,1.0
Rice,39.75,65.97,9.25,150,1.0,1.0
Tomato,40.95,58.36,8.72,120,1.0,1.0
Wheat,44.76,37.36,10.17,120,1.0,1.0
Chickpea,38.85,61.82,10.44,100,1.0,1.0
Rice,18.98,64.95,6.56,150,1.0,1.0
Chickpea,16.76,22.43,13.87,100,1.0,1.0
Onion,30.34,48.64,4.56,130,1.0,1.0
Sugarcane,21.18,44.09,10.5,365,1.0,1.0
Potato,24.08,36.03,17.98,100,1.0,1.0
Tomato,44.35,88.9,12.2,120,1.0,1.0
Tomato,34.37,86.47,11.62,120,1.0,1.0
Wheat,34.49,85.23,10.34,120,1.0,1.0
Tomato,40.66,54.83,18.31,120,1.0,1.0
Wheat,40.13,79.92,9.0,120,1.0,1.0
Sugarcane,35.16,43.42,5.97,365,1.0,1.98
Banana,34.17,40.53,6.16,365,1.0,2.06
Chickpea,25.43,72.28,13.5,100,1.0,1.0
Cotton,24.75,31.81,2.59,180,1.0,1.62
Maize,20.12,53.44,4.98,110,1.0,1.0
Maize,25.59,74.13,4.53,110,1.0,1.0
Chickpea,21.61,39.99,18.99,100,1.0,1.0
Chickpea,20.36,26.66,4.55,100,1.0,1.0
Wheat,29.67,58.08,8.0,120,1.0,1.0
Sugarcane,25.09,89.8,6.32,365,1.0,1.0
Chickpea,39.85,51.71,14.85,100,1.0,1.0
Cotton,20.35,78.34,15.77,180,1.0,1.0
Onion,21.89,73.89,15.64,130,1.0,1.0
Wheat,32.12,24.53,13.43,120,1.0,1.0
Tomato,16.08,25.96,6.72,120,1.0,1.0
Potato,31.86,56.42,12.85,100,1.0,1.0
Chickpea,18.21,82.97,13.06,100,1.0,1.0
Sugarcane,16.89,48.24,15.16,365,1.0,1.0
Maize,41.6,35.01,7.82,110,1.0,1.23
Onion,30.6,53.74,18.25,130,1.0,1.0
Banana,37.08,33.22,4.28,365,1.0,3.74
Potato,15.53,29.99,2.12,100,1.0,1.0
Onion,19.87,83.56,10.95,130,1.0,1.0
Onion,31.41,68.99,15.61,130,1.0,1.0
Potato,26.48,43.58,13.15,100,1.0,1.0
Wheat,27.48,78.06,12.28,120,1.0,1.0
Maize,38.8,54.61,11.38,110,1.0,1.0
Rice,41.09,40.05,17.05,150,1.0,1.0
Onion,44.8,46.81,3.89,130,1.0,2.67
Rice,35.03,57.21,3.96,150,1.0,2.96
Sugarcane,17.28,86.83,8.83,365,1.0,1.0
Cotton,27.49,83.49,14.82,180,1.0,1.0
Onion,18.14,33.11,12.61,130,1.0,1.0
Onion,18.81,41.01,17.84,130,1.0,1.0
Potato,37.3,20.65,7.25,100,1.0,1.0
Chickpea,37.99,26.37,11.28,100,1.0,1.0
Rice,39.61,46.07,4.32,150,1.0,3.96
Banana,15.53,68.81,11.2,365,1.0,1.0
Cotton,32.06,21.32,10.43,180,1.0,1.0
Chickpea,29.87,66.87,6.66,100,1.0,1.0
Wheat,31.39,58.41,19.5,120,1.0,1.0
Maize,34.85,59.64,18.76,110,1.0,1.0
Onion,43.94,30.47,19.91,130,1.0,1.0
Potato,18.85,35.72,2.71,100,1.0,1.0
Cotton,35.07,50.63,6.24,180,1.0,1.0
Onion,18.6,21.38,8.29,130,1.0,1.0
Onion,17.45,27.19,1.35,130,1.0,1.55
Rice,28.46,66.84,17.38,150,1.0,1.0
Potato,44.95,37.23,9.29,100,1.0,1.0
Banana,21.75,36.84,0.07,365,1.0,3.5
Sugarcane,38.4,63.68,13.84,365,1.0,1.0
Rice,22.87,57.45,15.37,150,1.0,1.0
Potato,27.4,47.68,10.17,100,1.0,1.0
Banana,17.64,27.93,13.4,365,1.0,1.0
Onion,43.34,56.76,4.75,130,1.0,1.76
Onion,20.92,29.0,1.55,130,1.0,1.68
Potato,23.06,75.99,1.01,100,1.0,1.4
Sugarcane,16.36,59.58,12.69,365,1.0,1.0
Maize,23.67,82.6,3.57,110,1.0,1.0
Cotton,34.68,30.02,12.64,180,1.0,1.0
Tomato,18.08,28.57,7.14,120,1.0,1.0
Banana,39.29,69.95,0.9,365,1.0,4.45
Maize,30.56,61.62,18.33,110,1.0,1.0
Cotton,36.71,48.06,18.38,180,1.0,1.0
Onion,42.64,45.73,3.61,130,1.0,2.56
Sugarcane,34.28,49.38,17.57,365,1.0,1.0
Banana,34.33,61.52,12.29,365,1.0,1.0
Cotton,25.71,20.3,5.51,180,1.0,1.0
Sugarcane,32.53,38.78,16.15,365,1.0,1.0
Rice,22.27,60.46,9.91,150,1.0,1.0
Potato,37.18,48.42,18.3,100,1.0,1.0
Tomato,16.61,49.89,5.36,120,1.0,1.0
Chickpea,29.64,82.8,7.76,100,1.0,1.0
Chickpea,20.47,21.76,10.13,100,1.0,1.0
Rice,38.12,20.89,11.3,150,1.0,1.16
Potato,26.98,49.31,17.26,100,1.0,1.0
Chickpea,22.28,29.02,9.83,100,1.0,1.0
Rice,39.89,42.16,3.54,150,1.0,4.56
Wheat,22.52,51.17,5.13,120,1.0,1.0
Maize,18.59,22.5,18.78,110,1.0,1.0
Maize,15.62,68.81,19.77,110,1.0,1.0
Onion,25.2,26.21,8.2,130,1.0,1.0
Chickpea,34.89,88.98,18.7,100,1.0,1.0
Chickpea,16.96,76.06,14.86,100,1.0,1.0
Maize,30.36,25.73,8.63,110,1.0,1.0
Rice,25.83,60.76,7.1,150,1.0,1.0
Onion,23.18,56.46,18.74,130,1.0,1.0
Potato,24.35,28.74,11.49,100,1.0,1.0
Potato,36.0,77.76,6.81,100,1.0,1.0
Banana,41.7,87.71,0.35,365,1.0,4.36
Maize,32.84,88.75,15.04,110,1.0,1.0
Rice,36.08,54.18,17.76,150,1.0,1.0
Maize,39.37,74.94,16.4,110,1.0,1.0
Banana,19.68,75.11,16.27,365,1.0,1.0
Chickpea,43.36,38.3,5.62,100,1.0,1.0
Onion,32.44,85.53,4.02,130,1.0,1.0
Banana,41.89,23.12,7.29,365,1.0,3.54
Potato,21.25,48.86,1.61,100,1.0,1.39
Tomato,23.5,89.94,10.0,120,1.0,1.0
Onion,24.53,80.65,14.96,130,1.0,1.0
Cotton,25.27,39.01,18.05,180,1.0,1.0
Onion,38.72,43.42,5.1,130,1.0,1.4
Wheat,36.27,53.27,13.2,120,1.0,1.0
Maize,38.05,28.25,4.01,110,1.0,2.81
Sugarcane,15.3,21.89,4.12,365,1.0,1.0
Onion,36.56,46.74,7.14,130,1.0,1.0
Potato,20.36,48.31,14.48,100,1.0,1.0
Chickpea,19.72,76.01,5.18,100,1.0,1.0
Chickpea,24.42,87.39,2.58,100,1.0,1.0
Sugarcane,21.24,68.76,4.15,365,1.0,1.0
Tomato,17.77,50.98,3.9,120,1.0,1.0
Banana,22.91,79.44,13.94,365,1.0,1.0
Banana,27.48,83.48,0.83,365,1.0,2.62
Rice,43.71,77.63,13.56,150,1.0,1.0
Maize,38.24,37.89,3.18,110,1.0,2.98
Wheat,33.48,75.21,3.08,120,1.0,1.32
Banana,20.47,30.92,13.87,365,1.0,1.0
Sugarcane,27.82,77.89,15.71,365,1.0,1.0
Chickpea,43.88,46.81,4.44,100,1.0,1.37
Tomato,19.99,65.74,0.19,120,1.0,2.02
Sugarcane,25.75,46.95,1.08,365,1.0,3.06
Sugarcane,43.51,88.54,9.14,365,1.0,1.0
Tomato,29.99,65.75,15.42,120,1.0,1.0
Onion,18.22,48.9,4.23,130,1.0,1.0
Banana,39.24,23.62,14.9,365,1.0,1.0
Cotton,27.63,72.99,15.69,180,1.0,1.0
Banana,25.93,89.29,0.75,365,1.0,2.37
Maize,24.47,60.89,5.48,110,1.0,1.0
Chickpea,16.39,30.91,18.02,100,1.0,1.0
Rice,22.97,49.93,3.39,150,1.0,1.83
Cotton,20.29,73.36,7.77,180,1.0,1.0
Chickpea,38.36,76.89,12.3,100,1.0,1.0
Tomato,25.92,48.88,14.95,120,1.0,1.0
Potato,26.46,30.15,6.94,100,1.0,1.0
Sugarcane,20.15,62.88,8.58,365,1.0,1.0
Chickpea,17.05,53.06,1.12,100,1.0,1.0
Sugarcane,42.95,49.03,3.61,365,1.0,4.23
Sugarcane,36.46,72.89,18.91,365,1.0,1.0
Cotton,33.16,34.24,12.92,180,1.0,1.0
Tomato,28.23,60.16,19.26,120,1.0,1.0
Sugarcane,15.45,72.53,14.2,365,1.0,1.0
Onion,16.62,32.17,7.55,130,1.0,1.0
Maize,37.75,86.52,14.04,110,1.0,1.0
Maize,32.97,40.07,19.31,110,1.0,1.0
Maize,31.94,65.02,4.6,110,1.0,1.0
Potato,24.85,52.7,5.73,100,1.0,1.0
Rice,35.43,82.95,13.7,150,1.0,1.0
Tomato,18.2,77.26,1.8,120,1.0,1.0
Banana,33.89,68.47,13.28,365,1.0,1.0
Wheat,41.99,73.24,15.77,120,1.0,1.0
Sugarcane,40.76,30.33,15.14,365,1.0,1.0
Sugarcane,43.34,38.45,7.24,365,1.0,2.91
Wheat,29.57,27.92,4.15,120,1.0,1.41
Banana,28.12,22.61,10.59,365,1.0,1.0
Banana,32.22,70.73,1.88,365,1.0,2.97
Banana,21.25,67.77,19.52,365,1.0,1.0
Rice,37.71,54.02,12.32,150,1.0,1.0
Potato,39.08,87.3,12.82,100,1.0,1.0
Potato,21.72,69.31,0.21,100,1.0,1.82
Tomato,25.89,86.99,17.0,120,1.0,1.0
Onion,23.37,20.52,7.47,130,1.0,1.0
Chickpea,25.13,20.82,7.48,100,1.0,1.0
Potato,41.5,44.61,15.16,100,1.0,1.0
Maize,27.99,45.67,17.23,110,1.0,1.0
Tomato,16.15,79.82,6.36,120,1.0,1.0
Onion,39.25,61.84,16.9,130,1.0,1.0
Wheat,34.26,65.4,9.8,120,1.0,1.0
Tomato,40.2,26.43,12.83,120,1.0,1.0
Rice,23.53,68.6,18.94,150,1.0,1.0
Banana,25.82,85.11,5.26,365,1.0,1.0
Potato,20.41,77.79,16.96,100,1.0,1.0
Tomato,17.41,71.02,14.92,120,1.0,1.0
Tomato,19.07,57.48,13.91,120,1.0,1.0
Maize,39.85,53.97,13.43,110,1.0,1.0
Chickpea,19.21,50.19,13.68,100,1.0,1.0
Tomato,35.83,50.34,2.48,120,1.0,2.68
Sugarcane,36.99,89.48,4.01,365,1.0,1.7
Rice,43.0,38.66,3.91,150,1.0,5.12
Onion,27.3,25.69,0.86,130,1.0,2.65
Wheat,15.02,37.14,0.68,120,1.0,1.74
Rice,39.03,88.65,3.19,150,1.0,2.75
Rice,29.46,46.08,1.4,150,1.0,3.77
Rice,15.65,72.13,13.33,150,1.0,1.0
Rice,44.28,42.93,7.43,150,1.0,3.43
Banana,33.66,56.87,4.72,365,1.0,2.18
Chickpea,27.16,28.46,4.46,100,1.0,1.0
Rice,39.74,32.74,16.41,150,1.0,1.0
Banana,34.03,67.8,11.59,365,1.0,1.0
Maize,15.83,33.39,7.73,110,1.0,1.0
Rice,35.17,31.55,4.66,150,1.0,3.52
Wheat,44.16,20.35,3.06,120,1.0,4.13
Onion,37.59,44.82,6.21,130,1.0,1.0
Cotton,23.51,33.86,2.05,180,1.0,1.74
Potato,37.17,74.22,5.08,100,1.0,1.0
Rice,24.95,76.7,14.37,150,1.0,1.0
Potato,16.9,45.43,5.99,100,1.0,1.0
Banana,25.88,89.02,2.56,365,1.0,1.46
Rice,17.59,52.85,10.14,150,1.0,1.0
Wheat,22.31,46.48,4.21,120,1.0,1.0
Chickpea,43.89,49.17,1.07,100,1.0,3.0
Maize,36.94,40.69,11.79,110,1.0,1.0
Banana,27.0,37.76,0.89,365,1.0,3.71
Banana,41.0,24.64,13.08,365,1.0,1.0
Banana,40.34,83.62,8.89,365,1.0,1.0
Cotton,23.21,55.99,17.93,180,1.0,1.0
Wheat,35.56,25.85,7.55,120,1.0,1.0
Wheat,42.38,45.99,14.71,120,1.0,1.0
Onion,29.58,55.46,7.38,130,1.0,1.0
Wheat,21.48,26.26,7.64,120,1.0,1.0
Maize,28.05,65.37,2.53,110,1.0,1.49
Tomato,18.64,69.48,5.46,120,1.0,1.0
Wheat,42.8,34.98,1.82,120,1.0,4.1
Onion,39.22,82.47,3.43,130,1.0,1.3
Sugarcane,17.24,71.96,2.62,365,1.0,1.0
Banana,37.3,35.93,7.36,365,1.0,2.14
Wheat,37.47,50.17,5.05,120,1.0,1.36
Sugarcane,19.82,79.82,18.17,365,1.0,1.0
Cotton,44.84,64.95,9.42,180,1.0,1.0
Wheat,24.65,66.93,16.13,120,1.0,1.0
Potato,17.02,47.45,6.29,100,1.0,1.0
Tomato,29.12,86.84,1.03,120,1.0,1.88
Wheat,42.08,65.6,17.78,120,1.0,1.0
Rice,35.37,74.19,1.0,150,1.0,3.9
Sugarcane,25.27,21.9,2.38,365,1.0,2.93
Cotton,38.79,20.13,5.95,180,1.0,1.87
Tomato,35.61,43.81,16.07,120,1.0,1.0
Sugarcane,38.83,43.25,9.88,365,1.0,1.0
Wheat,18.01,63.01,1.9,120,1.0,1.0
Potato,27.2,34.96,18.48,100,1.0,1.0
Onion,20.0,64.62,14.91,130,1.0,1.0
Chickpea,33.48,61.0,16.63,100,1.0,1.0
Onion,40.05,36.78,11.37,130,1.0,1.0
Wheat,17.45,50.62,8.11,120,1.0,1.0
Wheat,23.21,59.43,6.12,120,1.0,1.0
Onion,34.74,71.43,12.81,130,1.0,1.0
Cotton,34.44,86.7,18.54,180,1.0,1.0
Maize,19.51,20.38,7.45,110,1.0,1.0
Rice,35.86,84.99,19.96,150,1.0,1.0
Onion,37.74,86.89,1.0,130,1.0,2.27
Wheat,43.38,67.0,18.13,120,1.0,1.0
Banana,23.77,21.97,2.32,365,1.0,2.95
Onion,15.84,29.06,12.72,130,1.0,1.0
Cotton,34.76,83.25,13.56,180,1.0,1.0
Onion,40.4,81.87,3.23,130,1.0,1.52
Rice,29.71,38.56,3.22,150,1.0,3.11
Potato,22.16,44.87,17.28,100,1.0,1.0
Cotton,16.22,71.83,11.77,180,1.0,1.0
Onion,38.51,54.83,13.67,130,1.0,1.0
Banana,17.02,74.75,12.9,365,1.0,1.0
Maize,31.63,87.7,0.96,110,1.0,2.1
Maize,20.02,70.52,15.88,110,1.0,1.0
Onion,27.66,39.79,9.17,130,1.0,1.0
Sugarcane,27.05,59.37,8.56,365,1.0,1.0
Onion,26.62,20.69,8.56,130,1.0,1.0
Sugarcane,43.45,27.25,10.01,365,1.0,2.0
Cotton,35.09,72.44,15.26,180,1.0,1.0
Tomato,28.49,62.61,12.85,120,1.0,1.0
Cotton,19.08,43.22,15.12,180,1.0,1.0
Onion,24.7,22.87,2.5,130,1.0,1.62
Tomato,16.13,86.62,1.26,120,1.0,1.0
Sugarcane,43.85,48.59,16.98,365,1.0,1.0
Chickpea,42.07,50.06,3.8,100,1.0,1.44
Onion,42.09,49.66,2.07,130,1.0,3.15
Wheat,42.55,61.17,18.4,120,1.0,1.0
Onion,34.21,83.98,1.38,130,1.0,1.86
Banana,38.71,81.84,11.47,365,1.0,1.0
Tomato,28.18,75.97,13.04,120,1.0,1.0
Banana,16.11,33.3,16.67,365,1.0,1.0
Cotton,39.05,28.58,8.45,180,1.0,1.0
Tomato,31.84,61.77,18.19,120,1.0,1.0
Maize,42.26,72.7,7.33,110,1.0,1.0
Wheat,21.03,47.06,5.53,120,1.0,1.0
Banana,39.04,65.64,18.82,365,1.0,1.0
Tomato,29.02,46.86,16.64,120,1.0,1.0
Rice,40.39,73.17,6.14,150,1.0,2.09
Rice,42.87,41.11,9.21,150,1.0,2.34
Tomato,15.8,50.1,1.86,120,1.0,1.15
Potato,15.0,68.42,2.87,100,1.0,1.0
Onion,27.69,20.39,15.02,130,1.0,1.0
Wheat,23.53,49.62,8.02,120,1.0,1.0
Banana,23.65,62.79,4.72,365,1.0,1.0
Maize,16.79,84.65,10.07,110,1.0,1.0
Tomato,26.12,29.2,12.67,120,1.0,1.0
Maize,40.99,50.55,6.2,110,1.0,1.47
Sugarcane,24.89,30.7,14.11,365,1.0,1.0
Chickpea,29.48,85.88,6.57,100,1.0,1.0
Onion,44.79,54.92,18.32,130,1.0,1.0
Maize,28.29,22.14,4.64,110,1.0,1.36
Potato,39.2,47.67,8.63,100,1.0,1.0
Potato,37.83,64.77,5.27,100,1.0,1.0
Banana,27.04,40.59,1.76,365,1.0,3.21
Chickpea,26.52,40.62,13.15,100,1.0,1.0
Rice,29.61,35.99,8.88,150,1.0,1.0
Onion,27.27,37.98,16.87,130,1.0,1.0
Wheat,38.69,61.1,3.99,120,1.0,1.74
Chickpea,37.04,34.37,0.55,100,1.0,2.9
Banana,43.83,57.76,4.69,365,1.0,3.77
Chickpea,21.68,25.75,5.23,100,1.0,1.0
Rice,23.93,83.52,13.87,150,1.0,1.0
Tomato,29.05,46.35,9.21,120,1.0,1.0
Sugarcane,36.85,42.17,14.25,365,1.0,1.0
Banana,27.02,39.34,18.06,365,1.0,1.0
Maize,21.37,50.72,1.89,110,1.0,1.52
Banana,44.83,63.13,14.15,365,1.0,1.0
Tomato,43.35,65.87,6.92,120,1.0,1.0
Sugarcane,40.75,63.87,6.52,365,1.0,1.85
Sugarcane,16.83,77.94,17.33,365,1.0,1.0
Banana,33.45,83.5,12.12,365,1.0,1.0
Maize,39.24,87.51,10.39,110,1.0,1.0
Wheat,25.31,41.4,7.08,120,1.0,1.0
Potato,26.09,57.06,4.3,100,1.0,1.0
Banana,39.28,58.43,6.83,365,1.0,1.91
Sugarcane,41.5,62.49,19.0,365,1.0,1.0
Wheat,36.87,83.17,13.69,120,1.0,1.0
Maize,16.42,37.08,11.83,110,1.0,1.0
Tomato,30.14,70.39,1.74,120,1.0,1.97
Cotton,27.9,59.12,6.18,180,1.0,1.0
Banana,44.97,52.71,5.05,365,1.0,4.01
Tomato,40.69,22.58,12.91,120,1.0,1.0
Wheat,40.25,23.52,2.11,120,1.0,3.92
Onion,24.58,76.48,18.54,130,1.0,1.0
Cotton,25.89,59.94,14.5,180,1.0,1.0
Onion,33.88,78.23,12.37,130,1.0,1.0
Onion,29.95,51.58,10.98,130,1.0,1.0
Rice,40.45,50.33,4.31,150,1.0,3.94
Wheat,32.6,61.47,7.26,120,1.0,1.0
Chickpea,26.99,45.74,19.26,100,1.0,1.0
Wheat,43.16,83.26,8.8,120,1.0,1.0
Tomato,35.77,85.99,2.16,120,1.0,1.9
Tomato,35.56,57.5,15.29,120,1.0,1.0
Onion,43.03,21.07,8.57,130,1.0,1.0
Chickpea,32.15,34.0,13.17,100,1.0,1.0
Sugarcane,43.21,61.21,5.94,365,1.0,2.62
Chickpea,39.78,59.8,0.48,100,1.0,2.68
Rice,32.51,67.1,1.05,150,1.0,3.73
Rice,33.98,54.98,18.2,150,1.0,1.0
Potato,32.22,38.88,12.18,100,1.0,1.0
Maize,28.13,76.21,2.0,110,1.0,1.54
Banana,17.25,37.7,6.38,365,1.0,1.0
Tomato,30.48,69.08,2.45,120,1.0,1.68
Chickpea,41.92,68.2,4.69,100,1.0,1.0
Potato,35.75,86.45,8.42,100,1.0,1.0
Chickpea,28.49,47.86,17.12,100,1.0,1.0
Wheat,39.63,78.79,10.59,120,1.0,1.0
Rice,35.74,85.82,0.49,150,1.0,3.79
Maize,37.8,20.42,14.08,110,1.0,1.0
Onion,29.26,87.46,12.89,130,1.0,1.0
Tomato,43.03,48.41,12.25,120,1.0,1.0
Rice,36.29,37.37,1.87,150,1.0,4.91
Wheat,23.51,71.66,9.89,120,1.0,1.0
Chickpea,39.59,70.17,19.58,100,1.0,1.0
Cotton,26.31,84.16,5.16,180,1.0,1.0
Tomato,35.75,74.45,6.75,120,1.0,1.0
Chickpea,34.55,30.95,4.54,100,1.0,1.0
Onion,37.32,61.82,11.08,130,1.0,1.0
Tomato,15.64,34.28,3.17,120,1.0,1.0
Banana,35.26,84.42,3.94,365,1.0,1.88
Cotton,24.44,23.75,1.36,180,1.0,2.34
Sugarcane,33.38,43.03,7.87,365,1.0,1.0
Chickpea,33.17,87.05,18.52,100,1.0,1.0
Maize,32.62,33.76,3.85,110,1.0,2.02
Chickpea,15.42,57.65,2.9,100,1.0,1.0
Rice,38.64,71.02,7.18,150,1.0,1.39
Maize,32.01,25.02,0.15,110,1.0,4.0
Maize,39.14,23.67,12.26,110,1.0,1.0
Tomato,27.79,52.59,3.79,120,1.0,1.1
Potato,18.14,57.79,8.8,100,1.0,1.0
Wheat,38.08,67.27,0.21,120,1.0,3.4
Maize,18.64,36.19,8.91,110,1.0,1.0
Banana,28.7,67.35,3.93,365,1.0,1.63
Sugarcane,32.9,48.35,19.27,365,1.0,1.0
Cotton,23.03,86.13,16.75,180,1.0,1.0
Tomato,33.42,70.97,4.59,120,1.0,1.0
Potato,15.67,82.47,11.58,100,1.0,1.0
Sugarcane,27.56,64.49,5.86,365,1.0,1.0
Chickpea,27.55,87.6,15.73,100,1.0,1.0
Tomato,41.29,59.91,16.07,120,1.0,1.0
Sugarcane,21.66,54.84,6.04,365,1.0,1.0
Onion,31.63,50.23,7.25,130,1.0,1.0
Rice,27.35,50.36,13.85,150,1.0,1.0
Chickpea,32.61,69.22,4.1,100,1.0,1.0
Wheat,17.4,20.59,15.09,120,1.0,1.0
Chickpea,30.25,32.58,5.31,100,1.0,1.0
Sugarcane,25.73,57.77,18.58,365,1.0,1.0
Wheat,16.44,47.0,15.94,120,1.0,1.0
Cotton,39.4,66.98,15.51,180,1.0,1.0
Rice,35.51,57.27,4.98,150,1.0,2.52
Wheat,18.0,30.33,8.85,120,1.0,1.0
Banana,19.8,76.19,6.94,365,1.0,1.0
Maize,34.09,31.88,15.17,110,1.0,1.0
Potato,21.39,27.07,10.89,100,1.0,1.0
Tomato,42.98,79.38,18.91,120,1.0,1.0
Sugarcane,39.84,43.81,3.66,365,1.0,3.87
Rice,35.89,34.2,2.4,150,1.0,4.69
Cotton,28.46,28.52,1.33,180,1.0,2.69
Wheat,22.14,61.68,7.24,120,1.0,1.0
Potato,44.14,81.08,11.16,100,1.0,1.0
Onion,20.51,67.57,7.46,130,1.0,1.0
Tomato,44.71,65.09,19.61,120,1.0,1.0
Chickpea,36.22,30.27,13.52,100,1.0,1.0
Chickpea,37.48,65.52,2.33,100,1.0,1.45
Wheat,27.21,32.08,18.09,120,1.0,1.0
Onion,19.84,47.74,8.58,130,1.0,1.0
Onion,20.51,78.22,3.31,130,1.0,1.0
Banana,29.01,31.46,19.68,365,1.0,1.0
Cotton,23.49,66.1,0.83,180,1.0,1.82
Onion,40.22,77.87,4.53,130,1.0,1.0
Sugarcane,18.17,28.74,17.5,365,1.0,1.0
Banana,33.05,32.05,10.96,365,1.0,1.0
Maize,27.63,53.07,17.47,110,1.0,1.0
Tomato,30.21,65.52,10.67,120,1.0,1.0
Wheat,29.53,74.91,7.37,120,1.0,1.0
Cotton,34.1,44.37,18.59,180,1.0,1.0
Chickpea,16.28,79.84,1.7,100,1.0,1.0
Chickpea,42.21,35.67,7.0,100,1.0,1.0
Cotton,21.41,32.6,8.3,180,1.0,1.0
Maize,19.93,21.28,5.34,110,1.0,1.0
Banana,33.14,80.32,2.15,365,1.0,2.66
Maize,27.85,26.6,12.44,110,1.0,1.0
Potato,22.61,61.88,9.98,100,1.0,1.0
Maize,36.02,83.23,13.36,110,1.0,1.0
Tomato,15.23,31.64,4.81,120,1.0,1.0
Tomato,26.96,27.38,16.26,120,1.0,1.0
Potato,25.6,24.03,3.62,100,1.0,1.13
Onion,40.56,69.78,9.58,130,1.0,1.0
Maize,27.57,71.79,18.99,110,1.0,1.0
Sugarcane,25.98,62.4,0.83,365,1.0,2.84
Rice,43.54,74.78,13.24,150,1.0,1.0
Onion,35.15,22.09,3.2,130,1.0,2.43
Wheat,38.86,22.42,2.59,120,1.0,3.5
Banana,24.37,81.35,12.62,365,1.0,1.0
Banana,35.39,39.17,14.93,365,1.0,1.0
Potato,43.93,66.56,16.94,100,1.0,1.0
Tomato,30.54,81.38,10.55,120,1.0,1.0
Rice,38.27,70.4,10.77,150,1.0,1.0
Potato,18.18,27.89,7.15,100,1.0,1.0
Cotton,22.14,30.6,4.88,180,1.0,1.0
Onion,42.76,60.1,0.32,130,1.0,3.82
Banana,27.29,22.0,2.8,365,1.0,3.21
Rice,40.1,40.57,7.3,150,1.0,2.78
Banana,30.39,56.09,9.12,365,1.0,1.0
Potato,29.98,55.13,3.17,100,1.0,1.2
Chickpea,35.76,32.06,1.41,100,1.0,2.4
Tomato,30.44,86.34,19.59,120,1.0,1.0
Potato,17.94,67.96,12.62,100,1.0,1.0
Potato,44.61,36.56,7.51,100,1.0,1.14
Rice,23.97,36.8,10.34,150,1.0,1.0
Cotton,24.58,78.06,16.74,180,1.0,1.0
Potato,33.06,51.24,13.99,100,1.0,1.0
Banana,35.77,75.07,8.49,365,1.0,1.0
Rice,33.32,65.18,19.18,150,1.0,1.0
Cotton,33.84,82.63,5.57,180,1.0,1.0
Sugarcane,39.85,44.81,14.56,365,1.0,1.0
Sugarcane,41.4,65.3,17.97,365,1.0,1.0
Rice,33.76,56.67,10.49,150,1.0,1.0
Chickpea,39.39,63.23,8.14,100,1.0,1.0
Rice,42.97,25.14,2.52,150,1.0,6.4
Cotton,30.38,89.21,12.06,180,1.0,1.0
Wheat,36.22,55.73,6.89,120,1.0,1.0
Potato,42.1,34.27,11.48,100,1.0,1.0
Sugarcane,40.21,79.79,5.12,365,1.0,1.88
Maize,35.69,28.53,3.62,110,1.0,2.67
Sugarcane,38.75,67.25,3.34,365,1.0,3.02
Maize,24.11,40.87,6.06,110,1.0,1.0
Maize,26.52,25.33,14.44,110,1.0,1.0
Cotton,30.76,87.36,1.01,180,1.0,1.86
Rice,41.56,30.59,5.73,150,1.0,4.26
Rice,39.71,72.89,19.11,150,1.0,1.0
Chickpea,27.38,80.42,1.07,100,1.0,1.16
Tomato,23.54,57.59,15.3,120,1.0,1.0
Cotton,23.74,41.47,6.18,180,1.0,1.0
Potato,31.2,51.72,5.28,100,1.0,1.0
Banana,26.5,46.55,9.34,365,1.0,1.0
Rice,28.8,85.15,18.14,150,1.0,1.0
Potato,22.3,78.21,6.44,100,1.0,1.0
Onion,36.77,69.92,8.34,130,1.0,1.0
Maize,44.67,62.76,17.53,110,1.0,1.0
Tomato,35.94,36.07,11.07,120,1.0,1.0
Banana,34.53,35.55,10.41,365,1.0,1.0
Potato,24.86,42.89,3.02,100,1.0,1.05
Rice,40.18,60.88,3.74,150,1.0,3.75
Banana,20.52,35.67,16.92,365,1.0,1.0
Cotton,28.02,29.99,6.2,180,1.0,1.0
Cotton,26.69,27.06,13.46,180,1.0,1.0
Maize,35.73,81.52,18.8,110,1.0,1.0
Cotton,30.85,53.73,16.22,180,1.0,1.0
Cotton,25.05,24.7,1.78,180,1.0,2.18
Maize,26.98,83.09,17.58,110,1.0,1.0
Wheat,35.88,89.1,4.8,120,1.0,1.0
Sugarcane,18.92,73.09,15.91,365,1.0,1.0
Potato,38.36,73.64,13.43,100,1.0,1.0
Rice,40.72,87.55,9.76,150,1.0,1.0
Onion,38.97,59.84,16.13,130,1.0,1.0
Rice,21.61,87.6,13.05,150,1.0,1.0
Cotton,31.44,85.02,8.93,180,1.0,1.0
Banana,18.45,28.18,8.47,365,1.0,1.0
Wheat,39.69,58.46,14.36,120,1.0,1.0
Sugarcane,21.14,57.65,13.36,365,1.0,1.0
Maize,30.69,42.83,3.38,110,1.0,1.82
Cotton,37.92,32.8,19.17,180,1.0,1.0
Cotton,16.84,87.75,13.75,180,1.0,1.0
Banana,29.47,33.0,15.95,365,1.0,1.0
Maize,25.87,48.12,7.01,110,1.0,1.0
Rice,25.07,44.08,15.07,150,1.0,1.0
Potato,23.21,80.98,5.03,100,1.0,1.0
Tomato,40.16,44.53,3.37,120,1.0,2.96
Rice,29.5,70.85,6.04,150,1.0,1.0
Onion,38.45,68.84,11.5,130,1.0,1.0
Chickpea,44.23,55.08,13.81,100,1.0,1.0
Rice,43.25,61.26,5.53,150,1.0,3.36
Tomato,34.3,89.29,1.22,120,1.0,2.16
Potato,39.27,70.46,14.08,100,1.0,1.0
Cotton,37.49,73.41,8.07,180,1.0,1.0
Rice,41.17,33.9,18.28,150,1.0,1.0
Maize,23.87,58.27,18.77,110,1.0,1.0
Rice,15.85,65.22,10.8,150,1.0,1.0
Rice,18.53,35.26,16.92,150,1.0,1.0
Wheat,29.27,44.36,2.66,120,1.0,1.79
Tomato,27.9,59.63,15.63,120,1.0,1.0
Maize,16.25,59.02,17.96,110,1.0,1.0
Maize,44.88,41.06,18.54,110,1.0,1.0
Onion,21.18,41.31,5.12,130,1.0,1.0
Tomato,39.77,23.55,12.04,120,1.0,1.0
Onion,29.06,50.9,5.53,130,1.0,1.0
Tomato,31.57,29.64,2.0,120,1.0,2.91
Sugarcane,20.4,57.62,19.04,365,1.0,1.0
Potato,33.2,79.5,14.45,100,1.0,1.0
Rice,26.05,73.21,9.41,150,1.0,1.0
Cotton,35.21,71.49,15.39,180,1.0,1.0
Chickpea,17.36,26.0,11.83,100,1.0,1.0
Potato,25.08,43.31,2.27,100,1.0,1.44
Banana,37.67,40.78,2.95,365,1.0,4.24
Onion,44.88,65.97,18.0,130,1.0,1.0
Chickpea,41.52,56.41,16.45,100,1.0,1.0
Chickpea,33.31,28.44,6.48,100,1.0,1.0
Chickpea,15.65,60.49,5.9,100,1.0,1.0
Tomato,19.98,48.69,14.12,120,1.0,1.0
Wheat,24.73,36.37,1.82,120,1.0,1.93
Cotton,15.19,21.91,16.3,180,1.0,1.0
Potato,15.58,60.99,4.46,100,1.0,1.0
Maize,28.13,27.21,16.94,110,1.0,1.0
Potato,40.86,41.2,2.11,100,1.0,3.21
Chickpea,36.2,24.76,6.87,100,1.0,1.0
Potato,15.49,32.59,6.39,100,1.0,1.0
Rice,40.37,59.33,5.69,150,1.0,2.87
Tomato,22.49,69.58,1.87,120,1.0,1.3
Potato,42.03,48.88,13.24,100,1.0,1.0
Sugarcane,24.29,52.66,3.29,365,1.0,1.66
Maize,27.4,74.64,12.55,110,1.0,1.0
Onion,37.71,57.72,14.32,130,1.0,1.0
Chickpea,44.34,55.3,16.9,100,1.0,1.0
Rice,37.8,75.9,3.5,150,1.0,2.92
Onion,34.52,80.93,10.36,130,1.0,1.0
Tomato,41.48,55.3,19.68,120,1.0,1.0
Banana,18.89,43.87,13.86,365,1.0,1.0
Banana,41.82,75.24,3.74,365,1.0,3.19
Banana,39.29,57.76,9.96,365,1.0,1.0
Maize,32.62,64.58,17.15,110,1.0,1.0
Cotton,41.76,87.79,9.24,180,1.0,1.0
Maize,24.9,66.12,19.5,110,1.0,1.0
Chickpea,28.82,79.81,8.33,100,1.0,1.0
Tomato,19.24,31.71,16.77,120,1.0,1.0
Potato,44.06,59.43,6.65,100,1.0,1.0
Onion,20.26,48.92,13.93,130,1.0,1.0
Rice,19.87,38.55,14.45,150,1.0,1.0
Tomato,32.02,77.34,6.27,120,1.0,1.0
Rice,23.85,82.18,11.86,150,1.0,1.0
Maize,25.51,76.87,10.42,110,1.0,1.0
Cotton,26.22,24.13,0.26,180,1.0,3.07
Sugarcane,22.42,84.28,15.04,365,1.0,1.0
Chickpea,23.1,65.31,19.81,100,1.0,1.0
Potato,29.38,30.64,0.25,100,1.0,3.07
Banana,26.45,70.09,19.62,365,1.0,1.0
Maize,44.06,49.67,19.14,110,1.0,1.0
Tomato,43.05,48.54,3.83,120,1.0,3.0
Tomato,41.83,44.79,5.82,120,1.0,1.95
Tomato,44.0,24.01,12.54,120,1.0,1.0
Tomato,37.05,36.61,2.54,120,1.0,3.18
Potato,31.84,52.65,0.35,100,1.0,2.83
Rice,44.01,62.75,19.83,150,1.0,1.0
Tomato,40.99,32.33,0.02,120,1.0,5.12
Onion,43.59,64.25,11.13,130,1.0,1.0
Banana,34.87,60.95,4.87,365,1.0,2.14
Onion,34.34,66.59,15.56,130,1.0,1.0
Rice,29.24,47.11,3.25,150,1.0,2.78
Maize,31.7,71.86,18.8,110,1.0,1.0
Wheat,21.01,34.49,8.78,120,1.0,1.0
Potato,32.19,85.76,15.71,100,1.0,1.0
Cotton,20.49,69.51,13.89,180,1.0,1.0
Sugarcane,18.03,38.33,1.75,365,1.0,2.09
Cotton,40.17,80.08,11.62,180,1.0,1.0
Potato,21.23,61.08,1.09,100,1.0,1.47
Tomato,34.64,21.3,8.16,120,1.0,1.0
Banana,17.89,60.9,4.11,365,1.0,1.0
Wheat,16.81,25.64,6.88,120,1.0,1.0
Rice,27.66,24.4,5.38,150,1.0,2.12
Potato,18.38,34.92,19.66,100,1.0,1.0
Wheat,41.76,79.18,18.49,120,1.0,1.0
Sugarcane,22.97,68.22,9.86,365,1.0,1.0
Cotton,21.86,32.74,1.23,180,1.0,2.03
Sugarcane,27.1,87.86,1.14,365,1.0,2.18
Rice,36.47,48.48,2.86,150,1.0,4.05
Banana,26.52,48.41,14.1,365,1.0,1.0
Wheat,26.34,61.41,12.92,120,1.0,1.0
Tomato,36.76,58.78,5.85,120,1.0,1.0
Onion,19.26,51.3,19.38,130,1.0,1.0
Sugarcane,23.98,80.51,10.03,365,1.0,1.0
Tomato,42.58,83.27,3.13,120,1.0,2.17
Onion,17.49,84.69,16.35,130,1.0,1.0
Wheat,19.42,56.01,7.86,120,1.0,1.0
Potato,22.81,62.91,6.51,100,1.0,1.0
Rice,24.08,23.61,12.11,150,1.0,1.0
Sugarcane,28.86,22.09,17.78,365,1.0,1.0
Wheat,18.44,56.66,2.85,120,1.0,1.0
Wheat,32.75,83.76,7.22,120,1.0,1.0
Sugarcane,24.61,30.05,15.11,365,1.0,1.0
Rice,27.14,43.34,16.56,150,1.0,1.0
Sugarcane,15.08,85.58,11.83,365,1.0,1.0
Onion,34.99,37.14,15.78,130,1.0,1.0
Cotton,17.63,68.35,4.59,180,1.0,1.0
Chickpea,29.97,73.11,14.82,100,1.0,1.0
Sugarcane,22.53,26.92,10.33,365,1.0,1.0
Onion,43.17,85.94,8.21,130,1.0,1.0
Onion,23.23,61.8,3.18,130,1.0,1.0
Sugarcane,18.27,75.3,9.44,365,1.0,1.0
Tomato,27.38,62.03,18.79,120,1.0,1.0
Wheat,39.83,28.79,3.08,120,1.0,3.22
Cotton,42.17,24.01,6.66,180,1.0,1.91
Sugarcane,24.51,39.18,8.02,365,1.0,1.0
Tomato,33.34,20.21,8.02,120,1.0,1.0
Chickpea,18.13,67.4,15.71,100,1.0,1.0
Potato,15.49,71.04,13.74,100,1.0,1.0
Tomato,25.82,84.61,11.24,120,1.0,1.0
Wheat,16.05,22.02,7.92,120,1.0,1.0
Rice,19.2,47.86,3.96,150,1.0,1.19
Maize,21.29,28.66,4.55,110,1.0,1.0
Wheat,26.46,78.27,2.47,120,1.0,1.0
Rice,44.5,45.12,0.19,150,1.0,7.0
Cotton,29.0,38.39,10.11,180,1.0,1.0
Sugarcane,24.69,64.71,19.53,365,1.0,1.0
Sugarcane,38.27,73.06,5.59,365,1.0,1.63
Sugarcane,16.44,23.28,4.62,365,1.0,1.0
Sugarcane,38.13,54.81,7.75,365,1.0,1.16
Banana,44.6,46.82,1.78,365,1.0,5.84
Cotton,31.57,63.37,5.58,180,1.0,1.0
Potato,19.91,81.36,10.64,100,1.0,1.0
Rice,29.7,84.4,15.5,150,1.0,1.0
Chickpea,39.54,71.11,14.08,100,1.0,1.0
Tomato,18.49,80.21,16.34,120,1.0,1.0
Rice,38.09,53.37,2.34,150,1.0,4.4
Rice,26.32,46.91,10.2,150,1.0,1.0
Onion,37.58,65.48,1.64,130,1.0,2.46
Wheat,38.01,32.94,4.3,120,1.0,2.25
Wheat,29.38,37.12,1.48,120,1.0,2.54
Sugarcane,32.03,63.58,6.91,365,1.0,1.0
Chickpea,21.84,85.3,12.68,100,1.0,1.0
Onion,43.64,43.24,9.25,130,1.0,1.0
Wheat,23.02,71.14,8.29,120,1.0,1.0
Onion,29.52,85.21,10.55,130,1.0,1.0
Cotton,27.73,65.88,15.49,180,1.0,1.0
Wheat,32.98,52.85,14.37,120,1.0,1.0
Cotton,35.32,73.19,10.27,180,1.0,1.0
Cotton,26.47,65.36,18.12,180,1.0,1.0
Rice,26.41,82.41,1.76,150,1.0,2.21
Chickpea,22.32,23.12,1.3,100,1.0,1.48
Maize,16.16,32.74,18.87,110,1.0,1.0
Tomato,21.48,59.67,15.62,120,1.0,1.0
Tomato,40.61,24.87,18.26,120,1.0,1.0
Onion,17.79,77.63,15.24,130,1.0,1.0
Onion,18.21,26.17,8.38,130,1.0,1.0
Tomato,34.72,70.86,15.98,120,1.0,1.0
Cotton,40.08,31.01,13.29,180,1.0,1.0
Maize,42.97,29.74,19.91,110,1.0,1.0
Potato,37.64,45.75,17.27,100,1.0,1.0
Banana,16.62,57.23,1.88,365,1.0,1.69
Sugarcane,37.85,62.59,7.0,365,1.0,1.23
Onion,37.07,89.86,6.82,130,1.0,1.0
Chickpea,24.54,77.64,6.18,100,1.0,1.0
Banana,42.5,88.97,16.56,365,1.0,1.0
Maize,27.54,36.92,17.81,110,1.0,1.0
Rice,34.25,40.61,8.7,150,1.0,1.03
Onion,33.89,53.82,6.09,130,1.0,1.0
Rice,33.44,66.81,8.49,150,1.0,1.0
Rice,28.82,20.11,18.42,150,1.0,1.0
Sugarcane,19.76,57.25,13.22,365,1.0,1.0
Maize,20.45,80.9,1.6,110,1.0,1.11
Cotton,34.79,82.67,16.66,180,1.0,1.0
Cotton,43.75,77.41,8.52,180,1.0,1.0
Potato,26.02,86.06,9.69,100,1.0,1.0
Banana,22.71,76.37,13.69,365,1.0,1.0
Onion,23.33,83.36,19.56,130,1.0,1.0
Wheat,26.64,23.71,11.92,120,1.0,1.0
Maize,27.66,26.28,12.48,110,1.0,1.0
Tomato,43.89,30.42,17.9,120,1.0,1.0
Banana,16.72,52.64,17.49,365,1.0,1.0
Sugarcane,44.93,50.56,10.13,365,1.0,1.26
Wheat,44.4,89.22,14.95,120,1.0,1.0
Cotton,25.78,25.24,0.77,180,1.0,2.75
Cotton,40.15,73.43,8.56,180,1.0,1.0
Potato,37.89,88.04,8.21,100,1.0,1.0
Chickpea,25.03,41.17,1.9,100,1.0,1.13
Wheat,37.76,56.37,18.94,120,1.0,1.0
Sugarcane,22.73,21.96,11.76,365,1.0,1.0
Wheat,29.63,27.08,16.4,120,1.0,1.0
Banana,25.5,24.53,13.16,365,1.0,1.0
Sugarcane,20.83,87.53,8.81,365,1.0,1.0
Tomato,22.27,86.26,1.52,120,1.0,1.18
Rice,20.1,28.35,16.09,150,1.0,1.0
Wheat,34.48,29.09,4.67,120,1.0,1.71
Onion,40.69,63.7,12.15,130,1.0,1.0
Tomato,42.69,40.26,8.69,120,1.0,1.0
Sugarcane,32.76,44.3,6.8,365,1.0,1.18
Sugarcane,30.81,58.93,3.69,365,1.0,2.06
Banana,21.75,75.05,13.51,365,1.0,1.0
Banana,39.07,57.54,15.21,365,1.0,1.0
Cotton,25.34,69.38,12.96,180,1.0,1.0
Rice,41.71,40.95,19.72,150,1.0,1.0
Sugarcane,23.94,20.36,1.22,365,1.0,3.37
Sugarcane,19.93,87.71,8.7,365,1.0,1.0
Rice,41.37,65.36,0.57,150,1.0,5.35
Sugarcane,25.39,56.99,5.47,365,1.0,1.0
Onion,24.8,30.67,2.88,130,1.0,1.32
Tomato,44.77,20.84,16.68,120,1.0,1.0
Tomato,40.58,75.98,6.3,120,1.0,1.0
Onion,15.98,74.74,6.34,130,1.0,1.0
Banana,35.28,69.48,1.96,365,1.0,3.37
Rice,31.41,63.68,17.91,150,1.0,1.0
Tomato,28.23,44.04,16.75,120,1.0,1.0
Potato,27.52,58.47,0.62,100,1.0,2.2
Potato,29.72,79.49,11.92,100,1.0,1.0
Cotton,41.6,39.45,10.5,180,1.0,1.0
Wheat,40.38,72.2,15.58,120,1.0,1.0
Tomato,29.58,43.52,17.89,120,1.0,1.0
Wheat,18.84,47.53,14.3,120,1.0,1.0
Sugarcane,22.31,36.36,1.63,365,1.0,2.63
Onion,39.93,41.15,13.28,130,1.0,1.0
Cotton,30.28,75.83,18.12,180,1.0,1.0
Sugarcane,25.69,56.76,0.47,365,1.0,3.13
Chickpea,31.06,51.16,13.84,100,1.0,1.0
Potato,21.51,43.39,4.34,100,1.0,1.0
Cotton,23.65,43.34,16.82,180,1.0,1.0
Tomato,19.37,23.8,15.99,120,1.0,1.0
Onion,43.9,89.72,7.65,130,1.0,1.0
Cotton,38.82,80.64,16.49,180,1.0,1.0
Chickpea,36.49,21.52,9.91,100,1.0,1.0
Potato,35.41,33.06,17.58,100,1.0,1.0
Potato,19.51,61.7,13.73,100,1.0,1.0
Wheat,17.8,33.24,17.83,120,1.0,1.0
Banana,34.38,70.51,4.92,365,1.0,1.74
Tomato,24.91,62.64,7.19,120,1.0,1.0
Cotton,17.59,54.49,12.62,180,1.0,1.0
Tomato,34.0,60.32,0.63,120,1.0,3.14
Rice,38.81,33.45,13.89,150,1.0,1.0
Tomato,32.35,29.24,5.76,120,1.0,1.14
Rice,16.95,87.68,19.15,150,1.0,1.0
Sugarcane,41.97,78.51,5.72,365,1.0,1.87
Maize,19.7,60.22,6.86,110,1.0,1.0
Maize,20.08,83.83,12.19,110,1.0,1.0
Sugarcane,27.72,53.05,13.29,365,1.0,1.0
Potato,28.49,26.9,11.13,100,1.0,1.0
Onion,28.85,36.09,1.88,130,1.0,2.1
Tomato,27.87,44.29,13.18,120,1.0,1.0
Maize,15.05,74.0,0.24,110,1.0,1.59
Potato,33.04,60.23,18.6,100,1.0,1.0
Maize,19.85,74.27,11.66,110,1.0,1.0
Sugarcane,22.05,75.11,15.31,365,1.0,1.0
Rice,25.03,34.21,6.86,150,1.0,1.0
Tomato,35.68,20.99,4.03,120,1.0,2.65
Tomato,33.32,79.76,15.1,120,1.0,1.0
Wheat,17.82,62.02,19.52,120,1.0,1.0
Rice,39.74,58.81,8.22,150,1.0,1.52
Potato,39.45,32.06,11.68,100,1.0,1.0
Chickpea,31.18,40.51,9.0,100,1.0,1.0
Wheat,41.15,33.34,14.93,120,1.0,1.0
Wheat,37.73,51.47,5.4,120,1.0,1.18
Cotton,21.51,79.26,3.28,180,1.0,1.0
Banana,29.91,45.62,5.38,365,1.0,1.66
Onion,34.08,66.77,10.69,130,1.0,1.0
Sugarcane,36.64,31.25,18.6,365,1.0,1.0
Onion,17.87,51.49,5.38,130,1.0,1.0
Maize,38.88,81.55,12.08,110,1.0,1.0
Banana,27.04,61.5,19.87,365,1.0,1.0
Sugarcane,36.08,26.8,5.89,365,1.0,2.71
Banana,26.01,36.83,11.23,365,1.0,1.0
Rice,44.44,60.71,0.31,150,1.0,6.21
Cotton,22.92,40.97,13.7,180,1.0,1.0
Rice,33.91,36.38,16.6,150,1.0,1.0
Potato,42.82,44.32,5.46,100,1.0,1.7
Tomato,24.68,50.5,9.95,120,1.0,1.0
Maize,40.95,30.87,11.15,110,1.0,1.0
Chickpea,32.81,38.28,7.82,100,1.0,1.0
Tomato,37.52,20.08,10.88,120,1.0,1.0
Maize,40.48,61.02,7.56,110,1.0,1.0
Maize,25.5,75.38,1.61,110,1.0,1.55
Potato,26.16,74.74,14.03,100,1.0,1.0
Tomato,35.92,81.74,13.19,120,1.0,1.0
Sugarcane,24.56,59.4,3.47,365,1.0,1.45
Onion,41.97,24.07,12.51,130,1.0,1.0
Tomato,26.04,43.8,6.05,120,1.0,1.0
Onion,24.63,71.4,8.81,130,1.0,1.0
Wheat,27.27,71.97,7.75,120,1.0,1.0
Cotton,15.13,88.21,1.28,180,1.0,1.0
Sugarcane,39.23,26.85,10.11,365,1.0,1.15
Tomato,44.76,38.94,8.42,120,1.0,1.28
Potato,28.44,81.7,10.65,100,1.0,1.0
Onion,33.57,77.76,14.79,130,1.0,1.0
Maize,44.62,62.38,5.72,110,1.0,1.81
Potato,15.94,34.74,16.04,100,1.0,1.0
Chickpea,31.6,26.87,4.25,100,1.0,1.0
Chickpea,23.57,89.83,0.55,100,1.0,1.1
Onion,43.76,62.85,12.14,130,1.0,1.0
Potato,23.9,36.18,9.15,100,1.0,1.0
Sugarcane,27.59,46.54,5.31,365,1.0,1.17
Chickpea,32.92,35.6,5.08,100,1.0,1.0
Sugarcane,27.26,86.51,17.24,365,1.0,1.0
Onion,26.1,40.79,11.54,130,1.0,1.0
Potato,40.55,32.73,18.42,100,1.0,1.0
Wheat,37.76,89.61,19.89,120,1.0,1.0
Wheat,43.66,39.16,1.49,120,1.0,4.26
Rice,36.22,66.78,15.26,150,1.0,1.0
Cotton,32.81,26.64,19.79,180,1.0,1.0
Sugarcane,21.31,31.49,19.51,365,1.0,1.0
Cotton,43.62,31.8,16.15,180,1.0,1.0
Onion,26.19,78.47,14.84,130,1.0,1.0
Potato,33.55,82.71,10.68,100,1.0,1.0
Banana,34.7,58.99,15.87,365,1.0,1.0
Wheat,38.33,25.84,14.3,120,1.0,1.0
Potato,22.92,60.0,8.86,100,1.0,1.0
Cotton,37.19,87.09,7.25,180,1.0,1.0
Onion,37.3,65.96,19.98,130,1.0,1.0
Sugarcane,21.01,38.56,3.57,365,1.0,1.47
Tomato,18.92,43.01,10.61,120,1.0,1.0
Sugarcane,34.97,37.56,11.09,365,1.0,1.0
Rice,34.83,37.9,7.11,150,1.0,2.02
Maize,34.85,53.98,1.27,110,1.0,3.08
Banana,24.75,62.35,18.55,365,1.0,1.0
Potato,18.05,51.78,19.77,100,1.0,1.0
Chickpea,27.31,88.12,5.98,100,1.0,1.0
Tomato,15.08,79.47,16.96,120,1.0,1.0
Onion,17.08,34.14,17.69,130,1.0,1.0
Sugarcane,21.93,56.24,0.41,365,1.0,2.78
Rice,21.65,64.35,13.07,150,1.0,1.0
Cotton,21.69,31.92,6.44,180,1.0,1.0
Chickpea,15.51,89.21,3.65,100,1.0,1.0
Rice,22.55,69.16,6.12,150,1.0,1.0
Onion,26.44,27.81,19.17,130,1.0,1.0
Maize,41.95,86.19,2.65,110,1.0,2.26
Tomato,22.74,38.29,19.96,120,1.0,1.0
Wheat,44.08,45.65,6.42,120,1.0,1.65
Tomato,33.18,89.49,15.37,120,1.0,1.0
Maize,39.99,82.81,2.09,110,1.0,2.44
Tomato,30.26,69.89,11.72,120,1.0,1.0
Maize,39.88,40.53,7.86,110,1.0,1.0
Wheat,29.55,74.95,11.53,120,1.0,1.0
Banana,21.09,84.92,13.62,365,1.0,1.0
Sugarcane,37.17,68.8,14.8,365,1.0,1.0
Maize,32.04,47.14,12.96,110,1.0,1.0
Maize,44.77,40.6,13.29,110,1.0,1.0
Potato,40.82,65.39,2.23,100,1.0,2.5
Tomato,39.89,42.29,4.69,120,1.0,2.32
Rice,36.81,56.78,11.34,150,1.0,1.0
Maize,35.63,74.28,4.6,110,1.0,1.0
Onion,43.57,22.94,7.84,130,1.0,1.23
Onion,33.54,69.88,10.05,130,1.0,1.0
Chickpea,31.05,81.77,4.87,100,1.0,1.0
Rice,41.39,58.7,2.67,150,1.0,4.58
Potato,37.89,58.72,7.51,100,1.0,1.0
Banana,19.7,84.3,17.15,365,1.0,1.0
Potato,42.64,81.08,6.92,100,1.0,1.0
Onion,24.77,75.32,2.31,130,1.0,1.0
Potato,20.77,35.45,17.4,100,1.0,1.0
Maize,36.66,43.48,8.04,110,1.0,1.0
Rice,22.02,66.17,4.7,150,1.0,1.0
Tomato,34.2,55.0,2.91,120,1.0,2.16
Wheat,16.92,61.96,6.39,120,1.0,1.0
Wheat,43.14,33.92,15.66,120,1.0,1.0
Potato,17.09,22.47,7.76,100,1.0,1.0
Wheat,39.71,31.93,18.53,120,1.0,1.0
Potato,43.98,70.14,0.52,100,1.0,3.56
Chickpea,25.5,41.82,10.82,100,1.0,1.0
Tomato,20.39,39.25,11.94,120,1.0,1.0
Onion,34.58,37.17,8.9,130,1.0,1.0
Cotton,42.13,33.65,7.74,180,1.0,1.08
Maize,30.73,71.58,14.6,110,1.0,1.0
Maize,38.18,34.1,12.81,110,1.0,1.0
Banana,36.33,64.26,17.7,365,1.0,1.0
Potato,17.23,22.99,0.3,100,1.0,2.11
Cotton,15.22,73.53,13.82,180,1.0,1.0
Sugarcane,40.66,68.51,2.63,365,1.0,3.61
Wheat,42.73,54.1,7.13,120,1.0,1.0
Rice,40.85,67.36,1.3,150,1.0,4.82
Onion,30.58,73.81,19.6,130,1.0,1.0
Rice,39.47,49.63,10.09,150,1.0,1.0
Rice,31.4,64.21,14.68,150,1.0,1.0
Banana,41.36,20.94,11.41,365,1.0,1.46
Banana,24.21,63.79,2.36,365,1.0,2.01
Chickpea,25.82,57.16,10.56,100,1.0,1.0
Maize,19.99,57.71,3.84,110,1.0,1.0
Chickpea,36.47,47.54,5.06,100,1.0,1.0
Chickpea,18.33,31.44,1.25,100,1.0,1.16
Wheat,28.02,44.69,2.49,120,1.0,1.75
Maize,39.99,74.76,12.28,110,1.0,1.0
Cotton,25.86,72.45,1.1,180,1.0,1.74
Banana,34.09,75.51,7.02,365,1.0,1.0
Tomato,34.11,55.66,16.75,120,1.0,1.0
Rice,38.89,76.93,3.42,150,1.0,3.08
Rice,38.34,48.62,5.44,150,1.0,3.07
Tomato,24.7,40.8,7.24,120,1.0,1.0
Sugarcane,16.35,27.05,10.15,365,1.0,1.0
Onion,17.44,80.91,10.49,130,1.0,1.0
Sugarcane,15.74,33.22,13.95,365,1.0,1.0
Chickpea,16.43,71.69,6.93,100,1.0,1.0
Cotton,28.55,61.33,11.51,180,1.0,1.0
Chickpea,31.12,46.33,1.2,100,1.0,1.85
Rice,18.0,75.52,10.27,150,1.0,1.0
Cotton,33.05,60.68,13.97,180,1.0,1.0
Maize,18.95,30.79,16.5,110,1.0,1.0
Onion,22.84,80.22,3.11,130,1.0,1.0
Onion,27.12,36.53,8.17,130,1.0,1.0
Cotton,36.55,55.64,17.84,180,1.0,1.0
Cotton,21.46,33.58,1.07,180,1.0,2.06
Potato,31.77,57.93,2.29,100,1.0,1.75
Cotton,28.39,67.38,1.8,180,1.0,1.69
Banana,31.41,44.39,13.61,365,1.0,1.0
Potato,22.76,74.36,16.46,100,1.0,1.0
Rice,36.3,62.42,10.35,150,1.0,1.0
Tomato,41.59,44.27,3.49,120,1.0,3.1
Tomato,17.73,62.17,1.14,120,1.0,1.46
Tomato,24.19,86.39,6.16,120,1.0,1.0
Cotton,27.08,38.84,17.7,180,1.0,1.0
Banana,24.36,47.12,8.07,365,1.0,1.0
Rice,35.65,79.83,5.22,150,1.0,1.63
Cotton,30.93,30.14,2.45,180,1.0,2.37
Tomato,15.33,44.61,19.66,120,1.0,1.0
Chickpea,19.15,64.87,3.15,100,1.0,1.0
Sugarcane,40.26,83.46,0.19,365,1.0,4.21
Maize,22.38,87.36,15.24,110,1.0,1.0
Maize,44.31,42.8,15.15,110,1.0,1.0
Tomato,34.68,47.34,17.04,120,1.0,1.0
Potato,42.12,61.97,19.51,100,1.0,1.0
Potato,24.31,33.32,9.07,100,1.0,1.0
Cotton,23.88,49.98,4.45,180,1.0,1.0
Rice,23.66,55.4,18.31,150,1.0,1.0
Wheat,24.76,61.4,11.16,120,1.0,1.0
Cotton,29.55,24.95,17.16,180,1.0,1.0
Banana,20.5,73.67,5.94,365,1.0,1.0
Rice,37.25,64.82,8.5,150,1.0,1.0
Onion,34.9,29.2,16.28,130,1.0,1.0
Wheat,30.86,82.78,8.68,120,1.0,1.0
Maize,37.72,58.37,14.55,110,1.0,1.0
Chickpea,32.66,60.01,6.18,100,1.0,1.0
Onion,22.71,88.16,10.32,130,1.0,1.0
Wheat,30.16,87.13,14.87,120,1.0,1.0
Rice,24.31,82.07,8.2,150,1.0,1.0
Maize,28.98,55.68,10.68,110,1.0,1.0
Banana,32.44,77.97,12.7,365,1.0,1.0
Onion,42.07,34.2,15.43,130,1.0,1.0
Rice,40.3,39.68,6.3,150,1.0,3.35
Maize,20.82,73.52,4.73,110,1.0,1.0
Wheat,44.27,24.95,9.88,120,1.0,1.0
Potato,36.2,27.65,5.68,100,1.0,1.19
Wheat,27.87,61.04,3.48,120,1.0,1.0
Onion,28.99,84.02,2.73,130,1.0,1.0
Rice,43.37,78.34,4.6,150,1.0,3.09
Sugarcane,36.92,71.96,2.23,365,1.0,3.17
Rice,28.84,87.58,10.11,150,1.0,1.0
Sugarcane,21.31,81.91,5.64,365,1.0,1.0
Cotton,38.9,57.96,0.38,180,1.0,3.66
Maize,38.13,56.21,5.44,110,1.0,1.32
Banana,37.3,28.08,6.38,365,1.0,2.91
Cotton,18.14,67.08,4.53,180,1.0,1.0
Banana,28.73,27.66,12.04,365,1.0,1.0
Tomato,33.13,86.46,8.98,120,1.0,1.0
Chickpea,25.6,64.34,5.89,100,1.0,1.0
Tomato,39.48,45.7,19.41,120,1.0,1.0
Onion,39.44,38.31,2.95,130,1.0,2.69
Wheat,38.76,51.05,16.78,120,1.0,1.0
Cotton,38.19,52.44,1.57,180,1.0,3.12
Banana,42.9,78.65,3.96,365,1.0,3.1
Wheat,22.78,28.18,10.5,120,1.0,1.0
Onion,23.45,28.31,16.7,130,1.0,1.0
Banana,23.18,27.07,12.48,365,1.0,1.0
Cotton,41.08,25.2,12.43,180,1.0,1.0
Rice,42.2,77.78,7.17,150,1.0,1.65
Maize,36.86,87.08,7.41,110,1.0,1.0
Maize,36.81,54.32,5.49,110,1.0,1.19
Rice,19.88,72.8,6.43,150,1.0,1.0
Onion,28.34,40.74,7.11,130,1.0,1.0
Maize,37.77,29.53,2.55,110,1.0,3.46
Onion,15.83,42.43,7.63,130,1.0,1.0
Rice,18.65,52.2,17.82,150,1.0,1.0
Tomato,30.99,41.55,0.9,120,1.0,3.12
Wheat,18.37,58.89,12.8,120,1.0,1.0
Chickpea,36.93,56.15,16.55,100,1.0,1.0
Tomato,27.91,26.28,16.09,120,1.0,1.0
Wheat,24.17,62.92,8.77,120,1.0,1.0
Rice,34.09,31.81,18.86,150,1.0,1.0
Tomato,29.93,20.26,19.86,120,1.0,1.0
Chickpea,40.95,25.98,10.29,100,1.0,1.0
Rice,19.35,74.78,18.04,150,1.0,1.0
Cotton,36.37,86.88,13.29,180,1.0,1.0
Wheat,27.18,73.2,19.92,120,1.0,1.0
Onion,16.62,22.6,0.8,130,1.0,1.82
Maize,35.74,68.45,13.02,110,1.0,1.0
Sugarcane,34.79,56.11,18.75,365,1.0,1.0
Rice,35.27,52.71,3.67,150,1.0,3.3
Wheat,34.46,56.56,4.4,120,1.0,1.19
Maize,39.6,72.45,0.39,110,1.0,3.55
Potato,23.91,23.33,15.89,100,1.0,1.0
Onion,35.53,46.0,1.19,130,1.0,2.93
Tomato,27.51,38.0,10.44,120,1.0,1.0
Wheat,15.99,29.73,1.89,120,1.0,1.29
Potato,20.57,82.32,17.06,100,1.0,1.0
Rice,42.97,83.87,0.66,150,1.0,4.76
Potato,17.27,48.42,13.39,100,1.0,1.0
Wheat,44.7,40.57,8.56,120,1.0,1.0
Sugarcane,27.66,28.0,7.96,365,1.0,1.0
Chickpea,18.18,26.62,16.04,100,1.0,1.0
Banana,28.18,33.23,12.65,365,1.0,1.0
Banana,40.58,67.85,18.54,365,1.0,1.0
Banana,22.87,24.72,16.82,365,1.0,1.0
Tomato,36.59,73.24,5.32,120,1.0,1.0
Sugarcane,44.34,41.36,13.17,365,1.0,1.0
Banana,39.22,82.73,3.86,365,1.0,2.48
Maize,21.36,27.96,6.98,110,1.0,1.0
Maize,40.17,82.6,14.06,110,1.0,1.0
Onion,21.02,89.62,8.54,130,1.0,1.0
Rice,20.62,46.1,7.57,150,1.0,1.0
Maize,34.63,65.57,10.54,110,1.0,1.0
Potato,18.73,46.2,14.06,100,1.0,1.0
Rice,41.52,45.79,17.68,150,1.0,1.0
Tomato,34.64,36.49,5.37,120,1.0,1.44
Maize,19.61,76.74,5.29,110,1.0,1.0
Onion,36.1,75.94,17.24,130,1.0,1.0
Maize,27.22,47.86,15.56,110,1.0,1.0
Wheat,31.46,56.4,14.89,120,1.0,1.0
Cotton,42.86,87.88,14.57,180,1.0,1.0
Banana,35.89,32.54,11.25,365,1.0,1.0
Sugarcane,29.63,28.29,3.97,365,1.0,2.59
Banana,43.78,47.97,3.33,365,1.0,4.86
Sugarcane,37.86,89.18,6.44,365,1.0,1.0
Chickpea,26.82,56.66,12.73,100,1.0,1.0
Tomato,24.58,60.65,1.65,120,1.0,1.73
Banana,25.07,32.81,1.25,365,1.0,3.4
Tomato,42.37,54.63,19.37,120,1.0,1.0
Wheat,39.93,49.41,0.16,120,1.0,4.12
Onion,33.37,35.48,16.85,130,1.0,1.0
Potato,19.92,62.54,5.05,100,1.0,1.0
Wheat,36.45,86.07,18.28,120,1.0,1.0
Sugarcane,32.65,88.92,17.74,365,1.0,1.0
Rice,26.43,89.24,19.93,150,1.0,1.0
Sugarcane,43.28,82.72,15.17,365,1.0,1.0
Banana,34.77,59.5,19.33,365,1.0,1.0
Wheat,17.97,85.33,13.9,120,1.0,1.0
Sugarcane,34.59,48.39,0.53,365,1.0,4.46
Cotton,21.21,76.59,8.62,180,1.0,1.0
Wheat,37.89,20.34,6.75,120,1.0,1.34
Banana,17.03,37.48,0.73,365,1.0,2.66
Tomato,33.24,73.21,8.66,120,1.0,1.0
Sugarcane,31.2,45.68,17.67,365,1.0,1.0
Onion,44.65,20.47,0.22,130,1.0,5.27
Maize,43.65,45.84,2.26,110,1.0,3.96
Rice,26.39,49.55,12.04,150,1.0,1.0
Wheat,35.84,52.75,19.03,120,1.0,1.0
Sugarcane,26.36,47.15,16.29,365,1.0,1.0
Rice,34.55,45.83,1.68,150,1.0,4.41
Sugarcane,26.69,81.74,0.5,365,1.0,2.62
Cotton,40.05,73.68,3.58,180,1.0,1.75
Cotton,26.1,59.03,5.77,180,1.0,1.0
Wheat,40.15,22.1,18.8,120,1.0,1.0
Rice,37.97,20.45,2.34,150,1.0,5.63
Cotton,42.43,23.23,5.4,180,1.0,2.61
Sugarcane,41.52,72.96,14.39,365,1.0,1.0
Maize,18.4,55.89,4.41,110,1.0,1.0
Maize,22.81,29.94,9.94,110,1.0,1.0
Maize,18.76,88.84,16.16,110,1.0,1.0
Rice,29.68,84.46,12.34,150,1.0,1.0
Onion,15.34,87.68,10.04,130,1.0,1.0
Onion,20.65,60.4,17.59,130,1.0,1.0
Maize,21.82,75.01,8.24,110,1.0,1.0
Onion,21.53,76.08,1.72,130,1.0,1.0
Cotton,33.99,50.76,1.18,180,1.0,2.89
Sugarcane,21.31,89.98,0.07,365,1.0,2.2
Potato,40.41,73.36,14.25,100,1.0,1.0
Banana,22.76,38.06,15.45,365,1.0,1.0
Wheat,16.99,64.6,19.46,120,1.0,1.0
Potato,43.66,84.68,5.4,100,1.0,1.0
Chickpea,37.83,55.62,5.3,100,1.0,1.0
Potato,28.1,31.75,7.37,100,1.0,1.0
Cotton,19.21,58.4,8.91,180,1.0,1.0
Chickpea,17.36,68.72,18.64,100,1.0,1.0
Rice,18.68,36.13,15.47,150,1.0,1.0
Tomato,42.88,67.53,15.53,120,1.0,1.0
Cotton,17.98,88.85,18.62,180,1.0,1.0
Cotton,42.2,48.1,4.93,180,1.0,2.06
Tomato,37.89,64.35,8.92,120,1.0,1.0
Banana,42.12,47.47,1.52,365,1.0,5.48
Chickpea,42.33,85.98,3.22,100,1.0,1.0
Wheat,42.89,64.61,2.85,120,1.0,2.69
Wheat,31.96,50.11,16.13,120,1.0,1.0
Maize,44.67,38.13,19.25,110,1.0,1.0
Cotton,39.51,85.27,18.12,180,1.0,1.0
Wheat,35.76,24.64,10.66,120,1.0,1.0
Onion,41.68,57.93,12.37,130,1.0,1.0
Tomato,35.71,28.83,0.75,120,1.0,4.09
Wheat,33.64,82.91,9.18,120,1.0,1.0
Tomato,17.06,65.42,7.21,120,1.0,1.0
Wheat,30.01,68.1,15.79,120,1.0,1.0
Maize,36.99,37.0,9.9,110,1.0,1.0
Maize,32.99,53.55,15.42,110,1.0,1.0
Maize,19.27,86.82,2.36,110,1.0,1.0
Rice,31.55,40.83,15.08,150,1.0,1.0
Onion,41.98,22.61,5.9,130,1.0,1.98
Rice,19.76,72.73,13.94,150,1.0,1.0
Tomato,22.81,50.61,11.46,120,1.0,1.0
Maize,27.97,69.06,6.3,110,1.0,1.0
Banana,18.2,51.94,15.34,365,1.0,1.0
Sugarcane,23.8,67.08,4.14,365,1.0,1.0
Onion,27.0,87.62,1.51,130,1.0,1.21
Rice,30.79,37.6,3.02,150,1.0,3.41
Banana,41.42,38.75,19.66,365,1.0,1.0
Cotton,29.81,75.22,7.4,180,1.0,1.0
Maize,26.15,45.43,5.43,110,1.0,1.0
Potato,18.99,64.91,15.02,100,1.0,1.0
Rice,28.38,33.04,2.84,150,1.0,3.26
Chickpea,40.0,27.66,1.19,100,1.0,3.02
Tomato,32.31,56.64,19.78,120,1.0,1.0
Sugarcane,37.19,71.72,7.22,365,1.0,1.0
Onion,44.75,58.28,6.99,130,1.0,1.0
Tomato,34.56,35.76,0.25,120,1.0,4.01
Onion,24.15,86.47,12.68,130,1.0,1.0
Cotton,16.51,59.26,2.16,180,1.0,1.0
Tomato,20.85,23.03,8.88,120,1.0,1.0
Cotton,19.18,30.41,17.61,180,1.0,1.0
Banana,35.98,57.1,6.26,365,1.0,1.74
Chickpea,16.99,86.53,13.28,100,1.0,1.0
Banana,37.53,86.49,4.74,365,1.0,1.68
Sugarcane,22.11,66.38,2.1,365,1.0,1.74
Banana,44.88,22.69,11.91,365,1.0,1.89
Maize,34.53,80.12,5.94,110,1.0,1.0
Sugarcane,24.84,79.62,11.74,365,1.0,1.0
Maize,21.08,66.59,9.93,110,1.0,1.0
Sugarcane,27.35,89.96,12.23,365,1.0,1.0
Cotton,41.39,52.48,11.09,180,1.0,1.0
Onion,35.44,24.21,8.89,130,1.0,1.0
Sugarcane,22.89,75.03,14.4,365,1.0,1.0
Wheat,21.97,29.2,13.76,120,1.0,1.0
Onion,33.4,22.14,12.41,130,1.0,1.0
Sugarcane,30.9,46.09,16.72,365,1.0,1.0
Rice,16.09,74.23,4.63,150,1.0,1.0
Sugarcane,35.57,27.89,18.47,365,1.0,1.0
Wheat,31.18,53.24,17.27,120,1.0,1.0
Tomato,39.4,89.82,12.53,120,1.0,1.0
Wheat,42.56,66.26,0.57,120,1.0,3.74
Potato,15.58,45.65,14.4,100,1.0,1.0
Cotton,16.59,35.07,7.53,180,1.0,1.0
Cotton,36.69,84.9,0.01,180,1.0,2.91
Cotton,39.9,85.3,15.5,180,1.0,1.0
Onion,36.0,76.85,19.75,130,1.0,1.0
Maize,37.68,30.13,13.8,110,1.0,1.0
Banana,43.08,87.38,1.28,365,1.0,4.1
Maize,30.33,46.22,8.18,110,1.0,1.0
Onion,44.92,78.19,4.18,130,1.0,1.59
Rice,21.37,66.41,14.61,150,1.0,1.0
Onion,44.61,39.12,10.33,130,1.0,1.0
Wheat,38.33,29.22,0.6,120,1.0,4.24
Potato,38.13,66.12,18.36,100,1.0,1.0
Chickpea,20.75,49.13,18.99,100,1.0,1.0
Sugarcane,34.37,30.05,16.24,365,1.0,1.0
Onion,34.65,88.89,3.67,130,1.0,1.0
Rice,38.02,33.32,10.95,150,1.0,1.0
Chickpea,39.61,24.52,16.59,100,1.0,1.0
Tomato,21.17,24.73,1.69,120,1.0,2.03
Potato,40.73,83.43,10.47,100,1.0,1.0
Onion,42.68,62.58,16.66,130,1.0,1.0
Rice,25.34,40.34,11.32,150,1.0,1.0
Chickpea,38.49,81.52,9.26,100,1.0,1.0
Rice,28.28,22.41,16.88,150,1.0,1.0
Banana,43.57,21.46,18.15,365,1.0,1.0
Banana,32.28,24.62,1.77,365,1.0,4.44
Tomato,17.11,71.37,8.93,120,1.0,1.0
Cotton,36.49,33.33,2.22,180,1.0,3.08
Maize,34.64,56.64,3.11,110,1.0,2.07
Wheat,31.64,59.9,0.9,120,1.0,2.58
Cotton,42.78,40.86,5.34,180,1.0,2.16
Wheat,23.77,78.99,4.25,120,1.0,1.0
Onion,31.23,84.77,18.04,130,1.0,1.0
Chickpea,24.57,66.43,18.2,100,1.0,1.0
Tomato,42.92,59.01,17.53,120,1.0,1.0
Maize,15.93,42.92,15.76,110,1.0,1.0
Rice,21.17,84.11,11.03,150,1.0,1.0
Cotton,36.22,85.25,13.54,180,1.0,1.0
Banana,32.53,28.41,14.17,365,1.0,1.0
Cotton,15.14,41.97,3.98,180,1.0,1.0
Maize,26.01,67.27,1.48,110,1.0,1.81
Potato,20.38,53.07,15.47,100,1.0,1.0
Maize,32.16,52.85,10.96,110,1.0,1.0
Tomato,34.88,38.41,1.03,120,1.0,3.6
Chickpea,34.83,83.15,17.53,100,1.0,1.0
Maize,20.7,75.99,6.88,110,1.0,1.0
Wheat,43.88,28.22,9.22,120,1.0,1.0
Sugarcane,38.68,63.74,5.14,365,1.0,2.24
Chickpea,32.45,26.56,16.58,100,1.0,1.0
Rice,42.17,77.51,10.78,150,1.0,1.0
Banana,32.71,23.09,5.68,365,1.0,2.6
Cotton,42.5,77.18,2.02,180,1.0,2.69
Banana,16.0,43.24,6.32,365,1.0,1.0
Tomato,31.17,31.31,4.53,120,1.0,1.55
Chickpea,30.64,58.08,15.49,100,1.0,1.0
Chickpea,36.91,68.74,1.53,100,1.0,1.74
Onion,30.34,59.36,2.13,130,1.0,1.67
Potato,20.34,57.09,8.92,100,1.0,1.0
Cotton,26.64,67.68,8.4,180,1.0,1.0
Banana,33.48,28.29,3.98,365,1.0,3.42
Sugarcane,42.8,70.33,17.01,365,1.0,1.0
Potato,21.72,54.68,0.7,100,1.0,1.79
Onion,31.38,55.53,0.78,130,1.0,2.52
Cotton,31.72,53.87,0.8,180,1.0,2.77
Tomato,44.27,30.47,5.61,120,1.0,2.9
Chickpea,25.45,42.98,6.18,100,1.0,1.0
Tomato,41.64,72.25,14.15,120,1.0,1.0
Sugarcane,27.56,64.4,11.83,365,1.0,1.0
Rice,28.72,78.14,15.03,150,1.0,1.0
Onion,38.34,73.15,9.27,130,1.0,1.0
Sugarcane,38.82,68.27,6.4,365,1.0,1.47
Maize,29.13,81.85,3.77,110,1.0,1.0
Onion,24.7,80.69,2.96,130,1.0,1.0
Onion,23.16,85.76,1.84,130,1.0,1.0
Banana,42.63,89.14,15.17,365,1.0,1.0
Onion,21.39,43.74,0.34,130,1.0,2.11
Chickpea,35.56,29.62,5.87,100,1.0,1.0
Onion,17.85,61.42,8.83,130,1.0,1.0
Sugarcane,41.25,44.45,10.69,365,1.0,1.0
Onion,35.22,40.82,5.0,130,1.0,1.11
Cotton,23.89,35.47,5.1,180,1.0,1.0
Rice,39.48,31.35,8.27,150,1.0,2.54
Banana,27.15,62.67,4.52,365,1.0,1.28
Chickpea,40.78,42.69,18.65,100,1.0,1.0
Banana,33.96,46.33,18.57,365,1.0,1.0
Chickpea,29.65,20.48,8.02,100,1.0,1.0
Chickpea,21.23,46.44,9.71,100,1.0,1.0
Rice,27.98,31.27,0.31,150,1.0,4.51
Chickpea,31.99,40.23,18.48,100,1.0,1.0
Sugarcane,27.97,60.36,8.68,365,1.0,1.0
Banana,15.79,56.63,17.7,365,1.0,1.0
Rice,44.03,47.68,7.99,150,1.0,2.88
Banana,24.87,63.74,7.71,365,1.0,1.0
Wheat,38.25,80.85,18.28,120,1.0,1.0
Banana,36.12,45.68,18.86,365,1.0,1.0
Potato,30.37,27.27,13.97,100,1.0,1.0
Onion,41.62,71.04,7.85,130,1.0,1.0
Tomato,15.89,79.12,6.76,120,1.0,1.0
Chickpea,36.38,58.32,8.46,100,1.0,1.0
Sugarcane,27.9,23.43,4.83,365,1.0,2.04
Cotton,25.65,39.75,19.68,180,1.0,1.0
Rice,27.32,66.31,17.07,150,1.0,1.0
Chickpea,16.68,48.21,15.78,100,1.0,1.0
Maize,29.51,78.49,16.22,110,1.0,1.0
Wheat,36.4,68.99,19.43,120,1.0,1.0
Banana,18.59,70.48,10.33,365,1.0,1.0
Sugarcane,16.46,36.05,5.35,365,1.0,1.0
Tomato,30.77,20.07,14.99,120,1.0,1.0
Sugarcane,27.08,36.62,16.74,365,1.0,1.0
Maize,25.13,33.56,10.69,110,1.0,1.0
Chickpea,31.42,42.27,1.01,100,1.0,2.03
Onion,20.28,63.88,8.05,130,1.0,1.0
Chickpea,25.52,26.44,5.09,100,1.0,1.0
Chickpea,18.57,73.2,9.68,100,1.0,1.0
Sugarcane,33.48,61.18,2.49,365,1.0,2.93
Wheat,15.17,43.19,0.33,120,1.0,1.84
Chickpea,41.17,36.92,15.42,100,1.0,1.0
Tomato,25.53,38.72,14.97,120,1.0,1.0
Potato,27.46,70.44,15.38,100,1.0,1.0
Wheat,25.23,36.23,15.62,120,1.0,1.0
Rice,30.59,54.4,4.41,150,1.0,2.18
Banana,28.27,60.09,7.25,365,1.0,1.0
Sugarcane,33.49,53.47,12.25,365,1.0,1.0
Maize,17.04,78.95,8.08,110,1.0,1.0
Rice,15.61,58.98,10.57,150,1.0,1.0
Maize,41.21,81.24,10.91,110,1.0,1.0
Chickpea,21.88,80.83,14.66,100,1.0,1.0
Cotton,39.35,87.75,6.97,180,1.0,1.0
Cotton,28.65,85.35,16.28,180,1.0,1.0
Maize,26.85,82.7,12.97,110,1.0,1.0
Onion,37.92,85.38,6.65,130,1.0,1.0
Wheat,27.69,22.0,19.22,120,1.0,1.0
Maize,42.8,74.67,10.33,110,1.0,1.0
Cotton,37.28,73.66,16.39,180,1.0,1.0
Maize,41.27,56.77,13.38,110,1.0,1.0
Tomato,44.17,54.44,3.63,120,1.0,3.07
Rice,34.19,80.38,1.81,150,1.0,3.13
Tomato,19.01,28.93,1.05,120,1.0,2.09
Tomato,20.25,47.12,2.67,120,1.0,1.1
Tomato,28.77,44.85,7.93,120,1.0,1.0
Rice,18.92,89.45,16.68,150,1.0,1.0
Onion,23.62,77.37,13.12,130,1.0,1.0
Banana,34.76,54.03,14.63,365,1.0,1.0
Wheat,31.43,83.27,9.27,120,1.0,1.0
Rice,16.72,74.86,18.18,150,1.0,1.0
Tomato,34.98,47.49,0.53,120,1.0,3.63
Wheat,32.01,30.31,9.27,120,1.0,1.0
Rice,19.79,28.32,9.2,150,1.0,1.0
Rice,20.43,36.64,7.28,150,1.0,1.0
Tomato,39.95,53.33,1.54,120,1.0,3.58
Onion,17.12,23.21,4.01,130,1.0,1.0
Banana,28.47,75.64,9.46,365,1.0,1.0
Chickpea,27.09,39.28,1.73,100,1.0,1.39
Sugarcane,33.59,62.54,17.91,365,1.0,1.0
Cotton,18.86,58.66,11.37,180,1.0,1.0
Wheat,40.55,73.82,19.36,120,1.0,1.0
Rice,25.32,21.12,12.45,150,1.0,1.0
Wheat,22.49,39.9,12.23,120,1.0,1.0
Rice,25.86,21.3,0.56,150,1.0,4.34
Potato,35.87,56.69,2.73,100,1.0,1.95
Maize,35.16,23.33,4.73,110,1.0,2.17
Cotton,28.24,55.06,10.19,180,1.0,1.0
Potato,35.32,72.05,0.94,100,1.0,2.44
Chickpea,26.03,70.93,17.25,100,1.0,1.0
Potato,19.38,86.03,10.0,100,1.0,1.0
Wheat,32.11,82.75,8.74,120,1.0,1.0
Wheat,40.64,57.39,19.22,120,1.0,1.0
Sugarcane,44.18,36.39,9.78,365,1.0,1.89
Tomato,31.4,25.38,3.45,120,1.0,2.26
Tomato,29.24,55.17,5.88,120,1.0,1.0
Wheat,20.38,75.03,3.66,120,1.0,1.0
Rice,33.44,65.95,3.18,150,1.0,2.83
Maize,42.96,68.91,8.85,110,1.0,1.0
Potato,31.91,54.03,16.2,100,1.0,1.0
Sugarcane,30.07,84.9,10.61,365,1.0,1.0
Wheat,44.85,21.18,16.42,120,1.0,1.0
Wheat,20.15,73.88,3.64,120,1.0,1.0
Sugarcane,24.86,54.74,8.7,365,1.0,1.0
Tomato,33.21,51.96,1.36,120,1.0,2.89
Tomato,20.75,24.33,9.63,120,1.0,1.0
Sugarcane,42.84,72.6,15.8,365,1.0,1.0
Chickpea,31.56,69.96,0.11,100,1.0,2.05
Banana,41.82,85.46,10.27,365,1.0,1.0
Maize,37.83,22.97,13.5,110,1.0,1.0
Banana,16.1,48.88,3.29,365,1.0,1.09
Cotton,26.05,71.23,16.06,180,1.0,1.0
Onion,18.29,34.96,10.78,130,1.0,1.0
Onion,42.63,68.42,10.04,130,1.0,1.0
Banana,19.53,52.47,3.82,365,1.0,1.06
Sugarcane,42.75,57.07,5.41,365,1.0,2.98
Maize,24.29,82.14,13.42,110,1.0,1.0
Potato,25.84,36.33,8.72,100,1.0,1.0
Banana,22.16,82.75,16.65,365,1.0,1.0
Banana,44.93,20.52,6.07,365,1.0,4.92
Chickpea,17.34,58.31,2.99,100,1.0,1.0
Maize,31.8,68.1,1.01,110,1.0,2.54
Banana,29.05,65.57,8.1,365,1.0,1.0
Maize,37.64,73.27,8.27,110,1.0,1.0
Rice,25.35,61.77,0.6,150,1.0,3.21
Chickpea,16.32,77.86,9.08,100,1.0,1.0
Tomato,38.09,59.95,12.63,120,1.0,1.0
Banana,39.02,76.9,1.2,365,1.0,3.99
Rice,19.36,79.14,8.52,150,1.0,1.0
Potato,41.29,62.74,6.56,100,1.0,1.0
Sugarcane,32.17,34.07,0.35,365,1.0,4.62
Rice,37.13,41.05,14.84,150,1.0,1.0
Banana,36.69,26.33,0.87,365,1.0,5.61
Potato,39.65,81.23,0.22,100,1.0,2.97
Rice,33.78,87.4,11.95,150,1.0,1.0
Tomato,39.02,59.03,17.01,120,1.0,1.0
Cotton,19.57,35.81,16.54,180,1.0,1.0
Cotton,35.05,70.94,18.18,180,1.0,1.0
Wheat,38.64,58.42,14.89,120,1.0,1.0
Cotton,19.19,27.78,19.47,180,1.0,1.0
Rice,25.27,49.83,2.73,150,1.0,2.44
Banana,37.39,69.97,1.81,365,1.0,3.72
Rice,42.38,27.18,2.14,150,1.0,6.38
Tomato,24.79,37.9,11.35,120,1.0,1.0
Cotton,38.43,76.03,14.76,180,1.0,1.0
Wheat,15.26,79.84,15.36,120,1.0,1.0
Tomato,26.37,78.02,6.54,120,1.0,1.0
Sugarcane,17.27,80.02,3.78,365,1.0,1.0
Onion,32.96,31.73,1.35,130,1.0,2.89
Tomato,23.0,87.49,16.08,120,1.0,1.0
Onion,43.76,21.61,9.45,130,1.0,1.0
Chickpea,16.2,61.17,14.03,100,1.0,1.0
Wheat,22.37,44.62,11.13,120,1.0,1.0
Rice,17.1,38.51,18.61,150,1.0,1.0
Potato,18.18,85.25,2.15,100,1.0,1.0
Onion,30.13,64.95,10.61,130,1.0,1.0
Chickpea,38.62,22.16,2.32,100,1.0,2.42
Wheat,19.72,50.31,3.23,120,1.0,1.0
Sugarcane,33.94,45.68,7.99,365,1.0,1.0
Banana,44.71,38.67,3.49,365,1.0,5.36
Onion,19.12,48.39,16.41,130,1.0,1.0
Maize,22.78,49.68,14.87,110,1.0,1.0
Sugarcane,40.1,35.97,2.51,365,1.0,4.78
Onion,39.4,46.44,0.93,130,1.0,3.49
Tomato,19.6,44.9,14.97,120,1.0,1.0
Chickpea,15.9,31.4,9.52,100,1.0,1.0
Rice,44.41,53.69,15.88,150,1.0,1.0
Onion,31.33,78.82,2.26,130,1.0,1.3
Wheat,34.68,70.96,16.7,120,1.0,1.0
Banana,24.67,64.35,15.22,365,1.0,1.0
Maize,29.72,57.39,8.78,110,1.0,1.0
Maize,33.27,61.86,3.47,110,1.0,1.61
Rice,38.71,63.1,3.76,150,1.0,3.42
Tomato,40.21,63.83,3.53,120,1.0,2.3
Wheat,29.27,53.66,4.54,120,1.0,1.0
Cotton,41.54,29.98,5.66,180,1.0,2.14
Banana,18.78,32.33,13.02,365,1.0,1.0
Wheat,21.24,59.46,16.2,120,1.0,1.0
Chickpea,43.41,71.85,5.4,100,1.0,1.0
Rice,21.87,74.04,15.83,150,1.0,1.0
Maize,42.05,46.31,16.47,110,1.0,1.0
Maize,32.99,74.35,14.26,110,1.0,1.0
Potato,19.23,62.64,0.03,100,1.0,1.85
Rice,43.87,59.53,11.19,150,1.0,1.0
Tomato,27.18,50.51,12.42,120,1.0,1.0
Chickpea,19.24,55.38,18.72,100,1.0,1.0
Banana,22.23,69.75,19.62,365,1.0,1.0
Sugarcane,27.19,80.58,14.16,365,1.0,1.0
Tomato,33.99,86.5,3.86,120,1.0,1.0
Maize,38.45,71.84,19.38,110,1.0,1.0
Maize,15.92,45.6,15.67,110,1.0,1.0
Wheat,44.88,63.4,4.5,120,1.0,2.15
Banana,17.36,43.44,7.04,365,1.0,1.0
Cotton,38.73,87.25,18.76,180,1.0,1.0
Potato,27.29,52.31,11.04,100,1.0,1.0
Banana,27.93,49.86,3.47,365,1.0,2.23
Sugarcane,23.24,21.75,9.01,365,1.0,1.0
Onion,27.18,24.31,9.52,130,1.0,1.0
Rice,36.59,45.91,18.81,150,1.0,1.0
Wheat,24.36,46.23,3.29,120,1.0,1.0
Wheat,23.12,42.39,18.22,120,1.0,1.0
Banana,43.65,82.28,9.24,365,1.0,1.0
Rice,17.05,45.2,16.95,150,1.0,1.0
Tomato,25.87,55.7,5.4,120,1.0,1.0
Chickpea,26.22,60.23,14.0,100,1.0,1.0
Potato,39.06,34.76,5.97,100,1.0,1.23
Onion,36.74,71.85,7.55,130,1.0,1.0
Potato,33.79,47.05,0.09,100,1.0,3.28
Banana,21.7,55.81,8.29,365,1.0,1.0
Potato,22.96,87.03,15.49,100,1.0,1.0
Wheat,15.01,39.27,3.06,120,1.0,1.0
Chickpea,24.63,74.0,5.27,100,1.0,1.0
Rice,37.11,34.57,2.17,150,1.0,5.01
Wheat,41.77,49.99,19.21,120,1.0,1.0
Banana,23.37,85.78,12.74,365,1.0,1.0
Wheat,40.59,86.48,3.18,120,1.0,1.64
Potato,32.3,58.15,6.56,100,1.0,1.0
Wheat,43.71,39.45,16.9,120,1.0,1.0
Tomato,24.93,64.03,15.53,120,1.0,1.0
Rice,25.73,44.02,3.53,150,1.0,2.25
Tomato,19.56,89.81,4.85,120,1.0,1.0
Wheat,18.47,73.62,4.41,120,1.0,1.0
Onion,16.36,58.86,0.43,130,1.0,1.54
Maize,19.42,43.12,0.7,110,1.0,2.08
Wheat,19.91,29.1,9.87,120,1.0,1.0
Chickpea,36.45,66.73,14.23,100,1.0,1.0
Chickpea,40.03,42.67,11.66,100,1.0,1.0
Sugarcane,18.8,55.27,12.75,365,1.0,1.0
Sugarcane,30.98,24.18,9.42,365,1.0,1.0
Wheat,43.91,26.55,9.36,120,1.0,1.0
Banana,32.09,89.85,12.77,365,1.0,1.0
Potato,28.27,82.76,4.24,100,1.0,1.0
Onion,38.36,80.69,3.69,130,1.0,1.14
Chickpea,16.37,47.66,12.65,100,1.0,1.0
Wheat,38.81,37.47,14.26,120,1.0,1.0
Chickpea,22.69,81.98,13.96,100,1.0,1.0
Maize,37.18,85.3,2.34,110,1.0,1.96
Maize,18.49,30.55,17.01,110,1.0,1.0
Tomato,25.24,56.42,10.93,120,1.0,1.0
Potato,43.79,22.43,1.12,100,1.0,4.64
Tomato,35.86,89.21,13.33,120,1.0,1.0
Sugarcane,42.27,68.45,1.86,365,1.0,4.23
Cotton,24.88,35.44,2.71,180,1.0,1.51
Wheat,38.74,81.18,6.01,120,1.0,1.0
Rice,18.12,42.53,7.7,150,1.0,1.0
Maize,31.28,83.08,19.7,110,1.0,1.0
Onion,38.61,24.11,15.23,130,1.0,1.0
Onion,42.98,68.56,7.86,130,1.0,1.0
Onion,29.96,62.67,12.6,130,1.0,1.0
Rice,42.81,77.94,10.46,150,1.0,1.0
Onion,20.93,79.09,19.9,130,1.0,1.0
Potato,40.22,59.64,0.05,100,1.0,3.68
Banana,22.99,85.54,8.24,365,1.0,1.0
Cotton,17.32,38.45,13.59,180,1.0,1.0
Rice,39.88,79.37,14.31,150,1.0,1.0
Onion,28.19,83.17,13.91,130,1.0,1.0
Rice,20.93,45.33,7.03,150,1.0,1.0
Onion,28.89,42.51,18.54,130,1.0,1.0
Sugarcane,44.43,20.45,18.76,365,1.0,1.0
Cotton,36.4,53.29,4.03,180,1.0,1.67
Onion,24.15,22.7,12.65,130,1.0,1.0
Wheat,42.25,38.92,15.92,120,1.0,1.0
Rice,21.3,42.35,10.38,150,1.0,1.0
Rice,32.24,27.12,9.63,150,1.0,1.0
Wheat,32.76,42.09,5.06,120,1.0,1.01
Wheat,43.73,51.63,3.06,120,1.0,3.09
Potato,35.92,45.25,10.87,100,1.0,1.0
Rice,41.81,60.11,19.24,150,1.0,1.0
Tomato,35.87,61.21,10.15,120,1.0,1.0
Onion,27.86,76.31,6.35,130,1.0,1.0
Rice,27.56,45.06,5.76,150,1.0,1.35
Maize,27.57,69.87,13.68,110,1.0,1.0
Rice,23.72,30.65,13.39,150,1.0,1.0
Wheat,43.94,33.23,7.84,120,1.0,1.31
Potato,42.48,81.78,16.02,100,1.0,1.0
Onion,34.28,87.52,13.46,130,1.0,1.0
Cotton,19.95,79.81,6.62,180,1.0,1.0
Wheat,32.82,81.15,13.41,120,1.0,1.0
Sugarcane,40.08,83.68,9.12,365,1.0,1.0
Banana,36.73,28.97,7.45,365,1.0,2.23
Chickpea,32.4,55.16,16.72,100,1.0,1.0
Rice,37.58,42.07,11.19,150,1.0,1.0
Rice,40.63,87.14,6.38,150,1.0,1.43
Wheat,17.41,27.34,13.97,120,1.0,1.0
Maize,24.87,57.16,3.89,110,1.0,1.0
Wheat,16.76,25.19,12.61,120,1.0,1.0
Wheat,21.79,71.27,1.55,120,1.0,1.25
Cotton,18.51,46.83,1.5,180,1.0,1.42
Chickpea,22.78,42.15,2.09,100,1.0,1.0
Cotton,30.33,77.77,13.96,180,1.0,1.0
Wheat,34.82,69.97,18.69,120,1.0,1.0
Chickpea,40.95,88.38,8.97,100,1.0,1.0
Chickpea,43.3,87.0,4.28,100,1.0,1.0
Tomato,15.82,82.49,10.01,120,1.0,1.0
Chickpea,29.38,36.16,8.2,100,1.0,1.0
Sugarcane,30.28,48.1,0.38,365,1.0,3.94
Wheat,24.92,29.16,18.51,120,1.0,1.0
Cotton,25.8,58.62,5.36,180,1.0,1.0
Wheat,40.05,39.17,13.35,120,1.0,1.0
Cotton,42.17,28.99,12.44,180,1.0,1.0
Tomato,27.72,88.88,12.45,120,1.0,1.0
Sugarcane,15.68,80.7,8.64,365,1.0,1.0
Cotton,34.1,33.31,8.31,180,1.0,1.0
Potato,16.41,66.72,10.75,100,1.0,1.0
Banana,34.02,57.68,11.19,365,1.0,1.0
Maize,20.38,55.99,11.67,110,1.0,1.0
Banana,19.15,31.38,17.71,365,1.0,1.0
Chickpea,21.51,34.09,13.02,100,1.0,1.0
Potato,19.76,50.7,15.88,100,1.0,1.0
Wheat,40.72,48.06,17.6,120,1.0,1.0
Chickpea,44.76,83.27,16.17,100,1.0,1.0
Maize,36.99,85.09,7.97,110,1.0,1.0
Cotton,30.69,84.42,13.09,180,1.0,1.0
Wheat,15.12,35.38,19.61,120,1.0,1.0
Chickpea,32.17,41.52,16.37,100,1.0,1.0
Banana,23.55,76.53,17.35,365,1.0,1.0
Chickpea,31.66,45.99,16.11,100,1.0,1.0
Onion,21.02,81.71,3.49,130,1.0,1.0
Wheat,19.05,65.82,18.76,120,1.0,1.0
Chickpea,15.75,48.04,9.88,100,1.0,1.0
Potato,26.38,46.47,16.08,100,1.0,1.0
Rice,39.86,84.34,3.31,150,1.0,2.97
Rice,30.97,66.24,15.2,150,1.0,1.0
Maize,40.46,29.65,7.87,110,1.0,1.2
Chickpea,29.96,56.3,12.83,100,1.0,1.0
Banana,27.24,26.85,4.12,365,1.0,2.41
Tomato,44.85,74.5,2.13,120,1.0,3.22
Tomato,18.97,26.49,11.37,120,1.0,1.0
Wheat,44.98,22.78,2.96,120,1.0,4.24
Rice,39.71,40.74,9.79,150,1.0,1.45
Chickpea,41.51,52.67,8.4,100,1.0,1.0
Chickpea,37.1,73.47,12.48,100,1.0,1.0
Wheat,31.21,58.51,17.27,120,1.0,1.0
Potato,31.94,59.35,2.31,100,1.0,1.73
Onion,42.72,83.77,3.4,130,1.0,1.6
Banana,16.67,80.93,0.88,365,1.0,1.75
Potato,40.93,43.72,19.66,100,1.0,1.0
Potato,32.63,47.7,3.97,100,1.0,1.2
Cotton,23.35,25.89,6.21,180,1.0,1.0
Rice,26.75,75.19,19.04,150,1.0,1.0
Chickpea,24.1,69.27,3.27,100,1.0,1.0
Rice,37.29,82.73,17.91,150,1.0,1.0
Potato,34.86,20.42,1.53,100,1.0,3.27
Banana,35.42,74.19,14.25,365,1.0,1.0
Potato,23.28,82.98,1.06,100,1.0,1.28
Potato,34.41,88.67,7.69,100,1.0,1.0
Banana,18.33,58.3,2.78,365,1.0,1.36
Banana,17.67,50.64,6.71,365,1.0,1.0
Cotton,18.97,60.39,18.68,180,1.0,1.0
Wheat,35.98,64.91,3.9,120,1.0,1.4
Potato,42.89,40.14,6.79,100,1.0,1.16
Potato,18.5,86.11,10.91,100,1.0,1.0
Potato,29.16,59.84,9.1,100,1.0,1.0
Rice,44.57,23.97,9.91,150,1.0,3.12
Cotton,41.34,62.08,14.12,180,1.0,1.0
Wheat,33.03,74.99,4.95,120,1.0,1.0
Onion,18.36,84.73,19.36,130,1.0,1.0
Onion,22.79,39.41,11.03,130,1.0,1.0
Potato,31.57,82.28,17.83,100,1.0,1.0
Wheat,29.29,39.61,7.18,120,1.0,1.0
Tomato,34.1,42.14,12.94,120,1.0,1.0
Chickpea,22.22,83.98,0.68,100,1.0,1.05
Sugarcane,22.83,22.38,10.15,365,1.0,1.0
Potato,26.69,89.32,15.1,100,1.0,1.0
Maize,22.2,77.63,7.28,110,1.0,1.0
Potato,42.55,57.43,18.72,100,1.0,1.0
Onion,19.71,79.11,7.02,130,1.0,1.0
Banana,17.37,33.0,4.66,365,1.0,1.0
Onion,39.12,54.58,10.75,130,1.0,1.0
Banana,37.62,63.11,17.97,365,1.0,1.0
Rice,18.25,33.12,13.88,150,1.0,1.0
Wheat,43.41,25.21,1.03,120,1.0,4.88
Onion,25.29,69.85,13.2,130,1.0,1.0
Cotton,29.89,20.88,10.22,180,1.0,1.0
Tomato,24.34,84.88,3.18,120,1.0,1.0
Wheat,34.45,70.29,7.72,120,1.0,1.0
Cotton,42.89,23.14,14.96,180,1.0,1.0
Onion,30.88,51.64,7.57,130,1.0,1.0
Tomato,44.34,63.69,13.36,120,1.0,1.0
Onion,16.62,86.44,4.29,130,1.0,1.0
Potato,33.76,63.73,19.63,100,1.0,1.0
Cotton,24.48,61.69,6.61,180,1.0,1.0
Banana,43.0,35.25,19.21,365,1.0,1.0
Maize,19.7,20.38,2.38,110,1.0,1.62
Chickpea,43.02,48.45,9.93,100,1.0,1.0
Banana,19.61,50.32,6.56,365,1.0,1.0
Banana,24.47,53.26,19.99,365,1.0,1.0
Tomato,38.51,40.01,18.64,120,1.0,1.0
Banana,20.4,45.65,14.55,365,1.0,1.0
Sugarcane,39.42,38.02,5.12,365,1.0,3.28
Rice,18.53,62.08,14.45,150,1.0,1.0
Maize,16.78,60.59,2.48,110,1.0,1.0
Onion,18.38,76.32,12.15,130,1.0,1.0
Wheat,36.84,25.97,11.77,120,1.0,1.0
Wheat,36.83,36.95,6.85,120,1.0,1.0
Banana,15.51,51.91,9.34,365,1.0,1.0
Maize,26.21,63.79,18.86,110,1.0,1.0
Onion,34.63,65.34,10.88,130,1.0,1.0
Maize,30.57,70.74,18.03,110,1.0,1.0
Maize,24.04,20.51,11.74,110,1.0,1.0
Onion,25.37,87.79,12.74,130,1.0,1.0
Maize,29.97,25.89,7.49,110,1.0,1.0
Sugarcane,22.05,54.89,0.48,365,1.0,2.78
Wheat,21.68,31.56,6.72,120,1.0,1.0
Banana,20.91,47.31,7.24,365,1.0,1.0
Maize,30.53,68.54,3.94,110,1.0,1.0
Maize,21.51,86.87,11.44,110,1.0,1.0
Chickpea,23.01,67.07,8.02,100,1.0,1.0
Rice,20.45,65.58,2.04,150,1.0,1.9
Sugarcane,25.09,77.35,6.89,365,1.0,1.0
Rice,39.22,72.48,17.73,150,1.0,1.0
Chickpea,31.47,46.26,11.34,100,1.0,1.0
Potato,36.29,75.1,16.76,100,1.0,1.0
Sugarcane,25.27,52.88,18.55,365,1.0,1.0
Tomato,27.4,47.27,9.96,120,1.0,1.0
Potato,15.81,59.57,10.91,100,1.0,1.0
Potato,36.89,67.6,19.42,100,1.0,1.0
Rice,31.09,25.85,12.62,150,1.0,1.0
Chickpea,17.42,23.03,19.3,100,1.0,1.0
Rice,19.73,29.91,1.87,150,1.0,2.67
Onion,23.95,27.94,10.52,130,1.0,1.0
Maize,27.31,69.85,7.47,110,1.0,1.0
Chickpea,16.86,70.94,8.35,100,1.0,1.0
Wheat,38.58,63.9,11.85,120,1.0,1.0
Rice,37.33,66.76,9.0,150,1.0,1.0
Sugarcane,44.25,22.94,18.41,365,1.0,1.0
Wheat,31.4,38.32,3.53,120,1.0,1.71
Chickpea,35.71,85.26,16.56,100,1.0,1.0
Maize,38.34,86.26,3.47,110,1.0,1.48
Cotton,25.98,46.02,13.87,180,1.0,1.0
Tomato,23.41,30.62,11.0,120,1.0,1.0
Maize,33.37,31.39,19.39,110,1.0,1.0
Sugarcane,42.03,43.45,14.03,365,1.0,1.0
Onion,37.28,25.0,14.46,130,1.0,1.0
Chickpea,26.58,28.11,7.47,100,1.0,1.0
Chickpea,44.87,52.26,10.29,100,1.0,1.0
Tomato,34.62,36.82,4.2,120,1.0,2.02
Banana,22.07,61.67,4.76,365,1.0,1.0
Onion,28.11,52.54,4.68,130,1.0,1.0
Onion,18.29,77.22,15.2,130,1.0,1.0
Tomato,15.86,54.58,5.38,120,1.0,1.0
Potato,32.88,83.53,11.99,100,1.0,1.0
Tomato,34.52,74.73,13.64,120,1.0,1.0
Chickpea,38.79,35.12,0.03,100,1.0,3.32
Potato,19.17,50.59,3.94,100,1.0,1.0
Potato,23.53,81.75,6.76,100,1.0,1.0
Sugarcane,40.03,55.69,15.9,365,1.0,1.0
Chickpea,29.61,87.73,14.07,100,1.0,1.0
Chickpea,33.02,36.68,1.64,100,1.0,1.95
Chickpea,40.8,32.42,13.39,100,1.0,1.0
Wheat,21.26,28.5,7.91,120,1.0,1.0
Wheat,21.42,81.79,12.25,120,1.0,1.0
Chickpea,24.56,73.6,3.77,100,1.0,1.0
Onion,28.26,56.36,0.74,130,1.0,2.25
Chickpea,32.75,21.56,2.3,100,1.0,1.85
Maize,22.11,84.09,7.35,110,1.0,1.0
Wheat,43.41,25.98,8.98,120,1.0,1.0
Chickpea,23.63,87.9,14.97,100,1.0,1.0
Tomato,36.81,54.64,13.73,120,1.0,1.0
Rice,37.62,73.54,11.42,150,1.0,1.0
Chickpea,16.55,52.64,11.53,100,1.0,1.0
Onion,15.15,81.41,8.43,130,1.0,1.0
Sugarcane,26.68,75.72,18.11,365,1.0,1.0
Chickpea,30.32,55.06,13.04,100,1.0,1.0
Banana,34.19,32.97,16.5,365,1.0,1.0
Cotton,26.55,85.65,19.06,180,1.0,1.0
Tomato,26.33,51.87,0.49,120,1.0,2.63
Rice,33.66,49.41,1.24,150,1.0,4.37
Banana,44.69,37.06,5.36,365,1.0,4.49
Potato,30.67,34.27,11.05,100,1.0,1.0
Chickpea,30.95,58.97,7.53,100,1.0,1.0
Onion,16.54,22.62,8.87,130,1.0,1.0
Cotton,21.04,29.27,17.14,180,1.0,1.0
Sugarcane,21.13,47.64,10.48,365,1.0,1.0
Rice,44.17,82.08,15.69,150,1.0,1.0
Tomato,19.17,69.75,16.16,120,1.0,1.0
Maize,35.43,22.17,3.21,110,1.0,3.0
Tomato,36.04,48.43,11.63,120,1.0,1.0
Onion,33.44,26.6,18.93,130,1.0,1.0
Chickpea,41.77,35.06,1.85,100,1.0,2.72
Rice,16.03,78.91,11.63,150,1.0,1.0
Rice,21.36,84.44,6.66,150,1.0,1.0
Rice,29.05,58.66,4.76,150,1.0,1.67
Wheat,34.42,29.64,10.8,120,1.0,1.0
Potato,42.26,66.62,12.79,100,1.0,1.0
Potato,27.01,64.72,2.76,100,1.0,1.0
Maize,30.0,23.45,6.48,110,1.0,1.0
Tomato,37.75,84.68,2.7,120,1.0,1.86
Sugarcane,44.19,69.77,15.97,365,1.0,1.0
Tomato,16.91,57.88,7.89,120,1.0,1.0
Chickpea,33.26,69.0,1.44,100,1.0,1.52
Maize,41.26,66.67,12.03,110,1.0,1.0
Tomato,33.13,28.13,3.12,120,1.0,2.58
Rice,43.79,79.65,1.16,150,1.0,4.82
Chickpea,24.44,47.43,14.85,100,1.0,1.0
Chickpea,39.24,75.7,6.61,100,1.0,1.0
Wheat,40.53,52.48,8.42,120,1.0,1.0
Tomato,40.33,59.68,3.36,120,1.0,2.53
Cotton,16.27,64.77,4.91,180,1.0,1.0
Potato,37.4,64.35,14.75,100,1.0,1.0
Banana,37.11,26.29,8.01,365,1.0,2.12
Maize,15.13,26.41,0.87,110,1.0,1.92
Chickpea,35.78,63.66,8.89,100,1.0,1.0
Cotton,37.64,60.24,17.41,180,1.0,1.0
Tomato,42.15,56.57,18.86,120,1.0,1.0
Cotton,42.43,28.23,9.34,180,1.0,1.0
Maize,19.36,59.67,1.21,110,1.0,1.57
Maize,29.05,45.27,5.82,110,1.0,1.0
Onion,38.54,26.66,12.78,130,1.0,1.0
Wheat,32.73,48.32,15.18,120,1.0,1.0
Sugarcane,37.07,62.51,16.41,365,1.0,1.0
Onion,29.69,66.26,12.23,130,1.0,1.0
Tomato,22.79,77.72,11.43,120,1.0,1.0
Tomato,17.44,85.93,0.09,120,1.0,1.62
Sugarcane,36.32,74.42,5.67,365,1.0,1.29
Onion,44.97,57.53,11.1,130,1.0,1.0
Chickpea,28.19,44.8,0.8,100,1.0,1.85
Sugarcane,17.72,57.71,14.14,365,1.0,1.0
Wheat,36.55,87.7,3.68,120,1.0,1.0
Cotton,26.23,84.39,5.8,180,1.0,1.0
Rice,41.84,62.31,1.5,150,1.0,5.09
Chickpea,30.62,54.57,16.14,100,1.0,1.0
Wheat,33.82,30.85,10.24,120,1.0,1.0
Sugarcane,22.44,56.46,4.5,365,1.0,1.0
Wheat,20.88,75.38,2.93,120,1.0,1.0
Sugarcane,33.66,26.89,3.42,365,1.0,3.53
Cotton,39.06,35.25,0.26,180,1.0,4.35
Tomato,40.31,28.45,16.42,120,1.0,1.0
Rice,23.5,20.61,10.91,150,1.0,1.0
Tomato,32.1,79.16,14.15,120,1.0,1.0
Onion,21.98,75.08,2.45,130,1.0,1.0
Wheat,23.25,71.61,13.3,120,1.0,1.0
Rice,20.84,23.69,11.29,150,1.0,1.0
Rice,24.63,35.12,9.2,150,1.0,1.0
Potato,32.96,76.55,6.69,100,1.0,1.0
Onion,38.19,23.74,5.67,130,1.0,1.54
Sugarcane,29.57,40.79,3.15,365,1.0,2.66
Potato,35.74,25.69,10.04,100,1.0,1.0
Cotton,29.59,73.43,15.21,180,1.0,1.0
Sugarcane,37.16,79.59,9.49,365,1.0,1.0
Maize,41.54,28.11,1.6,110,1.0,4.54
Potato,41.04,86.35,2.65,100,1.0,1.74
Cotton,27.52,36.78,13.65,180,1.0,1.0
Sugarcane,38.67,72.35,10.99,365,1.0,1.0
Maize,25.95,52.58,13.57,110,1.0,1.0
Banana,23.14,68.65,17.12,365,1.0,1.0
Rice,29.33,29.59,15.04,150,1.0,1.0
Maize,37.46,83.28,9.44,110,1.0,1.0
Onion,32.6,31.08,8.13,130,1.0,1.0
Maize,43.69,54.09,3.81,110,1.0,2.92
Banana,44.65,53.22,12.84,365,1.0,1.0
Rice,32.34,59.72,16.78,150,1.0,1.0
Banana,35.91,66.79,12.29,365,1.0,1.0
Tomato,30.96,60.56,0.87,120,1.0,2.7
Banana,16.63,48.91,9.95,365,1.0,1.0
Sugarcane,25.52,27.15,10.2,365,1.0,1.0
Maize,19.54,45.37,18.9,110,1.0,1.0
Cotton,18.71,68.62,1.09,180,1.0,1.33
Chickpea,44.54,76.12,6.7,100,1.0,1.0
Rice,41.49,39.56,15.99,150,1.0,1.0
Rice,25.01,40.96,7.14,150,1.0,1.0
Maize,26.62,43.5,7.56,110,1.0,1.0
Cotton,37.34,34.54,13.81,180,1.0,1.0
Chickpea,28.04,24.46,13.35,100,1.0,1.0
Maize,38.93,55.22,14.64,110,1.0,1.0
Onion,16.9,73.33,9.01,130,1.0,1.0
Banana,16.25,46.55,11.8,365,1.0,1.0
Banana,24.3,27.86,15.17,365,1.0,1.0
Wheat,34.67,28.36,15.74,120,1.0,1.0
Chickpea,32.05,83.82,5.02,100,1.0,1.0
Cotton,16.3,78.3,19.65,180,1.0,1.0
Maize,27.63,61.82,5.32,110,1.0,1.0
Potato,38.9,36.46,6.53,100,1.0,1.0
Sugarcane,19.12,87.98,17.73,365,1.0,1.0
Banana,25.79,80.62,9.41,365,1.0,1.0
Cotton,23.8,69.5,6.83,180,1.0,1.0
Sugarcane,31.84,30.69,15.53,365,1.0,1.0
Sugarcane,17.65,33.12,12.07,365,1.0,1.0
Banana,34.99,37.08,15.37,365,1.0,1.0
Wheat,15.01,81.66,13.98,120,1.0,1.0
Cotton,39.1,60.69,6.39,180,1.0,1.0
Tomato,25.06,88.91,17.4,120,1.0,1.0
Chickpea,26.97,74.0,13.02,100,1.0,1.0
Tomato,26.41,22.35,2.59,120,1.0,2.16
Sugarcane,15.47,45.87,0.8,365,1.0,2.21
Cotton,17.64,72.43,5.25,180,1.0,1.0
Sugarcane,26.93,49.28,6.55,365,1.0,1.0
Cotton,40.7,38.95,12.93,180,1.0,1.0
Tomato,30.52,86.76,11.92,120,1.0,1.0
Sugarcane,44.83,57.37,6.95,365,1.0,2.54
Potato,26.08,55.01,18.86,100,1.0,1.0
Tomato,38.83,64.12,6.88,120,1.0,1.0
Tomato,25.76,85.82,6.6,120,1.0,1.0
Cotton,26.4,60.49,13.1,180,1.0,1.0
Chickpea,27.48,46.38,5.73,100,1.0,1.0
Cotton,20.72,20.35,13.66,180,1.0,1.0
Chickpea,18.26,68.59,7.06,100,1.0,1.0
Tomato,42.77,69.85,0.75,120,1.0,3.81
Banana,30.28,50.69,10.41,365,1.0,1.0
Maize,26.39,56.06,18.2,110,1.0,1.0
Chickpea,21.55,85.93,12.34,100,1.0,1.0
Wheat,16.21,79.2,5.05,120,1.0,1.0
Banana,36.09,39.98,13.94,365,1.0,1.0
Sugarcane,29.88,84.86,19.23,365,1.0,1.0
Cotton,20.2,22.2,5.46,180,1.0,1.0
Chickpea,22.77,57.21,1.11,100,1.0,1.19
Tomato,17.07,85.22,9.83,120,1.0,1.0
Cotton,23.73,80.7,10.96,180,1.0,1.0
Tomato,36.64,77.56,19.36,120,1.0,1.0
Chickpea,22.33,89.84,2.25,100,1.0,1.0
Tomato,29.41,58.62,11.66,120,1.0,1.0
Wheat,30.72,36.3,1.31,120,1.0,2.79
Maize,15.89,59.87,16.4,110,1.0,1.0
Banana,34.05,59.53,6.29,365,1.0,1.37
Tomato,22.47,62.13,16.84,120,1.0,1.0
Maize,27.89,54.91,18.51,110,1.0,1.0
Onion,25.59,31.52,2.36,130,1.0,1.63
Cotton,20.2,62.11,0.74,180,1.0,1.69
Onion,28.37,58.38,5.05,130,1.0,1.0
Onion,36.12,81.31,16.88,130,1.0,1.0
Tomato,37.23,70.27,2.61,120,1.0,2.24
Potato,39.32,66.66,1.74,100,1.0,2.55
Rice,19.55,34.1,17.66,150,1.0,1.0
Wheat,36.89,53.95,4.89,120,1.0,1.28
Sugarcane,31.78,67.51,14.99,365,1.0,1.0
Sugarcane,19.35,86.94,14.33,365,1.0,1.0
Sugarcane,36.15,48.71,7.16,365,1.0,1.37
Rice,44.08,61.78,0.69,150,1.0,5.91
Potato,33.9,62.41,13.98,100,1.0,1.0
Rice,15.12,87.09,5.1,150,1.0,1.0
Rice,16.75,49.47,15.94,150,1.0,1.0
Maize,39.91,83.93,19.46,110,1.0,1.0
Onion,44.81,60.93,19.77,130,1.0,1.0
Maize,22.38,43.28,4.03,110,1.0,1.0
Chickpea,19.62,59.57,3.05,100,1.0,1.0
Rice,38.5,56.21,3.45,150,1.0,3.8
Onion,24.78,55.37,8.98,130,1.0,1.0
Cotton,29.21,52.19,1.14,180,1.0,2.39
Onion,19.09,68.21,1.46,130,1.0,1.05
Tomato,40.24,47.93,7.91,120,1.0,1.0
Cotton,18.41,59.93,14.49,180,1.0,1.0
Chickpea,41.1,42.41,0.51,100,1.0,3.16
Wheat,40.07,79.66,16.52,120,1.0,1.0
Banana,23.09,49.94,13.51,365,1.0,1.0
Onion,20.78,77.02,8.15,130,1.0,1.0
Tomato,44.06,23.11,0.56,120,1.0,5.63
Onion,32.4,64.45,8.54,130,1.0,1.0
Chickpea,24.66,65.53,9.94,100,1.0,1.0
Wheat,30.76,57.11,18.92,120,1.0,1.0
Tomato,22.82,53.59,4.96,120,1.0,1.0
Rice,16.36,47.76,14.73,150,1.0,1.0
Wheat,18.57,85.71,2.92,120,1.0,1.0
Cotton,39.64,77.46,3.47,180,1.0,1.66
Sugarcane,32.78,58.33,6.77,365,1.0,1.0
Sugarcane,41.67,65.97,11.99,365,1.0,1.0
Sugarcane,29.56,73.52,12.11,365,1.0,1.0
Onion,16.99,55.94,14.13,130,1.0,1.0
Banana,17.52,29.7,2.92,365,1.0,1.76
Sugarcane,40.68,48.53,14.15,365,1.0,1.0
Maize,41.48,71.34,11.22,110,1.0,1.0
Sugarcane,15.29,29.08,18.74,365,1.0,1.0
Sugarcane,42.84,39.03,6.82,365,1.0,3.01
Potato,22.91,49.23,14.24,100,1.0,1.0
Onion,27.73,42.73,7.6,130,1.0,1.0
Cotton,20.37,23.5,15.34,180,1.0,1.0
Sugarcane,19.09,57.05,16.13,365,1.0,1.0
Banana,43.14,21.43,19.75,365,1.0,1.0
Rice,36.65,87.54,10.29,150,1.0,1.0
Maize,35.12,74.46,15.63,110,1.0,1.0
Chickpea,29.55,57.27,2.53,100,1.0,1.0
Wheat,42.82,51.61,6.66,120,1.0,1.18
Wheat,38.25,73.95,10.12,120,1.0,1.0
Onion,38.87,64.37,15.65,130,1.0,1.0
Maize,41.25,59.11,8.91,110,1.0,1.0
Rice,22.97,56.39,11.26,150,1.0,1.0
Banana,43.17,37.14,9.73,365,1.0,2.0
Rice,31.42,55.39,4.01,150,1.0,2.46
Chickpea,37.15,44.48,12.4,100,1.0,1.0
Tomato,21.7,56.71,3.76,120,1.0,1.0
Chickpea,34.99,77.75,14.63,100,1.0,1.0
Tomato,35.83,47.92,5.82,120,1.0,1.07
Onion,26.51,38.06,19.16,130,1.0,1.0
Potato,35.94,30.13,8.41,100,1.0,1.0
Maize,41.14,82.63,0.96,110,1.0,3.13
Sugarcane,33.42,65.25,18.88,365,1.0,1.0
Banana,25.7,80.97,5.59,365,1.0,1.0
Rice,36.76,34.53,13.24,150,1.0,1.0
Chickpea,20.05,20.41,16.0,100,1.0,1.0
Onion,18.32,73.29,15.79,130,1.0,1.0
Chickpea,34.39,84.86,11.19,100,1.0,1.0
Wheat,29.01,42.01,1.74,120,1.0,2.27
Onion,29.23,70.03,3.07,130,1.0,1.0
Sugarcane,44.92,45.75,16.01,365,1.0,1.0
Maize,22.39,48.02,14.52,110,1.0,1.0
Cotton,29.63,60.01,0.23,180,1.0,2.73
Chickpea,23.93,46.85,1.19,100,1.0,1.34
Tomato,19.8,85.38,1.2,120,1.0,1.2
Maize,28.52,54.85,14.65,110,1.0,1.0
Onion,25.06,59.38,8.97,130,1.0,1.0
Tomato,42.1,78.24,18.54,120,1.0,1.0
Banana,23.94,63.63,6.69,365,1.0,1.0
Maize,28.29,31.43,11.94,110,1.0,1.0
Rice,19.17,23.15,5.19,150,1.0,1.09
Maize,40.56,74.42,19.17,110,1.0,1.0
Sugarcane,24.94,51.46,5.22,365,1.0,1.0
Chickpea,40.9,25.38,2.04,100,1.0,2.74
Maize,19.08,31.74,2.37,110,1.0,1.4
Wheat,33.66,28.11,5.91,120,1.0,1.01
Rice,18.2,31.72,9.97,150,1.0,1.0
Rice,28.29,20.28,5.77,150,1.0,2.14
Maize,33.54,41.34,18.14,110,1.0,1.0
Onion,30.43,32.46,5.79,130,1.0,1.0
Tomato,24.88,23.05,6.53,120,1.0,1.0
Onion,32.39,30.49,13.56,130,1.0,1.0
Chickpea,16.4,88.82,14.92,100,1.0,1.0
Wheat,22.02,28.8,7.68,120,1.0,1.0
Sugarcane,16.3,47.06,16.81,365,1.0,1.0
Rice,36.42,50.03,17.22,150,1.0,1.0
Wheat,33.17,70.81,15.01,120,1.0,1.0
Rice,19.67,39.67,12.89,150,1.0,1.0
Tomato,17.68,59.67,9.13,120,1.0,1.0
Wheat,22.82,57.02,9.81,120,1.0,1.0
Banana,18.51,67.3,16.17,365,1.0,1.0
Potato,20.63,52.91,11.3,100,1.0,1.0
Maize,41.74,24.7,15.99,110,1.0,1.0
Banana,25.71,47.18,18.33,365,1.0,1.0
Maize,23.67,42.24,0.33,110,1.0,2.64
Banana,24.21,89.55,12.45,365,1.0,1.0
Potato,32.3,21.34,16.17,100,1.0,1.0
Wheat,34.22,60.47,6.04,120,1.0,1.0
Wheat,36.88,82.2,4.59,120,1.0,1.0
Sugarcane,35.35,86.96,6.89,365,1.0,1.0
Wheat,44.47,45.62,19.72,120,1.0,1.0
Tomato,18.94,29.82,1.91,120,1.0,1.65
Rice,30.24,88.27,0.01,150,1.0,3.32
Cotton,44.45,86.38,13.54,180,1.0,1.0
Chickpea,31.66,31.17,13.68,100,1.0,1.0
Rice,28.99,56.77,4.12,150,1.0,2.04
Maize,39.15,72.22,9.13,110,1.0,1.0
Rice,15.87,35.95,6.28,150,1.0,1.0
Onion,23.88,45.01,6.41,130,1.0,1.0
Chickpea,35.12,86.85,12.94,100,1.0,1.0
Wheat,42.29,24.44,11.23,120,1.0,1.0
Cotton,15.59,62.72,19.12,180,1.0,1.0
Sugarcane,30.47,30.68,12.45,365,1.0,1.0
Onion,33.99,78.51,0.0,130,1.0,2.65
Wheat,44.02,43.5,5.32,120,1.0,2.26
Onion,27.16,47.08,14.71,130,1.0,1.0
Chickpea,30.82,58.46,18.28,100,1.0,1.0
Maize,33.85,50.39,7.22,110,1.0,1.0
Maize,24.34,66.55,9.68,110,1.0,1.0
Onion,42.27,22.17,17.98,130,1.0,1.0
Chickpea,38.78,51.71,4.52,100,1.0,1.0
Rice,42.19,25.58,18.76,150,1.0,1.0
Maize,42.37,41.99,17.73,110,1.0,1.0
Potato,32.83,54.09,11.49,100,1.0,1.0
Rice,17.68,23.26,1.25,150,1.0,2.88
Potato,23.41,64.49,5.32,100,1.0,1.0
Onion,16.66,23.33,9.81,130,1.0,1.0
Tomato,39.87,27.3,16.04,120,1.0,1.0
Wheat,41.42,23.25,16.12,120,1.0,1.0
Cotton,28.17,53.56,15.74,180,1.0,1.0
Wheat,26.46,58.65,12.51,120,1.0,1.0
Chickpea,40.66,28.69,10.93,100,1.0,1.0
Banana,32.38,36.06,7.1,365,1.0,1.44
Wheat,42.8,34.67,5.27,120,1.0,2.38
Rice,42.57,60.04,5.68,150,1.0,3.23
Maize,44.2,52.2,6.18,110,1.0,1.87
Chickpea,25.8,54.3,6.41,100,1.0,1.0
Rice,21.88,41.62,10.48,150,1.0,1.0
Chickpea,33.86,63.48,19.74,100,1.0,1.0
Chickpea,31.93,84.62,7.11,100,1.0,1.0
Banana,33.1,36.89,8.69,365,1.0,1.0
Banana,16.66,43.69,8.49,365,1.0,1.0
Potato,34.92,35.43,16.96,100,1.0,1.0
Onion,43.25,78.09,19.87,130,1.0,1.0
Banana,28.96,47.71,5.56,365,1.0,1.38
Banana,31.91,76.19,18.02,365,1.0,1.0
Potato,33.21,26.64,11.37,100,1.0,1.0
Rice,21.09,80.96,5.19,150,1.0,1.0
Sugarcane,38.67,34.96,8.49,365,1.0,1.58
Potato,38.46,41.31,3.42,100,1.0,2.26
Chickpea,34.15,77.15,11.49,100,1.0,1.0
Tomato,44.52,64.21,18.18,120,1.0,1.0
Chickpea,30.66,34.97,9.29,100,1.0,1.0
Maize,35.69,88.41,17.52,110,1.0,1.0
Rice,41.3,86.38,11.89,150,1.0,1.0
Potato,17.66,22.98,5.34,100,1.0,1.0
Rice,16.31,79.32,17.84,150,1.0,1.0
Cotton,44.02,68.42,9.75,180,1.0,1.0
Potato,39.25,22.39,18.51,100,1.0,1.0
Tomato,38.16,62.71,2.99,120,1.0,2.36
Cotton,15.9,61.21,16.81,180,1.0,1.0
Potato,35.69,21.21,4.01,100,1.0,2.11
Potato,31.51,38.47,18.64,100,1.0,1.0
Potato,27.4,37.56,18.33,100,1.0,1.0
Cotton,19.12,51.31,19.4,180,1.0,1.0
Sugarcane,27.88,68.97,6.3,365,1.0,1.0
Potato,24.55,51.2,17.86,100,1.0,1.0
Chickpea,36.11,88.61,4.75,100,1.0,1.0
Tomato,23.33,75.48,16.09,120,1.0,1.0
Banana,25.49,66.51,6.93,365,1.0,1.0
Onion,44.22,32.31,16.48,130,1.0,1.0
Rice,17.26,50.32,10.45,150,1.0,1.0
Tomato,24.23,62.15,16.36,120,1.0,1.0
Banana,15.88,76.89,18.97,365,1.0,1.0
Maize,38.74,73.58,5.55,110,1.0,1.0
Cotton,42.29,59.91,6.55,180,1.0,1.0
Rice,42.36,31.5,14.25,150,1.0,1.0
Rice,25.61,76.8,16.78,150,1.0,1.0
Chickpea,44.51,70.3,1.88,100,1.0,2.16
Sugarcane,36.16,88.71,7.48,365,1.0,1.0
Sugarcane,34.74,67.59,15.42,365,1.0,1.0
Banana,19.74,87.01,19.75,365,1.0,1.0
Maize,22.42,71.76,6.35,110,1.0,1.0
Chickpea,19.08,50.99,16.37,100,1.0,1.0
Potato,25.1,75.05,8.18,100,1.0,1.0
Potato,42.77,82.33,13.64,100,1.0,1.0
Chickpea,30.84,71.22,7.95,100,1.0,1.0
Rice,36.81,25.08,10.38,150,1.0,1.2
Potato,35.95,62.37,9.7,100,1.0,1.0
Rice,41.31,68.26,2.53,150,1.0,4.24
Banana,28.87,24.11,8.11,365,1.0,1.0
Onion,27.17,85.34,6.37,130,1.0,1.0
Potato,34.6,85.7,12.06,100,1.0,1.0
Tomato,34.79,69.09,14.05,120,1.0,1.0
Tomato,43.68,45.06,4.64,120,1.0,2.8
Wheat,17.16,55.7,2.22,120,1.0,1.0
Sugarcane,22.26,33.98,9.33,365,1.0,1.0
Wheat,28.3,48.74,5.1,120,1.0,1.0
Wheat,37.12,53.22,0.61,120,1.0,3.46
Chickpea,25.4,71.35,13.48,100,1.0,1.0
Onion,20.23,79.57,3.88,130,1.0,1.0
Onion,23.91,22.23,5.7,130,1.0,1.0
Banana,16.0,58.74,1.11,365,1.0,1.99
Sugarcane,23.96,34.52,11.02,365,1.0,1.0
Banana,27.69,51.04,13.1,365,1.0,1.0
Potato,21.87,75.59,4.69,100,1.0,1.0
Tomato,38.12,29.81,9.4,120,1.0,1.0
Wheat,19.37,30.08,16.77,120,1.0,1.0
Potato,40.23,68.3,14.21,100,1.0,1.0
Wheat,23.96,87.69,10.42,120,1.0,1.0
Wheat,22.51,88.6,5.92,120,1.0,1.0
Sugarcane,22.57,75.21,5.15,365,1.0,1.0
Cotton,44.38,78.27,9.95,180,1.0,1.0
Onion,44.45,46.74,6.15,130,1.0,1.49
Rice,42.28,39.59,19.94,150,1.0,1.0
Maize,24.89,47.69,4.8,110,1.0,1.0
Tomato,38.11,72.05,12.09,120,1.0,1.0
Tomato,16.6,79.68,13.89,120,1.0,1.0
Potato,19.95,35.78,16.15,100,1.0,1.0
Banana,24.43,68.32,10.47,365,1.0,1.0
Rice,27.14,52.25,4.97,150,1.0,1.5
Onion,39.0,57.98,19.08,130,1.0,1.0
Maize,26.66,88.83,2.14,110,1.0,1.11
Banana,16.75,38.81,9.49,365,1.0,1.0
Potato,19.58,71.39,6.0,100,1.0,1.0
Onion,30.25,77.36,10.77,130,1.0,1.0
Onion,37.16,23.18,1.51,130,1.0,3.5
Cotton,44.47,27.91,10.82,180,1.0,1.0
Wheat,31.48,34.46,14.47,120,1.0,1.0
Rice,31.58,70.46,19.25,150,1.0,1.0
Rice,37.18,82.49,6.16,150,1.0,1.26
Cotton,41.51,80.64,15.2,180,1.0,1.0
Onion,30.82,32.35,7.12,130,1.0,1.0
Wheat,42.91,58.03,17.93,120,1.0,1.0
Rice,33.48,25.04,15.68,150,1.0,1.0
Rice,26.69,72.32,0.92,150,1.0,2.93
Banana,37.68,74.67,8.65,365,1.0,1.0
Rice,24.18,76.22,9.05,150,1.0,1.0
Maize,17.31,51.65,1.93,110,1.0,1.19
Chickpea,18.63,58.32,12.04,100,1.0,1.0
Maize,22.33,43.86,11.77,110,1.0,1.0
Banana,26.55,36.1,17.08,365,1.0,1.0
Potato,27.68,71.48,11.41,100,1.0,1.0
Cotton,33.29,36.46,12.08,180,1.0,1.0
Rice,35.84,78.66,11.22,150,1.0,1.0
Sugarcane,34.18,52.05,7.14,365,1.0,1.0
Sugarcane,34.7,25.76,3.52,365,1.0,3.69
Rice,43.42,79.2,13.56,150,1.0,1.0
Rice,34.74,37.66,16.1,150,1.0,1.0
Banana,29.75,36.68,15.21,365,1.0,1.0
Wheat,27.42,36.0,17.54,120,1.0,1.0
Onion,31.58,59.07,12.87,130,1.0,1.0
Chickpea,44.43,68.28,13.78,100,1.0,1.0
Sugarcane,18.5,37.01,10.58,365,1.0,1.0
Rice,17.71,21.32,1.4,150,1.0,2.85
Tomato,34.22,77.35,4.06,120,1.0,1.03
Potato,17.02,23.21,19.54,100,1.0,1.0
Tomato,32.18,34.02,6.24,120,1.0,1.0
Wheat,36.57,49.87,12.95,120,1.0,1.0
Rice,20.6,89.78,16.67,150,1.0,1.0
Sugarcane,33.6,82.82,17.87,365,1.0,1.0
Cotton,44.26,71.31,3.28,180,1.0,2.43
Banana,16.24,53.88,19.06,365,1.0,1.0
Tomato,33.3,43.16,6.96,120,1.0,1.0
Maize,38.49,62.85,5.64,110,1.0,1.07
Cotton,33.24,30.72,8.25,180,1.0,1.0
Tomato,37.22,74.22,2.7,120,1.0,2.09
Rice,23.62,87.69,0.52,150,1.0,2.44
Chickpea,30.95,37.44,14.64,100,1.0,1.0
Onion,19.42,20.33,16.9,130,1.0,1.0
Onion,27.83,75.27,19.46,130,1.0,1.0
Sugarcane,22.39,49.13,14.38,365,1.0,1.0
Banana,44.03,24.3,19.95,365,1.0,1.0
Tomato,18.22,69.74,19.82,120,1.0,1.0
Sugarcane,39.93,79.83,18.63,365,1.0,1.0
Maize,22.42,43.2,19.81,110,1.0,1.0
Tomato,30.83,83.11,18.38,120,1.0,1.0
Onion,22.18,48.44,0.11,130,1.0,2.21
Chickpea,30.47,69.17,17.95,100,1.0,1.0
Rice,21.98,79.37,0.69,150,1.0,2.4
Potato,28.9,34.79,17.11,100,1.0,1.0
Cotton,28.13,30.56,5.49,180,1.0,1.0
Maize,42.3,53.1,10.06,110,1.0,1.0
Banana,18.68,45.86,11.7,365,1.0,1.0
Tomato,32.86,77.46,7.61,120,1.0,1.0
Maize,23.16,32.54,5.45,110,1.0,1.0
Chickpea,40.66,58.97,15.63,100,1.0,1.0
Wheat,19.66,38.01,17.24,120,1.0,1.0
Banana,20.72,38.26,6.77,365,1.0,1.0
Potato,25.93,65.11,14.23,100,1.0,1.0
Cotton,17.16,22.73,0.52,180,1.0,2.15
Chickpea,24.82,47.74,12.34,100,1.0,1.0
Onion,34.45,66.89,14.31,130,1.0,1.0
Onion,35.57,53.88,9.55,130,1.0,1.0
Wheat,27.35,29.41,19.1,120,1.0,1.0
Onion,26.25,77.91,19.1,130,1.0,1.0
Cotton,27.63,86.27,10.82,180,1.0,1.0
Tomato,27.32,89.52,6.63,120,1.0,1.0
Onion,16.58,81.33,12.3,130,1.0,1.0
Onion,24.36,55.05,11.9,130,1.0,1.0
Onion,30.97,85.95,16.58,130,1.0,1.0
Banana,21.34,50.86,12.32,365,1.0,1.0
Chickpea,42.66,80.82,15.15,100,1.0,1.0
Maize,23.43,53.4,9.59,110,1.0,1.0
Wheat,25.56,60.89,1.98,120,1.0,1.49
Chickpea,30.55,75.63,15.07,100,1.0,1.0
Rice,32.49,43.04,6.61,150,1.0,1.71
Onion,20.95,88.62,3.05,130,1.0,1.0
Potato,26.97,69.87,0.99,100,1.0,1.78
Banana,40.29,83.22,6.66,365,1.0,1.2
Chickpea,34.2,39.46,16.57,100,1.0,1.0
Onion,37.91,20.87,17.68,130,1.0,1.0
Onion,28.21,30.33,8.53,130,1.0,1.0
Cotton,17.25,57.7,11.95,180,1.0,1.0
Banana,34.33,85.03,8.68,365,1.0,1.0
Chickpea,25.18,28.4,19.67,100,1.0,1.0
Maize,34.74,37.31,0.75,110,1.0,3.75
Onion,41.24,28.43,0.65,130,1.0,4.34
Potato,36.76,89.36,1.14,100,1.0,2.06
Cotton,17.86,22.21,3.18,180,1.0,1.0
Rice,16.76,89.75,13.58,150,1.0,1.0
Maize,21.26,33.27,2.59,110,1.0,1.45
Cotton,19.88,66.26,0.2,180,1.0,1.88
Chickpea,15.75,31.38,11.56,100,1.0,1.0
Chickpea,43.55,82.34,10.37,100,1.0,1.0
Rice,22.39,78.96,1.12,150,1.0,2.24
Sugarcane,34.02,40.65,3.94,365,1.0,2.91
Chickpea,17.15,29.6,13.43,100,1.0,1.0
Sugarcane,32.6,34.93,7.94,365,1.0,1.0
Onion,36.33,23.17,3.26,130,1.0,2.52
Banana,24.09,83.44,14.59,365,1.0,1.0
Rice,31.74,64.01,12.34,150,1.0,1.0
Onion,40.44,29.23,15.11,130,1.0,1.0
Chickpea,28.17,36.04,4.35,100,1.0,1.0
Potato,44.62,86.91,13.19,100,1.0,1.0
Maize,20.2,62.49,19.05,110,1.0,1.0
Rice,23.03,50.75,6.28,150,1.0,1.0
Potato,24.47,53.2,13.22,100,1.0,1.0
Tomato,39.68,37.71,5.64,120,1.0,1.96
Wheat,21.08,49.83,5.52,120,1.0,1.0
Sugarcane,22.19,28.57,1.18,365,1.0,3.0
Sugarcane,28.36,24.2,16.22,365,1.0,1.0
Onion,18.63,31.96,18.47,130,1.0,1.0
Chickpea,28.87,56.6,19.11,100,1.0,1.0
Rice,25.72,27.72,6.23,150,1.0,1.32
Wheat,28.12,88.24,8.6,120,1.0,1.0
Cotton,32.91,85.52,1.79,180,1.0,1.68
Banana,23.76,85.4,13.56,365,1.0,1.0
Potato,22.69,72.02,3.29,100,1.0,1.0
Maize,16.56,57.22,14.39,110,1.0,1.0
Onion,32.87,57.44,8.08,130,1.0,1.0
Banana,27.16,36.42,2.57,365,1.0,2.93
Maize,31.77,45.11,13.29,110,1.0,1.0
Rice,27.95,48.66,3.76,150,1.0,2.3
Wheat,26.23,55.61,13.84,120,1.0,1.0
Sugarcane,32.11,27.74,9.33,365,1.0,1.0
Potato,40.74,55.57,10.68,100,1.0,1.0
Maize,15.03,31.31,8.61,110,1.0,1.0
Cotton,30.93,36.42,17.09,180,1.0,1.0
Banana,17.44,48.97,15.21,365,1.0,1.0
Wheat,39.55,41.73,8.82,120,1.0,1.0
Onion,19.8,81.69,18.25,130,1.0,1.0
Chickpea,25.98,89.3,9.26,100,1.0,1.0
Banana,21.72,89.69,16.8,365,1.0,1.0
Chickpea,40.08,39.43,18.23,100,1.0,1.0
Tomato,16.7,33.41,6.78,120,1.0,1.0
Sugarcane,43.01,67.79,8.5,365,1.0,1.05
Rice,25.32,42.87,1.63,150,1.0,3.17
Sugarcane,20.2,23.9,11.9,365,1.0,1.0
Sugarcane,42.93,28.26,14.39,365,1.0,1.0
Rice,43.58,57.04,19.75,150,1.0,1.0
Onion,17.81,61.89,1.2,130,1.0,1.2
Sugarcane,21.42,23.22,0.09,365,1.0,3.57
Banana,37.25,69.54,3.03,365,1.0,3.1
Onion,44.4,48.63,0.52,130,1.0,4.25
Maize,40.19,30.42,7.04,110,1.0,1.54
Wheat,43.12,84.51,14.61,120,1.0,1.0
Rice,33.07,60.87,4.39,150,1.0,2.33
Sugarcane,24.81,85.78,16.31,365,1.0,1.0
Potato,23.03,46.86,13.01,100,1.0,1.0
Wheat,36.46,82.81,12.62,120,1.0,1.0
Rice,39.15,47.13,12.35,150,1.0,1.0
Rice,42.46,46.61,5.07,150,1.0,4.09
Sugarcane,31.71,33.84,17.33,365,1.0,1.0
Cotton,37.81,49.18,5.58,180,1.0,1.16
Banana,32.64,30.32,1.7,365,1.0,4.36
Wheat,26.65,83.58,15.16,120,1.0,1.0
Maize,29.09,63.68,10.26,110,1.0,1.0
Banana,19.94,77.47,9.06,365,1.0,1.0
Cotton,21.02,60.58,6.92,180,1.0,1.0
Sugarcane,20.78,44.01,2.48,365,1.0,1.88
Maize,42.2,25.7,2.74,110,1.0,4.15
Tomato,42.35,29.36,18.83,120,1.0,1.0
Sugarcane,33.32,51.01,14.14,365,1.0,1.0
Wheat,37.65,39.37,0.74,120,1.0,3.82
Banana,40.84,42.02,5.73,365,1.0,3.36
Sugarcane,43.15,65.42,8.7,365,1.0,1.07
Wheat,44.63,24.03,4.75,120,1.0,3.25
Maize,21.44,28.44,14.91,110,1.0,1.0
Cotton,42.6,66.59,2.2,180,1.0,2.92
Cotton,17.6,39.08,2.24,180,1.0,1.1
Wheat,40.76,52.99,7.05,120,1.0,1.0
Tomato,31.84,52.01,13.42,120,1.0,1.0
Sugarcane,39.6,30.46,6.61,365,1.0,2.84
Rice,36.79,61.81,16.3,150,1.0,1.0
Sugarcane,30.27,55.59,4.02,365,1.0,1.92
Banana,26.27,32.52,16.07,365,1.0,1.0
Banana,18.53,86.96,6.09,365,1.0,1.0
Tomato,32.62,69.69,5.53,120,1.0,1.0
Tomato,19.66,53.82,13.63,120,1.0,1.0
Wheat,35.73,69.78,0.05,120,1.0,3.18
Wheat,20.53,85.1,18.95,120,1.0,1.0
Maize,32.01,62.65,4.66,110,1.0,1.0
Maize,40.06,40.05,3.65,110,1.0,2.94
Wheat,37.08,85.36,6.86,120,1.0,1.0
Rice,28.26,88.06,10.42,150,1.0,1.0
Onion,16.25,52.27,11.76,130,1.0,1.0
Potato,16.81,32.68,5.84,100,1.0,1.0
Maize,32.11,75.71,13.38,110,1.0,1.0
Potato,29.5,69.15,19.22,100,1.0,1.0
Chickpea,15.93,75.18,18.19,100,1.0,1.0
Rice,36.05,31.74,17.91,150,1.0,1.0
Wheat,18.11,44.83,7.21,120,1.0,1.0
Potato,17.68,66.29,1.45,100,1.0,1.01
Onion,22.01,38.19,7.88,130,1.0,1.0
Sugarcane,39.15,62.1,10.4,365,1.0,1.0
Chickpea,36.08,62.23,12.86,100,1.0,1.0
Sugarcane,38.67,63.62,15.12,365,1.0,1.0
Banana,42.89,44.05,1.7,365,1.0,5.67
Onion,40.41,60.43,15.28,130,1.0,1.0
Onion,30.34,29.64,17.57,130,1.0,1.0
Onion,31.34,78.94,7.33,130,1.0,1.0
Chickpea,36.92,25.51,18.17,100,1.0,1.0
Banana,29.63,57.6,10.27,365,1.0,1.0
Banana,22.86,63.12,13.18,365,1.0,1.0
Onion,24.43,58.73,5.5,130,1.0,1.0
Maize,26.06,26.3,3.28,110,1.0,1.7
Tomato,21.03,46.12,2.6,120,1.0,1.21
Chickpea,16.23,57.36,3.32,100,1.0,1.0
Wheat,25.32,34.36,10.14,120,1.0,1.0
Onion,39.73,58.38,2.46,130,1.0,2.45
Potato,35.37,46.24,16.66,100,1.0,1.0
Cotton,24.64,47.91,10.87,180,1.0,1.0
Potato,41.13,50.23,0.75,100,1.0,3.68
Sugarcane,43.35,33.85,5.24,365,1.0,4.1
Sugarcane,38.13,70.95,6.89,365,1.0,1.03
Maize,16.56,62.24,0.84,110,1.0,1.53
Cotton,42.54,58.11,8.37,180,1.0,1.0
Chickpea,21.91,71.55,8.5,100,1.0,1.0
Cotton,27.38,61.69,6.38,180,1.0,1.0
Potato,37.97,54.5,0.93,100,1.0,3.12
Onion,36.17,61.92,10.68,130,1.0,1.0
Onion,21.81,48.02,11.49,130,1.0,1.0
Banana,43.06,25.22,11.66,365,1.0,1.52
Chickpea,17.89,27.72,18.78,100,1.0,1.0
Wheat,43.55,45.84,14.55,120,1.0,1.0
Chickpea,39.64,86.83,8.83,100,1.0,1.0
Sugarcane,17.18,56.53,19.7,365,1.0,1.0
Banana,29.32,50.94,1.76,365,1.0,3.24
Rice,34.12,30.69,11.15,150,1.0,1.0
Tomato,32.37,36.79,16.0,120,1.0,1.0
Sugarcane,40.79,51.44,2.62,365,1.0,4.27
Potato,40.99,82.75,15.78,100,1.0,1.0
Potato,42.14,83.69,4.75,100,1.0,1.0
Rice,18.37,40.12,15.52,150,1.0,1.0
Rice,28.89,58.68,2.56,150,1.0,2.74
Rice,31.31,78.79,3.85,150,1.0,1.8
Cotton,34.34,51.17,3.56,180,1.0,1.73
Maize,44.15,82.78,6.87,110,1.0,1.0
Maize,23.91,46.42,15.13,110,1.0,1.0
Onion,29.47,29.63,16.98,130,1.0,1.0
Sugarcane,42.59,38.49,12.49,365,1.0,1.0
Chickpea,39.45,60.19,17.3,100,1.0,1.0
Rice,35.95,84.23,3.89,150,1.0,2.17
Banana,40.96,49.1,6.45,365,1.0,2.74
Banana,15.82,27.51,15.73,365,1.0,1.0
Cotton,32.64,86.19,14.48,180,1.0,1.0
Sugarcane,29.38,42.67,3.04,365,1.0,2.64
Potato,22.57,51.97,2.45,100,1.0,1.02
Banana,17.7,37.64,1.22,365,1.0,2.48
Potato,31.52,68.83,1.78,100,1.0,1.76
Cotton,28.16,68.85,10.68,180,1.0,1.0
Maize,29.94,81.59,19.81,110,1.0,1.0
Tomato,23.42,88.71,18.15,120,1.0,1.0
Onion,15.37,23.78,9.54,130,1.0,1.0
Potato,36.02,23.37,12.31,100,1.0,1.0
Wheat,21.15,82.13,6.18,120,1.0,1.0
Wheat,37.29,48.05,6.25,120,1.0,1.0
Potato,16.88,52.86,19.36,100,1.0,1.0
Cotton,20.47,72.41,0.93,180,1.0,1.46
Chickpea,38.37,36.76,7.18,100,1.0,1.0
Maize,19.24,68.83,12.25,110,1.0,1.0
Wheat,22.61,32.36,17.18,120,1.0,1.0
Onion,22.39,47.48,0.08,130,1.0,2.26
Onion,44.93,34.08,19.44,130,1.0,1.0
Wheat,26.49,73.58,0.53,120,1.0,2.06
Onion,27.72,39.66,19.74,130,1.0,1.0
Chickpea,34.87,58.7,14.97,100,1.0,1.0
Banana,27.4,74.09,9.18,365,1.0,1.0
Rice,40.19,75.42,11.42,150,1.0,1.0
Wheat,16.19,63.58,10.87,120,1.0,1.0
Maize,21.59,69.74,19.74,110,1.0,1.0
Rice,35.15,20.67,0.95,150,1.0,5.75
Rice,42.23,76.19,10.45,150,1.0,1.0
Maize,27.98,24.39,6.72,110,1.0,1.0
Sugarcane,22.9,32.14,1.01,365,1.0,3.09
Onion,27.59,29.02,8.08,130,1.0,1.0
Rice,28.27,38.52,5.8,150,1.0,1.61
Banana,26.12,79.63,9.45,365,1.0,1.0
Rice,22.79,71.32,10.42,150,1.0,1.0
Tomato,41.13,26.54,3.43,120,1.0,3.61
Maize,23.96,70.39,1.44,110,1.0,1.61
Banana,37.99,58.88,3.84,365,1.0,3.19
Onion,32.38,76.17,15.49,130,1.0,1.0
Wheat,29.85,84.58,3.74,120,1.0,1.0
Rice,17.73,44.2,17.68,150,1.0,1.0
Chickpea,35.16,38.91,3.8,100,1.0,1.02
Sugarcane,28.6,20.91,0.51,365,1.0,4.36
Sugarcane,36.76,72.47,1.32,365,1.0,3.59
Potato,34.89,61.96,9.96,100,1.0,1.0
Cotton,18.63,87.55,18.24,180,1.0,1.0
Onion,18.32,29.88,17.83,130,1.0,1.0
Potato,15.39,72.99,8.18,100,1.0,1.0
Maize,39.64,82.62,18.95,110,1.0,1.0
Wheat,26.52,69.02,13.25,120,1.0,1.0
Chickpea,21.3,67.55,6.97,100,1.0,1.0
Wheat,37.79,36.72,10.13,120,1.0,1.0
Tomato,18.67,38.9,1.89,120,1.0,1.49
Chickpea,36.91,46.05,3.66,100,1.0,1.11
Potato,34.95,46.73,2.13,100,1.0,2.39
Wheat,43.05,71.38,9.07,120,1.0,1.0
Tomato,37.3,31.22,10.8,120,1.0,1.0
Wheat,29.3,87.91,1.57,120,1.0,1.47
Rice,27.43,83.19,10.21,150,1.0,1.0
Rice,34.34,75.87,4.2,150,1.0,2.1
Sugarcane,35.79,22.07,18.97,365,1.0,1.0
Banana,21.59,47.08,7.49,365,1.0,1.0
Banana,18.81,36.6,13.29,365,1.0,1.0
Rice,42.95,70.2,8.25,150,1.0,1.56
Tomato,29.68,52.72,0.59,120,1.0,2.89
Rice,33.7,52.64,4.1,150,1.0,2.84
Cotton,32.4,21.45,12.89,180,1.0,1.0
Banana,27.06,46.62,18.11,365,1.0,1.0
Rice,19.69,30.52,3.98,150,1.0,1.6
Potato,33.36,33.41,13.59,100,1.0,1.0
Maize,34.56,36.66,15.2,110,1.0,1.0
Banana,18.05,73.26,10.53,365,1.0,1.0
Wheat,23.62,69.3,13.52,120,1.0,1.0
Cotton,28.04,31.24,4.45,180,1.0,1.03
Tomato,37.4,55.9,2.34,120,1.0,2.79
Wheat,15.73,42.93,10.73,120,1.0,1.0
Sugarcane,27.49,82.87,4.25,365,1.0,1.0
Rice,32.81,76.07,9.81,150,1.0,1.0
Tomato,23.52,35.38,9.94,120,1.0,1.0
Potato,38.6,54.15,0.57,100,1.0,3.38
Maize,32.52,27.53,7.39,110,1.0,1.0
Banana,40.68,42.08,10.15,365,1.0,1.12
Potato,28.89,69.44,16.81,100,1.0,1.0
Rice,26.55,50.22,10.46,150,1.0,1.0
Banana,28.05,22.31,10.25,365,1.0,1.0
Banana,35.83,86.84,4.88,365,1.0,1.4
Chickpea,27.32,86.89,15.83,100,1.0,1.0
Wheat,15.25,34.28,18.57,120,1.0,1.0
Banana,28.6,23.48,15.19,365,1.0,1.0
Banana,40.39,69.39,2.12,365,1.0,4.02
Sugarcane,25.52,56.84,1.9,365,1.0,2.39
Chickpea,24.25,55.33,10.03,100,1.0,1.0
Rice,27.82,77.47,6.7,150,1.0,1.0
Tomato,16.19,45.67,5.32,120,1.0,1.0
Rice,41.09,28.1,0.32,150,1.0,6.97
Wheat,22.07,22.62,15.75,120,1.0,1.0
Banana,26.49,66.93,16.47,365,1.0,1.0
Rice,43.92,29.84,14.9,150,1.0,1.0
Wheat,23.9,26.89,19.15,120,1.0,1.0
Maize,37.27,76.53,7.03,110,1.0,1.0
Potato,29.71,88.06,14.3,100,1.0,1.0
Onion,40.95,84.42,14.96,130,1.0,1.0
Chickpea,30.8,87.0,1.63,100,1.0,1.0
Potato,16.85,46.56,4.39,100,1.0,1.0
Sugarcane,30.39,67.82,10.33,365,1.0,1.0
Chickpea,38.11,38.89,15.15,100,1.0,1.0
Banana,41.24,86.07,3.84,365,1.0,2.62
Wheat,33.81,35.34,4.04,120,1.0,1.8
Potato,21.15,73.62,16.58,100,1.0,1.0
Potato,16.09,23.88,2.57,100,1.0,1.0
Banana,38.4,48.45,13.9,365,1.0,1.0
Banana,32.47,23.88,12.52,365,1.0,1.0
Rice,34.65,37.07,4.97,150,1.0,3.09
Onion,40.98,24.91,1.0,130,1.0,4.22
Maize,27.04,23.26,10.44,110,1.0,1.0
Rice,19.82,45.01,2.06,150,1.0,2.26
Chickpea,28.37,67.47,19.6,100,1.0,1.0
Onion,38.07,59.19,14.64,130,1.0,1.0
Rice,29.58,37.49,16.11,150,1.0,1.0
Cotton,37.14,50.48,17.67,180,1.0,1.0
Onion,34.07,45.21,8.53,130,1.0,1.0
Cotton,29.8,40.64,18.76,180,1.0,1.0
Tomato,21.04,57.44,16.92,120,1.0,1.0
Cotton,30.2,70.26,5.02,180,1.0,1.0
Onion,32.45,66.27,9.09,130,1.0,1.0
Maize,35.62,22.23,19.37,110,1.0,1.0
Chickpea,20.0,20.26,1.67,100,1.0,1.17
Potato,41.5,65.66,15.61,100,1.0,1.0
Rice,32.95,85.36,15.79,150,1.0,1.0
Chickpea,17.84,78.71,11.94,100,1.0,1.0
Onion,34.53,78.69,8.77,130,1.0,1.0
Chickpea,30.62,44.58,13.66,100,1.0,1.0
Sugarcane,32.7,36.29,11.81,365,1.0,1.0
Potato,35.79,33.35,13.21,100,1.0,1.0
Rice,32.37,50.74,14.83,150,1.0,1.0
Sugarcane,15.41,79.01,13.57,365,1.0,1.0
Wheat,16.02,28.87,15.63,120,1.0,1.0
Maize,36.95,32.5,7.65,110,1.0,1.0
Chickpea,20.96,62.14,9.87,100,1.0,1.0
Chickpea,31.23,68.2,4.29,100,1.0,1.0
Chickpea,18.66,42.52,2.22,100,1.0,1.0
Tomato,23.33,82.56,16.35,120,1.0,1.0
Tomato,28.37,26.26,6.68,120,1.0,1.0
Onion,17.25,23.66,17.26,130,1.0,1.0
Cotton,39.93,85.81,5.91,180,1.0,1.0
Wheat,44.02,34.29,3.61,120,1.0,3.4
Sugarcane,33.64,82.49,8.26,365,1.0,1.0
Maize,16.96,43.68,15.8,110,1.0,1.0
Chickpea,44.07,23.99,3.47,100,1.0,2.42
Maize,39.17,22.75,7.91,110,1.0,1.19
Chickpea,20.65,53.43,13.86,100,1.0,1.0
Banana,29.89,66.59,14.07,365,1.0,1.0
Chickpea,16.5,25.98,14.71,100,1.0,1.0
Chickpea,28.05,69.44,7.93,100,1.0,1.0
Cotton,40.44,36.06,4.53,180,1.0,2.38
Onion,40.39,63.1,9.84,130,1.0,1.0
Wheat,19.2,84.44,15.44,120,1.0,1.0
Onion,35.91,64.91,0.51,130,1.0,2.88
Chickpea,15.74,78.72,19.58,100,1.0,1.0
Maize,27.89,64.97,15.16,110,1.0,1.0
Potato,17.95,50.88,17.33,100,1.0,1.0
Cotton,43.8,45.8,15.37,180,1.0,1.0
Onion,44.11,64.87,13.99,130,1.0,1.0
Wheat,26.51,45.74,8.41,120,1.0,1.0
Sugarcane,20.4,86.73,15.52,365,1.0,1.0
Onion,39.55,76.09,6.77,130,1.0,1.0
Rice,25.61,51.49,4.15,150,1.0,1.73
Sugarcane,21.55,36.89,12.28,365,1.0,1.0
Maize,16.9,57.06,2.34,110,1.0,1.0
Chickpea,25.24,46.47,15.56,100,1.0,1.0
Banana,22.95,57.51,7.27,365,1.0,1.0
Chickpea,30.91,45.34,13.07,100,1.0,1.0
Onion,37.02,56.79,3.08,130,1.0,1.89
Chickpea,22.29,61.37,14.78,100,1.0,1.0
Potato,15.61,57.21,15.72,100,1.0,1.0
Sugarcane,21.09,40.54,8.63,365,1.0,1.0
Wheat,28.56,75.25,16.24,120,1.0,1.0
Banana,27.2,64.76,9.2,365,1.0,1.0
Onion,25.52,33.38,13.02,130,1.0,1.0
Banana,33.44,84.64,11.4,365,1.0,1.0
Maize,35.56,58.36,19.65,110,1.0,1.0
Banana,20.38,88.79,4.99,365,1.0,1.0
Potato,20.96,52.79,14.25,100,1.0,1.0
Cotton,41.76,56.36,3.15,180,1.0,2.65
Banana,35.51,85.22,4.49,365,1.0,1.61
Chickpea,21.18,79.33,0.68,100,1.0,1.06
Rice,30.0,47.53,9.91,150,1.0,1.0
Rice,33.28,53.5,10.14,150,1.0,1.0
Potato,38.92,51.04,15.62,100,1.0,1.0
Wheat,29.33,63.98,19.34,120,1.0,1.0
Sugarcane,43.49,70.83,15.67,365,1.0,1.0
Banana,21.71,85.91,1.89,365,1.0,1.52
Tomato,42.44,55.54,17.82,120,1.0,1.0
Tomato,35.92,52.84,12.24,120,1.0,1.0
Potato,22.98,64.08,15.47,100,1.0,1.0
Sugarcane,17.55,82.77,7.56,365,1.0,1.0
Maize,15.94,73.05,18.95,110,1.0,1.0
Cotton,27.54,29.3,2.08,180,1.0,2.2
Sugarcane,37.86,55.73,4.29,365,1.0,2.82
Cotton,37.82,54.23,5.37,180,1.0,1.13
Cotton,20.1,64.06,8.96,180,1.0,1.0
Sugarcane,28.6,72.32,9.17,365,1.0,1.0
Rice,39.46,55.55,15.23,150,1.0,1.0
Potato,29.79,88.14,8.87,100,1.0,1.0
Maize,21.88,64.32,2.38,110,1.0,1.09
Cotton,42.02,48.26,1.26,180,1.0,3.87
Banana,27.31,43.38,2.33,365,1.0,2.89
Banana,42.25,75.25,2.97,365,1.0,3.64
Tomato,33.61,37.06,5.09,120,1.0,1.44
Potato,27.67,67.57,6.11,100,1.0,1.0
Onion,37.75,79.54,12.91,130,1.0,1.0
Potato,41.76,33.09,17.0,100,1.0,1.0
Maize,16.53,61.77,9.73,110,1.0,1.0
Maize,35.99,67.48,9.48,110,1.0,1.0
Tomato,29.35,62.47,15.11,120,1.0,1.0
Rice,15.78,27.08,7.74,150,1.0,1.0
Tomato,35.61,52.1,3.92,120,1.0,1.89
Onion,36.5,30.3,13.23,130,1.0,1.0
Potato,44.26,79.37,19.54,100,1.0,1.0
Cotton,31.15,38.4,17.17,180,1.0,1.0
Cotton,20.19,36.74,19.26,180,1.0,1.0
Rice,38.17,76.24,19.42,150,1.0,1.0
Cotton,15.75,29.94,11.07,180,1.0,1.0
Sugarcane,22.84,67.2,16.97,365,1.0,1.0
Rice,38.3,37.85,14.37,150,1.0,1.0
Maize,18.49,23.21,1.3,110,1.0,2.01
Sugarcane,37.77,76.06,11.98,365,1.0,1.0
Cotton,26.79,60.64,11.34,180,1.0,1.0
Rice,38.82,48.32,11.72,150,1.0,1.0
Banana,25.28,69.17,14.78,365,1.0,1.0
Wheat,25.86,43.39,0.62,120,1.0,2.51
Onion,40.46,85.18,1.36,130,1.0,2.37
Rice,24.01,56.69,7.46,150,1.0,1.0
Tomato,22.36,51.79,11.18,120,1.0,1.0
Cotton,24.92,37.02,13.95,180,1.0,1.0
Tomato,44.03,46.13,19.34,120,1.0,1.0
Cotton,42.86,67.02,17.2,180,1.0,1.0
Banana,27.83,88.08,2.93,365,1.0,1.48
Tomato,16.87,89.37,0.46,120,1.0,1.35
Banana,35.46,54.5,15.55,365,1.0,1.0
Banana,30.73,67.0,16.91,365,1.0,1.0
Maize,34.73,29.13,9.44,110,1.0,1.0
Banana,44.95,29.52,17.45,365,1.0,1.0
Tomato,26.96,53.92,5.51,120,1.0,1.0
Maize,25.1,89.02,13.42,110,1.0,1.0
Rice,30.39,30.91,16.7,150,1.0,1.0
Rice,31.63,24.66,1.24,150,1.0,4.83
Chickpea,17.42,73.85,15.93,100,1.0,1.0
Onion,40.22,65.43,11.87,130,1.0,1.0
Cotton,34.27,36.0,17.06,180,1.0,1.0
Maize,39.5,66.08,16.93,110,1.0,1.0
Tomato,18.47,86.57,0.03,120,1.0,1.69
Rice,37.09,54.83,16.03,150,1.0,1.0
Wheat,25.34,71.33,15.78,120,1.0,1.0
Wheat,15.99,63.56,5.39,120,1.0,1.0
Sugarcane,43.78,41.2,16.86,365,1.0,1.0
Cotton,15.55,63.98,0.3,180,1.0,1.61
Maize,26.73,62.66,13.91,110,1.0,1.0
Potato,32.69,34.62,15.34,100,1.0,1.0
Sugarcane,39.28,54.2,1.23,365,1.0,4.62
Tomato,29.24,52.54,1.13,120,1.0,2.58
Banana,19.74,73.58,3.63,365,1.0,1.0
Cotton,41.04,78.55,15.08,180,1.0,1.0
Sugarcane,39.1,27.72,19.83,365,1.0,1.0
Banana,36.63,31.7,0.71,365,1.0,5.49
Rice,24.69,39.66,19.38,150,1.0,1.0
Onion,29.41,29.62,6.66,130,1.0,1.0
Banana,35.34,41.81,4.16,365,1.0,3.2
Rice,15.0,68.95,1.75,150,1.0,1.53
Sugarcane,25.61,59.94,9.35,365,1.0,1.0
Banana,19.24,88.54,11.31,365,1.0,1.0
Sugarcane,19.45,89.5,11.44,365,1.0,1.0
Tomato,17.94,58.11,9.21,120,1.0,1.0
Sugarcane,17.5,22.29,0.94,365,1.0,2.74
Wheat,15.53,21.11,3.08,120,1.0,1.0
Onion,42.55,25.8,16.7,130,1.0,1.0
Onion,23.96,74.13,16.56,130,1.0,1.0
Onion,35.84,43.84,17.87,130,1.0,1.0
Wheat,41.81,54.37,10.56,120,1.0,1.0
Cotton,17.66,84.22,2.98,180,1.0,1.0
Potato,16.86,73.36,8.26,100,1.0,1.0
Tomato,44.01,81.82,19.68,120,1.0,1.0
Maize,22.62,60.03,4.88,110,1.0,1.0
Tomato,29.65,25.03,13.7,120,1.0,1.0
Cotton,29.27,56.62,13.26,180,1.0,1.0
Banana,23.81,43.53,10.74,365,1.0,1.0
Chickpea,33.55,36.28,10.77,100,1.0,1.0
Chickpea,20.6,53.68,15.99,100,1.0,1.0
Sugarcane,19.57,82.75,12.87,365,1.0,1.0
Onion,43.97,24.77,16.42,130,1.0,1.0
Rice,29.67,45.82,11.06,150,1.0,1.0
Onion,29.06,21.36,9.34,130,1.0,1.0
Tomato,28.99,39.2,5.19,120,1.0,1.0
Tomato,40.57,39.08,14.81,120,1.0,1.0
Rice,41.52,57.07,5.01,150,1.0,3.5
Cotton,15.66,76.51,17.29,180,1.0,1.0
Banana,44.17,85.88,4.61,365,1.0,2.65
Rice,20.48,59.83,9.71,150,1.0,1.0
Rice,25.74,69.45,12.04,150,1.0,1.0
Onion,17.61,86.37,7.75,130,1.0,1.0
Sugarcane,43.85,62.5,18.57,365,1.0,1.0
Banana,41.76,24.3,4.65,365,1.0,4.78
Potato,18.97,89.06,2.51,100,1.0,1.0
Chickpea,23.02,57.05,1.24,100,1.0,1.14
Wheat,42.54,53.69,13.06,120,1.0,1.0
Chickpea,44.83,88.03,11.45,100,1.0,1.0
Chickpea,44.08,56.72,14.43,100,1.0,1.0
Tomato,30.13,82.6,19.98,120,1.0,1.0
Sugarcane,22.95,82.79,1.96,365,1.0,1.54
Cotton,25.43,42.47,4.77,180,1.0,1.0
Wheat,44.89,87.63,4.53,120,1.0,1.35
Rice,41.74,43.27,9.19,150,1.0,2.03
Potato,31.6,24.17,16.1,100,1.0,1.0
Potato,19.48,75.31,3.21,100,1.0,1.0
Chickpea,17.99,27.8,17.9,100,1.0,1.0
Rice,41.98,78.54,16.22,150,1.0,1.0
Potato,27.23,89.7,4.19,100,1.0,1.0
Maize,36.07,86.41,3.31,110,1.0,1.34
Wheat,23.06,74.01,19.51,120,1.0,1.0
Sugarcane,41.95,60.72,4.48,365,1.0,3.17
Maize,22.06,26.45,10.85,110,1.0,1.0
Maize,43.65,36.61,6.02,110,1.0,2.39
Chickpea,30.97,49.3,14.39,100,1.0,1.0
Banana,15.08,37.36,13.89,365,1.0,1.0
Potato,33.44,30.43,13.08,100,1.0,1.0
Tomato,19.81,69.02,14.41,120,1.0,1.0
Maize,37.14,74.91,19.0,110,1.0,1.0
Tomato,25.78,49.79,14.49,120,1.0,1.0
Maize,15.74,69.81,9.93,110,1.0,1.0
Cotton,41.14,33.62,19.55,180,1.0,1.0
Cotton,33.17,29.03,7.92,180,1.0,1.0
Tomato,27.14,27.22,3.62,120,1.0,1.63
Sugarcane,43.26,24.65,12.48,365,1.0,1.0
Potato,42.42,81.26,11.03,100,1.0,1.0
Wheat,17.05,22.42,11.9,120,1.0,1.0
Maize,32.33,72.54,4.54,110,1.0,1.0
Onion,22.19,65.83,13.57,130,1.0,1.0
Cotton,28.32,74.29,10.06,180,1.0,1.0
Wheat,32.66,28.98,13.21,120,1.0,1.0
Potato,36.68,75.76,18.4,100,1.0,1.0
Rice,35.38,45.18,5.1,150,1.0,2.86
Onion,18.51,29.5,19.04,130,1.0,1.0
Rice,27.2,60.49,9.78,150,1.0,1.0
Cotton,44.78,88.81,1.83,180,1.0,2.65
Maize,31.5,48.94,0.59,110,1.0,3.16
Sugarcane,32.14,24.8,1.21,365,1.0,4.45
Rice,21.52,88.4,3.36,150,1.0,1.0
Maize,42.78,22.29,12.7,110,1.0,1.0
Chickpea,38.7,60.18,1.5,100,1.0,2.07
Cotton,16.91,67.09,1.12,180,1.0,1.24
Cotton,32.56,24.49,2.88,180,1.0,2.47
Cotton,25.64,34.35,11.83,180,1.0,1.0
Maize,15.55,64.52,12.75,110,1.0,1.0
Banana,17.19,29.95,16.84,365,1.0,1.0
Maize,43.87,67.67,17.46,110,1.0,1.0
Wheat,20.05,41.18,18.28,120,1.0,1.0
Maize,24.81,55.89,9.74,110,1.0,1.0
Tomato,17.45,55.23,7.64,120,1.0,1.0
Potato,43.77,61.27,13.42,100,1.0,1.0
Rice,16.15,28.13,4.98,150,1.0,1.0
Rice,18.73,65.18,2.8,150,1.0,1.37
Sugarcane,26.95,89.71,10.27,365,1.0,1.0
Cotton,33.49,75.4,10.4,180,1.0,1.0
Cotton,27.33,84.56,6.11,180,1.0,1.0
Onion,22.11,47.8,8.01,130,1.0,1.0
Wheat,26.99,33.16,15.47,120,1.0,1.0
Rice,31.82,64.66,4.9,150,1.0,1.78
Rice,18.21,56.06,7.92,150,1.0,1.0
Maize,19.77,53.04,11.51,110,1.0,1.0
Rice,42.49,75.19,3.91,150,1.0,3.44
Banana,42.0,71.5,14.86,365,1.0,1.0
Banana,37.86,85.11,2.13,365,1.0,3.08
Tomato,41.79,78.9,5.62,120,1.0,1.0
Potato,22.09,40.2,19.21,100,1.0,1.0
Tomato,19.73,73.91,7.33,120,1.0,1.0
Rice,15.26,71.37,10.01,150,1.0,1.0
Banana,15.19,71.96,16.54,365,1.0,1.0
Rice,15.75,36.83,8.5,150,1.0,1.0
Banana,35.97,85.73,10.19,365,1.0,1.0
Sugarcane,35.65,88.86,11.78,365,1.0,1.0
Sugarcane,22.5,38.01,7.29,365,1.0,1.0
Maize,37.11,66.6,8.99,110,1.0,1.0
Banana,19.93,35.21,3.53,365,1.0,1.6
Wheat,34.64,75.47,2.3,120,1.0,1.81
Wheat,35.87,31.67,5.26,120,1.0,1.52
Maize,33.22,56.28,6.57,110,1.0,1.0
Chickpea,34.12,89.51,4.83,100,1.0,1.0
Onion,27.01,38.94,8.81,130,1.0,1.0
Potato,43.27,60.76,18.71,100,1.0,1.0
Chickpea,29.22,82.03,14.51,100,1.0,1.0
Tomato,26.84,36.58,19.7,120,1.0,1.0
Banana,15.76,35.79,8.06,365,1.0,1.0
Sugarcane,27.98,68.2,0.71,365,1.0,2.97
Rice,18.79,69.25,0.03,150,1.0,2.68
Maize,24.75,62.44,18.7,110,1.0,1.0
Sugarcane,16.55,61.33,9.73,365,1.0,1.0
Chickpea,19.91,78.46,6.48,100,1.0,1.0
Maize,18.07,87.46,19.22,110,1.0,1.0
Banana,17.99,83.32,5.06,365,1.0,1.0
Chickpea,24.91,34.23,8.44,100,1.0,1.0
Chickpea,18.08,88.35,15.65,100,1.0,1.0
Wheat,27.8,20.78,10.07,120,1.0,1.0
Rice,40.55,74.6,8.54,150,1.0,1.0
Banana,17.68,89.79,0.84,365,1.0,1.67
Banana,42.21,56.18,9.5,365,1.0,1.15
Sugarcane,18.87,61.74,0.82,365,1.0,2.19
Sugarcane,24.91,25.54,16.21,365,1.0,1.0
Sugarcane,44.3,75.2,11.47,365,1.0,1.0
Potato,24.15,42.64,10.55,100,1.0,1.0
Rice,33.62,80.0,17.57,150,1.0,1.0
Banana,22.09,78.77,18.29,365,1.0,1.0
Rice,24.23,25.86,18.76,150,1.0,1.0
Tomato,27.87,60.03,0.3,120,1.0,2.71
Wheat,42.55,33.25,11.66,120,1.0,1.0
Potato,23.43,56.12,14.72,100,1.0,1.0
Banana,27.91,75.94,8.59,365,1.0,1.0
Potato,22.63,34.91,13.11,100,1.0,1.0
Cotton,42.02,43.75,0.68,180,1.0,4.3
Potato,18.98,61.38,17.2,100,1.0,1.0
Chickpea,20.91,84.14,0.07,100,1.0,1.3
Rice,25.45,85.95,13.09,150,1.0,1.0
Rice,27.76,57.51,14.77,150,1.0,1.0
Maize,21.24,44.18,1.68,110,1.0,1.72
Chickpea,27.7,64.49,0.87,100,1.0,1.5
Onion,43.74,51.92,9.19,130,1.0,1.0
Banana,19.6,29.54,7.33,365,1.0,1.0
Banana,44.12,77.81,15.27,365,1.0,1.0
Potato,18.16,54.83,8.71,100,1.0,1.0
Sugarcane,22.28,26.2,18.81,365,1.0,1.0
Banana,30.68,75.63,13.54,365,1.0,1.0
Potato,29.24,31.11,14.71,100,1.0,1.0
Maize,35.18,46.51,12.56,110,1.0,1.0
Potato,19.18,26.74,0.16,100,1.0,2.27
Sugarcane,40.36,74.42,10.9,365,1.0,1.0
Potato,30.82,62.16,13.22,100,1.0,1.0
Chickpea,38.36,48.3,8.23,100,1.0,1.0
Wheat,32.07,65.35,18.66,120,1.0,1.0
Maize,37.83,58.56,0.12,110,1.0,3.88
Banana,24.58,21.73,0.74,365,1.0,3.85
Sugarcane,22.34,73.16,4.77,365,1.0,1.0
Rice,27.82,28.62,10.55,150,1.0,1.0
Onion,41.56,80.06,8.48,130,1.0,1.0
Chickpea,25.16,79.04,13.4,100,1.0,1.0
Banana,43.18,22.05,6.62,365,1.0,4.2
Banana,19.21,37.46,0.58,365,1.0,2.95
Tomato,42.76,44.7,14.48,120,1.0,1.0
Rice,42.28,83.41,15.21,150,1.0,1.0
Onion,28.51,66.68,18.55,130,1.0,1.0
Onion,18.89,83.89,14.58,130,1.0,1.0
Rice,19.62,63.79,19.04,150,1.0,1.0
Banana,38.02,74.54,16.37,365,1.0,1.0
Chickpea,40.2,72.82,5.77,100,1.0,1.0
Tomato,35.65,80.74,12.6,120,1.0,1.0
Chickpea,44.23,81.79,17.04,100,1.0,1.0
Rice,34.16,83.42,5.39,150,1.0,1.23
Onion,44.84,30.9,19.77,130,1.0,1.0
Banana,24.34,26.34,7.99,365,1.0,1.0
Rice,21.56,81.48,3.89,150,1.0,1.0
Rice,24.97,48.61,2.75,150,1.0,2.42
Banana,24.61,54.85,7.28,365,1.0,1.0
Cotton,39.23,63.26,8.06,180,1.0,1.0
Rice,24.5,57.99,18.14,150,1.0,1.0
Tomato,22.88,72.62,0.53,120,1.0,1.94
Rice,40.54,49.15,11.03,150,1.0,1.0
Rice,19.54,43.71,18.68,150,1.0,1.0
Onion,31.26,47.03,3.41,130,1.0,1.36
Tomato,17.66,55.93,11.05,120,1.0,1.0
Potato,33.26,83.7,16.68,100,1.0,1.0
Tomato,36.95,20.64,1.14,120,1.0,4.29
Cotton,31.86,55.43,10.34,180,1.0,1.0
Cotton,22.72,68.82,19.26,180,1.0,1.0
Wheat,30.15,53.7,8.42,120,1.0,1.0
Onion,36.98,64.52,14.12,130,1.0,1.0
Maize,21.94,62.88,5.3,110,1.0,1.0
Onion,42.69,24.93,14.13,130,1.0,1.0
Banana,39.02,28.58,2.35,365,1.0,5.23
Wheat,17.27,31.04,1.82,120,1.0,1.4
Rice,18.61,44.28,8.46,150,1.0,1.0
Wheat,19.89,28.88,1.92,120,1.0,1.57
Onion,22.14,49.06,13.67,130,1.0,1.0
Potato,28.17,61.35,11.74,100,1.0,1.0
Chickpea,16.49,56.1,19.21,100,1.0,1.0
Wheat,33.33,51.69,1.21,120,1.0,2.78
Banana,23.3,67.61,13.03,365,1.0,1.0
Onion,32.2,87.07,5.1,130,1.0,1.0
Chickpea,22.87,23.34,1.45,100,1.0,1.43
Onion,25.91,72.44,12.83,130,1.0,1.0
Cotton,41.17,30.03,8.59,180,1.0,1.0
Onion,19.5,24.67,13.5,130,1.0,1.0
Onion,32.1,33.92,2.63,130,1.0,2.1
Wheat,42.24,20.4,1.45,120,1.0,4.64
Banana,35.0,37.7,16.57,365,1.0,1.0
Rice,32.83,71.7,1.06,150,1.0,3.61
Tomato,25.18,37.22,16.36,120,1.0,1.0
Sugarcane,39.07,49.45,1.99,365,1.0,4.38
Banana,27.41,46.39,4.0,365,1.0,1.99
Maize,43.41,88.86,7.69,110,1.0,1.0
Maize,30.0,49.93,14.45,110,1.0,1.0
Tomato,39.79,55.87,6.6,120,1.0,1.0
Rice,22.53,28.92,14.14,150,1.0,1.0
Maize,38.52,59.04,8.47,110,1.0,1.0
Banana,20.26,77.2,17.88,365,1.0,1.0
Onion,20.53,57.0,13.28,130,1.0,1.0
Rice,23.38,53.43,7.07,150,1.0,1.0
Cotton,19.96,55.28,5.41,180,1.0,1.0
Potato,22.55,33.73,9.3,100,1.0,1.0
Cotton,37.94,32.02,2.84,180,1.0,3.0
Sugarcane,43.76,42.25,19.51,365,1.0,1.0
Cotton,24.0,39.4,14.3,180,1.0,1.0
Wheat,43.46,25.59,17.29,120,1.0,1.0
Rice,23.66,47.96,9.71,150,1.0,1.0
Potato,43.42,33.16,12.55,100,1.0,1.0
Rice,17.42,25.82,10.34,150,1.0,1.0
Sugarcane,28.36,44.55,7.06,365,1.0,1.0
Onion,24.52,82.74,3.42,130,1.0,1.0
Sugarcane,30.22,21.82,10.75,365,1.0,1.0
Banana,25.56,57.57,8.97,365,1.0,1.0
Banana,19.56,26.43,12.89,365,1.0,1.0
Sugarcane,38.89,78.37,6.24,365,1.0,1.2
Sugarcane,16.74,76.3,12.1,365,1.0,1.0
Chickpea,32.05,44.08,19.33,100,1.0,1.0
Onion,32.47,60.71,14.72,130,1.0,1.0
Cotton,26.48,31.66,2.69,180,1.0,1.74
Cotton,23.58,63.57,12.66,180,1.0,1.0
Chickpea,40.18,53.52,17.47,100,1.0,1.0
Onion,36.3,88.01,12.28,130,1.0,1.0
Chickpea,37.05,45.1,10.52,100,1.0,1.0
Potato,34.89,75.15,10.51,100,1.0,1.0
Tomato,31.05,74.88,18.67,120,1.0,1.0
Banana,23.31,36.71,9.33,365,1.0,1.0
Onion,44.78,55.25,1.47,130,1.0,3.62
Banana,29.63,71.42,19.03,365,1.0,1.0
Rice,35.34,62.57,11.74,150,1.0,1.0
Banana,16.64,53.34,13.52,365,1.0,1.0
Rice,34.31,89.06,4.44,150,1.0,1.53
Wheat,20.99,30.01,14.45,120,1.0,1.0
Sugarcane,33.9,47.14,15.95,365,1.0,1.0
Cotton,41.62,31.7,2.31,180,1.0,3.78
Wheat,35.44,29.87,17.93,120,1.0,1.0
Chickpea,30.28,49.63,2.81,100,1.0,1.0
Onion,20.14,28.69,14.27,130,1.0,1.0
Potato,38.33,64.67,1.92,100,1.0,2.42
Cotton,40.32,89.26,12.9,180,1.0,1.0
Cotton,35.09,22.56,14.63,180,1.0,1.0
Wheat,26.45,66.51,2.3,120,1.0,1.29
Tomato,44.45,48.97,10.08,120,1.0,1.0
Sugarcane,26.05,29.3,13.17,365,1.0,1.0
Sugarcane,38.34,48.86,16.34,365,1.0,1.0
Maize,20.47,24.32,11.16,110,1.0,1.0
Rice,39.74,20.47,5.09,150,1.0,4.62
Onion,30.69,41.27,9.74,130,1.0,1.0
Chickpea,34.78,65.06,12.0,100,1.0,1.0
Cotton,23.24,67.56,16.8,180,1.0,1.0
Banana,43.38,59.94,9.57,365,1.0,1.15
Wheat,33.7,25.28,14.79,120,1.0,1.0
Potato,35.13,42.56,14.67,100,1.0,1.0
Tomato,33.43,76.36,8.44,120,1.0,1.0
Chickpea,41.98,28.99,9.07,100,1.0,1.0
Potato,19.48,48.34,10.35,100,1.0,1.0
Wheat,44.15,23.32,13.98,120,1.0,1.0
Sugarcane,15.86,85.35,15.31,365,1.0,1.0
Onion,44.25,56.33,0.86,130,1.0,3.83
Banana,39.99,84.85,19.25,365,1.0,1.0
Rice,27.01,87.92,14.76,150,1.0,1.0
Rice,18.97,77.82,16.99,150,1.0,1.0
Onion,40.01,25.83,4.22,130,1.0,2.46
Potato,29.86,87.92,8.55,100,1.0,1.0
Chickpea,25.8,53.17,2.88,100,1.0,1.0
Banana,23.19,80.59,12.26,365,1.0,1.0
Wheat,44.04,74.32,11.27,120,1.0,1.0
Rice,42.93,70.36,14.34,150,1.0,1.0
Maize,39.54,31.24,2.94,110,1.0,3.47
Sugarcane,39.68,67.75,0.69,365,1.0,4.46
Onion,38.16,46.59,19.91,130,1.0,1.0
Sugarcane,22.54,42.63,6.4,365,1.0,1.0
Onion,29.43,40.66,0.39,130,1.0,2.82
Tomato,25.95,86.56,5.52,120,1.0,1.0
Tomato,24.31,84.88,15.99,120,1.0,1.0
Rice,40.49,60.6,17.92,150,1.0,1.0
Rice,16.05,60.49,6.86,150,1.0,1.0
Tomato,18.46,60.79,7.7,120,1.0,1.0
Rice,15.45,53.5,6.44,150,1.0,1.0
Wheat,26.78,81.3,4.91,120,1.0,1.0
Chickpea,37.0,35.17,18.32,100,1.0,1.0
Onion,24.12,26.62,12.17,130,1.0,1.0
Banana,29.18,68.93,6.74,365,1.0,1.0
Wheat,33.27,39.42,16.33,120,1.0,1.0
Chickpea,30.98,37.26,16.41,100,1.0,1.0
Sugarcane,38.23,52.56,2.3,365,1.0,3.98
Potato,35.08,50.24,0.34,100,1.0,3.21
Sugarcane,27.25,66.18,2.84,365,1.0,1.88
Chickpea,21.81,28.4,0.38,100,1.0,1.84
Banana,42.1,21.66,4.6,365,1.0,4.99
Chickpea,18.74,82.4,2.67,100,1.0,1.0
Banana,42.15,21.33,0.48,365,1.0,7.08
Tomato,17.12,80.52,6.07,120,1.0,1.0
Maize,41.16,53.06,5.01,110,1.0,2.01
Cotton,32.33,63.17,17.58,180,1.0,1.0
Onion,32.69,86.67,5.45,130,1.0,1.0
Tomato,16.65,44.19,13.67,120,1.0,1.0
Wheat,42.86,78.33,5.59,120,1.0,1.0
Sugarcane,37.66,43.04,10.11,365,1.0,1.0
Chickpea,40.49,66.7,0.17,100,1.0,2.75
Cotton,27.93,26.31,12.93,180,1.0,1.0
Cotton,18.34,60.11,17.34,180,1.0,1.0
Maize,23.69,59.31,11.27,110,1.0,1.0
Wheat,39.82,70.66,19.12,120,1.0,1.0
Banana,41.72,42.91,3.08,365,1.0,4.81
Wheat,26.45,28.41,6.43,120,1.0,1.0
Sugarcane,24.88,51.05,4.17,365,1.0,1.32
Cotton,43.64,42.34,11.75,180,1.0,1.0
Sugarcane,42.22,54.13,15.52,365,1.0,1.0
Cotton,41.68,38.68,7.96,180,1.0,1.0
Sugarcane,33.66,37.21,2.33,365,1.0,3.76
Banana,33.43,50.26,19.55,365,1.0,1.0
Cotton,43.24,81.46,12.94,180,1.0,1.0
Maize,17.99,79.86,18.04,110,1.0,1.0
Wheat,18.25,40.31,18.45,120,1.0,1.0
Cotton,35.88,86.33,17.91,180,1.0,1.0
Banana,35.26,44.81,6.54,365,1.0,1.9
Cotton,36.94,20.13,4.9,180,1.0,2.14
Onion,35.13,69.27,18.23,130,1.0,1.0
Onion,19.0,74.55,3.76,130,1.0,1.0
Chickpea,31.17,57.74,17.48,100,1.0,1.0
Wheat,34.09,28.9,6.63,120,1.0,1.0
Banana,29.3,83.85,11.69,365,1.0,1.0
Potato,41.64,82.61,6.75,100,1.0,1.0
Cotton,26.04,52.26,13.14,180,1.0,1.0
Maize,39.19,66.62,18.77,110,1.0,1.0
Cotton,21.07,20.31,0.45,180,1.0,2.54
Wheat,22.09,38.32,15.95,120,1.0,1.0
Onion,33.18,76.42,9.69,130,1.0,1.0
Sugarcane,22.58,60.54,17.69,365,1.0,1.0
Sugarcane,35.12,26.41,14.49,365,1.0,1.0
Onion,31.14,24.18,13.98,130,1.0,1.0
Maize,22.55,63.14,5.04,110,1.0,1.0
Sugarcane,29.71,24.25,13.6,365,1.0,1.0
Wheat,28.26,71.9,18.55,120,1.0,1.0
Cotton,36.59,67.91,16.94,180,1.0,1.0
Wheat,35.49,60.92,10.34,120,1.0,1.0
Wheat,16.62,37.05,8.06,120,1.0,1.0
Cotton,21.38,26.61,11.2,180,1.0,1.0
Potato,19.16,77.68,12.0,100,1.0,1.0
Wheat,39.87,67.47,17.35,120,1.0,1.0
Potato,43.13,81.28,1.01,100,1.0,2.9
Maize,21.23,84.1,4.3,110,1.0,1.0
Chickpea,20.31,77.36,17.46,100,1.0,1.0
Maize,35.65,37.75,18.73,110,1.0,1.0
Tomato,29.65,22.59,2.44,120,1.0,2.61
Cotton,23.1,32.56,9.9,180,1.0,1.0
Cotton,32.59,33.47,8.64,180,1.0,1.0
Potato,26.03,89.08,8.54,100,1.0,1.0
Onion,24.81,57.67,19.5,130,1.0,1.0
Wheat,29.9,26.35,12.85,120,1.0,1.0
Sugarcane,38.52,45.96,16.38,365,1.0,1.0
Rice,28.0,71.43,17.4,150,1.0,1.0
Chickpea,20.78,78.96,2.97,100,1.0,1.0
Cotton,33.57,34.03,18.27,180,1.0,1.0
Cotton,18.67,20.59,2.45,180,1.0,1.33
Maize,27.34,66.69,5.43,110,1.0,1.0
Sugarcane,24.21,77.51,6.77,365,1.0,1.0
Rice,44.91,86.72,19.84,150,1.0,1.0
Maize,20.45,42.27,6.93,110,1.0,1.0
Tomato,21.46,81.74,6.39,120,1.0,1.0
Tomato,23.58,53.07,14.86,120,1.0,1.0
Cotton,37.34,45.85,2.89,180,1.0,2.54
Onion,36.28,58.4,4.74,130,1.0,1.0
Chickpea,16.77,70.86,18.46,100,1.0,1.0
Maize,24.87,70.77,8.07,110,1.0,1.0
Wheat,43.56,89.73,17.98,120,1.0,1.0
Rice,32.79,26.05,4.89,150,1.0,3.17
Potato,22.09,82.16,2.22,100,1.0,1.0
Potato,38.83,64.32,13.02,100,1.0,1.0
Onion,39.89,69.51,16.88,130,1.0,1.0
Tomato,31.42,85.88,14.21,120,1.0,1.0
Tomato,31.47,65.2,3.42,120,1.0,1.37
Tomato,27.98,78.91,16.87,120,1.0,1.0
Chickpea,32.04,69.57,15.73,100,1.0,1.0
Banana,19.1,30.41,0.03,365,1.0,3.35
Tomato,40.37,51.87,18.03,120,1.0,1.0
Wheat,34.34,34.86,1.72,120,1.0,3.03
Rice,33.92,20.17,16.8,150,1.0,1.0
Potato,35.43,26.66,4.58,100,1.0,1.67
Sugarcane,21.06,88.75,13.31,365,1.0,1.0
Wheat,25.78,61.68,8.67,120,1.0,1.0
Wheat,41.39,85.14,9.38,120,1.0,1.0
Maize,27.2,88.39,18.21,110,1.0,1.0
Rice,41.69,45.06,1.59,150,1.0,5.75
Sugarcane,39.02,81.75,2.91,365,1.0,2.76
Cotton,18.72,24.93,2.33,180,1.0,1.34
Wheat,34.31,69.6,8.42,120,1.0,1.0
Banana,31.2,58.06,10.78,365,1.0,1.0
Cotton,35.78,69.43,5.92,180,1.0,1.0
Banana,21.92,41.55,8.99,365,1.0,1.0
Tomato,40.5,38.42,3.04,120,1.0,3.35
Onion,19.07,27.33,4.72,130,1.0,1.0
Rice,40.95,85.81,13.54,150,1.0,1.0
Potato,24.69,48.64,0.47,100,1.0,2.22
Banana,15.92,77.21,17.72,365,1.0,1.0
Onion,35.13,20.67,10.88,130,1.0,1.0
Wheat,42.54,34.71,19.62,120,1.0,1.0
Onion,40.8,54.08,15.99,130,1.0,1.0
Cotton,17.04,37.63,14.69,180,1.0,1.0
Chickpea,32.71,81.07,7.72,100,1.0,1.0
Potato,43.54,77.33,5.35,100,1.0,1.0
Cotton,44.46,89.44,0.1,180,1.0,3.47
Potato,31.84,48.73,0.96,100,1.0,2.61
Tomato,23.63,66.79,1.24,120,1.0,1.74
Maize,27.08,58.98,11.41,110,1.0,1.0
Cotton,42.59,73.11,3.81,180,1.0,1.92
Banana,34.53,27.31,0.81,365,1.0,5.22
Chickpea,20.85,79.49,13.53,100,1.0,1.0
Chickpea,20.53,30.5,0.3,100,1.0,1.77
Onion,35.76,82.63,17.07,130,1.0,1.0
Tomato,26.54,50.65,9.88,120,1.0,1.0
Onion,15.05,38.86,17.78,130,1.0,1.0
Tomato,31.29,69.77,15.29,120,1.0,1.0
Wheat,24.66,53.0,13.86,120,1.0,1.0
Potato,15.42,63.7,18.05,100,1.0,1.0
Banana,41.36,39.91,17.98,365,1.0,1.0
Rice,24.27,86.82,7.33,150,1.0,1.0
Tomato,44.06,72.94,1.46,120,1.0,3.51
Potato,21.69,86.25,5.69,100,1.0,1.0
Sugarcane,26.34,63.21,19.52,365,1.0,1.0
Chickpea,37.02,58.72,19.72,100,1.0,1.0
Wheat,18.79,54.64,7.22,120,1.0,1.0
Potato,42.16,35.97,9.12,100,1.0,1.0
Maize,40.84,21.68,18.26,110,1.0,1.0
Chickpea,28.17,46.76,13.89,100,1.0,1.0
Sugarcane,41.96,60.16,3.51,365,1.0,3.68
Potato,23.83,64.11,3.9,100,1.0,1.0
Tomato,23.71,25.38,11.24,120,1.0,1.0
Sugarcane,40.05,73.23,5.88,365,1.0,1.72
Rice,44.45,85.93,19.41,150,1.0,1.0
Tomato,33.92,28.07,15.71,120,1.0,1.0
Cotton,27.99,77.05,1.63,180,1.0,1.55
Tomato,21.74,78.42,10.18,120,1.0,1.0
Onion,36.58,35.59,2.99,130,1.0,2.39
Sugarcane,33.2,67.16,8.08,365,1.0,1.0
Maize,26.27,27.39,13.15,110,1.0,1.0
Onion,34.53,80.68,15.65,130,1.0,1.0
Potato,33.53,24.91,7.42,100,1.0,1.0
Maize,33.03,85.59,15.78,110,1.0,1.0
Sugarcane,22.54,87.44,11.53,365,1.0,1.0
Onion,36.43,74.72,2.19,130,1.0,1.85
Cotton,17.18,27.57,8.03,180,1.0,1.0
Rice,21.81,27.77,10.35,150,1.0,1.0
Rice,19.85,84.43,17.37,150,1.0,1.0
Sugarcane,42.86,42.81,1.07,365,1.0,5.73
Cotton,24.48,84.34,18.59,180,1.0,1.0
Chickpea,43.85,32.49,18.75,100,1.0,1.0
Maize,19.28,86.29,10.85,110,1.0,1.0
Sugarcane,41.75,57.1,7.32,365,1.0,1.86
Sugarcane,41.34,70.81,10.21,365,1.0,1.0
Maize,31.81,84.87,18.18,110,1.0,1.0
Cotton,43.09,24.78,11.27,180,1.0,1.0
Banana,20.13,27.86,1.14,365,1.0,2.96
Chickpea,44.5,37.51,7.68,100,1.0,1.0
Tomato,44.33,89.92,0.56,120,1.0,3.43
Onion,32.57,42.52,19.54,130,1.0,1.0
Maize,28.67,31.17,14.93,110,1.0,1.0
Onion,18.6,58.62,7.17,130,1.0,1.0
Banana,36.47,74.53,2.85,365,1.0,2.92
Wheat,42.77,42.71,0.9,120,1.0,4.32
Tomato,42.93,74.34,7.72,120,1.0,1.0
Potato,18.02,20.82,7.47,100,1.0,1.0
Chickpea,22.2,56.19,8.09,100,1.0,1.0
Maize,20.0,82.12,14.13,110,1.0,1.0
Tomato,22.62,24.04,17.74,120,1.0,1.0
Onion,39.17,86.09,17.78,130,1.0,1.0
Wheat,24.65,74.5,10.72,120,1.0,1.0
Onion,32.14,39.36,19.09,130,1.0,1.0
Tomato,24.47,53.42,18.13,120,1.0,1.0
Potato,28.6,34.38,2.87,100,1.0,1.61
Maize,20.2,84.1,4.6,110,1.0,1.0
Rice,44.19,75.34,14.21,150,1.0,1.0
Onion,20.91,35.97,19.72,130,1.0,1.0
Onion,22.8,46.36,11.01,130,1.0,1.0
Onion,32.64,79.9,15.7,130,1.0,1.0
Rice,42.97,69.51,3.81,150,1.0,3.81
Sugarcane,20.9,21.71,4.79,365,1.0,1.19
Chickpea,33.89,43.27,11.36,100,1.0,1.0
Potato,41.37,43.45,19.07,100,1.0,1.0
Onion,43.01,81.22,14.85,130,1.0,1.0
Sugarcane,26.01,36.63,0.68,365,1.0,3.53
Wheat,30.68,57.87,0.42,120,1.0,2.77
Rice,37.66,83.25,18.41,150,1.0,1.0
Potato,29.41,73.99,12.71,100,1.0,1.0
Maize,27.79,62.42,3.29,110,1.0,1.15
Wheat,21.94,56.12,0.58,120,1.0,1.99
Wheat,28.76,79.9,2.29,120,1.0,1.22
Banana,15.54,81.16,9.68,365,1.0,1.0
Tomato,34.62,39.96,7.46,120,1.0,1.0
Potato,22.16,89.24,16.79,100,1.0,1.0
Chickpea,42.21,45.78,7.0,100,1.0,1.0
Onion,40.84,47.76,12.4,130,1.0,1.0
Rice,31.59,82.03,2.18,150,1.0,2.57
Tomato,18.09,32.37,1.88,120,1.0,1.55
Maize,36.25,82.84,16.51,110,1.0,1.0
Banana,27.11,50.95,14.69,365,1.0,1.0
Chickpea,36.2,27.44,13.07,100,1.0,1.0
Tomato,19.96,77.27,16.66,120,1.0,1.0
Tomato,44.14,84.22,6.69,120,1.0,1.0
Chickpea,40.66,45.13,16.74,100,1.0,1.0
Maize,39.24,44.8,13.09,110,1.0,1.0
Chickpea,44.46,73.93,7.21,100,1.0,1.0
Onion,37.2,23.0,17.87,130,1.0,1.0
Rice,19.91,53.59,9.66,150,1.0,1.0
Chickpea,18.92,65.26,9.12,100,1.0,1.0
Maize,41.9,27.71,7.88,110,1.0,1.47
Potato,16.09,75.51,2.67,100,1.0,1.0
Maize,16.99,66.92,9.22,110,1.0,1.0
Banana,20.71,50.12,12.47,365,1.0,1.0
Wheat,31.7,66.77,17.6,120,1.0,1.0
Tomato,25.35,30.29,4.54,120,1.0,1.0
Tomato,22.5,46.95,8.68,120,1.0,1.0
Sugarcane,24.37,57.61,15.55,365,1.0,1.0
Banana,32.72,27.98,13.54,365,1.0,1.0
Wheat,15.95,43.63,13.51,120,1.0,1.0
Potato,32.81,49.56,1.26,100,1.0,2.54
Rice,24.82,63.61,16.26,150,1.0,1.0
Tomato,29.5,33.15,7.96,120,1.0,1.0
Banana,31.74,81.71,0.02,365,1.0,3.52
Cotton,28.86,24.92,18.05,180,1.0,1.0
Banana,30.89,80.99,2.21,365,1.0,2.35
Rice,29.87,27.9,16.26,150,1.0,1.0
Chickpea,15.55,77.33,19.48,100,1.0,1.0
Potato,36.09,23.25,13.5,100,1.0,1.0
Sugarcane,24.11,47.84,16.01,365,1.0,1.0
Tomato,31.62,78.58,14.14,120,1.0,1.0
Rice,34.16,47.4,12.02,150,1.0,1.0
Maize,21.58,42.93,12.61,110,1.0,1.0
Cotton,27.5,63.09,12.52,180,1.0,1.0
Tomato,17.25,27.22,5.95,120,1.0,1.0
Wheat,20.18,28.97,2.93,120,1.0,1.09
Maize,37.62,64.34,19.09,110,1.0,1.0
Rice,18.49,35.84,16.76,150,1.0,1.0
Cotton,43.41,21.05,16.04,180,1.0,1.0
Rice,32.37,83.78,7.66,150,1.0,1.0
Wheat,40.56,47.26,11.73,120,1.0,1.0
Sugarcane,16.3,58.04,11.84,365,1.0,1.0
Chickpea,26.01,29.99,3.69,100,1.0,1.0
Sugarcane,28.13,25.83,0.99,365,1.0,3.93
Sugarcane,23.17,75.76,17.65,365,1.0,1.0
Sugarcane,18.14,67.9,18.58,365,1.0,1.0
Banana,35.04,47.96,5.29,365,1.0,2.39
Tomato,24.73,79.43,15.89,120,1.0,1.0
Onion,28.61,77.54,8.15,130,1.0,1.0
Rice,36.19,64.62,5.17,150,1.0,2.27
Maize,40.51,68.79,15.01,110,1.0,1.0
Banana,19.03,32.05,9.7,365,1.0,1.0
Sugarcane,28.53,50.72,18.99,365,1.0,1.0
Onion,16.77,43.08,6.28,130,1.0,1.0
Onion,35.27,81.74,16.41,130,1.0,1.0
Tomato,22.85,21.78,6.58,120,1.0,1.0
Cotton,18.76,42.17,8.63,180,1.0,1.0
Cotton,29.37,55.28,16.42,180,1.0,1.0
Potato,20.49,37.93,18.83,100,1.0,1.0
Cotton,17.23,74.79,19.11,180,1.0,1.0
Onion,23.44,87.76,12.87,130,1.0,1.0
Maize,28.46,77.18,3.07,110,1.0,1.02
Rice,43.94,41.46,16.77,150,1.0,1.0
Chickpea,25.14,48.33,17.27,100,1.0,1.0
Cotton,25.17,42.74,4.07,180,1.0,1.0
Tomato,29.36,39.31,4.04,120,1.0,1.41
Chickpea,23.14,86.36,1.76,100,1.0,1.0
Wheat,31.87,20.21,5.41,120,1.0,1.22
Potato,26.42,51.42,5.71,100,1.0,1.0
Onion,30.3,76.62,4.12,130,1.0,1.0
Cotton,15.12,33.9,9.3,180,1.0,1.0
Maize,44.01,81.52,15.78,110,1.0,1.0
Chickpea,35.93,36.39,5.79,100,1.0,1.0
Maize,15.25,83.84,2.54,110,1.0,1.0
Rice,34.04,70.97,17.69,150,1.0,1.0
Tomato,27.36,89.87,19.67,120,1.0,1.0
Maize,38.13,82.54,18.26,110,1.0,1.0
Wheat,37.71,68.72,15.9,120,1.0,1.0
Cotton,31.72,59.01,10.11,180,1.0,1.0
Rice,39.96,22.02,12.42,150,1.0,1.0
Wheat,22.73,47.01,19.86,120,1.0,1.0
Maize,37.2,36.8,17.26,110,1.0,1.0
Onion,29.01,63.21,19.63,130,1.0,1.0
Banana,23.84,21.38,18.92,365,1.0,1.0
Tomato,17.49,24.4,15.27,120,1.0,1.0
Rice,37.43,24.03,2.15,150,1.0,5.48
Onion,35.22,85.44,18.27,130,1.0,1.0
Tomato,17.06,31.38,11.96,120,1.0,1.0
Onion,19.11,66.26,15.14,130,1.0,1.0
Tomato,41.37,36.62,6.89,120,1.0,1.61
Onion,43.15,22.84,7.51,130,1.0,1.34
Cotton,35.79,75.74,3.42,180,1.0,1.35
Maize,41.81,79.38,7.58,110,1.0,1.0
Potato,24.65,34.54,18.22,100,1.0,1.0
Banana,30.54,86.48,3.53,365,1.0,1.5
Banana,24.79,75.3,18.36,365,1.0,1.0
Sugarcane,38.95,69.15,8.14,365,1.0,1.0
Sugarcane,26.98,21.55,13.1,365,1.0,1.0
Wheat,36.28,54.23,5.39,120,1.0,1.0
Sugarcane,27.59,84.9,0.26,365,1.0,2.74
Chickpea,32.57,54.23,8.18,100,1.0,1.0
Chickpea,17.54,81.78,15.45,100,1.0,1.0
Onion,24.46,43.41,11.93,130,1.0,1.0
Chickpea,37.14,66.83,11.71,100,1.0,1.0
Rice,21.6,80.78,6.36,150,1.0,1.0
Sugarcane,19.76,58.7,8.11,365,1.0,1.0
Banana,35.97,47.56,3.73,365,1.0,3.33
Rice,30.72,45.45,8.22,150,1.0,1.0
Banana,20.49,29.82,10.95,365,1.0,1.0
Onion,39.35,51.94,16.57,130,1.0,1.0
Rice,25.63,54.15,10.09,150,1.0,1.0
Onion,31.73,84.58,13.4,130,1.0,1.0
Sugarcane,29.71,29.98,18.86,365,1.0,1.0
Tomato,36.71,40.84,10.88,120,1.0,1.0
Sugarcane,22.13,45.8,3.62,365,1.0,1.42
Wheat,16.06,54.88,9.91,120,1.0,1.0
Onion,29.47,49.66,12.73,130,1.0,1.0
Wheat,35.36,41.22,3.29,120,1.0,2.21
Banana,20.16,34.5,12.03,365,1.0,1.0
Sugarcane,44.1,58.8,14.9,365,1.0,1.0
Maize,31.55,85.75,12.66,110,1.0,1.0
Potato,35.9,52.45,4.67,100,1.0,1.08
Banana,28.89,85.16,1.78,365,1.0,2.24
Potato,35.97,38.41,0.64,100,1.0,3.43
Wheat,38.17,39.06,1.97,120,1.0,3.28
Potato,28.69,89.28,6.18,100,1.0,1.0
Rice,15.44,81.97,4.79,150,1.0,1.0
Tomato,29.82,84.56,9.84,120,1.0,1.0
Tomato,36.65,38.94,10.98,120,1.0,1.0
Sugarcane,39.89,73.45,9.25,365,1.0,1.0
Tomato,16.6,58.19,2.8,120,1.0,1.0
Banana,26.08,21.9,13.23,365,1.0,1.0
Chickpea,23.35,66.68,19.98,100,1.0,1.0
Onion,24.88,67.38,19.34,130,1.0,1.0
Potato,36.58,27.77,9.17,100,1.0,1.0
Wheat,22.53,68.51,14.77,120,1.0,1.0
Potato,18.52,74.03,7.69,100,1.0,1.0
Chickpea,37.84,21.23,16.02,100,1.0,1.0
Onion,24.07,58.6,15.33,130,1.0,1.0
Cotton,39.33,45.46,5.05,180,1.0,1.71
Cotton,15.55,23.89,11.97,180,1.0,1.0
Wheat,30.33,67.7,5.03,120,1.0,1.0
Maize,34.29,24.14,15.41,110,1.0,1.0
Wheat,24.85,61.29,13.0,120,1.0,1.0
Chickpea,26.14,62.16,16.27,100,1.0,1.0
Cotton,29.58,53.73,9.6,180,1.0,1.0
Wheat,21.81,56.17,8.42,120,1.0,1.0
Maize,24.02,26.74,9.91,110,1.0,1.0
Tomato,16.48,29.38,19.03,120,1.0,1.0
Onion,21.59,77.07,8.41,130,1.0,1.0
Sugarcane,20.77,55.46,1.69,365,1.0,2.05
Potato,17.85,62.96,15.91,100,1.0,1.0
Wheat,25.73,83.81,5.52,120,1.0,1.0
Maize,27.11,43.64,8.65,110,1.0,1.0
Wheat,25.4,62.72,11.85,120,1.0,1.0
Maize,18.62,25.13,3.6,110,1.0,1.0
Sugarcane,43.29,57.65,11.5,365,1.0,1.0
Chickpea,30.83,39.22,11.92,100,1.0,1.0
Rice,25.74,75.88,1.68,150,1.0,2.35
Tomato,20.32,64.67,3.13,120,1.0,1.0
Cotton,25.28,38.73,18.28,180,1.0,1.0
Sugarcane,25.67,83.53,13.91,365,1.0,1.0
Wheat,39.86,21.58,8.19,120,1.0,1.0
Sugarcane,28.88,82.74,6.18,365,1.0,1.0
Wheat,40.24,22.52,11.93,120,1.0,1.0
Cotton,35.75,55.77,0.82,180,1.0,3.14
Wheat,16.14,30.13,2.08,120,1.0,1.2
Maize,20.26,85.55,2.25,110,1.0,1.0
Rice,21.04,47.74,3.66,150,1.0,1.53
Sugarcane,41.47,64.62,14.58,365,1.0,1.0
Banana,22.03,41.65,7.57,365,1.0,1.0
Chickpea,35.98,30.7,6.45,100,1.0,1.0
Tomato,19.29,49.55,0.02,120,1.0,2.32
Onion,17.94,78.25,11.0,130,1.0,1.0
Banana,39.77,43.09,5.45,365,1.0,3.27
Potato,25.63,59.57,6.63,100,1.0,1.0
Cotton,21.36,20.53,8.85,180,1.0,1.0
Cotton,19.65,37.4,4.99,180,1.0,1.0
Potato,37.8,38.13,0.97,100,1.0,3.49
Banana,37.1,65.53,1.69,365,1.0,3.89
Cotton,23.21,61.72,4.41,180,1.0,1.0
Cotton,42.36,72.12,6.49,180,1.0,1.0
Onion,36.39,60.78,11.59,130,1.0,1.0
Onion,42.39,87.95,2.55,130,1.0,1.88
Banana,40.47,21.25,19.4,365,1.0,1.0
Cotton,20.68,29.42,14.36,180,1.0,1.0
Wheat,22.9,78.66,18.02,120,1.0,1.0
Sugarcane,16.25,63.28,7.47,365,1.0,1.0
Tomato,26.25,38.7,0.55,120,1.0,2.85
Cotton,37.07,33.38,9.86,180,1.0,1.0
Onion,15.48,59.62,6.49,130,1.0,1.0
Tomato,35.27,31.38,10.28,120,1.0,1.0
Sugarcane,40.92,64.87,10.01,365,1.0,1.0
Maize,18.93,37.13,13.55,110,1.0,1.0
Potato,22.05,41.24,11.31,100,1.0,1.0
Banana,22.63,83.2,3.98,365,1.0,1.0
Rice,43.47,62.85,11.54,150,1.0,1.0
Tomato,17.37,65.0,8.36,120,1.0,1.0
Sugarcane,31.45,25.13,12.61,365,1.0,1.0
Chickpea,30.32,75.03,3.87,100,1.0,1.0
Cotton,36.71,47.08,9.63,180,1.0,1.0
Tomato,35.79,59.34,10.49,120,1.0,1.0
Rice,24.54,46.17,15.49,150,1.0,1.0
Maize,25.96,79.42,0.74,110,1.0,1.94
Tomato,30.53,43.67,0.94,120,1.0,3.0
Chickpea,43.0,32.07,10.31,100,1.0,1.0
Rice,38.24,66.83,1.06,150,1.0,4.55
Chickpea,37.31,26.07,6.58,100,1.0,1.0
Sugarcane,44.61,72.12,18.77,365,1.0,1.0
Chickpea,34.02,54.36,6.07,100,1.0,1.0
Banana,15.41,51.78,0.74,365,1.0,2.26
Potato,43.39,54.48,13.29,100,1.0,1.0
Sugarcane,41.21,86.82,13.29,365,1.0,1.0
Banana,28.57,47.98,0.82,365,1.0,3.69
Banana,19.1,30.73,19.39,365,1.0,1.0
Banana,32.3,27.74,3.39,365,1.0,3.54
Maize,25.26,21.93,17.22,110,1.0,1.0
Tomato,41.89,26.23,13.23,120,1.0,1.0
Cotton,38.46,65.98,13.52,180,1.0,1.0
Wheat,36.77,70.25,17.08,120,1.0,1.0
Rice,29.76,81.79,11.5,150,1.0,1.0
Potato,41.3,71.86,10.05,100,1.0,1.0
Chickpea,20.73,80.89,13.07,100,1.0,1.0
Wheat,44.33,66.79,8.05,120,1.0,1.0
Cotton,44.22,36.36,2.89,180,1.0,3.73
Onion,24.06,52.11,6.78,130,1.0,1.0
Maize,40.47,85.06,0.7,110,1.0,3.11
Wheat,29.39,85.4,17.96,120,1.0,1.0
Banana,28.15,70.44,0.9,365,1.0,3.0
Wheat,29.26,69.21,9.58,120,1.0,1.0
Cotton,42.18,31.72,7.04,180,1.0,1.49
Rice,43.52,27.28,6.24,150,1.0,4.57
Sugarcane,39.54,31.99,6.59,365,1.0,2.79
Onion,30.61,46.03,4.34,130,1.0,1.0
Maize,16.01,23.39,10.1,110,1.0,1.0
Sugarcane,24.22,23.37,7.05,365,1.0,1.0
Onion,25.52,22.76,5.08,130,1.0,1.0
Sugarcane,36.45,26.15,7.7,365,1.0,1.88
Banana,21.8,41.24,11.59,365,1.0,1.0
Tomato,18.03,48.92,9.1,120,1.0,1.0
Tomato,16.48,67.68,19.3,120,1.0,1.0
Potato,37.63,84.1,10.28,100,1.0,1.0
Rice,35.53,25.9,2.25,150,1.0,4.99
Cotton,17.33,54.59,7.4,180,1.0,1.0
Banana,22.43,26.22,2.08,365,1.0,2.8
Potato,36.96,87.22,1.1,100,1.0,2.15
Maize,43.02,39.16,4.24,110,1.0,3.1
Cotton,32.91,30.55,4.44,180,1.0,1.6
Onion,40.88,45.88,9.45,130,1.0,1.0
Sugarcane,18.56,34.44,12.97,365,1.0,1.0
Maize,22.43,41.16,14.5,110,1.0,1.0
Chickpea,16.93,43.9,0.97,100,1.0,1.09
Onion,44.82,85.53,18.5,130,1.0,1.0
Sugarcane,42.77,59.68,0.7,365,1.0,5.23
Maize,40.56,85.2,15.86,110,1.0,1.0
Chickpea,28.84,33.6,3.86,100,1.0,1.0
Sugarcane,20.89,30.62,13.67,365,1.0,1.0
Potato,24.84,69.97,18.97,100,1.0,1.0
Cotton,30.96,84.05,15.5,180,1.0,1.0
Chickpea,23.12,55.35,10.77,100,1.0,1.0
Cotton,15.63,77.84,5.45,180,1.0,1.0
Potato,17.13,22.15,13.46,100,1.0,1.0
Banana,25.15,57.18,5.71,365,1.0,1.0
Maize,34.69,28.65,8.54,110,1.0,1.0
Sugarcane,38.75,86.47,8.45,365,1.0,1.0
Chickpea,42.36,24.26,5.94,100,1.0,1.0
Maize,19.99,65.36,7.97,110,1.0,1.0
Tomato,33.48,44.06,10.94,120,1.0,1.0
Rice,38.25,20.88,16.78,150,1.0,1.0
Banana,15.04,26.74,1.49,365,1.0,2.29
Maize,38.69,52.23,19.05,110,1.0,1.0
