crop,temperature,humidity,rainfall,area,water_requirement
Almond,24.53,87.59,9.04,1.0,1.04
Almond,20.09,70.13,0.75,1.0,1.12
Almond,39.68,89.75,8.76,1.0,1.13
Almond,29.06,67.28,6.15,1.0,1.21
Almond,27.34,88.89,9.44,1.0,1.05
Almond,32.28,50.45,4.25,1.0,1.34
Almond,28.23,50.77,5.86,1.0,1.31
Almond,33.7,80.44,9.53,1.0,1.15
Almond,16.72,47.11,4.35,1.0,1.24
Almond,29.9,79.84,3.49,1.0,1.13
Almond,36.44,29.55,1.08,1.0,1.52
Almond,15.66,50.37,4.11,1.0,1.21
Almond,19.5,51.56,1.88,1.0,1.23
Almond,33.7,36.6,10.6,1.0,1.45
Almond,39.26,87.12,1.51,1.0,1.14
Almond,38.2,73.94,3.51,1.0,1.23
Almond,35.5,68.42,2.72,1.0,1.25
Almond,36.37,88.46,5.2,1.0,1.12
Almond,19.69,64.04,1.58,1.0,1.16
Almond,22.79,35.11,10.81,1.0,1.36
Almond,20.82,49.59,10.05,1.0,1.25
Almond,39.39,55.82,3.64,1.0,1.37
Almond,24.56,39.44,11.34,1.0,1.35
Almond,31.35,38.91,7.06,1.0,1.41
Almond,26.2,71.97,8.85,1.0,1.15
Almond,25.73,60.37,3.47,1.0,1.23
Almond,15.59,73.69,9.21,1.0,1.07
Almond,30.74,64.43,6.25,1.0,1.24
Almond,21.07,44.5,9.39,1.0,1.29
Almond,31.02,63.34,11.27,1.0,1.25
Almond,33.22,65.37,2.27,1.0,1.25
Almond,37.08,39.19,5.13,1.0,1.46
Almond,24.52,89.27,13.81,1.0,1.03
Almond,31.85,88.4,2.33,1.0,1.09
Almond,39.81,40.5,2.26,1.0,1.48
Almond,25.91,29.37,11.33,1.0,1.43
Almond,25.57,82.73,12.94,1.0,1.08
Almond,19.37,88.99,3.06,1.0,1.0
Almond,29.06,78.86,10.07,1.0,1.13
Almond,32.35,24.56,9.49,1.0,1.52
Almond,23.48,70.83,14.14,1.0,1.14
Almond,26.98,70.66,12.19,1.0,1.17
Almond,19.78,33.52,3.68,1.0,1.35
Almond,35.14,88.48,3.78,1.0,1.11
Almond,32.34,54.01,13.0,1.0,1.32
Almond,15.5,75.28,0.04,1.0,1.06
Almond,38.41,33.18,0.04,1.0,1.52
Almond,25.97,76.71,2.4,1.0,1.12
Almond,34.54,47.33,3.72,1.0,1.38
Almond,20.56,68.14,6.52,1.0,1.14
Apple,22.53,58.72,0.52,1.0,1.21
Apple,36.59,70.67,5.17,1.0,1.24
Apple,20.96,64.17,8.34,1.0,1.16
Apple,23.2,50.54,7.06,1.0,1.27
Apple,33.47,60.83,14.41,1.0,1.28
Apple,18.87,53.49,8.46,1.0,1.21
Apple,30.41,23.77,0.08,1.0,1.51
Apple,30.46,21.49,4.33,1.0,1.52
Apple,17.66,76.21,3.8,1.0,1.07
Apple,20.38,25.25,4.12,1.0,1.4
Apple,23.5,60.49,2.05,1.0,1.21
Apple,36.05,42.58,6.77,1.0,1.43
Apple,26.51,63.39,2.27,1.0,1.21
Apple,31.22,36.93,1.05,1.0,1.43
Apple,32.25,20.52,2.74,1.0,1.55
Apple,38.0,41.42,3.19,1.0,1.45
Apple,37.65,61.9,1.11,1.0,1.31
Apple,18.17,83.82,0.5,1.0,1.02
Apple,29.85,70.49,3.58,1.0,1.19
Apple,31.68,37.12,2.25,1.0,1.43
Apple,16.11,61.32,5.56,1.0,1.14
Apple,24.78,41.8,11.95,1.0,1.34
Apple,18.82,77.42,13.5,1.0,1.07
Apple,39.6,29.16,9.33,1.0,1.55
Apple,16.87,36.67,10.17,1.0,1.3
Apple,39.53,51.93,5.69,1.0,1.39
Apple,18.97,60.98,9.55,1.0,1.17
Apple,23.77,79.11,12.51,1.0,1.09
Apple,29.55,50.35,5.16,1.0,1.32
Apple,23.12,62.67,8.64,1.0,1.19
Apple,25.99,65.45,3.21,1.0,1.2
Apple,15.09,59.12,7.24,1.0,1.15
Apple,23.51,77.01,13.31,1.0,1.1
Apple,38.4,75.56,3.82,1.0,1.22
Apple,22.19,72.49,2.5,1.0,1.12
Apple,17.96,30.93,8.64,1.0,1.35
Apple,16.19,53.0,2.5,1.0,1.2
Apple,31.12,85.34,11.36,1.0,1.1
Apple,24.26,46.61,4.49,1.0,1.3
Apple,30.01,71.54,13.34,1.0,1.19
Apple,37.54,36.58,13.63,1.0,1.48
Apple,24.81,82.84,0.29,1.0,1.07
Apple,20.06,34.9,0.03,1.0,1.34
Apple,38.78,29.42,12.18,1.0,1.55
Apple,38.59,54.22,3.38,1.0,1.37
Apple,33.41,70.47,13.64,1.0,1.22
Apple,33.21,46.16,1.94,1.0,1.38
Apple,31.7,30.77,5.37,1.0,1.47
Apple,36.06,32.53,12.12,1.0,1.5
Apple,24.82,51.32,12.82,1.0,1.28
Arecanut,33.89,87.9,0.62,1.0,1.1
Arecanut,27.5,83.01,8.89,1.0,1.09
Arecanut,22.94,51.72,12.83,1.0,1.26
Arecanut,33.91,55.94,4.01,1.0,1.32
Arecanut,27.93,65.17,1.12,1.0,1.21
Arecanut,38.37,30.86,7.3,1.0,1.53
Arecanut,35.02,67.46,2.85,1.0,1.25
Arecanut,16.98,70.72,4.09,1.0,1.09
Arecanut,20.99,23.93,14.83,1.0,1.42
Arecanut,19.69,69.45,8.09,1.0,1.12
Arecanut,35.52,49.38,4.37,1.0,1.38
Arecanut,16.22,32.96,4.17,1.0,1.32
Arecanut,26.38,34.43,13.93,1.0,1.4
Arecanut,36.89,64.63,8.89,1.0,1.28
Arecanut,38.19,27.21,7.63,1.0,1.56
Arecanut,39.64,42.7,3.86,1.0,1.46
Arecanut,17.66,65.65,7.3,1.0,1.13
Arecanut,39.12,41.9,13.01,1.0,1.46
Arecanut,35.63,47.81,10.53,1.0,1.39
Arecanut,21.85,73.83,12.12,1.0,1.11
Arecanut,39.68,44.97,12.24,1.0,1.44
Arecanut,38.5,56.12,10.91,1.0,1.36
Arecanut,17.9,66.69,9.47,1.0,1.13
Arecanut,17.33,40.06,1.12,1.0,1.28
Arecanut,33.19,32.34,11.07,1.0,1.47
Arecanut,30.24,39.79,13.06,1.0,1.4
Arecanut,39.59,74.11,0.34,1.0,1.24
Arecanut,26.0,68.55,0.8,1.0,1.18
Arecanut,18.52,86.53,7.64,1.0,1.01
Arecanut,36.62,39.14,7.1,1.0,1.46
Arecanut,37.34,70.64,9.33,1.0,1.25
Arecanut,24.8,77.37,12.76,1.0,1.11
Arecanut,34.17,84.27,3.61,1.0,1.13
Arecanut,21.36,40.96,7.67,1.0,1.31
Arecanut,21.65,39.97,3.66,1.0,1.32
Arecanut,17.89,57.05,5.23,1.0,1.18
Arecanut,15.26,48.21,11.07,1.0,1.22
Arecanut,18.58,70.96,8.43,1.0,1.1
Arecanut,19.62,62.75,2.54,1.0,1.16
Arecanut,38.85,83.16,13.58,1.0,1.17
Arecanut,25.72,29.66,10.6,1.0,1.42
Arecanut,25.22,73.9,3.92,1.0,1.13
Arecanut,37.78,84.03,8.21,1.0,1.16
Arecanut,20.92,67.69,10.94,1.0,1.14
Arecanut,25.64,74.96,13.4,1.0,1.13
Arecanut,27.71,46.72,2.96,1.0,1.33
Arecanut,22.24,38.58,4.41,1.0,1.34
Arecanut,24.2,51.09,3.3,1.0,1.27
Arecanut,30.26,60.91,11.04,1.0,1.26
Arecanut,17.22,23.24,0.09,1.0,1.39
Arhar,16.88,55.27,5.19,1.0,1.19
Arhar,16.47,67.24,5.12,1.0,1.11
Arhar,16.62,81.13,9.42,1.0,1.03
Arhar,29.53,37.02,6.13,1.0,1.41
Arhar,31.87,71.85,4.68,1.0,1.2
Arhar,32.71,67.35,1.12,1.0,1.23
Arhar,17.36,58.12,11.56,1.0,1.17
Arhar,28.99,31.5,10.87,1.0,1.44
Arhar,38.72,24.44,4.84,1.0,1.58
Arhar,21.4,31.74,0.37,1.0,1.37
Arhar,34.51,66.38,4.57,1.0,1.25
Arhar,22.97,89.8,3.48,1.0,1.02
Arhar,35.25,27.24,13.94,1.0,1.53
Arhar,16.3,88.25,8.19,1.0,0.98
Arhar,38.68,52.22,3.35,1.0,1.38
Arhar,39.41,66.57,11.23,1.0,1.29
Arhar,18.14,20.4,9.86,1.0,1.41
Arhar,21.42,60.17,14.3,1.0,1.19
Arhar,24.61,54.54,2.22,1.0,1.25
Arhar,33.39,50.79,7.06,1.0,1.35
Arhar,31.28,85.7,6.64,1.0,1.1
Arhar,18.5,37.6,13.57,1.0,1.31
Arhar,21.94,80.67,3.06,1.0,1.07
Arhar,30.93,79.67,2.79,1.0,1.14
Arhar,20.43,43.34,9.74,1.0,1.29
Arhar,19.97,68.11,10.27,1.0,1.13
Arhar,33.21,24.33,12.9,1.0,1.53
Arhar,30.11,50.72,3.52,1.0,1.32
Arhar,27.39,45.84,3.26,1.0,1.33
Arhar,26.2,41.36,3.49,1.0,1.35
Arhar,30.69,59.86,3.5,1.0,1.27
Arhar,23.24,43.48,6.43,1.0,1.31
Arhar,24.46,66.84,8.5,1.0,1.17
Arhar,35.5,48.9,11.74,1.0,1.38
Arhar,31.77,61.3,13.46,1.0,1.27
Arhar,24.43,58.64,3.29,1.0,1.23
Arhar,29.91,54.69,9.71,1.0,1.3
Arhar,31.89,44.26,2.65,1.0,1.38
Arhar,29.18,52.42,14.87,1.0,1.31
Arhar,33.86,81.74,11.4,1.0,1.14
Arhar,36.62,89.2,14.31,1.0,1.11
Arhar,20.56,38.1,10.61,1.0,1.32
Arhar,27.31,20.72,0.51,1.0,1.5
Arhar,16.06,38.69,6.78,1.0,1.28
Arhar,22.61,66.56,11.31,1.0,1.16
Arhar,39.38,26.02,9.64,1.0,1.57
Arhar,15.88,74.12,1.32,1.0,1.07
Arhar,17.68,67.67,5.67,1.0,1.12
Arhar,27.74,23.62,2.22,1.0,1.48
Arhar,25.64,85.77,6.1,1.0,1.06
Bajra,28.49,50.92,14.79,1.0,1.31
Bajra,29.51,88.73,11.21,1.0,1.07
Bajra,35.94,45.71,1.81,1.0,1.41
Bajra,15.15,33.71,13.62,1.0,1.3
Bajra,35.04,52.62,0.19,1.0,1.35
Bajra,17.79,53.6,11.84,1.0,1.21
Bajra,33.5,76.2,12.15,1.0,1.18
Bajra,32.79,84.21,2.2,1.0,1.12
Bajra,36.14,32.66,6.43,1.0,1.5
Bajra,36.97,21.99,4.83,1.0,1.58
Bajra,22.78,52.66,3.91,1.0,1.25
Bajra,15.61,87.65,5.47,1.0,0.98
Bajra,32.81,45.74,9.37,1.0,1.38
Bajra,28.61,21.87,14.72,1.0,1.5
Bajra,34.71,59.82,14.15,1.0,1.3
Bajra,20.38,51.01,13.39,1.0,1.24
Bajra,28.2,55.96,8.89,1.0,1.27
Bajra,17.64,60.37,11.41,1.0,1.16
Bajra,38.58,86.27,6.95,1.0,1.15
Bajra,15.19,71.03,12.2,1.0,1.08
Bajra,37.26,54.74,5.57,1.0,1.36
Bajra,32.04,57.56,2.9,1.0,1.29
Bajra,39.09,50.75,6.91,1.0,1.4
Bajra,28.84,28.36,2.63,1.0,1.46
Bajra,38.95,59.57,1.74,1.0,1.34
Bajra,21.99,68.96,5.01,1.0,1.14
Bajra,37.06,62.81,14.54,1.0,1.3
Bajra,29.77,63.45,13.91,1.0,1.24
Bajra,21.76,57.46,10.71,1.0,1.21
Bajra,32.99,41.33,3.39,1.0,1.41
Bajra,19.39,28.86,14.15,1.0,1.37
Bajra,16.02,81.22,0.22,1.0,1.02
Bajra,30.16,30.88,10.55,1.0,1.46
Bajra,32.6,42.75,14.86,1.0,1.4
Bajra,16.03,26.52,10.06,1.0,1.36
Bajra,29.46,54.36,2.68,1.0,1.3
Bajra,32.17,59.53,0.88,1.0,1.28
Bajra,27.35,24.37,5.82,1.0,1.47
Bajra,28.95,46.13,13.64,1.0,1.35
Bajra,26.59,23.74,7.87,1.0,1.47
Bajra,17.15,84.22,13.94,1.0,1.01
Bajra,33.53,83.77,1.02,1.0,1.13
Bajra,15.05,50.53,4.55,1.0,1.2
Bajra,19.21,70.21,5.1,1.0,1.11
Bajra,19.25,29.3,12.99,1.0,1.37
Bajra,20.03,29.11,3.83,1.0,1.38
Bajra,32.8,25.02,9.84,1.0,1.52
Bajra,22.58,47.84,14.82,1.0,1.28
Bajra,25.71,69.8,11.28,1.0,1.16
Bajra,25.23,60.85,0.01,1.0,1.22
Banana,29.95,57.03,8.37,1.0,1.28
Banana,37.48,72.41,7.84,1.0,1.23
Banana,17.47,74.06,6.13,1.0,1.08
Banana,33.39,75.83,9.21,1.0,1.18
Banana,23.83,80.48,4.9,1.0,1.08
Banana,34.09,56.26,5.34,1.0,1.32
Banana,21.59,23.56,8.23,1.0,1.43
Banana,39.26,77.16,8.77,1.0,1.21
Banana,39.97,65.12,3.7,1.0,1.3
Banana,32.41,78.5,9.13,1.0,1.16
Banana,34.61,55.2,3.72,1.0,1.33
Banana,38.04,21.33,1.61,1.0,1.59
Banana,20.02,24.34,5.96,1.0,1.41
Banana,39.1,25.18,1.62,1.0,1.58
Banana,30.41,74.91,11.73,1.0,1.17
Banana,22.44,71.49,2.42,1.0,1.13
Banana,24.92,82.06,1.53,1.0,1.08
Banana,22.91,25.68,13.6,1.0,1.42
Banana,24.79,57.91,13.48,1.0,1.23
Banana,39.46,34.3,6.88,1.0,1.52
Banana,19.54,51.97,8.83,1.0,1.23
Banana,31.63,31.49,6.99,1.0,1.47
Banana,20.58,83.28,6.07,1.0,1.04
Banana,20.88,85.97,7.84,1.0,1.03
Banana,29.51,41.11,7.19,1.0,1.38
Banana,17.69,32.55,7.51,1.0,1.33
Banana,18.25,29.81,8.63,1.0,1.36
Banana,18.44,66.97,0.09,1.0,1.13
Banana,15.68,20.51,5.6,1.0,1.39
Banana,24.74,71.44,8.85,1.0,1.15
Banana,22.21,78.36,8.57,1.0,1.08
Banana,23.22,84.79,6.58,1.0,1.05
Banana,34.77,54.03,13.34,1.0,1.34
Banana,17.93,47.97,14.32,1.0,1.24
Banana,34.47,81.1,14.06,1.0,1.15
Banana,39.19,43.38,9.26,1.0,1.45
Banana,21.56,47.55,3.1,1.0,1.27
Banana,39.27,37.28,14.23,1.0,1.49
Banana,28.21,40.56,7.05,1.0,1.38
Banana,30.93,66.02,3.17,1.0,1.23
Banana,35.32,31.38,9.11,1.0,1.5
Banana,35.96,76.1,4.7,1.0,1.2
Banana,17.46,57.2,7.11,1.0,1.18
Banana,29.76,69.35,14.29,1.0,1.2
Banana,18.97,30.18,6.79,1.0,1.36
Banana,22.07,46.5,9.91,1.0,1.28
Banana,24.05,84.87,4.86,1.0,1.06
Banana,37.19,82.34,9.54,1.0,1.16
Banana,28.46,68.17,11.39,1.0,1.2
Banana,16.26,33.59,4.19,1.0,1.31
Barley,18.37,28.65,7.92,1.0,1.36
Barley,27.63,31.01,11.32,1.0,1.43
Barley,16.94,51.52,5.49,1.0,1.21
Barley,23.74,21.42,6.62,1.0,1.46
Barley,28.03,38.71,4.37,1.0,1.39
Barley,23.13,38.04,9.6,1.0,1.35
Barley,29.2,86.15,6.47,1.0,1.08
Barley,26.62,65.21,10.39,1.0,1.2
Barley,18.09,36.43,4.67,1.0,1.31
Barley,32.01,25.84,11.76,1.0,1.51
Barley,38.57,50.9,11.08,1.0,1.39
Barley,36.92,53.22,2.75,1.0,1.36
Barley,28.15,34.26,14.74,1.0,1.42
Barley,29.62,86.77,6.14,1.0,1.08
Barley,17.2,84.61,1.29,1.0,1.01
Barley,36.66,46.55,13.5,1.0,1.41
Barley,29.18,67.16,11.13,1.0,1.21
Barley,38.16,65.65,1.21,1.0,1.29
Barley,36.73,88.62,3.85,1.0,1.12
Barley,37.02,56.81,5.27,1.0,1.34
Barley,35.85,50.83,4.18,1.0,1.37
Barley,19.01,63.98,14.05,1.0,1.15
Barley,23.73,40.4,7.67,1.0,1.34
Barley,27.61,70.97,12.34,1.0,1.17
Barley,16.21,32.64,0.17,1.0,1.32
Barley,25.36,58.58,8.51,1.0,1.23
Barley,24.09,20.56,2.95,1.0,1.47
Barley,34.53,48.75,6.72,1.0,1.37
Barley,33.97,26.93,4.17,1.0,1.52
Barley,21.13,30.51,10.9,1.0,1.38
Barley,19.09,66.69,10.67,1.0,1.13
Barley,39.6,83.05,10.07,1.0,1.18
Barley,24.81,28.11,5.39,1.0,1.43
Barley,25.5,64.92,10.64,1.0,1.19
Barley,16.39,62.02,6.71,1.0,1.14
Barley,25.45,54.91,3.79,1.0,1.26
Barley,31.67,70.32,11.13,1.0,1.21
Barley,36.5,85.48,4.53,1.0,1.14
Barley,35.74,87.57,12.95,1.0,1.12
Barley,18.08,60.29,10.18,1.0,1.17
Barley,19.15,49.89,2.12,1.0,1.24
Barley,31.76,72.24,10.16,1.0,1.19
Barley,29.48,84.04,13.16,1.0,1.1
Barley,26.78,56.66,6.47,1.0,1.26
Barley,31.43,83.01,12.44,1.0,1.12
Barley,28.59,52.02,2.32,1.0,1.3
Barley,29.87,75.11,4.79,1.0,1.16
Barley,22.1,41.08,8.67,1.0,1.32
Barley,34.61,70.35,3.24,1.0,1.23
Barley,36.61,72.75,2.36,1.0,1.23
Barnyard_Millet,25.64,20.71,5.42,1.0,1.48
Barnyard_Millet,19.05,53.49,11.93,1.0,1.22
Barnyard_Millet,29.12,57.07,14.68,1.0,1.27
Barnyard_Millet,37.68,41.56,8.9,1.0,1.45
Barnyard_Millet,18.3,42.06,14.6,1.0,1.28
Barnyard_Millet,15.06,48.54,8.81,1.0,1.21
Barnyard_Millet,20.36,81.69,13.0,1.0,1.05
Barnyard_Millet,28.84,53.45,5.59,1.0,1.3
Barnyard_Millet,24.75,46.6,10.96,1.0,1.31
Barnyard_Millet,28.17,88.51,12.13,1.0,1.06
Barnyard_Millet,16.91,50.12,4.78,1.0,1.22
Barnyard_Millet,27.7,48.85,8.09,1.0,1.32
Barnyard_Millet,32.46,88.77,3.71,1.0,1.09
Barnyard_Millet,35.18,59.9,5.78,1.0,1.3
Barnyard_Millet,29.12,51.46,5.01,1.0,1.31
Barnyard_Millet,16.19,84.38,0.74,1.0,1.01
Barnyard_Millet,30.57,68.81,14.17,1.0,1.21
Barnyard_Millet,15.38,29.92,5.58,1.0,1.33
Barnyard_Millet,17.3,81.49,11.59,1.0,1.03
Barnyard_Millet,33.62,26.12,1.39,1.0,1.52
Barnyard_Millet,39.91,61.93,2.02,1.0,1.33
Barnyard_Millet,26.77,34.69,5.06,1.0,1.4
Barnyard_Millet,17.49,40.62,6.82,1.0,1.28
Barnyard_Millet,15.33,59.53,7.94,1.0,1.15
Barnyard_Millet,28.83,30.02,7.69,1.0,1.45
Barnyard_Millet,33.88,55.28,9.92,1.0,1.32
Barnyard_Millet,28.4,82.02,0.42,1.0,1.1
Barnyard_Millet,39.63,55.73,5.85,1.0,1.37
Barnyard_Millet,22.99,38.23,14.24,1.0,1.35
Barnyard_Millet,19.24,47.0,1.77,1.0,1.26
Barnyard_Millet,23.2,87.24,9.9,1.0,1.04
Barnyard_Millet,15.96,79.07,1.36,1.0,1.04
Barnyard_Millet,33.05,66.18,7.87,1.0,1.24
Barnyard_Millet,17.49,36.65,6.62,1.0,1.31
Barnyard_Millet,16.73,47.53,10.85,1.0,1.23
Barnyard_Millet,15.59,52.34,7.05,1.0,1.19
Barnyard_Millet,39.84,26.57,5.46,1.0,1.58
Barnyard_Millet,31.17,72.41,5.77,1.0,1.19
Barnyard_Millet,25.76,44.14,3.98,1.0,1.33
Barnyard_Millet,29.98,30.6,1.1,1.0,1.46
Barnyard_Millet,31.15,20.79,2.39,1.0,1.53
Barnyard_Millet,32.55,55.06,4.62,1.0,1.32
Barnyard_Millet,19.08,58.79,12.04,1.0,1.18
Barnyard_Millet,26.24,72.68,6.29,1.0,1.15
Barnyard_Millet,25.65,42.77,3.24,1.0,1.34
Barnyard_Millet,18.3,49.16,11.13,1.0,1.24
Barnyard_Millet,32.68,20.01,12.53,1.0,1.55
Barnyard_Millet,35.99,85.56,10.15,1.0,1.13
Barnyard_Millet,30.69,84.73,5.94,1.0,1.1
Barnyard_Millet,35.15,35.77,0.04,1.0,1.47
Beetroot,35.09,86.11,5.82,1.0,1.12
Beetroot,38.25,21.59,11.15,1.0,1.6
Beetroot,28.76,36.3,8.32,1.0,1.41
Beetroot,16.45,52.37,1.24,1.0,1.2
Beetroot,34.41,48.87,3.57,1.0,1.37
Beetroot,37.84,26.89,4.5,1.0,1.55
Beetroot,33.09,51.44,6.06,1.0,1.34
Beetroot,32.78,77.72,10.65,1.0,1.16
Beetroot,26.87,71.4,0.61,1.0,1.16
Beetroot,28.17,76.75,8.89,1.0,1.14
Beetroot,15.27,61.96,6.78,1.0,1.13
Beetroot,17.03,77.31,12.93,1.0,1.05
Beetroot,29.47,47.33,10.55,1.0,1.34
Beetroot,24.96,74.87,8.55,1.0,1.13
Beetroot,20.79,31.16,6.81,1.0,1.37
Beetroot,27.46,23.4,6.77,1.0,1.48
Beetroot,35.64,27.84,3.15,1.0,1.53
Beetroot,29.41,52.87,13.4,1.0,1.3
Beetroot,19.12,78.86,1.23,1.0,1.06
Beetroot,20.6,36.37,0.81,1.0,1.34
Beetroot,26.67,28.63,9.72,1.0,1.44
Beetroot,19.81,47.13,5.34,1.0,1.26
Beetroot,38.46,49.47,9.12,1.0,1.4
Beetroot,21.99,24.89,12.09,1.0,1.42
Beetroot,16.78,84.44,13.17,1.0,1.01
Beetroot,23.15,76.48,10.32,1.0,1.1
Beetroot,17.93,45.53,3.79,1.0,1.26
Beetroot,26.74,26.38,0.79,1.0,1.46
Beetroot,37.23,88.24,7.32,1.0,1.12
Beetroot,32.02,38.95,4.8,1.0,1.42
Beetroot,38.97,87.15,7.21,1.0,1.14
Beetroot,18.01,87.71,8.91,1.0,1.0
Beetroot,34.0,57.24,13.64,1.0,1.31
Beetroot,32.33,22.62,5.33,1.0,1.53
Beetroot,35.22,62.3,13.66,1.0,1.29
Beetroot,21.1,22.21,5.95,1.0,1.43
Beetroot,29.47,86.68,8.16,1.0,1.08
Beetroot,35.71,65.09,2.18,1.0,1.27
Beetroot,22.95,27.1,5.11,1.0,1.42
Beetroot,38.38,20.18,9.43,1.0,1.61
Beetroot,33.33,47.9,2.31,1.0,1.37
Beetroot,22.87,68.68,2.67,1.0,1.15
Beetroot,21.96,20.27,10.05,1.0,1.45
Beetroot,38.08,42.95,14.13,1.0,1.44
Beetroot,26.67,22.98,5.02,1.0,1.48
Beetroot,32.78,39.27,2.64,1.0,1.42
Beetroot,18.1,45.04,9.26,1.0,1.26
Beetroot,19.5,30.59,11.08,1.0,1.36
Beetroot,19.33,38.72,6.69,1.0,1.31
Beetroot,17.54,40.11,12.1,1.0,1.29
Bitter_Gourd,27.52,58.32,7.11,1.0,1.25
Bitter_Gourd,20.72,69.92,8.62,1.0,1.13
Bitter_Gourd,33.22,43.8,0.46,1.0,1.4
Bitter_Gourd,31.64,26.79,10.54,1.0,1.5
Bitter_Gourd,29.28,25.03,5.08,1.0,1.49
Bitter_Gourd,39.15,52.33,11.48,1.0,1.39
Bitter_Gourd,38.04,41.14,0.07,1.0,1.46
Bitter_Gourd,37.33,56.54,4.91,1.0,1.34
Bitter_Gourd,19.84,89.02,4.39,1.0,1.0
Bitter_Gourd,33.39,56.95,14.05,1.0,1.31
Bitter_Gourd,19.19,57.67,11.26,1.0,1.19
Bitter_Gourd,25.24,37.13,1.7,1.0,1.37
Bitter_Gourd,34.31,30.91,5.57,1.0,1.49
Bitter_Gourd,32.56,59.83,11.43,1.0,1.28
Bitter_Gourd,22.79,72.2,2.75,1.0,1.13
Bitter_Gourd,21.62,31.52,6.56,1.0,1.38
Bitter_Gourd,39.12,57.24,4.6,1.0,1.35
Bitter_Gourd,20.11,42.55,14.95,1.0,1.29
Bitter_Gourd,24.28,66.91,4.51,1.0,1.17
Bitter_Gourd,16.69,30.67,10.23,1.0,1.34
Bitter_Gourd,29.88,23.34,3.1,1.0,1.5
Bitter_Gourd,23.8,48.01,13.53,1.0,1.29
Bitter_Gourd,17.43,63.06,8.94,1.0,1.14
Bitter_Gourd,25.25,66.37,9.58,1.0,1.18
Bitter_Gourd,36.48,23.79,3.18,1.0,1.56
Bitter_Gourd,26.09,82.11,10.88,1.0,1.09
Bitter_Gourd,20.76,63.63,9.36,1.0,1.17
Bitter_Gourd,23.05,70.16,6.73,1.0,1.14
Bitter_Gourd,35.94,53.46,4.58,1.0,1.35
Bitter_Gourd,34.17,73.36,13.31,1.0,1.2
Bitter_Gourd,29.58,71.8,11.66,1.0,1.18
Bitter_Gourd,26.2,71.65,7.61,1.0,1.16
Bitter_Gourd,19.85,83.82,8.96,1.0,1.03
Bitter_Gourd,15.3,75.16,4.38,1.0,1.05
Bitter_Gourd,35.89,47.46,1.85,1.0,1.39
Bitter_Gourd,15.55,46.98,1.15,1.0,1.23
Bitter_Gourd,21.17,72.52,0.93,1.0,1.11
Bitter_Gourd,15.07,82.84,11.25,1.0,1.01
Bitter_Gourd,26.29,45.71,8.74,1.0,1.33
Bitter_Gourd,17.5,42.16,7.89,1.0,1.27
Bitter_Gourd,37.15,36.62,2.07,1.0,1.48
Bitter_Gourd,31.33,45.68,13.02,1.0,1.37
Bitter_Gourd,23.12,70.6,9.05,1.0,1.14
Bitter_Gourd,39.23,55.68,5.23,1.0,1.36
Bitter_Gourd,17.06,37.0,8.91,1.0,1.3
Bitter_Gourd,35.58,88.45,14.27,1.0,1.11
Bitter_Gourd,28.99,75.29,8.93,1.0,1.15
Bitter_Gourd,29.01,69.99,14.44,1.0,1.19
Bitter_Gourd,35.9,49.2,0.68,1.0,1.38
Bitter_Gourd,27.26,56.29,6.48,1.0,1.26
Black_Pepper,29.51,80.82,0.1,1.0,1.12
Black_Pepper,29.42,64.6,3.9,1.0,1.23
Black_Pepper,24.67,42.68,6.17,1.0,1.33
Black_Pepper,33.76,61.59,11.39,1.0,1.28
Black_Pepper,36.99,41.02,0.27,1.0,1.45
Black_Pepper,17.0,55.83,2.27,1.0,1.19
Black_Pepper,22.6,68.9,4.52,1.0,1.15
Black_Pepper,16.13,75.9,12.01,1.0,1.06
Black_Pepper,19.74,81.24,1.23,1.0,1.05
Black_Pepper,20.54,70.98,5.11,1.0,1.12
Black_Pepper,24.63,80.75,6.37,1.0,1.09
Black_Pepper,32.09,51.18,8.83,1.0,1.34
Black_Pepper,21.24,73.8,11.68,1.0,1.11
Black_Pepper,39.67,41.42,13.35,1.0,1.47
Black_Pepper,30.17,27.04,6.94,1.0,1.48
Black_Pepper,28.3,21.48,4.62,1.0,1.5
Black_Pepper,26.53,48.89,6.57,1.0,1.31
Black_Pepper,18.48,38.64,13.46,1.0,1.3
Black_Pepper,31.66,79.93,1.39,1.0,1.14
Black_Pepper,30.2,31.42,0.92,1.0,1.45
Black_Pepper,15.28,84.08,11.59,1.0,1.0
Black_Pepper,35.83,77.47,11.15,1.0,1.19
Black_Pepper,25.3,50.74,6.96,1.0,1.28
Black_Pepper,21.01,53.96,11.47,1.0,1.23
Black_Pepper,38.31,68.61,6.47,1.0,1.27
Black_Pepper,31.19,53.49,13.06,1.0,1.31
Black_Pepper,38.79,26.24,9.86,1.0,1.57
Black_Pepper,29.94,87.09,10.25,1.0,1.08
Black_Pepper,15.34,72.4,10.24,1.0,1.07
Black_Pepper,15.26,81.75,7.78,1.0,1.01
Black_Pepper,29.45,26.35,5.38,1.0,1.48
Black_Pepper,25.1,30.14,0.7,1.0,1.42
Black_Pepper,32.83,47.69,12.9,1.0,1.37
Black_Pepper,17.74,65.33,1.67,1.0,1.13
Black_Pepper,18.98,78.45,1.71,1.0,1.06
Black_Pepper,26.87,80.82,5.01,1.0,1.1
Black_Pepper,33.29,53.81,14.56,1.0,1.33
Black_Pepper,19.64,74.57,8.94,1.0,1.09
Black_Pepper,21.44,73.7,8.3,1.0,1.11
Black_Pepper,28.5,77.65,9.29,1.0,1.13
Black_Pepper,33.38,83.5,1.47,1.0,1.13
Black_Pepper,15.68,42.37,4.3,1.0,1.26
Black_Pepper,22.43,68.51,2.93,1.0,1.15
Black_Pepper,17.61,83.63,7.34,1.0,1.02
Black_Pepper,39.32,45.67,6.25,1.0,1.44
Black_Pepper,39.56,25.04,10.48,1.0,1.58
Black_Pepper,22.76,36.29,14.71,1.0,1.36
Black_Pepper,18.59,43.15,1.47,1.0,1.28
Black_Pepper,26.66,31.32,9.22,1.0,1.42
Black_Pepper,35.95,34.32,2.94,1.0,1.49
Bottle_Gourd,20.16,29.89,11.15,1.0,1.37
Bottle_Gourd,27.66,53.69,8.71,1.0,1.28
Bottle_Gourd,24.55,80.1,0.26,1.0,1.09
Bottle_Gourd,17.24,81.68,1.72,1.0,1.03
Bottle_Gourd,29.95,48.74,0.6,1.0,1.34
Bottle_Gourd,20.13,24.6,2.45,1.0,1.41
Bottle_Gourd,15.45,50.47,3.61,1.0,1.21
Bottle_Gourd,21.09,83.99,5.09,1.0,1.04
Bottle_Gourd,37.6,86.52,13.73,1.0,1.14
Bottle_Gourd,27.3,70.97,1.14,1.0,1.17
Bottle_Gourd,30.06,65.0,3.19,1.0,1.23
Bottle_Gourd,17.7,66.29,10.38,1.0,1.13
Bottle_Gourd,32.87,78.25,12.39,1.0,1.16
Bottle_Gourd,30.08,71.1,14.43,1.0,1.19
Bottle_Gourd,34.62,33.1,10.22,1.0,1.48
Bottle_Gourd,16.9,42.6,1.05,1.0,1.27
Bottle_Gourd,34.46,30.21,4.12,1.0,1.5
Bottle_Gourd,17.21,55.44,7.33,1.0,1.19
Bottle_Gourd,21.05,74.32,14.45,1.0,1.1
Bottle_Gourd,33.96,34.45,5.3,1.0,1.47
Bottle_Gourd,32.04,84.14,10.76,1.0,1.12
Bottle_Gourd,21.87,76.29,5.78,1.0,1.1
Bottle_Gourd,35.69,83.46,7.81,1.0,1.15
Bottle_Gourd,16.39,64.19,8.28,1.0,1.13
Bottle_Gourd,37.7,44.26,4.33,1.0,1.43
Bottle_Gourd,22.7,31.22,3.88,1.0,1.39
Bottle_Gourd,39.02,38.54,11.73,1.0,1.48
Bottle_Gourd,35.25,57.57,4.66,1.0,1.32
Bottle_Gourd,21.97,48.11,5.3,1.0,1.27
Bottle_Gourd,27.11,24.61,14.08,1.0,1.47
Bottle_Gourd,21.65,36.78,3.93,1.0,1.34
Bottle_Gourd,30.5,44.16,2.61,1.0,1.37
Bottle_Gourd,29.9,79.74,2.14,1.0,1.13
Bottle_Gourd,38.67,28.95,1.72,1.0,1.55
Bottle_Gourd,25.07,39.93,13.05,1.0,1.35
Bottle_Gourd,38.55,30.42,1.2,1.0,1.54
Bottle_Gourd,16.91,23.37,1.15,1.0,1.38
Bottle_Gourd,21.96,72.86,10.64,1.0,1.12
Bottle_Gourd,36.39,44.57,11.95,1.0,1.42
Bottle_Gourd,38.56,37.19,4.99,1.0,1.49
Bottle_Gourd,27.11,76.51,7.83,1.0,1.13
Bottle_Gourd,22.6,45.56,2.51,1.0,1.3
Bottle_Gourd,16.33,80.67,11.91,1.0,1.03
Bottle_Gourd,34.65,34.68,14.91,1.0,1.47
Bottle_Gourd,19.78,43.21,2.33,1.0,1.29
Bottle_Gourd,23.8,36.95,11.93,1.0,1.36
Bottle_Gourd,24.62,38.01,1.65,1.0,1.36
Bottle_Gourd,19.77,60.44,3.22,1.0,1.18
Bottle_Gourd,21.29,77.53,13.7,1.0,1.08
Bottle_Gourd,22.89,82.56,8.8,1.0,1.06
Brinjal,17.96,49.44,4.77,1.0,1.23
Brinjal,24.35,82.76,10.65,1.0,1.07
Brinjal,16.06,33.35,8.3,1.0,1.31
Brinjal,17.09,88.3,13.14,1.0,0.99
Brinjal,20.69,37.91,11.48,1.0,1.33
Brinjal,17.3,31.73,5.54,1.0,1.33
Brinjal,17.86,55.07,3.45,1.0,1.2
Brinjal,29.25,43.17,6.7,1.0,1.37
Brinjal,26.48,35.53,13.36,1.0,1.39
Brinjal,31.45,22.41,4.33,1.0,1.53
Brinjal,18.65,53.63,0.38,1.0,1.21
Brinjal,34.63,20.16,10.97,1.0,1.57
Brinjal,24.19,47.97,9.07,1.0,1.29
Brinjal,31.8,89.23,13.21,1.0,1.08
Brinjal,25.24,59.78,0.66,1.0,1.23
Brinjal,18.2,78.81,11.12,1.0,1.05
Brinjal,19.99,53.92,12.43,1.0,1.22
Brinjal,25.75,49.43,15.0,1.0,1.3
Brinjal,35.3,26.97,12.68,1.0,1.53
Brinjal,35.62,26.04,4.21,1.0,1.54
Brinjal,23.5,24.88,11.99,1.0,1.43
Brinjal,31.04,26.32,0.17,1.0,1.5
Brinjal,25.81,71.67,14.09,1.0,1.15
Brinjal,26.53,39.14,13.59,1.0,1.37
Brinjal,35.24,72.61,8.35,1.0,1.22
Brinjal,38.02,85.23,12.59,1.0,1.15
Brinjal,26.92,33.65,14.04,1.0,1.41
Brinjal,21.02,52.57,5.53,1.0,1.24
Brinjal,17.27,28.85,9.59,1.0,1.35
Brinjal,35.73,29.22,4.82,1.0,1.52
Brinjal,23.68,69.23,1.5,1.0,1.15
Brinjal,28.12,79.61,14.1,1.0,1.12
Brinjal,31.01,47.12,11.24,1.0,1.36
Brinjal,35.73,66.25,9.05,1.0,1.26
Brinjal,28.65,20.53,13.77,1.0,1.51
Brinjal,34.01,46.68,9.81,1.0,1.38
Brinjal,33.79,84.42,9.9,1.0,1.13
Brinjal,19.42,71.52,5.74,1.0,1.11
Brinjal,24.05,73.82,12.62,1.0,1.13
Brinjal,38.11,67.34,3.18,1.0,1.27
Brinjal,16.1,58.05,8.17,1.0,1.16
Brinjal,33.81,51.72,10.46,1.0,1.35
Brinjal,29.48,39.68,13.37,1.0,1.39
Brinjal,23.41,83.8,0.75,1.0,1.06
Brinjal,37.01,50.34,9.09,1.0,1.38
Brinjal,15.0,44.96,0.8,1.0,1.23
Brinjal,38.57,30.11,0.65,1.0,1.54
Brinjal,34.34,44.35,10.65,1.0,1.4
Brinjal,24.11,72.34,6.92,1.0,1.14
Brinjal,36.96,37.91,12.31,1.0,1.47
Buckwheat,33.41,41.25,10.81,1.0,1.42
Buckwheat,19.71,39.95,2.0,1.0,1.31
Buckwheat,27.25,51.37,2.0,1.0,1.3
Buckwheat,22.2,72.02,7.24,1.0,1.12
Buckwheat,17.83,39.33,6.21,1.0,1.29
Buckwheat,16.85,44.68,12.74,1.0,1.25
Buckwheat,37.72,60.37,9.94,1.0,1.32
Buckwheat,18.02,67.29,3.56,1.0,1.12
Buckwheat,30.17,63.73,1.78,1.0,1.24
Buckwheat,32.7,68.97,7.01,1.0,1.22
Buckwheat,29.07,34.33,0.55,1.0,1.42
Buckwheat,26.06,65.32,8.72,1.0,1.2
Buckwheat,35.44,84.3,7.67,1.0,1.14
Buckwheat,26.43,52.5,7.93,1.0,1.28
Buckwheat,18.49,22.12,7.38,1.0,1.41
Buckwheat,36.95,45.25,2.65,1.0,1.42
Buckwheat,31.15,22.77,4.69,1.0,1.52
Buckwheat,36.19,85.34,8.45,1.0,1.14
Buckwheat,30.26,74.78,11.68,1.0,1.17
Buckwheat,35.98,61.32,3.59,1.0,1.3
Buckwheat,38.92,48.04,9.2,1.0,1.42
Buckwheat,15.72,32.9,12.38,1.0,1.31
Buckwheat,34.41,70.45,3.98,1.0,1.23
Buckwheat,28.86,75.27,6.46,1.0,1.15
Buckwheat,32.38,74.02,1.44,1.0,1.19
Buckwheat,26.75,48.88,11.35,1.0,1.31
Buckwheat,34.94,83.66,2.77,1.0,1.14
Buckwheat,39.17,60.96,1.5,1.0,1.33
Buckwheat,18.62,73.69,10.15,1.0,1.09
Buckwheat,17.9,82.79,6.4,1.0,1.03
Buckwheat,22.74,88.09,7.42,1.0,1.03
Buckwheat,20.67,46.81,8.14,1.0,1.27
Buckwheat,23.65,70.56,11.77,1.0,1.14
Buckwheat,37.06,87.85,13.84,1.0,1.12
Buckwheat,33.92,20.4,13.3,1.0,1.56
Buckwheat,36.85,66.13,1.59,1.0,1.27
Buckwheat,19.24,39.34,12.39,1.0,1.31
Buckwheat,37.77,81.29,9.35,1.0,1.17
Buckwheat,23.21,68.19,2.96,1.0,1.16
Buckwheat,16.46,30.61,12.66,1.0,1.33
Buckwheat,34.14,59.89,9.0,1.0,1.3
Buckwheat,27.86,76.62,2.17,1.0,1.14
Buckwheat,31.7,76.71,10.09,1.0,1.16
Buckwheat,24.07,23.67,11.84,1.0,1.45
Buckwheat,38.84,56.13,9.17,1.0,1.36
Buckwheat,34.54,49.45,13.58,1.0,1.37
Buckwheat,31.97,58.04,14.66,1.0,1.29
Buckwheat,29.13,57.35,11.57,1.0,1.27
Buckwheat,21.12,34.68,0.39,1.0,1.35
Buckwheat,22.53,70.1,7.12,1.0,1.14
Cabbage,33.57,73.89,3.41,1.0,1.2
Cabbage,26.85,76.12,6.23,1.0,1.13
Cabbage,16.17,25.33,12.95,1.0,1.36
Cabbage,22.81,31.52,3.98,1.0,1.39
Cabbage,37.67,74.47,13.94,1.0,1.22
Cabbage,21.18,26.82,9.01,1.0,1.4
Cabbage,21.58,88.89,11.01,1.0,1.01
Cabbage,25.51,22.8,7.49,1.0,1.47
Cabbage,19.11,72.52,10.78,1.0,1.1
Cabbage,36.87,34.83,11.18,1.0,1.49
Cabbage,32.36,70.04,7.41,1.0,1.21
Cabbage,22.06,39.26,12.08,1.0,1.33
Cabbage,21.51,45.51,13.62,1.0,1.29
Cabbage,27.77,47.61,7.45,1.0,1.33
Cabbage,19.82,88.78,2.48,1.0,1.0
Cabbage,27.22,42.02,4.57,1.0,1.36
Cabbage,35.91,36.33,2.83,1.0,1.47
Cabbage,32.27,40.98,11.67,1.0,1.41
Cabbage,18.03,45.22,11.2,1.0,1.26
Cabbage,24.97,83.31,12.67,1.0,1.07
Cabbage,33.15,21.79,11.57,1.0,1.55
Cabbage,24.07,55.47,12.82,1.0,1.24
Cabbage,36.17,41.69,6.34,1.0,1.44
Cabbage,30.73,86.8,9.09,1.0,1.09
Cabbage,15.14,58.93,6.17,1.0,1.15
Cabbage,19.01,34.48,12.6,1.0,1.33
Cabbage,20.61,72.06,14.35,1.0,1.11
Cabbage,19.0,79.54,14.87,1.0,1.05
Cabbage,21.65,56.41,12.33,1.0,1.22
Cabbage,39.54,49.65,1.58,1.0,1.41
Cabbage,37.09,66.08,3.85,1.0,1.28
Cabbage,39.57,62.21,9.46,1.0,1.32
Cabbage,23.96,71.34,7.05,1.0,1.14
Cabbage,27.55,51.62,6.5,1.0,1.3
Cabbage,20.71,70.24,8.65,1.0,1.12
Cabbage,21.68,72.21,3.97,1.0,1.12
Cabbage,24.57,40.82,6.57,1.0,1.34
Cabbage,35.77,54.33,3.5,1.0,1.35
Cabbage,37.31,47.79,2.43,1.0,1.4
Cabbage,39.95,41.47,4.41,1.0,1.47
Cabbage,21.65,88.85,13.64,1.0,1.01
Cabbage,28.65,52.27,12.15,1.0,1.3
Cabbage,39.76,48.35,3.55,1.0,1.42
Cabbage,29.77,48.09,6.25,1.0,1.34
Cabbage,28.24,73.83,2.43,1.0,1.16
Cabbage,25.17,23.93,13.39,1.0,1.46
Cabbage,15.23,23.51,9.06,1.0,1.37
Cabbage,26.71,63.26,8.44,1.0,1.21
Cabbage,31.53,81.69,1.21,1.0,1.13
Cabbage,18.44,57.18,4.61,1.0,1.19
Cardamom,32.32,34.71,4.43,1.0,1.45
Cardamom,35.93,75.65,7.89,1.0,1.2
Cardamom,31.28,39.58,13.99,1.0,1.41
Cardamom,30.82,38.89,3.81,1.0,1.41
Cardamom,35.0,26.88,5.97,1.0,1.53
Cardamom,29.2,40.78,13.02,1.0,1.38
Cardamom,36.38,59.92,9.82,1.0,1.31
Cardamom,25.12,80.16,4.93,1.0,1.09
Cardamom,38.14,52.24,10.14,1.0,1.38
Cardamom,36.26,46.63,5.62,1.0,1.4
Cardamom,38.57,37.01,11.62,1.0,1.49
Cardamom,17.95,32.1,5.04,1.0,1.34
Cardamom,35.86,80.35,14.22,1.0,1.17
Cardamom,18.05,77.46,9.75,1.0,1.06
Cardamom,21.93,43.89,11.51,1.0,1.3
Cardamom,32.06,77.97,2.94,1.0,1.16
Cardamom,31.01,25.24,5.63,1.0,1.5
Cardamom,27.52,54.7,14.28,1.0,1.28
Cardamom,34.03,58.57,4.34,1.0,1.3
Cardamom,26.24,56.59,7.06,1.0,1.25
Cardamom,23.63,33.78,9.71,1.0,1.38
Cardamom,15.43,25.27,14.99,1.0,1.36
Cardamom,19.46,70.59,10.28,1.0,1.11
Cardamom,29.65,57.42,9.27,1.0,1.28
Cardamom,39.35,33.07,12.35,1.0,1.52
Cardamom,28.27,27.45,3.17,1.0,1.46
Cardamom,21.64,79.26,5.91,1.0,1.07
Cardamom,32.54,61.51,5.5,1.0,1.27
Cardamom,38.04,66.96,12.34,1.0,1.28
Cardamom,32.31,21.89,1.84,1.0,1.54
Cardamom,29.28,30.96,4.36,1.0,1.45
Cardamom,33.41,72.66,12.98,1.0,1.2
Cardamom,19.59,34.57,14.72,1.0,1.34
Cardamom,31.73,28.3,2.85,1.0,1.49
Cardamom,28.15,20.05,2.73,1.0,1.51
Cardamom,29.39,78.99,9.95,1.0,1.13
Cardamom,24.58,78.16,6.38,1.0,1.1
Cardamom,39.28,77.52,13.1,1.0,1.21
Cardamom,39.62,76.81,0.06,1.0,1.22
Cardamom,21.49,38.43,2.43,1.0,1.33
Cardamom,28.98,57.83,14.58,1.0,1.27
Cardamom,22.08,48.23,0.31,1.0,1.27
Cardamom,39.25,52.95,12.24,1.0,1.38
Cardamom,24.31,70.58,10.5,1.0,1.15
Cardamom,38.67,28.83,10.05,1.0,1.55
Cardamom,37.3,76.1,11.88,1.0,1.21
Cardamom,23.47,22.5,1.64,1.0,1.45
Cardamom,39.98,32.37,3.19,1.0,1.54
Cardamom,18.36,89.24,3.04,1.0,0.99
Cardamom,24.32,61.45,5.14,1.0,1.21
Carrot,16.53,49.13,14.04,1.0,1.22
Carrot,21.28,31.41,6.83,1.0,1.37
Carrot,25.2,36.53,3.26,1.0,1.38
Carrot,30.38,61.69,13.34,1.0,1.25
Carrot,28.83,78.13,12.21,1.0,1.13
Carrot,32.79,62.55,2.66,1.0,1.27
Carrot,29.04,45.45,1.7,1.0,1.35
Carrot,39.36,33.47,3.31,1.0,1.52
Carrot,30.23,66.4,9.93,1.0,1.22
Carrot,21.74,41.35,2.46,1.0,1.31
Carrot,30.06,78.93,1.89,1.0,1.14
Carrot,22.07,62.58,6.86,1.0,1.18
Carrot,23.1,82.47,7.56,1.0,1.06
Carrot,17.41,54.37,6.79,1.0,1.2
Carrot,18.74,67.36,9.63,1.0,1.13
Carrot,29.13,75.88,13.07,1.0,1.15
Carrot,33.04,22.27,13.32,1.0,1.54
Carrot,20.46,20.17,2.5,1.0,1.44
Carrot,33.62,68.04,3.23,1.0,1.24
Carrot,38.68,86.97,11.11,1.0,1.14
Carrot,30.43,48.84,14.97,1.0,1.34
Carrot,16.11,55.21,7.28,1.0,1.18
Carrot,34.71,82.22,9.29,1.0,1.15
Carrot,39.61,89.79,11.8,1.0,1.13
Carrot,30.36,84.0,0.34,1.0,1.11
Carrot,27.55,59.94,3.25,1.0,1.24
Carrot,32.24,37.62,4.72,1.0,1.43
Carrot,27.3,38.24,12.01,1.0,1.38
Carrot,35.02,73.81,4.12,1.0,1.21
Carrot,39.93,28.32,4.23,1.0,1.56
Carrot,23.0,54.11,0.91,1.0,1.24
Carrot,19.84,59.09,8.58,1.0,1.19
Carrot,29.21,34.43,12.84,1.0,1.42
Carrot,30.8,71.09,9.08,1.0,1.19
Carrot,36.79,80.99,5.41,1.0,1.17
Carrot,36.76,40.53,5.55,1.0,1.45
Carrot,39.92,51.43,14.72,1.0,1.4
Carrot,34.52,57.44,10.72,1.0,1.32
Carrot,26.35,32.84,5.81,1.0,1.41
Carrot,15.45,82.9,9.64,1.0,1.01
Carrot,16.72,43.44,14.26,1.0,1.26
Carrot,39.29,43.02,1.0,1.0,1.45
Carrot,33.66,59.67,3.95,1.0,1.29
Carrot,25.53,77.04,4.24,1.0,1.12
Carrot,39.2,38.24,7.8,1.0,1.49
Carrot,29.23,53.44,11.35,1.0,1.3
Carrot,39.46,42.46,5.6,1.0,1.46
Carrot,39.82,35.79,3.52,1.0,1.51
Carrot,19.31,35.29,13.07,1.0,1.33
Carrot,31.97,56.66,0.97,1.0,1.3
Cashew,26.27,45.2,6.68,1.0,1.33
Cashew,37.94,44.0,2.36,1.0,1.44
Cashew,28.85,84.49,12.01,1.0,1.09
Cashew,27.52,62.85,12.99,1.0,1.22
Cashew,34.06,27.85,4.87,1.0,1.51
Cashew,30.11,73.83,7.46,1.0,1.17
Cashew,32.78,57.64,8.77,1.0,1.3
Cashew,15.23,57.35,11.42,1.0,1.16
Cashew,29.56,72.68,10.36,1.0,1.17
Cashew,37.08,57.73,7.6,1.0,1.33
Cashew,15.9,34.97,12.82,1.0,1.3
Cashew,20.36,45.01,13.98,1.0,1.28
Cashew,27.34,21.39,1.05,1.0,1.49
Cashew,33.32,31.72,13.71,1.0,1.48
Cashew,31.2,53.39,1.23,1.0,1.32
Cashew,25.04,28.63,9.58,1.0,1.42
Cashew,19.71,44.03,9.84,1.0,1.28
Cashew,21.84,60.16,9.99,1.0,1.2
Cashew,20.12,50.1,1.26,1.0,1.25
Cashew,31.64,73.89,5.89,1.0,1.18
Cashew,17.42,28.28,5.51,1.0,1.36
Cashew,39.9,71.75,0.52,1.0,1.26
Cashew,20.7,31.53,5.15,1.0,1.37
Cashew,28.13,72.56,3.69,1.0,1.16
Cashew,17.62,65.94,4.21,1.0,1.13
Cashew,38.87,29.75,11.49,1.0,1.54
Cashew,34.8,39.8,14.63,1.0,1.44
Cashew,19.85,83.67,6.98,1.0,1.03
Cashew,15.45,30.41,4.73,1.0,1.33
Cashew,28.84,36.34,12.94,1.0,1.41
Cashew,26.79,83.33,13.91,1.0,1.08
Cashew,15.71,88.26,13.7,1.0,0.98
Cashew,34.24,29.27,14.27,1.0,1.5
Cashew,23.67,42.9,11.0,1.0,1.32
Cashew,15.2,26.26,11.43,1.0,1.35
Cashew,37.89,31.08,14.66,1.0,1.53
Cashew,32.42,77.1,10.04,1.0,1.17
Cashew,37.63,88.23,5.55,1.0,1.13
Cashew,39.64,43.45,5.7,1.0,1.45
Cashew,18.45,34.96,3.81,1.0,1.33
Cashew,30.06,59.45,11.04,1.0,1.27
Cashew,26.78,31.29,1.68,1.0,1.42
Cashew,39.3,79.96,0.18,1.0,1.19
Cashew,15.93,69.26,14.31,1.0,1.1
Cashew,25.71,85.78,2.94,1.0,1.06
Cashew,36.97,72.91,13.25,1.0,1.23
Cashew,32.59,24.14,10.92,1.0,1.52
Cashew,23.3,79.96,7.81,1.0,1.08
Cashew,21.46,87.48,8.79,1.0,1.02
Cashew,28.52,89.79,14.09,1.0,1.05
Castor,28.53,66.25,11.4,1.0,1.21
Castor,33.78,86.76,8.01,1.0,1.11
Castor,26.64,78.14,6.15,1.0,1.12
Castor,35.48,75.83,11.46,1.0,1.2
Castor,20.55,29.2,6.26,1.0,1.38
Castor,20.45,20.23,8.08,1.0,1.44
Castor,25.29,58.3,9.57,1.0,1.24
Castor,17.51,72.16,3.99,1.0,1.09
Castor,26.99,71.9,12.38,1.0,1.16
Castor,31.99,43.36,0.17,1.0,1.39
Castor,27.78,20.27,1.81,1.0,1.5
Castor,27.74,61.1,13.24,1.0,1.24
Castor,18.37,66.72,3.44,1.0,1.13
Castor,24.55,25.37,1.74,1.0,1.44
Castor,25.71,59.75,0.64,1.0,1.23
Castor,37.37,74.39,11.41,1.0,1.22
Castor,33.9,67.78,0.46,1.0,1.24
Castor,15.8,79.49,5.58,1.0,1.03
Castor,36.69,28.29,14.5,1.0,1.53
Castor,39.69,44.84,13.59,1.0,1.44
Castor,19.31,86.21,7.5,1.0,1.02
Castor,31.26,57.57,0.45,1.0,1.29
Castor,19.83,67.42,9.56,1.0,1.14
Castor,27.22,54.18,4.51,1.0,1.28
Castor,20.41,46.86,4.09,1.0,1.27
Castor,39.45,73.15,12.38,1.0,1.24
Castor,38.55,54.07,0.53,1.0,1.37
Castor,33.58,78.89,11.21,1.0,1.16
Castor,20.91,75.83,11.19,1.0,1.09
Castor,36.68,31.4,11.11,1.0,1.51
Castor,35.79,26.82,5.98,1.0,1.54
Castor,36.17,29.09,9.03,1.0,1.52
Castor,36.6,45.41,10.57,1.0,1.41
Castor,15.37,39.3,9.25,1.0,1.27
Castor,34.62,62.03,7.51,1.0,1.28
Castor,36.9,87.26,2.18,1.0,1.13
Castor,36.17,75.04,0.99,1.0,1.21
Castor,34.77,89.27,4.37,1.0,1.1
Castor,20.55,35.03,4.03,1.0,1.34
Castor,16.5,63.86,13.58,1.0,1.13
Castor,27.47,51.69,7.92,1.0,1.3
Castor,37.38,48.57,5.47,1.0,1.4
Castor,36.49,65.74,12.43,1.0,1.27
Castor,31.86,58.58,10.28,1.0,1.29
Castor,34.64,75.25,2.99,1.0,1.19
Castor,21.44,81.16,5.21,1.0,1.06
Castor,18.56,49.32,1.91,1.0,1.24
Castor,22.02,20.88,1.31,1.0,1.45
Castor,15.63,23.68,12.54,1.0,1.37
Castor,29.1,76.41,10.29,1.0,1.15
Cauliflower,19.16,27.7,12.71,1.0,1.38
Cauliflower,18.82,29.14,9.33,1.0,1.36
Cauliflower,21.63,89.94,0.77,1.0,1.01
Cauliflower,24.94,69.75,13.63,1.0,1.16
Cauliflower,35.96,38.94,5.88,1.0,1.45
Cauliflower,34.31,79.23,13.48,1.0,1.16
Cauliflower,22.14,45.67,8.72,1.0,1.29
Cauliflower,32.62,65.29,11.36,1.0,1.25
Cauliflower,35.32,52.58,4.25,1.0,1.35
Cauliflower,17.4,54.2,2.79,1.0,1.2
Cauliflower,19.07,86.51,6.9,1.0,1.01
Cauliflower,24.04,77.25,14.4,1.0,1.1
Cauliflower,33.64,48.98,5.77,1.0,1.37
Cauliflower,39.27,40.86,10.57,1.0,1.47
Cauliflower,15.24,56.83,2.39,1.0,1.17
Cauliflower,23.38,44.98,4.02,1.0,1.31
Cauliflower,27.54,21.77,0.92,1.0,1.49
Cauliflower,16.72,23.27,13.14,1.0,1.38
Cauliflower,21.86,65.37,13.56,1.0,1.16
Cauliflower,26.82,74.56,8.45,1.0,1.14
Cauliflower,33.86,55.95,9.51,1.0,1.32
Cauliflower,39.43,88.72,13.56,1.0,1.13
Cauliflower,27.26,76.59,10.54,1.0,1.13
Cauliflower,21.38,30.46,0.86,1.0,1.38
Cauliflower,23.84,62.05,10.03,1.0,1.2
Cauliflower,22.22,64.67,7.64,1.0,1.17
Cauliflower,27.74,37.04,2.94,1.0,1.39
Cauliflower,16.7,24.03,2.03,1.0,1.38
Cauliflower,31.84,74.88,5.08,1.0,1.18
Cauliflower,24.9,47.47,11.72,1.0,1.3
Cauliflower,15.45,40.06,4.9,1.0,1.27
Cauliflower,39.83,76.31,7.5,1.0,1.22
Cauliflower,25.67,47.23,4.32,1.0,1.31
Cauliflower,38.54,78.07,9.82,1.0,1.2
Cauliflower,35.22,62.13,7.68,1.0,1.29
Cauliflower,30.25,85.16,4.26,1.0,1.1
Cauliflower,31.13,22.54,3.61,1.0,1.52
Cauliflower,22.33,73.4,1.65,1.0,1.12
Cauliflower,26.34,83.86,10.86,1.0,1.08
Cauliflower,30.81,23.43,7.82,1.0,1.51
Cauliflower,39.58,40.3,4.26,1.0,1.48
Cauliflower,31.97,25.7,14.05,1.0,1.51
Cauliflower,31.2,74.25,4.36,1.0,1.18
Cauliflower,18.0,85.91,4.98,1.0,1.01
Cauliflower,25.06,37.27,3.34,1.0,1.37
Cauliflower,33.7,60.16,14.17,1.0,1.29
Cauliflower,20.49,85.83,11.27,1.0,1.03
Cauliflower,37.45,48.87,0.76,1.0,1.4
Cauliflower,33.24,52.4,6.41,1.0,1.34
Cauliflower,24.46,47.68,10.45,1.0,1.3
Chickpea,34.42,86.53,5.67,1.0,1.12
Chickpea,39.88,89.41,7.6,1.0,1.13
Chickpea,18.97,46.48,2.15,1.0,1.26
Chickpea,39.12,68.01,5.51,1.0,1.28
Chickpea,16.49,31.3,13.05,1.0,1.33
Chickpea,31.6,51.76,12.52,1.0,1.33
Chickpea,17.65,43.72,5.45,1.0,1.26
Chickpea,33.54,86.7,8.34,1.0,1.11
Chickpea,19.15,23.26,10.78,1.0,1.4
Chickpea,32.52,49.69,11.68,1.0,1.35
Chickpea,15.29,60.58,3.29,1.0,1.14
Chickpea,25.76,64.39,3.92,1.0,1.2
Chickpea,28.17,60.77,8.12,1.0,1.24
Chickpea,18.38,67.62,6.02,1.0,1.12
Chickpea,21.12,45.44,0.54,1.0,1.28
Chickpea,17.88,81.77,5.97,1.0,1.03
Chickpea,34.48,33.71,11.16,1.0,1.48
Chickpea,35.86,25.34,3.43,1.0,1.55
Chickpea,15.75,42.19,11.8,1.0,1.26
Chickpea,34.92,23.95,9.02,1.0,1.55
Chickpea,23.44,50.23,4.76,1.0,1.27
Chickpea,32.65,55.31,6.0,1.0,1.31
Chickpea,17.1,35.82,12.87,1.0,1.31
Chickpea,27.84,37.31,14.16,1.0,1.39
Chickpea,37.21,72.83,4.18,1.0,1.23
Chickpea,23.97,60.74,6.73,1.0,1.21
Chickpea,35.27,73.65,10.11,1.0,1.21
Chickpea,39.48,34.03,10.48,1.0,1.52
Chickpea,36.28,84.15,14.92,1.0,1.14
Chickpea,15.63,72.99,7.47,1.0,1.07
Chickpea,29.09,41.29,7.91,1.0,1.38
Chickpea,34.04,38.18,10.77,1.0,1.44
Chickpea,24.69,48.4,12.77,1.0,1.29
Chickpea,21.33,66.33,14.31,1.0,1.15
Chickpea,36.9,24.45,0.9,1.0,1.56
Chickpea,28.5,57.58,14.31,1.0,1.27
Chickpea,32.18,20.58,10.26,1.0,1.54
Chickpea,20.28,45.21,11.37,1.0,1.28
Chickpea,24.25,45.71,9.67,1.0,1.31
Chickpea,26.01,80.39,12.89,1.0,1.1
Chickpea,25.29,74.08,4.35,1.0,1.13
Chickpea,31.63,29.33,8.6,1.0,1.48
Chickpea,24.12,69.65,12.65,1.0,1.15
Chickpea,27.45,77.6,11.73,1.0,1.13
Chickpea,24.76,20.91,5.63,1.0,1.47
Chickpea,32.99,55.01,3.67,1.0,1.32
Chickpea,33.08,42.94,13.48,1.0,1.4
Chickpea,36.99,89.0,5.54,1.0,1.12
Chickpea,29.06,79.45,12.87,1.0,1.13
Chickpea,15.44,35.27,8.23,1.0,1.3
Chilli,30.08,54.11,1.76,1.0,1.3
Chilli,34.52,46.89,11.54,1.0,1.39
Chilli,34.21,60.93,11.13,1.0,1.29
Chilli,25.12,69.5,0.51,1.0,1.16
Chilli,29.1,82.59,12.91,1.0,1.11
Chilli,22.2,76.25,6.0,1.0,1.1
Chilli,29.28,23.11,2.36,1.0,1.5
Chilli,28.25,63.34,8.08,1.0,1.23
Chilli,25.48,73.08,14.35,1.0,1.14
Chilli,17.32,38.25,9.97,1.0,1.3
Chilli,35.42,35.84,4.77,1.0,1.47
Chilli,25.47,27.72,14.86,1.0,1.43
Chilli,30.36,59.86,13.08,1.0,1.27
Chilli,36.27,59.6,6.33,1.0,1.31
Chilli,30.84,30.92,10.36,1.0,1.46
Chilli,33.69,85.81,12.56,1.0,1.12
Chilli,37.64,85.64,4.09,1.0,1.14
Chilli,19.0,72.14,13.21,1.0,1.1
Chilli,32.13,25.4,8.29,1.0,1.51
Chilli,18.27,45.73,2.84,1.0,1.26
Chilli,24.17,77.56,12.65,1.0,1.1
Chilli,37.26,67.41,11.38,1.0,1.27
Chilli,36.25,74.29,10.39,1.0,1.21
Chilli,37.81,61.86,4.97,1.0,1.31
Chilli,16.62,52.82,5.14,1.0,1.2
Chilli,21.89,81.69,13.46,1.0,1.06
Chilli,17.04,23.55,4.72,1.0,1.38
Chilli,31.35,77.62,4.48,1.0,1.15
Chilli,17.4,85.59,13.99,1.0,1.01
Chilli,20.57,74.39,2.63,1.0,1.1
Chilli,25.65,80.88,12.39,1.0,1.09
Chilli,33.26,43.45,14.79,1.0,1.4
Chilli,28.56,86.78,13.37,1.0,1.07
Chilli,21.14,24.51,5.71,1.0,1.42
Chilli,22.73,88.25,1.33,1.0,1.03
Chilli,17.47,65.22,5.71,1.0,1.13
Chilli,17.19,50.1,10.58,1.0,1.22
Chilli,39.98,23.23,0.97,1.0,1.6
Chilli,23.59,71.9,13.66,1.0,1.14
Chilli,27.03,25.74,1.22,1.0,1.46
Chilli,34.51,75.67,14.21,1.0,1.19
Chilli,16.64,23.59,14.49,1.0,1.38
Chilli,30.82,41.92,5.81,1.0,1.39
Chilli,23.58,55.8,7.69,1.0,1.24
Chilli,31.01,24.5,10.57,1.0,1.51
Chilli,37.64,21.82,13.26,1.0,1.59
Chilli,20.51,33.7,10.05,1.0,1.35
Chilli,36.7,77.14,14.16,1.0,1.2
Chilli,20.8,67.28,7.26,1.0,1.14
Chilli,26.43,79.25,1.3,1.0,1.11
Cluster_Bean,15.5,30.89,11.67,1.0,1.32
Cluster_Bean,33.36,70.26,12.1,1.0,1.22
Cluster_Bean,20.28,61.55,8.48,1.0,1.18
Cluster_Bean,31.2,30.67,13.78,1.0,1.47
Cluster_Bean,39.87,21.98,9.52,1.0,1.61
Cluster_Bean,23.17,78.16,9.31,1.0,1.09
Cluster_Bean,39.15,20.63,12.53,1.0,1.61
Cluster_Bean,17.94,76.55,6.1,1.0,1.07
Cluster_Bean,19.36,60.69,1.69,1.0,1.17
Cluster_Bean,34.8,57.89,11.79,1.0,1.31
Cluster_Bean,24.07,43.44,10.67,1.0,1.32
Cluster_Bean,18.19,58.58,4.52,1.0,1.18
Cluster_Bean,30.05,66.23,11.6,1.0,1.22
Cluster_Bean,32.64,27.87,5.9,1.0,1.5
Cluster_Bean,15.34,76.43,2.34,1.0,1.05
Cluster_Bean,22.11,32.5,11.23,1.0,1.37
Cluster_Bean,21.42,68.95,5.9,1.0,1.14
Cluster_Bean,38.44,85.26,8.73,1.0,1.15
Cluster_Bean,30.88,37.28,9.97,1.0,1.42
Cluster_Bean,33.54,35.37,9.38,1.0,1.46
Cluster_Bean,35.01,47.7,7.5,1.0,1.39
Cluster_Bean,20.64,30.59,12.23,1.0,1.37
Cluster_Bean,23.9,83.09,6.26,1.0,1.07
Cluster_Bean,29.32,82.91,13.14,1.0,1.11
Cluster_Bean,20.35,52.37,12.62,1.0,1.23
Cluster_Bean,28.65,66.97,5.51,1.0,1.21
Cluster_Bean,19.6,65.42,7.2,1.0,1.15
Cluster_Bean,31.38,36.25,8.63,1.0,1.43
Cluster_Bean,21.37,65.0,3.94,1.0,1.16
Cluster_Bean,38.74,67.59,12.26,1.0,1.28
Cluster_Bean,21.66,63.43,12.25,1.0,1.17
Cluster_Bean,32.42,49.93,2.58,1.0,1.35
Cluster_Bean,29.98,30.05,6.28,1.0,1.46
Cluster_Bean,29.05,25.86,3.16,1.0,1.48
Cluster_Bean,29.71,21.33,9.23,1.0,1.52
Cluster_Bean,35.8,34.94,3.83,1.0,1.48
Cluster_Bean,27.57,66.9,4.25,1.0,1.2
Cluster_Bean,23.98,83.35,3.85,1.0,1.07
Cluster_Bean,24.25,70.08,3.97,1.0,1.15
Cluster_Bean,23.34,56.24,4.06,1.0,1.23
Cluster_Bean,15.15,28.59,3.6,1.0,1.33
Cluster_Bean,35.63,62.03,12.17,1.0,1.29
Cluster_Bean,34.56,32.59,12.57,1.0,1.49
Cluster_Bean,35.41,27.06,2.08,1.0,1.53
Cluster_Bean,23.09,49.07,14.62,1.0,1.28
Cluster_Bean,30.13,51.03,2.91,1.0,1.32
Cluster_Bean,37.42,83.86,5.84,1.0,1.15
Cluster_Bean,21.67,31.81,10.69,1.0,1.37
Cluster_Bean,31.0,70.85,5.95,1.0,1.2
Cluster_Bean,32.37,87.21,3.74,1.0,1.1
Coconut,23.49,40.42,3.34,1.0,1.34
Coconut,17.22,33.98,1.62,1.0,1.32
Coconut,35.47,61.93,14.06,1.0,1.29
Coconut,34.09,21.67,4.75,1.0,1.56
Coconut,24.5,57.85,10.84,1.0,1.23
Coconut,33.08,63.36,3.78,1.0,1.26
Coconut,25.77,22.99,4.74,1.0,1.47
Coconut,21.47,60.15,5.92,1.0,1.19
Coconut,27.13,45.51,7.69,1.0,1.33
Coconut,22.07,28.68,10.92,1.0,1.4
Coconut,29.22,27.01,2.02,1.0,1.47
Coconut,30.58,46.7,6.4,1.0,1.36
Coconut,28.88,42.33,9.91,1.0,1.37
Coconut,28.7,52.32,10.53,1.0,1.3
Coconut,21.87,72.09,0.42,1.0,1.12
Coconut,37.17,28.55,14.17,1.0,1.54
Coconut,33.46,72.93,1.52,1.0,1.2
Coconut,30.71,89.75,13.84,1.0,1.07
Coconut,28.91,65.44,9.49,1.0,1.22
Coconut,23.68,27.48,12.92,1.0,1.42
Coconut,38.64,68.26,8.9,1.0,1.27
Coconut,21.9,51.05,11.5,1.0,1.25
Coconut,18.62,22.45,3.61,1.0,1.4
Coconut,39.81,36.38,2.53,1.0,1.51
Coconut,38.28,55.39,12.74,1.0,1.36
Coconut,38.86,85.9,6.58,1.0,1.15
Coconut,18.27,67.6,4.43,1.0,1.12
Coconut,21.43,49.34,10.71,1.0,1.26
Coconut,20.27,36.05,11.87,1.0,1.33
Coconut,27.46,53.25,12.85,1.0,1.29
Coconut,36.94,28.39,0.93,1.0,1.54
Coconut,16.18,43.23,6.0,1.0,1.26
Coconut,35.73,46.97,13.5,1.0,1.4
Coconut,34.12,34.32,9.97,1.0,1.47
Coconut,33.55,25.5,1.57,1.0,1.52
Coconut,24.85,64.81,0.83,1.0,1.19
Coconut,22.75,72.61,5.12,1.0,1.13
Coconut,27.68,48.41,8.3,1.0,1.32
Coconut,35.04,80.32,7.71,1.0,1.16
Coconut,26.52,48.74,10.06,1.0,1.31
Coconut,25.11,25.37,7.83,1.0,1.45
Coconut,15.39,24.81,1.97,1.0,1.36
Coconut,18.08,30.84,4.71,1.0,1.35
Coconut,24.56,51.6,2.52,1.0,1.27
Coconut,17.47,71.32,13.97,1.0,1.09
Coconut,19.96,82.29,12.3,1.0,1.04
Coconut,16.8,78.62,8.52,1.0,1.04
Coconut,19.6,84.3,7.39,1.0,1.03
Coconut,22.08,37.23,9.19,1.0,1.34
Coconut,30.29,20.99,3.64,1.0,1.52
Coffee,22.22,79.69,5.87,1.0,1.08
Coffee,33.65,46.03,3.92,1.0,1.39
Coffee,36.9,72.01,2.45,1.0,1.23
Coffee,16.22,39.49,7.26,1.0,1.28
Coffee,29.76,39.78,7.16,1.0,1.39
Coffee,35.42,85.4,1.4,1.0,1.13
Coffee,32.61,20.79,0.15,1.0,1.55
Coffee,26.4,73.73,6.75,1.0,1.14
Coffee,29.89,52.18,8.97,1.0,1.31
Coffee,37.7,76.88,11.21,1.0,1.21
Coffee,34.93,46.62,3.11,1.0,1.39
Coffee,30.94,37.39,5.14,1.0,1.42
Coffee,38.46,75.83,13.14,1.0,1.22
Coffee,38.32,63.69,13.24,1.0,1.3
Coffee,34.31,21.28,0.72,1.0,1.56
Coffee,36.83,89.18,1.47,1.0,1.11
Coffee,31.15,84.32,3.33,1.0,1.11
Coffee,17.19,88.22,14.42,1.0,0.99
Coffee,39.74,42.21,1.84,1.0,1.46
Coffee,21.45,79.05,9.09,1.0,1.07
Coffee,38.53,74.26,1.59,1.0,1.23
Coffee,23.98,57.26,14.78,1.0,1.23
Coffee,32.07,52.05,12.37,1.0,1.33
Coffee,32.11,83.81,8.64,1.0,1.12
Coffee,35.75,35.98,13.74,1.0,1.47
Coffee,38.22,78.45,6.34,1.0,1.2
Coffee,20.11,35.29,12.05,1.0,1.34
Coffee,39.55,87.83,13.49,1.0,1.14
Coffee,19.46,21.86,9.49,1.0,1.42
Coffee,24.17,87.13,4.62,1.0,1.04
Coffee,32.83,47.71,6.86,1.0,1.37
Coffee,39.8,60.33,10.5,1.0,1.34
Coffee,29.52,37.02,3.24,1.0,1.41
Coffee,19.25,74.54,1.59,1.0,1.09
Coffee,32.43,69.9,14.04,1.0,1.21
Coffee,16.25,54.14,3.0,1.0,1.19
Coffee,27.58,32.0,5.41,1.0,1.43
Coffee,35.21,31.07,0.21,1.0,1.5
Coffee,39.52,71.77,3.13,1.0,1.25
Coffee,24.76,32.97,1.11,1.0,1.39
Coffee,31.09,41.89,1.43,1.0,1.39
Coffee,35.16,86.0,5.57,1.0,1.12
Coffee,36.78,89.79,0.34,1.0,1.11
Coffee,36.87,52.16,9.18,1.0,1.37
Coffee,17.6,61.75,13.28,1.0,1.15
Coffee,17.89,22.32,9.31,1.0,1.4
Coffee,27.52,73.28,3.01,1.0,1.16
Coffee,19.7,84.74,11.91,1.0,1.03
Coffee,17.19,48.27,9.25,1.0,1.23
Coffee,36.89,46.27,0.38,1.0,1.41
Coriander,15.01,78.11,5.4,1.0,1.04
Coriander,27.56,40.14,6.84,1.0,1.37
Coriander,21.28,81.95,9.43,1.0,1.06
Coriander,21.54,27.47,14.47,1.0,1.4
Coriander,31.63,74.29,0.06,1.0,1.18
Coriander,32.55,70.31,4.69,1.0,1.21
Coriander,31.13,67.83,1.51,1.0,1.22
Coriander,39.28,23.05,10.11,1.0,1.59
Coriander,15.99,45.93,3.41,1.0,1.24
Coriander,16.75,29.44,13.4,1.0,1.34
Coriander,17.03,74.86,9.44,1.0,1.07
Coriander,38.04,48.03,3.97,1.0,1.41
Coriander,16.86,24.09,1.77,1.0,1.38
Coriander,20.66,49.85,2.37,1.0,1.25
Coriander,34.46,56.68,9.59,1.0,1.32
Coriander,15.87,73.77,13.19,1.0,1.07
Coriander,23.43,40.2,6.28,1.0,1.34
Coriander,31.42,47.69,14.06,1.0,1.36
Coriander,16.84,71.95,1.05,1.0,1.09
Coriander,24.78,35.53,4.43,1.0,1.38
Coriander,28.65,52.94,13.83,1.0,1.3
Coriander,16.22,62.27,0.87,1.0,1.14
Coriander,32.43,24.8,14.61,1.0,1.52
Coriander,18.13,39.57,3.54,1.0,1.29
Coriander,23.88,47.98,13.02,1.0,1.29
Coriander,16.86,35.04,0.9,1.0,1.31
Coriander,27.83,22.54,2.7,1.0,1.49
Coriander,32.04,27.04,1.99,1.0,1.5
Coriander,22.29,55.8,5.32,1.0,1.23
Coriander,21.76,56.78,6.59,1.0,1.22
Coriander,28.52,38.78,0.28,1.0,1.39
Coriander,39.68,48.67,6.81,1.0,1.42
Coriander,21.4,35.33,9.03,1.0,1.35
Coriander,33.3,53.47,0.2,1.0,1.33
Coriander,37.48,66.01,11.89,1.0,1.28
Coriander,16.23,47.22,1.58,1.0,1.23
Coriander,27.41,49.09,7.52,1.0,1.31
Coriander,29.09,83.95,0.65,1.0,1.1
Coriander,38.63,75.37,7.84,1.0,1.22
Coriander,38.23,66.66,7.13,1.0,1.28
Coriander,36.02,20.76,5.94,1.0,1.58
Coriander,35.35,63.39,7.84,1.0,1.28
Coriander,21.41,53.37,0.86,1.0,1.24
Coriander,16.82,20.78,5.01,1.0,1.4
Coriander,17.74,39.72,11.02,1.0,1.29
Coriander,25.99,64.31,12.28,1.0,1.2
Coriander,39.67,56.01,13.19,1.0,1.37
Coriander,22.8,34.47,9.28,1.0,1.37
Coriander,16.79,83.25,12.78,1.0,1.02
Coriander,31.49,74.42,5.89,1.0,1.18
Cotton,28.46,24.29,2.18,1.0,1.48
Cotton,22.44,51.01,5.12,1.0,1.26
Cotton,20.46,87.95,2.77,1.0,1.01
Cotton,35.33,39.62,5.22,1.0,1.44
Cotton,16.19,44.25,10.37,1.0,1.25
Cotton,25.47,21.28,10.13,1.0,1.48
Cotton,18.13,38.14,9.93,1.0,1.3
Cotton,34.96,22.28,1.97,1.0,1.56
Cotton,30.95,61.16,14.0,1.0,1.26
Cotton,31.49,81.05,7.71,1.0,1.13
Cotton,28.84,72.97,2.2,1.0,1.17
Cotton,36.99,37.18,8.56,1.0,1.48
Cotton,38.86,33.19,4.29,1.0,1.52
Cotton,24.4,66.41,3.6,1.0,1.18
Cotton,23.66,83.05,1.3,1.0,1.07
Cotton,37.41,36.62,6.15,1.0,1.48
Cotton,22.72,61.69,4.59,1.0,1.19
Cotton,29.38,39.39,3.66,1.0,1.39
Cotton,28.37,61.66,1.39,1.0,1.24
Cotton,22.31,35.02,13.45,1.0,1.36
Cotton,36.12,75.85,6.9,1.0,1.2
Cotton,21.31,42.41,8.39,1.0,1.3
Cotton,20.66,62.82,14.48,1.0,1.17
Cotton,34.04,71.04,3.96,1.0,1.22
Cotton,18.07,50.85,12.71,1.0,1.22
Cotton,20.26,62.22,0.72,1.0,1.17
Cotton,20.84,58.37,0.11,1.0,1.2
Cotton,23.22,55.73,0.63,1.0,1.24
Cotton,15.45,80.44,1.41,1.0,1.02
Cotton,34.11,63.33,12.91,1.0,1.27
Cotton,27.92,55.23,5.71,1.0,1.28
Cotton,30.59,75.32,13.98,1.0,1.16
Cotton,27.79,45.56,14.3,1.0,1.34
Cotton,34.33,47.49,8.42,1.0,1.38
Cotton,39.94,27.97,1.46,1.0,1.57
Cotton,24.96,27.59,14.32,1.0,1.43
Cotton,36.8,57.78,4.51,1.0,1.33
Cotton,18.26,41.51,9.92,1.0,1.28
Cotton,38.95,58.06,4.51,1.0,1.35
Cotton,36.48,60.78,10.73,1.0,1.31
Cotton,22.44,39.82,8.75,1.0,1.33
Cotton,29.42,59.75,12.28,1.0,1.26
Cotton,36.9,46.81,7.18,1.0,1.41
Cotton,30.34,83.61,6.83,1.0,1.11
Cotton,38.8,71.17,10.17,1.0,1.25
Cotton,19.02,50.17,3.21,1.0,1.24
Cotton,36.91,27.95,11.17,1.0,1.54
Cotton,18.45,25.47,4.51,1.0,1.38
Cotton,35.2,20.51,12.79,1.0,1.57
Cotton,18.46,53.32,6.08,1.0,1.21
Cucumber,23.41,23.28,14.54,1.0,1.44
Cucumber,16.18,41.59,5.47,1.0,1.27
Cucumber,36.89,49.56,8.07,1.0,1.39
Cucumber,38.69,86.13,11.75,1.0,1.15
Cucumber,25.86,88.51,7.95,1.0,1.04
Cucumber,26.59,50.33,7.91,1.0,1.3
Cucumber,19.96,68.27,11.6,1.0,1.13
Cucumber,31.42,46.56,4.51,1.0,1.36
Cucumber,35.5,70.48,6.08,1.0,1.23
Cucumber,24.57,60.74,12.33,1.0,1.21
Cucumber,22.56,35.77,3.8,1.0,1.36
Cucumber,23.06,25.04,11.69,1.0,1.43
Cucumber,18.87,86.92,10.23,1.0,1.01
Cucumber,35.37,62.73,2.11,1.0,1.29
Cucumber,35.7,55.57,8.15,1.0,1.34
Cucumber,34.15,71.1,3.5,1.0,1.22
Cucumber,35.26,49.86,9.41,1.0,1.37
Cucumber,23.64,40.8,4.13,1.0,1.33
Cucumber,36.87,29.64,12.75,1.0,1.53
Cucumber,29.0,58.14,1.94,1.0,1.27
Cucumber,23.45,54.37,1.05,1.0,1.25
Cucumber,35.79,79.43,3.84,1.0,1.17
Cucumber,38.85,46.95,1.41,1.0,1.42
Cucumber,25.49,37.02,6.59,1.0,1.37
Cucumber,39.89,82.79,13.81,1.0,1.18
Cucumber,35.6,70.39,12.35,1.0,1.23
Cucumber,24.43,21.78,5.91,1.0,1.46
Cucumber,36.41,55.85,8.04,1.0,1.34
Cucumber,25.34,49.64,14.83,1.0,1.29
Cucumber,16.1,85.03,13.33,1.0,1.0
Cucumber,39.8,64.78,0.24,1.0,1.31
Cucumber,26.65,72.03,8.79,1.0,1.16
Cucumber,23.37,65.29,8.98,1.0,1.18
Cucumber,26.42,84.85,9.48,1.0,1.07
Cucumber,18.3,25.68,3.08,1.0,1.38
Cucumber,16.98,63.87,6.72,1.0,1.14
Cucumber,29.44,69.95,9.89,1.0,1.19
Cucumber,26.91,75.66,2.68,1.0,1.14
Cucumber,26.06,64.61,8.88,1.0,1.2
Cucumber,22.1,87.65,11.87,1.0,1.03
Cucumber,22.67,55.96,12.75,1.0,1.23
Cucumber,36.52,66.8,10.07,1.0,1.27
Cucumber,19.85,64.61,2.4,1.0,1.15
Cucumber,18.26,65.38,13.26,1.0,1.14
Cucumber,36.9,33.77,1.65,1.0,1.5
Cucumber,37.29,70.25,5.19,1.0,1.25
Cucumber,22.93,54.16,10.05,1.0,1.24
Cucumber,34.49,78.43,13.21,1.0,1.17
Cucumber,26.99,85.55,9.67,1.0,1.07
Cucumber,35.8,29.05,8.29,1.0,1.52
Cumin,37.59,78.5,9.77,1.0,1.19
Cumin,23.17,85.66,11.18,1.0,1.05
Cumin,22.79,60.34,14.28,1.0,1.2
Cumin,34.42,65.85,5.7,1.0,1.26
Cumin,39.35,35.58,8.04,1.0,1.51
Cumin,30.58,31.27,14.75,1.0,1.46
Cumin,38.63,63.52,5.24,1.0,1.31
Cumin,25.18,67.16,11.28,1.0,1.18
Cumin,22.22,48.29,14.38,1.0,1.27
Cumin,31.12,69.2,1.49,1.0,1.21
Cumin,25.98,31.47,0.47,1.0,1.42
Cumin,23.4,73.13,5.99,1.0,1.13
Cumin,30.9,75.49,9.9,1.0,1.17
Cumin,38.77,50.73,14.35,1.0,1.4
Cumin,29.31,69.3,4.55,1.0,1.2
Cumin,26.56,51.5,6.82,1.0,1.29
Cumin,31.32,39.59,8.07,1.0,1.41
Cumin,24.26,82.62,14.35,1.0,1.07
Cumin,27.29,31.09,7.16,1.0,1.43
Cumin,23.58,42.14,5.4,1.0,1.33
Cumin,31.98,32.47,1.98,1.0,1.46
Cumin,23.46,69.91,3.78,1.0,1.15
Cumin,18.64,60.55,4.98,1.0,1.17
Cumin,33.78,62.66,1.73,1.0,1.27
Cumin,16.88,23.25,5.41,1.0,1.38
Cumin,29.5,20.75,0.96,1.0,1.52
Cumin,27.02,74.81,2.28,1.0,1.14
Cumin,26.33,23.81,9.38,1.0,1.47
Cumin,29.8,25.57,2.24,1.0,1.49
Cumin,22.55,52.07,14.7,1.0,1.25
Cumin,26.76,88.48,5.88,1.0,1.05
Cumin,27.53,43.61,6.88,1.0,1.35
Cumin,37.57,51.82,10.05,1.0,1.38
Cumin,30.17,28.09,9.01,1.0,1.48
Cumin,21.55,34.98,9.41,1.0,1.35
Cumin,39.5,24.19,3.92,1.0,1.59
Cumin,23.62,41.13,9.86,1.0,1.33
Cumin,29.97,22.98,1.37,1.0,1.51
Cumin,33.93,37.18,6.15,1.0,1.45
Cumin,37.36,82.96,14.71,1.0,1.16
Cumin,34.89,30.19,13.61,1.0,1.5
Cumin,22.25,84.76,14.56,1.0,1.04
Cumin,36.36,51.28,14.19,1.0,1.37
Cumin,19.55,81.6,11.53,1.0,1.05
Cumin,20.43,30.02,7.24,1.0,1.37
Cumin,38.57,89.21,6.21,1.0,1.13
Cumin,24.71,78.87,10.56,1.0,1.1
Cumin,25.57,88.77,13.24,1.0,1.04
Cumin,26.88,42.4,5.48,1.0,1.35
Cumin,31.94,50.1,12.4,1.0,1.34
Custard_Apple,36.8,82.23,11.69,1.0,1.16
Custard_Apple,27.74,48.38,1.21,1.0,1.32
Custard_Apple,22.99,44.06,13.86,1.0,1.31
Custard_Apple,27.32,62.28,7.13,1.0,1.23
Custard_Apple,18.06,56.4,2.12,1.0,1.19
Custard_Apple,19.46,29.45,5.94,1.0,1.37
Custard_Apple,27.84,25.27,2.72,1.0,1.47
Custard_Apple,37.45,22.98,2.0,1.0,1.58
Custard_Apple,39.15,76.28,9.59,1.0,1.22
Custard_Apple,29.72,51.74,5.84,1.0,1.31
Custard_Apple,16.11,70.93,13.05,1.0,1.09
Custard_Apple,18.22,81.03,12.39,1.0,1.04
Custard_Apple,23.31,42.8,1.68,1.0,1.32
Custard_Apple,16.5,69.81,7.34,1.0,1.1
Custard_Apple,31.09,34.43,3.02,1.0,1.44
Custard_Apple,37.93,43.07,0.77,1.0,1.44
Custard_Apple,36.95,45.73,1.94,1.0,1.42
Custard_Apple,34.11,31.73,6.43,1.0,1.49
Custard_Apple,18.7,78.75,13.14,1.0,1.06
Custard_Apple,36.93,86.79,2.32,1.0,1.13
Custard_Apple,23.55,65.81,1.93,1.0,1.17
Custard_Apple,18.45,80.39,1.49,1.0,1.05
Custard_Apple,18.66,26.18,0.05,1.0,1.38
Custard_Apple,32.35,87.6,7.45,1.0,1.09
Custard_Apple,23.52,78.13,0.79,1.0,1.1
Custard_Apple,31.73,53.39,2.39,1.0,1.32
Custard_Apple,25.81,24.13,7.89,1.0,1.46
Custard_Apple,34.57,77.95,3.85,1.0,1.18
Custard_Apple,15.87,47.86,4.59,1.0,1.22
Custard_Apple,34.35,38.59,8.53,1.0,1.44
Custard_Apple,29.07,41.05,7.67,1.0,1.38
Custard_Apple,29.99,25.48,14.9,1.0,1.49
Custard_Apple,16.93,31.65,0.38,1.0,1.33
Custard_Apple,23.24,31.76,13.74,1.0,1.39
Custard_Apple,20.22,25.0,9.52,1.0,1.4
Custard_Apple,16.57,28.72,11.61,1.0,1.35
Custard_Apple,25.89,21.22,8.12,1.0,1.48
Custard_Apple,37.55,68.37,9.44,1.0,1.26
Custard_Apple,24.6,44.95,13.05,1.0,1.32
Custard_Apple,37.37,20.52,0.61,1.0,1.59
Custard_Apple,19.37,81.92,6.55,1.0,1.04
Custard_Apple,33.22,66.79,4.01,1.0,1.24
Custard_Apple,22.5,47.74,3.3,1.0,1.28
Custard_Apple,38.69,22.84,13.12,1.0,1.59
Custard_Apple,36.9,60.1,1.11,1.0,1.32
Custard_Apple,39.62,42.29,1.87,1.0,1.46
Custard_Apple,39.16,68.45,11.07,1.0,1.27
Custard_Apple,26.79,83.98,14.68,1.0,1.08
Custard_Apple,16.56,85.46,9.35,1.0,1.0
Custard_Apple,36.25,44.11,0.25,1.0,1.42
Dragon_Fruit,16.87,34.04,3.98,1.0,1.32
Dragon_Fruit,19.18,40.04,4.81,1.0,1.3
Dragon_Fruit,39.45,49.79,7.86,1.0,1.41
Dragon_Fruit,32.06,22.74,8.51,1.0,1.53
Dragon_Fruit,30.15,55.76,0.26,1.0,1.29
Dragon_Fruit,19.11,31.0,9.41,1.0,1.36
Dragon_Fruit,19.35,21.18,2.28,1.0,1.42
Dragon_Fruit,15.52,46.74,13.12,1.0,1.23
Dragon_Fruit,28.88,64.6,3.95,1.0,1.22
Dragon_Fruit,24.56,48.52,1.48,1.0,1.29
Dragon_Fruit,39.83,47.31,10.26,1.0,1.43
Dragon_Fruit,21.78,24.87,2.99,1.0,1.42
Dragon_Fruit,22.32,32.38,3.72,1.0,1.38
Dragon_Fruit,39.93,85.09,0.7,1.0,1.16
Dragon_Fruit,18.25,87.07,6.27,1.0,1.0
Dragon_Fruit,18.68,49.55,14.65,1.0,1.24
Dragon_Fruit,25.56,36.31,9.23,1.0,1.38
Dragon_Fruit,15.04,87.37,14.85,1.0,0.98
Dragon_Fruit,28.29,37.87,10.69,1.0,1.39
Dragon_Fruit,29.26,23.57,14.06,1.0,1.5
Dragon_Fruit,27.51,86.62,6.98,1.0,1.07
Dragon_Fruit,24.91,53.93,13.89,1.0,1.26
Dragon_Fruit,27.22,72.15,10.93,1.0,1.16
Dragon_Fruit,34.24,85.84,13.0,1.0,1.12
Dragon_Fruit,33.28,59.94,5.42,1.0,1.29
Dragon_Fruit,27.39,45.9,10.04,1.0,1.33
Dragon_Fruit,25.71,52.19,13.57,1.0,1.28
Dragon_Fruit,26.01,58.85,11.95,1.0,1.24
Dragon_Fruit,26.98,84.95,4.8,1.0,1.08
Dragon_Fruit,21.63,24.35,11.35,1.0,1.42
Dragon_Fruit,26.19,63.23,11.49,1.0,1.21
Dragon_Fruit,26.02,32.21,6.93,1.0,1.41
Dragon_Fruit,38.37,70.85,4.76,1.0,1.25
Dragon_Fruit,34.36,33.36,4.53,1.0,1.48
Dragon_Fruit,26.49,43.13,12.4,1.0,1.34
Dragon_Fruit,29.2,71.03,14.16,1.0,1.18
Dragon_Fruit,27.26,59.66,7.19,1.0,1.24
Dragon_Fruit,15.6,29.91,7.33,1.0,1.33
Dragon_Fruit,34.5,64.73,10.02,1.0,1.27
Dragon_Fruit,38.22,82.13,1.95,1.0,1.17
Dragon_Fruit,37.8,72.58,1.57,1.0,1.24
Dragon_Fruit,30.55,62.2,9.09,1.0,1.25
Dragon_Fruit,28.86,86.66,9.08,1.0,1.08
Dragon_Fruit,33.14,61.6,2.17,1.0,1.28
Dragon_Fruit,34.26,53.21,1.83,1.0,1.34
Dragon_Fruit,22.31,67.93,7.01,1.0,1.15
Dragon_Fruit,26.45,67.26,14.21,1.0,1.19
Dragon_Fruit,24.77,21.72,4.28,1.0,1.47
Dragon_Fruit,18.15,34.4,0.44,1.0,1.33
Dragon_Fruit,35.57,25.61,9.93,1.0,1.54
Fenugreek,16.94,49.03,9.8,1.0,1.23
Fenugreek,25.95,71.05,0.93,1.0,1.16
Fenugreek,21.01,26.09,7.24,1.0,1.4
Fenugreek,15.95,26.18,14.8,1.0,1.36
Fenugreek,38.77,79.95,3.57,1.0,1.19
Fenugreek,21.1,73.47,10.44,1.0,1.11
Fenugreek,37.92,56.55,2.66,1.0,1.35
Fenugreek,38.8,66.72,4.81,1.0,1.28
Fenugreek,33.22,51.58,11.69,1.0,1.34
Fenugreek,37.13,65.96,6.99,1.0,1.28
Fenugreek,29.11,72.1,11.35,1.0,1.18
Fenugreek,28.61,53.91,4.99,1.0,1.29
Fenugreek,34.45,73.77,7.71,1.0,1.2
Fenugreek,21.24,57.4,14.82,1.0,1.21
Fenugreek,29.37,71.75,12.29,1.0,1.18
Fenugreek,32.96,43.91,7.34,1.0,1.39
Fenugreek,37.38,70.92,2.92,1.0,1.24
Fenugreek,33.68,45.39,13.31,1.0,1.39
Fenugreek,30.14,61.66,7.27,1.0,1.25
Fenugreek,37.88,52.75,14.26,1.0,1.37
Fenugreek,21.47,74.35,8.78,1.0,1.1
Fenugreek,29.43,50.75,0.46,1.0,1.32
Fenugreek,35.93,32.79,12.3,1.0,1.5
Fenugreek,37.09,51.33,14.53,1.0,1.38
Fenugreek,18.79,56.79,11.5,1.0,1.19
Fenugreek,32.04,76.73,10.95,1.0,1.17
Fenugreek,32.91,25.86,14.39,1.0,1.52
Fenugreek,30.7,47.57,6.84,1.0,1.35
Fenugreek,34.12,44.49,0.73,1.0,1.4
Fenugreek,16.27,78.98,4.63,1.0,1.04
Fenugreek,33.73,50.96,5.23,1.0,1.35
Fenugreek,39.78,89.22,12.29,1.0,1.13
Fenugreek,33.58,33.58,2.32,1.0,1.47
Fenugreek,21.15,75.85,4.44,1.0,1.09
Fenugreek,23.56,85.92,0.22,1.0,1.05
Fenugreek,20.6,73.77,6.67,1.0,1.1
Fenugreek,24.75,45.07,7.78,1.0,1.32
Fenugreek,23.34,33.4,14.42,1.0,1.38
Fenugreek,35.81,65.55,10.08,1.0,1.27
Fenugreek,20.33,29.28,4.44,1.0,1.38
Fenugreek,33.34,25.21,3.98,1.0,1.52
Fenugreek,37.37,47.96,3.99,1.0,1.4
Fenugreek,20.0,68.83,8.1,1.0,1.13
Fenugreek,22.17,74.95,14.31,1.0,1.11
Fenugreek,33.37,85.09,14.8,1.0,1.12
Fenugreek,16.73,55.02,2.58,1.0,1.19
Fenugreek,26.05,25.23,2.83,1.0,1.46
Fenugreek,15.93,50.19,11.05,1.0,1.21
Fenugreek,25.22,46.43,5.28,1.0,1.31
Fenugreek,22.89,47.59,10.15,1.0,1.28
Field_Pea,27.15,53.83,12.14,1.0,1.28
Field_Pea,25.59,77.53,11.83,1.0,1.11
Field_Pea,35.56,70.36,10.55,1.0,1.23
Field_Pea,22.41,86.98,13.04,1.0,1.03
Field_Pea,38.81,48.9,14.88,1.0,1.41
Field_Pea,21.65,79.27,8.44,1.0,1.07
Field_Pea,18.56,61.59,5.0,1.0,1.16
Field_Pea,28.89,59.85,3.84,1.0,1.25
Field_Pea,19.23,21.54,1.55,1.0,1.42
Field_Pea,22.18,46.98,1.74,1.0,1.28
Field_Pea,30.15,41.53,13.77,1.0,1.39
Field_Pea,22.06,86.86,5.41,1.0,1.03
Field_Pea,31.53,67.55,7.61,1.0,1.22
Field_Pea,36.05,57.67,8.69,1.0,1.33
Field_Pea,34.85,34.73,7.44,1.0,1.47
Field_Pea,25.58,45.57,3.54,1.0,1.32
Field_Pea,22.97,74.64,0.14,1.0,1.11
Field_Pea,37.98,41.72,10.06,1.0,1.45
Field_Pea,22.59,86.12,4.2,1.0,1.04
Field_Pea,31.29,52.96,6.16,1.0,1.32
Field_Pea,29.08,60.03,0.79,1.0,1.25
Field_Pea,22.38,35.73,13.36,1.0,1.36
Field_Pea,33.62,62.25,10.96,1.0,1.28
Field_Pea,15.76,45.49,12.05,1.0,1.24
Field_Pea,15.93,61.98,13.53,1.0,1.14
Field_Pea,35.01,28.65,8.27,1.0,1.52
Field_Pea,24.78,71.79,11.5,1.0,1.15
Field_Pea,24.31,87.36,14.04,1.0,1.04
Field_Pea,22.8,76.62,8.81,1.0,1.1
Field_Pea,35.52,78.11,0.71,1.0,1.18
Field_Pea,30.09,20.77,1.99,1.0,1.52
Field_Pea,32.37,40.8,7.09,1.0,1.41
Field_Pea,35.63,67.99,8.88,1.0,1.25
Field_Pea,15.78,29.48,7.26,1.0,1.33
Field_Pea,18.64,67.33,3.34,1.0,1.13
Field_Pea,39.86,32.94,4.85,1.0,1.53
Field_Pea,38.74,26.22,6.82,1.0,1.57
Field_Pea,24.6,40.01,1.92,1.0,1.35
Field_Pea,17.36,26.62,11.98,1.0,1.37
Field_Pea,31.43,46.22,6.72,1.0,1.37
Field_Pea,33.27,73.63,8.36,1.0,1.2
Field_Pea,33.4,60.93,10.82,1.0,1.28
Field_Pea,32.93,45.73,13.61,1.0,1.38
Field_Pea,22.13,42.92,6.27,1.0,1.31
Field_Pea,16.48,81.32,13.19,1.0,1.03
Field_Pea,23.98,50.49,0.69,1.0,1.28
Field_Pea,21.83,20.53,6.88,1.0,1.45
Field_Pea,26.22,89.76,11.84,1.0,1.04
Field_Pea,34.4,82.49,9.54,1.0,1.14
Field_Pea,34.08,85.76,6.03,1.0,1.12
Foxtail_Millet,22.23,53.56,10.4,1.0,1.24
Foxtail_Millet,23.11,70.14,10.97,1.0,1.14
Foxtail_Millet,38.31,81.03,2.59,1.0,1.18
Foxtail_Millet,37.76,31.97,9.74,1.0,1.52
Foxtail_Millet,22.41,44.46,9.84,1.0,1.3
Foxtail_Millet,31.56,85.79,10.1,1.0,1.1
Foxtail_Millet,36.08,67.94,9.11,1.0,1.26
Foxtail_Millet,37.57,87.11,4.22,1.0,1.13
Foxtail_Millet,28.13,30.69,3.38,1.0,1.44
Foxtail_Millet,21.99,38.27,11.61,1.0,1.34
Foxtail_Millet,22.19,84.8,11.99,1.0,1.04
Foxtail_Millet,17.46,56.16,1.91,1.0,1.19
Foxtail_Millet,23.57,53.92,0.35,1.0,1.25
Foxtail_Millet,33.96,45.06,11.29,1.0,1.39
Foxtail_Millet,39.19,61.64,6.48,1.0,1.32
Foxtail_Millet,37.11,47.0,15.0,1.0,1.41
Foxtail_Millet,26.51,55.71,14.46,1.0,1.26
Foxtail_Millet,24.39,45.14,12.15,1.0,1.31
Foxtail_Millet,36.56,42.19,4.64,1.0,1.44
Foxtail_Millet,37.33,33.47,10.51,1.0,1.5
Foxtail_Millet,25.34,63.64,14.55,1.0,1.2
Foxtail_Millet,31.97,82.16,14.81,1.0,1.13
Foxtail_Millet,17.26,50.76,14.98,1.0,1.22
Foxtail_Millet,30.13,31.86,10.34,1.0,1.45
Foxtail_Millet,22.44,66.6,6.0,1.0,1.16
Foxtail_Millet,25.05,86.7,5.82,1.0,1.05
Foxtail_Millet,19.05,25.37,1.86,1.0,1.39
Foxtail_Millet,30.37,23.84,5.56,1.0,1.51
Foxtail_Millet,34.43,71.78,1.44,1.0,1.22
Foxtail_Millet,17.88,72.34,11.59,1.0,1.09
Foxtail_Millet,16.5,35.13,2.18,1.0,1.31
Foxtail_Millet,28.5,40.98,8.46,1.0,1.38
Foxtail_Millet,25.39,23.39,14.02,1.0,1.46
Foxtail_Millet,20.29,84.65,1.88,1.0,1.03
Foxtail_Millet,29.58,59.51,10.83,1.0,1.26
Foxtail_Millet,15.28,89.01,7.71,1.0,0.97
Foxtail_Millet,25.87,35.27,3.92,1.0,1.39
Foxtail_Millet,35.01,86.83,2.43,1.0,1.12
Foxtail_Millet,20.11,84.73,8.35,1.0,1.03
Foxtail_Millet,22.29,53.86,8.63,1.0,1.24
Foxtail_Millet,15.06,51.23,5.61,1.0,1.2
Foxtail_Millet,24.94,52.77,10.89,1.0,1.27
Foxtail_Millet,19.93,31.03,13.41,1.0,1.36
Foxtail_Millet,33.86,87.01,13.48,1.0,1.11
Foxtail_Millet,15.45,61.61,2.41,1.0,1.14
Foxtail_Millet,21.73,83.66,9.33,1.0,1.05
Foxtail_Millet,20.65,40.86,4.59,1.0,1.31
Foxtail_Millet,29.51,50.15,1.19,1.0,1.32
Foxtail_Millet,21.54,47.58,4.55,1.0,1.27
Foxtail_Millet,30.09,33.58,8.79,1.0,1.44
French_Bean,21.68,56.9,7.13,1.0,1.22
French_Bean,38.73,89.29,4.34,1.0,1.13
French_Bean,16.91,55.37,12.99,1.0,1.19
French_Bean,22.6,37.61,0.41,1.0,1.35
French_Bean,37.67,41.45,1.08,1.0,1.45
French_Bean,38.85,36.6,4.5,1.0,1.5
French_Bean,25.99,72.86,14.52,1.0,1.15
French_Bean,33.38,55.76,3.89,1.0,1.32
French_Bean,33.85,49.06,7.04,1.0,1.37
French_Bean,16.88,38.65,11.84,1.0,1.29
French_Bean,38.74,68.38,4.85,1.0,1.27
French_Bean,15.71,77.27,14.38,1.0,1.05
French_Bean,30.67,29.17,3.48,1.0,1.47
French_Bean,35.41,46.24,14.28,1.0,1.4
French_Bean,22.85,42.33,2.97,1.0,1.32
French_Bean,29.43,62.68,8.72,1.0,1.24
French_Bean,38.91,85.46,13.91,1.0,1.15
French_Bean,29.55,21.98,14.65,1.0,1.51
French_Bean,37.69,67.72,2.31,1.0,1.27
French_Bean,24.57,44.49,6.04,1.0,1.32
French_Bean,19.46,67.22,5.0,1.0,1.13
French_Bean,33.18,26.84,7.55,1.0,1.51
French_Bean,17.06,29.96,9.66,1.0,1.34
French_Bean,32.65,50.97,14.46,1.0,1.34
French_Bean,28.36,33.77,1.84,1.0,1.42
French_Bean,36.7,49.09,9.34,1.0,1.39
French_Bean,36.75,43.48,8.07,1.0,1.43
French_Bean,27.05,75.13,7.93,1.0,1.14
French_Bean,36.39,31.15,11.51,1.0,1.51
French_Bean,16.58,80.6,12.77,1.0,1.03
French_Bean,32.4,48.51,13.86,1.0,1.36
French_Bean,23.75,86.46,9.87,1.0,1.04
French_Bean,26.69,22.38,9.45,1.0,1.48
French_Bean,19.99,54.85,0.94,1.0,1.22
French_Bean,26.92,44.22,13.34,1.0,1.34
French_Bean,24.54,27.7,6.01,1.0,1.43
French_Bean,25.07,86.83,9.14,1.0,1.05
French_Bean,26.15,47.24,13.6,1.0,1.31
French_Bean,36.98,26.46,2.55,1.0,1.55
French_Bean,37.79,83.65,14.0,1.0,1.16
French_Bean,25.29,46.16,4.55,1.0,1.31
French_Bean,24.33,48.2,14.68,1.0,1.29
French_Bean,38.23,86.42,1.7,1.0,1.14
French_Bean,24.74,62.55,2.41,1.0,1.2
French_Bean,33.04,64.61,10.94,1.0,1.25
French_Bean,26.3,69.72,11.0,1.0,1.17
French_Bean,34.85,88.35,4.45,1.0,1.11
French_Bean,29.02,62.77,5.21,1.0,1.24
French_Bean,29.16,88.83,7.92,1.0,1.06
French_Bean,30.68,81.42,7.97,1.0,1.12
Garlic,19.46,30.39,14.54,1.0,1.36
Garlic,16.93,78.68,10.57,1.0,1.05
Garlic,37.37,20.8,10.88,1.0,1.59
Garlic,19.57,62.39,13.7,1.0,1.17
Garlic,18.15,88.27,10.38,1.0,0.99
Garlic,24.96,28.42,4.42,1.0,1.43
Garlic,30.16,32.22,0.58,1.0,1.45
Garlic,38.11,56.64,4.8,1.0,1.35
Garlic,21.57,27.4,8.56,1.0,1.4
Garlic,33.92,36.41,3.63,1.0,1.45
Garlic,37.74,79.31,1.14,1.0,1.19
Garlic,17.34,26.26,11.6,1.0,1.37
Garlic,37.09,79.75,8.94,1.0,1.18
Garlic,35.4,60.0,14.72,1.0,1.3
Garlic,18.97,51.07,7.26,1.0,1.23
Garlic,31.63,52.02,9.61,1.0,1.33
Garlic,33.28,30.33,13.63,1.0,1.49
Garlic,36.39,66.16,13.53,1.0,1.27
Garlic,24.09,66.66,14.92,1.0,1.17
Garlic,23.55,31.06,11.14,1.0,1.4
Garlic,32.9,85.08,4.17,1.0,1.12
Garlic,33.92,33.82,8.08,1.0,1.47
Garlic,25.08,46.72,6.67,1.0,1.31
Garlic,19.58,25.47,7.25,1.0,1.39
Garlic,39.67,46.78,12.65,1.0,1.43
Garlic,20.46,72.86,8.03,1.0,1.11
Garlic,19.71,43.68,12.9,1.0,1.28
Garlic,33.89,26.47,11.62,1.0,1.52
Garlic,25.42,83.87,4.86,1.0,1.07
Garlic,37.54,71.19,12.18,1.0,1.24
Garlic,36.48,81.79,8.35,1.0,1.16
Garlic,29.71,23.91,3.11,1.0,1.5
Garlic,26.44,23.99,13.66,1.0,1.47
Garlic,34.93,80.0,4.06,1.0,1.16
Garlic,23.5,58.97,2.49,1.0,1.22
Garlic,20.52,33.42,3.23,1.0,1.35
Garlic,30.08,70.32,2.54,1.0,1.19
Garlic,15.55,79.28,4.91,1.0,1.03
Garlic,24.46,70.61,12.55,1.0,1.15
Garlic,33.73,52.72,8.93,1.0,1.34
Garlic,32.77,77.91,9.89,1.0,1.16
Garlic,22.13,44.13,11.4,1.0,1.3
Garlic,39.84,56.34,12.91,1.0,1.37
Garlic,33.35,77.14,13.29,1.0,1.17
Garlic,20.65,53.9,7.99,1.0,1.23
Garlic,20.35,63.87,3.94,1.0,1.16
Garlic,15.74,55.72,10.56,1.0,1.18
Garlic,16.51,21.62,14.42,1.0,1.39
Garlic,38.55,24.36,5.76,1.0,1.58
Garlic,20.38,45.95,10.98,1.0,1.27
Ginger,15.58,61.12,7.25,1.0,1.14
Ginger,38.69,88.66,2.24,1.0,1.13
Ginger,22.44,38.53,0.88,1.0,1.34
Ginger,32.14,62.97,5.42,1.0,1.26
Ginger,16.86,62.68,11.84,1.0,1.14
Ginger,16.39,26.98,6.16,1.0,1.36
Ginger,20.42,88.89,14.63,1.0,1.01
Ginger,30.22,29.98,10.3,1.0,1.46
Ginger,26.05,37.9,2.66,1.0,1.37
Ginger,18.85,37.48,2.59,1.0,1.31
Ginger,25.53,62.38,8.7,1.0,1.21
Ginger,26.99,67.94,1.53,1.0,1.19
Ginger,39.48,23.43,0.94,1.0,1.59
Ginger,33.56,67.81,1.48,1.0,1.24
Ginger,23.77,37.64,0.17,1.0,1.36
Ginger,35.75,70.44,10.65,1.0,1.24
Ginger,30.75,74.98,6.89,1.0,1.17
Ginger,31.91,50.62,10.35,1.0,1.34
Ginger,18.15,77.16,2.26,1.0,1.06
Ginger,15.28,35.66,13.95,1.0,1.29
Ginger,20.69,45.49,6.86,1.0,1.28
Ginger,19.24,25.98,6.32,1.0,1.39
Ginger,33.85,47.6,6.94,1.0,1.38
Ginger,33.43,49.33,12.77,1.0,1.36
Ginger,23.41,87.7,6.89,1.0,1.03
Ginger,25.42,83.22,1.97,1.0,1.08
Ginger,26.95,82.99,0.75,1.0,1.09
Ginger,27.07,89.7,8.52,1.0,1.05
Ginger,39.37,33.15,10.99,1.0,1.52
Ginger,19.97,80.26,0.96,1.0,1.06
Ginger,38.1,63.04,1.73,1.0,1.3
Ginger,37.89,68.15,14.28,1.0,1.27
Ginger,17.1,75.07,4.75,1.0,1.07
Ginger,37.21,28.8,10.82,1.0,1.54
Ginger,24.04,29.83,8.52,1.0,1.41
Ginger,28.63,39.98,9.96,1.0,1.38
Ginger,28.02,89.49,5.1,1.0,1.05
Ginger,33.66,31.38,5.07,1.0,1.49
Ginger,22.45,79.37,2.93,1.0,1.08
Ginger,36.67,72.89,11.44,1.0,1.23
Ginger,25.2,66.3,11.08,1.0,1.18
Ginger,34.7,33.98,14.56,1.0,1.48
Ginger,20.28,23.48,3.9,1.0,1.41
Ginger,37.18,59.07,14.13,1.0,1.32
Ginger,15.68,69.56,0.2,1.0,1.09
Ginger,28.22,52.73,7.94,1.0,1.3
Ginger,30.86,30.46,7.74,1.0,1.47
Ginger,34.82,82.27,7.81,1.0,1.15
Ginger,19.36,45.25,14.27,1.0,1.27
Ginger,28.86,80.77,14.14,1.0,1.12
Grapes,23.68,54.35,12.9,1.0,1.25
Grapes,34.42,83.36,4.44,1.0,1.14
Grapes,36.07,27.21,11.29,1.0,1.54
Grapes,36.57,59.6,10.1,1.0,1.32
Grapes,20.75,21.92,4.91,1.0,1.43
Grapes,17.07,50.75,0.64,1.0,1.22
Grapes,19.36,36.01,7.15,1.0,1.33
Grapes,20.75,28.65,4.0,1.0,1.39
Grapes,15.92,38.16,10.05,1.0,1.28
Grapes,34.99,61.51,3.9,1.0,1.29
Grapes,29.36,60.76,10.88,1.0,1.25
Grapes,20.25,54.2,6.14,1.0,1.22
Grapes,19.99,30.16,6.79,1.0,1.37
Grapes,33.49,77.64,2.56,1.0,1.17
Grapes,33.24,35.61,12.77,1.0,1.45
Grapes,36.17,52.74,8.49,1.0,1.36
Grapes,32.45,63.37,7.21,1.0,1.26
Grapes,19.28,80.5,8.45,1.0,1.05
Grapes,15.62,80.07,13.07,1.0,1.03
Grapes,19.44,39.09,8.39,1.0,1.31
Grapes,38.15,56.08,6.02,1.0,1.35
Grapes,33.89,40.72,4.1,1.0,1.42
Grapes,30.69,57.92,11.18,1.0,1.28
Grapes,17.07,82.67,8.76,1.0,1.02
Grapes,16.89,20.56,12.84,1.0,1.4
Grapes,21.41,65.03,2.28,1.0,1.16
Grapes,29.5,54.28,4.76,1.0,1.3
Grapes,18.41,25.71,10.33,1.0,1.38
Grapes,25.95,33.1,8.72,1.0,1.4
Grapes,21.46,87.01,6.88,1.0,1.02
Grapes,15.78,26.88,9.51,1.0,1.35
Grapes,22.3,26.16,9.62,1.0,1.42
Grapes,20.79,57.22,9.01,1.0,1.21
Grapes,36.73,30.19,6.82,1.0,1.52
Grapes,37.06,60.85,14.18,1.0,1.31
Grapes,24.47,41.18,1.03,1.0,1.34
Grapes,30.02,68.33,14.73,1.0,1.21
Grapes,18.33,68.37,12.57,1.0,1.12
Grapes,32.0,75.64,2.24,1.0,1.17
Grapes,29.85,42.53,8.17,1.0,1.38
Grapes,21.75,45.3,10.02,1.0,1.29
Grapes,30.95,31.44,7.87,1.0,1.46
Grapes,22.51,37.83,5.07,1.0,1.34
Grapes,37.22,22.3,13.55,1.0,1.58
Grapes,37.71,20.64,4.4,1.0,1.6
Grapes,24.83,67.54,4.05,1.0,1.17
Grapes,18.31,51.09,7.48,1.0,1.22
Grapes,34.58,61.56,11.73,1.0,1.29
Grapes,23.66,33.32,7.46,1.0,1.38
Grapes,29.57,27.39,12.57,1.0,1.47
Green_Pea,34.54,61.63,12.58,1.0,1.29
Green_Pea,31.7,35.94,4.67,1.0,1.44
Green_Pea,18.48,46.94,3.32,1.0,1.25
Green_Pea,26.14,53.53,12.92,1.0,1.27
Green_Pea,16.58,31.04,4.66,1.0,1.33
Green_Pea,25.06,22.34,12.05,1.0,1.47
Green_Pea,20.73,74.19,2.14,1.0,1.1
Green_Pea,28.76,83.27,6.59,1.0,1.1
Green_Pea,25.88,30.62,11.35,1.0,1.42
Green_Pea,27.6,42.45,4.46,1.0,1.36
Green_Pea,34.72,34.5,0.52,1.0,1.47
Green_Pea,34.01,51.33,0.86,1.0,1.35
Green_Pea,20.82,37.53,2.54,1.0,1.33
Green_Pea,37.41,54.63,3.62,1.0,1.36
Green_Pea,28.79,45.22,0.84,1.0,1.35
Green_Pea,24.1,68.37,12.62,1.0,1.16
Green_Pea,23.7,24.59,4.38,1.0,1.44
Green_Pea,31.99,73.58,9.28,1.0,1.19
Green_Pea,29.63,29.84,9.64,1.0,1.46
Green_Pea,39.21,25.66,2.01,1.0,1.58
Green_Pea,28.72,70.86,1.55,1.0,1.18
Green_Pea,39.23,23.34,9.09,1.0,1.59
Green_Pea,28.65,60.32,2.23,1.0,1.25
Green_Pea,29.55,59.97,5.58,1.0,1.26
Green_Pea,22.39,88.32,9.91,1.0,1.02
Green_Pea,20.99,38.17,5.13,1.0,1.33
Green_Pea,34.31,25.32,8.38,1.0,1.53
Green_Pea,33.33,84.23,0.77,1.0,1.12
Green_Pea,21.41,54.06,10.66,1.0,1.23
Green_Pea,39.86,48.08,8.57,1.0,1.42
Green_Pea,22.07,86.81,14.17,1.0,1.03
Green_Pea,40.0,25.23,2.24,1.0,1.59
Green_Pea,16.57,71.52,3.12,1.0,1.09
Green_Pea,35.26,31.76,9.15,1.0,1.5
Green_Pea,28.92,53.69,7.17,1.0,1.3
Green_Pea,26.09,67.02,7.38,1.0,1.19
Green_Pea,27.51,80.68,0.15,1.0,1.11
Green_Pea,35.41,87.11,1.28,1.0,1.12
Green_Pea,20.57,41.72,12.82,1.0,1.3
Green_Pea,18.82,82.15,8.53,1.0,1.04
Green_Pea,17.16,68.67,3.12,1.0,1.11
Green_Pea,33.64,51.4,0.88,1.0,1.35
Green_Pea,15.58,41.48,14.8,1.0,1.26
Green_Pea,26.52,76.03,14.57,1.0,1.13
Green_Pea,38.63,54.62,2.1,1.0,1.37
Green_Pea,38.73,32.05,12.3,1.0,1.53
Green_Pea,24.06,88.3,7.66,1.0,1.03
Green_Pea,17.95,58.32,7.41,1.0,1.18
Green_Pea,26.64,84.54,4.73,1.0,1.08
Green_Pea,36.62,78.49,6.11,1.0,1.19
Groundnut,35.36,70.71,8.05,1.0,1.23
Groundnut,31.64,71.07,11.68,1.0,1.2
Groundnut,16.92,31.63,2.03,1.0,1.33
Groundnut,39.12,73.84,7.69,1.0,1.24
Groundnut,29.22,89.6,12.68,1.0,1.06
Groundnut,19.12,32.56,9.48,1.0,1.35
Groundnut,38.46,42.42,3.94,1.0,1.45
Groundnut,24.04,27.0,10.18,1.0,1.43
Groundnut,37.01,89.56,1.03,1.0,1.11
Groundnut,35.43,48.09,3.7,1.0,1.39
Groundnut,34.64,74.44,12.2,1.0,1.2
Groundnut,35.41,45.76,5.99,1.0,1.4
Groundnut,32.37,61.35,4.1,1.0,1.27
Groundnut,31.14,63.55,1.17,1.0,1.25
Groundnut,32.03,29.05,12.18,1.0,1.49
Groundnut,34.24,34.29,3.7,1.0,1.47
Groundnut,37.41,40.5,2.35,1.0,1.46
Groundnut,18.08,34.29,3.19,1.0,1.33
Groundnut,39.87,32.08,0.38,1.0,1.54
Groundnut,32.83,70.17,0.27,1.0,1.22
Groundnut,21.06,68.69,3.66,1.0,1.14
Groundnut,20.34,47.92,5.1,1.0,1.26
Groundnut,29.83,69.43,1.28,1.0,1.2
Groundnut,24.66,61.44,6.19,1.0,1.21
Groundnut,18.18,52.33,6.26,1.0,1.22
Groundnut,15.59,22.25,1.57,1.0,1.38
Groundnut,39.8,58.5,4.39,1.0,1.35
Groundnut,29.28,79.45,7.01,1.0,1.13
Groundnut,23.12,70.09,3.75,1.0,1.14
Groundnut,28.86,72.74,9.92,1.0,1.17
Groundnut,36.47,71.45,4.94,1.0,1.23
Groundnut,21.04,54.75,9.46,1.0,1.22
Groundnut,37.05,27.21,10.92,1.0,1.54
Groundnut,26.73,59.03,13.78,1.0,1.24
Groundnut,38.97,86.17,14.86,1.0,1.15
Groundnut,21.16,89.84,3.18,1.0,1.01
Groundnut,31.36,48.6,3.56,1.0,1.35
Groundnut,16.45,40.97,2.82,1.0,1.27
Groundnut,35.83,31.25,2.22,1.0,1.51
Groundnut,32.43,60.35,0.18,1.0,1.28
Groundnut,22.48,61.54,9.0,1.0,1.19
Groundnut,27.61,83.0,2.4,1.0,1.09
Groundnut,33.84,32.83,6.62,1.0,1.48
Groundnut,39.34,53.57,5.48,1.0,1.38
Groundnut,39.85,30.85,14.99,1.0,1.54
Groundnut,26.18,60.17,14.25,1.0,1.23
Groundnut,36.83,56.1,5.39,1.0,1.34
Groundnut,23.54,78.84,10.93,1.0,1.09
Groundnut,35.18,30.63,6.8,1.0,1.5
Groundnut,36.39,63.83,7.13,1.0,1.29
Guava,28.69,29.05,14.83,1.0,1.46
Guava,26.48,68.18,9.27,1.0,1.18
Guava,20.99,89.48,2.67,1.0,1.01
Guava,27.26,67.05,0.65,1.0,1.19
Guava,38.44,35.36,9.76,1.0,1.5
Guava,26.82,47.1,0.05,1.0,1.32
Guava,20.08,86.84,12.27,1.0,1.02
Guava,31.2,58.95,3.11,1.0,1.28
Guava,23.96,80.44,1.44,1.0,1.08
Guava,15.61,27.83,6.02,1.0,1.34
Guava,36.43,31.33,11.04,1.0,1.51
Guava,18.7,62.12,6.24,1.0,1.16
Guava,28.87,72.25,4.39,1.0,1.17
Guava,27.02,64.69,13.11,1.0,1.21
Guava,24.7,53.61,14.71,1.0,1.26
Guava,39.38,77.25,13.42,1.0,1.21
Guava,39.19,24.12,6.61,1.0,1.59
Guava,27.93,28.62,9.06,1.0,1.45
Guava,28.52,61.45,2.29,1.0,1.24
Guava,32.32,87.1,5.19,1.0,1.1
Guava,18.94,24.45,1.54,1.0,1.39
Guava,34.48,32.5,3.71,1.0,1.48
Guava,31.72,34.23,6.83,1.0,1.45
Guava,18.39,42.95,3.58,1.0,1.28
Guava,27.32,43.18,14.52,1.0,1.35
Guava,35.83,22.6,13.78,1.0,1.57
Guava,31.89,55.85,12.61,1.0,1.3
Guava,22.91,85.64,8.09,1.0,1.04
Guava,29.51,85.25,13.4,1.0,1.09
Guava,18.42,57.47,7.45,1.0,1.19
Guava,35.25,30.93,11.22,1.0,1.5
Guava,39.39,50.75,13.28,1.0,1.4
Guava,39.76,58.95,8.38,1.0,1.35
Guava,19.31,75.78,5.08,1.0,1.08
Guava,28.95,87.76,0.23,1.0,1.07
Guava,34.69,26.92,9.64,1.0,1.52
Guava,30.12,74.42,10.92,1.0,1.17
Guava,39.61,82.96,8.2,1.0,1.18
Guava,39.51,62.14,12.81,1.0,1.32
Guava,20.46,69.03,3.41,1.0,1.13
Guava,19.75,63.61,5.38,1.0,1.16
Guava,30.61,69.86,1.76,1.0,1.2
Guava,36.46,86.68,10.84,1.0,1.13
Guava,32.87,30.52,6.1,1.0,1.48
Guava,25.13,44.32,6.67,1.0,1.32
Guava,21.1,34.77,2.9,1.0,1.35
Guava,31.06,41.34,10.55,1.0,1.4
Guava,27.86,46.36,11.31,1.0,1.33
Guava,23.88,29.51,6.04,1.0,1.41
Guava,25.31,74.31,6.34,1.0,1.13
Horse_Gram,31.4,56.48,7.19,1.0,1.3
Horse_Gram,25.07,53.22,4.2,1.0,1.27
Horse_Gram,15.18,39.08,3.2,1.0,1.27
Horse_Gram,20.04,72.77,2.61,1.0,1.1
Horse_Gram,30.11,67.64,10.55,1.0,1.21
Horse_Gram,31.6,24.49,0.64,1.0,1.51
Horse_Gram,17.97,77.2,8.52,1.0,1.06
Horse_Gram,15.43,62.85,12.68,1.0,1.13
Horse_Gram,32.1,57.08,11.12,1.0,1.3
Horse_Gram,15.31,66.17,7.09,1.0,1.11
Horse_Gram,20.25,30.15,2.31,1.0,1.37
Horse_Gram,19.07,59.88,9.44,1.0,1.18
Horse_Gram,32.99,77.89,12.41,1.0,1.16
Horse_Gram,23.57,30.06,9.99,1.0,1.4
Horse_Gram,16.68,82.8,13.07,1.0,1.02
Horse_Gram,17.35,70.97,8.53,1.0,1.1
Horse_Gram,16.0,22.93,10.69,1.0,1.38
Horse_Gram,16.02,41.34,3.59,1.0,1.27
Horse_Gram,21.28,24.15,13.53,1.0,1.42
Horse_Gram,39.4,37.11,0.45,1.0,1.5
Horse_Gram,23.51,38.85,14.23,1.0,1.35
Horse_Gram,32.38,54.54,12.54,1.0,1.32
Horse_Gram,19.16,57.01,13.45,1.0,1.2
Horse_Gram,27.13,42.44,13.62,1.0,1.35
Horse_Gram,34.92,72.46,4.72,1.0,1.22
Horse_Gram,39.94,82.83,0.04,1.0,1.18
Horse_Gram,20.71,48.82,8.95,1.0,1.26
Horse_Gram,24.63,83.86,2.21,1.0,1.07
Horse_Gram,17.1,43.65,8.41,1.0,1.26
Horse_Gram,38.41,33.89,9.9,1.0,1.51
Horse_Gram,29.08,63.27,10.69,1.0,1.23
Horse_Gram,33.26,49.84,3.94,1.0,1.36
Horse_Gram,27.05,30.07,11.72,1.0,1.43
Horse_Gram,29.5,77.1,11.65,1.0,1.14
Horse_Gram,18.0,41.99,10.3,1.0,1.28
Horse_Gram,23.1,59.17,11.3,1.0,1.21
Horse_Gram,24.69,88.26,9.47,1.0,1.04
Horse_Gram,35.21,67.74,14.86,1.0,1.25
Horse_Gram,17.26,62.29,12.95,1.0,1.15
Horse_Gram,30.88,28.98,8.08,1.0,1.48
Horse_Gram,34.47,29.33,9.12,1.0,1.51
Horse_Gram,28.39,29.96,4.12,1.0,1.45
Horse_Gram,35.93,24.89,6.62,1.0,1.55
Horse_Gram,21.66,38.97,2.39,1.0,1.33
Horse_Gram,30.05,34.55,14.24,1.0,1.43
Horse_Gram,35.32,46.94,6.9,1.0,1.39
Horse_Gram,31.47,42.91,10.05,1.0,1.39
Horse_Gram,24.36,62.16,10.38,1.0,1.2
Horse_Gram,38.06,84.54,0.49,1.0,1.15
Horse_Gram,15.73,52.98,11.21,1.0,1.19
Jackfruit,15.43,57.56,7.95,1.0,1.16
Jackfruit,16.85,42.61,9.12,1.0,1.26
Jackfruit,31.26,70.44,5.82,1.0,1.2
Jackfruit,16.08,43.16,6.71,1.0,1.25
Jackfruit,29.45,78.24,5.18,1.0,1.14
Jackfruit,39.39,50.78,8.93,1.0,1.4
Jackfruit,24.2,56.9,4.85,1.0,1.24
Jackfruit,27.76,32.63,14.13,1.0,1.42
Jackfruit,20.3,74.11,3.61,1.0,1.1
Jackfruit,17.96,59.35,7.05,1.0,1.17
Jackfruit,27.05,74.39,8.23,1.0,1.15
Jackfruit,33.6,37.13,5.16,1.0,1.45
Jackfruit,32.87,61.68,9.62,1.0,1.27
Jackfruit,19.97,32.02,11.35,1.0,1.36
Jackfruit,24.39,55.14,9.68,1.0,1.25
Jackfruit,32.74,32.07,10.72,1.0,1.47
Jackfruit,19.06,46.15,13.03,1.0,1.26
Jackfruit,33.43,66.62,12.66,1.0,1.24
Jackfruit,31.72,68.8,14.4,1.0,1.22
Jackfruit,32.39,59.84,7.8,1.0,1.28
Jackfruit,32.72,20.81,11.67,1.0,1.55
Jackfruit,18.79,31.96,7.44,1.0,1.35
Jackfruit,29.98,89.61,10.95,1.0,1.07
Jackfruit,15.38,26.57,3.98,1.0,1.35
Jackfruit,24.42,65.44,2.89,1.0,1.18
Jackfruit,29.72,88.07,12.7,1.0,1.07
Jackfruit,16.27,69.29,0.59,1.0,1.1
Jackfruit,39.61,27.73,3.16,1.0,1.56
Jackfruit,17.38,23.76,13.81,1.0,1.38
Jackfruit,17.37,55.83,4.26,1.0,1.19
Jackfruit,21.5,38.76,10.15,1.0,1.33
Jackfruit,24.49,85.24,13.65,1.0,1.06
Jackfruit,17.27,27.14,13.09,1.0,1.36
Jackfruit,28.65,68.69,9.78,1.0,1.19
Jackfruit,38.02,70.21,14.13,1.0,1.25
Jackfruit,23.43,63.34,12.55,1.0,1.19
Jackfruit,27.32,27.1,2.03,1.0,1.46
Jackfruit,32.3,31.47,9.64,1.0,1.47
Jackfruit,35.53,43.44,4.06,1.0,1.42
Jackfruit,19.8,70.25,8.73,1.0,1.12
Jackfruit,25.21,68.55,5.11,1.0,1.17
Jackfruit,39.39,37.95,3.72,1.0,1.49
Jackfruit,26.26,38.31,7.71,1.0,1.37
Jackfruit,15.06,58.93,9.05,1.0,1.15
Jackfruit,29.9,29.73,4.9,1.0,1.46
Jackfruit,33.09,77.68,13.62,1.0,1.17
Jackfruit,16.45,30.13,13.78,1.0,1.34
Jackfruit,38.76,59.8,10.73,1.0,1.33
Jackfruit,31.03,20.89,0.54,1.0,1.53
Jackfruit,25.63,61.06,0.41,1.0,1.22
Jowar,33.38,75.83,7.3,1.0,1.18
Jowar,24.93,55.5,1.35,1.0,1.25
Jowar,34.06,24.01,12.06,1.0,1.54
Jowar,19.15,89.93,0.96,1.0,0.99
Jowar,18.81,82.04,4.6,1.0,1.04
Jowar,18.1,57.12,14.56,1.0,1.19
Jowar,37.07,80.72,12.94,1.0,1.17
Jowar,16.48,41.82,13.32,1.0,1.27
Jowar,26.55,40.25,0.02,1.0,1.36
Jowar,22.46,51.54,10.19,1.0,1.26
Jowar,36.98,87.85,10.77,1.0,1.12
Jowar,22.86,51.3,9.69,1.0,1.26
Jowar,29.93,74.88,3.11,1.0,1.16
Jowar,18.98,69.71,1.47,1.0,1.12
Jowar,36.39,22.25,7.57,1.0,1.57
Jowar,20.35,64.95,7.43,1.0,1.16
Jowar,35.93,89.22,10.67,1.0,1.11
Jowar,22.44,57.08,7.64,1.0,1.22
Jowar,30.09,46.96,2.67,1.0,1.35
Jowar,21.19,27.24,3.97,1.0,1.4
Jowar,31.6,75.83,6.89,1.0,1.17
Jowar,18.0,31.05,2.52,1.0,1.35
Jowar,35.01,56.93,2.06,1.0,1.32
Jowar,20.78,25.82,3.67,1.0,1.4
Jowar,24.17,53.87,0.67,1.0,1.26
Jowar,22.59,32.12,12.35,1.0,1.38
Jowar,22.44,38.29,9.65,1.0,1.34
Jowar,15.48,89.8,5.13,1.0,0.97
Jowar,38.8,60.55,7.73,1.0,1.33
Jowar,28.49,78.84,5.17,1.0,1.13
Jowar,34.75,28.33,3.8,1.0,1.52
Jowar,22.34,87.83,13.88,1.0,1.03
Jowar,28.08,79.61,10.69,1.0,1.12
Jowar,32.56,58.5,13.31,1.0,1.29
Jowar,39.17,42.74,4.49,1.0,1.46
Jowar,27.69,54.37,4.55,1.0,1.28
Jowar,27.08,50.9,5.91,1.0,1.3
Jowar,30.71,33.03,6.15,1.0,1.45
Jowar,25.44,26.58,9.37,1.0,1.44
Jowar,25.5,86.06,11.02,1.0,1.06
Jowar,35.66,88.03,6.2,1.0,1.11
Jowar,38.06,51.71,1.62,1.0,1.38
Jowar,25.94,46.19,7.49,1.0,1.32
Jowar,23.09,85.59,6.59,1.0,1.04
Jowar,15.37,45.13,11.84,1.0,1.24
Jowar,30.4,52.91,3.69,1.0,1.31
Jowar,33.56,79.74,9.29,1.0,1.16
Jowar,37.95,26.04,4.76,1.0,1.56
Jowar,29.8,50.44,1.89,1.0,1.32
Jowar,27.36,56.28,0.22,1.0,1.27
Jute,35.45,88.61,14.14,1.0,1.11
Jute,21.41,46.12,5.96,1.0,1.28
Jute,31.54,60.78,6.28,1.0,1.27
Jute,32.22,52.55,14.72,1.0,1.33
Jute,20.82,30.61,1.58,1.0,1.37
Jute,35.5,68.02,0.13,1.0,1.25
Jute,36.01,28.82,11.77,1.0,1.52
Jute,22.57,73.15,7.5,1.0,1.12
Jute,31.27,46.91,1.74,1.0,1.36
Jute,30.13,81.52,7.25,1.0,1.12
Jute,19.28,82.57,7.97,1.0,1.04
Jute,30.44,62.19,7.05,1.0,1.25
Jute,23.05,87.44,11.36,1.0,1.03
Jute,15.12,32.12,7.19,1.0,1.31
Jute,18.04,51.39,11.17,1.0,1.22
Jute,18.47,56.63,4.46,1.0,1.19
Jute,37.35,69.75,0.91,1.0,1.25
Jute,18.86,87.32,3.56,1.0,1.01
Jute,35.14,68.14,14.0,1.0,1.25
Jute,33.98,57.79,0.76,1.0,1.31
Jute,17.52,82.22,0.07,1.0,1.03
Jute,21.09,62.15,6.18,1.0,1.18
Jute,24.48,80.15,5.22,1.0,1.09
Jute,39.11,68.24,2.73,1.0,1.28
Jute,24.19,58.83,11.03,1.0,1.22
Jute,31.23,57.2,10.87,1.0,1.29
Jute,34.73,36.43,14.85,1.0,1.46
Jute,24.88,49.12,4.1,1.0,1.29
Jute,19.4,32.88,11.51,1.0,1.35
Jute,27.3,21.52,13.64,1.0,1.49
Jute,33.69,88.43,14.05,1.0,1.1
Jute,38.98,59.5,3.43,1.0,1.34
Jute,28.91,38.07,11.35,1.0,1.4
Jute,33.1,48.11,5.27,1.0,1.37
Jute,33.33,76.85,9.35,1.0,1.17
Jute,33.94,39.72,6.17,1.0,1.43
Jute,29.36,41.53,8.05,1.0,1.38
Jute,35.03,23.22,10.11,1.0,1.55
Jute,19.78,64.88,3.61,1.0,1.15
Jute,15.67,41.62,0.35,1.0,1.26
Jute,32.34,65.97,1.37,1.0,1.24
Jute,39.21,38.36,1.09,1.0,1.49
Jute,36.22,74.45,12.44,1.0,1.21
Jute,34.57,73.05,12.24,1.0,1.21
Jute,17.93,25.75,3.69,1.0,1.38
Jute,24.67,34.93,4.98,1.0,1.38
Jute,20.3,36.23,9.94,1.0,1.33
Jute,18.22,82.72,12.6,1.0,1.03
Jute,33.5,63.36,8.81,1.0,1.27
Jute,38.73,42.2,10.23,1.0,1.46
Kidney_Bean,39.77,40.3,8.72,1.0,1.48
Kidney_Bean,27.27,35.74,12.55,1.0,1.4
Kidney_Bean,19.87,72.74,9.16,1.0,1.1
Kidney_Bean,25.44,59.91,10.8,1.0,1.23
Kidney_Bean,38.16,44.75,1.21,1.0,1.43
Kidney_Bean,24.55,88.11,4.76,1.0,1.04
Kidney_Bean,33.01,37.97,1.15,1.0,1.43
Kidney_Bean,17.81,53.84,1.88,1.0,1.2
Kidney_Bean,36.92,52.48,1.78,1.0,1.37
Kidney_Bean,33.41,54.63,14.12,1.0,1.33
Kidney_Bean,27.7,60.97,6.13,1.0,1.24
Kidney_Bean,34.85,67.4,0.53,1.0,1.25
Kidney_Bean,33.46,86.12,4.01,1.0,1.11
Kidney_Bean,28.82,87.4,12.98,1.0,1.07
Kidney_Bean,15.49,41.74,14.16,1.0,1.26
Kidney_Bean,17.87,23.97,8.79,1.0,1.39
Kidney_Bean,24.99,43.53,5.39,1.0,1.33
Kidney_Bean,26.97,39.29,1.47,1.0,1.37
Kidney_Bean,20.22,87.88,0.51,1.0,1.01
Kidney_Bean,27.39,63.23,9.78,1.0,1.22
Kidney_Bean,22.0,47.22,12.21,1.0,1.28
Kidney_Bean,19.43,63.83,9.16,1.0,1.16
Kidney_Bean,22.98,40.25,1.46,1.0,1.33
Kidney_Bean,19.16,42.28,7.37,1.0,1.29
Kidney_Bean,18.96,47.83,1.52,1.0,1.25
Kidney_Bean,17.11,55.1,5.23,1.0,1.19
Kidney_Bean,29.12,36.72,12.24,1.0,1.41
Kidney_Bean,35.48,50.98,13.47,1.0,1.37
Kidney_Bean,39.4,71.82,13.29,1.0,1.25
Kidney_Bean,19.05,84.09,6.57,1.0,1.03
Kidney_Bean,39.33,29.48,9.96,1.0,1.55
Kidney_Bean,32.88,76.48,7.13,1.0,1.17
Kidney_Bean,18.87,84.35,0.66,1.0,1.02
Kidney_Bean,23.7,67.59,13.92,1.0,1.16
Kidney_Bean,15.49,45.68,13.53,1.0,1.23
Kidney_Bean,16.28,33.73,14.11,1.0,1.31
Kidney_Bean,21.09,79.03,5.96,1.0,1.07
Kidney_Bean,27.23,46.0,1.92,1.0,1.33
Kidney_Bean,26.7,35.34,12.5,1.0,1.4
Kidney_Bean,18.65,29.97,11.07,1.0,1.36
Kidney_Bean,29.36,20.09,6.24,1.0,1.52
Kidney_Bean,20.88,32.32,4.72,1.0,1.36
Kidney_Bean,23.19,76.09,13.61,1.0,1.11
Kidney_Bean,19.04,63.66,12.02,1.0,1.15
Kidney_Bean,38.0,85.48,4.62,1.0,1.15
Kidney_Bean,22.98,34.03,5.21,1.0,1.37
Kidney_Bean,20.26,75.36,14.19,1.0,1.09
Kidney_Bean,28.67,45.02,13.32,1.0,1.35
Kidney_Bean,25.51,45.51,0.19,1.0,1.32
Kidney_Bean,16.52,58.84,6.64,1.0,1.16
Kodo_Millet,30.95,50.63,3.17,1.0,1.33
Kodo_Millet,30.2,58.7,0.09,1.0,1.27
Kodo_Millet,31.28,86.73,14.92,1.0,1.09
Kodo_Millet,35.17,63.61,1.53,1.0,1.28
Kodo_Millet,23.38,43.98,12.31,1.0,1.31
Kodo_Millet,19.11,42.6,7.89,1.0,1.28
Kodo_Millet,39.33,23.69,5.41,1.0,1.59
Kodo_Millet,16.35,55.43,13.53,1.0,1.18
Kodo_Millet,27.53,22.7,9.23,1.0,1.49
Kodo_Millet,20.24,52.9,9.75,1.0,1.23
Kodo_Millet,29.56,55.64,0.05,1.0,1.29
Kodo_Millet,33.74,30.3,12.13,1.0,1.49
Kodo_Millet,28.57,51.49,10.92,1.0,1.31
Kodo_Millet,28.41,23.52,10.26,1.0,1.49
Kodo_Millet,19.85,58.61,11.64,1.0,1.19
Kodo_Millet,27.94,75.07,10.2,1.0,1.15
Kodo_Millet,23.99,43.67,6.64,1.0,1.32
Kodo_Millet,34.12,27.83,9.24,1.0,1.51
Kodo_Millet,33.79,40.99,12.65,1.0,1.42
Kodo_Millet,33.53,53.25,4.05,1.0,1.34
Kodo_Millet,23.28,27.25,1.81,1.0,1.42
Kodo_Millet,18.92,84.63,8.85,1.0,1.02
Kodo_Millet,27.57,49.62,8.5,1.0,1.31
Kodo_Millet,18.23,37.41,0.76,1.0,1.31
Kodo_Millet,30.33,50.24,11.65,1.0,1.33
Kodo_Millet,34.01,64.79,5.68,1.0,1.26
Kodo_Millet,35.76,55.4,8.45,1.0,1.34
Kodo_Millet,26.65,41.72,0.28,1.0,1.35
Kodo_Millet,28.02,71.11,14.06,1.0,1.17
Kodo_Millet,21.62,24.34,1.67,1.0,1.42
Kodo_Millet,29.98,50.17,14.9,1.0,1.33
Kodo_Millet,27.33,64.04,1.59,1.0,1.21
Kodo_Millet,38.49,48.63,0.99,1.0,1.41
Kodo_Millet,28.28,32.35,5.91,1.0,1.43
Kodo_Millet,30.71,34.72,12.11,1.0,1.44
Kodo_Millet,22.47,53.22,11.01,1.0,1.25
Kodo_Millet,39.74,77.07,5.78,1.0,1.22
Kodo_Millet,31.88,61.39,13.74,1.0,1.27
Kodo_Millet,23.54,25.35,10.04,1.0,1.43
Kodo_Millet,29.06,57.81,0.17,1.0,1.27
Kodo_Millet,27.85,88.95,1.07,1.0,1.06
Kodo_Millet,20.48,46.11,3.38,1.0,1.27
Kodo_Millet,38.2,87.09,8.13,1.0,1.14
Kodo_Millet,37.78,89.86,9.48,1.0,1.12
Kodo_Millet,16.68,40.74,2.94,1.0,1.27
Kodo_Millet,15.21,48.95,0.99,1.0,1.21
Kodo_Millet,15.03,22.18,1.67,1.0,1.37
Kodo_Millet,28.82,51.82,1.02,1.0,1.31
Kodo_Millet,19.55,88.25,4.63,1.0,1.0
Kodo_Millet,30.17,33.52,0.73,1.0,1.44
Lentil,38.55,28.64,4.51,1.0,1.55
Lentil,22.7,81.41,2.43,1.0,1.07
Lentil,33.07,81.54,9.32,1.0,1.14
Lentil,34.06,48.84,7.7,1.0,1.37
Lentil,36.72,87.09,4.44,1.0,1.13
Lentil,25.61,29.1,3.49,1.0,1.43
Lentil,36.42,89.26,12.57,1.0,1.11
Lentil,22.86,21.27,1.74,1.0,1.45
Lentil,30.62,43.88,8.59,1.0,1.37
Lentil,33.2,81.18,0.7,1.0,1.14
Lentil,21.1,51.53,6.44,1.0,1.25
Lentil,30.19,54.7,14.02,1.0,1.3
Lentil,21.03,33.28,11.08,1.0,1.36
Lentil,24.71,33.61,11.42,1.0,1.39
Lentil,23.45,34.44,3.63,1.0,1.37
Lentil,15.98,55.63,11.63,1.0,1.18
Lentil,30.32,24.42,14.71,1.0,1.5
Lentil,16.0,35.22,8.18,1.0,1.3
Lentil,22.95,58.97,8.71,1.0,1.21
Lentil,17.6,32.91,5.07,1.0,1.33
Lentil,38.18,61.99,5.74,1.0,1.31
Lentil,36.66,46.32,10.46,1.0,1.41
Lentil,20.82,77.32,9.66,1.0,1.08
Lentil,20.24,57.02,7.19,1.0,1.2
Lentil,38.19,24.54,10.2,1.0,1.57
Lentil,26.54,36.84,7.93,1.0,1.39
Lentil,24.57,73.39,8.7,1.0,1.13
Lentil,30.43,41.58,7.4,1.0,1.39
Lentil,29.38,65.66,12.18,1.0,1.22
Lentil,39.67,78.95,10.16,1.0,1.2
Lentil,38.31,63.62,4.79,1.0,1.3
Lentil,30.17,80.78,12.84,1.0,1.13
Lentil,37.32,63.82,4.93,1.0,1.29
Lentil,28.27,22.27,10.97,1.0,1.5
Lentil,15.82,49.36,6.22,1.0,1.21
Lentil,22.52,55.03,7.91,1.0,1.23
Lentil,15.21,71.77,9.63,1.0,1.07
Lentil,31.86,61.66,2.58,1.0,1.27
Lentil,38.5,41.52,8.64,1.0,1.46
Lentil,19.38,32.91,7.47,1.0,1.35
Lentil,31.68,44.27,0.24,1.0,1.38
Lentil,17.71,54.0,1.41,1.0,1.2
Lentil,34.74,31.31,9.71,1.0,1.5
Lentil,24.14,49.88,14.53,1.0,1.28
Lentil,26.69,55.87,14.62,1.0,1.26
Lentil,37.26,26.46,13.32,1.0,1.55
Lentil,16.63,49.87,2.79,1.0,1.22
Lentil,18.37,24.21,6.1,1.0,1.39
Lentil,18.3,28.19,14.55,1.0,1.37
Lentil,22.64,74.88,7.14,1.0,1.11
Lettuce,33.76,57.7,3.66,1.0,1.31
Lettuce,31.88,74.33,8.31,1.0,1.18
Lettuce,24.58,20.94,9.51,1.0,1.47
Lettuce,18.51,63.46,11.43,1.0,1.15
Lettuce,20.26,77.24,10.84,1.0,1.08
Lettuce,18.82,36.46,3.41,1.0,1.32
Lettuce,24.7,77.61,2.48,1.0,1.11
Lettuce,18.56,38.06,13.85,1.0,1.31
Lettuce,21.26,84.86,13.88,1.0,1.04
Lettuce,34.24,48.0,14.07,1.0,1.38
Lettuce,19.8,22.44,13.64,1.0,1.42
Lettuce,33.92,55.44,3.82,1.0,1.32
Lettuce,33.77,21.03,7.4,1.0,1.56
Lettuce,32.18,28.27,5.42,1.0,1.49
Lettuce,18.75,73.26,14.83,1.0,1.09
Lettuce,24.66,77.69,8.09,1.0,1.11
Lettuce,23.15,87.77,10.92,1.0,1.03
Lettuce,29.73,22.78,11.94,1.0,1.51
Lettuce,18.43,52.14,9.1,1.0,1.22
Lettuce,32.32,35.74,12.31,1.0,1.44
Lettuce,34.29,46.05,5.81,1.0,1.39
Lettuce,34.55,30.4,0.38,1.0,1.5
Lettuce,36.81,34.35,4.31,1.0,1.49
Lettuce,29.77,88.35,14.28,1.0,1.07
Lettuce,37.21,62.6,11.62,1.0,1.3
Lettuce,19.19,71.76,2.8,1.0,1.1
Lettuce,37.31,88.41,7.7,1.0,1.12
Lettuce,36.2,66.94,2.64,1.0,1.26
Lettuce,37.57,58.4,6.26,1.0,1.33
Lettuce,31.02,75.92,14.1,1.0,1.16
Lettuce,21.15,45.08,13.12,1.0,1.29
Lettuce,17.8,82.23,5.47,1.0,1.03
Lettuce,26.79,57.59,1.0,1.0,1.25
Lettuce,32.18,67.37,6.67,1.0,1.23
Lettuce,21.77,23.71,12.6,1.0,1.43
Lettuce,21.39,72.91,0.72,1.0,1.11
Lettuce,29.61,43.84,4.49,1.0,1.37
Lettuce,39.08,58.19,7.34,1.0,1.35
Lettuce,22.7,48.89,4.01,1.0,1.27
Lettuce,32.45,73.56,2.14,1.0,1.19
Lettuce,30.45,24.54,7.53,1.0,1.5
Lettuce,27.0,74.81,12.55,1.0,1.14
Lettuce,38.03,71.29,2.37,1.0,1.25
Lettuce,30.2,81.76,9.41,1.0,1.12
Lettuce,39.54,26.15,9.97,1.0,1.58
Lettuce,23.38,85.24,13.36,1.0,1.05
Lettuce,30.35,29.96,4.94,1.0,1.46
Lettuce,39.75,29.92,0.08,1.0,1.55
Lettuce,28.55,88.37,3.37,1.0,1.06
Lettuce,34.45,71.21,5.87,1.0,1.22
Linseed,16.13,20.16,7.75,1.0,1.39
Linseed,18.81,73.25,7.86,1.0,1.09
Linseed,38.65,51.54,2.16,1.0,1.39
Linseed,26.7,51.41,9.85,1.0,1.29
Linseed,27.76,72.55,2.89,1.0,1.16
Linseed,16.06,61.59,7.17,1.0,1.14
Linseed,36.57,29.06,13.5,1.0,1.53
Linseed,37.92,50.03,14.92,1.0,1.39
Linseed,28.94,80.11,11.83,1.0,1.12
Linseed,16.97,43.09,11.16,1.0,1.26
Linseed,24.6,54.65,0.76,1.0,1.25
Linseed,15.18,34.36,0.25,1.0,1.3
Linseed,23.34,85.91,14.82,1.0,1.04
Linseed,34.11,48.0,8.36,1.0,1.38
Linseed,25.57,52.97,14.91,1.0,1.27
Linseed,38.02,66.32,9.28,1.0,1.28
Linseed,38.23,72.48,3.22,1.0,1.24
Linseed,29.5,64.42,0.78,1.0,1.23
Linseed,38.74,84.4,1.36,1.0,1.16
Linseed,31.7,31.91,14.19,1.0,1.46
Linseed,19.28,20.73,10.95,1.0,1.42
Linseed,15.4,58.57,13.42,1.0,1.16
Linseed,39.97,51.45,11.96,1.0,1.4
Linseed,39.21,86.89,0.75,1.0,1.15
Linseed,19.45,56.85,1.82,1.0,1.2
Linseed,18.37,81.15,0.41,1.0,1.04
Linseed,21.79,77.83,6.5,1.0,1.09
Linseed,17.69,64.98,6.56,1.0,1.13
Linseed,38.62,48.0,0.7,1.0,1.41
Linseed,17.61,67.34,5.98,1.0,1.12
Linseed,21.19,73.11,9.41,1.0,1.11
Linseed,35.91,33.32,13.44,1.0,1.49
Linseed,29.19,53.61,9.03,1.0,1.3
Linseed,34.41,52.75,8.91,1.0,1.35
Linseed,29.97,49.5,10.33,1.0,1.33
Linseed,30.04,49.23,13.51,1.0,1.33
Linseed,37.0,22.44,4.03,1.0,1.58
Linseed,38.86,72.52,9.83,1.0,1.24
Linseed,29.63,32.73,11.17,1.0,1.44
Linseed,39.26,65.22,4.54,1.0,1.3
Linseed,30.41,66.99,5.25,1.0,1.22
Linseed,37.68,65.83,1.73,1.0,1.28
Linseed,20.57,45.99,10.2,1.0,1.28
Linseed,31.35,61.94,5.62,1.0,1.26
Linseed,35.74,27.46,0.23,1.0,1.53
Linseed,23.52,48.83,13.36,1.0,1.28
Linseed,18.58,37.94,8.54,1.0,1.31
Linseed,17.1,58.8,0.41,1.0,1.17
Linseed,30.3,63.52,11.16,1.0,1.24
Linseed,26.2,50.94,13.26,1.0,1.29
Litchi,36.55,54.52,0.99,1.0,1.35
Litchi,38.6,49.25,6.81,1.0,1.4
Litchi,37.91,52.29,8.44,1.0,1.38
Litchi,37.31,25.47,5.47,1.0,1.56
Litchi,23.1,48.84,7.8,1.0,1.28
Litchi,31.26,39.18,13.55,1.0,1.41
Litchi,32.78,28.61,9.85,1.0,1.5
Litchi,23.46,81.65,9.31,1.0,1.07
Litchi,39.8,39.93,1.39,1.0,1.48
Litchi,33.19,81.25,8.18,1.0,1.14
Litchi,37.79,78.64,5.02,1.0,1.19
Litchi,27.44,79.6,1.69,1.0,1.11
Litchi,28.51,62.63,11.21,1.0,1.23
Litchi,26.02,80.12,11.47,1.0,1.1
Litchi,26.47,29.49,8.13,1.0,1.43
Litchi,29.93,47.06,7.49,1.0,1.35
Litchi,34.74,79.98,5.65,1.0,1.16
Litchi,36.21,44.21,13.79,1.0,1.42
Litchi,31.53,87.27,3.65,1.0,1.09
Litchi,32.35,58.68,11.16,1.0,1.29
Litchi,28.51,80.71,7.17,1.0,1.11
Litchi,19.21,62.07,3.96,1.0,1.16
Litchi,38.23,21.09,0.03,1.0,1.6
Litchi,23.48,88.18,7.02,1.0,1.03
Litchi,25.56,81.21,13.34,1.0,1.09
Litchi,15.1,35.47,14.6,1.0,1.29
Litchi,37.84,31.43,14.95,1.0,1.52
Litchi,19.59,71.01,1.52,1.0,1.11
Litchi,31.41,66.61,5.02,1.0,1.23
Litchi,26.47,31.42,0.1,1.0,1.42
Litchi,33.64,63.6,1.24,1.0,1.27
Litchi,31.98,76.05,5.93,1.0,1.17
Litchi,23.43,48.55,13.69,1.0,1.28
Litchi,39.59,63.28,12.69,1.0,1.31
Litchi,31.98,75.9,7.56,1.0,1.17
Litchi,30.72,57.68,5.91,1.0,1.28
Litchi,22.32,39.45,0.3,1.0,1.33
Litchi,39.32,54.03,6.92,1.0,1.38
Litchi,36.54,23.35,1.39,1.0,1.57
Litchi,31.46,56.12,14.3,1.0,1.3
Litchi,17.57,78.41,2.49,1.0,1.05
Litchi,20.57,55.73,5.0,1.0,1.21
Litchi,38.75,67.74,2.75,1.0,1.28
Litchi,33.54,81.03,11.37,1.0,1.15
Litchi,34.06,84.84,10.7,1.0,1.12
Litchi,35.59,62.17,8.9,1.0,1.29
Litchi,20.16,24.83,13.42,1.0,1.4
Litchi,34.22,69.65,2.27,1.0,1.23
Litchi,17.34,60.76,11.87,1.0,1.16
Litchi,30.55,31.8,3.9,1.0,1.45
Little_Millet,24.75,51.75,14.75,1.0,1.27
Little_Millet,21.15,37.95,12.15,1.0,1.33
Little_Millet,18.89,71.78,3.53,1.0,1.1
Little_Millet,24.05,74.23,3.47,1.0,1.12
Little_Millet,21.13,31.5,4.92,1.0,1.37
Little_Millet,24.62,83.75,9.94,1.0,1.07
Little_Millet,15.76,46.39,4.51,1.0,1.23
Little_Millet,39.41,48.64,0.91,1.0,1.42
Little_Millet,37.02,40.36,10.65,1.0,1.45
Little_Millet,20.06,55.1,8.53,1.0,1.21
Little_Millet,16.3,26.63,0.93,1.0,1.36
Little_Millet,30.56,25.38,5.14,1.0,1.5
Little_Millet,33.91,38.28,4.91,1.0,1.44
Little_Millet,24.57,20.51,7.76,1.0,1.47
Little_Millet,30.92,73.78,5.19,1.0,1.18
Little_Millet,32.84,26.41,3.99,1.0,1.51
Little_Millet,20.15,33.04,12.5,1.0,1.35
Little_Millet,15.07,85.24,4.39,1.0,0.99
Little_Millet,15.98,47.32,13.39,1.0,1.23
Little_Millet,28.35,85.54,12.24,1.0,1.08
Little_Millet,38.31,59.07,1.55,1.0,1.33
Little_Millet,33.7,65.58,4.47,1.0,1.25
Little_Millet,18.61,55.67,7.33,1.0,1.2
Little_Millet,38.63,44.5,8.99,1.0,1.44
Little_Millet,37.37,33.82,9.78,1.0,1.5
Little_Millet,21.96,59.04,6.93,1.0,1.2
Little_Millet,24.41,69.32,8.52,1.0,1.16
Little_Millet,34.46,61.05,0.45,1.0,1.29
Little_Millet,39.38,56.08,5.17,1.0,1.36
Little_Millet,22.54,65.6,3.64,1.0,1.17
Little_Millet,17.71,64.39,12.98,1.0,1.14
Little_Millet,33.08,85.35,4.64,1.0,1.11
Little_Millet,33.37,76.82,1.26,1.0,1.17
Little_Millet,29.7,68.48,12.85,1.0,1.2
Little_Millet,37.47,70.72,12.51,1.0,1.25
Little_Millet,28.46,56.55,14.53,1.0,1.27
Little_Millet,26.86,79.89,5.34,1.0,1.11
Little_Millet,26.09,81.14,8.84,1.0,1.09
Little_Millet,33.57,27.86,13.64,1.0,1.51
Little_Millet,35.69,63.56,12.54,1.0,1.28
Little_Millet,17.51,78.19,1.53,1.0,1.05
Little_Millet,38.85,37.2,5.81,1.0,1.49
Little_Millet,28.36,79.8,6.85,1.0,1.12
Little_Millet,28.19,83.98,12.45,1.0,1.09
Little_Millet,37.18,33.51,12.44,1.0,1.5
Little_Millet,19.68,67.47,0.99,1.0,1.13
Little_Millet,22.18,21.13,7.82,1.0,1.45
Little_Millet,19.22,78.71,2.44,1.0,1.06
Little_Millet,17.72,74.88,11.01,1.0,1.07
Little_Millet,31.1,29.89,0.32,1.0,1.47
Maize,38.13,66.22,11.08,1.0,1.28
Maize,23.56,56.9,2.32,1.0,1.23
Maize,15.66,79.0,12.34,1.0,1.03
Maize,31.87,47.01,6.0,1.0,1.36
Maize,17.84,40.6,3.7,1.0,1.29
Maize,30.66,55.3,9.48,1.0,1.3
Maize,29.2,83.94,7.3,1.0,1.1
Maize,26.27,42.54,6.3,1.0,1.35
Maize,30.17,46.29,8.38,1.0,1.35
Maize,23.1,22.63,0.99,1.0,1.45
Maize,36.96,87.55,5.42,1.0,1.13
Maize,31.04,71.35,5.69,1.0,1.19
Maize,15.3,20.41,3.04,1.0,1.39
Maize,16.96,31.49,7.52,1.0,1.33
Maize,29.93,50.23,0.59,1.0,1.33
Maize,38.69,45.0,5.89,1.0,1.44
Maize,30.07,74.95,2.58,1.0,1.16
Maize,17.16,35.43,7.0,1.0,1.31
Maize,19.38,53.93,2.75,1.0,1.22
Maize,20.91,80.55,5.98,1.0,1.06
Maize,31.22,66.81,13.38,1.0,1.23
Maize,33.46,46.0,7.73,1.0,1.38
Maize,16.95,78.99,13.74,1.0,1.04
Maize,26.66,53.93,12.61,1.0,1.28
Maize,15.04,58.08,7.58,1.0,1.16
Maize,15.87,34.29,11.69,1.0,1.31
Maize,29.6,47.14,9.64,1.0,1.34
Maize,32.38,49.36,6.56,1.0,1.35
Maize,21.46,68.37,7.23,1.0,1.14
Maize,24.71,52.09,3.46,1.0,1.27
Maize,19.35,72.34,3.76,1.0,1.1
Maize,19.56,63.85,7.75,1.0,1.16
Maize,36.01,61.79,4.28,1.0,1.3
Maize,30.04,59.77,5.66,1.0,1.26
Maize,37.24,48.2,2.89,1.0,1.4
Maize,32.62,89.84,8.46,1.0,1.08
Maize,26.18,78.87,10.55,1.0,1.11
Maize,17.76,26.6,6.83,1.0,1.37
Maize,23.77,54.81,12.31,1.0,1.25
Maize,21.77,46.13,5.16,1.0,1.28
Maize,20.52,81.86,6.75,1.0,1.05
Maize,33.43,23.4,2.41,1.0,1.54
Maize,34.22,49.37,9.21,1.0,1.37
Maize,37.9,55.72,5.66,1.0,1.35
Maize,21.31,61.66,12.18,1.0,1.18
Maize,27.96,26.8,2.48,1.0,1.46
Maize,27.44,56.87,9.2,1.0,1.26
Maize,39.16,32.55,11.88,1.0,1.53
Maize,30.36,78.98,0.19,1.0,1.14
Maize,32.13,64.39,14.46,1.0,1.25
Mango,21.06,46.3,12.57,1.0,1.28
Mango,29.65,82.0,4.52,1.0,1.11
Mango,27.74,75.99,0.92,1.0,1.14
Mango,35.53,25.68,4.21,1.0,1.54
Mango,35.96,22.86,8.45,1.0,1.56
Mango,38.05,73.44,2.05,1.0,1.23
Mango,21.89,35.19,2.13,1.0,1.35
Mango,30.0,52.0,5.96,1.0,1.32
Mango,15.39,76.56,11.84,1.0,1.05
Mango,25.46,79.6,1.51,1.0,1.1
Mango,29.23,23.77,14.26,1.0,1.5
Mango,30.16,77.38,8.89,1.0,1.15
Mango,36.09,57.27,7.85,1.0,1.33
Mango,16.43,56.59,12.68,1.0,1.18
Mango,18.55,65.53,11.5,1.0,1.14
Mango,31.36,48.18,1.34,1.0,1.35
Mango,33.78,22.95,6.93,1.0,1.54
Mango,25.22,87.31,7.0,1.0,1.05
Mango,21.39,33.67,5.36,1.0,1.36
Mango,16.92,84.99,13.23,1.0,1.01
Mango,37.74,33.41,5.74,1.0,1.51
Mango,17.52,63.08,14.8,1.0,1.14
Mango,33.49,50.95,4.3,1.0,1.35
Mango,21.2,62.54,11.05,1.0,1.18
Mango,25.99,80.33,13.5,1.0,1.1
Mango,21.17,51.74,14.09,1.0,1.24
Mango,28.73,38.62,0.42,1.0,1.39
Mango,38.53,43.71,7.0,1.0,1.44
Mango,39.23,20.69,10.06,1.0,1.61
Mango,26.49,80.28,3.19,1.0,1.1
Mango,39.61,81.21,2.14,1.0,1.19
Mango,27.51,88.38,14.92,1.0,1.06
Mango,38.44,35.43,10.83,1.0,1.5
Mango,21.63,67.49,14.1,1.0,1.15
Mango,20.05,64.74,12.51,1.0,1.15
Mango,25.73,23.66,10.09,1.0,1.46
Mango,35.82,28.15,5.04,1.0,1.53
Mango,17.02,33.8,6.13,1.0,1.32
Mango,24.72,88.14,0.63,1.0,1.04
Mango,35.49,27.21,10.82,1.0,1.53
Mango,21.39,24.43,0.28,1.0,1.42
Mango,23.21,40.76,0.98,1.0,1.33
Mango,27.09,88.4,13.39,1.0,1.05
Mango,17.65,25.7,5.79,1.0,1.38
Mango,32.0,48.28,12.55,1.0,1.36
Mango,29.71,72.88,2.9,1.0,1.17
Mango,18.03,22.0,1.46,1.0,1.4
Mango,33.63,30.65,3.09,1.0,1.49
Mango,22.06,55.24,8.66,1.0,1.23
Mango,34.33,64.01,1.53,1.0,1.27
Masoor,25.92,46.35,10.77,1.0,1.32
Masoor,22.24,70.12,8.78,1.0,1.14
Masoor,29.79,82.47,0.22,1.0,1.11
Masoor,33.36,81.51,2.4,1.0,1.14
Masoor,27.82,62.46,2.97,1.0,1.23
Masoor,16.05,76.56,1.58,1.0,1.05
Masoor,18.7,50.48,0.01,1.0,1.23
Masoor,35.62,39.39,11.37,1.0,1.45
Masoor,36.32,68.32,4.59,1.0,1.25
Masoor,25.43,67.59,5.0,1.0,1.18
Masoor,21.7,34.82,0.67,1.0,1.36
Masoor,31.91,73.24,12.6,1.0,1.19
Masoor,37.03,60.77,0.18,1.0,1.31
Masoor,34.48,87.08,0.4,1.0,1.11
Masoor,37.94,87.73,2.99,1.0,1.13
Masoor,38.99,66.05,10.32,1.0,1.29
Masoor,28.07,26.36,12.54,1.0,1.47
Masoor,37.33,60.75,7.99,1.0,1.31
Masoor,36.97,67.92,14.41,1.0,1.26
Masoor,33.49,69.85,5.9,1.0,1.22
Masoor,22.21,53.52,10.19,1.0,1.24
Masoor,34.88,42.8,7.65,1.0,1.42
Masoor,18.22,30.53,2.07,1.0,1.35
Masoor,24.69,76.16,12.97,1.0,1.12
Masoor,21.96,29.63,8.84,1.0,1.39
Masoor,20.64,38.75,12.89,1.0,1.32
Masoor,38.74,24.07,3.5,1.0,1.58
Masoor,16.88,72.87,3.42,1.0,1.08
Masoor,20.03,58.95,7.58,1.0,1.19
Masoor,39.79,48.23,5.23,1.0,1.42
Masoor,38.58,78.32,0.68,1.0,1.2
Masoor,38.1,65.18,10.13,1.0,1.29
Masoor,31.81,56.43,1.62,1.0,1.3
Masoor,34.71,36.89,8.28,1.0,1.46
Masoor,23.64,87.84,9.56,1.0,1.03
Masoor,24.12,31.51,6.89,1.0,1.4
Masoor,25.87,47.2,6.62,1.0,1.31
Masoor,18.12,69.5,4.42,1.0,1.11
Masoor,31.02,39.92,11.48,1.0,1.4
Masoor,32.43,53.66,6.37,1.0,1.32
Masoor,31.29,73.6,3.15,1.0,1.18
Masoor,16.2,50.59,7.84,1.0,1.21
Masoor,35.45,49.3,0.96,1.0,1.38
Masoor,37.17,69.92,13.64,1.0,1.25
Masoor,36.82,62.73,9.34,1.0,1.3
Masoor,34.8,22.09,10.86,1.0,1.56
Masoor,18.52,44.8,7.43,1.0,1.27
Masoor,31.57,50.08,0.97,1.0,1.34
Masoor,24.33,74.16,2.0,1.0,1.13
Masoor,33.38,81.26,13.35,1.0,1.14
Moong,29.17,67.7,9.3,1.0,1.2
Moong,32.81,72.64,5.4,1.0,1.2
Moong,19.68,71.66,14.28,1.0,1.11
Moong,17.18,58.69,8.87,1.0,1.17
Moong,28.51,83.11,8.56,1.0,1.1
Moong,21.9,81.3,6.1,1.0,1.06
Moong,31.83,61.47,6.31,1.0,1.27
Moong,32.45,67.9,7.08,1.0,1.23
Moong,37.41,88.97,5.73,1.0,1.12
Moong,34.86,33.16,0.18,1.0,1.48
Moong,22.16,49.31,4.59,1.0,1.27
Moong,18.58,85.06,1.83,1.0,1.02
Moong,34.27,35.89,2.46,1.0,1.46
Moong,32.28,33.3,12.85,1.0,1.46
Moong,18.22,64.36,6.53,1.0,1.14
Moong,22.89,45.22,6.27,1.0,1.3
Moong,21.56,44.56,9.68,1.0,1.29
Moong,26.4,71.09,10.64,1.0,1.16
Moong,36.83,58.5,13.7,1.0,1.33
Moong,19.42,72.9,0.27,1.0,1.1
Moong,39.76,78.23,0.7,1.0,1.21
Moong,38.36,46.13,2.12,1.0,1.42
Moong,39.6,28.49,5.2,1.0,1.56
Moong,23.36,27.79,8.42,1.0,1.41
Moong,39.9,41.19,13.43,1.0,1.47
Moong,30.34,67.07,8.56,1.0,1.22
Moong,33.06,48.16,3.92,1.0,1.37
Moong,16.78,33.79,9.42,1.0,1.32
Moong,16.13,67.34,0.59,1.0,1.11
Moong,24.59,30.65,1.61,1.0,1.41
Moong,37.34,62.32,7.14,1.0,1.3
Moong,32.37,35.97,5.33,1.0,1.44
Moong,30.72,77.61,1.66,1.0,1.15
Moong,18.29,84.45,2.83,1.0,1.02
Moong,26.44,70.68,8.88,1.0,1.16
Moong,28.69,39.49,13.69,1.0,1.39
Moong,27.45,40.64,7.87,1.0,1.37
Moong,22.91,39.35,3.93,1.0,1.34
Moong,37.28,61.45,5.1,1.0,1.31
Moong,19.19,36.09,1.14,1.0,1.33
Moong,35.05,52.96,8.99,1.0,1.35
Moong,33.63,43.76,8.0,1.0,1.4
Moong,32.63,70.87,5.76,1.0,1.21
Moong,19.35,20.53,7.86,1.0,1.42
Moong,22.53,81.59,13.64,1.0,1.07
Moong,33.46,89.04,11.19,1.0,1.09
Moong,17.09,25.06,9.25,1.0,1.37
Moong,36.55,72.41,3.78,1.0,1.23
Moong,32.16,45.97,14.52,1.0,1.37
Moong,32.37,84.07,5.7,1.0,1.12
Moth_Bean,29.84,87.46,4.2,1.0,1.08
Moth_Bean,36.21,78.46,6.35,1.0,1.18
Moth_Bean,39.61,55.54,3.88,1.0,1.37
Moth_Bean,38.63,56.09,7.25,1.0,1.36
Moth_Bean,26.47,64.23,4.43,1.0,1.21
Moth_Bean,33.18,39.89,10.07,1.0,1.42
Moth_Bean,25.04,26.17,0.84,1.0,1.44
Moth_Bean,39.76,37.44,6.14,1.0,1.5
Moth_Bean,19.62,51.06,0.05,1.0,1.24
Moth_Bean,36.85,80.36,7.33,1.0,1.17
Moth_Bean,28.51,79.48,10.16,1.0,1.12
Moth_Bean,21.31,57.85,1.07,1.0,1.21
Moth_Bean,30.86,28.95,3.06,1.0,1.48
Moth_Bean,25.13,74.16,13.14,1.0,1.13
Moth_Bean,26.17,55.76,1.78,1.0,1.26
Moth_Bean,20.2,77.56,13.85,1.0,1.08
Moth_Bean,34.89,23.3,3.15,1.0,1.55
Moth_Bean,38.84,45.34,13.0,1.0,1.43
Moth_Bean,32.98,79.71,12.81,1.0,1.15
Moth_Bean,27.61,58.8,8.74,1.0,1.25
Moth_Bean,19.57,53.37,2.07,1.0,1.22
Moth_Bean,20.62,49.5,11.19,1.0,1.25
Moth_Bean,38.37,67.53,1.39,1.0,1.28
Moth_Bean,36.64,39.98,6.35,1.0,1.45
Moth_Bean,24.37,80.83,5.45,1.0,1.08
Moth_Bean,32.02,70.46,8.04,1.0,1.21
Moth_Bean,15.76,49.6,3.74,1.0,1.21
Moth_Bean,34.76,24.25,3.83,1.0,1.54
Moth_Bean,19.69,25.52,12.0,1.0,1.4
Moth_Bean,18.26,85.65,9.45,1.0,1.01
Moth_Bean,26.55,81.45,10.6,1.0,1.1
Moth_Bean,25.34,54.15,13.09,1.0,1.26
Moth_Bean,22.8,76.38,14.29,1.0,1.1
Moth_Bean,36.17,51.99,2.94,1.0,1.37
Moth_Bean,35.47,24.2,13.67,1.0,1.55
Moth_Bean,36.73,83.67,5.69,1.0,1.15
Moth_Bean,18.52,66.58,2.45,1.0,1.13
Moth_Bean,18.43,87.01,9.74,1.0,1.0
Moth_Bean,23.51,48.26,6.39,1.0,1.29
Moth_Bean,18.42,58.46,5.53,1.0,1.18
Moth_Bean,32.33,26.01,3.01,1.0,1.51
Moth_Bean,37.35,55.08,6.69,1.0,1.35
Moth_Bean,39.12,73.76,8.53,1.0,1.24
Moth_Bean,16.31,77.58,5.44,1.0,1.05
Moth_Bean,27.97,20.99,10.86,1.0,1.5
Moth_Bean,39.8,71.66,4.38,1.0,1.26
Moth_Bean,22.38,62.52,10.19,1.0,1.19
Moth_Bean,31.93,49.49,11.71,1.0,1.35
Moth_Bean,33.04,71.97,11.83,1.0,1.2
Moth_Bean,26.71,45.07,14.93,1.0,1.33
Muskmelon,33.08,22.22,12.86,1.0,1.54
Muskmelon,38.09,87.34,1.12,1.0,1.13
Muskmelon,15.68,52.02,11.93,1.0,1.2
Muskmelon,22.81,47.91,3.89,1.0,1.28
Muskmelon,35.03,65.61,1.52,1.0,1.26
Muskmelon,38.27,50.76,9.58,1.0,1.39
Muskmelon,24.24,42.22,14.4,1.0,1.33
Muskmelon,21.96,49.29,10.0,1.0,1.27
Muskmelon,23.26,58.3,6.19,1.0,1.22
Muskmelon,30.08,89.28,3.85,1.0,1.07
Muskmelon,33.54,68.78,7.0,1.0,1.23
Muskmelon,38.35,57.69,11.14,1.0,1.34
Muskmelon,24.69,62.46,9.78,1.0,1.2
Muskmelon,39.36,56.27,3.29,1.0,1.36
Muskmelon,37.9,83.44,2.01,1.0,1.16
Muskmelon,16.39,49.4,14.51,1.0,1.22
Muskmelon,36.43,47.86,11.49,1.0,1.4
Muskmelon,29.16,28.89,12.28,1.0,1.46
Muskmelon,36.44,79.09,9.15,1.0,1.18
Muskmelon,29.14,48.84,4.8,1.0,1.33
Muskmelon,27.52,56.15,5.47,1.0,1.27
Muskmelon,22.45,58.13,9.84,1.0,1.21
Muskmelon,21.87,20.76,5.36,1.0,1.45
Muskmelon,18.19,23.24,10.87,1.0,1.4
Muskmelon,35.46,40.46,12.86,1.0,1.44
Muskmelon,16.25,31.06,4.28,1.0,1.33
Muskmelon,32.75,66.36,4.31,1.0,1.24
Muskmelon,39.32,66.94,7.91,1.0,1.29
Muskmelon,32.02,27.72,3.0,1.0,1.49
Muskmelon,34.62,38.41,10.4,1.0,1.45
Muskmelon,18.51,38.0,0.81,1.0,1.31
Muskmelon,25.32,63.25,8.34,1.0,1.2
Muskmelon,25.59,64.56,10.71,1.0,1.2
Muskmelon,16.17,57.74,10.99,1.0,1.17
Muskmelon,37.24,86.61,11.34,1.0,1.13
Muskmelon,15.4,57.66,10.25,1.0,1.16
Muskmelon,27.92,31.98,3.01,1.0,1.43
Muskmelon,30.29,38.45,0.31,1.0,1.41
Muskmelon,23.58,30.57,12.45,1.0,1.4
Muskmelon,38.25,85.11,1.63,1.0,1.15
Muskmelon,34.3,86.11,14.12,1.0,1.12
Muskmelon,30.35,62.06,6.01,1.0,1.25
Muskmelon,35.92,32.12,12.67,1.0,1.5
Muskmelon,26.56,63.81,5.91,1.0,1.21
Muskmelon,28.77,42.71,7.7,1.0,1.37
Muskmelon,26.78,56.55,11.45,1.0,1.26
Muskmelon,39.68,82.49,4.59,1.0,1.18
Muskmelon,20.43,46.1,12.7,1.0,1.27
Muskmelon,16.04,68.74,13.81,1.0,1.1
Muskmelon,36.65,33.41,8.27,1.0,1.5
Mustard,34.98,72.07,3.25,1.0,1.22
Mustard,30.2,38.02,1.41,1.0,1.41
Mustard,37.0,45.38,8.05,1.0,1.42
Mustard,32.23,43.38,6.92,1.0,1.39
Mustard,21.04,72.51,0.06,1.0,1.11
Mustard,31.26,76.0,8.64,1.0,1.16
Mustard,31.69,21.61,0.22,1.0,1.53
Mustard,25.18,50.32,5.04,1.0,1.29
Mustard,35.81,60.59,6.84,1.0,1.3
Mustard,39.15,61.1,11.17,1.0,1.33
Mustard,23.62,44.33,12.35,1.0,1.31
Mustard,26.8,70.24,1.05,1.0,1.17
Mustard,28.99,82.35,10.57,1.0,1.11
Mustard,16.02,43.69,0.79,1.0,1.25
Mustard,17.18,31.7,6.36,1.0,1.33
Mustard,39.49,80.95,12.31,1.0,1.19
Mustard,29.48,35.05,13.02,1.0,1.42
Mustard,23.62,29.9,9.95,1.0,1.4
Mustard,18.81,56.3,13.43,1.0,1.2
Mustard,26.53,58.03,7.25,1.0,1.25
Mustard,16.94,88.78,1.13,1.0,0.98
Mustard,31.62,59.52,11.01,1.0,1.28
Mustard,24.4,68.09,2.92,1.0,1.17
Mustard,26.86,35.91,10.45,1.0,1.39
Mustard,27.39,67.74,13.36,1.0,1.19
Mustard,18.77,31.7,0.24,1.0,1.35
Mustard,16.91,55.66,14.69,1.0,1.19
Mustard,29.95,21.08,5.2,1.0,1.52
Mustard,22.0,25.28,1.33,1.0,1.42
Mustard,24.7,25.17,11.45,1.0,1.44
Mustard,25.44,42.88,1.32,1.0,1.34
Mustard,24.32,41.07,6.2,1.0,1.34
Mustard,19.94,84.92,5.01,1.0,1.03
Mustard,35.29,65.78,5.19,1.0,1.26
Mustard,27.58,89.18,4.86,1.0,1.05
Mustard,17.14,35.87,2.49,1.0,1.31
Mustard,18.71,71.1,10.52,1.0,1.1
Mustard,21.6,28.91,0.29,1.0,1.39
Mustard,22.14,83.54,7.22,1.0,1.05
Mustard,31.42,50.02,10.02,1.0,1.34
Mustard,39.82,30.14,3.58,1.0,1.55
Mustard,17.78,76.41,0.71,1.0,1.07
Mustard,25.38,66.34,10.1,1.0,1.18
Mustard,35.83,46.14,7.33,1.0,1.4
Mustard,23.9,30.8,10.09,1.0,1.4
Mustard,29.91,42.06,12.61,1.0,1.38
Mustard,25.01,45.62,2.91,1.0,1.32
Mustard,22.64,48.03,5.92,1.0,1.28
Mustard,37.31,62.72,0.32,1.0,1.3
Mustard,32.54,89.85,9.84,1.0,1.08
Niger,35.35,82.98,4.37,1.0,1.15
Niger,26.29,85.01,4.06,1.0,1.07
Niger,22.39,20.25,14.44,1.0,1.45
Niger,35.57,22.98,1.63,1.0,1.56
Niger,27.72,81.99,5.57,1.0,1.1
Niger,32.3,89.85,13.82,1.0,1.08
Niger,28.08,29.97,2.44,1.0,1.44
Niger,35.31,64.17,9.03,1.0,1.28
Niger,31.07,87.7,6.17,1.0,1.09
Niger,29.68,59.69,8.44,1.0,1.26
Niger,23.2,59.01,7.78,1.0,1.21
Niger,30.32,71.76,7.95,1.0,1.19
Niger,29.61,75.91,4.04,1.0,1.15
Niger,38.2,78.0,6.29,1.0,1.2
Niger,36.58,78.09,5.23,1.0,1.19
Niger,20.3,84.06,3.89,1.0,1.04
Niger,24.51,26.91,4.78,1.0,1.43
Niger,30.12,29.0,2.85,1.0,1.47
Niger,15.99,55.03,6.84,1.0,1.18
Niger,37.07,23.76,11.57,1.0,1.57
Niger,29.53,34.96,7.09,1.0,1.42
Niger,33.07,24.02,4.95,1.0,1.53
Niger,19.54,68.09,8.72,1.0,1.13
Niger,36.92,45.35,2.1,1.0,1.42
Niger,25.75,30.02,2.42,1.0,1.42
Niger,16.72,36.45,12.97,1.0,1.3
Niger,22.98,20.45,9.55,1.0,1.46
Niger,30.61,89.65,2.66,1.0,1.07
Niger,35.51,21.51,10.0,1.0,1.57
Niger,20.02,36.73,13.68,1.0,1.33
Niger,19.09,68.16,13.27,1.0,1.13
Niger,22.72,58.51,14.17,1.0,1.21
Niger,30.45,86.53,14.59,1.0,1.09
Niger,20.55,30.76,11.84,1.0,1.37
Niger,33.37,25.99,12.46,1.0,1.52
Niger,24.07,57.1,5.25,1.0,1.23
Niger,29.29,55.57,8.28,1.0,1.29
Niger,17.41,26.98,4.34,1.0,1.37
Niger,15.01,75.66,13.05,1.0,1.05
Niger,18.35,71.56,6.54,1.0,1.1
Niger,19.8,45.75,5.23,1.0,1.27
Niger,19.21,33.28,12.7,1.0,1.34
Niger,31.34,84.6,8.87,1.0,1.11
Niger,35.71,73.44,11.74,1.0,1.21
Niger,36.31,40.02,2.55,1.0,1.45
Niger,26.99,38.15,2.68,1.0,1.38
Niger,34.78,79.21,7.11,1.0,1.17
Niger,28.66,45.74,8.57,1.0,1.35
Niger,29.49,89.38,7.82,1.0,1.06
Niger,27.11,26.61,7.61,1.0,1.46
Oats,28.26,81.94,7.27,1.0,1.1
Oats,22.53,54.54,13.89,1.0,1.24
Oats,31.1,85.89,9.83,1.0,1.1
Oats,30.74,27.21,14.29,1.0,1.49
Oats,31.94,39.96,2.75,1.0,1.41
Oats,37.15,53.87,14.39,1.0,1.36
Oats,16.41,70.19,7.83,1.0,1.09
Oats,17.84,69.24,12.49,1.0,1.11
Oats,26.37,87.53,9.54,1.0,1.05
Oats,18.05,79.1,11.41,1.0,1.05
Oats,39.19,73.58,10.06,1.0,1.24
Oats,25.09,70.75,12.62,1.0,1.15
Oats,26.54,27.39,9.94,1.0,1.45
Oats,31.86,69.25,6.19,1.0,1.21
Oats,17.05,68.03,3.0,1.0,1.11
Oats,32.59,61.5,4.45,1.0,1.27
Oats,23.41,65.18,11.72,1.0,1.18
Oats,15.43,24.96,2.37,1.0,1.36
Oats,30.11,40.58,14.35,1.0,1.39
Oats,30.09,50.25,3.54,1.0,1.33
Oats,15.02,56.44,2.78,1.0,1.17
Oats,18.19,86.13,11.35,1.0,1.01
Oats,31.26,54.39,3.48,1.0,1.31
Oats,26.32,79.27,13.09,1.0,1.11
Oats,16.61,39.61,8.7,1.0,1.28
Oats,18.23,37.51,0.68,1.0,1.31
Oats,25.48,86.43,12.37,1.0,1.06
Oats,34.11,36.23,8.41,1.0,1.46
Oats,30.41,54.61,0.22,1.0,1.3
Oats,15.01,59.93,2.59,1.0,1.14
Oats,17.54,23.35,0.69,1.0,1.39
Oats,33.18,37.65,1.48,1.0,1.44
Oats,28.76,85.74,12.68,1.0,1.08
Oats,34.84,21.82,11.73,1.0,1.56
Oats,26.2,31.71,9.27,1.0,1.42
Oats,28.33,68.04,4.85,1.0,1.2
Oats,34.55,39.12,3.07,1.0,1.44
Oats,31.35,32.23,8.15,1.0,1.46
Oats,37.5,84.73,11.92,1.0,1.15
Oats,34.1,81.77,8.3,1.0,1.15
Oats,27.75,31.31,12.26,1.0,1.43
Oats,38.3,41.24,9.39,1.0,1.46
Oats,18.91,79.26,3.59,1.0,1.06
Oats,27.51,61.52,1.69,1.0,1.23
Oats,27.96,44.42,2.16,1.0,1.35
Oats,20.31,45.0,3.53,1.0,1.28
Oats,23.02,55.46,12.76,1.0,1.24
Oats,20.59,52.88,13.64,1.0,1.23
Oats,15.16,24.72,3.37,1.0,1.36
Oats,29.82,62.22,0.78,1.0,1.25
Okra,25.66,54.8,6.45,1.0,1.26
Okra,35.67,52.05,1.39,1.0,1.36
Okra,25.72,77.17,9.09,1.0,1.12
Okra,30.91,22.36,8.48,1.0,1.52
Okra,27.18,64.47,12.4,1.0,1.21
Okra,16.87,74.2,8.19,1.0,1.07
Okra,26.05,45.11,14.5,1.0,1.33
Okra,39.98,24.88,9.21,1.0,1.59
Okra,34.07,36.27,11.34,1.0,1.46
Okra,32.84,67.43,1.79,1.0,1.23
Okra,22.92,84.08,3.4,1.0,1.05
Okra,21.09,52.96,5.03,1.0,1.24
Okra,22.71,36.02,9.62,1.0,1.36
Okra,17.05,67.95,2.82,1.0,1.11
Okra,37.76,80.36,0.75,1.0,1.18
Okra,32.41,65.64,8.87,1.0,1.24
Okra,20.95,79.69,8.59,1.0,1.07
Okra,39.81,82.34,5.51,1.0,1.18
Okra,34.82,35.18,2.15,1.0,1.47
Okra,35.83,36.85,14.51,1.0,1.47
Okra,31.59,47.41,1.25,1.0,1.36
Okra,23.87,69.82,9.76,1.0,1.15
Okra,28.44,65.8,9.1,1.0,1.21
Okra,33.06,87.38,1.35,1.0,1.1
Okra,16.1,45.39,5.49,1.0,1.24
Okra,17.85,22.79,4.56,1.0,1.39
Okra,21.67,88.54,12.62,1.0,1.02
Okra,18.77,74.18,4.19,1.0,1.09
Okra,16.52,55.45,6.58,1.0,1.18
Okra,26.86,89.87,8.5,1.0,1.04
Okra,26.45,20.09,3.93,1.0,1.49
Okra,22.87,66.87,7.75,1.0,1.16
Okra,20.74,87.72,12.95,1.0,1.02
Okra,24.89,84.82,8.43,1.0,1.06
Okra,15.18,25.4,12.14,1.0,1.35
Okra,32.83,31.56,10.21,1.0,1.48
Okra,36.37,31.07,4.13,1.0,1.51
Okra,29.7,87.9,0.34,1.0,1.07
Okra,32.14,68.65,7.5,1.0,1.22
Okra,27.22,44.32,1.25,1.0,1.34
Okra,26.02,73.65,8.4,1.0,1.14
Okra,19.96,80.98,10.8,1.0,1.05
Okra,38.55,24.39,1.42,1.0,1.58
Okra,35.78,53.63,7.52,1.0,1.35
Okra,18.99,22.27,2.11,1.0,1.41
Okra,19.99,67.87,7.89,1.0,1.13
Okra,20.74,89.69,7.53,1.0,1.0
Okra,30.61,51.9,11.62,1.0,1.32
Okra,37.11,83.53,0.79,1.0,1.15
Okra,20.57,64.73,2.84,1.0,1.16
Onion,18.06,40.94,8.02,1.0,1.29
Onion,17.88,32.14,4.14,1.0,1.34
Onion,22.11,48.55,14.49,1.0,1.27
Onion,20.77,33.23,10.2,1.0,1.36
Onion,38.58,54.62,1.28,1.0,1.37
Onion,31.76,44.93,3.33,1.0,1.38
Onion,23.37,21.49,8.35,1.0,1.46
Onion,20.42,72.53,10.12,1.0,1.11
Onion,19.52,31.44,3.34,1.0,1.36
Onion,16.75,61.99,8.1,1.0,1.15
Onion,15.41,33.36,1.38,1.0,1.31
Onion,35.76,41.11,3.96,1.0,1.44
Onion,38.21,21.43,9.53,1.0,1.6
Onion,26.78,82.85,10.9,1.0,1.09
Onion,23.34,32.42,0.75,1.0,1.39
Onion,31.5,46.71,1.21,1.0,1.36
Onion,23.68,46.07,0.47,1.0,1.3
Onion,32.94,20.38,9.0,1.0,1.55
Onion,17.45,22.07,14.93,1.0,1.4
Onion,33.74,56.63,11.95,1.0,1.31
Onion,39.59,85.84,3.58,1.0,1.16
Onion,30.79,81.11,13.35,1.0,1.13
Onion,33.37,63.25,2.83,1.0,1.27
Onion,22.37,63.06,4.39,1.0,1.18
Onion,26.03,42.11,5.61,1.0,1.35
Onion,32.84,81.49,11.84,1.0,1.14
Onion,26.03,69.3,11.63,1.0,1.17
Onion,23.73,26.43,2.61,1.0,1.43
Onion,21.12,48.48,0.69,1.0,1.26
Onion,38.34,70.8,3.13,1.0,1.25
Onion,26.64,37.92,8.48,1.0,1.38
Onion,25.14,38.05,4.92,1.0,1.37
Onion,19.11,70.83,6.45,1.0,1.11
Onion,15.16,79.52,13.4,1.0,1.03
Onion,15.44,43.6,8.1,1.0,1.25
Onion,25.28,33.35,5.58,1.0,1.4
Onion,18.01,89.73,13.13,1.0,0.98
Onion,16.43,41.19,9.4,1.0,1.27
Onion,38.98,62.59,1.8,1.0,1.31
Onion,33.83,53.53,3.97,1.0,1.34
Onion,18.2,58.8,5.11,1.0,1.18
Onion,28.17,22.17,4.37,1.0,1.5
Onion,23.0,23.89,7.26,1.0,1.44
Onion,30.18,74.94,2.38,1.0,1.16
Onion,36.03,85.49,8.75,1.0,1.13
Onion,20.7,70.8,7.88,1.0,1.12
Onion,16.55,29.0,5.71,1.0,1.34
Onion,37.02,75.39,12.55,1.0,1.21
Onion,30.51,45.48,12.38,1.0,1.36
Onion,19.39,69.64,5.29,1.0,1.12
Orange,20.49,71.33,5.3,1.0,1.12
Orange,34.44,51.36,4.96,1.0,1.36
Orange,24.75,78.53,13.04,1.0,1.1
Orange,32.93,29.3,7.5,1.0,1.49
Orange,39.89,21.02,14.88,1.0,1.61
Orange,31.33,67.49,10.86,1.0,1.22
Orange,31.85,89.1,9.04,1.0,1.08
Orange,24.57,65.32,11.83,1.0,1.19
Orange,16.83,63.71,0.53,1.0,1.14
Orange,35.46,53.91,7.78,1.0,1.35
Orange,35.07,86.09,2.73,1.0,1.12
Orange,25.11,69.12,1.22,1.0,1.16
Orange,33.18,80.81,2.78,1.0,1.15
Orange,34.67,84.97,6.98,1.0,1.13
Orange,34.78,53.47,13.79,1.0,1.34
Orange,37.49,43.8,9.61,1.0,1.43
Orange,22.12,82.51,14.87,1.0,1.06
Orange,29.52,29.91,10.67,1.0,1.46
Orange,39.14,30.65,9.07,1.0,1.54
Orange,30.14,60.61,12.14,1.0,1.26
Orange,26.27,42.2,6.92,1.0,1.35
Orange,26.79,62.29,11.08,1.0,1.22
Orange,32.41,67.51,6.46,1.0,1.23
Orange,18.24,34.81,9.53,1.0,1.32
Orange,18.45,41.77,13.18,1.0,1.28
Orange,15.3,52.35,14.02,1.0,1.19
Orange,31.87,33.57,14.16,1.0,1.45
Orange,23.89,57.71,5.06,1.0,1.23
Orange,31.47,21.38,13.8,1.0,1.53
Orange,22.82,64.27,6.25,1.0,1.18
Orange,32.03,40.04,0.85,1.0,1.41
Orange,35.42,82.92,0.58,1.0,1.15
Orange,27.29,78.11,3.25,1.0,1.12
Orange,25.65,64.73,12.06,1.0,1.2
Orange,21.62,54.61,9.1,1.0,1.23
Orange,31.65,22.13,4.72,1.0,1.53
Orange,15.44,81.74,14.86,1.0,1.02
Orange,30.11,27.53,8.93,1.0,1.48
Orange,22.67,73.97,7.28,1.0,1.12
Orange,29.65,62.53,9.01,1.0,1.24
Orange,33.26,35.11,11.59,1.0,1.46
Orange,31.77,71.46,4.67,1.0,1.2
Orange,28.56,27.42,5.78,1.0,1.47
Orange,24.9,86.5,3.72,1.0,1.05
Orange,31.15,73.39,2.84,1.0,1.18
Orange,29.67,83.56,2.6,1.0,1.1
Orange,28.29,85.66,13.49,1.0,1.08
Orange,32.36,62.36,4.18,1.0,1.26
Orange,16.62,42.47,9.55,1.0,1.26
Orange,31.56,74.93,12.75,1.0,1.17
Papaya,22.98,84.46,7.34,1.0,1.05
Papaya,35.13,78.89,0.86,1.0,1.17
Papaya,25.66,34.95,6.26,1.0,1.39
Papaya,32.1,75.15,1.25,1.0,1.18
Papaya,37.56,30.62,12.01,1.0,1.53
Papaya,24.31,64.39,13.43,1.0,1.19
Papaya,35.67,63.28,13.21,1.0,1.28
Papaya,31.32,87.22,7.06,1.0,1.09
Papaya,27.68,41.02,4.92,1.0,1.37
Papaya,30.44,74.6,10.6,1.0,1.17
Papaya,33.72,81.12,13.9,1.0,1.15
Papaya,19.41,67.8,6.44,1.0,1.13
Papaya,22.34,59.5,7.21,1.0,1.2
Papaya,27.39,49.08,12.83,1.0,1.31
Papaya,22.65,47.7,6.31,1.0,1.28
Papaya,32.85,87.94,1.11,1.0,1.1
Papaya,37.72,66.49,13.43,1.0,1.28
Papaya,38.57,58.39,13.95,1.0,1.34
Papaya,31.82,83.85,8.65,1.0,1.12
Papaya,19.96,83.71,11.72,1.0,1.04
Papaya,33.83,42.1,10.43,1.0,1.41
Papaya,19.6,20.44,14.74,1.0,1.43
Papaya,15.4,28.8,5.83,1.0,1.34
Papaya,15.93,37.34,3.17,1.0,1.29
Papaya,36.66,62.62,4.25,1.0,1.3
Papaya,36.58,36.01,0.49,1.0,1.48
Papaya,18.22,79.91,7.22,1.0,1.05
Papaya,26.09,67.45,7.96,1.0,1.18
Papaya,31.06,38.1,13.8,1.0,1.42
Papaya,34.98,33.12,12.1,1.0,1.49
Papaya,37.16,64.42,9.03,1.0,1.29
Papaya,16.84,87.49,7.75,1.0,0.99
Papaya,26.01,70.43,3.82,1.0,1.16
Papaya,33.99,36.78,1.92,1.0,1.45
Papaya,25.08,30.58,6.01,1.0,1.41
Papaya,35.81,80.69,0.71,1.0,1.17
Papaya,38.65,55.11,14.69,1.0,1.36
Papaya,16.82,24.51,8.44,1.0,1.37
Papaya,28.12,20.03,13.73,1.0,1.51
Papaya,21.82,67.01,12.0,1.0,1.15
Papaya,32.9,35.47,14.89,1.0,1.45
Papaya,25.57,21.77,6.53,1.0,1.47
Papaya,21.09,87.15,3.47,1.0,1.02
Papaya,16.58,49.35,10.54,1.0,1.22
Papaya,28.6,63.87,2.2,1.0,1.23
Papaya,35.96,70.4,9.8,1.0,1.24
Papaya,35.42,32.44,7.66,1.0,1.49
Papaya,38.4,83.19,7.26,1.0,1.17
Papaya,19.44,41.3,7.51,1.0,1.29
Papaya,28.43,89.85,11.25,1.0,1.05
Pearl_Millet,27.93,45.59,2.27,1.0,1.34
Pearl_Millet,39.83,35.75,7.01,1.0,1.51
Pearl_Millet,38.83,69.21,5.5,1.0,1.27
Pearl_Millet,18.61,72.6,3.43,1.0,1.09
Pearl_Millet,19.2,75.73,5.57,1.0,1.08
Pearl_Millet,22.77,73.73,6.73,1.0,1.12
Pearl_Millet,23.04,81.01,14.72,1.0,1.07
Pearl_Millet,38.96,64.07,13.68,1.0,1.3
Pearl_Millet,29.48,23.42,9.82,1.0,1.5
Pearl_Millet,30.23,23.43,10.14,1.0,1.51
Pearl_Millet,19.19,62.82,9.17,1.0,1.16
Pearl_Millet,20.59,64.51,9.66,1.0,1.16
Pearl_Millet,17.8,44.75,0.73,1.0,1.26
Pearl_Millet,27.14,37.53,4.36,1.0,1.39
Pearl_Millet,17.46,57.11,14.52,1.0,1.18
Pearl_Millet,22.81,82.52,10.51,1.0,1.06
Pearl_Millet,31.55,69.75,6.47,1.0,1.21
Pearl_Millet,23.07,67.79,6.86,1.0,1.16
Pearl_Millet,21.29,25.37,1.75,1.0,1.41
Pearl_Millet,30.49,50.44,11.82,1.0,1.33
Pearl_Millet,19.09,82.7,11.65,1.0,1.04
Pearl_Millet,19.87,23.39,8.74,1.0,1.41
Pearl_Millet,38.66,26.8,3.67,1.0,1.56
Pearl_Millet,21.05,28.22,8.09,1.0,1.39
Pearl_Millet,33.03,84.42,6.25,1.0,1.12
Pearl_Millet,34.54,21.21,5.41,1.0,1.56
Pearl_Millet,24.64,70.57,11.09,1.0,1.15
Pearl_Millet,18.01,83.84,5.2,1.0,1.02
Pearl_Millet,28.39,54.27,2.09,1.0,1.29
Pearl_Millet,24.46,37.27,1.25,1.0,1.36
Pearl_Millet,32.63,66.72,0.48,1.0,1.24
Pearl_Millet,35.59,47.7,10.95,1.0,1.39
Pearl_Millet,29.45,60.8,13.66,1.0,1.25
Pearl_Millet,19.38,65.48,4.04,1.0,1.14
Pearl_Millet,26.42,70.05,9.81,1.0,1.17
Pearl_Millet,19.79,78.27,12.66,1.0,1.07
Pearl_Millet,28.55,71.95,5.07,1.0,1.17
Pearl_Millet,19.05,39.31,11.45,1.0,1.3
Pearl_Millet,36.37,70.48,11.35,1.0,1.24
Pearl_Millet,25.28,60.45,1.28,1.0,1.22
Pearl_Millet,33.92,28.3,7.05,1.0,1.51
Pearl_Millet,36.22,54.7,14.79,1.0,1.35
Pearl_Millet,38.16,34.25,1.76,1.0,1.51
Pearl_Millet,29.1,82.93,7.63,1.0,1.1
Pearl_Millet,24.01,63.65,10.97,1.0,1.19
Pearl_Millet,17.83,45.41,2.32,1.0,1.26
Pearl_Millet,34.73,34.2,5.95,1.0,1.48
Pearl_Millet,32.61,28.39,2.97,1.0,1.5
Pearl_Millet,39.05,55.53,13.84,1.0,1.36
Pearl_Millet,37.16,59.23,7.7,1.0,1.32
Pigeon_Pea,25.21,68.3,7.7,1.0,1.17
Pigeon_Pea,22.75,88.4,7.49,1.0,1.02
Pigeon_Pea,31.95,28.49,8.2,1.0,1.49
Pigeon_Pea,39.11,25.5,12.95,1.0,1.58
Pigeon_Pea,28.11,54.4,13.28,1.0,1.28
Pigeon_Pea,29.24,77.92,10.4,1.0,1.14
Pigeon_Pea,22.72,84.03,3.21,1.0,1.05
Pigeon_Pea,32.22,38.43,2.29,1.0,1.42
Pigeon_Pea,23.43,21.77,6.08,1.0,1.45
Pigeon_Pea,18.38,72.68,5.2,1.0,1.09
Pigeon_Pea,19.07,26.25,0.31,1.0,1.38
Pigeon_Pea,25.53,67.51,8.53,1.0,1.18
Pigeon_Pea,38.63,68.26,4.79,1.0,1.27
Pigeon_Pea,20.5,74.05,3.1,1.0,1.1
Pigeon_Pea,23.11,43.35,14.49,1.0,1.31
Pigeon_Pea,31.64,50.11,12.58,1.0,1.34
Pigeon_Pea,30.4,22.16,12.56,1.0,1.52
Pigeon_Pea,33.57,88.85,10.2,1.0,1.09
Pigeon_Pea,38.74,30.32,10.37,1.0,1.54
Pigeon_Pea,37.64,79.09,12.01,1.0,1.19
Pigeon_Pea,17.8,87.12,6.21,1.0,1.0
Pigeon_Pea,21.3,33.55,11.95,1.0,1.36
Pigeon_Pea,33.39,61.37,9.43,1.0,1.28
Pigeon_Pea,28.33,25.68,1.53,1.0,1.47
Pigeon_Pea,28.24,77.49,11.56,1.0,1.13
Pigeon_Pea,37.62,87.93,2.35,1.0,1.13
Pigeon_Pea,38.88,40.08,2.62,1.0,1.47
Pigeon_Pea,26.61,35.54,12.87,1.0,1.39
Pigeon_Pea,32.31,23.6,4.21,1.0,1.53
Pigeon_Pea,33.62,74.62,3.28,1.0,1.19
Pigeon_Pea,38.37,66.33,3.44,1.0,1.28
Pigeon_Pea,23.6,84.82,13.63,1.0,1.05
Pigeon_Pea,19.68,63.04,0.09,1.0,1.16
Pigeon_Pea,23.6,32.31,9.32,1.0,1.39
Pigeon_Pea,20.21,24.93,11.46,1.0,1.4
Pigeon_Pea,18.28,46.87,0.87,1.0,1.25
Pigeon_Pea,19.08,71.87,8.82,1.0,1.1
Pigeon_Pea,37.78,80.75,10.61,1.0,1.18
Pigeon_Pea,16.34,32.73,2.61,1.0,1.32
Pigeon_Pea,18.87,75.44,2.51,1.0,1.08
Pigeon_Pea,38.11,61.03,3.52,1.0,1.32
Pigeon_Pea,33.12,53.12,1.1,1.0,1.33
Pigeon_Pea,15.75,33.11,9.61,1.0,1.31
Pigeon_Pea,25.03,25.04,10.73,1.0,1.45
Pigeon_Pea,19.84,47.72,12.12,1.0,1.26
Pigeon_Pea,19.66,40.5,6.49,1.0,1.3
Pigeon_Pea,22.94,55.84,4.22,1.0,1.23
Pigeon_Pea,31.17,46.45,2.52,1.0,1.36
Pigeon_Pea,24.56,78.49,0.69,1.0,1.1
Pigeon_Pea,24.75,69.77,5.14,1.0,1.16
Pineapple,26.01,39.45,12.39,1.0,1.36
Pineapple,29.15,87.76,12.47,1.0,1.07
Pineapple,27.49,53.24,10.98,1.0,1.29
Pineapple,35.82,24.31,6.52,1.0,1.55
Pineapple,30.25,23.7,10.47,1.0,1.51
Pineapple,25.09,88.26,8.79,1.0,1.04
Pineapple,38.13,79.5,10.36,1.0,1.19
Pineapple,36.44,46.19,3.32,1.0,1.41
Pineapple,35.76,43.87,5.03,1.0,1.42
Pineapple,33.91,79.15,0.18,1.0,1.16
Pineapple,19.97,47.41,7.38,1.0,1.26
Pineapple,23.66,24.67,12.05,1.0,1.44
Pineapple,20.53,80.68,7.69,1.0,1.06
Pineapple,20.46,59.57,12.82,1.0,1.19
Pineapple,19.89,60.58,8.51,1.0,1.18
Pineapple,23.14,58.19,0.88,1.0,1.22
Pineapple,22.64,44.32,8.72,1.0,1.3
Pineapple,16.19,49.14,14.02,1.0,1.22
Pineapple,30.9,77.41,9.81,1.0,1.15
Pineapple,38.84,89.03,8.78,1.0,1.13
Pineapple,16.27,45.51,12.27,1.0,1.24
Pineapple,22.12,89.73,0.23,1.0,1.01
Pineapple,15.05,66.78,10.69,1.0,1.1
Pineapple,32.44,67.49,11.65,1.0,1.23
Pineapple,23.84,39.57,0.85,1.0,1.34
Pineapple,36.38,71.49,4.34,1.0,1.23
Pineapple,24.16,65.81,14.28,1.0,1.18
Pineapple,26.93,74.65,4.86,1.0,1.14
Pineapple,30.67,37.56,5.92,1.0,1.42
Pineapple,26.67,24.49,2.69,1.0,1.47
Pineapple,36.27,46.01,7.24,1.0,1.41
Pineapple,39.2,89.1,7.33,1.0,1.13
Pineapple,15.59,40.42,4.4,1.0,1.27
Pineapple,35.49,77.65,14.94,1.0,1.18
Pineapple,39.36,47.87,3.82,1.0,1.42
Pineapple,28.68,68.18,13.26,1.0,1.2
Pineapple,24.39,48.87,3.63,1.0,1.29
Pineapple,17.43,43.07,7.74,1.0,1.27
Pineapple,37.1,45.3,9.21,1.0,1.42
Pineapple,39.0,60.57,14.06,1.0,1.33
Pineapple,23.32,54.25,4.12,1.0,1.25
Pineapple,36.46,78.78,3.87,1.0,1.18
Pineapple,35.29,25.68,4.4,1.0,1.54
Pineapple,20.89,52.11,6.21,1.0,1.24
Pineapple,19.92,75.38,13.81,1.0,1.09
Pineapple,20.0,22.59,6.26,1.0,1.42
Pineapple,23.61,45.98,13.05,1.0,1.3
Pineapple,32.93,89.85,1.77,1.0,1.08
Pineapple,34.05,24.91,13.95,1.0,1.53
Pineapple,29.14,47.87,4.8,1.0,1.34
Pomegranate,26.13,59.67,8.72,1.0,1.23
Pomegranate,36.12,27.9,14.29,1.0,1.53
Pomegranate,38.63,62.52,1.99,1.0,1.31
Pomegranate,15.6,23.03,6.86,1.0,1.37
Pomegranate,18.44,22.15,5.57,1.0,1.4
Pomegranate,15.69,78.17,10.02,1.0,1.04
Pomegranate,16.62,69.95,7.7,1.0,1.1
Pomegranate,15.68,75.56,11.7,1.0,1.06
Pomegranate,23.08,61.46,10.95,1.0,1.2
Pomegranate,23.86,79.57,8.04,1.0,1.09
Pomegranate,34.84,48.72,2.96,1.0,1.38
Pomegranate,25.82,68.64,1.18,1.0,1.17
Pomegranate,16.62,47.06,10.21,1.0,1.24
Pomegranate,38.16,79.75,8.34,1.0,1.19
Pomegranate,34.81,43.27,6.57,1.0,1.41
Pomegranate,35.29,37.35,1.42,1.0,1.46
Pomegranate,34.96,25.26,14.37,1.0,1.54
Pomegranate,37.26,66.78,7.33,1.0,1.27
Pomegranate,34.5,28.23,2.29,1.0,1.51
Pomegranate,30.42,27.32,9.87,1.0,1.48
Pomegranate,31.23,21.02,5.98,1.0,1.53
Pomegranate,21.89,79.2,5.12,1.0,1.08
Pomegranate,35.14,70.12,10.38,1.0,1.23
Pomegranate,24.19,29.92,3.61,1.0,1.41
Pomegranate,38.03,59.31,0.07,1.0,1.33
Pomegranate,35.48,42.84,1.95,1.0,1.42
Pomegranate,36.08,79.75,7.64,1.0,1.17
Pomegranate,39.71,47.09,0.72,1.0,1.43
Pomegranate,16.66,72.54,14.04,1.0,1.08
Pomegranate,21.34,84.02,14.69,1.0,1.04
Pomegranate,29.73,74.95,0.27,1.0,1.16
Pomegranate,15.18,20.54,4.57,1.0,1.38
Pomegranate,26.81,35.0,3.71,1.0,1.4
Pomegranate,26.1,65.5,13.89,1.0,1.2
Pomegranate,34.37,46.57,7.54,1.0,1.39
Pomegranate,16.37,77.09,3.81,1.0,1.05
Pomegranate,34.35,72.12,0.43,1.0,1.21
Pomegranate,26.1,54.04,0.86,1.0,1.27
Pomegranate,33.6,72.72,14.36,1.0,1.2
Pomegranate,27.2,20.22,10.63,1.0,1.5
Pomegranate,22.79,49.21,5.96,1.0,1.27
Pomegranate,32.09,52.25,0.41,1.0,1.33
Pomegranate,31.05,34.33,0.17,1.0,1.44
Pomegranate,26.32,36.78,10.47,1.0,1.38
Pomegranate,35.36,43.14,7.78,1.0,1.42
Pomegranate,26.82,60.66,14.4,1.0,1.23
Pomegranate,28.76,61.75,3.28,1.0,1.24
Pomegranate,36.57,31.23,13.99,1.0,1.51
Pomegranate,31.58,81.92,12.91,1.0,1.13
Pomegranate,18.27,82.3,8.97,1.0,1.03
Potato,39.91,42.77,3.35,1.0,1.46
Potato,18.21,76.45,7.71,1.0,1.07
Potato,17.61,54.5,3.74,1.0,1.2
Potato,25.11,85.17,5.08,1.0,1.06
Potato,30.85,24.61,7.71,1.0,1.5
Potato,31.15,57.43,4.66,1.0,1.29
Potato,25.51,46.57,4.58,1.0,1.31
Potato,29.56,85.61,12.99,1.0,1.09
Potato,18.4,40.01,11.6,1.0,1.29
Potato,35.57,41.26,0.4,1.0,1.43
Potato,19.56,35.24,4.79,1.0,1.33
Potato,29.16,55.33,3.2,1.0,1.29
Potato,36.05,23.67,7.07,1.0,1.56
Potato,36.14,85.23,13.84,1.0,1.14
Potato,19.11,33.12,11.07,1.0,1.34
Potato,21.69,68.49,14.65,1.0,1.14
Potato,38.92,48.93,1.15,1.0,1.41
Potato,16.76,89.78,13.92,1.0,0.98
Potato,23.27,56.07,3.13,1.0,1.23
Potato,15.4,24.75,7.46,1.0,1.36
Potato,24.85,80.94,10.49,1.0,1.09
Potato,28.68,28.31,7.47,1.0,1.46
Potato,29.18,52.69,1.99,1.0,1.3
Potato,25.27,78.74,7.01,1.0,1.1
Potato,28.59,68.76,10.68,1.0,1.19
Potato,27.66,88.42,7.64,1.0,1.06
Potato,21.77,78.31,10.12,1.0,1.08
Potato,36.42,70.66,5.17,1.0,1.24
Potato,16.23,49.05,4.11,1.0,1.22
Potato,20.35,45.56,14.67,1.0,1.28
Potato,28.98,70.55,6.34,1.0,1.18
Potato,31.97,56.18,6.68,1.0,1.3
Potato,32.23,68.4,2.19,1.0,1.22
Potato,34.89,43.04,11.78,1.0,1.42
Potato,39.85,22.21,8.08,1.0,1.61
Potato,20.26,48.74,0.75,1.0,1.26
Potato,21.77,21.01,6.91,1.0,1.44
Potato,36.81,78.69,5.01,1.0,1.19
Potato,34.72,50.23,4.13,1.0,1.37
Potato,25.44,77.74,2.41,1.0,1.11
Potato,23.68,83.33,4.08,1.0,1.06
Potato,17.73,30.19,1.57,1.0,1.35
Potato,28.44,30.42,14.07,1.0,1.44
Potato,32.49,70.31,0.98,1.0,1.21
Potato,24.81,68.8,3.36,1.0,1.16
Potato,22.97,52.06,7.5,1.0,1.26
Potato,39.72,36.32,10.89,1.0,1.51
Potato,35.67,48.18,4.52,1.0,1.39
Potato,22.2,20.86,2.61,1.0,1.45
Potato,18.16,34.81,13.69,1.0,1.32
Proso_Millet,38.65,78.19,13.33,1.0,1.2
Proso_Millet,34.1,48.36,4.49,1.0,1.37
Proso_Millet,34.83,22.73,4.67,1.0,1.55
Proso_Millet,28.9,54.77,4.62,1.0,1.29
Proso_Millet,27.18,34.45,10.42,1.0,1.41
Proso_Millet,17.22,23.2,0.41,1.0,1.39
Proso_Millet,21.56,35.75,14.27,1.0,1.35
Proso_Millet,28.65,86.36,8.17,1.0,1.08
Proso_Millet,15.72,67.93,11.49,1.0,1.1
Proso_Millet,21.0,43.28,13.42,1.0,1.3
Proso_Millet,39.01,69.69,10.91,1.0,1.26
Proso_Millet,38.23,51.81,3.23,1.0,1.38
Proso_Millet,27.13,39.87,10.23,1.0,1.37
Proso_Millet,17.4,86.59,9.74,1.0,1.0
Proso_Millet,28.71,77.68,14.82,1.0,1.14
Proso_Millet,16.96,89.91,13.38,1.0,0.98
Proso_Millet,39.06,49.22,13.8,1.0,1.41
Proso_Millet,24.27,22.07,11.76,1.0,1.46
Proso_Millet,39.98,85.8,11.63,1.0,1.16
Proso_Millet,28.36,37.48,12.46,1.0,1.4
Proso_Millet,34.97,36.52,13.17,1.0,1.46
Proso_Millet,26.96,89.72,6.86,1.0,1.04
Proso_Millet,17.41,28.82,11.56,1.0,1.35
Proso_Millet,38.91,88.85,5.91,1.0,1.13
Proso_Millet,18.43,36.56,3.91,1.0,1.32
Proso_Millet,35.5,32.54,7.61,1.0,1.49
Proso_Millet,18.1,52.97,3.81,1.0,1.21
Proso_Millet,18.59,67.66,14.37,1.0,1.12
Proso_Millet,30.67,85.91,8.56,1.0,1.09
Proso_Millet,23.92,37.63,1.14,1.0,1.36
Proso_Millet,22.5,61.09,10.78,1.0,1.2
Proso_Millet,20.44,88.78,1.6,1.0,1.01
Proso_Millet,27.58,33.14,1.73,1.0,1.42
Proso_Millet,29.11,89.27,8.91,1.0,1.06
Proso_Millet,23.99,47.37,6.07,1.0,1.3
Proso_Millet,26.19,20.8,0.3,1.0,1.49
Proso_Millet,35.54,83.29,5.57,1.0,1.15
Proso_Millet,17.13,57.78,3.65,1.0,1.17
Proso_Millet,25.01,71.29,7.47,1.0,1.15
Proso_Millet,19.38,62.24,10.9,1.0,1.16
Proso_Millet,19.35,73.33,12.95,1.0,1.1
Proso_Millet,19.02,47.9,4.07,1.0,1.25
Proso_Millet,39.56,67.66,2.54,1.0,1.28
Proso_Millet,20.56,37.15,14.71,1.0,1.33
Proso_Millet,31.12,54.73,14.79,1.0,1.31
Proso_Millet,19.23,56.19,8.34,1.0,1.2
Proso_Millet,39.15,30.06,7.59,1.0,1.54
Proso_Millet,17.29,47.04,11.91,1.0,1.24
Proso_Millet,16.41,59.44,2.16,1.0,1.16
Proso_Millet,28.36,22.65,11.77,1.0,1.49
Pumpkin,19.52,72.78,11.75,1.0,1.1
Pumpkin,29.95,49.03,6.16,1.0,1.33
Pumpkin,27.56,42.02,9.4,1.0,1.36
Pumpkin,15.67,29.22,3.62,1.0,1.34
Pumpkin,27.83,73.77,14.13,1.0,1.15
Pumpkin,38.87,64.38,1.52,1.0,1.3
Pumpkin,29.74,24.8,10.47,1.0,1.49
Pumpkin,38.13,57.94,14.95,1.0,1.34
Pumpkin,33.3,72.94,9.11,1.0,1.2
Pumpkin,39.69,84.6,2.64,1.0,1.16
Pumpkin,17.0,77.98,2.4,1.0,1.05
Pumpkin,36.85,79.66,0.21,1.0,1.18
Pumpkin,22.91,23.72,9.53,1.0,1.44
Pumpkin,23.04,75.01,11.48,1.0,1.11
Pumpkin,39.72,87.52,2.61,1.0,1.14
Pumpkin,26.26,84.59,8.25,1.0,1.07
Pumpkin,38.96,86.38,1.7,1.0,1.15
Pumpkin,35.38,54.42,9.7,1.0,1.34
Pumpkin,20.19,79.41,0.26,1.0,1.06
Pumpkin,33.09,49.96,13.85,1.0,1.35
Pumpkin,30.01,59.3,1.65,1.0,1.27
Pumpkin,23.49,82.01,13.2,1.0,1.07
Pumpkin,24.13,26.84,13.24,1.0,1.43
Pumpkin,34.53,49.77,3.03,1.0,1.37
Pumpkin,39.49,55.66,11.48,1.0,1.37
Pumpkin,34.99,82.4,1.38,1.0,1.15
Pumpkin,16.2,54.85,1.85,1.0,1.18
Pumpkin,30.07,23.9,1.24,1.0,1.5
Pumpkin,28.61,76.48,0.74,1.0,1.14
Pumpkin,32.27,71.26,1.22,1.0,1.2
Pumpkin,36.45,53.78,4.87,1.0,1.36
Pumpkin,33.91,70.33,2.55,1.0,1.22
Pumpkin,22.55,21.29,6.09,1.0,1.45
Pumpkin,25.12,27.21,2.28,1.0,1.43
Pumpkin,29.91,35.86,13.4,1.0,1.42
Pumpkin,23.58,58.16,1.1,1.0,1.22
Pumpkin,32.59,74.13,2.78,1.0,1.19
Pumpkin,22.69,60.14,3.97,1.0,1.2
Pumpkin,21.17,52.0,2.43,1.0,1.24
Pumpkin,18.09,62.56,13.54,1.0,1.15
Pumpkin,18.4,68.18,12.69,1.0,1.12
Pumpkin,39.63,49.45,1.23,1.0,1.41
Pumpkin,20.79,20.92,0.53,1.0,1.43
Pumpkin,18.04,29.14,2.0,1.0,1.36
Pumpkin,17.97,70.84,9.04,1.0,1.1
Pumpkin,16.55,38.13,13.79,1.0,1.29
Pumpkin,23.89,43.41,7.92,1.0,1.32
Pumpkin,33.96,85.24,4.07,1.0,1.12
Pumpkin,22.9,36.11,1.12,1.0,1.36
Pumpkin,16.85,78.16,7.26,1.0,1.05
Radish,39.67,26.47,8.58,1.0,1.57
Radish,25.79,70.95,14.39,1.0,1.16
Radish,36.78,54.27,8.25,1.0,1.35
Radish,27.43,32.27,6.87,1.0,1.42
Radish,27.59,69.06,13.85,1.0,1.18
Radish,39.74,51.4,10.28,1.0,1.4
Radish,19.85,33.95,1.98,1.0,1.34
Radish,15.39,26.25,1.0,1.0,1.35
Radish,15.39,85.3,5.83,1.0,0.99
Radish,17.0,44.9,5.99,1.0,1.25
Radish,29.93,34.06,14.85,1.0,1.43
Radish,16.63,68.19,3.0,1.0,1.11
Radish,33.41,28.23,10.57,1.0,1.5
Radish,30.16,86.22,5.82,1.0,1.09
Radish,20.77,88.92,6.65,1.0,1.01
Radish,35.13,70.11,13.9,1.0,1.23
Radish,28.41,35.66,10.0,1.0,1.41
Radish,22.32,29.12,2.97,1.0,1.4
Radish,39.54,40.2,3.88,1.0,1.48
Radish,28.01,86.27,10.04,1.0,1.07
Radish,24.06,48.44,1.36,1.0,1.29
Radish,33.52,36.99,8.0,1.0,1.45
Radish,35.69,56.68,3.42,1.0,1.33
Radish,39.13,53.93,0.83,1.0,1.38
Radish,34.66,70.45,1.84,1.0,1.23
Radish,31.0,76.26,0.08,1.0,1.16
Radish,32.21,74.56,14.67,1.0,1.18
Radish,37.84,73.53,6.66,1.0,1.23
Radish,32.24,45.74,5.64,1.0,1.38
Radish,34.53,67.23,12.65,1.0,1.25
Radish,39.29,30.64,0.81,1.0,1.54
Radish,22.26,49.12,8.55,1.0,1.27
Radish,17.12,89.61,10.78,1.0,0.98
Radish,38.34,34.45,5.57,1.0,1.51
Radish,37.04,71.43,13.46,1.0,1.24
Radish,37.91,49.5,3.78,1.0,1.4
Radish,18.21,41.39,14.15,1.0,1.28
Radish,15.82,74.16,3.22,1.0,1.06
Radish,37.12,29.22,10.21,1.0,1.53
Radish,39.72,23.86,9.06,1.0,1.59
Radish,26.28,31.12,0.45,1.0,1.42
Radish,16.25,76.35,9.83,1.0,1.05
Radish,31.61,72.8,6.29,1.0,1.19
Radish,19.2,44.75,10.32,1.0,1.27
Radish,28.06,60.24,12.87,1.0,1.25
Radish,27.4,87.13,2.92,1.0,1.06
Radish,21.53,27.25,14.31,1.0,1.4
Radish,24.66,72.05,7.81,1.0,1.14
Radish,20.91,31.21,13.72,1.0,1.37
Radish,37.52,22.76,10.68,1.0,1.58
Ragi,24.4,52.36,8.23,1.0,1.27
Ragi,21.89,79.74,8.86,1.0,1.07
Ragi,39.97,25.75,8.22,1.0,1.58
Ragi,18.18,80.29,10.45,1.0,1.04
Ragi,24.21,23.34,2.66,1.0,1.45
Ragi,17.76,80.21,12.02,1.0,1.04
Ragi,20.74,21.59,0.32,1.0,1.43
Ragi,35.01,42.06,3.17,1.0,1.42
Ragi,19.93,39.12,14.0,1.0,1.31
Ragi,25.5,64.37,6.11,1.0,1.2
Ragi,32.42,38.31,6.15,1.0,1.43
Ragi,31.09,34.94,12.23,1.0,1.44
Ragi,18.51,88.54,8.56,1.0,1.0
Ragi,23.28,20.13,11.39,1.0,1.46
Ragi,28.77,54.03,9.88,1.0,1.29
Ragi,32.05,43.85,8.38,1.0,1.39
Ragi,36.28,45.66,0.17,1.0,1.41
Ragi,20.41,53.54,2.83,1.0,1.23
Ragi,32.89,25.37,1.56,1.0,1.52
Ragi,35.04,60.68,1.38,1.0,1.3
Ragi,39.51,48.52,11.68,1.0,1.42
Ragi,27.96,85.66,13.98,1.0,1.08
Ragi,28.9,67.9,5.06,1.0,1.2
Ragi,20.19,28.5,11.99,1.0,1.38
Ragi,35.9,81.16,0.68,1.0,1.16
Ragi,33.15,52.98,6.09,1.0,1.33
Ragi,18.64,34.88,14.85,1.0,1.33
Ragi,27.11,41.3,3.24,1.0,1.36
Ragi,38.63,58.51,0.1,1.0,1.34
Ragi,33.34,30.17,14.22,1.0,1.49
Ragi,35.2,81.45,10.29,1.0,1.16
Ragi,34.86,84.67,8.06,1.0,1.13
Ragi,17.67,88.39,2.45,1.0,0.99
Ragi,30.89,53.91,1.01,1.0,1.31
Ragi,30.98,66.12,4.57,1.0,1.23
Ragi,33.28,32.37,10.95,1.0,1.48
Ragi,16.89,50.21,10.06,1.0,1.22
Ragi,23.56,74.58,8.23,1.0,1.12
Ragi,28.97,44.56,6.95,1.0,1.36
Ragi,20.45,67.01,6.06,1.0,1.14
Ragi,16.33,27.09,6.12,1.0,1.35
Ragi,17.04,25.78,8.21,1.0,1.37
Ragi,32.69,51.66,6.43,1.0,1.34
Ragi,29.22,74.23,7.13,1.0,1.16
Ragi,30.94,36.89,9.56,1.0,1.42
Ragi,24.44,40.93,5.1,1.0,1.34
Ragi,24.96,32.69,11.07,1.0,1.4
Ragi,38.89,45.55,2.54,1.0,1.43
Ragi,28.05,31.11,14.18,1.0,1.44
Ragi,28.21,55.84,3.75,1.0,1.28
Rice,20.05,46.13,10.87,1.0,1.27
Rice,32.51,41.07,7.8,1.0,1.41
Rice,35.17,56.04,13.06,1.0,1.33
Rice,23.14,60.85,0.76,1.0,1.2
Rice,26.46,60.33,4.14,1.0,1.23
Rice,23.01,58.28,7.64,1.0,1.22
Rice,31.19,62.88,8.2,1.0,1.25
Rice,34.06,54.86,6.91,1.0,1.33
Rice,35.19,49.99,8.01,1.0,1.37
Rice,18.94,46.99,13.02,1.0,1.26
Rice,30.21,83.38,1.89,1.0,1.11
Rice,21.04,74.73,8.61,1.0,1.1
Rice,19.39,20.88,8.47,1.0,1.42
Rice,20.22,23.06,0.05,1.0,1.42
Rice,39.36,41.63,5.41,1.0,1.46
Rice,17.93,61.02,10.17,1.0,1.16
Rice,21.07,70.83,11.38,1.0,1.12
Rice,33.68,37.5,0.27,1.0,1.44
Rice,24.03,67.15,8.2,1.0,1.17
Rice,34.45,75.49,14.47,1.0,1.19
Rice,30.23,51.64,11.17,1.0,1.32
Rice,33.09,37.14,6.42,1.0,1.44
Rice,35.29,44.82,1.72,1.0,1.41
Rice,33.31,77.39,10.09,1.0,1.17
Rice,37.07,36.35,1.77,1.0,1.48
Rice,16.01,22.57,5.32,1.0,1.38
Rice,31.28,76.76,13.14,1.0,1.16
Rice,32.82,72.1,2.11,1.0,1.2
Rice,32.55,21.75,7.08,1.0,1.54
Rice,21.18,82.65,7.56,1.0,1.05
Rice,28.92,65.12,3.25,1.0,1.22
Rice,21.4,60.04,0.42,1.0,1.19
Rice,34.06,52.62,6.04,1.0,1.34
Rice,24.28,58.19,13.56,1.0,1.23
Rice,36.02,66.86,1.39,1.0,1.26
Rice,38.14,39.61,3.6,1.0,1.47
Rice,25.31,22.27,13.56,1.0,1.47
Rice,29.29,26.83,4.57,1.0,1.48
Rice,26.36,32.89,8.57,1.0,1.41
Rice,31.56,71.73,10.51,1.0,1.2
Rice,37.02,41.89,2.68,1.0,1.44
Rice,38.22,89.13,7.39,1.0,1.12
Rice,29.23,67.29,14.85,1.0,1.21
Rice,39.29,67.64,6.86,1.0,1.28
Rice,36.35,22.76,3.21,1.0,1.57
Rice,26.67,68.05,8.3,1.0,1.18
Rice,15.53,50.28,0.77,1.0,1.21
Rice,24.11,49.14,12.67,1.0,1.29
Rice,26.38,51.29,1.99,1.0,1.29
Rice,16.12,81.33,2.23,1.0,1.02
Ridge_Gourd,32.99,80.48,6.51,1.0,1.15
Ridge_Gourd,28.32,63.38,8.12,1.0,1.23
Ridge_Gourd,26.09,75.77,14.94,1.0,1.13
Ridge_Gourd,34.43,83.82,12.6,1.0,1.13
Ridge_Gourd,15.83,52.18,5.31,1.0,1.2
Ridge_Gourd,29.49,70.55,10.98,1.0,1.19
Ridge_Gourd,30.83,35.38,3.44,1.0,1.43
Ridge_Gourd,23.53,55.24,1.01,1.0,1.24
Ridge_Gourd,31.5,33.61,8.3,1.0,1.45
Ridge_Gourd,31.78,89.94,1.03,1.0,1.07
Ridge_Gourd,37.81,52.89,0.48,1.0,1.37
Ridge_Gourd,23.04,77.94,11.59,1.0,1.09
Ridge_Gourd,29.41,35.5,11.88,1.0,1.42
Ridge_Gourd,28.0,53.48,10.01,1.0,1.29
Ridge_Gourd,15.61,52.19,1.13,1.0,1.2
Ridge_Gourd,16.26,58.29,8.24,1.0,1.16
Ridge_Gourd,19.65,22.68,4.53,1.0,1.41
Ridge_Gourd,31.28,47.12,5.27,1.0,1.36
Ridge_Gourd,28.47,66.3,5.82,1.0,1.21
Ridge_Gourd,28.88,63.8,9.5,1.0,1.23
Ridge_Gourd,19.27,86.91,10.02,1.0,1.01
Ridge_Gourd,32.02,37.76,12.34,1.0,1.43
Ridge_Gourd,27.99,37.0,0.19,1.0,1.4
Ridge_Gourd,33.14,52.72,11.3,1.0,1.34
Ridge_Gourd,33.55,29.36,6.47,1.0,1.5
Ridge_Gourd,28.59,88.69,4.1,1.0,1.06
Ridge_Gourd,33.18,77.43,3.84,1.0,1.17
Ridge_Gourd,32.58,80.65,8.23,1.0,1.14
Ridge_Gourd,31.72,62.19,13.27,1.0,1.26
Ridge_Gourd,32.83,67.27,9.85,1.0,1.24
Ridge_Gourd,39.79,36.98,7.32,1.0,1.5
Ridge_Gourd,16.07,44.13,13.13,1.0,1.25
Ridge_Gourd,37.07,52.14,9.71,1.0,1.37
Ridge_Gourd,16.51,37.6,11.62,1.0,1.29
Ridge_Gourd,16.46,84.27,12.41,1.0,1.01
Ridge_Gourd,15.13,71.42,12.18,1.0,1.08
Ridge_Gourd,23.29,29.55,4.02,1.0,1.4
Ridge_Gourd,16.18,49.95,1.19,1.0,1.21
Ridge_Gourd,33.63,56.18,1.67,1.0,1.32
Ridge_Gourd,21.04,30.13,12.45,1.0,1.38
Ridge_Gourd,21.07,78.61,3.87,1.0,1.07
Ridge_Gourd,28.79,37.44,0.29,1.0,1.4
Ridge_Gourd,27.86,62.59,5.78,1.0,1.23
Ridge_Gourd,19.16,44.62,13.28,1.0,1.27
Ridge_Gourd,26.76,37.15,5.26,1.0,1.39
Ridge_Gourd,24.93,68.04,7.12,1.0,1.17
Ridge_Gourd,36.98,61.8,10.33,1.0,1.3
Ridge_Gourd,39.75,41.17,2.67,1.0,1.47
Ridge_Gourd,30.43,48.24,10.93,1.0,1.34
Ridge_Gourd,29.42,58.68,1.77,1.0,1.27
Rubber,16.06,66.45,12.49,1.0,1.11
Rubber,30.01,29.25,5.05,1.0,1.47
Rubber,18.52,48.73,14.16,1.0,1.24
Rubber,28.42,87.64,6.39,1.0,1.07
Rubber,20.41,70.31,13.5,1.0,1.12
Rubber,26.8,67.0,3.09,1.0,1.19
Rubber,32.8,48.2,5.67,1.0,1.36
Rubber,32.65,67.53,10.62,1.0,1.23
Rubber,15.82,37.92,4.86,1.0,1.28
Rubber,24.6,26.59,11.44,1.0,1.43
Rubber,15.23,21.34,8.37,1.0,1.38
Rubber,22.61,66.85,1.71,1.0,1.16
Rubber,25.36,85.86,4.45,1.0,1.06
Rubber,28.52,53.87,4.35,1.0,1.29
Rubber,35.99,40.77,6.74,1.0,1.44
Rubber,22.69,57.84,1.29,1.0,1.22
Rubber,32.42,78.64,3.43,1.0,1.16
Rubber,26.55,21.99,0.79,1.0,1.48
Rubber,38.38,23.31,12.68,1.0,1.58
Rubber,26.3,33.0,5.57,1.0,1.41
Rubber,16.09,78.27,0.88,1.0,1.04
Rubber,23.59,29.71,2.18,1.0,1.4
Rubber,24.02,56.74,12.88,1.0,1.24
Rubber,34.06,59.13,3.66,1.0,1.3
Rubber,18.0,48.11,3.3,1.0,1.24
Rubber,38.47,49.15,4.85,1.0,1.4
Rubber,20.67,68.9,8.51,1.0,1.13
Rubber,24.2,37.72,9.88,1.0,1.36
Rubber,29.99,31.97,11.89,1.0,1.45
Rubber,26.85,38.65,9.83,1.0,1.38
Rubber,39.12,77.86,8.97,1.0,1.21
Rubber,25.45,34.82,3.01,1.0,1.39
Rubber,25.38,77.76,4.44,1.0,1.11
Rubber,20.6,83.38,10.69,1.0,1.04
Rubber,35.71,79.59,4.71,1.0,1.17
Rubber,33.34,67.11,11.72,1.0,1.24
Rubber,35.5,22.87,13.69,1.0,1.56
Rubber,20.87,68.93,13.65,1.0,1.13
Rubber,35.3,87.07,5.23,1.0,1.12
Rubber,16.68,72.9,4.78,1.0,1.08
Rubber,29.45,50.51,4.38,1.0,1.32
Rubber,31.68,22.44,14.52,1.0,1.53
Rubber,34.98,41.6,3.03,1.0,1.43
Rubber,25.82,86.65,7.12,1.0,1.06
Rubber,33.54,48.01,9.44,1.0,1.37
Rubber,20.51,29.71,1.14,1.0,1.38
Rubber,39.76,21.64,14.33,1.0,1.61
Rubber,23.54,23.97,7.61,1.0,1.44
Rubber,23.11,88.93,8.34,1.0,1.02
Rubber,19.05,28.35,4.93,1.0,1.37
Safflower,20.43,81.94,11.73,1.0,1.05
Safflower,18.26,52.85,13.55,1.0,1.21
Safflower,18.04,57.1,14.52,1.0,1.19
Safflower,16.95,52.17,0.88,1.0,1.21
Safflower,34.35,65.16,14.05,1.0,1.26
Safflower,38.92,23.64,9.52,1.0,1.59
Safflower,39.97,51.22,14.3,1.0,1.4
Safflower,18.46,25.75,9.45,1.0,1.38
Safflower,21.32,20.73,6.61,1.0,1.44
Safflower,24.93,63.33,11.83,1.0,1.2
Safflower,35.06,41.15,10.99,1.0,1.43
Safflower,32.49,51.23,5.77,1.0,1.34
Safflower,30.59,62.06,2.36,1.0,1.25
Safflower,17.75,86.3,12.35,1.0,1.0
Safflower,28.42,31.66,14.25,1.0,1.44
Safflower,29.05,23.87,5.13,1.0,1.49
Safflower,28.54,72.42,10.6,1.0,1.17
Safflower,37.53,25.36,2.78,1.0,1.56
Safflower,21.54,68.79,13.96,1.0,1.14
Safflower,18.44,63.14,7.85,1.0,1.15
Safflower,23.21,89.93,3.68,1.0,1.02
Safflower,20.53,82.64,7.66,1.0,1.05
Safflower,30.11,60.48,14.92,1.0,1.26
Safflower,20.04,50.07,6.89,1.0,1.25
Safflower,23.7,41.92,8.7,1.0,1.33
Safflower,18.03,35.64,1.2,1.0,1.32
Safflower,29.63,87.34,14.7,1.0,1.08
Safflower,35.47,33.16,3.25,1.0,1.49
Safflower,26.34,46.86,13.98,1.0,1.32
Safflower,16.36,53.59,9.36,1.0,1.19
Safflower,38.44,22.0,8.31,1.0,1.59
Safflower,19.89,43.4,6.01,1.0,1.29
Safflower,17.27,43.37,13.54,1.0,1.26
Safflower,31.14,86.68,11.0,1.0,1.09
Safflower,37.89,68.36,8.4,1.0,1.27
Safflower,26.02,79.71,10.11,1.0,1.1
Safflower,16.1,74.11,6.23,1.0,1.07
Safflower,20.21,79.17,2.25,1.0,1.07
Safflower,24.08,44.62,13.31,1.0,1.31
Safflower,17.79,75.64,13.26,1.0,1.07
Safflower,25.0,29.87,11.12,1.0,1.42
Safflower,23.28,60.23,4.67,1.0,1.21
Safflower,31.42,32.53,6.77,1.0,1.46
Safflower,22.66,28.3,1.32,1.0,1.41
Safflower,36.29,83.94,6.77,1.0,1.15
Safflower,30.23,34.22,0.25,1.0,1.44
Safflower,26.28,32.79,0.01,1.0,1.41
Safflower,28.09,67.06,14.45,1.0,1.2
Safflower,19.89,48.28,13.71,1.0,1.26
Safflower,34.95,47.76,6.87,1.0,1.38
Sapota,35.34,20.93,4.74,1.0,1.57
Sapota,29.19,85.04,2.83,1.0,1.09
Sapota,37.79,21.24,10.26,1.0,1.59
Sapota,20.66,56.09,10.9,1.0,1.21
Sapota,16.89,68.25,2.51,1.0,1.11
Sapota,24.28,83.92,12.53,1.0,1.06
Sapota,31.96,41.66,8.32,1.0,1.4
Sapota,34.7,48.25,7.96,1.0,1.38
Sapota,32.79,59.72,3.98,1.0,1.29
Sapota,24.77,75.86,1.24,1.0,1.12
Sapota,38.52,89.98,6.03,1.0,1.12
Sapota,32.12,86.66,8.29,1.0,1.1
Sapota,21.13,78.81,13.25,1.0,1.07
Sapota,31.73,42.88,6.39,1.0,1.39
Sapota,30.34,24.96,0.08,1.0,1.5
Sapota,32.15,77.89,14.05,1.0,1.16
Sapota,26.72,57.65,14.75,1.0,1.25
Sapota,33.19,46.39,0.83,1.0,1.38
Sapota,23.44,61.98,14.6,1.0,1.2
Sapota,38.6,52.53,11.93,1.0,1.38
Sapota,20.15,58.32,4.06,1.0,1.19
Sapota,18.89,22.8,0.95,1.0,1.4
Sapota,24.95,24.52,2.2,1.0,1.45
Sapota,34.64,82.89,6.87,1.0,1.14
Sapota,19.26,53.91,13.92,1.0,1.22
Sapota,27.63,83.06,4.78,1.0,1.09
Sapota,39.02,53.8,6.48,1.0,1.38
Sapota,31.71,68.28,2.87,1.0,1.22
Sapota,39.2,69.54,1.67,1.0,1.27
Sapota,18.73,58.27,3.25,1.0,1.18
Sapota,36.44,55.15,9.33,1.0,1.35
Sapota,27.91,89.06,5.32,1.0,1.06
Sapota,25.27,43.29,1.81,1.0,1.33
Sapota,30.99,35.94,3.17,1.0,1.43
Sapota,15.55,22.54,5.89,1.0,1.37
Sapota,22.46,63.71,0.32,1.0,1.18
Sapota,35.94,59.67,0.27,1.0,1.31
Sapota,24.22,21.79,9.2,1.0,1.46
Sapota,18.03,72.66,13.87,1.0,1.09
Sapota,25.14,25.97,3.26,1.0,1.44
Sapota,39.51,60.04,9.5,1.0,1.34
Sapota,20.22,48.28,8.96,1.0,1.26
Sapota,21.67,37.44,5.84,1.0,1.34
Sapota,16.08,57.92,12.85,1.0,1.17
Sapota,39.39,83.37,10.52,1.0,1.17
Sapota,32.86,42.6,5.68,1.0,1.4
Sapota,21.5,35.49,2.86,1.0,1.35
Sapota,39.21,69.13,5.0,1.0,1.27
Sapota,17.14,43.99,8.53,1.0,1.26
Sapota,23.84,54.87,0.94,1.0,1.25
Sesame,17.47,50.02,1.7,1.0,1.22
Sesame,25.25,59.81,8.52,1.0,1.23
Sesame,18.15,29.08,3.17,1.0,1.36
Sesame,20.81,85.45,12.48,1.0,1.03
Sesame,32.94,39.51,0.69,1.0,1.42
Sesame,39.93,57.8,13.51,1.0,1.36
Sesame,38.73,37.45,5.61,1.0,1.49
Sesame,22.3,60.28,11.33,1.0,1.2
Sesame,31.07,73.16,11.98,1.0,1.18
Sesame,36.48,37.3,8.25,1.0,1.47
Sesame,15.05,74.36,6.41,1.0,1.06
Sesame,31.82,22.3,3.35,1.0,1.53
Sesame,18.92,75.14,7.49,1.0,1.08
Sesame,30.34,52.18,8.03,1.0,1.32
Sesame,18.58,23.51,0.35,1.0,1.4
Sesame,29.14,78.49,6.27,1.0,1.13
Sesame,22.99,69.72,4.04,1.0,1.15
Sesame,22.01,74.51,1.8,1.0,1.11
Sesame,29.72,30.24,0.81,1.0,1.46
Sesame,16.38,67.07,12.8,1.0,1.11
Sesame,15.87,55.23,3.26,1.0,1.18
Sesame,23.5,70.56,13.07,1.0,1.14
Sesame,32.21,45.04,0.23,1.0,1.38
Sesame,17.24,81.31,9.05,1.0,1.03
Sesame,33.09,72.46,3.13,1.0,1.2
Sesame,21.52,67.68,5.3,1.0,1.15
Sesame,35.52,27.95,1.13,1.0,1.53
Sesame,38.6,58.55,1.48,1.0,1.34
Sesame,24.27,63.27,2.35,1.0,1.2
Sesame,26.06,77.13,7.99,1.0,1.12
Sesame,35.52,52.32,5.56,1.0,1.36
Sesame,21.14,32.63,12.15,1.0,1.36
Sesame,24.45,89.99,0.77,1.0,1.03
Sesame,15.02,38.51,12.91,1.0,1.27
Sesame,18.59,75.07,3.91,1.0,1.08
Sesame,34.54,27.72,1.03,1.0,1.52
Sesame,19.97,66.3,9.48,1.0,1.14
Sesame,34.37,28.72,13.91,1.0,1.51
Sesame,24.71,28.93,14.28,1.0,1.42
Sesame,27.17,85.64,5.81,1.0,1.07
Sesame,15.96,30.15,6.17,1.0,1.33
Sesame,28.88,81.03,10.98,1.0,1.11
Sesame,24.09,88.46,3.65,1.0,1.03
Sesame,15.67,82.74,10.87,1.0,1.01
Sesame,33.15,46.6,3.3,1.0,1.38
Sesame,25.5,65.49,12.95,1.0,1.19
Sesame,37.59,42.17,2.76,1.0,1.45
Sesame,18.52,63.64,6.09,1.0,1.15
Sesame,39.61,86.57,10.49,1.0,1.15
Sesame,37.83,89.25,2.11,1.0,1.12
Sorghum,38.19,43.19,6.24,1.0,1.44
Sorghum,39.13,24.42,13.06,1.0,1.58
Sorghum,28.38,53.45,2.71,1.0,1.29
Sorghum,21.23,86.44,11.29,1.0,1.03
Sorghum,36.26,50.96,4.75,1.0,1.37
Sorghum,19.69,65.05,7.49,1.0,1.15
Sorghum,24.68,71.42,13.62,1.0,1.15
Sorghum,39.3,24.33,6.54,1.0,1.59
Sorghum,33.28,44.93,10.36,1.0,1.39
Sorghum,25.86,88.56,6.63,1.0,1.04
Sorghum,20.09,69.14,7.46,1.0,1.13
Sorghum,33.24,69.11,5.39,1.0,1.23
Sorghum,23.78,85.69,2.21,1.0,1.05
Sorghum,15.77,33.97,5.93,1.0,1.31
Sorghum,31.77,62.55,6.21,1.0,1.26
Sorghum,27.17,25.0,11.78,1.0,1.47
Sorghum,35.36,65.22,2.25,1.0,1.27
Sorghum,35.31,38.82,2.84,1.0,1.45
Sorghum,30.53,55.36,10.28,1.0,1.3
Sorghum,33.84,77.78,3.85,1.0,1.17
Sorghum,34.04,72.46,4.56,1.0,1.21
Sorghum,20.04,74.81,3.83,1.0,1.09
Sorghum,29.98,76.13,9.69,1.0,1.15
Sorghum,15.97,87.21,0.25,1.0,0.99
Sorghum,24.91,71.11,4.37,1.0,1.15
Sorghum,16.94,35.6,4.21,1.0,1.31
Sorghum,33.03,85.27,3.52,1.0,1.11
Sorghum,24.39,54.46,7.78,1.0,1.25
Sorghum,34.73,26.59,14.85,1.0,1.53
Sorghum,22.38,54.14,11.16,1.0,1.24
Sorghum,19.59,41.16,10.47,1.0,1.3
Sorghum,23.73,85.91,12.58,1.0,1.05
Sorghum,32.9,58.85,6.58,1.0,1.29
Sorghum,39.65,70.84,9.5,1.0,1.26
Sorghum,16.21,21.52,9.17,1.0,1.39
Sorghum,24.05,41.23,11.89,1.0,1.34
Sorghum,18.71,82.31,11.4,1.0,1.04
Sorghum,30.75,72.86,8.41,1.0,1.18
Sorghum,29.46,36.86,6.42,1.0,1.41
Sorghum,26.38,78.69,4.41,1.0,1.11
Sorghum,24.78,42.07,13.85,1.0,1.34
Sorghum,33.46,60.12,8.49,1.0,1.29
Sorghum,25.71,35.28,9.51,1.0,1.39
Sorghum,32.1,25.91,2.58,1.0,1.51
Sorghum,30.73,23.33,10.62,1.0,1.51
Sorghum,16.02,60.24,14.06,1.0,1.15
Sorghum,24.31,34.11,14.86,1.0,1.38
Sorghum,26.64,59.94,0.07,1.0,1.24
Sorghum,19.13,85.99,10.29,1.0,1.02
Sorghum,24.86,23.01,6.52,1.0,1.46
Soybean,31.14,55.55,1.68,1.0,1.3
Soybean,18.03,24.31,14.42,1.0,1.39
Soybean,29.35,72.24,2.01,1.0,1.18
Soybean,33.07,67.52,5.45,1.0,1.24
Soybean,20.71,56.3,8.89,1.0,1.21
Soybean,21.93,47.51,9.71,1.0,1.28
Soybean,21.4,26.4,8.13,1.0,1.41
Soybean,37.5,21.97,11.49,1.0,1.59
Soybean,24.54,41.37,13.65,1.0,1.34
Soybean,36.08,30.7,5.33,1.0,1.51
Soybean,22.95,41.38,4.84,1.0,1.32
Soybean,27.68,60.51,12.72,1.0,1.24
Soybean,17.64,47.17,5.51,1.0,1.24
Soybean,26.07,36.75,13.07,1.0,1.38
Soybean,37.29,52.57,4.34,1.0,1.37
Soybean,29.29,20.36,14.68,1.0,1.52
Soybean,21.77,86.7,0.36,1.0,1.03
Soybean,26.88,73.48,0.26,1.0,1.15
Soybean,37.03,88.41,5.99,1.0,1.12
Soybean,30.15,36.09,1.65,1.0,1.42
Soybean,36.51,22.06,8.16,1.0,1.58
Soybean,38.14,80.49,6.08,1.0,1.18
Soybean,25.38,86.08,1.05,1.0,1.06
Soybean,15.84,41.44,4.52,1.0,1.26
Soybean,37.23,34.46,4.63,1.0,1.5
Soybean,20.24,52.44,8.1,1.0,1.23
Soybean,33.11,66.34,1.67,1.0,1.24
Soybean,24.35,74.72,9.52,1.0,1.12
Soybean,39.94,27.22,3.35,1.0,1.57
Soybean,16.98,80.85,2.81,1.0,1.03
Soybean,25.29,56.33,0.02,1.0,1.25
Soybean,36.28,89.67,9.31,1.0,1.11
Soybean,25.27,56.12,0.21,1.0,1.25
Soybean,31.99,59.96,12.85,1.0,1.28
Soybean,30.63,41.51,4.87,1.0,1.39
Soybean,17.14,24.05,3.44,1.0,1.38
Soybean,31.46,44.59,6.5,1.0,1.38
Soybean,17.74,25.46,7.84,1.0,1.38
Soybean,31.46,60.69,7.68,1.0,1.27
Soybean,39.6,21.01,2.14,1.0,1.61
Soybean,33.14,28.72,2.58,1.0,1.5
Soybean,37.43,33.53,12.7,1.0,1.5
Soybean,28.57,37.05,5.72,1.0,1.4
Soybean,20.04,26.59,2.32,1.0,1.39
Soybean,31.42,61.09,3.85,1.0,1.27
Soybean,20.35,88.58,5.8,1.0,1.01
Soybean,38.66,26.16,14.93,1.0,1.57
Soybean,39.28,77.18,13.06,1.0,1.21
Soybean,36.67,78.98,12.82,1.0,1.18
Soybean,39.71,43.1,10.08,1.0,1.46
Spinach,28.6,41.34,2.74,1.0,1.37
Spinach,25.0,22.25,6.63,1.0,1.47
Spinach,39.25,30.79,4.58,1.0,1.54
Spinach,17.26,43.46,11.92,1.0,1.26
Spinach,38.55,55.99,8.87,1.0,1.36
Spinach,26.31,38.58,6.64,1.0,1.37
Spinach,39.67,66.45,8.12,1.0,1.29
Spinach,27.15,56.15,7.49,1.0,1.26
Spinach,30.07,62.91,8.43,1.0,1.24
Spinach,27.28,73.11,4.34,1.0,1.15
Spinach,23.26,67.36,4.89,1.0,1.16
Spinach,20.85,70.55,10.27,1.0,1.12
Spinach,28.42,77.11,4.12,1.0,1.14
Spinach,27.41,59.56,11.63,1.0,1.24
Spinach,25.44,39.5,3.94,1.0,1.36
Spinach,25.55,67.72,4.33,1.0,1.18
Spinach,20.0,86.17,6.87,1.0,1.02
Spinach,38.61,61.33,5.34,1.0,1.32
Spinach,17.83,79.59,13.59,1.0,1.05
Spinach,22.85,69.9,5.56,1.0,1.14
Spinach,23.01,54.44,3.82,1.0,1.24
Spinach,39.57,27.13,9.99,1.0,1.57
Spinach,24.27,63.95,11.94,1.0,1.19
Spinach,21.68,67.05,8.12,1.0,1.15
Spinach,39.56,69.33,5.15,1.0,1.27
Spinach,25.88,60.99,0.45,1.0,1.22
Spinach,24.0,40.44,9.71,1.0,1.34
Spinach,30.15,39.09,3.95,1.0,1.4
Spinach,30.5,50.31,12.57,1.0,1.33
Spinach,24.87,27.23,10.05,1.0,1.43
Spinach,28.52,84.18,8.83,1.0,1.09
Spinach,29.2,57.3,9.16,1.0,1.27
Spinach,23.05,34.41,5.92,1.0,1.37
Spinach,21.54,34.61,3.44,1.0,1.36
Spinach,31.95,70.02,0.39,1.0,1.21
Spinach,34.49,84.03,14.87,1.0,1.13
Spinach,38.03,83.23,7.66,1.0,1.16
Spinach,21.44,85.98,1.26,1.0,1.03
Spinach,17.75,59.46,6.6,1.0,1.17
Spinach,23.55,60.67,5.57,1.0,1.21
Spinach,36.9,39.05,10.54,1.0,1.46
Spinach,18.96,58.79,11.48,1.0,1.18
Spinach,15.12,78.5,7.85,1.0,1.03
Spinach,36.61,33.86,10.69,1.0,1.49
Spinach,37.12,33.75,0.21,1.0,1.5
Spinach,30.02,70.75,13.98,1.0,1.19
Spinach,32.86,48.96,3.88,1.0,1.36
Spinach,37.78,53.94,3.51,1.0,1.37
Spinach,33.12,83.74,8.28,1.0,1.13
Spinach,25.15,64.62,8.67,1.0,1.19
Strawberry,15.59,28.62,2.87,1.0,1.34
Strawberry,25.54,61.49,14.08,1.0,1.22
Strawberry,39.33,63.63,13.35,1.0,1.31
Strawberry,38.5,33.65,6.86,1.0,1.51
Strawberry,26.11,74.51,4.5,1.0,1.14
Strawberry,23.07,32.29,13.8,1.0,1.38
Strawberry,15.04,85.19,13.4,1.0,0.99
Strawberry,29.96,82.98,13.25,1.0,1.11
Strawberry,31.89,81.71,1.35,1.0,1.13
Strawberry,24.86,61.21,1.41,1.0,1.21
Strawberry,29.15,71.97,4.07,1.0,1.18
Strawberry,28.25,40.51,13.12,1.0,1.38
Strawberry,21.57,49.43,12.5,1.0,1.26
Strawberry,23.67,80.59,10.69,1.0,1.08
Strawberry,30.96,65.81,14.12,1.0,1.23
Strawberry,15.01,78.43,3.52,1.0,1.03
Strawberry,36.61,56.98,5.79,1.0,1.33
Strawberry,25.22,47.7,0.88,1.0,1.3
Strawberry,27.12,73.95,12.48,1.0,1.15
Strawberry,28.51,66.17,10.47,1.0,1.21
Strawberry,38.72,25.84,11.76,1.0,1.57
Strawberry,35.03,46.05,11.28,1.0,1.4
Strawberry,23.12,74.41,7.35,1.0,1.12
Strawberry,24.02,76.97,11.04,1.0,1.11
Strawberry,26.29,55.74,5.82,1.0,1.26
Strawberry,21.56,49.49,2.91,1.0,1.26
Strawberry,36.19,88.09,13.31,1.0,1.12
Strawberry,16.03,87.06,5.86,1.0,0.99
Strawberry,18.27,57.85,4.27,1.0,1.18
Strawberry,22.07,33.34,8.04,1.0,1.37
Strawberry,38.75,79.32,14.89,1.0,1.2
Strawberry,38.58,71.6,4.22,1.0,1.25
Strawberry,20.27,37.38,9.59,1.0,1.33
Strawberry,33.15,85.66,2.79,1.0,1.11
Strawberry,15.86,29.15,11.05,1.0,1.34
Strawberry,22.99,64.13,4.92,1.0,1.18
Strawberry,20.59,20.91,12.6,1.0,1.43
Strawberry,34.51,60.18,14.79,1.0,1.3
Strawberry,16.24,52.28,2.22,1.0,1.2
Strawberry,20.41,54.27,9.06,1.0,1.22
Strawberry,29.25,45.76,0.14,1.0,1.35
Strawberry,31.25,84.74,10.03,1.0,1.11
Strawberry,39.59,79.26,7.73,1.0,1.2
Strawberry,21.67,56.51,2.37,1.0,1.22
Strawberry,36.43,34.13,4.03,1.0,1.49
Strawberry,31.28,65.35,11.73,1.0,1.24
Strawberry,18.65,54.62,1.33,1.0,1.21
Strawberry,32.47,82.37,14.07,1.0,1.13
Strawberry,30.1,34.14,10.83,1.0,1.43
Strawberry,18.18,41.54,4.77,1.0,1.28
Sugarcane,20.23,32.92,6.85,1.0,1.35
Sugarcane,38.79,83.45,3.07,1.0,1.17
Sugarcane,36.42,46.22,12.46,1.0,1.41
Sugarcane,33.34,68.34,8.0,1.0,1.23
Sugarcane,39.67,20.37,12.41,1.0,1.62
Sugarcane,31.25,81.33,7.4,1.0,1.13
Sugarcane,24.15,51.74,12.96,1.0,1.27
Sugarcane,34.41,26.72,1.01,1.0,1.52
Sugarcane,18.66,54.45,8.53,1.0,1.21
Sugarcane,20.23,60.17,0.09,1.0,1.18
Sugarcane,26.64,70.6,0.92,1.0,1.17
Sugarcane,39.83,33.64,7.58,1.0,1.53
Sugarcane,30.37,58.85,13.79,1.0,1.27
Sugarcane,15.42,71.85,2.15,1.0,1.08
Sugarcane,35.38,71.22,10.12,1.0,1.23
Sugarcane,37.71,27.02,13.62,1.0,1.55
Sugarcane,28.29,39.28,0.3,1.0,1.38
Sugarcane,34.16,60.72,7.79,1.0,1.29
Sugarcane,24.24,37.8,2.15,1.0,1.36
Sugarcane,17.77,62.53,11.57,1.0,1.15
Sugarcane,39.18,73.32,5.27,1.0,1.24
Sugarcane,36.38,63.52,14.38,1.0,1.29
Sugarcane,20.73,30.78,0.84,1.0,1.37
Sugarcane,37.23,70.31,0.29,1.0,1.25
Sugarcane,26.67,86.73,10.09,1.0,1.06
Sugarcane,23.19,43.98,12.16,1.0,1.31
Sugarcane,31.63,81.36,9.81,1.0,1.13
Sugarcane,20.88,60.0,5.4,1.0,1.19
Sugarcane,26.66,32.45,9.78,1.0,1.41
Sugarcane,35.75,59.98,4.86,1.0,1.31
Sugarcane,33.88,28.83,4.44,1.0,1.5
Sugarcane,19.3,56.11,13.22,1.0,1.2
Sugarcane,20.98,79.55,9.43,1.0,1.07
Sugarcane,16.89,69.83,3.3,1.0,1.1
Sugarcane,26.08,23.46,1.19,1.0,1.47
Sugarcane,29.62,53.9,4.02,1.0,1.3
Sugarcane,24.23,69.56,6.03,1.0,1.16
Sugarcane,33.86,66.48,3.44,1.0,1.25
Sugarcane,38.86,27.72,4.06,1.0,1.56
Sugarcane,22.86,52.41,8.0,1.0,1.25
Sugarcane,20.05,84.77,12.93,1.0,1.03
Sugarcane,19.82,80.36,1.83,1.0,1.06
Sugarcane,34.53,34.14,0.77,1.0,1.47
Sugarcane,28.82,80.43,4.75,1.0,1.12
Sugarcane,18.78,32.57,3.66,1.0,1.34
Sugarcane,19.15,28.96,0.7,1.0,1.37
Sugarcane,21.41,30.42,0.87,1.0,1.38
Sugarcane,26.28,24.01,3.31,1.0,1.47
Sugarcane,31.67,28.11,10.02,1.0,1.49
Sugarcane,37.25,45.08,5.19,1.0,1.42
Sunflower,15.32,45.75,9.55,1.0,1.23
Sunflower,16.61,33.86,1.23,1.0,1.32
Sunflower,23.79,49.27,11.1,1.0,1.28
Sunflower,34.79,32.44,7.2,1.0,1.49
Sunflower,37.51,78.06,3.64,1.0,1.2
Sunflower,19.71,61.09,14.47,1.0,1.17
Sunflower,15.01,83.91,9.45,1.0,1.0
Sunflower,36.82,32.36,3.96,1.0,1.51
Sunflower,15.06,68.67,11.62,1.0,1.09
Sunflower,24.22,64.43,4.54,1.0,1.19
Sunflower,18.32,27.86,4.18,1.0,1.37
Sunflower,33.15,47.02,10.17,1.0,1.37
Sunflower,31.26,58.96,6.94,1.0,1.28
Sunflower,36.3,69.4,0.05,1.0,1.25
Sunflower,33.45,26.77,13.74,1.0,1.51
Sunflower,24.94,65.96,10.26,1.0,1.18
Sunflower,25.09,72.54,9.51,1.0,1.14
Sunflower,23.56,24.76,13.85,1.0,1.44
Sunflower,36.31,65.72,11.11,1.0,1.27
Sunflower,15.3,86.37,12.59,1.0,0.99
Sunflower,27.13,29.95,5.24,1.0,1.44
Sunflower,36.91,61.92,0.29,1.0,1.3
Sunflower,22.47,47.6,13.75,1.0,1.28
Sunflower,35.96,44.94,13.47,1.0,1.41
Sunflower,15.41,83.58,6.02,1.0,1.0
Sunflower,34.06,24.28,8.36,1.0,1.54
Sunflower,23.82,73.87,0.35,1.0,1.12
Sunflower,38.25,30.79,13.35,1.0,1.53
Sunflower,39.76,67.52,12.08,1.0,1.29
Sunflower,20.11,87.57,7.51,1.0,1.01
Sunflower,21.67,85.4,1.15,1.0,1.04
Sunflower,37.32,63.59,3.95,1.0,1.29
Sunflower,16.92,58.41,6.37,1.0,1.17
Sunflower,29.95,54.03,2.38,1.0,1.3
Sunflower,24.91,37.13,1.93,1.0,1.37
Sunflower,15.16,77.76,11.11,1.0,1.04
Sunflower,32.36,73.54,14.88,1.0,1.19
Sunflower,27.0,26.83,13.34,1.0,1.45
Sunflower,32.83,24.22,7.45,1.0,1.53
Sunflower,24.67,54.34,7.82,1.0,1.26
Sunflower,31.44,42.05,4.27,1.0,1.39
Sunflower,34.61,49.57,8.52,1.0,1.37
Sunflower,25.85,55.59,10.88,1.0,1.26
Sunflower,31.63,61.32,5.06,1.0,1.27
Sunflower,28.48,88.55,8.84,1.0,1.06
Sunflower,26.36,31.93,5.22,1.0,1.42
Sunflower,36.84,62.47,4.77,1.0,1.3
Sunflower,17.18,42.57,13.63,1.0,1.27
Sunflower,28.68,56.61,13.49,1.0,1.27
Sunflower,39.31,67.29,2.22,1.0,1.28
Sweet_Potato,24.47,69.9,1.91,1.0,1.15
Sweet_Potato,36.67,68.81,3.72,1.0,1.25
Sweet_Potato,24.65,80.42,13.59,1.0,1.09
Sweet_Potato,27.44,80.87,14.83,1.0,1.11
Sweet_Potato,37.38,43.55,4.01,1.0,1.43
Sweet_Potato,16.61,54.17,2.74,1.0,1.19
Sweet_Potato,35.34,39.59,13.29,1.0,1.44
Sweet_Potato,17.99,53.61,6.36,1.0,1.21
Sweet_Potato,19.87,20.91,9.59,1.0,1.43
Sweet_Potato,17.37,60.38,14.05,1.0,1.16
Sweet_Potato,23.55,49.25,14.78,1.0,1.28
Sweet_Potato,20.3,84.56,8.67,1.0,1.03
Sweet_Potato,29.62,48.29,12.21,1.0,1.34
Sweet_Potato,17.12,30.27,0.35,1.0,1.34
Sweet_Potato,27.71,52.54,3.41,1.0,1.29
Sweet_Potato,16.18,83.87,5.21,1.0,1.01
Sweet_Potato,25.16,83.32,13.35,1.0,1.07
Sweet_Potato,28.04,26.88,11.91,1.0,1.46
Sweet_Potato,30.54,49.83,3.26,1.0,1.33
Sweet_Potato,33.89,45.65,6.58,1.0,1.39
Sweet_Potato,23.32,73.96,4.7,1.0,1.12
Sweet_Potato,16.34,41.35,10.43,1.0,1.27
Sweet_Potato,16.22,30.52,14.49,1.0,1.33
Sweet_Potato,22.22,45.06,4.01,1.0,1.3
Sweet_Potato,34.02,52.34,11.22,1.0,1.35
Sweet_Potato,27.96,56.77,5.76,1.0,1.27
Sweet_Potato,24.16,31.96,10.1,1.0,1.4
Sweet_Potato,22.69,49.06,13.43,1.0,1.27
Sweet_Potato,23.05,32.07,0.31,1.0,1.38
Sweet_Potato,20.54,20.01,13.39,1.0,1.44
Sweet_Potato,15.03,48.18,8.18,1.0,1.22
Sweet_Potato,32.23,61.09,9.46,1.0,1.27
Sweet_Potato,17.73,63.65,6.08,1.0,1.14
Sweet_Potato,30.97,88.97,9.85,1.0,1.08
Sweet_Potato,31.27,82.5,7.18,1.0,1.12
Sweet_Potato,30.46,81.49,14.97,1.0,1.12
Sweet_Potato,39.52,22.65,14.15,1.0,1.6
Sweet_Potato,19.83,81.26,9.87,1.0,1.05
Sweet_Potato,37.24,81.14,4.47,1.0,1.17
Sweet_Potato,28.41,24.27,4.42,1.0,1.48
Sweet_Potato,22.71,38.72,3.21,1.0,1.34
Sweet_Potato,15.4,36.75,11.09,1.0,1.29
Sweet_Potato,18.65,57.8,2.84,1.0,1.19
Sweet_Potato,30.75,31.34,1.24,1.0,1.46
Sweet_Potato,27.39,83.07,1.23,1.0,1.09
Sweet_Potato,39.91,83.8,3.04,1.0,1.17
Sweet_Potato,32.19,82.4,2.63,1.0,1.13
Sweet_Potato,36.49,53.87,7.75,1.0,1.36
Sweet_Potato,39.16,83.77,13.77,1.0,1.17
Sweet_Potato,16.31,76.89,3.38,1.0,1.05
Tea,38.94,80.67,4.62,1.0,1.19
Tea,37.34,68.03,14.03,1.0,1.26
Tea,29.98,27.57,9.34,1.0,1.48
Tea,28.66,63.32,2.69,1.0,1.23
Tea,26.37,46.5,12.41,1.0,1.32
Tea,32.82,79.64,5.55,1.0,1.15
Tea,37.88,33.41,10.57,1.0,1.51
Tea,22.09,72.71,7.56,1.0,1.12
Tea,37.75,77.26,2.11,1.0,1.2
Tea,26.27,37.93,11.05,1.0,1.38
Tea,26.63,53.4,2.19,1.0,1.28
Tea,33.85,20.43,5.86,1.0,1.56
Tea,38.73,89.9,0.83,1.0,1.12
Tea,29.97,31.54,12.74,1.0,1.45
Tea,19.91,30.88,8.39,1.0,1.36
Tea,26.72,82.98,9.54,1.0,1.09
Tea,25.81,26.2,5.12,1.0,1.45
Tea,37.67,69.93,14.94,1.0,1.25
Tea,21.87,42.72,13.28,1.0,1.31
Tea,24.32,88.16,2.48,1.0,1.04
Tea,19.88,82.46,1.85,1.0,1.04
Tea,15.83,23.42,9.74,1.0,1.37
Tea,21.5,82.4,7.63,1.0,1.05
Tea,39.09,24.98,0.56,1.0,1.58
Tea,33.59,71.61,7.79,1.0,1.21
Tea,15.52,62.26,10.07,1.0,1.13
Tea,30.45,64.36,0.17,1.0,1.24
Tea,20.39,30.45,3.7,1.0,1.37
Tea,23.59,50.37,4.67,1.0,1.27
Tea,31.5,51.84,8.52,1.0,1.33
Tea,37.49,27.35,8.2,1.0,1.55
Tea,37.14,83.5,0.26,1.0,1.16
Tea,30.8,50.06,9.93,1.0,1.33
Tea,30.79,65.8,4.42,1.0,1.23
Tea,26.77,86.8,14.3,1.0,1.06
Tea,36.64,41.17,9.78,1.0,1.44
Tea,29.66,32.7,10.09,1.0,1.44
Tea,18.77,29.54,1.3,1.0,1.36
Tea,36.03,70.72,1.33,1.0,1.24
Tea,27.23,71.3,5.48,1.0,1.17
Tea,28.73,47.27,4.06,1.0,1.34
Tea,19.49,20.82,13.4,1.0,1.42
Tea,24.55,28.53,7.05,1.0,1.42
Tea,20.51,82.71,3.94,1.0,1.05
Tea,26.39,84.51,14.08,1.0,1.07
Tea,16.37,71.83,6.22,1.0,1.08
Tea,24.22,35.34,12.97,1.0,1.37
Tea,31.43,86.43,9.72,1.0,1.1
Tea,22.37,29.31,7.48,1.0,1.4
Tea,37.35,44.69,4.9,1.0,1.43
Tobacco,32.46,63.74,13.89,1.0,1.26
Tobacco,25.22,33.87,0.23,1.0,1.39
Tobacco,16.74,40.84,11.52,1.0,1.27
Tobacco,39.41,89.11,3.04,1.0,1.13
Tobacco,29.28,67.9,0.82,1.0,1.2
Tobacco,25.74,76.13,8.85,1.0,1.12
Tobacco,23.39,52.32,6.33,1.0,1.26
Tobacco,25.63,78.09,1.28,1.0,1.11
Tobacco,30.05,47.05,6.11,1.0,1.35
Tobacco,22.68,69.63,3.84,1.0,1.14
Tobacco,35.79,24.92,9.79,1.0,1.55
Tobacco,21.95,71.61,9.68,1.0,1.13
Tobacco,26.43,41.92,11.93,1.0,1.35
Tobacco,36.43,46.88,3.09,1.0,1.4
Tobacco,22.74,35.05,5.0,1.0,1.36
Tobacco,22.75,55.88,12.61,1.0,1.23
Tobacco,21.4,70.15,2.75,1.0,1.13
Tobacco,24.54,83.63,11.42,1.0,1.07
Tobacco,20.77,20.97,11.55,1.0,1.43
Tobacco,21.69,89.49,14.48,1.0,1.01
Tobacco,24.61,64.36,11.96,1.0,1.19
Tobacco,36.24,61.65,3.42,1.0,1.3
Tobacco,25.76,85.89,12.62,1.0,1.06
Tobacco,34.14,34.38,3.44,1.0,1.47
Tobacco,35.82,68.68,10.2,1.0,1.25
Tobacco,24.62,29.99,0.29,1.0,1.41
Tobacco,25.05,52.21,9.57,1.0,1.27
Tobacco,30.8,54.13,13.33,1.0,1.31
Tobacco,29.1,84.93,2.09,1.0,1.09
Tobacco,19.41,65.21,8.54,1.0,1.15
Tobacco,27.84,69.96,14.34,1.0,1.18
Tobacco,15.62,83.4,7.36,1.0,1.01
Tobacco,26.44,22.14,2.43,1.0,1.48
Tobacco,33.57,64.86,4.35,1.0,1.26
Tobacco,31.96,47.94,7.6,1.0,1.36
Tobacco,17.97,68.54,11.78,1.0,1.11
Tobacco,38.53,75.23,11.88,1.0,1.22
Tobacco,22.22,41.63,10.12,1.0,1.32
Tobacco,31.79,61.48,3.89,1.0,1.27
Tobacco,26.37,40.76,1.61,1.0,1.36
Tobacco,25.7,45.35,2.21,1.0,1.32
Tobacco,26.32,49.18,5.67,1.0,1.3
Tobacco,29.57,23.3,13.81,1.0,1.5
Tobacco,16.9,63.46,6.29,1.0,1.14
Tobacco,39.91,34.28,9.63,1.0,1.52
Tobacco,30.92,83.38,1.33,1.0,1.11
Tobacco,29.5,81.78,6.39,1.0,1.11
Tobacco,30.01,20.83,2.4,1.0,1.52
Tobacco,23.29,61.27,12.75,1.0,1.2
Tobacco,25.42,25.82,1.89,1.0,1.45
Tomato,15.13,74.64,12.97,1.0,1.06
Tomato,26.11,34.39,7.42,1.0,1.4
Tomato,28.63,26.83,6.96,1.0,1.47
Tomato,29.81,44.79,4.03,1.0,1.36
Tomato,39.42,23.94,7.81,1.0,1.59
Tomato,19.81,67.09,7.64,1.0,1.14
Tomato,20.22,78.52,14.56,1.0,1.07
Tomato,29.24,32.04,0.86,1.0,1.44
Tomato,28.87,66.96,2.8,1.0,1.21
Tomato,21.85,46.51,1.97,1.0,1.28
Tomato,38.28,24.3,12.12,1.0,1.58
Tomato,16.79,53.52,5.26,1.0,1.2
Tomato,39.98,28.18,10.53,1.0,1.57
Tomato,36.31,83.66,2.41,1.0,1.15
Tomato,22.91,68.54,10.33,1.0,1.15
Tomato,19.24,49.56,14.45,1.0,1.24
Tomato,39.45,57.71,12.09,1.0,1.35
Tomato,31.58,36.92,9.16,1.0,1.43
Tomato,19.23,70.68,6.56,1.0,1.11
Tomato,17.81,35.96,2.88,1.0,1.31
Tomato,30.14,32.37,14.85,1.0,1.45
Tomato,29.26,87.79,11.64,1.0,1.07
Tomato,25.22,68.41,7.1,1.0,1.17
Tomato,26.23,30.49,8.61,1.0,1.42
Tomato,22.82,42.7,12.84,1.0,1.32
Tomato,28.67,41.26,13.83,1.0,1.37
Tomato,25.54,67.82,5.19,1.0,1.18
Tomato,30.47,49.54,12.44,1.0,1.34
Tomato,28.01,54.22,6.89,1.0,1.28
Tomato,33.31,71.18,7.15,1.0,1.21
Tomato,24.61,84.15,3.15,1.0,1.06
Tomato,22.23,70.2,9.35,1.0,1.14
Tomato,23.31,53.43,9.23,1.0,1.25
Tomato,27.67,26.89,13.59,1.0,1.46
Tomato,23.5,35.2,3.71,1.0,1.37
Tomato,26.97,63.06,1.82,1.0,1.22
Tomato,29.54,75.54,9.16,1.0,1.16
Tomato,37.32,40.49,11.52,1.0,1.46
Tomato,18.43,21.04,14.99,1.0,1.41
Tomato,26.39,59.88,11.71,1.0,1.23
Tomato,35.46,33.97,4.37,1.0,1.48
Tomato,29.38,83.34,14.34,1.0,1.1
Tomato,22.22,42.52,4.7,1.0,1.31
Tomato,23.51,88.5,1.19,1.0,1.03
Tomato,16.71,20.2,6.56,1.0,1.4
Tomato,24.03,25.77,6.13,1.0,1.43
Tomato,39.03,73.0,10.45,1.0,1.24
Tomato,34.94,44.04,2.55,1.0,1.41
Tomato,39.06,82.46,5.27,1.0,1.18
Tomato,17.14,51.75,1.77,1.0,1.21
Turmeric,29.24,76.0,0.17,1.0,1.15
Turmeric,16.59,43.44,6.89,1.0,1.26
Turmeric,30.81,36.02,10.22,1.0,1.43
Turmeric,21.25,26.68,9.99,1.0,1.4
Turmeric,30.81,82.62,14.39,1.0,1.12
Turmeric,21.38,40.91,6.38,1.0,1.31
Turmeric,39.16,21.58,5.24,1.0,1.6
Turmeric,21.14,28.77,11.79,1.0,1.39
Turmeric,25.19,76.31,2.44,1.0,1.12
Turmeric,35.24,81.07,9.15,1.0,1.16
Turmeric,29.62,44.04,14.9,1.0,1.36
Turmeric,26.84,71.18,0.12,1.0,1.16
Turmeric,32.67,32.06,10.64,1.0,1.47
Turmeric,15.45,51.67,8.63,1.0,1.2
Turmeric,22.86,80.29,1.17,1.0,1.08
Turmeric,33.62,20.05,2.83,1.0,1.56
Turmeric,17.98,24.17,10.79,1.0,1.39
Turmeric,37.05,67.03,2.55,1.0,1.27
Turmeric,15.16,69.09,3.9,1.0,1.09
Turmeric,37.51,33.7,10.14,1.0,1.5
Turmeric,16.15,69.24,1.28,1.0,1.1
Turmeric,37.56,89.29,2.07,1.0,1.12
Turmeric,30.74,26.82,13.44,1.0,1.49
Turmeric,18.06,88.42,3.02,1.0,0.99
Turmeric,17.43,55.12,6.49,1.0,1.19
Turmeric,20.8,24.76,12.25,1.0,1.41
Turmeric,30.8,69.61,13.68,1.0,1.2
Turmeric,37.82,84.75,2.66,1.0,1.15
Turmeric,24.08,74.28,5.82,1.0,1.12
Turmeric,36.94,39.69,8.58,1.0,1.46
Turmeric,35.73,59.66,13.07,1.0,1.31
Turmeric,31.06,44.56,5.02,1.0,1.37
Turmeric,17.71,22.58,10.85,1.0,1.39
Turmeric,17.57,47.61,14.22,1.0,1.24
Turmeric,39.09,69.31,1.49,1.0,1.27
Turmeric,38.32,45.51,14.58,1.0,1.43
Turmeric,33.8,69.76,4.15,1.0,1.23
Turmeric,15.55,87.31,14.67,1.0,0.98
Turmeric,22.28,66.72,5.98,1.0,1.16
Turmeric,24.49,76.29,12.63,1.0,1.11
Turmeric,33.08,56.48,1.48,1.0,1.31
Turmeric,31.62,59.74,5.95,1.0,1.28
Turmeric,15.55,81.54,10.27,1.0,1.02
Turmeric,23.43,67.03,6.9,1.0,1.17
Turmeric,32.04,83.98,1.87,1.0,1.12
Turmeric,20.29,27.55,6.17,1.0,1.39
Turmeric,25.68,57.16,9.78,1.0,1.25
Turmeric,28.53,79.66,9.09,1.0,1.12
Turmeric,17.23,69.45,2.4,1.0,1.1
Turmeric,30.46,83.33,12.33,1.0,1.11
Turnip,16.42,62.88,12.37,1.0,1.14
Turnip,33.18,35.54,2.16,1.0,1.45
Turnip,16.48,26.17,3.94,1.0,1.36
Turnip,19.18,70.22,5.72,1.0,1.11
Turnip,30.28,81.54,3.97,1.0,1.12
Turnip,20.07,28.75,5.63,1.0,1.38
Turnip,15.59,83.7,10.35,1.0,1.01
Turnip,20.38,55.04,4.31,1.0,1.22
Turnip,19.09,85.06,8.11,1.0,1.02
Turnip,15.22,71.55,4.06,1.0,1.08
Turnip,27.43,70.21,6.12,1.0,1.18
Turnip,30.92,57.26,4.85,1.0,1.29
Turnip,27.71,75.14,5.05,1.0,1.14
Turnip,28.64,59.49,5.39,1.0,1.25
Turnip,17.1,29.98,1.62,1.0,1.34
Turnip,26.57,37.18,4.9,1.0,1.38
Turnip,24.02,58.28,7.79,1.0,1.23
Turnip,35.16,84.04,11.65,1.0,1.14
Turnip,32.76,59.89,6.08,1.0,1.28
Turnip,36.56,34.99,10.47,1.0,1.49
Turnip,25.62,52.11,4.64,1.0,1.28
Turnip,19.18,76.02,7.94,1.0,1.08
Turnip,20.06,38.33,0.64,1.0,1.32
Turnip,29.99,77.47,0.18,1.0,1.15
Turnip,15.28,56.17,13.52,1.0,1.17
Turnip,20.59,67.05,1.26,1.0,1.14
Turnip,17.79,89.48,8.73,1.0,0.99
Turnip,20.15,40.72,13.52,1.0,1.3
Turnip,28.85,59.49,0.88,1.0,1.26
Turnip,36.84,50.88,9.34,1.0,1.38
Turnip,38.91,82.86,8.98,1.0,1.17
Turnip,34.28,78.37,1.93,1.0,1.17
Turnip,30.31,71.02,11.89,1.0,1.19
Turnip,18.84,73.97,0.79,1.0,1.09
Turnip,25.2,46.78,5.83,1.0,1.31
Turnip,23.0,71.63,13.56,1.0,1.13
Turnip,28.7,58.2,3.48,1.0,1.26
Turnip,33.61,44.45,1.56,1.0,1.4
Turnip,39.41,44.71,9.51,1.0,1.44
Turnip,23.77,25.56,2.73,1.0,1.43
Turnip,25.06,20.91,8.75,1.0,1.47
Turnip,34.83,27.7,3.6,1.0,1.52
Turnip,19.31,73.44,4.24,1.0,1.09
Turnip,21.01,72.9,0.8,1.0,1.11
Turnip,33.11,36.17,2.26,1.0,1.45
Turnip,21.9,37.33,9.84,1.0,1.34
Turnip,21.63,68.81,7.95,1.0,1.14
Turnip,25.92,64.65,12.42,1.0,1.2
Turnip,20.52,82.58,1.06,1.0,1.05
Turnip,39.69,47.87,13.47,1.0,1.42
Urad,20.73,70.92,11.2,1.0,1.12
Urad,20.51,84.44,4.53,1.0,1.03
Urad,16.92,75.85,13.82,1.0,1.06
Urad,15.52,38.86,0.72,1.0,1.28
Urad,24.75,45.05,9.28,1.0,1.32
Urad,34.79,37.15,3.0,1.0,1.46
Urad,39.07,70.71,8.79,1.0,1.26
Urad,19.31,40.18,3.0,1.0,1.3
Urad,32.48,59.61,9.39,1.0,1.28
Urad,30.68,50.46,3.84,1.0,1.33
Urad,30.72,27.25,9.06,1.0,1.49
Urad,21.3,29.85,0.52,1.0,1.38
Urad,37.78,51.47,6.57,1.0,1.38
Urad,23.56,30.54,7.79,1.0,1.4
Urad,37.81,40.7,7.02,1.0,1.46
Urad,33.2,62.15,8.89,1.0,1.27
Urad,30.27,32.62,10.49,1.0,1.45
Urad,33.33,21.77,6.49,1.0,1.55
Urad,15.62,66.04,3.58,1.0,1.11
Urad,35.0,30.55,13.65,1.0,1.5
Urad,20.83,63.08,6.12,1.0,1.17
Urad,34.79,49.58,7.88,1.0,1.37
Urad,15.14,57.54,12.61,1.0,1.16
Urad,31.02,42.88,5.75,1.0,1.38
Urad,25.45,35.69,9.3,1.0,1.38
Urad,28.16,57.01,14.42,1.0,1.27
Urad,32.62,71.02,5.36,1.0,1.21
Urad,17.81,57.57,8.27,1.0,1.18
Urad,29.93,29.77,7.05,1.0,1.46
Urad,30.03,25.01,14.25,1.0,1.49
Urad,19.79,48.86,0.7,1.0,1.25
Urad,18.21,65.99,3.59,1.0,1.13
Urad,28.48,78.87,3.3,1.0,1.13
Urad,28.24,64.67,1.41,1.0,1.22
Urad,33.04,22.5,7.17,1.0,1.54
Urad,25.76,63.72,13.47,1.0,1.2
Urad,23.41,33.12,7.98,1.0,1.38
Urad,19.34,41.21,5.16,1.0,1.29
Urad,24.08,30.45,13.78,1.0,1.4
Urad,29.92,71.52,6.94,1.0,1.18
Urad,38.74,63.21,14.9,1.0,1.31
Urad,28.53,75.59,2.77,1.0,1.15
Urad,18.58,34.25,12.63,1.0,1.33
Urad,22.52,35.48,11.66,1.0,1.36
Urad,37.56,76.61,9.36,1.0,1.21
Urad,31.09,77.77,4.16,1.0,1.15
Urad,34.33,26.32,9.96,1.0,1.53
Urad,37.77,79.01,11.34,1.0,1.19
Urad,36.56,40.07,1.5,1.0,1.45
Urad,39.13,64.9,11.83,1.0,1.3
Walnut,34.71,40.23,14.31,1.0,1.43
Walnut,39.4,89.11,3.17,1.0,1.13
Walnut,23.77,48.92,9.46,1.0,1.28
Walnut,27.5,73.06,5.41,1.0,1.16
Walnut,37.91,28.52,1.1,1.0,1.54
Walnut,19.6,30.18,6.09,1.0,1.37
Walnut,37.75,42.05,3.63,1.0,1.45
Walnut,25.87,40.24,9.84,1.0,1.36
Walnut,25.64,46.3,14.6,1.0,1.32
Walnut,31.23,59.52,10.37,1.0,1.27
Walnut,21.98,46.69,12.15,1.0,1.28
Walnut,24.7,67.41,5.89,1.0,1.17
Walnut,16.17,33.6,2.69,1.0,1.31
Walnut,21.95,51.2,9.91,1.0,1.25
Walnut,15.11,36.13,6.19,1.0,1.29
Walnut,24.28,28.39,2.76,1.0,1.42
Walnut,21.69,79.25,8.04,1.0,1.08
Walnut,15.12,37.88,2.6,1.0,1.28
Walnut,25.99,84.9,0.75,1.0,1.07
Walnut,39.51,82.44,9.76,1.0,1.18
Walnut,25.46,41.97,2.48,1.0,1.34
Walnut,24.83,42.76,2.74,1.0,1.33
Walnut,23.15,24.88,0.93,1.0,1.43
Walnut,15.22,25.49,14.06,1.0,1.35
Walnut,35.18,57.45,8.15,1.0,1.32
Walnut,30.43,28.56,1.0,1.0,1.47
Walnut,31.7,49.04,2.15,1.0,1.35
Walnut,38.34,43.93,8.79,1.0,1.44
Walnut,38.94,85.68,13.01,1.0,1.15
Walnut,18.5,78.02,5.1,1.0,1.06
Walnut,18.97,80.34,0.64,1.0,1.05
Walnut,22.87,88.79,12.5,1.0,1.02
Walnut,19.38,23.36,6.96,1.0,1.41
Walnut,31.25,77.52,14.02,1.0,1.15
Walnut,15.22,79.39,11.43,1.0,1.03
Walnut,23.66,30.14,7.69,1.0,1.4
Walnut,23.41,55.21,9.5,1.0,1.24
Walnut,24.47,53.31,1.78,1.0,1.26
Walnut,19.65,21.23,8.19,1.0,1.42
Walnut,25.6,32.47,14.11,1.0,1.41
Walnut,18.49,40.33,9.82,1.0,1.29
Walnut,36.87,85.18,12.68,1.0,1.14
Walnut,38.5,69.74,14.38,1.0,1.26
Walnut,20.65,28.27,6.54,1.0,1.39
Walnut,32.32,83.83,3.81,1.0,1.12
Walnut,37.19,22.14,11.87,1.0,1.58
Walnut,25.57,50.0,6.87,1.0,1.29
Walnut,23.72,63.27,12.6,1.0,1.19
Walnut,21.45,28.71,3.38,1.0,1.39
Walnut,29.31,62.05,10.22,1.0,1.24
Watermelon,21.94,64.44,0.03,1.0,1.17
Watermelon,27.75,42.9,13.53,1.0,1.36
Watermelon,16.65,64.54,12.66,1.0,1.13
Watermelon,31.4,23.34,14.32,1.0,1.52
Watermelon,24.34,64.32,13.54,1.0,1.19
Watermelon,35.12,48.34,1.45,1.0,1.38
Watermelon,21.05,37.5,11.63,1.0,1.33
Watermelon,31.84,83.45,0.31,1.0,1.12
Watermelon,35.6,70.3,11.94,1.0,1.24
Watermelon,24.64,67.35,1.31,1.0,1.17
Watermelon,20.01,55.26,2.54,1.0,1.21
Watermelon,38.95,54.54,10.1,1.0,1.37
Watermelon,32.03,73.87,6.3,1.0,1.18
Watermelon,29.22,57.52,1.89,1.0,1.27
Watermelon,30.81,46.53,11.2,1.0,1.36
Watermelon,22.75,62.3,12.66,1.0,1.19
Watermelon,22.77,83.33,12.67,1.0,1.06
Watermelon,36.51,55.41,0.37,1.0,1.34
Watermelon,16.68,75.73,13.48,1.0,1.06
Watermelon,36.16,43.81,3.81,1.0,1.42
Watermelon,30.78,55.32,10.63,1.0,1.3
Watermelon,19.21,65.78,3.88,1.0,1.14
Watermelon,15.41,77.14,1.24,1.0,1.04
Watermelon,23.3,31.58,9.55,1.0,1.39
Watermelon,30.65,32.79,11.41,1.0,1.45
Watermelon,17.87,77.04,3.94,1.0,1.06
Watermelon,30.9,76.12,14.61,1.0,1.16
Watermelon,39.54,57.65,4.54,1.0,1.35
Watermelon,28.81,49.29,9.3,1.0,1.32
Watermelon,30.08,20.73,3.21,1.0,1.52
Watermelon,32.74,82.96,2.96,1.0,1.13
Watermelon,32.75,44.3,6.76,1.0,1.39
Watermelon,25.36,60.69,10.34,1.0,1.22
Watermelon,38.92,86.07,11.66,1.0,1.15
Watermelon,37.98,27.67,3.21,1.0,1.55
Watermelon,18.56,70.8,4.72,1.0,1.11
Watermelon,35.19,67.98,8.89,1.0,1.25
Watermelon,26.33,77.77,0.32,1.0,1.12
Watermelon,38.46,48.48,11.23,1.0,1.41
Watermelon,34.33,85.13,0.62,1.0,1.12
Watermelon,21.6,23.08,4.12,1.0,1.43
Watermelon,25.12,35.94,10.49,1.0,1.38
Watermelon,27.73,45.26,3.99,1.0,1.34
Watermelon,30.35,76.75,11.85,1.0,1.15
Watermelon,33.69,88.76,10.08,1.0,1.1
Watermelon,38.71,82.54,8.25,1.0,1.17
Watermelon,17.37,31.57,5.29,1.0,1.34
Watermelon,23.09,34.26,1.27,1.0,1.37
Watermelon,33.04,38.55,9.0,1.0,1.43
Watermelon,19.73,73.11,1.63,1.0,1.1
Wheat,22.57,22.66,6.42,1.0,1.44
Wheat,17.38,23.07,7.15,1.0,1.39
Wheat,36.58,76.54,1.19,1.0,1.2
Wheat,15.63,28.4,8.02,1.0,1.34
Wheat,31.65,63.95,14.85,1.0,1.25
Wheat,24.88,34.67,9.85,1.0,1.38
Wheat,32.85,55.08,14.08,1.0,1.32
Wheat,38.89,85.12,3.31,1.0,1.16
Wheat,27.63,61.14,1.77,1.0,1.24
Wheat,30.45,37.01,6.47,1.0,1.42
Wheat,26.07,61.46,10.04,1.0,1.22
Wheat,25.66,84.28,12.66,1.0,1.07
Wheat,26.9,80.75,6.44,1.0,1.1
Wheat,19.32,32.98,8.94,1.0,1.35
Wheat,19.99,77.71,7.05,1.0,1.07
Wheat,36.17,70.74,2.27,1.0,1.24
Wheat,29.12,58.71,11.18,1.0,1.26
Wheat,19.52,59.6,14.42,1.0,1.18
Wheat,26.33,75.3,3.86,1.0,1.13
Wheat,28.39,24.41,6.93,1.0,1.48
Wheat,37.05,24.57,4.67,1.0,1.56
Wheat,16.7,28.9,6.12,1.0,1.35
Wheat,28.62,78.63,6.66,1.0,1.13
Wheat,23.74,32.34,14.17,1.0,1.39
Wheat,25.85,30.8,7.29,1.0,1.42
Wheat,32.75,43.25,5.3,1.0,1.4
Wheat,39.93,66.56,11.79,1.0,1.29
Wheat,29.66,20.31,14.86,1.0,1.52
Wheat,37.09,33.07,6.5,1.0,1.5
Wheat,23.87,48.48,9.99,1.0,1.29
Wheat,32.83,87.17,1.72,1.0,1.1
Wheat,19.77,85.77,6.91,1.0,1.02
Wheat,16.31,74.78,1.75,1.0,1.06
Wheat,39.8,24.28,2.52,1.0,1.59
Wheat,38.08,67.83,1.73,1.0,1.27
Wheat,39.89,67.53,13.09,1.0,1.29
Wheat,38.06,76.67,5.52,1.0,1.21
Wheat,20.5,42.13,0.78,1.0,1.3
Wheat,32.82,62.2,3.21,1.0,1.27
Wheat,15.91,40.22,12.3,1.0,1.27
Wheat,36.09,69.54,13.64,1.0,1.24
Wheat,19.96,35.25,4.66,1.0,1.34
Wheat,22.05,46.76,7.67,1.0,1.28
Wheat,28.05,85.72,13.38,1.0,1.08
Wheat,29.82,87.86,11.25,1.0,1.08
Wheat,25.28,20.35,11.15,1.0,1.48
Wheat,21.74,70.53,4.27,1.0,1.13
Wheat,27.91,30.28,11.44,1.0,1.44
Wheat,33.48,77.06,2.42,1.0,1.17
Wheat,32.2,72.4,3.96,1.0,1.2
